,unit_id,brain_area,location,n_bursts,burst_rate,total_spikes_in_bursts,mean_burst_size,total_spikes,burst_fraction,rest_duration,bin
0,3,Other,AMd,40,0.18488142329483734,138,3.45,2622,0.05263157894736842,216.35489000001098,baseline_0-5
1,4,Other,AMd,48,0.2218577079538048,170,3.5416666666666665,1527,0.11132940406024885,216.35489000001098,baseline_0-5
2,9,Other,AMd,49,0.22647974353617573,164,3.3469387755102042,1533,0.10697977821265492,216.35489000001098,baseline_0-5
3,10,Other,AMd,91,0.42060523799575494,313,3.4395604395604398,595,0.5260504201680672,216.35489000001098,baseline_0-5
4,12,Other,AMd,74,0.34203063309544907,266,3.5945945945945947,1485,0.17912457912457913,216.35489000001098,baseline_0-5
5,13,Other,AMd,33,0.1525271742182408,124,3.757575757575758,3228,0.03841387856257745,216.35489000001098,baseline_0-5
6,14,Other,AMd,67,0.30967638401885256,221,3.298507462686567,952,0.23214285714285715,216.35489000001098,baseline_0-5
7,16,Other,AMd,50,0.23110177911854668,181,3.62,1036,0.17471042471042472,216.35489000001098,baseline_0-5
8,20,Other,AMd,83,0.3836289533367875,293,3.5301204819277108,1188,0.24663299663299662,216.35489000001098,baseline_0-5
9,21,Other,AMd,111,0.5130459496431736,456,4.108108108108108,2211,0.2062415196743555,216.35489000001098,baseline_0-5
10,23,Other,AMd,8,0.03697628465896747,26,3.25,2708,0.009601181683899557,216.35489000001098,baseline_0-5
11,24,Other,AMd,36,0.1663932809653536,124,3.4444444444444446,1871,0.06627471940138963,216.35489000001098,baseline_0-5
12,26,Other,AMd,118,0.5454001987197702,404,3.4237288135593222,1711,0.23611922852133255,216.35489000001098,baseline_0-5
13,28,Other,AMd,87,0.4021170956662712,310,3.5632183908045976,854,0.3629976580796253,216.35489000001098,baseline_0-5
14,29,Other,AMd,83,0.3836289533367875,278,3.3493975903614457,1215,0.2288065843621399,216.35489000001098,baseline_0-5
15,30,Other,AMd,81,0.37438488217204563,322,3.9753086419753085,1147,0.2807323452484743,216.35489000001098,baseline_0-5
16,33,Other,AMd,31,0.14328310305349892,99,3.193548387096774,1354,0.07311669128508123,216.35489000001098,baseline_0-5
17,34,Other,AMd,37,0.17101531654772453,125,3.3783783783783785,1159,0.10785159620362382,216.35489000001098,baseline_0-5
18,36,Other,AMd,96,0.4437154159076096,350,3.6458333333333335,3527,0.09923447689254324,216.35489000001098,baseline_0-5
19,38,Other,AMd,29,0.13403903188875707,97,3.3448275862068964,1777,0.05458638154192459,216.35489000001098,baseline_0-5
20,42,Other,AMd,28,0.12941699630638615,97,3.4642857142857144,1922,0.050468262226847034,216.35489000001098,baseline_0-5
21,44,Other,AMd,73,0.3374085975130781,256,3.506849315068493,1746,0.1466208476517755,216.35489000001098,baseline_0-5
22,45,Other,AMd,72,0.3327865619307072,257,3.5694444444444446,1692,0.15189125295508274,216.35489000001098,baseline_0-5
23,46,Other,AMd,79,0.3651408110073037,320,4.050632911392405,903,0.35437430786268,216.35489000001098,baseline_0-5
24,48,Other,AMd,66,0.3050543484364816,232,3.515151515151515,914,0.2538293216630197,216.35489000001098,baseline_0-5
25,49,Other,AMd,58,0.26807806377751414,211,3.6379310344827585,1844,0.11442516268980477,216.35489000001098,baseline_0-5
26,54,Other,AMd,12,0.0554644269884512,37,3.0833333333333335,901,0.041065482796892344,216.35489000001098,baseline_0-5
27,58,Other,AMd,54,0.2495899214480304,166,3.074074074074074,887,0.1871476888387824,216.35489000001098,baseline_0-5
28,61,Other,AMd,88,0.40673913124864214,310,3.522727272727273,1878,0.1650692225772098,216.35489000001098,baseline_0-5
29,62,Other,AMd,43,0.19874753004195014,137,3.186046511627907,390,0.35128205128205126,216.35489000001098,baseline_0-5
30,63,Other,AMd,106,0.48993577173131897,381,3.5943396226415096,832,0.4579326923076923,216.35489000001098,baseline_0-5
31,69,Other,AMd,85,0.39287302450152933,276,3.2470588235294118,707,0.39038189533239037,216.35489000001098,baseline_0-5
32,74,Other,AD,123,0.5685103766316248,447,3.6341463414634148,1409,0.31724627395315824,216.35489000001098,baseline_0-5
33,97,Other,AD,4,0.018488142329483735,21,5.25,450,0.04666666666666667,216.35489000001098,baseline_0-5
34,98,Other,AD,10,0.046220355823709335,32,3.2,900,0.035555555555555556,216.35489000001098,baseline_0-5
35,102,Other,cing,23,0.10630681839453147,143,6.217391304347826,1929,0.07413167444271643,216.35489000001098,baseline_0-5
36,103,Motor,MOp6a,1,0.004622035582370934,3,3.0,333,0.009009009009009009,216.35489000001098,baseline_0-5
37,104,Motor,MOp6a,0,0.0,0,0.0,518,0.0,216.35489000001098,baseline_0-5
38,105,Motor,MOp6a,23,0.10630681839453147,129,5.608695652173913,2109,0.06116642958748222,216.35489000001098,baseline_0-5
39,108,Motor,MOp6a,1,0.004622035582370934,5,5.0,1644,0.0030413625304136255,216.35489000001098,baseline_0-5
40,117,Motor,MOp6a,0,0.0,0,0.0,914,0.0,216.35489000001098,baseline_0-5
41,122,Motor,MOp5,3,0.0138661067471128,10,3.3333333333333335,56,0.17857142857142858,216.35489000001098,baseline_0-5
42,124,Motor,MOp5,0,0.0,0,0.0,24,0.0,216.35489000001098,baseline_0-5
43,126,Motor,MOp5,0,0.0,0,0.0,225,0.0,216.35489000001098,baseline_0-5
44,127,Motor,MOp5,0,0.0,0,0.0,161,0.0,216.35489000001098,baseline_0-5
45,128,Motor,MOp5,1,0.004622035582370934,3,3.0,175,0.017142857142857144,216.35489000001098,baseline_0-5
46,131,Motor,MOp5,0,0.0,0,0.0,320,0.0,216.35489000001098,baseline_0-5
47,137,Motor,MOp5,3,0.0138661067471128,11,3.6666666666666665,242,0.045454545454545456,216.35489000001098,baseline_0-5
48,139,Motor,MOp5,1,0.004622035582370934,4,4.0,603,0.006633499170812604,216.35489000001098,baseline_0-5
49,141,Motor,MOp5,4,0.018488142329483735,14,3.5,2211,0.006331976481230212,216.35489000001098,baseline_0-5
50,145,Motor,MOp5,0,0.0,0,0.0,188,0.0,216.35489000001098,baseline_0-5
51,146,Motor,MOp5,2,0.009244071164741867,6,3.0,2400,0.0025,216.35489000001098,baseline_0-5
52,150,Motor,MOp5,0,0.0,0,0.0,40,0.0,216.35489000001098,baseline_0-5
53,151,Motor,MOp5,9,0.0415983202413384,30,3.3333333333333335,2023,0.014829461196243203,216.35489000001098,baseline_0-5
54,152,Motor,MOp5,0,0.0,0,0.0,675,0.0,216.35489000001098,baseline_0-5
55,153,Motor,MOp5,0,0.0,0,0.0,6,0.0,216.35489000001098,baseline_0-5
56,154,Motor,MOp5,0,0.0,0,0.0,1516,0.0,216.35489000001098,baseline_0-5
57,155,Motor,MOp5,0,0.0,0,0.0,24,0.0,216.35489000001098,baseline_0-5
58,157,Motor,MOp5,0,0.0,0,0.0,156,0.0,216.35489000001098,baseline_0-5
59,161,Motor,MOp5,0,0.0,0,0.0,449,0.0,216.35489000001098,baseline_0-5
60,164,Motor,MOp2/3,0,0.0,0,0.0,77,0.0,216.35489000001098,baseline_0-5
61,167,Other,RSPagl2/3,0,0.0,0,0.0,1425,0.0,216.35489000001098,baseline_0-5
62,174,Other,RSPagl2/3,0,0.0,0,0.0,105,0.0,216.35489000001098,baseline_0-5
63,178,Other,RSPagl2/3,1,0.004622035582370934,3,3.0,310,0.00967741935483871,216.35489000001098,baseline_0-5
64,182,Somatosensory,SSp-tr2/3,1,0.004622035582370934,3,3.0,177,0.01694915254237288,216.35489000001098,baseline_0-5
65,186,Somatosensory,SSp-tr2/3,0,0.0,0,0.0,1402,0.0,216.35489000001098,baseline_0-5
66,188,Somatosensory,SSp-tr2/3,0,0.0,0,0.0,333,0.0,216.35489000001098,baseline_0-5
67,192,Somatosensory,SSp-tr2/3,0,0.0,0,0.0,19,0.0,216.35489000001098,baseline_0-5
68,193,Somatosensory,SSp-tr2/3,0,0.0,0,0.0,120,0.0,216.35489000001098,baseline_0-5
69,197,Somatosensory,SSp-tr2/3,1,0.004622035582370934,3,3.0,843,0.0035587188612099642,216.35489000001098,baseline_0-5
70,204,Somatosensory,SSp-tr1,0,0.0,0,0.0,18,0.0,216.35489000001098,baseline_0-5
71,205,Other,AMd,90,0.415983202413384,341,3.7888888888888888,599,0.5692821368948247,216.35489000001098,baseline_0-5
72,206,Other,AD,65,0.30043231285411065,217,3.3384615384615386,587,0.3696763202725724,216.35489000001098,baseline_0-5
73,210,Motor,MOp6a,0,0.0,0,0.0,93,0.0,216.35489000001098,baseline_0-5
74,211,Motor,MOp6a,23,0.10630681839453147,110,4.782608695652174,1702,0.06462984723854288,216.35489000001098,baseline_0-5
75,213,Motor,MOp5,0,0.0,0,0.0,4,0.0,216.35489000001098,baseline_0-5
76,216,Motor,MOp5,0,0.0,0,0.0,71,0.0,216.35489000001098,baseline_0-5
77,217,Motor,MOp5,0,0.0,0,0.0,6,0.0,216.35489000001098,baseline_0-5
78,218,Motor,MOp5,0,0.0,0,0.0,613,0.0,216.35489000001098,baseline_0-5
79,219,Motor,MOp5,4,0.018488142329483735,15,3.75,105,0.14285714285714285,216.35489000001098,baseline_0-5
80,221,Motor,MOp5,1,0.004622035582370934,3,3.0,320,0.009375,216.35489000001098,baseline_0-5
81,223,Motor,MOp5,1,0.004622035582370934,3,3.0,44,0.06818181818181818,216.35489000001098,baseline_0-5
82,226,Motor,MOp5,0,0.0,0,0.0,30,0.0,216.35489000001098,baseline_0-5
83,227,Motor,MOp5,0,0.0,0,0.0,0,0.0,216.35489000001098,baseline_0-5
84,230,Other,RSPagl2/3,0,0.0,0,0.0,0,0.0,216.35489000001098,baseline_0-5
85,232,Somatosensory,SSp-tr2/3,0,0.0,0,0.0,60,0.0,216.35489000001098,baseline_0-5
86,233,Somatosensory,SSp-tr2/3,0,0.0,0,0.0,14,0.0,216.35489000001098,baseline_0-5
87,234,Somatosensory,SSp-tr2/3,0,0.0,0,0.0,22,0.0,216.35489000001098,baseline_0-5
88,238,Somatosensory,SSp-tr1,0,0.0,0,0.0,9,0.0,216.35489000001098,baseline_0-5
89,242,Motor,MOp2/3,0,0.0,0,0.0,44,0.0,216.35489000001098,baseline_0-5
90,243,Other,RSPagl2/3,0,0.0,0,0.0,34,0.0,216.35489000001098,baseline_0-5
91,244,Somatosensory,SSp-tr1,0,0.0,0,0.0,15,0.0,216.35489000001098,baseline_0-5
92,247,Motor,MOp5,0,0.0,0,0.0,23,0.0,216.35489000001098,baseline_0-5
93,248,Motor,MOp2/3,0,0.0,0,0.0,127,0.0,216.35489000001098,baseline_0-5
94,249,Somatosensory,SSp-tr2/3,0,0.0,0,0.0,9,0.0,216.35489000001098,baseline_0-5
95,250,Somatosensory,SSp-tr1,0,0.0,0,0.0,14,0.0,216.35489000001098,baseline_0-5
96,252,Other,SPFp,0,0.0,0,0.0,11,0.0,216.35489000001098,baseline_0-5
97,266,Other,SPFp,89,0.4113611668310131,329,3.696629213483146,575,0.5721739130434783,216.35489000001098,baseline_0-5
98,272,Other,PoT,152,0.7025494085203818,514,3.3815789473684212,709,0.7249647390691114,216.35489000001098,baseline_0-5
99,279,Other,PoT,0,0.0,0,0.0,81,0.0,216.35489000001098,baseline_0-5
100,281,Other,PoT,1,0.004622035582370934,3,3.0,63,0.047619047619047616,216.35489000001098,baseline_0-5
101,286,Other,PoT,46,0.21261363678906295,204,4.434782608695652,330,0.6181818181818182,216.35489000001098,baseline_0-5
102,291,Other,PoT,103,0.47606966498420616,435,4.223300970873787,1139,0.38191395961369623,216.35489000001098,baseline_0-5
103,292,Other,PoT,89,0.4113611668310131,328,3.6853932584269664,581,0.5645438898450946,216.35489000001098,baseline_0-5
104,296,Other,PoT,82,0.37900691775441653,327,3.9878048780487805,712,0.4592696629213483,216.35489000001098,baseline_0-5
105,298,Other,PoT,101,0.46682559381946426,376,3.722772277227723,1145,0.32838427947598253,216.35489000001098,baseline_0-5
106,299,Other,PoT,6,0.0277322134942256,21,3.5,279,0.07526881720430108,216.35489000001098,baseline_0-5
107,302,Other,PoT,45,0.207991601206692,166,3.688888888888889,460,0.36086956521739133,216.35489000001098,baseline_0-5
108,304,Other,PoT,135,0.623974803620076,589,4.362962962962963,825,0.713939393939394,216.35489000001098,baseline_0-5
109,306,Other,PoT,55,0.25421195703040134,195,3.5454545454545454,266,0.7330827067669173,216.35489000001098,baseline_0-5
110,307,Other,PoT,74,0.34203063309544907,286,3.864864864864865,389,0.7352185089974294,216.35489000001098,baseline_0-5
111,310,Other,PoT,0,0.0,0,0.0,46,0.0,216.35489000001098,baseline_0-5
112,316,Other,PoT,38,0.17563735213009546,139,3.6578947368421053,669,0.2077727952167414,216.35489000001098,baseline_0-5
113,317,Other,PoT,106,0.48993577173131897,386,3.641509433962264,1757,0.21969265793966988,216.35489000001098,baseline_0-5
114,321,Other,PoT,70,0.32354249076596536,253,3.6142857142857143,463,0.5464362850971922,216.35489000001098,baseline_0-5
115,325,Other,PoT,87,0.4021170956662712,328,3.7701149425287355,1280,0.25625,216.35489000001098,baseline_0-5
116,328,Other,PoT,6,0.0277322134942256,21,3.5,439,0.04783599088838269,216.35489000001098,baseline_0-5
117,330,Other,PoT,7,0.032354249076596536,24,3.4285714285714284,2203,0.010894235133908307,216.35489000001098,baseline_0-5
118,331,Other,PoT,107,0.49455780731368987,407,3.803738317757009,1710,0.23801169590643276,216.35489000001098,baseline_0-5
119,333,Other,PoT,41,0.18950345887720826,154,3.7560975609756095,321,0.4797507788161994,216.35489000001098,baseline_0-5
120,334,Other,PoT,50,0.23110177911854668,229,4.58,789,0.2902408111533587,216.35489000001098,baseline_0-5
121,338,Other,PoT,12,0.0554644269884512,41,3.4166666666666665,1126,0.03641207815275311,216.35489000001098,baseline_0-5
122,340,Other,PoT,15,0.069330533735564,59,3.933333333333333,242,0.24380165289256198,216.35489000001098,baseline_0-5
123,341,Other,PoT,5,0.023110177911854667,15,3.0,72,0.20833333333333334,216.35489000001098,baseline_0-5
124,344,Other,PoT,20,0.09244071164741867,76,3.8,922,0.0824295010845987,216.35489000001098,baseline_0-5
125,347,Other,PoT,2,0.009244071164741867,7,3.5,374,0.01871657754010695,216.35489000001098,baseline_0-5
126,350,Other,PoT,12,0.0554644269884512,47,3.9166666666666665,168,0.27976190476190477,216.35489000001098,baseline_0-5
127,352,Other,PoT,0,0.0,0,0.0,91,0.0,216.35489000001098,baseline_0-5
128,355,Other,PoT,9,0.0415983202413384,31,3.4444444444444446,477,0.0649895178197065,216.35489000001098,baseline_0-5
129,361,Other,PoT,11,0.05084239140608027,53,4.818181818181818,1464,0.036202185792349725,216.35489000001098,baseline_0-5
130,362,Other,PoT,38,0.17563735213009546,168,4.421052631578948,983,0.17090539165818922,216.35489000001098,baseline_0-5
131,367,Other,PoT,50,0.23110177911854668,232,4.64,1399,0.1658327376697641,216.35489000001098,baseline_0-5
132,368,Other,PoT,19,0.08781867606504773,72,3.789473684210526,258,0.27906976744186046,216.35489000001098,baseline_0-5
133,369,Other,PoT,0,0.0,0,0.0,23,0.0,216.35489000001098,baseline_0-5
134,372,Other,PoT,10,0.046220355823709335,41,4.1,985,0.0416243654822335,216.35489000001098,baseline_0-5
135,381,Other,PoT,31,0.14328310305349892,132,4.258064516129032,366,0.36065573770491804,216.35489000001098,baseline_0-5
136,382,Other,PoT,5,0.023110177911854667,17,3.4,78,0.21794871794871795,216.35489000001098,baseline_0-5
137,385,Other,PoT,0,0.0,0,0.0,9,0.0,216.35489000001098,baseline_0-5
138,388,Other,PoT,41,0.18950345887720826,320,7.804878048780488,4281,0.07474889044615744,216.35489000001098,baseline_0-5
139,392,Other,PoT,29,0.13403903188875707,98,3.3793103448275863,492,0.1991869918699187,216.35489000001098,baseline_0-5
140,394,Other,PoT,18,0.0831966404826768,65,3.611111111111111,898,0.07238307349665925,216.35489000001098,baseline_0-5
141,396,Other,PoT,10,0.046220355823709335,37,3.7,469,0.07889125799573561,216.35489000001098,baseline_0-5
142,404,Other,PoT,50,0.23110177911854668,220,4.4,372,0.5913978494623656,216.35489000001098,baseline_0-5
143,405,Other,PoT,44,0.20336956562432107,184,4.181818181818182,619,0.2972536348949919,216.35489000001098,baseline_0-5
144,406,Other,PoT,59,0.2727000993598851,223,3.7796610169491527,789,0.2826362484157161,216.35489000001098,baseline_0-5
145,408,Other,PoT,114,0.5269120563902864,492,4.315789473684211,736,0.6684782608695652,216.35489000001098,baseline_0-5
146,412,Other,PoT,32,0.14790513863586988,126,3.9375,733,0.17189631650750342,216.35489000001098,baseline_0-5
147,414,Other,PoT,12,0.0554644269884512,47,3.9166666666666665,119,0.3949579831932773,216.35489000001098,baseline_0-5
148,415,Other,PoT,37,0.17101531654772453,145,3.918918918918919,399,0.3634085213032581,216.35489000001098,baseline_0-5
149,417,Other,PoT,57,0.2634560281951432,204,3.5789473684210527,333,0.6126126126126126,216.35489000001098,baseline_0-5
150,418,Other,PoT,24,0.1109288539769024,80,3.3333333333333335,415,0.1927710843373494,216.35489000001098,baseline_0-5
151,419,Other,PoT,52,0.24034585028328853,177,3.4038461538461537,389,0.455012853470437,216.35489000001098,baseline_0-5
152,421,Other,PoT,60,0.277322134942256,238,3.966666666666667,556,0.42805755395683454,216.35489000001098,baseline_0-5
153,422,Other,PoT,42,0.1941254944595792,162,3.857142857142857,673,0.24071322436849926,216.35489000001098,baseline_0-5
154,425,Other,PoT,46,0.21261363678906295,174,3.782608695652174,272,0.6397058823529411,216.35489000001098,baseline_0-5
155,428,Other,PoT,25,0.11555088955927334,97,3.88,1983,0.04891578416540595,216.35489000001098,baseline_0-5
156,429,Other,PoT,68,0.31429841960122346,269,3.9558823529411766,472,0.5699152542372882,216.35489000001098,baseline_0-5
157,430,Other,PoT,29,0.13403903188875707,115,3.9655172413793105,433,0.26558891454965355,216.35489000001098,baseline_0-5
158,433,Other,PoT,67,0.30967638401885256,281,4.1940298507462686,521,0.5393474088291746,216.35489000001098,baseline_0-5
159,434,Other,PoT,37,0.17101531654772453,142,3.8378378378378377,261,0.5440613026819924,216.35489000001098,baseline_0-5
160,435,Other,PoT,43,0.19874753004195014,161,3.744186046511628,215,0.7488372093023256,216.35489000001098,baseline_0-5
161,437,Other,PoT,51,0.2357238147009176,204,4.0,308,0.6623376623376623,216.35489000001098,baseline_0-5
162,438,Other,PoT,41,0.18950345887720826,164,4.0,219,0.7488584474885844,216.35489000001098,baseline_0-5
163,440,Other,SGN,73,0.3374085975130781,287,3.9315068493150687,624,0.4599358974358974,216.35489000001098,baseline_0-5
164,443,Other,PoT,60,0.277322134942256,250,4.166666666666667,681,0.3671071953010279,216.35489000001098,baseline_0-5
165,445,Other,SGN,113,0.5222900208079154,458,4.053097345132743,940,0.48723404255319147,216.35489000001098,baseline_0-5
166,446,Other,SGN,64,0.29581027727173975,254,3.96875,330,0.7696969696969697,216.35489000001098,baseline_0-5
167,447,Other,SGN,58,0.26807806377751414,227,3.913793103448276,299,0.7591973244147158,216.35489000001098,baseline_0-5
168,448,Other,SGN,60,0.277322134942256,221,3.683333333333333,454,0.486784140969163,216.35489000001098,baseline_0-5
169,450,Other,SGN,79,0.3651408110073037,302,3.8227848101265822,406,0.7438423645320197,216.35489000001098,baseline_0-5
170,451,Other,SGN,106,0.48993577173131897,485,4.5754716981132075,1568,0.3093112244897959,216.35489000001098,baseline_0-5
171,453,Other,SGN,82,0.37900691775441653,335,4.085365853658536,728,0.46016483516483514,216.35489000001098,baseline_0-5
172,457,Other,SGN,59,0.2727000993598851,210,3.559322033898305,655,0.32061068702290074,216.35489000001098,baseline_0-5
173,458,Other,SGN,2,0.009244071164741867,6,3.0,117,0.05128205128205128,216.35489000001098,baseline_0-5
174,463,Other,SGN,36,0.1663932809653536,137,3.8055555555555554,260,0.5269230769230769,216.35489000001098,baseline_0-5
175,465,Other,SGN,128,0.5916205545434795,510,3.984375,691,0.7380607814761215,216.35489000001098,baseline_0-5
176,471,Other,SGN,122,0.5638883410492539,593,4.860655737704918,895,0.6625698324022347,216.35489000001098,baseline_0-5
177,492,Other,DG-sg,8,0.03697628465896747,33,4.125,390,0.08461538461538462,216.35489000001098,baseline_0-5
178,495,Other,DG-sg,0,0.0,0,0.0,20,0.0,216.35489000001098,baseline_0-5
179,496,Other,DG-sg,6,0.0277322134942256,24,4.0,618,0.038834951456310676,216.35489000001098,baseline_0-5
180,498,Other,DG-sg,0,0.0,0,0.0,220,0.0,216.35489000001098,baseline_0-5
181,500,Other,DG-sg,2,0.009244071164741867,6,3.0,135,0.044444444444444446,216.35489000001098,baseline_0-5
182,501,Other,DG-sg,0,0.0,0,0.0,1347,0.0,216.35489000001098,baseline_0-5
183,504,Other,DG-po,0,0.0,0,0.0,131,0.0,216.35489000001098,baseline_0-5
184,505,Other,DG-po,35,0.16177124538298268,121,3.4571428571428573,1475,0.08203389830508474,216.35489000001098,baseline_0-5
185,506,Other,DG-po,0,0.0,0,0.0,63,0.0,216.35489000001098,baseline_0-5
186,507,Other,DG-po,1,0.004622035582370934,4,4.0,1474,0.0027137042062415195,216.35489000001098,baseline_0-5
187,511,Other,DG-po,0,0.0,0,0.0,1855,0.0,216.35489000001098,baseline_0-5
188,513,Other,DG-po,1,0.004622035582370934,3,3.0,1533,0.0019569471624266144,216.35489000001098,baseline_0-5
189,538,Other,ProS,0,0.0,0,0.0,405,0.0,216.35489000001098,baseline_0-5
190,543,Other,ProS,17,0.07857460490030586,57,3.3529411764705883,942,0.06050955414012739,216.35489000001098,baseline_0-5
191,546,Other,ProS,1,0.004622035582370934,3,3.0,315,0.009523809523809525,216.35489000001098,baseline_0-5
192,547,Other,SUB,5,0.023110177911854667,17,3.4,297,0.05723905723905724,216.35489000001098,baseline_0-5
193,549,Other,ProS,9,0.0415983202413384,31,3.4444444444444446,738,0.04200542005420054,216.35489000001098,baseline_0-5
194,550,Other,ProS,39,0.1802593877124664,131,3.358974358974359,990,0.13232323232323231,216.35489000001098,baseline_0-5
195,551,Other,ProS,2,0.009244071164741867,6,3.0,932,0.006437768240343348,216.35489000001098,baseline_0-5
196,560,Other,ProS,0,0.0,0,0.0,326,0.0,216.35489000001098,baseline_0-5
197,561,Other,ProS,0,0.0,0,0.0,127,0.0,216.35489000001098,baseline_0-5
198,562,Other,ProS,17,0.07857460490030586,61,3.588235294117647,1629,0.0374462860650706,216.35489000001098,baseline_0-5
199,564,Other,ProS,51,0.2357238147009176,237,4.647058823529412,1582,0.1498103666245259,216.35489000001098,baseline_0-5
200,566,Other,ProS,41,0.18950345887720826,130,3.1707317073170733,536,0.24253731343283583,216.35489000001098,baseline_0-5
201,567,Other,SUB,0,0.0,0,0.0,252,0.0,216.35489000001098,baseline_0-5
202,568,Other,SUB,0,0.0,0,0.0,50,0.0,216.35489000001098,baseline_0-5
203,569,Other,SUB,27,0.1247949607240152,96,3.5555555555555554,685,0.14014598540145987,216.35489000001098,baseline_0-5
204,570,Other,SUB,0,0.0,0,0.0,0,0.0,216.35489000001098,baseline_0-5
205,571,Other,SUB,11,0.05084239140608027,45,4.090909090909091,486,0.09259259259259259,216.35489000001098,baseline_0-5
206,573,Other,SUB,8,0.03697628465896747,26,3.25,559,0.046511627906976744,216.35489000001098,baseline_0-5
207,574,Other,SUB,38,0.17563735213009546,186,4.894736842105263,498,0.37349397590361444,216.35489000001098,baseline_0-5
208,576,Other,SUB,16,0.07395256931793494,71,4.4375,308,0.2305194805194805,216.35489000001098,baseline_0-5
209,578,Other,SUB,16,0.07395256931793494,66,4.125,322,0.20496894409937888,216.35489000001098,baseline_0-5
210,579,Other,SUB,32,0.14790513863586988,113,3.53125,1234,0.09157212317666126,216.35489000001098,baseline_0-5
211,580,Other,SUB,17,0.07857460490030586,56,3.2941176470588234,1674,0.03345280764635603,216.35489000001098,baseline_0-5
212,582,Other,SUB,0,0.0,0,0.0,129,0.0,216.35489000001098,baseline_0-5
213,583,Other,SUB,105,0.485313736148948,371,3.533333333333333,5075,0.07310344827586207,216.35489000001098,baseline_0-5
214,584,Other,SUB,7,0.032354249076596536,23,3.2857142857142856,561,0.040998217468805706,216.35489000001098,baseline_0-5
215,587,Other,SUB,1,0.004622035582370934,3,3.0,414,0.007246376811594203,216.35489000001098,baseline_0-5
216,588,Other,SUB,27,0.1247949607240152,109,4.037037037037037,321,0.3395638629283489,216.35489000001098,baseline_0-5
217,592,Other,SUB,48,0.2218577079538048,154,3.2083333333333335,2013,0.07650273224043716,216.35489000001098,baseline_0-5
218,600,Other,SUB,3,0.0138661067471128,11,3.6666666666666665,701,0.015691868758915834,216.35489000001098,baseline_0-5
219,601,Other,SUB,77,0.35589673984256187,329,4.2727272727272725,1258,0.2615262321144674,216.35489000001098,baseline_0-5
220,602,Other,SUB,38,0.17563735213009546,135,3.5526315789473686,1197,0.11278195488721804,216.35489000001098,baseline_0-5
221,604,Other,SUB,3,0.0138661067471128,10,3.3333333333333335,601,0.016638935108153077,216.35489000001098,baseline_0-5
222,605,Other,SUB,15,0.069330533735564,52,3.466666666666667,1051,0.049476688867745006,216.35489000001098,baseline_0-5
223,607,Other,SUB,2,0.009244071164741867,6,3.0,160,0.0375,216.35489000001098,baseline_0-5
224,611,Other,alv,7,0.032354249076596536,25,3.5714285714285716,463,0.05399568034557235,216.35489000001098,baseline_0-5
225,621,Other,VISp6a,22,0.10168478281216053,96,4.363636363636363,149,0.6442953020134228,216.35489000001098,baseline_0-5
226,627,Other,VISp5,0,0.0,0,0.0,507,0.0,216.35489000001098,baseline_0-5
227,629,Other,VISp5,0,0.0,0,0.0,749,0.0,216.35489000001098,baseline_0-5
228,631,Other,VISp5,0,0.0,0,0.0,674,0.0,216.35489000001098,baseline_0-5
229,632,Other,VISp5,0,0.0,0,0.0,732,0.0,216.35489000001098,baseline_0-5
230,635,Other,VISp5,4,0.018488142329483735,12,3.0,1247,0.009623095429029671,216.35489000001098,baseline_0-5
231,636,Other,VISp5,0,0.0,0,0.0,438,0.0,216.35489000001098,baseline_0-5
232,637,Other,VISp5,0,0.0,0,0.0,364,0.0,216.35489000001098,baseline_0-5
233,639,Other,VISp5,0,0.0,0,0.0,1598,0.0,216.35489000001098,baseline_0-5
234,642,Other,VISp5,0,0.0,0,0.0,1111,0.0,216.35489000001098,baseline_0-5
235,645,Other,VISp5,0,0.0,0,0.0,479,0.0,216.35489000001098,baseline_0-5
236,646,Other,VISp5,0,0.0,0,0.0,940,0.0,216.35489000001098,baseline_0-5
237,647,Other,VISp5,0,0.0,0,0.0,277,0.0,216.35489000001098,baseline_0-5
238,651,Other,VISp5,0,0.0,0,0.0,328,0.0,216.35489000001098,baseline_0-5
239,653,Other,VISp5,0,0.0,0,0.0,923,0.0,216.35489000001098,baseline_0-5
240,655,Other,VISp5,0,0.0,0,0.0,666,0.0,216.35489000001098,baseline_0-5
241,656,Other,VISp5,0,0.0,0,0.0,258,0.0,216.35489000001098,baseline_0-5
242,663,Other,VISp5,0,0.0,0,0.0,255,0.0,216.35489000001098,baseline_0-5
243,668,Other,VISp4,0,0.0,0,0.0,375,0.0,216.35489000001098,baseline_0-5
244,669,Other,VISp4,0,0.0,0,0.0,101,0.0,216.35489000001098,baseline_0-5
245,679,Other,VISp4,0,0.0,0,0.0,140,0.0,216.35489000001098,baseline_0-5
246,681,Other,VISp4,0,0.0,0,0.0,5,0.0,216.35489000001098,baseline_0-5
247,684,Other,VISp2/3,0,0.0,0,0.0,65,0.0,216.35489000001098,baseline_0-5
248,687,Other,VISp2/3,0,0.0,0,0.0,78,0.0,216.35489000001098,baseline_0-5
249,688,Other,VISp2/3,0,0.0,0,0.0,5,0.0,216.35489000001098,baseline_0-5
250,689,Other,VISp2/3,0,0.0,0,0.0,6,0.0,216.35489000001098,baseline_0-5
251,690,Other,VISp2/3,0,0.0,0,0.0,101,0.0,216.35489000001098,baseline_0-5
252,695,Other,VISp2/3,0,0.0,0,0.0,30,0.0,216.35489000001098,baseline_0-5
253,696,Other,VISp2/3,0,0.0,0,0.0,59,0.0,216.35489000001098,baseline_0-5
254,697,Other,VISp2/3,0,0.0,0,0.0,36,0.0,216.35489000001098,baseline_0-5
255,700,Other,VISp2/3,0,0.0,0,0.0,53,0.0,216.35489000001098,baseline_0-5
256,708,Other,PoT,69,0.3189204551835944,310,4.492753623188406,364,0.8516483516483516,216.35489000001098,baseline_0-5
257,711,Other,PoT,89,0.4113611668310131,328,3.6853932584269664,584,0.5616438356164384,216.35489000001098,baseline_0-5
258,718,Other,PoT,48,0.2218577079538048,173,3.6041666666666665,263,0.6577946768060836,216.35489000001098,baseline_0-5
259,719,Other,PoT,34,0.15714920980061173,121,3.5588235294117645,527,0.22960151802656548,216.35489000001098,baseline_0-5
260,720,Other,PoT,40,0.18488142329483734,150,3.75,405,0.37037037037037035,216.35489000001098,baseline_0-5
261,722,Other,PoT,42,0.1941254944595792,171,4.071428571428571,503,0.3399602385685885,216.35489000001098,baseline_0-5
262,724,Other,SGN,36,0.1663932809653536,141,3.9166666666666665,189,0.746031746031746,216.35489000001098,baseline_0-5
263,725,Other,SGN,70,0.32354249076596536,272,3.8857142857142857,893,0.3045912653975364,216.35489000001098,baseline_0-5
264,726,Other,SGN,45,0.207991601206692,209,4.644444444444445,244,0.8565573770491803,216.35489000001098,baseline_0-5
265,727,Other,SGN,4,0.018488142329483735,13,3.25,72,0.18055555555555555,216.35489000001098,baseline_0-5
266,728,Other,SGN,3,0.0138661067471128,9,3.0,125,0.072,216.35489000001098,baseline_0-5
267,730,Thalamus,LP,0,0.0,0,0.0,20,0.0,216.35489000001098,baseline_0-5
268,731,Thalamus,LP,36,0.1663932809653536,90,2.5,508,0.17716535433070865,216.35489000001098,baseline_0-5
269,734,Other,DG-sg,5,0.023110177911854667,17,3.4,118,0.1440677966101695,216.35489000001098,baseline_0-5
270,735,Other,DG-sg,7,0.032354249076596536,22,3.142857142857143,156,0.14102564102564102,216.35489000001098,baseline_0-5
271,755,Other,SUB,2,0.009244071164741867,7,3.5,410,0.01707317073170732,216.35489000001098,baseline_0-5
272,756,Other,ProS,0,0.0,0,0.0,14,0.0,216.35489000001098,baseline_0-5
273,758,Other,ProS,0,0.0,0,0.0,13,0.0,216.35489000001098,baseline_0-5
274,761,Other,SUB,31,0.14328310305349892,128,4.129032258064516,1174,0.10902896081771721,216.35489000001098,baseline_0-5
275,762,Other,SUB,5,0.023110177911854667,15,3.0,179,0.08379888268156424,216.35489000001098,baseline_0-5
276,763,Other,SUB,4,0.018488142329483735,14,3.5,282,0.04964539007092199,216.35489000001098,baseline_0-5
277,764,Other,SUB,24,0.1109288539769024,87,3.625,1511,0.05757776307081403,216.35489000001098,baseline_0-5
278,769,Other,VISp5,0,0.0,0,0.0,4,0.0,216.35489000001098,baseline_0-5
279,780,Other,VISp2/3,0,0.0,0,0.0,66,0.0,216.35489000001098,baseline_0-5
280,782,Other,VISp2/3,0,0.0,0,0.0,13,0.0,216.35489000001098,baseline_0-5
281,783,Other,VISp2/3,0,0.0,0,0.0,3,0.0,216.35489000001098,baseline_0-5
282,784,Other,VISp2/3,0,0.0,0,0.0,0,0.0,216.35489000001098,baseline_0-5
283,786,Other,VISp2/3,0,0.0,0,0.0,107,0.0,216.35489000001098,baseline_0-5
284,793,Other,DG-sg,4,0.018488142329483735,17,4.25,1560,0.010897435897435897,216.35489000001098,baseline_0-5
285,795,Other,DG-sg,0,0.0,0,0.0,5,0.0,216.35489000001098,baseline_0-5
286,796,Other,DG-sg,0,0.0,0,0.0,5,0.0,216.35489000001098,baseline_0-5
287,798,Other,ProS,0,0.0,0,0.0,3,0.0,216.35489000001098,baseline_0-5
288,799,Other,VISp2/3,0,0.0,0,0.0,4,0.0,216.35489000001098,baseline_0-5
289,806,Other,SPFp,0,0.0,0,0.0,0,0.0,216.35489000001098,baseline_0-5
290,809,Other,PoT,33,0.1525271742182408,124,3.757575757575758,454,0.27312775330396477,216.35489000001098,baseline_0-5
291,811,Other,DG-mo,0,0.0,0,0.0,3,0.0,216.35489000001098,baseline_0-5
292,812,Other,DG-po,6,0.0277322134942256,25,4.166666666666667,236,0.1059322033898305,216.35489000001098,baseline_0-5
293,815,Other,ProS,0,0.0,0,0.0,2,0.0,216.35489000001098,baseline_0-5
294,816,Other,ProS,28,0.12941699630638615,107,3.8214285714285716,3295,0.03247344461305007,216.35489000001098,baseline_0-5
295,818,Other,VISp5,4,0.018488142329483735,16,4.0,876,0.0182648401826484,216.35489000001098,baseline_0-5
296,820,Other,VISp2/3,0,0.0,0,0.0,22,0.0,216.35489000001098,baseline_0-5
297,822,Other,VISp6a,0,0.0,0,0.0,8,0.0,216.35489000001098,baseline_0-5
298,823,Other,VISp2/3,0,0.0,0,0.0,4,0.0,216.35489000001098,baseline_0-5
299,824,Other,VISp2/3,0,0.0,0,0.0,3,0.0,216.35489000001098,baseline_0-5
300,825,Other,VISp2/3,0,0.0,0,0.0,8,0.0,216.35489000001098,baseline_0-5
301,826,Other,VISp2/3,0,0.0,0,0.0,0,0.0,216.35489000001098,baseline_0-5
302,827,Other,VISp2/3,0,0.0,0,0.0,0,0.0,216.35489000001098,baseline_0-5
303,831,Other,VISp2/3,0,0.0,0,0.0,7,0.0,216.35489000001098,baseline_0-5
304,843,Other,int,0,0.0,0,0.0,1328,0.0,216.35489000001098,baseline_0-5
305,845,Other,int,1,0.004622035582370934,3,3.0,5017,0.0005979669124975084,216.35489000001098,baseline_0-5
306,851,Other,int,0,0.0,0,0.0,30,0.0,216.35489000001098,baseline_0-5
307,859,Other,int,0,0.0,0,0.0,0,0.0,216.35489000001098,baseline_0-5
308,865,Other,int,0,0.0,0,0.0,557,0.0,216.35489000001098,baseline_0-5
309,868,Other,int,2,0.009244071164741867,6,3.0,1454,0.0041265474552957355,216.35489000001098,baseline_0-5
310,873,Other,int,0,0.0,0,0.0,62,0.0,216.35489000001098,baseline_0-5
311,892,Other,int,0,0.0,0,0.0,79,0.0,216.35489000001098,baseline_0-5
312,900,Other,int,0,0.0,0,0.0,841,0.0,216.35489000001098,baseline_0-5
313,904,Other,int,3,0.0138661067471128,13,4.333333333333333,2292,0.005671902268760907,216.35489000001098,baseline_0-5
314,913,Other,int,29,0.13403903188875707,93,3.206896551724138,314,0.2961783439490446,216.35489000001098,baseline_0-5
315,914,Other,int,0,0.0,0,0.0,58,0.0,216.35489000001098,baseline_0-5
316,932,Other,int,30,0.138661067471128,105,3.5,422,0.24881516587677724,216.35489000001098,baseline_0-5
317,938,Other,int,30,0.138661067471128,97,3.2333333333333334,829,0.11700844390832328,216.35489000001098,baseline_0-5
318,950,Other,int,2,0.009244071164741867,8,4.0,286,0.027972027972027972,216.35489000001098,baseline_0-5
319,962,STR,STR,4,0.018488142329483735,13,3.25,4413,0.0029458418309539994,216.35489000001098,baseline_0-5
320,964,STR,STR,43,0.19874753004195014,140,3.255813953488372,1896,0.07383966244725738,216.35489000001098,baseline_0-5
321,965,STR,STR,1,0.004622035582370934,4,4.0,59,0.06779661016949153,216.35489000001098,baseline_0-5
322,967,Other,int,4,0.018488142329483735,13,3.25,1066,0.012195121951219513,216.35489000001098,baseline_0-5
323,969,STR,STR,3,0.0138661067471128,14,4.666666666666667,2959,0.004731328151402501,216.35489000001098,baseline_0-5
324,970,Other,int,0,0.0,0,0.0,46,0.0,216.35489000001098,baseline_0-5
325,972,STR,STR,0,0.0,0,0.0,0,0.0,216.35489000001098,baseline_0-5
326,976,STR,STR,1,0.004622035582370934,3,3.0,996,0.0030120481927710845,216.35489000001098,baseline_0-5
327,980,STR,CP,0,0.0,0,0.0,1,0.0,216.35489000001098,baseline_0-5
328,982,STR,CP,7,0.032354249076596536,28,4.0,3117,0.008982996470965673,216.35489000001098,baseline_0-5
329,984,STR,CP,0,0.0,0,0.0,6,0.0,216.35489000001098,baseline_0-5
330,986,STR,CP,7,0.032354249076596536,27,3.857142857142857,4812,0.005610972568578554,216.35489000001098,baseline_0-5
331,988,STR,CP,267,1.2340835004930393,1002,3.752808988764045,2201,0.45524761472058156,216.35489000001098,baseline_0-5
332,989,STR,CP,0,0.0,0,0.0,458,0.0,216.35489000001098,baseline_0-5
333,990,STR,CP,1,0.004622035582370934,3,3.0,1226,0.0024469820554649264,216.35489000001098,baseline_0-5
334,993,STR,CP,7,0.032354249076596536,34,4.857142857142857,2592,0.013117283950617283,216.35489000001098,baseline_0-5
335,997,STR,CP,1,0.004622035582370934,4,4.0,1404,0.002849002849002849,216.35489000001098,baseline_0-5
336,1001,STR,CP,0,0.0,0,0.0,14,0.0,216.35489000001098,baseline_0-5
337,1008,STR,CP,9,0.0415983202413384,40,4.444444444444445,4560,0.008771929824561403,216.35489000001098,baseline_0-5
338,1009,STR,CP,48,0.2218577079538048,161,3.3541666666666665,986,0.16328600405679514,216.35489000001098,baseline_0-5
339,1013,STR,CP,53,0.24496788586565948,202,3.811320754716981,292,0.6917808219178082,216.35489000001098,baseline_0-5
340,1014,STR,CP,0,0.0,0,0.0,112,0.0,216.35489000001098,baseline_0-5
341,1021,STR,CP,5,0.023110177911854667,15,3.0,668,0.02245508982035928,216.35489000001098,baseline_0-5
342,1027,STR,CP,2,0.009244071164741867,6,3.0,1689,0.003552397868561279,216.35489000001098,baseline_0-5
343,1028,STR,CP,1,0.004622035582370934,3,3.0,2309,0.00129926375054136,216.35489000001098,baseline_0-5
344,1033,STR,CP,201,0.9290291520565577,772,3.8407960199004973,2246,0.3437221727515583,216.35489000001098,baseline_0-5
345,1038,STR,CP,0,0.0,0,0.0,171,0.0,216.35489000001098,baseline_0-5
346,1040,STR,CP,5,0.023110177911854667,18,3.6,833,0.021608643457382955,216.35489000001098,baseline_0-5
347,1045,STR,CP,6,0.0277322134942256,20,3.3333333333333335,1547,0.012928248222365869,216.35489000001098,baseline_0-5
348,1048,STR,CP,4,0.018488142329483735,12,3.0,1770,0.006779661016949152,216.35489000001098,baseline_0-5
349,1065,STR,CP,0,0.0,0,0.0,67,0.0,216.35489000001098,baseline_0-5
350,1066,STR,CP,0,0.0,0,0.0,1560,0.0,216.35489000001098,baseline_0-5
351,1068,STR,CP,0,0.0,0,0.0,705,0.0,216.35489000001098,baseline_0-5
352,1069,STR,CP,2,0.009244071164741867,7,3.5,1597,0.004383218534752661,216.35489000001098,baseline_0-5
353,1073,STR,CP,70,0.32354249076596536,228,3.257142857142857,5423,0.04204314954822054,216.35489000001098,baseline_0-5
354,1096,Somatosensory,SSp-bfd6a,15,0.069330533735564,95,6.333333333333333,1170,0.0811965811965812,216.35489000001098,baseline_0-5
355,1106,Somatosensory,SSp-bfd6a,0,0.0,0,0.0,15,0.0,216.35489000001098,baseline_0-5
356,1108,Somatosensory,SSp-bfd6a,2,0.009244071164741867,6,3.0,530,0.011320754716981131,216.35489000001098,baseline_0-5
357,1110,Somatosensory,SSp-bfd6a,7,0.032354249076596536,24,3.4285714285714284,646,0.03715170278637771,216.35489000001098,baseline_0-5
358,1111,Somatosensory,SSp-bfd6a,2,0.009244071164741867,7,3.5,417,0.016786570743405275,216.35489000001098,baseline_0-5
359,1113,Somatosensory,SSp-bfd6a,3,0.0138661067471128,14,4.666666666666667,2018,0.006937561942517344,216.35489000001098,baseline_0-5
360,1114,Somatosensory,SSp-bfd6a,3,0.0138661067471128,10,3.3333333333333335,154,0.06493506493506493,216.35489000001098,baseline_0-5
361,1115,Somatosensory,SSp-bfd6a,0,0.0,0,0.0,24,0.0,216.35489000001098,baseline_0-5
362,1117,Somatosensory,SSp-bfd6a,0,0.0,0,0.0,41,0.0,216.35489000001098,baseline_0-5
363,1118,Somatosensory,SSp-bfd6a,0,0.0,0,0.0,28,0.0,216.35489000001098,baseline_0-5
364,1119,Somatosensory,SSp-bfd6a,0,0.0,0,0.0,310,0.0,216.35489000001098,baseline_0-5
365,1126,Somatosensory,SSp-bfd6a,41,0.18950345887720826,198,4.829268292682927,2070,0.09565217391304348,216.35489000001098,baseline_0-5
366,1128,Somatosensory,SSp-bfd6a,0,0.0,0,0.0,539,0.0,216.35489000001098,baseline_0-5
367,1130,Somatosensory,SSp-bfd6a,0,0.0,0,0.0,672,0.0,216.35489000001098,baseline_0-5
368,1133,Somatosensory,SSp-bfd6a,11,0.05084239140608027,37,3.3636363636363638,1337,0.027673896783844427,216.35489000001098,baseline_0-5
369,1138,Somatosensory,SSp-bfd5,0,0.0,0,0.0,68,0.0,216.35489000001098,baseline_0-5
370,1142,Somatosensory,SSp-bfd5,0,0.0,0,0.0,637,0.0,216.35489000001098,baseline_0-5
371,1151,Somatosensory,SSp-bfd5,0,0.0,0,0.0,87,0.0,216.35489000001098,baseline_0-5
372,1154,Somatosensory,SSp-bfd5,3,0.0138661067471128,10,3.3333333333333335,2414,0.004142502071251036,216.35489000001098,baseline_0-5
373,1160,Somatosensory,SSp-bfd5,0,0.0,0,0.0,0,0.0,216.35489000001098,baseline_0-5
374,1180,Somatosensory,SSp-bfd5,0,0.0,0,0.0,212,0.0,216.35489000001098,baseline_0-5
375,1191,Somatosensory,SSp-bfd4,0,0.0,0,0.0,11,0.0,216.35489000001098,baseline_0-5
376,1192,Somatosensory,SSp-bfd4,1,0.004622035582370934,3,3.0,37,0.08108108108108109,216.35489000001098,baseline_0-5
377,1194,Somatosensory,SSp-bfd5,0,0.0,0,0.0,303,0.0,216.35489000001098,baseline_0-5
378,1198,Somatosensory,SSp-bfd4,0,0.0,0,0.0,138,0.0,216.35489000001098,baseline_0-5
379,1201,Somatosensory,SSp-bfd4,0,0.0,0,0.0,374,0.0,216.35489000001098,baseline_0-5
380,1209,Somatosensory,SSp-bfd4,0,0.0,0,0.0,6,0.0,216.35489000001098,baseline_0-5
381,1210,Somatosensory,SSp-bfd4,0,0.0,0,0.0,874,0.0,216.35489000001098,baseline_0-5
382,1212,Somatosensory,SSp-bfd4,0,0.0,0,0.0,656,0.0,216.35489000001098,baseline_0-5
383,1215,Somatosensory,SSp-bfd4,0,0.0,0,0.0,3,0.0,216.35489000001098,baseline_0-5
384,1219,Somatosensory,SSp-bfd4,0,0.0,0,0.0,0,0.0,216.35489000001098,baseline_0-5
385,1220,Somatosensory,SSp-bfd4,0,0.0,0,0.0,23,0.0,216.35489000001098,baseline_0-5
386,1222,Somatosensory,SSp-bfd4,0,0.0,0,0.0,120,0.0,216.35489000001098,baseline_0-5
387,1223,Somatosensory,SSp-bfd4,1,0.004622035582370934,3,3.0,44,0.06818181818181818,216.35489000001098,baseline_0-5
388,1227,Somatosensory,SSp-bfd4,0,0.0,0,0.0,49,0.0,216.35489000001098,baseline_0-5
389,1230,Somatosensory,SSp-bfd4,0,0.0,0,0.0,2600,0.0,216.35489000001098,baseline_0-5
390,1234,Somatosensory,SSp-bfd4,0,0.0,0,0.0,18,0.0,216.35489000001098,baseline_0-5
391,1235,Somatosensory,SSp-bfd4,1,0.004622035582370934,3,3.0,366,0.00819672131147541,216.35489000001098,baseline_0-5
392,1236,Somatosensory,SSp-bfd4,0,0.0,0,0.0,120,0.0,216.35489000001098,baseline_0-5
393,1239,Somatosensory,SSp-bfd4,0,0.0,0,0.0,317,0.0,216.35489000001098,baseline_0-5
394,1244,Somatosensory,SSp-bfd4,0,0.0,0,0.0,1,0.0,216.35489000001098,baseline_0-5
395,1245,Somatosensory,SSp-bfd4,0,0.0,0,0.0,394,0.0,216.35489000001098,baseline_0-5
396,1247,Somatosensory,SSp-bfd4,0,0.0,0,0.0,6,0.0,216.35489000001098,baseline_0-5
397,1248,Somatosensory,SSp-bfd4,0,0.0,0,0.0,7,0.0,216.35489000001098,baseline_0-5
398,1254,Somatosensory,SSp-bfd2/3,0,0.0,0,0.0,1711,0.0,216.35489000001098,baseline_0-5
399,1257,Somatosensory,SSp-bfd2/3,0,0.0,0,0.0,1,0.0,216.35489000001098,baseline_0-5
400,1258,Somatosensory,SSp-bfd4,0,0.0,0,0.0,17,0.0,216.35489000001098,baseline_0-5
401,1265,Somatosensory,SSp-bfd2/3,0,0.0,0,0.0,119,0.0,216.35489000001098,baseline_0-5
402,1267,Somatosensory,SSp-bfd2/3,0,0.0,0,0.0,38,0.0,216.35489000001098,baseline_0-5
403,1286,Somatosensory,SSp-bfd2/3,0,0.0,0,0.0,22,0.0,216.35489000001098,baseline_0-5
404,1318,STR,CP,0,0.0,0,0.0,0,0.0,216.35489000001098,baseline_0-5
405,1319,STR,CP,0,0.0,0,0.0,0,0.0,216.35489000001098,baseline_0-5
406,1321,STR,CP,0,0.0,0,0.0,0,0.0,216.35489000001098,baseline_0-5
407,1331,STR,CP,0,0.0,0,0.0,4,0.0,216.35489000001098,baseline_0-5
408,1337,Somatosensory,SSp-bfd6a,13,0.06008646257082213,47,3.6153846153846154,150,0.31333333333333335,216.35489000001098,baseline_0-5
409,1350,Somatosensory,SSp-bfd5,0,0.0,0,0.0,5,0.0,216.35489000001098,baseline_0-5
410,1354,Somatosensory,SSp-bfd5,0,0.0,0,0.0,2,0.0,216.35489000001098,baseline_0-5
411,1357,Somatosensory,SSp-bfd5,0,0.0,0,0.0,3,0.0,216.35489000001098,baseline_0-5
412,1369,Somatosensory,SSp-bfd2/3,0,0.0,0,0.0,106,0.0,216.35489000001098,baseline_0-5
413,1370,Somatosensory,SSp-bfd4,0,0.0,0,0.0,0,0.0,216.35489000001098,baseline_0-5
414,1372,Somatosensory,SSp-bfd2/3,0,0.0,0,0.0,12,0.0,216.35489000001098,baseline_0-5
415,1373,Somatosensory,SSp-bfd2/3,3,0.0138661067471128,9,3.0,26,0.34615384615384615,216.35489000001098,baseline_0-5
416,1374,Somatosensory,SSp-bfd4,0,0.0,0,0.0,75,0.0,216.35489000001098,baseline_0-5
417,1386,Somatosensory,SSp-bfd2/3,0,0.0,0,0.0,0,0.0,216.35489000001098,baseline_0-5
418,1405,Somatosensory,SSp-bfd5,0,0.0,0,0.0,0,0.0,216.35489000001098,baseline_0-5
419,1407,Somatosensory,SSp-bfd4,0,0.0,0,0.0,0,0.0,216.35489000001098,baseline_0-5
420,1414,Other,int,22,0.10168478281216053,77,3.5,249,0.3092369477911647,216.35489000001098,baseline_0-5
421,1418,Somatosensory,SSp-bfd6a,0,0.0,0,0.0,46,0.0,216.35489000001098,baseline_0-5
422,1420,Somatosensory,SSp-bfd5,0,0.0,0,0.0,21,0.0,216.35489000001098,baseline_0-5
423,1426,STR,STR,0,0.0,0,0.0,0,0.0,216.35489000001098,baseline_0-5
424,1428,Somatosensory,SSp-bfd2/3,0,0.0,0,0.0,1,0.0,216.35489000001098,baseline_0-5
425,1430,STR,STR,0,0.0,0,0.0,33,0.0,216.35489000001098,baseline_0-5
426,1432,STR,STR,0,0.0,0,0.0,6,0.0,216.35489000001098,baseline_0-5
427,1435,Other,DP,0,0.0,0,0.0,1672,0.0,216.35489000001098,baseline_0-5
428,1443,Other,ILA2/3,2,0.009244071164741867,6,3.0,24,0.25,216.35489000001098,baseline_0-5
429,1445,Other,ILA2/3,0,0.0,0,0.0,27,0.0,216.35489000001098,baseline_0-5
430,1446,Other,ILA2/3,0,0.0,0,0.0,102,0.0,216.35489000001098,baseline_0-5
431,1461,Other,ILA5,1,0.004622035582370934,3,3.0,57,0.05263157894736842,216.35489000001098,baseline_0-5
432,1464,Other,ILA5,0,0.0,0,0.0,6,0.0,216.35489000001098,baseline_0-5
433,1468,Other,ILA5,0,0.0,0,0.0,994,0.0,216.35489000001098,baseline_0-5
434,1506,Other,ILA5,0,0.0,0,0.0,304,0.0,216.35489000001098,baseline_0-5
435,1507,Other,ILA5,0,0.0,0,0.0,8,0.0,216.35489000001098,baseline_0-5
436,1509,Other,ILA5,0,0.0,0,0.0,559,0.0,216.35489000001098,baseline_0-5
437,1516,Other,ILA5,0,0.0,0,0.0,22,0.0,216.35489000001098,baseline_0-5
438,1529,Other,ILA5,0,0.0,0,0.0,64,0.0,216.35489000001098,baseline_0-5
439,1531,Other,ILA5,65,0.30043231285411065,224,3.4461538461538463,573,0.39092495636998253,216.35489000001098,baseline_0-5
440,1534,Other,ILA5,0,0.0,0,0.0,5,0.0,216.35489000001098,baseline_0-5
441,1535,Other,ILA5,0,0.0,0,0.0,600,0.0,216.35489000001098,baseline_0-5
442,1537,Other,ILA5,0,0.0,0,0.0,0,0.0,216.35489000001098,baseline_0-5
443,1538,Other,ILA5,0,0.0,0,0.0,181,0.0,216.35489000001098,baseline_0-5
444,1539,Other,ILA5,0,0.0,0,0.0,403,0.0,216.35489000001098,baseline_0-5
445,1541,Other,ILA5,0,0.0,0,0.0,28,0.0,216.35489000001098,baseline_0-5
446,1545,Other,ILA5,0,0.0,0,0.0,33,0.0,216.35489000001098,baseline_0-5
447,1550,Other,ILA5,0,0.0,0,0.0,10,0.0,216.35489000001098,baseline_0-5
448,1553,Other,PL5,17,0.07857460490030586,56,3.2941176470588234,454,0.12334801762114538,216.35489000001098,baseline_0-5
449,1556,Other,PL5,0,0.0,0,0.0,1702,0.0,216.35489000001098,baseline_0-5
450,1563,Other,PL5,1,0.004622035582370934,3,3.0,1238,0.0024232633279483036,216.35489000001098,baseline_0-5
451,1566,Other,PL6a,0,0.0,0,0.0,30,0.0,216.35489000001098,baseline_0-5
452,1570,Other,PL6a,0,0.0,0,0.0,64,0.0,216.35489000001098,baseline_0-5
453,1573,Other,PL6a,0,0.0,0,0.0,370,0.0,216.35489000001098,baseline_0-5
454,1582,Other,PL6a,0,0.0,0,0.0,0,0.0,216.35489000001098,baseline_0-5
455,1589,Other,PL6a,0,0.0,0,0.0,384,0.0,216.35489000001098,baseline_0-5
456,1591,Other,PL6a,0,0.0,0,0.0,10,0.0,216.35489000001098,baseline_0-5
457,1593,Other,PL6a,6,0.0277322134942256,21,3.5,2983,0.007039892725444184,216.35489000001098,baseline_0-5
458,1594,Other,PL6a,13,0.06008646257082213,41,3.1538461538461537,4953,0.008277811427417727,216.35489000001098,baseline_0-5
459,1606,Other,PL6a,1,0.004622035582370934,5,5.0,145,0.034482758620689655,216.35489000001098,baseline_0-5
460,1611,Other,PL6a,1,0.004622035582370934,5,5.0,375,0.013333333333333334,216.35489000001098,baseline_0-5
461,1615,Other,PL6a,2,0.009244071164741867,6,3.0,1039,0.005774783445620789,216.35489000001098,baseline_0-5
462,1624,Other,PL6a,1,0.004622035582370934,4,4.0,101,0.039603960396039604,216.35489000001098,baseline_0-5
463,1627,Other,PL6a,0,0.0,0,0.0,11,0.0,216.35489000001098,baseline_0-5
464,1641,Other,PL6a,0,0.0,0,0.0,197,0.0,216.35489000001098,baseline_0-5
465,1643,Other,PL6a,0,0.0,0,0.0,0,0.0,216.35489000001098,baseline_0-5
466,1651,Other,PL5,3,0.0138661067471128,10,3.3333333333333335,88,0.11363636363636363,216.35489000001098,baseline_0-5
467,1655,Other,PL5,0,0.0,0,0.0,438,0.0,216.35489000001098,baseline_0-5
468,1658,Other,PL5,0,0.0,0,0.0,53,0.0,216.35489000001098,baseline_0-5
469,1676,Motor,MOs5,0,0.0,0,0.0,0,0.0,216.35489000001098,baseline_0-5
470,1681,Motor,MOs5,0,0.0,0,0.0,0,0.0,216.35489000001098,baseline_0-5
471,1684,Motor,MOs5,12,0.0554644269884512,38,3.1666666666666665,607,0.06260296540362438,216.35489000001098,baseline_0-5
472,1685,Motor,MOs5,21,0.0970627472297896,70,3.3333333333333335,592,0.11824324324324324,216.35489000001098,baseline_0-5
473,1686,Motor,MOs5,0,0.0,0,0.0,0,0.0,216.35489000001098,baseline_0-5
474,1687,Motor,MOs5,0,0.0,0,0.0,0,0.0,216.35489000001098,baseline_0-5
475,1690,Motor,MOs5,0,0.0,0,0.0,0,0.0,216.35489000001098,baseline_0-5
476,1697,Motor,MOs5,0,0.0,0,0.0,869,0.0,216.35489000001098,baseline_0-5
477,1699,Motor,MOs5,0,0.0,0,0.0,16,0.0,216.35489000001098,baseline_0-5
478,1713,Motor,MOs5,0,0.0,0,0.0,91,0.0,216.35489000001098,baseline_0-5
479,1738,Motor,MOs5,0,0.0,0,0.0,388,0.0,216.35489000001098,baseline_0-5
480,1747,STR,LSr,0,0.0,0,0.0,11,0.0,216.35489000001098,baseline_0-5
481,1749,STR,STR,0,0.0,0,0.0,8,0.0,216.35489000001098,baseline_0-5
482,1762,Other,ILA5,0,0.0,0,0.0,10,0.0,216.35489000001098,baseline_0-5
483,1763,Other,ILA5,0,0.0,0,0.0,53,0.0,216.35489000001098,baseline_0-5
484,1764,Other,ILA5,0,0.0,0,0.0,13,0.0,216.35489000001098,baseline_0-5
485,1768,Other,ILA5,0,0.0,0,0.0,19,0.0,216.35489000001098,baseline_0-5
486,1769,Other,ILA5,0,0.0,0,0.0,2,0.0,216.35489000001098,baseline_0-5
487,1782,Other,ILA5,0,0.0,0,0.0,13,0.0,216.35489000001098,baseline_0-5
488,1783,Other,ILA5,0,0.0,0,0.0,1,0.0,216.35489000001098,baseline_0-5
489,1785,Other,ILA5,0,0.0,0,0.0,2,0.0,216.35489000001098,baseline_0-5
490,1786,Other,ILA5,0,0.0,0,0.0,11,0.0,216.35489000001098,baseline_0-5
491,1789,Other,PL5,0,0.0,0,0.0,46,0.0,216.35489000001098,baseline_0-5
492,1796,Other,PL6a,0,0.0,0,0.0,184,0.0,216.35489000001098,baseline_0-5
493,1799,Other,PL6a,0,0.0,0,0.0,54,0.0,216.35489000001098,baseline_0-5
494,1801,Other,PL6a,0,0.0,0,0.0,0,0.0,216.35489000001098,baseline_0-5
495,1804,Other,PL6a,0,0.0,0,0.0,14,0.0,216.35489000001098,baseline_0-5
496,1806,Other,PL6a,0,0.0,0,0.0,3,0.0,216.35489000001098,baseline_0-5
497,1809,Other,PL6a,0,0.0,0,0.0,0,0.0,216.35489000001098,baseline_0-5
498,1811,Other,PL6a,0,0.0,0,0.0,18,0.0,216.35489000001098,baseline_0-5
499,1813,Other,PL6a,0,0.0,0,0.0,0,0.0,216.35489000001098,baseline_0-5
500,1815,Other,PL6a,0,0.0,0,0.0,5,0.0,216.35489000001098,baseline_0-5
501,1816,Other,PL6a,0,0.0,0,0.0,0,0.0,216.35489000001098,baseline_0-5
502,1818,Other,PL6a,0,0.0,0,0.0,0,0.0,216.35489000001098,baseline_0-5
503,1819,Other,PL6a,8,0.03697628465896747,25,3.125,1729,0.014459224985540775,216.35489000001098,baseline_0-5
504,1822,Motor,MOs5,1,0.004622035582370934,3,3.0,18,0.16666666666666666,216.35489000001098,baseline_0-5
505,1826,Motor,MOs5,0,0.0,0,0.0,2,0.0,216.35489000001098,baseline_0-5
506,1827,Motor,MOs5,0,0.0,0,0.0,0,0.0,216.35489000001098,baseline_0-5
507,1828,Motor,MOs5,0,0.0,0,0.0,6,0.0,216.35489000001098,baseline_0-5
508,1829,Motor,MOs5,0,0.0,0,0.0,0,0.0,216.35489000001098,baseline_0-5
509,1830,Motor,MOs5,0,0.0,0,0.0,0,0.0,216.35489000001098,baseline_0-5
510,1832,Motor,MOs5,1,0.004622035582370934,3,3.0,11,0.2727272727272727,216.35489000001098,baseline_0-5
511,1833,Motor,MOs5,0,0.0,0,0.0,1,0.0,216.35489000001098,baseline_0-5
512,1840,STR,STR,1,0.004622035582370934,3,3.0,29,0.10344827586206896,216.35489000001098,baseline_0-5
513,1844,Other,ILA2/3,0,0.0,0,0.0,5,0.0,216.35489000001098,baseline_0-5
514,1848,Other,ILA5,0,0.0,0,0.0,1,0.0,216.35489000001098,baseline_0-5
515,1849,Other,ILA5,0,0.0,0,0.0,7,0.0,216.35489000001098,baseline_0-5
516,1850,Other,PL6a,0,0.0,0,0.0,15,0.0,216.35489000001098,baseline_0-5
517,1851,Other,PL6a,0,0.0,0,0.0,47,0.0,216.35489000001098,baseline_0-5
518,1852,Other,PL6a,0,0.0,0,0.0,5,0.0,216.35489000001098,baseline_0-5
519,1854,Motor,MOs5,0,0.0,0,0.0,0,0.0,216.35489000001098,baseline_0-5
520,1855,Other,ILA2/3,0,0.0,0,0.0,12,0.0,216.35489000001098,baseline_0-5
521,1856,Other,ILA5,3,0.0138661067471128,9,3.0,119,0.07563025210084033,216.35489000001098,baseline_0-5
522,1857,Other,ILA5,0,0.0,0,0.0,29,0.0,216.35489000001098,baseline_0-5
523,1860,Other,PL6a,0,0.0,0,0.0,0,0.0,216.35489000001098,baseline_0-5
524,1862,Motor,MOs5,0,0.0,0,0.0,2,0.0,216.35489000001098,baseline_0-5
525,1863,Motor,MOs5,0,0.0,0,0.0,0,0.0,216.35489000001098,baseline_0-5
526,1864,Motor,MOs5,0,0.0,0,0.0,2,0.0,216.35489000001098,baseline_0-5
527,1865,Motor,MOs5,0,0.0,0,0.0,14,0.0,216.35489000001098,baseline_0-5
528,1866,Motor,MOs5,0,0.0,0,0.0,204,0.0,216.35489000001098,baseline_0-5
529,1868,Motor,MOs5,0,0.0,0,0.0,8,0.0,216.35489000001098,baseline_0-5
530,1872,Motor,MOs5,0,0.0,0,0.0,4,0.0,216.35489000001098,baseline_0-5
531,3,Other,AMd,43,0.20025291477430798,151,3.511627906976744,2667,0.05661792275965504,214.728460000008,baseline_5-10
532,4,Other,AMd,58,0.27010858271883403,211,3.6379310344827585,1927,0.10949662688116243,214.728460000008,baseline_5-10
533,9,Other,AMd,41,0.19093882571503784,139,3.3902439024390243,1669,0.08328340323547034,214.728460000008,baseline_5-10
534,10,Other,AMd,71,0.3306501616040899,256,3.6056338028169015,506,0.5059288537549407,214.728460000008,baseline_5-10
535,12,Other,AMd,79,0.36790651784117046,291,3.6835443037974684,1684,0.17280285035629453,214.728460000008,baseline_5-10
536,13,Other,AMd,44,0.20490995930394304,166,3.772727272727273,3855,0.0430609597924773,214.728460000008,baseline_5-10
537,14,Other,AMd,51,0.23750927101138852,170,3.3333333333333335,1088,0.15625,214.728460000008,baseline_5-10
538,16,Other,AMd,58,0.27010858271883403,205,3.5344827586206895,972,0.2109053497942387,214.728460000008,baseline_5-10
539,20,Other,AMd,55,0.2561374491299288,190,3.4545454545454546,1237,0.15359741309620048,214.728460000008,baseline_5-10
540,21,Other,AMd,94,0.4377621857856965,371,3.9468085106382977,2221,0.1670418730301666,214.728460000008,baseline_5-10
541,23,Other,AMd,17,0.07916975700379618,57,3.3529411764705883,3091,0.01844063409899709,214.728460000008,baseline_5-10
542,24,Other,AMd,30,0.13971133588905207,101,3.3666666666666667,2073,0.04872165943077665,214.728460000008,baseline_5-10
543,26,Other,AMd,95,0.4424192303153316,338,3.557894736842105,1715,0.19708454810495626,214.728460000008,baseline_5-10
544,28,Other,AMd,70,0.32599311707445483,252,3.6,824,0.3058252427184466,214.728460000008,baseline_5-10
545,29,Other,AMd,63,0.2933938053670094,219,3.4761904761904763,1237,0.17704122877930478,214.728460000008,baseline_5-10
546,30,Other,AMd,68,0.3166790280151847,273,4.014705882352941,1088,0.2509191176470588,214.728460000008,baseline_5-10
547,33,Other,AMd,30,0.13971133588905207,93,3.1,1451,0.06409372846312887,214.728460000008,baseline_5-10
548,34,Other,AMd,29,0.13505429135941702,92,3.1724137931034484,1171,0.07856532877882152,214.728460000008,baseline_5-10
549,36,Other,AMd,79,0.36790651784117046,279,3.5316455696202533,4104,0.06798245614035088,214.728460000008,baseline_5-10
550,38,Other,AMd,19,0.08848384606306631,67,3.526315789473684,1957,0.0342360756259581,214.728460000008,baseline_5-10
551,42,Other,AMd,27,0.12574020230014687,96,3.5555555555555554,2106,0.045584045584045586,214.728460000008,baseline_5-10
552,44,Other,AMd,65,0.3027078944262795,238,3.6615384615384614,1906,0.1248688352570829,214.728460000008,baseline_5-10
553,45,Other,AMd,69,0.3213360725448198,242,3.5072463768115942,1907,0.12690089145254327,214.728460000008,baseline_5-10
554,46,Other,AMd,68,0.3166790280151847,247,3.6323529411764706,974,0.2535934291581109,214.728460000008,baseline_5-10
555,48,Other,AMd,57,0.2654515381891989,212,3.719298245614035,1060,0.2,214.728460000008,baseline_5-10
556,49,Other,AMd,50,0.23285222648175347,172,3.44,2017,0.08527516113039167,214.728460000008,baseline_5-10
557,54,Other,AMd,11,0.05122748982598576,38,3.4545454545454546,1190,0.031932773109243695,214.728460000008,baseline_5-10
558,58,Other,AMd,45,0.2095670038335781,143,3.1777777777777776,776,0.18427835051546393,214.728460000008,baseline_5-10
559,61,Other,AMd,80,0.3725635623708055,278,3.475,2120,0.1311320754716981,214.728460000008,baseline_5-10
560,62,Other,AMd,35,0.16299655853722742,117,3.342857142857143,521,0.22456813819577734,214.728460000008,baseline_5-10
561,63,Other,AMd,78,0.3632494733115354,275,3.5256410256410255,779,0.35301668806161746,214.728460000008,baseline_5-10
562,69,Other,AMd,70,0.32599311707445483,222,3.1714285714285713,1009,0.22001982160555006,214.728460000008,baseline_5-10
563,74,Other,AD,110,0.5122748982598576,389,3.536363636363636,1538,0.252925877763329,214.728460000008,baseline_5-10
564,97,Other,AD,5,0.023285222648175345,30,6.0,617,0.04862236628849271,214.728460000008,baseline_5-10
565,98,Other,AD,9,0.041913400766715625,69,7.666666666666667,982,0.07026476578411406,214.728460000008,baseline_5-10
566,102,Other,cing,20,0.09314089059270138,123,6.15,2021,0.06086095992083127,214.728460000008,baseline_5-10
567,103,Motor,MOp6a,3,0.013971133588905208,21,7.0,296,0.07094594594594594,214.728460000008,baseline_5-10
568,104,Motor,MOp6a,0,0.0,0,0.0,536,0.0,214.728460000008,baseline_5-10
569,105,Motor,MOp6a,28,0.13039724682978193,150,5.357142857142857,2193,0.06839945280437756,214.728460000008,baseline_5-10
570,108,Motor,MOp6a,0,0.0,0,0.0,2092,0.0,214.728460000008,baseline_5-10
571,117,Motor,MOp6a,0,0.0,0,0.0,206,0.0,214.728460000008,baseline_5-10
572,122,Motor,MOp5,4,0.018628178118540277,15,3.75,109,0.13761467889908258,214.728460000008,baseline_5-10
573,124,Motor,MOp5,0,0.0,0,0.0,89,0.0,214.728460000008,baseline_5-10
574,126,Motor,MOp5,0,0.0,0,0.0,268,0.0,214.728460000008,baseline_5-10
575,127,Motor,MOp5,0,0.0,0,0.0,167,0.0,214.728460000008,baseline_5-10
576,128,Motor,MOp5,0,0.0,0,0.0,165,0.0,214.728460000008,baseline_5-10
577,131,Motor,MOp5,1,0.004657044529635069,3,3.0,532,0.005639097744360902,214.728460000008,baseline_5-10
578,137,Motor,MOp5,2,0.009314089059270138,8,4.0,482,0.016597510373443983,214.728460000008,baseline_5-10
579,139,Motor,MOp5,2,0.009314089059270138,6,3.0,1192,0.0050335570469798654,214.728460000008,baseline_5-10
580,141,Motor,MOp5,4,0.018628178118540277,17,4.25,2272,0.007482394366197183,214.728460000008,baseline_5-10
581,145,Motor,MOp5,0,0.0,0,0.0,123,0.0,214.728460000008,baseline_5-10
582,146,Motor,MOp5,1,0.004657044529635069,5,5.0,2803,0.0017838030681412772,214.728460000008,baseline_5-10
583,150,Motor,MOp5,0,0.0,0,0.0,81,0.0,214.728460000008,baseline_5-10
584,151,Motor,MOp5,7,0.03259931170744548,23,3.2857142857142856,1996,0.011523046092184368,214.728460000008,baseline_5-10
585,152,Motor,MOp5,0,0.0,0,0.0,494,0.0,214.728460000008,baseline_5-10
586,153,Motor,MOp5,0,0.0,0,0.0,2,0.0,214.728460000008,baseline_5-10
587,154,Motor,MOp5,0,0.0,0,0.0,1639,0.0,214.728460000008,baseline_5-10
588,155,Motor,MOp5,0,0.0,0,0.0,21,0.0,214.728460000008,baseline_5-10
589,157,Motor,MOp5,0,0.0,0,0.0,204,0.0,214.728460000008,baseline_5-10
590,161,Motor,MOp5,0,0.0,0,0.0,471,0.0,214.728460000008,baseline_5-10
591,164,Motor,MOp2/3,0,0.0,0,0.0,117,0.0,214.728460000008,baseline_5-10
592,167,Other,RSPagl2/3,0,0.0,0,0.0,1852,0.0,214.728460000008,baseline_5-10
593,174,Other,RSPagl2/3,0,0.0,0,0.0,13,0.0,214.728460000008,baseline_5-10
594,178,Other,RSPagl2/3,2,0.009314089059270138,8,4.0,118,0.06779661016949153,214.728460000008,baseline_5-10
595,182,Somatosensory,SSp-tr2/3,0,0.0,0,0.0,105,0.0,214.728460000008,baseline_5-10
596,186,Somatosensory,SSp-tr2/3,0,0.0,0,0.0,855,0.0,214.728460000008,baseline_5-10
597,188,Somatosensory,SSp-tr2/3,0,0.0,0,0.0,283,0.0,214.728460000008,baseline_5-10
598,192,Somatosensory,SSp-tr2/3,0,0.0,0,0.0,17,0.0,214.728460000008,baseline_5-10
599,193,Somatosensory,SSp-tr2/3,0,0.0,0,0.0,80,0.0,214.728460000008,baseline_5-10
600,197,Somatosensory,SSp-tr2/3,0,0.0,0,0.0,880,0.0,214.728460000008,baseline_5-10
601,204,Somatosensory,SSp-tr1,0,0.0,0,0.0,10,0.0,214.728460000008,baseline_5-10
602,205,Other,AMd,74,0.3446212951929951,285,3.8513513513513513,593,0.4806070826306914,214.728460000008,baseline_5-10
603,206,Other,AD,57,0.2654515381891989,187,3.280701754385965,586,0.3191126279863481,214.728460000008,baseline_5-10
604,210,Motor,MOp6a,2,0.009314089059270138,6,3.0,101,0.0594059405940594,214.728460000008,baseline_5-10
605,211,Motor,MOp6a,35,0.16299655853722742,216,6.171428571428572,2233,0.096730855351545,214.728460000008,baseline_5-10
606,213,Motor,MOp5,1,0.004657044529635069,3,3.0,22,0.13636363636363635,214.728460000008,baseline_5-10
607,216,Motor,MOp5,0,0.0,0,0.0,63,0.0,214.728460000008,baseline_5-10
608,217,Motor,MOp5,0,0.0,0,0.0,5,0.0,214.728460000008,baseline_5-10
609,218,Motor,MOp5,0,0.0,0,0.0,638,0.0,214.728460000008,baseline_5-10
610,219,Motor,MOp5,4,0.018628178118540277,12,3.0,182,0.06593406593406594,214.728460000008,baseline_5-10
611,221,Motor,MOp5,0,0.0,0,0.0,227,0.0,214.728460000008,baseline_5-10
612,223,Motor,MOp5,3,0.013971133588905208,9,3.0,65,0.13846153846153847,214.728460000008,baseline_5-10
613,226,Motor,MOp5,0,0.0,0,0.0,16,0.0,214.728460000008,baseline_5-10
614,227,Motor,MOp5,0,0.0,0,0.0,0,0.0,214.728460000008,baseline_5-10
615,230,Other,RSPagl2/3,0,0.0,0,0.0,1,0.0,214.728460000008,baseline_5-10
616,232,Somatosensory,SSp-tr2/3,0,0.0,0,0.0,51,0.0,214.728460000008,baseline_5-10
617,233,Somatosensory,SSp-tr2/3,0,0.0,0,0.0,6,0.0,214.728460000008,baseline_5-10
618,234,Somatosensory,SSp-tr2/3,0,0.0,0,0.0,51,0.0,214.728460000008,baseline_5-10
619,238,Somatosensory,SSp-tr1,0,0.0,0,0.0,21,0.0,214.728460000008,baseline_5-10
620,242,Motor,MOp2/3,0,0.0,0,0.0,25,0.0,214.728460000008,baseline_5-10
621,243,Other,RSPagl2/3,0,0.0,0,0.0,35,0.0,214.728460000008,baseline_5-10
622,244,Somatosensory,SSp-tr1,0,0.0,0,0.0,0,0.0,214.728460000008,baseline_5-10
623,247,Motor,MOp5,0,0.0,0,0.0,37,0.0,214.728460000008,baseline_5-10
624,248,Motor,MOp2/3,0,0.0,0,0.0,145,0.0,214.728460000008,baseline_5-10
625,249,Somatosensory,SSp-tr2/3,0,0.0,0,0.0,11,0.0,214.728460000008,baseline_5-10
626,250,Somatosensory,SSp-tr1,0,0.0,0,0.0,9,0.0,214.728460000008,baseline_5-10
627,252,Other,SPFp,0,0.0,0,0.0,8,0.0,214.728460000008,baseline_5-10
628,266,Other,SPFp,84,0.3911917404893458,321,3.8214285714285716,548,0.5857664233576643,214.728460000008,baseline_5-10
629,272,Other,PoT,105,0.4889896756116823,350,3.3333333333333335,544,0.6433823529411765,214.728460000008,baseline_5-10
630,279,Other,PoT,0,0.0,0,0.0,46,0.0,214.728460000008,baseline_5-10
631,281,Other,PoT,0,0.0,0,0.0,36,0.0,214.728460000008,baseline_5-10
632,286,Other,PoT,53,0.24682336007065867,231,4.3584905660377355,328,0.7042682926829268,214.728460000008,baseline_5-10
633,291,Other,PoT,137,0.6380151005600044,558,4.072992700729927,1643,0.33962264150943394,214.728460000008,baseline_5-10
634,292,Other,PoT,114,0.5309030763783978,450,3.9473684210526314,744,0.6048387096774194,214.728460000008,baseline_5-10
635,296,Other,PoT,137,0.6380151005600044,534,3.897810218978102,1127,0.4738243123336291,214.728460000008,baseline_5-10
636,298,Other,PoT,157,0.7311559911527058,588,3.745222929936306,1961,0.2998470168281489,214.728460000008,baseline_5-10
637,299,Other,PoT,6,0.027942267177810415,18,3.0,358,0.05027932960893855,214.728460000008,baseline_5-10
638,302,Other,PoT,39,0.1816247366557677,136,3.4871794871794872,635,0.2141732283464567,214.728460000008,baseline_5-10
639,304,Other,PoT,144,0.67061441226745,624,4.333333333333333,1149,0.5430809399477807,214.728460000008,baseline_5-10
640,306,Other,PoT,53,0.24682336007065867,187,3.5283018867924527,281,0.6654804270462633,214.728460000008,baseline_5-10
641,307,Other,PoT,74,0.3446212951929951,297,4.013513513513513,393,0.7557251908396947,214.728460000008,baseline_5-10
642,310,Other,PoT,0,0.0,0,0.0,36,0.0,214.728460000008,baseline_5-10
643,316,Other,PoT,56,0.26079449365956386,195,3.482142857142857,518,0.3764478764478765,214.728460000008,baseline_5-10
644,317,Other,PoT,154,0.7171848575638007,597,3.8766233766233764,2304,0.2591145833333333,214.728460000008,baseline_5-10
645,321,Other,PoT,64,0.29805084989664443,232,3.625,442,0.5248868778280543,214.728460000008,baseline_5-10
646,325,Other,PoT,146,0.6799285013267201,542,3.712328767123288,1657,0.32709716354858176,214.728460000008,baseline_5-10
647,328,Other,PoT,15,0.06985566794452604,50,3.3333333333333335,419,0.11933174224343675,214.728460000008,baseline_5-10
648,330,Other,PoT,9,0.041913400766715625,28,3.111111111111111,2696,0.010385756676557863,214.728460000008,baseline_5-10
649,331,Other,PoT,172,0.8010116590972319,755,4.3895348837209305,2564,0.29446177847113886,214.728460000008,baseline_5-10
650,333,Other,PoT,48,0.22353813742248332,194,4.041666666666667,361,0.5373961218836565,214.728460000008,baseline_5-10
651,334,Other,PoT,64,0.29805084989664443,262,4.09375,805,0.32546583850931676,214.728460000008,baseline_5-10
652,338,Other,PoT,21,0.09779793512233645,70,3.3333333333333335,1410,0.04964539007092199,214.728460000008,baseline_5-10
653,340,Other,PoT,25,0.11642611324087673,112,4.48,311,0.36012861736334406,214.728460000008,baseline_5-10
654,341,Other,PoT,3,0.013971133588905208,13,4.333333333333333,77,0.16883116883116883,214.728460000008,baseline_5-10
655,344,Other,PoT,26,0.12108315777051179,94,3.6153846153846154,801,0.11735330836454431,214.728460000008,baseline_5-10
656,347,Other,PoT,7,0.03259931170744548,26,3.7142857142857144,328,0.07926829268292683,214.728460000008,baseline_5-10
657,350,Other,PoT,30,0.13971133588905207,117,3.9,181,0.6464088397790055,214.728460000008,baseline_5-10
658,352,Other,PoT,0,0.0,0,0.0,84,0.0,214.728460000008,baseline_5-10
659,355,Other,PoT,27,0.12574020230014687,104,3.8518518518518516,648,0.16049382716049382,214.728460000008,baseline_5-10
660,361,Other,PoT,16,0.07451271247416111,66,4.125,1504,0.043882978723404256,214.728460000008,baseline_5-10
661,362,Other,PoT,53,0.24682336007065867,220,4.150943396226415,1060,0.20754716981132076,214.728460000008,baseline_5-10
662,367,Other,PoT,74,0.3446212951929951,299,4.04054054054054,1225,0.24408163265306124,214.728460000008,baseline_5-10
663,368,Other,PoT,33,0.15368246947795727,142,4.303030303030303,266,0.5338345864661654,214.728460000008,baseline_5-10
664,369,Other,PoT,7,0.03259931170744548,23,3.2857142857142856,331,0.06948640483383686,214.728460000008,baseline_5-10
665,372,Other,PoT,3,0.013971133588905208,16,5.333333333333333,737,0.021709633649932156,214.728460000008,baseline_5-10
666,381,Other,PoT,35,0.16299655853722742,128,3.657142857142857,480,0.26666666666666666,214.728460000008,baseline_5-10
667,382,Other,PoT,38,0.17696769212613261,136,3.5789473684210527,203,0.6699507389162561,214.728460000008,baseline_5-10
668,385,Other,PoT,1,0.004657044529635069,3,3.0,50,0.06,214.728460000008,baseline_5-10
669,388,Other,PoT,81,0.37722060690044057,433,5.345679012345679,3904,0.11091188524590163,214.728460000008,baseline_5-10
670,392,Other,PoT,55,0.2561374491299288,200,3.6363636363636362,636,0.31446540880503143,214.728460000008,baseline_5-10
671,394,Other,PoT,19,0.08848384606306631,69,3.6315789473684212,841,0.08204518430439953,214.728460000008,baseline_5-10
672,396,Other,PoT,11,0.05122748982598576,35,3.1818181818181817,820,0.042682926829268296,214.728460000008,baseline_5-10
673,404,Other,PoT,68,0.3166790280151847,284,4.176470588235294,475,0.5978947368421053,214.728460000008,baseline_5-10
674,405,Other,PoT,53,0.24682336007065867,217,4.09433962264151,556,0.3902877697841727,214.728460000008,baseline_5-10
675,406,Other,PoT,58,0.27010858271883403,240,4.137931034482759,889,0.26996625421822273,214.728460000008,baseline_5-10
676,408,Other,PoT,132,0.6147298779118291,549,4.159090909090909,880,0.6238636363636364,214.728460000008,baseline_5-10
677,412,Other,PoT,62,0.28873676083737426,236,3.806451612903226,1158,0.20379965457685664,214.728460000008,baseline_5-10
678,414,Other,PoT,19,0.08848384606306631,84,4.421052631578948,163,0.5153374233128835,214.728460000008,baseline_5-10
679,415,Other,PoT,76,0.35393538425226523,301,3.960526315789474,554,0.5433212996389891,214.728460000008,baseline_5-10
680,417,Other,PoT,75,0.34927833972263017,284,3.7866666666666666,469,0.605543710021322,214.728460000008,baseline_5-10
681,418,Other,PoT,29,0.13505429135941702,105,3.6206896551724137,626,0.16773162939297126,214.728460000008,baseline_5-10
682,419,Other,PoT,78,0.3632494733115354,298,3.8205128205128207,564,0.5283687943262412,214.728460000008,baseline_5-10
683,421,Other,PoT,73,0.33996425066336006,284,3.8904109589041096,682,0.41642228739002934,214.728460000008,baseline_5-10
684,422,Other,PoT,51,0.23750927101138852,178,3.4901960784313726,700,0.2542857142857143,214.728460000008,baseline_5-10
685,425,Other,PoT,42,0.1955958702446729,163,3.880952380952381,218,0.7477064220183486,214.728460000008,baseline_5-10
686,428,Other,PoT,21,0.09779793512233645,73,3.4761904761904763,2236,0.03264758497316637,214.728460000008,baseline_5-10
687,429,Other,PoT,85,0.39584878501898085,337,3.9647058823529413,699,0.4821173104434907,214.728460000008,baseline_5-10
688,430,Other,PoT,67,0.3120219834855496,265,3.955223880597015,629,0.42130365659777425,214.728460000008,baseline_5-10
689,433,Other,PoT,98,0.45639036390423676,410,4.183673469387755,651,0.6298003072196621,214.728460000008,baseline_5-10
690,434,Other,PoT,50,0.23285222648175347,184,3.68,337,0.5459940652818991,214.728460000008,baseline_5-10
691,435,Other,PoT,40,0.18628178118540276,156,3.9,199,0.7839195979899497,214.728460000008,baseline_5-10
692,437,Other,PoT,67,0.3120219834855496,265,3.955223880597015,393,0.6743002544529262,214.728460000008,baseline_5-10
693,438,Other,PoT,54,0.25148040460029375,228,4.222222222222222,323,0.7058823529411765,214.728460000008,baseline_5-10
694,440,Other,SGN,105,0.4889896756116823,438,4.171428571428572,974,0.44969199178644764,214.728460000008,baseline_5-10
695,443,Other,PoT,49,0.22819518195211838,222,4.530612244897959,566,0.392226148409894,214.728460000008,baseline_5-10
696,445,Other,SGN,148,0.6892425903859902,633,4.277027027027027,1178,0.5373514431239389,214.728460000008,baseline_5-10
697,446,Other,SGN,66,0.30736493895591455,257,3.893939393939394,338,0.7603550295857988,214.728460000008,baseline_5-10
698,447,Other,SGN,66,0.30736493895591455,272,4.121212121212121,343,0.793002915451895,214.728460000008,baseline_5-10
699,448,Other,SGN,64,0.29805084989664443,249,3.890625,453,0.5496688741721855,214.728460000008,baseline_5-10
700,450,Other,SGN,82,0.3818776514300757,321,3.9146341463414633,436,0.7362385321100917,214.728460000008,baseline_5-10
701,451,Other,SGN,124,0.5774735216747485,531,4.282258064516129,1694,0.31345926800472257,214.728460000008,baseline_5-10
702,453,Other,SGN,96,0.44707627484496665,417,4.34375,838,0.49761336515513127,214.728460000008,baseline_5-10
703,457,Other,SGN,65,0.3027078944262795,235,3.6153846153846154,695,0.3381294964028777,214.728460000008,baseline_5-10
704,458,Other,SGN,0,0.0,0,0.0,100,0.0,214.728460000008,baseline_5-10
705,463,Other,SGN,34,0.15833951400759236,134,3.9411764705882355,262,0.5114503816793893,214.728460000008,baseline_5-10
706,465,Other,SGN,90,0.4191340076671562,367,4.0777777777777775,537,0.6834264432029795,214.728460000008,baseline_5-10
707,471,Other,SGN,116,0.5402171654376681,573,4.939655172413793,986,0.5811359026369168,214.728460000008,baseline_5-10
708,492,Other,DG-sg,7,0.03259931170744548,25,3.5714285714285716,335,0.07462686567164178,214.728460000008,baseline_5-10
709,495,Other,DG-sg,0,0.0,0,0.0,28,0.0,214.728460000008,baseline_5-10
710,496,Other,DG-sg,7,0.03259931170744548,27,3.857142857142857,182,0.14835164835164835,214.728460000008,baseline_5-10
711,498,Other,DG-sg,0,0.0,0,0.0,189,0.0,214.728460000008,baseline_5-10
712,500,Other,DG-sg,4,0.018628178118540277,14,3.5,112,0.125,214.728460000008,baseline_5-10
713,501,Other,DG-sg,0,0.0,0,0.0,1677,0.0,214.728460000008,baseline_5-10
714,504,Other,DG-po,0,0.0,0,0.0,91,0.0,214.728460000008,baseline_5-10
715,505,Other,DG-po,40,0.18628178118540276,145,3.625,1094,0.13254113345521024,214.728460000008,baseline_5-10
716,506,Other,DG-po,1,0.004657044529635069,3,3.0,141,0.02127659574468085,214.728460000008,baseline_5-10
717,507,Other,DG-po,2,0.009314089059270138,6,3.0,1395,0.004301075268817204,214.728460000008,baseline_5-10
718,511,Other,DG-po,1,0.004657044529635069,3,3.0,1765,0.0016997167138810198,214.728460000008,baseline_5-10
719,513,Other,DG-po,4,0.018628178118540277,15,3.75,1564,0.00959079283887468,214.728460000008,baseline_5-10
720,538,Other,ProS,0,0.0,0,0.0,406,0.0,214.728460000008,baseline_5-10
721,543,Other,ProS,10,0.04657044529635069,32,3.2,624,0.05128205128205128,214.728460000008,baseline_5-10
722,546,Other,ProS,3,0.013971133588905208,9,3.0,322,0.027950310559006212,214.728460000008,baseline_5-10
723,547,Other,SUB,8,0.037256356237080554,27,3.375,330,0.08181818181818182,214.728460000008,baseline_5-10
724,549,Other,ProS,7,0.03259931170744548,26,3.7142857142857144,1008,0.025793650793650792,214.728460000008,baseline_5-10
725,550,Other,ProS,24,0.11176906871124166,90,3.75,948,0.0949367088607595,214.728460000008,baseline_5-10
726,551,Other,ProS,9,0.041913400766715625,30,3.3333333333333335,1166,0.025728987993138937,214.728460000008,baseline_5-10
727,560,Other,ProS,2,0.009314089059270138,6,3.0,297,0.020202020202020204,214.728460000008,baseline_5-10
728,561,Other,ProS,5,0.023285222648175345,17,3.4,162,0.10493827160493827,214.728460000008,baseline_5-10
729,562,Other,ProS,12,0.05588453435562083,44,3.6666666666666665,1603,0.02744853399875234,214.728460000008,baseline_5-10
730,564,Other,ProS,35,0.16299655853722742,163,4.6571428571428575,1677,0.09719737626714371,214.728460000008,baseline_5-10
731,566,Other,ProS,18,0.08382680153343125,60,3.3333333333333335,241,0.24896265560165975,214.728460000008,baseline_5-10
732,567,Other,SUB,0,0.0,0,0.0,292,0.0,214.728460000008,baseline_5-10
733,568,Other,SUB,0,0.0,0,0.0,79,0.0,214.728460000008,baseline_5-10
734,569,Other,SUB,23,0.10711202418160659,89,3.869565217391304,828,0.10748792270531402,214.728460000008,baseline_5-10
735,570,Other,SUB,0,0.0,0,0.0,43,0.0,214.728460000008,baseline_5-10
736,571,Other,SUB,15,0.06985566794452604,60,4.0,521,0.11516314779270634,214.728460000008,baseline_5-10
737,573,Other,SUB,0,0.0,0,0.0,468,0.0,214.728460000008,baseline_5-10
738,574,Other,SUB,27,0.12574020230014687,127,4.703703703703703,447,0.2841163310961969,214.728460000008,baseline_5-10
739,576,Other,SUB,15,0.06985566794452604,57,3.8,315,0.18095238095238095,214.728460000008,baseline_5-10
740,578,Other,SUB,16,0.07451271247416111,65,4.0625,320,0.203125,214.728460000008,baseline_5-10
741,579,Other,SUB,21,0.09779793512233645,71,3.380952380952381,1342,0.05290611028315946,214.728460000008,baseline_5-10
742,580,Other,SUB,14,0.06519862341489097,45,3.2142857142857144,1687,0.026674570243034972,214.728460000008,baseline_5-10
743,582,Other,SUB,6,0.027942267177810415,27,4.5,166,0.16265060240963855,214.728460000008,baseline_5-10
744,583,Other,SUB,93,0.4331051412560614,345,3.7096774193548385,5608,0.06151925820256776,214.728460000008,baseline_5-10
745,584,Other,SUB,7,0.03259931170744548,26,3.7142857142857144,629,0.04133545310015898,214.728460000008,baseline_5-10
746,587,Other,SUB,4,0.018628178118540277,13,3.25,449,0.028953229398663696,214.728460000008,baseline_5-10
747,588,Other,SUB,23,0.10711202418160659,97,4.217391304347826,394,0.24619289340101522,214.728460000008,baseline_5-10
748,592,Other,SUB,60,0.27942267177810415,195,3.25,2674,0.07292445774121167,214.728460000008,baseline_5-10
749,600,Other,SUB,10,0.04657044529635069,31,3.1,909,0.034103410341034104,214.728460000008,baseline_5-10
750,601,Other,SUB,113,0.5262460318487628,500,4.424778761061947,1702,0.2937720329024677,214.728460000008,baseline_5-10
751,602,Other,SUB,30,0.13971133588905207,106,3.533333333333333,1366,0.07759882869692533,214.728460000008,baseline_5-10
752,604,Other,SUB,3,0.013971133588905208,10,3.3333333333333335,553,0.018083182640144666,214.728460000008,baseline_5-10
753,605,Other,SUB,25,0.11642611324087673,86,3.44,1304,0.06595092024539877,214.728460000008,baseline_5-10
754,607,Other,SUB,3,0.013971133588905208,11,3.6666666666666665,171,0.06432748538011696,214.728460000008,baseline_5-10
755,611,Other,alv,6,0.027942267177810415,21,3.5,467,0.044967880085653104,214.728460000008,baseline_5-10
756,621,Other,VISp6a,23,0.10711202418160659,109,4.739130434782608,196,0.5561224489795918,214.728460000008,baseline_5-10
757,627,Other,VISp5,0,0.0,0,0.0,351,0.0,214.728460000008,baseline_5-10
758,629,Other,VISp5,0,0.0,0,0.0,943,0.0,214.728460000008,baseline_5-10
759,631,Other,VISp5,0,0.0,0,0.0,794,0.0,214.728460000008,baseline_5-10
760,632,Other,VISp5,0,0.0,0,0.0,957,0.0,214.728460000008,baseline_5-10
761,635,Other,VISp5,4,0.018628178118540277,12,3.0,1454,0.008253094910591471,214.728460000008,baseline_5-10
762,636,Other,VISp5,0,0.0,0,0.0,490,0.0,214.728460000008,baseline_5-10
763,637,Other,VISp5,0,0.0,0,0.0,348,0.0,214.728460000008,baseline_5-10
764,639,Other,VISp5,0,0.0,0,0.0,1782,0.0,214.728460000008,baseline_5-10
765,642,Other,VISp5,0,0.0,0,0.0,1232,0.0,214.728460000008,baseline_5-10
766,645,Other,VISp5,0,0.0,0,0.0,586,0.0,214.728460000008,baseline_5-10
767,646,Other,VISp5,0,0.0,0,0.0,1236,0.0,214.728460000008,baseline_5-10
768,647,Other,VISp5,0,0.0,0,0.0,228,0.0,214.728460000008,baseline_5-10
769,651,Other,VISp5,0,0.0,0,0.0,547,0.0,214.728460000008,baseline_5-10
770,653,Other,VISp5,0,0.0,0,0.0,1069,0.0,214.728460000008,baseline_5-10
771,655,Other,VISp5,0,0.0,0,0.0,976,0.0,214.728460000008,baseline_5-10
772,656,Other,VISp5,0,0.0,0,0.0,397,0.0,214.728460000008,baseline_5-10
773,663,Other,VISp5,0,0.0,0,0.0,304,0.0,214.728460000008,baseline_5-10
774,668,Other,VISp4,2,0.009314089059270138,8,4.0,348,0.022988505747126436,214.728460000008,baseline_5-10
775,669,Other,VISp4,0,0.0,0,0.0,148,0.0,214.728460000008,baseline_5-10
776,679,Other,VISp4,0,0.0,0,0.0,125,0.0,214.728460000008,baseline_5-10
777,681,Other,VISp4,0,0.0,0,0.0,6,0.0,214.728460000008,baseline_5-10
778,684,Other,VISp2/3,0,0.0,0,0.0,76,0.0,214.728460000008,baseline_5-10
779,687,Other,VISp2/3,0,0.0,0,0.0,103,0.0,214.728460000008,baseline_5-10
780,688,Other,VISp2/3,0,0.0,0,0.0,12,0.0,214.728460000008,baseline_5-10
781,689,Other,VISp2/3,0,0.0,0,0.0,9,0.0,214.728460000008,baseline_5-10
782,690,Other,VISp2/3,0,0.0,0,0.0,103,0.0,214.728460000008,baseline_5-10
783,695,Other,VISp2/3,0,0.0,0,0.0,41,0.0,214.728460000008,baseline_5-10
784,696,Other,VISp2/3,0,0.0,0,0.0,43,0.0,214.728460000008,baseline_5-10
785,697,Other,VISp2/3,0,0.0,0,0.0,35,0.0,214.728460000008,baseline_5-10
786,700,Other,VISp2/3,0,0.0,0,0.0,81,0.0,214.728460000008,baseline_5-10
787,708,Other,PoT,66,0.30736493895591455,324,4.909090909090909,376,0.8617021276595744,214.728460000008,baseline_5-10
788,711,Other,PoT,112,0.5215889873191277,447,3.9910714285714284,748,0.5975935828877005,214.728460000008,baseline_5-10
789,718,Other,PoT,42,0.1955958702446729,162,3.857142857142857,269,0.6022304832713755,214.728460000008,baseline_5-10
790,719,Other,PoT,55,0.2561374491299288,196,3.5636363636363635,800,0.245,214.728460000008,baseline_5-10
791,720,Other,PoT,39,0.1816247366557677,145,3.717948717948718,369,0.39295392953929537,214.728460000008,baseline_5-10
792,722,Other,PoT,62,0.28873676083737426,260,4.193548387096774,631,0.4120443740095087,214.728460000008,baseline_5-10
793,724,Other,SGN,39,0.1816247366557677,170,4.358974358974359,207,0.821256038647343,214.728460000008,baseline_5-10
794,725,Other,SGN,82,0.3818776514300757,323,3.9390243902439024,969,0.3333333333333333,214.728460000008,baseline_5-10
795,726,Other,SGN,56,0.26079449365956386,263,4.696428571428571,298,0.8825503355704698,214.728460000008,baseline_5-10
796,727,Other,SGN,5,0.023285222648175345,16,3.2,65,0.24615384615384617,214.728460000008,baseline_5-10
797,728,Other,SGN,17,0.07916975700379618,56,3.2941176470588234,247,0.22672064777327935,214.728460000008,baseline_5-10
798,730,Thalamus,LP,2,0.009314089059270138,4,2.0,42,0.09523809523809523,214.728460000008,baseline_5-10
799,731,Thalamus,LP,38,0.17696769212613261,99,2.6052631578947367,660,0.15,214.728460000008,baseline_5-10
800,734,Other,DG-sg,4,0.018628178118540277,12,3.0,172,0.06976744186046512,214.728460000008,baseline_5-10
801,735,Other,DG-sg,5,0.023285222648175345,16,3.2,184,0.08695652173913043,214.728460000008,baseline_5-10
802,755,Other,SUB,1,0.004657044529635069,4,4.0,365,0.010958904109589041,214.728460000008,baseline_5-10
803,756,Other,ProS,0,0.0,0,0.0,24,0.0,214.728460000008,baseline_5-10
804,758,Other,ProS,0,0.0,0,0.0,12,0.0,214.728460000008,baseline_5-10
805,761,Other,SUB,38,0.17696769212613261,156,4.105263157894737,1389,0.11231101511879049,214.728460000008,baseline_5-10
806,762,Other,SUB,6,0.027942267177810415,19,3.1666666666666665,217,0.08755760368663594,214.728460000008,baseline_5-10
807,763,Other,SUB,5,0.023285222648175345,17,3.4,300,0.056666666666666664,214.728460000008,baseline_5-10
808,764,Other,SUB,19,0.08848384606306631,67,3.526315789473684,1519,0.044107965766951945,214.728460000008,baseline_5-10
809,769,Other,VISp5,0,0.0,0,0.0,3,0.0,214.728460000008,baseline_5-10
810,780,Other,VISp2/3,0,0.0,0,0.0,72,0.0,214.728460000008,baseline_5-10
811,782,Other,VISp2/3,0,0.0,0,0.0,4,0.0,214.728460000008,baseline_5-10
812,783,Other,VISp2/3,0,0.0,0,0.0,4,0.0,214.728460000008,baseline_5-10
813,784,Other,VISp2/3,0,0.0,0,0.0,0,0.0,214.728460000008,baseline_5-10
814,786,Other,VISp2/3,0,0.0,0,0.0,53,0.0,214.728460000008,baseline_5-10
815,793,Other,DG-sg,1,0.004657044529635069,3,3.0,1275,0.002352941176470588,214.728460000008,baseline_5-10
816,795,Other,DG-sg,0,0.0,0,0.0,4,0.0,214.728460000008,baseline_5-10
817,796,Other,DG-sg,0,0.0,0,0.0,7,0.0,214.728460000008,baseline_5-10
818,798,Other,ProS,0,0.0,0,0.0,3,0.0,214.728460000008,baseline_5-10
819,799,Other,VISp2/3,0,0.0,0,0.0,3,0.0,214.728460000008,baseline_5-10
820,806,Other,SPFp,0,0.0,0,0.0,0,0.0,214.728460000008,baseline_5-10
821,809,Other,PoT,54,0.25148040460029375,209,3.8703703703703702,563,0.37122557726465366,214.728460000008,baseline_5-10
822,811,Other,DG-mo,0,0.0,0,0.0,7,0.0,214.728460000008,baseline_5-10
823,812,Other,DG-po,8,0.037256356237080554,27,3.375,133,0.20300751879699247,214.728460000008,baseline_5-10
824,815,Other,ProS,0,0.0,0,0.0,4,0.0,214.728460000008,baseline_5-10
825,816,Other,ProS,35,0.16299655853722742,125,3.5714285714285716,3767,0.03318290416777276,214.728460000008,baseline_5-10
826,818,Other,VISp5,7,0.03259931170744548,23,3.2857142857142856,748,0.03074866310160428,214.728460000008,baseline_5-10
827,820,Other,VISp2/3,0,0.0,0,0.0,10,0.0,214.728460000008,baseline_5-10
828,822,Other,VISp6a,0,0.0,0,0.0,5,0.0,214.728460000008,baseline_5-10
829,823,Other,VISp2/3,0,0.0,0,0.0,9,0.0,214.728460000008,baseline_5-10
830,824,Other,VISp2/3,0,0.0,0,0.0,5,0.0,214.728460000008,baseline_5-10
831,825,Other,VISp2/3,0,0.0,0,0.0,5,0.0,214.728460000008,baseline_5-10
832,826,Other,VISp2/3,0,0.0,0,0.0,4,0.0,214.728460000008,baseline_5-10
833,827,Other,VISp2/3,0,0.0,0,0.0,2,0.0,214.728460000008,baseline_5-10
834,831,Other,VISp2/3,0,0.0,0,0.0,8,0.0,214.728460000008,baseline_5-10
835,843,Other,int,0,0.0,0,0.0,324,0.0,214.728460000008,baseline_5-10
836,845,Other,int,0,0.0,0,0.0,4783,0.0,214.728460000008,baseline_5-10
837,851,Other,int,1,0.004657044529635069,4,4.0,20,0.2,214.728460000008,baseline_5-10
838,859,Other,int,0,0.0,0,0.0,1,0.0,214.728460000008,baseline_5-10
839,865,Other,int,0,0.0,0,0.0,572,0.0,214.728460000008,baseline_5-10
840,868,Other,int,0,0.0,0,0.0,796,0.0,214.728460000008,baseline_5-10
841,873,Other,int,0,0.0,0,0.0,88,0.0,214.728460000008,baseline_5-10
842,892,Other,int,0,0.0,0,0.0,106,0.0,214.728460000008,baseline_5-10
843,900,Other,int,0,0.0,0,0.0,40,0.0,214.728460000008,baseline_5-10
844,904,Other,int,4,0.018628178118540277,17,4.25,2524,0.006735340729001585,214.728460000008,baseline_5-10
845,913,Other,int,42,0.1955958702446729,138,3.2857142857142856,390,0.35384615384615387,214.728460000008,baseline_5-10
846,914,Other,int,0,0.0,0,0.0,67,0.0,214.728460000008,baseline_5-10
847,932,Other,int,56,0.26079449365956386,194,3.4642857142857144,654,0.2966360856269113,214.728460000008,baseline_5-10
848,938,Other,int,76,0.35393538425226523,269,3.539473684210526,1057,0.25449385052034057,214.728460000008,baseline_5-10
849,950,Other,int,1,0.004657044529635069,4,4.0,254,0.015748031496062992,214.728460000008,baseline_5-10
850,962,STR,STR,1,0.004657044529635069,3,3.0,4641,0.0006464124111182935,214.728460000008,baseline_5-10
851,964,STR,STR,53,0.24682336007065867,187,3.5283018867924527,1845,0.1013550135501355,214.728460000008,baseline_5-10
852,965,STR,STR,0,0.0,0,0.0,118,0.0,214.728460000008,baseline_5-10
853,967,Other,int,2,0.009314089059270138,6,3.0,1165,0.005150214592274678,214.728460000008,baseline_5-10
854,969,STR,STR,2,0.009314089059270138,7,3.5,3406,0.002055196711685261,214.728460000008,baseline_5-10
855,970,Other,int,1,0.004657044529635069,3,3.0,118,0.025423728813559324,214.728460000008,baseline_5-10
856,972,STR,STR,0,0.0,0,0.0,0,0.0,214.728460000008,baseline_5-10
857,976,STR,STR,0,0.0,0,0.0,1007,0.0,214.728460000008,baseline_5-10
858,980,STR,CP,0,0.0,0,0.0,0,0.0,214.728460000008,baseline_5-10
859,982,STR,CP,7,0.03259931170744548,29,4.142857142857143,3834,0.007563901930099113,214.728460000008,baseline_5-10
860,984,STR,CP,0,0.0,0,0.0,4,0.0,214.728460000008,baseline_5-10
861,986,STR,CP,5,0.023285222648175345,18,3.6,4999,0.0036007201440288058,214.728460000008,baseline_5-10
862,988,STR,CP,236,1.0990625089938764,901,3.8177966101694913,2433,0.3703247020139745,214.728460000008,baseline_5-10
863,989,STR,CP,0,0.0,0,0.0,517,0.0,214.728460000008,baseline_5-10
864,990,STR,CP,1,0.004657044529635069,4,4.0,1549,0.0025823111684958036,214.728460000008,baseline_5-10
865,993,STR,CP,2,0.009314089059270138,9,4.5,2881,0.0031239153071850054,214.728460000008,baseline_5-10
866,997,STR,CP,2,0.009314089059270138,6,3.0,1446,0.004149377593360996,214.728460000008,baseline_5-10
867,1001,STR,CP,0,0.0,0,0.0,9,0.0,214.728460000008,baseline_5-10
868,1008,STR,CP,9,0.041913400766715625,37,4.111111111111111,5980,0.006187290969899666,214.728460000008,baseline_5-10
869,1009,STR,CP,37,0.17231064759649756,121,3.27027027027027,1200,0.10083333333333333,214.728460000008,baseline_5-10
870,1013,STR,CP,72,0.335307206133725,290,4.027777777777778,398,0.7286432160804021,214.728460000008,baseline_5-10
871,1014,STR,CP,0,0.0,0,0.0,124,0.0,214.728460000008,baseline_5-10
872,1021,STR,CP,10,0.04657044529635069,90,9.0,804,0.11194029850746269,214.728460000008,baseline_5-10
873,1027,STR,CP,1,0.004657044529635069,3,3.0,1833,0.0016366612111292963,214.728460000008,baseline_5-10
874,1028,STR,CP,2,0.009314089059270138,6,3.0,2369,0.002532714225411566,214.728460000008,baseline_5-10
875,1033,STR,CP,160,0.745127124741611,642,4.0125,2603,0.2466384940453323,214.728460000008,baseline_5-10
876,1038,STR,CP,6,0.027942267177810415,19,3.1666666666666665,396,0.047979797979797977,214.728460000008,baseline_5-10
877,1040,STR,CP,7,0.03259931170744548,24,3.4285714285714284,1042,0.023032629558541268,214.728460000008,baseline_5-10
878,1045,STR,CP,31,0.14436838041868713,105,3.3870967741935485,1837,0.05715841045182363,214.728460000008,baseline_5-10
879,1048,STR,CP,5,0.023285222648175345,24,4.8,1920,0.0125,214.728460000008,baseline_5-10
880,1065,STR,CP,0,0.0,0,0.0,135,0.0,214.728460000008,baseline_5-10
881,1066,STR,CP,0,0.0,0,0.0,1706,0.0,214.728460000008,baseline_5-10
882,1068,STR,CP,0,0.0,0,0.0,839,0.0,214.728460000008,baseline_5-10
883,1069,STR,CP,1,0.004657044529635069,4,4.0,1786,0.0022396416573348264,214.728460000008,baseline_5-10
884,1073,STR,CP,81,0.37722060690044057,269,3.3209876543209877,6193,0.043436137574681094,214.728460000008,baseline_5-10
885,1096,Somatosensory,SSp-bfd6a,17,0.07916975700379618,97,5.705882352941177,1209,0.08023159636062861,214.728460000008,baseline_5-10
886,1106,Somatosensory,SSp-bfd6a,0,0.0,0,0.0,37,0.0,214.728460000008,baseline_5-10
887,1108,Somatosensory,SSp-bfd6a,7,0.03259931170744548,24,3.4285714285714284,543,0.04419889502762431,214.728460000008,baseline_5-10
888,1110,Somatosensory,SSp-bfd6a,5,0.023285222648175345,17,3.4,549,0.030965391621129327,214.728460000008,baseline_5-10
889,1111,Somatosensory,SSp-bfd6a,2,0.009314089059270138,7,3.5,350,0.02,214.728460000008,baseline_5-10
890,1113,Somatosensory,SSp-bfd6a,6,0.027942267177810415,27,4.5,2018,0.013379583746283449,214.728460000008,baseline_5-10
891,1114,Somatosensory,SSp-bfd6a,3,0.013971133588905208,10,3.3333333333333335,172,0.05813953488372093,214.728460000008,baseline_5-10
892,1115,Somatosensory,SSp-bfd6a,0,0.0,0,0.0,23,0.0,214.728460000008,baseline_5-10
893,1117,Somatosensory,SSp-bfd6a,0,0.0,0,0.0,36,0.0,214.728460000008,baseline_5-10
894,1118,Somatosensory,SSp-bfd6a,0,0.0,0,0.0,14,0.0,214.728460000008,baseline_5-10
895,1119,Somatosensory,SSp-bfd6a,2,0.009314089059270138,10,5.0,344,0.029069767441860465,214.728460000008,baseline_5-10
896,1126,Somatosensory,SSp-bfd6a,39,0.1816247366557677,183,4.6923076923076925,1917,0.09546165884194054,214.728460000008,baseline_5-10
897,1128,Somatosensory,SSp-bfd6a,0,0.0,0,0.0,652,0.0,214.728460000008,baseline_5-10
898,1130,Somatosensory,SSp-bfd6a,0,0.0,0,0.0,682,0.0,214.728460000008,baseline_5-10
899,1133,Somatosensory,SSp-bfd6a,10,0.04657044529635069,34,3.4,1453,0.02339986235375086,214.728460000008,baseline_5-10
900,1138,Somatosensory,SSp-bfd5,0,0.0,0,0.0,86,0.0,214.728460000008,baseline_5-10
901,1142,Somatosensory,SSp-bfd5,0,0.0,0,0.0,1066,0.0,214.728460000008,baseline_5-10
902,1151,Somatosensory,SSp-bfd5,1,0.004657044529635069,4,4.0,193,0.02072538860103627,214.728460000008,baseline_5-10
903,1154,Somatosensory,SSp-bfd5,1,0.004657044529635069,3,3.0,2296,0.0013066202090592336,214.728460000008,baseline_5-10
904,1160,Somatosensory,SSp-bfd5,0,0.0,0,0.0,0,0.0,214.728460000008,baseline_5-10
905,1180,Somatosensory,SSp-bfd5,0,0.0,0,0.0,354,0.0,214.728460000008,baseline_5-10
906,1191,Somatosensory,SSp-bfd4,0,0.0,0,0.0,14,0.0,214.728460000008,baseline_5-10
907,1192,Somatosensory,SSp-bfd4,0,0.0,0,0.0,36,0.0,214.728460000008,baseline_5-10
908,1194,Somatosensory,SSp-bfd5,0,0.0,0,0.0,311,0.0,214.728460000008,baseline_5-10
909,1198,Somatosensory,SSp-bfd4,0,0.0,0,0.0,200,0.0,214.728460000008,baseline_5-10
910,1201,Somatosensory,SSp-bfd4,1,0.004657044529635069,5,5.0,357,0.014005602240896359,214.728460000008,baseline_5-10
911,1209,Somatosensory,SSp-bfd4,0,0.0,0,0.0,10,0.0,214.728460000008,baseline_5-10
912,1210,Somatosensory,SSp-bfd4,1,0.004657044529635069,3,3.0,810,0.003703703703703704,214.728460000008,baseline_5-10
913,1212,Somatosensory,SSp-bfd4,0,0.0,0,0.0,773,0.0,214.728460000008,baseline_5-10
914,1215,Somatosensory,SSp-bfd4,0,0.0,0,0.0,3,0.0,214.728460000008,baseline_5-10
915,1219,Somatosensory,SSp-bfd4,0,0.0,0,0.0,0,0.0,214.728460000008,baseline_5-10
916,1220,Somatosensory,SSp-bfd4,0,0.0,0,0.0,14,0.0,214.728460000008,baseline_5-10
917,1222,Somatosensory,SSp-bfd4,0,0.0,0,0.0,139,0.0,214.728460000008,baseline_5-10
918,1223,Somatosensory,SSp-bfd4,6,0.027942267177810415,19,3.1666666666666665,76,0.25,214.728460000008,baseline_5-10
919,1227,Somatosensory,SSp-bfd4,0,0.0,0,0.0,46,0.0,214.728460000008,baseline_5-10
920,1230,Somatosensory,SSp-bfd4,0,0.0,0,0.0,1581,0.0,214.728460000008,baseline_5-10
921,1234,Somatosensory,SSp-bfd4,0,0.0,0,0.0,15,0.0,214.728460000008,baseline_5-10
922,1235,Somatosensory,SSp-bfd4,0,0.0,0,0.0,414,0.0,214.728460000008,baseline_5-10
923,1236,Somatosensory,SSp-bfd4,0,0.0,0,0.0,103,0.0,214.728460000008,baseline_5-10
924,1239,Somatosensory,SSp-bfd4,0,0.0,0,0.0,292,0.0,214.728460000008,baseline_5-10
925,1244,Somatosensory,SSp-bfd4,0,0.0,0,0.0,44,0.0,214.728460000008,baseline_5-10
926,1245,Somatosensory,SSp-bfd4,0,0.0,0,0.0,366,0.0,214.728460000008,baseline_5-10
927,1247,Somatosensory,SSp-bfd4,0,0.0,0,0.0,12,0.0,214.728460000008,baseline_5-10
928,1248,Somatosensory,SSp-bfd4,0,0.0,0,0.0,27,0.0,214.728460000008,baseline_5-10
929,1254,Somatosensory,SSp-bfd2/3,0,0.0,0,0.0,1626,0.0,214.728460000008,baseline_5-10
930,1257,Somatosensory,SSp-bfd2/3,0,0.0,0,0.0,44,0.0,214.728460000008,baseline_5-10
931,1258,Somatosensory,SSp-bfd4,0,0.0,0,0.0,15,0.0,214.728460000008,baseline_5-10
932,1265,Somatosensory,SSp-bfd2/3,0,0.0,0,0.0,119,0.0,214.728460000008,baseline_5-10
933,1267,Somatosensory,SSp-bfd2/3,0,0.0,0,0.0,80,0.0,214.728460000008,baseline_5-10
934,1286,Somatosensory,SSp-bfd2/3,0,0.0,0,0.0,26,0.0,214.728460000008,baseline_5-10
935,1318,STR,CP,0,0.0,0,0.0,0,0.0,214.728460000008,baseline_5-10
936,1319,STR,CP,0,0.0,0,0.0,0,0.0,214.728460000008,baseline_5-10
937,1321,STR,CP,0,0.0,0,0.0,1,0.0,214.728460000008,baseline_5-10
938,1331,STR,CP,0,0.0,0,0.0,10,0.0,214.728460000008,baseline_5-10
939,1337,Somatosensory,SSp-bfd6a,20,0.09314089059270138,80,4.0,128,0.625,214.728460000008,baseline_5-10
940,1350,Somatosensory,SSp-bfd5,0,0.0,0,0.0,1,0.0,214.728460000008,baseline_5-10
941,1354,Somatosensory,SSp-bfd5,0,0.0,0,0.0,6,0.0,214.728460000008,baseline_5-10
942,1357,Somatosensory,SSp-bfd5,0,0.0,0,0.0,4,0.0,214.728460000008,baseline_5-10
943,1369,Somatosensory,SSp-bfd2/3,0,0.0,0,0.0,74,0.0,214.728460000008,baseline_5-10
944,1370,Somatosensory,SSp-bfd4,0,0.0,0,0.0,0,0.0,214.728460000008,baseline_5-10
945,1372,Somatosensory,SSp-bfd2/3,0,0.0,0,0.0,3,0.0,214.728460000008,baseline_5-10
946,1373,Somatosensory,SSp-bfd2/3,1,0.004657044529635069,4,4.0,21,0.19047619047619047,214.728460000008,baseline_5-10
947,1374,Somatosensory,SSp-bfd4,0,0.0,0,0.0,8,0.0,214.728460000008,baseline_5-10
948,1386,Somatosensory,SSp-bfd2/3,0,0.0,0,0.0,0,0.0,214.728460000008,baseline_5-10
949,1405,Somatosensory,SSp-bfd5,0,0.0,0,0.0,0,0.0,214.728460000008,baseline_5-10
950,1407,Somatosensory,SSp-bfd4,0,0.0,0,0.0,33,0.0,214.728460000008,baseline_5-10
951,1414,Other,int,52,0.24216631554102358,192,3.6923076923076925,349,0.5501432664756447,214.728460000008,baseline_5-10
952,1418,Somatosensory,SSp-bfd6a,0,0.0,0,0.0,69,0.0,214.728460000008,baseline_5-10
953,1420,Somatosensory,SSp-bfd5,0,0.0,0,0.0,13,0.0,214.728460000008,baseline_5-10
954,1426,STR,STR,0,0.0,0,0.0,1,0.0,214.728460000008,baseline_5-10
955,1428,Somatosensory,SSp-bfd2/3,0,0.0,0,0.0,1,0.0,214.728460000008,baseline_5-10
956,1430,STR,STR,0,0.0,0,0.0,15,0.0,214.728460000008,baseline_5-10
957,1432,STR,STR,2,0.009314089059270138,6,3.0,17,0.35294117647058826,214.728460000008,baseline_5-10
958,1435,Other,DP,2,0.009314089059270138,6,3.0,1881,0.003189792663476874,214.728460000008,baseline_5-10
959,1443,Other,ILA2/3,0,0.0,0,0.0,23,0.0,214.728460000008,baseline_5-10
960,1445,Other,ILA2/3,0,0.0,0,0.0,32,0.0,214.728460000008,baseline_5-10
961,1446,Other,ILA2/3,0,0.0,0,0.0,116,0.0,214.728460000008,baseline_5-10
962,1461,Other,ILA5,0,0.0,0,0.0,40,0.0,214.728460000008,baseline_5-10
963,1464,Other,ILA5,0,0.0,0,0.0,3,0.0,214.728460000008,baseline_5-10
964,1468,Other,ILA5,1,0.004657044529635069,3,3.0,1027,0.0029211295034079843,214.728460000008,baseline_5-10
965,1506,Other,ILA5,0,0.0,0,0.0,158,0.0,214.728460000008,baseline_5-10
966,1507,Other,ILA5,0,0.0,0,0.0,16,0.0,214.728460000008,baseline_5-10
967,1509,Other,ILA5,0,0.0,0,0.0,506,0.0,214.728460000008,baseline_5-10
968,1516,Other,ILA5,0,0.0,0,0.0,17,0.0,214.728460000008,baseline_5-10
969,1529,Other,ILA5,0,0.0,0,0.0,48,0.0,214.728460000008,baseline_5-10
970,1531,Other,ILA5,68,0.3166790280151847,225,3.3088235294117645,602,0.37375415282392027,214.728460000008,baseline_5-10
971,1534,Other,ILA5,0,0.0,0,0.0,1,0.0,214.728460000008,baseline_5-10
972,1535,Other,ILA5,3,0.013971133588905208,10,3.3333333333333335,547,0.018281535648994516,214.728460000008,baseline_5-10
973,1537,Other,ILA5,0,0.0,0,0.0,0,0.0,214.728460000008,baseline_5-10
974,1538,Other,ILA5,0,0.0,0,0.0,211,0.0,214.728460000008,baseline_5-10
975,1539,Other,ILA5,0,0.0,0,0.0,358,0.0,214.728460000008,baseline_5-10
976,1541,Other,ILA5,0,0.0,0,0.0,30,0.0,214.728460000008,baseline_5-10
977,1545,Other,ILA5,0,0.0,0,0.0,30,0.0,214.728460000008,baseline_5-10
978,1550,Other,ILA5,0,0.0,0,0.0,12,0.0,214.728460000008,baseline_5-10
979,1553,Other,PL5,32,0.14902542494832222,101,3.15625,520,0.19423076923076923,214.728460000008,baseline_5-10
980,1556,Other,PL5,0,0.0,0,0.0,1944,0.0,214.728460000008,baseline_5-10
981,1563,Other,PL5,0,0.0,0,0.0,1514,0.0,214.728460000008,baseline_5-10
982,1566,Other,PL6a,0,0.0,0,0.0,32,0.0,214.728460000008,baseline_5-10
983,1570,Other,PL6a,1,0.004657044529635069,3,3.0,33,0.09090909090909091,214.728460000008,baseline_5-10
984,1573,Other,PL6a,1,0.004657044529635069,4,4.0,446,0.008968609865470852,214.728460000008,baseline_5-10
985,1582,Other,PL6a,0,0.0,0,0.0,0,0.0,214.728460000008,baseline_5-10
986,1589,Other,PL6a,0,0.0,0,0.0,327,0.0,214.728460000008,baseline_5-10
987,1591,Other,PL6a,0,0.0,0,0.0,9,0.0,214.728460000008,baseline_5-10
988,1593,Other,PL6a,2,0.009314089059270138,9,4.5,3174,0.002835538752362949,214.728460000008,baseline_5-10
989,1594,Other,PL6a,7,0.03259931170744548,24,3.4285714285714284,4907,0.004890972080701039,214.728460000008,baseline_5-10
990,1606,Other,PL6a,0,0.0,0,0.0,64,0.0,214.728460000008,baseline_5-10
991,1611,Other,PL6a,4,0.018628178118540277,12,3.0,263,0.045627376425855515,214.728460000008,baseline_5-10
992,1615,Other,PL6a,5,0.023285222648175345,18,3.6,1268,0.014195583596214511,214.728460000008,baseline_5-10
993,1624,Other,PL6a,0,0.0,0,0.0,100,0.0,214.728460000008,baseline_5-10
994,1627,Other,PL6a,0,0.0,0,0.0,8,0.0,214.728460000008,baseline_5-10
995,1641,Other,PL6a,1,0.004657044529635069,3,3.0,226,0.01327433628318584,214.728460000008,baseline_5-10
996,1643,Other,PL6a,0,0.0,0,0.0,0,0.0,214.728460000008,baseline_5-10
997,1651,Other,PL5,8,0.037256356237080554,28,3.5,99,0.2828282828282828,214.728460000008,baseline_5-10
998,1655,Other,PL5,0,0.0,0,0.0,766,0.0,214.728460000008,baseline_5-10
999,1658,Other,PL5,0,0.0,0,0.0,73,0.0,214.728460000008,baseline_5-10
1000,1676,Motor,MOs5,0,0.0,0,0.0,0,0.0,214.728460000008,baseline_5-10
1001,1681,Motor,MOs5,0,0.0,0,0.0,2,0.0,214.728460000008,baseline_5-10
1002,1684,Motor,MOs5,8,0.037256356237080554,25,3.125,421,0.05938242280285035,214.728460000008,baseline_5-10
1003,1685,Motor,MOs5,43,0.20025291477430798,142,3.302325581395349,673,0.21099554234769688,214.728460000008,baseline_5-10
1004,1686,Motor,MOs5,0,0.0,0,0.0,0,0.0,214.728460000008,baseline_5-10
1005,1687,Motor,MOs5,0,0.0,0,0.0,1,0.0,214.728460000008,baseline_5-10
1006,1690,Motor,MOs5,0,0.0,0,0.0,0,0.0,214.728460000008,baseline_5-10
1007,1697,Motor,MOs5,1,0.004657044529635069,3,3.0,44,0.06818181818181818,214.728460000008,baseline_5-10
1008,1699,Motor,MOs5,0,0.0,0,0.0,54,0.0,214.728460000008,baseline_5-10
1009,1713,Motor,MOs5,0,0.0,0,0.0,125,0.0,214.728460000008,baseline_5-10
1010,1738,Motor,MOs5,0,0.0,0,0.0,427,0.0,214.728460000008,baseline_5-10
1011,1747,STR,LSr,0,0.0,0,0.0,19,0.0,214.728460000008,baseline_5-10
1012,1749,STR,STR,0,0.0,0,0.0,19,0.0,214.728460000008,baseline_5-10
1013,1762,Other,ILA5,0,0.0,0,0.0,20,0.0,214.728460000008,baseline_5-10
1014,1763,Other,ILA5,0,0.0,0,0.0,64,0.0,214.728460000008,baseline_5-10
1015,1764,Other,ILA5,0,0.0,0,0.0,11,0.0,214.728460000008,baseline_5-10
1016,1768,Other,ILA5,0,0.0,0,0.0,19,0.0,214.728460000008,baseline_5-10
1017,1769,Other,ILA5,0,0.0,0,0.0,2,0.0,214.728460000008,baseline_5-10
1018,1782,Other,ILA5,0,0.0,0,0.0,12,0.0,214.728460000008,baseline_5-10
1019,1783,Other,ILA5,0,0.0,0,0.0,3,0.0,214.728460000008,baseline_5-10
1020,1785,Other,ILA5,0,0.0,0,0.0,2,0.0,214.728460000008,baseline_5-10
1021,1786,Other,ILA5,0,0.0,0,0.0,3,0.0,214.728460000008,baseline_5-10
1022,1789,Other,PL5,0,0.0,0,0.0,105,0.0,214.728460000008,baseline_5-10
1023,1796,Other,PL6a,0,0.0,0,0.0,141,0.0,214.728460000008,baseline_5-10
1024,1799,Other,PL6a,0,0.0,0,0.0,70,0.0,214.728460000008,baseline_5-10
1025,1801,Other,PL6a,0,0.0,0,0.0,0,0.0,214.728460000008,baseline_5-10
1026,1804,Other,PL6a,0,0.0,0,0.0,17,0.0,214.728460000008,baseline_5-10
1027,1806,Other,PL6a,0,0.0,0,0.0,3,0.0,214.728460000008,baseline_5-10
1028,1809,Other,PL6a,0,0.0,0,0.0,0,0.0,214.728460000008,baseline_5-10
1029,1811,Other,PL6a,0,0.0,0,0.0,12,0.0,214.728460000008,baseline_5-10
1030,1813,Other,PL6a,0,0.0,0,0.0,0,0.0,214.728460000008,baseline_5-10
1031,1815,Other,PL6a,0,0.0,0,0.0,4,0.0,214.728460000008,baseline_5-10
1032,1816,Other,PL6a,0,0.0,0,0.0,0,0.0,214.728460000008,baseline_5-10
1033,1818,Other,PL6a,0,0.0,0,0.0,2,0.0,214.728460000008,baseline_5-10
1034,1819,Other,PL6a,3,0.013971133588905208,11,3.6666666666666665,1994,0.005516549648946841,214.728460000008,baseline_5-10
1035,1822,Motor,MOs5,0,0.0,0,0.0,58,0.0,214.728460000008,baseline_5-10
1036,1826,Motor,MOs5,0,0.0,0,0.0,3,0.0,214.728460000008,baseline_5-10
1037,1827,Motor,MOs5,0,0.0,0,0.0,9,0.0,214.728460000008,baseline_5-10
1038,1828,Motor,MOs5,0,0.0,0,0.0,1,0.0,214.728460000008,baseline_5-10
1039,1829,Motor,MOs5,0,0.0,0,0.0,0,0.0,214.728460000008,baseline_5-10
1040,1830,Motor,MOs5,0,0.0,0,0.0,0,0.0,214.728460000008,baseline_5-10
1041,1832,Motor,MOs5,0,0.0,0,0.0,15,0.0,214.728460000008,baseline_5-10
1042,1833,Motor,MOs5,0,0.0,0,0.0,0,0.0,214.728460000008,baseline_5-10
1043,1840,STR,STR,0,0.0,0,0.0,13,0.0,214.728460000008,baseline_5-10
1044,1844,Other,ILA2/3,0,0.0,0,0.0,5,0.0,214.728460000008,baseline_5-10
1045,1848,Other,ILA5,0,0.0,0,0.0,4,0.0,214.728460000008,baseline_5-10
1046,1849,Other,ILA5,0,0.0,0,0.0,5,0.0,214.728460000008,baseline_5-10
1047,1850,Other,PL6a,0,0.0,0,0.0,13,0.0,214.728460000008,baseline_5-10
1048,1851,Other,PL6a,0,0.0,0,0.0,73,0.0,214.728460000008,baseline_5-10
1049,1852,Other,PL6a,0,0.0,0,0.0,2,0.0,214.728460000008,baseline_5-10
1050,1854,Motor,MOs5,0,0.0,0,0.0,0,0.0,214.728460000008,baseline_5-10
1051,1855,Other,ILA2/3,0,0.0,0,0.0,6,0.0,214.728460000008,baseline_5-10
1052,1856,Other,ILA5,2,0.009314089059270138,6,3.0,119,0.05042016806722689,214.728460000008,baseline_5-10
1053,1857,Other,ILA5,0,0.0,0,0.0,38,0.0,214.728460000008,baseline_5-10
1054,1860,Other,PL6a,0,0.0,0,0.0,0,0.0,214.728460000008,baseline_5-10
1055,1862,Motor,MOs5,0,0.0,0,0.0,3,0.0,214.728460000008,baseline_5-10
1056,1863,Motor,MOs5,0,0.0,0,0.0,0,0.0,214.728460000008,baseline_5-10
1057,1864,Motor,MOs5,0,0.0,0,0.0,22,0.0,214.728460000008,baseline_5-10
1058,1865,Motor,MOs5,0,0.0,0,0.0,10,0.0,214.728460000008,baseline_5-10
1059,1866,Motor,MOs5,0,0.0,0,0.0,29,0.0,214.728460000008,baseline_5-10
1060,1868,Motor,MOs5,0,0.0,0,0.0,25,0.0,214.728460000008,baseline_5-10
1061,1872,Motor,MOs5,0,0.0,0,0.0,3,0.0,214.728460000008,baseline_5-10
1062,3,Other,AMd,30,0.12660364618500913,106,3.533333333333333,2490,0.04257028112449799,236.96000000000186,effect_0-5
1063,4,Other,AMd,44,0.1856853477380134,156,3.5454545454545454,1781,0.08759124087591241,236.96000000000186,effect_0-5
1064,9,Other,AMd,42,0.1772451046590128,151,3.5952380952380953,941,0.16046758767268862,236.96000000000186,effect_0-5
1065,10,Other,AMd,70,0.2954085077650213,266,3.8,570,0.4666666666666667,236.96000000000186,effect_0-5
1066,12,Other,AMd,66,0.2785280216070201,249,3.772727272727273,2209,0.11272068809416025,236.96000000000186,effect_0-5
1067,13,Other,AMd,21,0.0886225523295064,70,3.3333333333333335,4270,0.01639344262295082,236.96000000000186,effect_0-5
1068,14,Other,AMd,35,0.14770425388251066,120,3.4285714285714284,1377,0.08714596949891068,236.96000000000186,effect_0-5
1069,16,Other,AMd,28,0.11816340310600852,101,3.607142857142857,1295,0.077992277992278,236.96000000000186,effect_0-5
1070,20,Other,AMd,43,0.1814652261985131,150,3.488372093023256,1399,0.10721944245889921,236.96000000000186,effect_0-5
1071,21,Other,AMd,77,0.32494935854152346,293,3.8051948051948052,2000,0.1465,236.96000000000186,effect_0-5
1072,23,Other,AMd,7,0.02954085077650213,22,3.142857142857143,3105,0.007085346215780998,236.96000000000186,effect_0-5
1073,24,Other,AMd,21,0.0886225523295064,68,3.238095238095238,2010,0.03383084577114428,236.96000000000186,effect_0-5
1074,26,Other,AMd,91,0.3840310600945277,333,3.659340659340659,1726,0.1929316338354577,236.96000000000186,effect_0-5
1075,28,Other,AMd,54,0.22788656313301645,202,3.740740740740741,609,0.33169129720853857,236.96000000000186,effect_0-5
1076,29,Other,AMd,44,0.1856853477380134,155,3.522727272727273,1365,0.11355311355311355,236.96000000000186,effect_0-5
1077,30,Other,AMd,70,0.2954085077650213,288,4.114285714285714,1071,0.2689075630252101,236.96000000000186,effect_0-5
1078,33,Other,AMd,23,0.097062795408507,74,3.217391304347826,1732,0.042725173210161664,236.96000000000186,effect_0-5
1079,34,Other,AMd,34,0.14348413234301036,118,3.4705882352941178,1379,0.08556925308194344,236.96000000000186,effect_0-5
1080,36,Other,AMd,63,0.26586765698851916,222,3.5238095238095237,3642,0.060955518945634266,236.96000000000186,effect_0-5
1081,38,Other,AMd,11,0.04642133693450335,43,3.909090909090909,2015,0.021339950372208438,236.96000000000186,effect_0-5
1082,42,Other,AMd,16,0.06752194463200488,51,3.1875,2381,0.02141957160856783,236.96000000000186,effect_0-5
1083,44,Other,AMd,75,0.31650911546252286,269,3.5866666666666664,1823,0.14755896873285793,236.96000000000186,effect_0-5
1084,45,Other,AMd,66,0.2785280216070201,240,3.6363636363636362,1494,0.1606425702811245,236.96000000000186,effect_0-5
1085,46,Other,AMd,43,0.1814652261985131,154,3.5813953488372094,1468,0.10490463215258855,236.96000000000186,effect_0-5
1086,48,Other,AMd,15,0.06330182309250457,55,3.6666666666666665,1641,0.03351614868982328,236.96000000000186,effect_0-5
1087,49,Other,AMd,34,0.14348413234301036,125,3.676470588235294,1744,0.0716743119266055,236.96000000000186,effect_0-5
1088,54,Other,AMd,24,0.10128291694800731,76,3.1666666666666665,1005,0.07562189054726368,236.96000000000186,effect_0-5
1089,58,Other,AMd,32,0.13504388926400976,102,3.1875,694,0.14697406340057637,236.96000000000186,effect_0-5
1090,61,Other,AMd,86,0.3629304523970262,318,3.697674418604651,2387,0.13322161709258484,236.96000000000186,effect_0-5
1091,62,Other,AMd,23,0.097062795408507,77,3.347826086956522,581,0.13253012048192772,236.96000000000186,effect_0-5
1092,63,Other,AMd,69,0.291188386225521,252,3.652173913043478,1095,0.23013698630136986,236.96000000000186,effect_0-5
1093,69,Other,AMd,70,0.2954085077650213,241,3.442857142857143,446,0.5403587443946188,236.96000000000186,effect_0-5
1094,74,Other,AD,64,0.2700877785280195,241,3.765625,1383,0.1742588575560376,236.96000000000186,effect_0-5
1095,97,Other,AD,1,0.004220121539500305,5,5.0,369,0.013550135501355014,236.96000000000186,effect_0-5
1096,98,Other,AD,7,0.02954085077650213,24,3.4285714285714284,1085,0.022119815668202765,236.96000000000186,effect_0-5
1097,102,Other,cing,4,0.01688048615800122,29,7.25,679,0.042709867452135494,236.96000000000186,effect_0-5
1098,103,Motor,MOp6a,1,0.004220121539500305,3,3.0,246,0.012195121951219513,236.96000000000186,effect_0-5
1099,104,Motor,MOp6a,0,0.0,0,0.0,867,0.0,236.96000000000186,effect_0-5
1100,105,Motor,MOp6a,8,0.03376097231600244,36,4.5,1408,0.02556818181818182,236.96000000000186,effect_0-5
1101,108,Motor,MOp6a,0,0.0,0,0.0,1792,0.0,236.96000000000186,effect_0-5
1102,117,Motor,MOp6a,0,0.0,0,0.0,853,0.0,236.96000000000186,effect_0-5
1103,122,Motor,MOp5,2,0.00844024307900061,7,3.5,120,0.058333333333333334,236.96000000000186,effect_0-5
1104,124,Motor,MOp5,0,0.0,0,0.0,549,0.0,236.96000000000186,effect_0-5
1105,126,Motor,MOp5,0,0.0,0,0.0,10,0.0,236.96000000000186,effect_0-5
1106,127,Motor,MOp5,0,0.0,0,0.0,1,0.0,236.96000000000186,effect_0-5
1107,128,Motor,MOp5,0,0.0,0,0.0,376,0.0,236.96000000000186,effect_0-5
1108,131,Motor,MOp5,0,0.0,0,0.0,111,0.0,236.96000000000186,effect_0-5
1109,137,Motor,MOp5,2,0.00844024307900061,6,3.0,651,0.009216589861751152,236.96000000000186,effect_0-5
1110,139,Motor,MOp5,1,0.004220121539500305,4,4.0,680,0.0058823529411764705,236.96000000000186,effect_0-5
1111,141,Motor,MOp5,8,0.03376097231600244,30,3.75,2836,0.010578279266572637,236.96000000000186,effect_0-5
1112,145,Motor,MOp5,0,0.0,0,0.0,341,0.0,236.96000000000186,effect_0-5
1113,146,Motor,MOp5,0,0.0,0,0.0,2277,0.0,236.96000000000186,effect_0-5
1114,150,Motor,MOp5,0,0.0,0,0.0,508,0.0,236.96000000000186,effect_0-5
1115,151,Motor,MOp5,9,0.03798109385550274,27,3.0,2510,0.010756972111553785,236.96000000000186,effect_0-5
1116,152,Motor,MOp5,0,0.0,0,0.0,460,0.0,236.96000000000186,effect_0-5
1117,153,Motor,MOp5,0,0.0,0,0.0,7,0.0,236.96000000000186,effect_0-5
1118,154,Motor,MOp5,2,0.00844024307900061,7,3.5,1406,0.004978662873399715,236.96000000000186,effect_0-5
1119,155,Motor,MOp5,0,0.0,0,0.0,113,0.0,236.96000000000186,effect_0-5
1120,157,Motor,MOp5,0,0.0,0,0.0,39,0.0,236.96000000000186,effect_0-5
1121,161,Motor,MOp5,0,0.0,0,0.0,256,0.0,236.96000000000186,effect_0-5
1122,164,Motor,MOp2/3,0,0.0,0,0.0,41,0.0,236.96000000000186,effect_0-5
1123,167,Other,RSPagl2/3,0,0.0,0,0.0,1335,0.0,236.96000000000186,effect_0-5
1124,174,Other,RSPagl2/3,0,0.0,0,0.0,52,0.0,236.96000000000186,effect_0-5
1125,178,Other,RSPagl2/3,0,0.0,0,0.0,1951,0.0,236.96000000000186,effect_0-5
1126,182,Somatosensory,SSp-tr2/3,3,0.012660364618500914,10,3.3333333333333335,366,0.0273224043715847,236.96000000000186,effect_0-5
1127,186,Somatosensory,SSp-tr2/3,2,0.00844024307900061,6,3.0,344,0.01744186046511628,236.96000000000186,effect_0-5
1128,188,Somatosensory,SSp-tr2/3,0,0.0,0,0.0,343,0.0,236.96000000000186,effect_0-5
1129,192,Somatosensory,SSp-tr2/3,0,0.0,0,0.0,108,0.0,236.96000000000186,effect_0-5
1130,193,Somatosensory,SSp-tr2/3,0,0.0,0,0.0,90,0.0,236.96000000000186,effect_0-5
1131,197,Somatosensory,SSp-tr2/3,0,0.0,0,0.0,70,0.0,236.96000000000186,effect_0-5
1132,204,Somatosensory,SSp-tr1,0,0.0,0,0.0,9,0.0,236.96000000000186,effect_0-5
1133,205,Other,AMd,54,0.22788656313301645,201,3.7222222222222223,551,0.3647912885662432,236.96000000000186,effect_0-5
1134,206,Other,AD,10,0.042201215395003044,33,3.3,768,0.04296875,236.96000000000186,effect_0-5
1135,210,Motor,MOp6a,0,0.0,0,0.0,164,0.0,236.96000000000186,effect_0-5
1136,211,Motor,MOp6a,0,0.0,0,0.0,944,0.0,236.96000000000186,effect_0-5
1137,213,Motor,MOp5,0,0.0,0,0.0,0,0.0,236.96000000000186,effect_0-5
1138,216,Motor,MOp5,0,0.0,0,0.0,155,0.0,236.96000000000186,effect_0-5
1139,217,Motor,MOp5,0,0.0,0,0.0,5,0.0,236.96000000000186,effect_0-5
1140,218,Motor,MOp5,0,0.0,0,0.0,567,0.0,236.96000000000186,effect_0-5
1141,219,Motor,MOp5,7,0.02954085077650213,23,3.2857142857142856,236,0.09745762711864407,236.96000000000186,effect_0-5
1142,221,Motor,MOp5,0,0.0,0,0.0,1791,0.0,236.96000000000186,effect_0-5
1143,223,Motor,MOp5,1,0.004220121539500305,3,3.0,21,0.14285714285714285,236.96000000000186,effect_0-5
1144,226,Motor,MOp5,0,0.0,0,0.0,81,0.0,236.96000000000186,effect_0-5
1145,227,Motor,MOp5,0,0.0,0,0.0,14,0.0,236.96000000000186,effect_0-5
1146,230,Other,RSPagl2/3,0,0.0,0,0.0,1,0.0,236.96000000000186,effect_0-5
1147,232,Somatosensory,SSp-tr2/3,0,0.0,0,0.0,67,0.0,236.96000000000186,effect_0-5
1148,233,Somatosensory,SSp-tr2/3,0,0.0,0,0.0,9,0.0,236.96000000000186,effect_0-5
1149,234,Somatosensory,SSp-tr2/3,0,0.0,0,0.0,6,0.0,236.96000000000186,effect_0-5
1150,238,Somatosensory,SSp-tr1,0,0.0,0,0.0,6,0.0,236.96000000000186,effect_0-5
1151,242,Motor,MOp2/3,0,0.0,0,0.0,39,0.0,236.96000000000186,effect_0-5
1152,243,Other,RSPagl2/3,0,0.0,0,0.0,46,0.0,236.96000000000186,effect_0-5
1153,244,Somatosensory,SSp-tr1,0,0.0,0,0.0,3,0.0,236.96000000000186,effect_0-5
1154,247,Motor,MOp5,0,0.0,0,0.0,81,0.0,236.96000000000186,effect_0-5
1155,248,Motor,MOp2/3,0,0.0,0,0.0,92,0.0,236.96000000000186,effect_0-5
1156,249,Somatosensory,SSp-tr2/3,0,0.0,0,0.0,1,0.0,236.96000000000186,effect_0-5
1157,250,Somatosensory,SSp-tr1,0,0.0,0,0.0,9,0.0,236.96000000000186,effect_0-5
1158,252,Other,SPFp,0,0.0,0,0.0,59,0.0,236.96000000000186,effect_0-5
1159,266,Other,SPFp,60,0.25320729237001827,220,3.6666666666666665,522,0.421455938697318,236.96000000000186,effect_0-5
1160,272,Other,PoT,159,0.6709993247805485,576,3.6226415094339623,1011,0.56973293768546,236.96000000000186,effect_0-5
1161,279,Other,PoT,0,0.0,0,0.0,171,0.0,236.96000000000186,effect_0-5
1162,281,Other,PoT,0,0.0,0,0.0,20,0.0,236.96000000000186,effect_0-5
1163,286,Other,PoT,43,0.1814652261985131,188,4.372093023255814,232,0.8103448275862069,236.96000000000186,effect_0-5
1164,291,Other,PoT,49,0.20678595543551492,187,3.816326530612245,858,0.21794871794871795,236.96000000000186,effect_0-5
1165,292,Other,PoT,48,0.20256583389601462,177,3.6875,510,0.34705882352941175,236.96000000000186,effect_0-5
1166,296,Other,PoT,54,0.22788656313301645,214,3.962962962962963,710,0.30140845070422534,236.96000000000186,effect_0-5
1167,298,Other,PoT,72,0.3038487508440219,277,3.8472222222222223,1181,0.23454699407281965,236.96000000000186,effect_0-5
1168,299,Other,PoT,4,0.01688048615800122,13,3.25,303,0.0429042904290429,236.96000000000186,effect_0-5
1169,302,Other,PoT,27,0.11394328156650822,91,3.3703703703703702,212,0.42924528301886794,236.96000000000186,effect_0-5
1170,304,Other,PoT,30,0.12660364618500913,121,4.033333333333333,405,0.29876543209876544,236.96000000000186,effect_0-5
1171,306,Other,PoT,66,0.2785280216070201,251,3.803030303030303,387,0.648578811369509,236.96000000000186,effect_0-5
1172,307,Other,PoT,53,0.22366644159351615,203,3.830188679245283,316,0.6424050632911392,236.96000000000186,effect_0-5
1173,310,Other,PoT,0,0.0,0,0.0,14,0.0,236.96000000000186,effect_0-5
1174,316,Other,PoT,22,0.0928426738690067,75,3.409090909090909,692,0.10838150289017341,236.96000000000186,effect_0-5
1175,317,Other,PoT,22,0.0928426738690067,75,3.409090909090909,995,0.07537688442211055,236.96000000000186,effect_0-5
1176,321,Other,PoT,17,0.07174206617150518,61,3.588235294117647,372,0.1639784946236559,236.96000000000186,effect_0-5
1177,325,Other,PoT,17,0.07174206617150518,60,3.5294117647058822,1085,0.055299539170506916,236.96000000000186,effect_0-5
1178,328,Other,PoT,0,0.0,0,0.0,25,0.0,236.96000000000186,effect_0-5
1179,330,Other,PoT,19,0.08018230925050579,70,3.6842105263157894,2871,0.024381748519679555,236.96000000000186,effect_0-5
1180,331,Other,PoT,25,0.10550303848750761,92,3.68,1713,0.053706946876824285,236.96000000000186,effect_0-5
1181,333,Other,PoT,3,0.012660364618500914,15,5.0,844,0.017772511848341232,236.96000000000186,effect_0-5
1182,334,Other,PoT,44,0.1856853477380134,175,3.977272727272727,1675,0.1044776119402985,236.96000000000186,effect_0-5
1183,338,Other,PoT,9,0.03798109385550274,29,3.2222222222222223,1540,0.01883116883116883,236.96000000000186,effect_0-5
1184,340,Other,PoT,2,0.00844024307900061,6,3.0,299,0.020066889632107024,236.96000000000186,effect_0-5
1185,341,Other,PoT,0,0.0,0,0.0,92,0.0,236.96000000000186,effect_0-5
1186,344,Other,PoT,2,0.00844024307900061,6,3.0,1340,0.004477611940298508,236.96000000000186,effect_0-5
1187,347,Other,PoT,15,0.06330182309250457,53,3.533333333333333,1843,0.02875746066196419,236.96000000000186,effect_0-5
1188,350,Other,PoT,8,0.03376097231600244,31,3.875,420,0.07380952380952381,236.96000000000186,effect_0-5
1189,352,Other,PoT,1,0.004220121539500305,3,3.0,362,0.008287292817679558,236.96000000000186,effect_0-5
1190,355,Other,PoT,2,0.00844024307900061,9,4.5,127,0.07086614173228346,236.96000000000186,effect_0-5
1191,361,Other,PoT,8,0.03376097231600244,89,11.125,2520,0.03531746031746032,236.96000000000186,effect_0-5
1192,362,Other,PoT,49,0.20678595543551492,200,4.081632653061225,1471,0.13596193065941536,236.96000000000186,effect_0-5
1193,367,Other,PoT,4,0.01688048615800122,13,3.25,875,0.014857142857142857,236.96000000000186,effect_0-5
1194,368,Other,PoT,3,0.012660364618500914,9,3.0,117,0.07692307692307693,236.96000000000186,effect_0-5
1195,369,Other,PoT,57,0.24054692775151737,258,4.526315789473684,1470,0.17551020408163265,236.96000000000186,effect_0-5
1196,372,Other,PoT,5,0.021100607697501522,16,3.2,1307,0.01224177505738332,236.96000000000186,effect_0-5
1197,381,Other,PoT,28,0.11816340310600852,107,3.8214285714285716,568,0.18838028169014084,236.96000000000186,effect_0-5
1198,382,Other,PoT,38,0.16036461850101158,143,3.763157894736842,564,0.25354609929078015,236.96000000000186,effect_0-5
1199,385,Other,PoT,21,0.0886225523295064,68,3.238095238095238,284,0.23943661971830985,236.96000000000186,effect_0-5
1200,388,Other,PoT,107,0.4515530047265326,531,4.962616822429907,7739,0.06861351595813413,236.96000000000186,effect_0-5
1201,392,Other,PoT,50,0.21100607697501522,224,4.48,797,0.2810539523212045,236.96000000000186,effect_0-5
1202,394,Other,PoT,22,0.0928426738690067,81,3.6818181818181817,1081,0.07493061979648474,236.96000000000186,effect_0-5
1203,396,Other,PoT,16,0.06752194463200488,56,3.5,793,0.07061790668348046,236.96000000000186,effect_0-5
1204,404,Other,PoT,64,0.2700877785280195,309,4.828125,742,0.4164420485175202,236.96000000000186,effect_0-5
1205,405,Other,PoT,22,0.0928426738690067,76,3.4545454545454546,1248,0.060897435897435896,236.96000000000186,effect_0-5
1206,406,Other,PoT,50,0.21100607697501522,189,3.78,1388,0.1361671469740634,236.96000000000186,effect_0-5
1207,408,Other,PoT,86,0.3629304523970262,391,4.546511627906977,775,0.5045161290322581,236.96000000000186,effect_0-5
1208,412,Other,PoT,6,0.025320729237001828,23,3.8333333333333335,436,0.052752293577981654,236.96000000000186,effect_0-5
1209,414,Other,PoT,10,0.042201215395003044,36,3.6,194,0.18556701030927836,236.96000000000186,effect_0-5
1210,415,Other,PoT,40,0.16880486158001218,149,3.725,711,0.20956399437412096,236.96000000000186,effect_0-5
1211,417,Other,PoT,85,0.3587103308575259,391,4.6,812,0.4815270935960591,236.96000000000186,effect_0-5
1212,418,Other,PoT,21,0.0886225523295064,79,3.761904761904762,1010,0.07821782178217822,236.96000000000186,effect_0-5
1213,419,Other,PoT,16,0.06752194463200488,66,4.125,426,0.15492957746478872,236.96000000000186,effect_0-5
1214,421,Other,PoT,54,0.22788656313301645,223,4.12962962962963,1254,0.17783094098883573,236.96000000000186,effect_0-5
1215,422,Other,PoT,9,0.03798109385550274,35,3.888888888888889,291,0.12027491408934708,236.96000000000186,effect_0-5
1216,425,Other,PoT,36,0.15192437542201095,131,3.638888888888889,449,0.29175946547884185,236.96000000000186,effect_0-5
1217,428,Other,PoT,12,0.050641458474003656,49,4.083333333333333,3098,0.0158166559070368,236.96000000000186,effect_0-5
1218,429,Other,PoT,18,0.07596218771100548,78,4.333333333333333,367,0.2125340599455041,236.96000000000186,effect_0-5
1219,430,Other,PoT,67,0.2827481431465204,226,3.373134328358209,1086,0.20810313075506445,236.96000000000186,effect_0-5
1220,433,Other,PoT,19,0.08018230925050579,75,3.9473684210526314,489,0.15337423312883436,236.96000000000186,effect_0-5
1221,434,Other,PoT,23,0.097062795408507,90,3.9130434782608696,598,0.1505016722408027,236.96000000000186,effect_0-5
1222,435,Other,PoT,31,0.13082376772450943,119,3.838709677419355,225,0.5288888888888889,236.96000000000186,effect_0-5
1223,437,Other,PoT,22,0.0928426738690067,84,3.8181818181818183,429,0.1958041958041958,236.96000000000186,effect_0-5
1224,438,Other,PoT,17,0.07174206617150518,65,3.823529411764706,487,0.13347022587268995,236.96000000000186,effect_0-5
1225,440,Other,SGN,27,0.11394328156650822,105,3.888888888888889,423,0.24822695035460993,236.96000000000186,effect_0-5
1226,443,Other,PoT,68,0.2869682646860207,291,4.279411764705882,1001,0.2907092907092907,236.96000000000186,effect_0-5
1227,445,Other,SGN,83,0.35027008777852525,309,3.7228915662650603,1578,0.1958174904942966,236.96000000000186,effect_0-5
1228,446,Other,SGN,24,0.10128291694800731,105,4.375,217,0.4838709677419355,236.96000000000186,effect_0-5
1229,447,Other,SGN,39,0.16458474004051188,154,3.948717948717949,494,0.3117408906882591,236.96000000000186,effect_0-5
1230,448,Other,SGN,59,0.24898717083051797,218,3.694915254237288,691,0.3154848046309696,236.96000000000186,effect_0-5
1231,450,Other,SGN,65,0.2743079000675198,237,3.646153846153846,490,0.48367346938775513,236.96000000000186,effect_0-5
1232,451,Other,SGN,64,0.2700877785280195,285,4.453125,1789,0.1593068753493572,236.96000000000186,effect_0-5
1233,453,Other,SGN,78,0.32916948008102376,348,4.461538461538462,1109,0.31379621280432823,236.96000000000186,effect_0-5
1234,457,Other,SGN,52,0.21944632005401585,185,3.5576923076923075,1015,0.18226600985221675,236.96000000000186,effect_0-5
1235,458,Other,SGN,0,0.0,0,0.0,128,0.0,236.96000000000186,effect_0-5
1236,463,Other,SGN,8,0.03376097231600244,31,3.875,329,0.09422492401215805,236.96000000000186,effect_0-5
1237,465,Other,SGN,131,0.5528359216745399,541,4.129770992366412,1551,0.3488072211476467,236.96000000000186,effect_0-5
1238,471,Other,SGN,83,0.35027008777852525,473,5.698795180722891,1039,0.4552454282964389,236.96000000000186,effect_0-5
1239,492,Other,DG-sg,0,0.0,0,0.0,58,0.0,236.96000000000186,effect_0-5
1240,495,Other,DG-sg,0,0.0,0,0.0,2,0.0,236.96000000000186,effect_0-5
1241,496,Other,DG-sg,2,0.00844024307900061,7,3.5,111,0.06306306306306306,236.96000000000186,effect_0-5
1242,498,Other,DG-sg,0,0.0,0,0.0,11,0.0,236.96000000000186,effect_0-5
1243,500,Other,DG-sg,3,0.012660364618500914,11,3.6666666666666665,129,0.08527131782945736,236.96000000000186,effect_0-5
1244,501,Other,DG-sg,4,0.01688048615800122,13,3.25,1114,0.011669658886894075,236.96000000000186,effect_0-5
1245,504,Other,DG-po,0,0.0,0,0.0,18,0.0,236.96000000000186,effect_0-5
1246,505,Other,DG-po,9,0.03798109385550274,35,3.888888888888889,525,0.06666666666666667,236.96000000000186,effect_0-5
1247,506,Other,DG-po,1,0.004220121539500305,3,3.0,100,0.03,236.96000000000186,effect_0-5
1248,507,Other,DG-po,7,0.02954085077650213,24,3.4285714285714284,1335,0.017977528089887642,236.96000000000186,effect_0-5
1249,511,Other,DG-po,0,0.0,0,0.0,632,0.0,236.96000000000186,effect_0-5
1250,513,Other,DG-po,2,0.00844024307900061,7,3.5,595,0.011764705882352941,236.96000000000186,effect_0-5
1251,538,Other,ProS,1,0.004220121539500305,3,3.0,444,0.006756756756756757,236.96000000000186,effect_0-5
1252,543,Other,ProS,1,0.004220121539500305,3,3.0,130,0.023076923076923078,236.96000000000186,effect_0-5
1253,546,Other,ProS,0,0.0,0,0.0,259,0.0,236.96000000000186,effect_0-5
1254,547,Other,SUB,14,0.05908170155300426,44,3.142857142857143,461,0.09544468546637744,236.96000000000186,effect_0-5
1255,549,Other,ProS,2,0.00844024307900061,8,4.0,654,0.012232415902140673,236.96000000000186,effect_0-5
1256,550,Other,ProS,21,0.0886225523295064,78,3.7142857142857144,874,0.08924485125858124,236.96000000000186,effect_0-5
1257,551,Other,ProS,11,0.04642133693450335,35,3.1818181818181817,915,0.03825136612021858,236.96000000000186,effect_0-5
1258,560,Other,ProS,0,0.0,0,0.0,0,0.0,236.96000000000186,effect_0-5
1259,561,Other,ProS,1,0.004220121539500305,3,3.0,167,0.017964071856287425,236.96000000000186,effect_0-5
1260,562,Other,ProS,8,0.03376097231600244,28,3.5,1785,0.01568627450980392,236.96000000000186,effect_0-5
1261,564,Other,ProS,37,0.15614449696151128,157,4.243243243243243,1677,0.0936195587358378,236.96000000000186,effect_0-5
1262,566,Other,ProS,20,0.08440243079000609,67,3.35,171,0.391812865497076,236.96000000000186,effect_0-5
1263,567,Other,SUB,0,0.0,0,0.0,991,0.0,236.96000000000186,effect_0-5
1264,568,Other,SUB,0,0.0,0,0.0,153,0.0,236.96000000000186,effect_0-5
1265,569,Other,SUB,23,0.097062795408507,87,3.782608695652174,1009,0.08622398414271557,236.96000000000186,effect_0-5
1266,570,Other,SUB,0,0.0,0,0.0,4,0.0,236.96000000000186,effect_0-5
1267,571,Other,SUB,21,0.0886225523295064,82,3.9047619047619047,1601,0.05121798875702686,236.96000000000186,effect_0-5
1268,573,Other,SUB,1,0.004220121539500305,3,3.0,223,0.013452914798206279,236.96000000000186,effect_0-5
1269,574,Other,SUB,23,0.097062795408507,105,4.565217391304348,360,0.2916666666666667,236.96000000000186,effect_0-5
1270,576,Other,SUB,23,0.097062795408507,89,3.869565217391304,411,0.21654501216545013,236.96000000000186,effect_0-5
1271,578,Other,SUB,25,0.10550303848750761,85,3.4,755,0.11258278145695365,236.96000000000186,effect_0-5
1272,579,Other,SUB,17,0.07174206617150518,54,3.176470588235294,1597,0.033813400125234816,236.96000000000186,effect_0-5
1273,580,Other,SUB,10,0.042201215395003044,34,3.4,1460,0.023287671232876714,236.96000000000186,effect_0-5
1274,582,Other,SUB,2,0.00844024307900061,8,4.0,172,0.046511627906976744,236.96000000000186,effect_0-5
1275,583,Other,SUB,81,0.34182984469952465,277,3.419753086419753,4774,0.058022622538751574,236.96000000000186,effect_0-5
1276,584,Other,SUB,4,0.01688048615800122,12,3.0,653,0.018376722817764167,236.96000000000186,effect_0-5
1277,587,Other,SUB,1,0.004220121539500305,3,3.0,442,0.006787330316742082,236.96000000000186,effect_0-5
1278,588,Other,SUB,32,0.13504388926400976,128,4.0,473,0.27061310782241016,236.96000000000186,effect_0-5
1279,592,Other,SUB,79,0.33338960162052406,264,3.3417721518987342,2829,0.09331919406150584,236.96000000000186,effect_0-5
1280,600,Other,SUB,9,0.03798109385550274,31,3.4444444444444446,547,0.056672760511883,236.96000000000186,effect_0-5
1281,601,Other,SUB,120,0.5064145847400365,541,4.508333333333334,1721,0.3143521208599651,236.96000000000186,effect_0-5
1282,602,Other,SUB,34,0.14348413234301036,120,3.5294117647058822,928,0.12931034482758622,236.96000000000186,effect_0-5
1283,604,Other,SUB,10,0.042201215395003044,38,3.8,430,0.08837209302325581,236.96000000000186,effect_0-5
1284,605,Other,SUB,13,0.05486158001350396,46,3.5384615384615383,812,0.05665024630541872,236.96000000000186,effect_0-5
1285,607,Other,SUB,1,0.004220121539500305,3,3.0,279,0.010752688172043012,236.96000000000186,effect_0-5
1286,611,Other,alv,12,0.050641458474003656,42,3.5,837,0.05017921146953405,236.96000000000186,effect_0-5
1287,621,Other,VISp6a,45,0.1899054692775137,183,4.066666666666666,266,0.6879699248120301,236.96000000000186,effect_0-5
1288,627,Other,VISp5,0,0.0,0,0.0,1340,0.0,236.96000000000186,effect_0-5
1289,629,Other,VISp5,0,0.0,0,0.0,962,0.0,236.96000000000186,effect_0-5
1290,631,Other,VISp5,0,0.0,0,0.0,815,0.0,236.96000000000186,effect_0-5
1291,632,Other,VISp5,0,0.0,0,0.0,952,0.0,236.96000000000186,effect_0-5
1292,635,Other,VISp5,1,0.004220121539500305,3,3.0,1508,0.001989389920424403,236.96000000000186,effect_0-5
1293,636,Other,VISp5,0,0.0,0,0.0,745,0.0,236.96000000000186,effect_0-5
1294,637,Other,VISp5,0,0.0,0,0.0,667,0.0,236.96000000000186,effect_0-5
1295,639,Other,VISp5,1,0.004220121539500305,3,3.0,1688,0.0017772511848341231,236.96000000000186,effect_0-5
1296,642,Other,VISp5,0,0.0,0,0.0,1032,0.0,236.96000000000186,effect_0-5
1297,645,Other,VISp5,0,0.0,0,0.0,876,0.0,236.96000000000186,effect_0-5
1298,646,Other,VISp5,0,0.0,0,0.0,975,0.0,236.96000000000186,effect_0-5
1299,647,Other,VISp5,0,0.0,0,0.0,119,0.0,236.96000000000186,effect_0-5
1300,651,Other,VISp5,0,0.0,0,0.0,523,0.0,236.96000000000186,effect_0-5
1301,653,Other,VISp5,0,0.0,0,0.0,1261,0.0,236.96000000000186,effect_0-5
1302,655,Other,VISp5,0,0.0,0,0.0,1066,0.0,236.96000000000186,effect_0-5
1303,656,Other,VISp5,0,0.0,0,0.0,466,0.0,236.96000000000186,effect_0-5
1304,663,Other,VISp5,0,0.0,0,0.0,331,0.0,236.96000000000186,effect_0-5
1305,668,Other,VISp4,0,0.0,0,0.0,226,0.0,236.96000000000186,effect_0-5
1306,669,Other,VISp4,0,0.0,0,0.0,119,0.0,236.96000000000186,effect_0-5
1307,679,Other,VISp4,0,0.0,0,0.0,123,0.0,236.96000000000186,effect_0-5
1308,681,Other,VISp4,0,0.0,0,0.0,2,0.0,236.96000000000186,effect_0-5
1309,684,Other,VISp2/3,0,0.0,0,0.0,8,0.0,236.96000000000186,effect_0-5
1310,687,Other,VISp2/3,0,0.0,0,0.0,58,0.0,236.96000000000186,effect_0-5
1311,688,Other,VISp2/3,0,0.0,0,0.0,42,0.0,236.96000000000186,effect_0-5
1312,689,Other,VISp2/3,0,0.0,0,0.0,10,0.0,236.96000000000186,effect_0-5
1313,690,Other,VISp2/3,0,0.0,0,0.0,155,0.0,236.96000000000186,effect_0-5
1314,695,Other,VISp2/3,0,0.0,0,0.0,64,0.0,236.96000000000186,effect_0-5
1315,696,Other,VISp2/3,0,0.0,0,0.0,20,0.0,236.96000000000186,effect_0-5
1316,697,Other,VISp2/3,0,0.0,0,0.0,76,0.0,236.96000000000186,effect_0-5
1317,700,Other,VISp2/3,0,0.0,0,0.0,36,0.0,236.96000000000186,effect_0-5
1318,708,Other,PoT,57,0.24054692775151737,270,4.7368421052631575,349,0.7736389684813754,236.96000000000186,effect_0-5
1319,711,Other,PoT,37,0.15614449696151128,139,3.7567567567567566,406,0.34236453201970446,236.96000000000186,effect_0-5
1320,718,Other,PoT,19,0.08018230925050579,64,3.3684210526315788,150,0.4266666666666667,236.96000000000186,effect_0-5
1321,719,Other,PoT,10,0.042201215395003044,34,3.4,435,0.07816091954022988,236.96000000000186,effect_0-5
1322,720,Other,PoT,31,0.13082376772450943,128,4.129032258064516,773,0.16558861578266496,236.96000000000186,effect_0-5
1323,722,Other,PoT,42,0.1772451046590128,172,4.095238095238095,874,0.19679633867276888,236.96000000000186,effect_0-5
1324,724,Other,SGN,30,0.12660364618500913,105,3.5,258,0.4069767441860465,236.96000000000186,effect_0-5
1325,725,Other,SGN,36,0.15192437542201095,139,3.861111111111111,706,0.19688385269121814,236.96000000000186,effect_0-5
1326,726,Other,SGN,44,0.1856853477380134,194,4.409090909090909,338,0.5739644970414202,236.96000000000186,effect_0-5
1327,727,Other,SGN,11,0.04642133693450335,40,3.6363636363636362,232,0.1724137931034483,236.96000000000186,effect_0-5
1328,728,Other,SGN,12,0.050641458474003656,41,3.4166666666666665,339,0.12094395280235988,236.96000000000186,effect_0-5
1329,730,Thalamus,LP,3,0.012660364618500914,9,3.0,33,0.2727272727272727,236.96000000000186,effect_0-5
1330,731,Thalamus,LP,38,0.16036461850101158,90,2.3684210526315788,401,0.22443890274314215,236.96000000000186,effect_0-5
1331,734,Other,DG-sg,0,0.0,0,0.0,37,0.0,236.96000000000186,effect_0-5
1332,735,Other,DG-sg,5,0.021100607697501522,16,3.2,223,0.07174887892376682,236.96000000000186,effect_0-5
1333,755,Other,SUB,7,0.02954085077650213,22,3.142857142857143,274,0.08029197080291971,236.96000000000186,effect_0-5
1334,756,Other,ProS,0,0.0,0,0.0,13,0.0,236.96000000000186,effect_0-5
1335,758,Other,ProS,0,0.0,0,0.0,0,0.0,236.96000000000186,effect_0-5
1336,761,Other,SUB,64,0.2700877785280195,251,3.921875,1523,0.16480630334865398,236.96000000000186,effect_0-5
1337,762,Other,SUB,5,0.021100607697501522,17,3.4,209,0.08133971291866028,236.96000000000186,effect_0-5
1338,763,Other,SUB,1,0.004220121539500305,3,3.0,183,0.01639344262295082,236.96000000000186,effect_0-5
1339,764,Other,SUB,22,0.0928426738690067,79,3.590909090909091,1894,0.04171066525871172,236.96000000000186,effect_0-5
1340,769,Other,VISp5,0,0.0,0,0.0,0,0.0,236.96000000000186,effect_0-5
1341,780,Other,VISp2/3,0,0.0,0,0.0,10,0.0,236.96000000000186,effect_0-5
1342,782,Other,VISp2/3,0,0.0,0,0.0,20,0.0,236.96000000000186,effect_0-5
1343,783,Other,VISp2/3,0,0.0,0,0.0,3,0.0,236.96000000000186,effect_0-5
1344,784,Other,VISp2/3,0,0.0,0,0.0,0,0.0,236.96000000000186,effect_0-5
1345,786,Other,VISp2/3,0,0.0,0,0.0,157,0.0,236.96000000000186,effect_0-5
1346,793,Other,DG-sg,0,0.0,0,0.0,671,0.0,236.96000000000186,effect_0-5
1347,795,Other,DG-sg,0,0.0,0,0.0,0,0.0,236.96000000000186,effect_0-5
1348,796,Other,DG-sg,0,0.0,0,0.0,0,0.0,236.96000000000186,effect_0-5
1349,798,Other,ProS,0,0.0,0,0.0,8,0.0,236.96000000000186,effect_0-5
1350,799,Other,VISp2/3,0,0.0,0,0.0,7,0.0,236.96000000000186,effect_0-5
1351,806,Other,SPFp,0,0.0,0,0.0,0,0.0,236.96000000000186,effect_0-5
1352,809,Other,PoT,17,0.07174206617150518,58,3.411764705882353,571,0.10157618213660245,236.96000000000186,effect_0-5
1353,811,Other,DG-mo,0,0.0,0,0.0,0,0.0,236.96000000000186,effect_0-5
1354,812,Other,DG-po,1,0.004220121539500305,3,3.0,84,0.03571428571428571,236.96000000000186,effect_0-5
1355,815,Other,ProS,0,0.0,0,0.0,130,0.0,236.96000000000186,effect_0-5
1356,816,Other,ProS,44,0.1856853477380134,155,3.522727272727273,4168,0.03718809980806142,236.96000000000186,effect_0-5
1357,818,Other,VISp5,0,0.0,0,0.0,119,0.0,236.96000000000186,effect_0-5
1358,820,Other,VISp2/3,0,0.0,0,0.0,25,0.0,236.96000000000186,effect_0-5
1359,822,Other,VISp6a,0,0.0,0,0.0,2,0.0,236.96000000000186,effect_0-5
1360,823,Other,VISp2/3,0,0.0,0,0.0,9,0.0,236.96000000000186,effect_0-5
1361,824,Other,VISp2/3,0,0.0,0,0.0,2,0.0,236.96000000000186,effect_0-5
1362,825,Other,VISp2/3,0,0.0,0,0.0,7,0.0,236.96000000000186,effect_0-5
1363,826,Other,VISp2/3,0,0.0,0,0.0,5,0.0,236.96000000000186,effect_0-5
1364,827,Other,VISp2/3,0,0.0,0,0.0,6,0.0,236.96000000000186,effect_0-5
1365,831,Other,VISp2/3,0,0.0,0,0.0,17,0.0,236.96000000000186,effect_0-5
1366,843,Other,int,0,0.0,0,0.0,3940,0.0,236.96000000000186,effect_0-5
1367,845,Other,int,3,0.012660364618500914,9,3.0,4037,0.002229378251176616,236.96000000000186,effect_0-5
1368,851,Other,int,0,0.0,0,0.0,8,0.0,236.96000000000186,effect_0-5
1369,859,Other,int,21,0.0886225523295064,92,4.380952380952381,1752,0.05251141552511415,236.96000000000186,effect_0-5
1370,865,Other,int,0,0.0,0,0.0,518,0.0,236.96000000000186,effect_0-5
1371,868,Other,int,1,0.004220121539500305,3,3.0,1014,0.0029585798816568047,236.96000000000186,effect_0-5
1372,873,Other,int,1,0.004220121539500305,7,7.0,2042,0.0034280117531831538,236.96000000000186,effect_0-5
1373,892,Other,int,0,0.0,0,0.0,180,0.0,236.96000000000186,effect_0-5
1374,900,Other,int,0,0.0,0,0.0,1097,0.0,236.96000000000186,effect_0-5
1375,904,Other,int,5,0.021100607697501522,22,4.4,2544,0.008647798742138365,236.96000000000186,effect_0-5
1376,913,Other,int,20,0.08440243079000609,64,3.2,580,0.1103448275862069,236.96000000000186,effect_0-5
1377,914,Other,int,0,0.0,0,0.0,579,0.0,236.96000000000186,effect_0-5
1378,932,Other,int,17,0.07174206617150518,55,3.235294117647059,393,0.13994910941475827,236.96000000000186,effect_0-5
1379,938,Other,int,5,0.021100607697501522,16,3.2,800,0.02,236.96000000000186,effect_0-5
1380,950,Other,int,2,0.00844024307900061,8,4.0,895,0.008938547486033519,236.96000000000186,effect_0-5
1381,962,STR,STR,0,0.0,0,0.0,3497,0.0,236.96000000000186,effect_0-5
1382,964,STR,STR,42,0.1772451046590128,178,4.238095238095238,1212,0.14686468646864687,236.96000000000186,effect_0-5
1383,965,STR,STR,1,0.004220121539500305,3,3.0,213,0.014084507042253521,236.96000000000186,effect_0-5
1384,967,Other,int,1,0.004220121539500305,4,4.0,63,0.06349206349206349,236.96000000000186,effect_0-5
1385,969,STR,STR,4,0.01688048615800122,18,4.5,3977,0.004526024641689716,236.96000000000186,effect_0-5
1386,970,Other,int,1,0.004220121539500305,3,3.0,154,0.01948051948051948,236.96000000000186,effect_0-5
1387,972,STR,STR,0,0.0,0,0.0,27,0.0,236.96000000000186,effect_0-5
1388,976,STR,STR,0,0.0,0,0.0,532,0.0,236.96000000000186,effect_0-5
1389,980,STR,CP,0,0.0,0,0.0,1,0.0,236.96000000000186,effect_0-5
1390,982,STR,CP,2,0.00844024307900061,7,3.5,3824,0.0018305439330543933,236.96000000000186,effect_0-5
1391,984,STR,CP,1,0.004220121539500305,3,3.0,2429,0.0012350761630300535,236.96000000000186,effect_0-5
1392,986,STR,CP,3,0.012660364618500914,9,3.0,4369,0.002059967956054017,236.96000000000186,effect_0-5
1393,988,STR,CP,244,1.0297096556380743,966,3.959016393442623,1629,0.5930018416206262,236.96000000000186,effect_0-5
1394,989,STR,CP,1,0.004220121539500305,3,3.0,761,0.003942181340341655,236.96000000000186,effect_0-5
1395,990,STR,CP,0,0.0,0,0.0,391,0.0,236.96000000000186,effect_0-5
1396,993,STR,CP,3,0.012660364618500914,14,4.666666666666667,2895,0.004835924006908463,236.96000000000186,effect_0-5
1397,997,STR,CP,4,0.01688048615800122,25,6.25,2064,0.012112403100775194,236.96000000000186,effect_0-5
1398,1001,STR,CP,0,0.0,0,0.0,8,0.0,236.96000000000186,effect_0-5
1399,1008,STR,CP,7,0.02954085077650213,23,3.2857142857142856,2159,0.010653080129689671,236.96000000000186,effect_0-5
1400,1009,STR,CP,24,0.10128291694800731,80,3.3333333333333335,2110,0.037914691943127965,236.96000000000186,effect_0-5
1401,1013,STR,CP,23,0.097062795408507,92,4.0,203,0.45320197044334976,236.96000000000186,effect_0-5
1402,1014,STR,CP,0,0.0,0,0.0,43,0.0,236.96000000000186,effect_0-5
1403,1021,STR,CP,3,0.012660364618500914,9,3.0,1557,0.005780346820809248,236.96000000000186,effect_0-5
1404,1027,STR,CP,0,0.0,0,0.0,1501,0.0,236.96000000000186,effect_0-5
1405,1028,STR,CP,0,0.0,0,0.0,2450,0.0,236.96000000000186,effect_0-5
1406,1033,STR,CP,173,0.7300810263335527,715,4.132947976878612,2737,0.26123492875411036,236.96000000000186,effect_0-5
1407,1038,STR,CP,9,0.03798109385550274,30,3.3333333333333335,1479,0.02028397565922921,236.96000000000186,effect_0-5
1408,1040,STR,CP,9,0.03798109385550274,32,3.5555555555555554,1405,0.022775800711743774,236.96000000000186,effect_0-5
1409,1045,STR,CP,5,0.021100607697501522,15,3.0,2259,0.006640106241699867,236.96000000000186,effect_0-5
1410,1048,STR,CP,6,0.025320729237001828,35,5.833333333333333,1958,0.01787538304392237,236.96000000000186,effect_0-5
1411,1065,STR,CP,0,0.0,0,0.0,335,0.0,236.96000000000186,effect_0-5
1412,1066,STR,CP,1,0.004220121539500305,3,3.0,1211,0.002477291494632535,236.96000000000186,effect_0-5
1413,1068,STR,CP,0,0.0,0,0.0,1188,0.0,236.96000000000186,effect_0-5
1414,1069,STR,CP,5,0.021100607697501522,23,4.6,2116,0.010869565217391304,236.96000000000186,effect_0-5
1415,1073,STR,CP,19,0.08018230925050579,70,3.6842105263157894,1886,0.03711558854718982,236.96000000000186,effect_0-5
1416,1096,Somatosensory,SSp-bfd6a,14,0.05908170155300426,48,3.4285714285714284,591,0.08121827411167512,236.96000000000186,effect_0-5
1417,1106,Somatosensory,SSp-bfd6a,3,0.012660364618500914,9,3.0,1330,0.006766917293233083,236.96000000000186,effect_0-5
1418,1108,Somatosensory,SSp-bfd6a,0,0.0,0,0.0,414,0.0,236.96000000000186,effect_0-5
1419,1110,Somatosensory,SSp-bfd6a,1,0.004220121539500305,3,3.0,154,0.01948051948051948,236.96000000000186,effect_0-5
1420,1111,Somatosensory,SSp-bfd6a,0,0.0,0,0.0,129,0.0,236.96000000000186,effect_0-5
1421,1113,Somatosensory,SSp-bfd6a,5,0.021100607697501522,30,6.0,2888,0.01038781163434903,236.96000000000186,effect_0-5
1422,1114,Somatosensory,SSp-bfd6a,0,0.0,0,0.0,96,0.0,236.96000000000186,effect_0-5
1423,1115,Somatosensory,SSp-bfd6a,0,0.0,0,0.0,1,0.0,236.96000000000186,effect_0-5
1424,1117,Somatosensory,SSp-bfd6a,0,0.0,0,0.0,15,0.0,236.96000000000186,effect_0-5
1425,1118,Somatosensory,SSp-bfd6a,0,0.0,0,0.0,766,0.0,236.96000000000186,effect_0-5
1426,1119,Somatosensory,SSp-bfd6a,0,0.0,0,0.0,349,0.0,236.96000000000186,effect_0-5
1427,1126,Somatosensory,SSp-bfd6a,22,0.0928426738690067,91,4.136363636363637,1541,0.05905256327060351,236.96000000000186,effect_0-5
1428,1128,Somatosensory,SSp-bfd6a,0,0.0,0,0.0,421,0.0,236.96000000000186,effect_0-5
1429,1130,Somatosensory,SSp-bfd6a,0,0.0,0,0.0,475,0.0,236.96000000000186,effect_0-5
1430,1133,Somatosensory,SSp-bfd6a,6,0.025320729237001828,22,3.6666666666666665,1180,0.01864406779661017,236.96000000000186,effect_0-5
1431,1138,Somatosensory,SSp-bfd5,0,0.0,0,0.0,103,0.0,236.96000000000186,effect_0-5
1432,1142,Somatosensory,SSp-bfd5,1,0.004220121539500305,3,3.0,1948,0.001540041067761807,236.96000000000186,effect_0-5
1433,1151,Somatosensory,SSp-bfd5,0,0.0,0,0.0,34,0.0,236.96000000000186,effect_0-5
1434,1154,Somatosensory,SSp-bfd5,0,0.0,0,0.0,1860,0.0,236.96000000000186,effect_0-5
1435,1160,Somatosensory,SSp-bfd5,0,0.0,0,0.0,4,0.0,236.96000000000186,effect_0-5
1436,1180,Somatosensory,SSp-bfd5,0,0.0,0,0.0,130,0.0,236.96000000000186,effect_0-5
1437,1191,Somatosensory,SSp-bfd4,0,0.0,0,0.0,98,0.0,236.96000000000186,effect_0-5
1438,1192,Somatosensory,SSp-bfd4,1,0.004220121539500305,4,4.0,163,0.024539877300613498,236.96000000000186,effect_0-5
1439,1194,Somatosensory,SSp-bfd5,0,0.0,0,0.0,284,0.0,236.96000000000186,effect_0-5
1440,1198,Somatosensory,SSp-bfd4,0,0.0,0,0.0,306,0.0,236.96000000000186,effect_0-5
1441,1201,Somatosensory,SSp-bfd4,6,0.025320729237001828,28,4.666666666666667,562,0.0498220640569395,236.96000000000186,effect_0-5
1442,1209,Somatosensory,SSp-bfd4,0,0.0,0,0.0,1,0.0,236.96000000000186,effect_0-5
1443,1210,Somatosensory,SSp-bfd4,1,0.004220121539500305,3,3.0,878,0.003416856492027335,236.96000000000186,effect_0-5
1444,1212,Somatosensory,SSp-bfd4,0,0.0,0,0.0,856,0.0,236.96000000000186,effect_0-5
1445,1215,Somatosensory,SSp-bfd4,0,0.0,0,0.0,6,0.0,236.96000000000186,effect_0-5
1446,1219,Somatosensory,SSp-bfd4,0,0.0,0,0.0,0,0.0,236.96000000000186,effect_0-5
1447,1220,Somatosensory,SSp-bfd4,0,0.0,0,0.0,18,0.0,236.96000000000186,effect_0-5
1448,1222,Somatosensory,SSp-bfd4,1,0.004220121539500305,3,3.0,709,0.004231311706629055,236.96000000000186,effect_0-5
1449,1223,Somatosensory,SSp-bfd4,3,0.012660364618500914,9,3.0,136,0.0661764705882353,236.96000000000186,effect_0-5
1450,1227,Somatosensory,SSp-bfd4,0,0.0,0,0.0,33,0.0,236.96000000000186,effect_0-5
1451,1230,Somatosensory,SSp-bfd4,0,0.0,0,0.0,2543,0.0,236.96000000000186,effect_0-5
1452,1234,Somatosensory,SSp-bfd4,0,0.0,0,0.0,0,0.0,236.96000000000186,effect_0-5
1453,1235,Somatosensory,SSp-bfd4,0,0.0,0,0.0,833,0.0,236.96000000000186,effect_0-5
1454,1236,Somatosensory,SSp-bfd4,0,0.0,0,0.0,190,0.0,236.96000000000186,effect_0-5
1455,1239,Somatosensory,SSp-bfd4,0,0.0,0,0.0,153,0.0,236.96000000000186,effect_0-5
1456,1244,Somatosensory,SSp-bfd4,0,0.0,0,0.0,199,0.0,236.96000000000186,effect_0-5
1457,1245,Somatosensory,SSp-bfd4,0,0.0,0,0.0,295,0.0,236.96000000000186,effect_0-5
1458,1247,Somatosensory,SSp-bfd4,0,0.0,0,0.0,175,0.0,236.96000000000186,effect_0-5
1459,1248,Somatosensory,SSp-bfd4,0,0.0,0,0.0,45,0.0,236.96000000000186,effect_0-5
1460,1254,Somatosensory,SSp-bfd2/3,0,0.0,0,0.0,378,0.0,236.96000000000186,effect_0-5
1461,1257,Somatosensory,SSp-bfd2/3,3,0.012660364618500914,9,3.0,840,0.010714285714285714,236.96000000000186,effect_0-5
1462,1258,Somatosensory,SSp-bfd4,0,0.0,0,0.0,25,0.0,236.96000000000186,effect_0-5
1463,1265,Somatosensory,SSp-bfd2/3,0,0.0,0,0.0,18,0.0,236.96000000000186,effect_0-5
1464,1267,Somatosensory,SSp-bfd2/3,0,0.0,0,0.0,54,0.0,236.96000000000186,effect_0-5
1465,1286,Somatosensory,SSp-bfd2/3,0,0.0,0,0.0,0,0.0,236.96000000000186,effect_0-5
1466,1318,STR,CP,1,0.004220121539500305,4,4.0,41,0.0975609756097561,236.96000000000186,effect_0-5
1467,1319,STR,CP,0,0.0,0,0.0,0,0.0,236.96000000000186,effect_0-5
1468,1321,STR,CP,0,0.0,0,0.0,0,0.0,236.96000000000186,effect_0-5
1469,1331,STR,CP,0,0.0,0,0.0,1,0.0,236.96000000000186,effect_0-5
1470,1337,Somatosensory,SSp-bfd6a,0,0.0,0,0.0,18,0.0,236.96000000000186,effect_0-5
1471,1350,Somatosensory,SSp-bfd5,0,0.0,0,0.0,0,0.0,236.96000000000186,effect_0-5
1472,1354,Somatosensory,SSp-bfd5,0,0.0,0,0.0,0,0.0,236.96000000000186,effect_0-5
1473,1357,Somatosensory,SSp-bfd5,0,0.0,0,0.0,0,0.0,236.96000000000186,effect_0-5
1474,1369,Somatosensory,SSp-bfd2/3,0,0.0,0,0.0,0,0.0,236.96000000000186,effect_0-5
1475,1370,Somatosensory,SSp-bfd4,0,0.0,0,0.0,0,0.0,236.96000000000186,effect_0-5
1476,1372,Somatosensory,SSp-bfd2/3,0,0.0,0,0.0,42,0.0,236.96000000000186,effect_0-5
1477,1373,Somatosensory,SSp-bfd2/3,7,0.02954085077650213,22,3.142857142857143,35,0.6285714285714286,236.96000000000186,effect_0-5
1478,1374,Somatosensory,SSp-bfd4,0,0.0,0,0.0,2,0.0,236.96000000000186,effect_0-5
1479,1386,Somatosensory,SSp-bfd2/3,0,0.0,0,0.0,0,0.0,236.96000000000186,effect_0-5
1480,1405,Somatosensory,SSp-bfd5,0,0.0,0,0.0,0,0.0,236.96000000000186,effect_0-5
1481,1407,Somatosensory,SSp-bfd4,0,0.0,0,0.0,0,0.0,236.96000000000186,effect_0-5
1482,1414,Other,int,5,0.021100607697501522,17,3.4,146,0.11643835616438356,236.96000000000186,effect_0-5
1483,1418,Somatosensory,SSp-bfd6a,0,0.0,0,0.0,8,0.0,236.96000000000186,effect_0-5
1484,1420,Somatosensory,SSp-bfd5,0,0.0,0,0.0,10,0.0,236.96000000000186,effect_0-5
1485,1426,STR,STR,0,0.0,0,0.0,40,0.0,236.96000000000186,effect_0-5
1486,1428,Somatosensory,SSp-bfd2/3,1,0.004220121539500305,3,3.0,19,0.15789473684210525,236.96000000000186,effect_0-5
1487,1430,STR,STR,0,0.0,0,0.0,22,0.0,236.96000000000186,effect_0-5
1488,1432,STR,STR,1,0.004220121539500305,3,3.0,5,0.6,236.96000000000186,effect_0-5
1489,1435,Other,DP,1,0.004220121539500305,5,5.0,1421,0.003518648838845883,236.96000000000186,effect_0-5
1490,1443,Other,ILA2/3,0,0.0,0,0.0,10,0.0,236.96000000000186,effect_0-5
1491,1445,Other,ILA2/3,0,0.0,0,0.0,5,0.0,236.96000000000186,effect_0-5
1492,1446,Other,ILA2/3,0,0.0,0,0.0,12,0.0,236.96000000000186,effect_0-5
1493,1461,Other,ILA5,1,0.004220121539500305,4,4.0,106,0.03773584905660377,236.96000000000186,effect_0-5
1494,1464,Other,ILA5,0,0.0,0,0.0,4,0.0,236.96000000000186,effect_0-5
1495,1468,Other,ILA5,0,0.0,0,0.0,1733,0.0,236.96000000000186,effect_0-5
1496,1506,Other,ILA5,0,0.0,0,0.0,79,0.0,236.96000000000186,effect_0-5
1497,1507,Other,ILA5,0,0.0,0,0.0,3,0.0,236.96000000000186,effect_0-5
1498,1509,Other,ILA5,0,0.0,0,0.0,1041,0.0,236.96000000000186,effect_0-5
1499,1516,Other,ILA5,0,0.0,0,0.0,9,0.0,236.96000000000186,effect_0-5
1500,1529,Other,ILA5,0,0.0,0,0.0,223,0.0,236.96000000000186,effect_0-5
1501,1531,Other,ILA5,14,0.05908170155300426,50,3.5714285714285716,217,0.2304147465437788,236.96000000000186,effect_0-5
1502,1534,Other,ILA5,0,0.0,0,0.0,7,0.0,236.96000000000186,effect_0-5
1503,1535,Other,ILA5,2,0.00844024307900061,8,4.0,153,0.05228758169934641,236.96000000000186,effect_0-5
1504,1537,Other,ILA5,0,0.0,0,0.0,39,0.0,236.96000000000186,effect_0-5
1505,1538,Other,ILA5,0,0.0,0,0.0,31,0.0,236.96000000000186,effect_0-5
1506,1539,Other,ILA5,0,0.0,0,0.0,314,0.0,236.96000000000186,effect_0-5
1507,1541,Other,ILA5,0,0.0,0,0.0,6,0.0,236.96000000000186,effect_0-5
1508,1545,Other,ILA5,0,0.0,0,0.0,11,0.0,236.96000000000186,effect_0-5
1509,1550,Other,ILA5,1,0.004220121539500305,3,3.0,10,0.3,236.96000000000186,effect_0-5
1510,1553,Other,PL5,25,0.10550303848750761,84,3.36,567,0.14814814814814814,236.96000000000186,effect_0-5
1511,1556,Other,PL5,1,0.004220121539500305,9,9.0,1573,0.00572155117609663,236.96000000000186,effect_0-5
1512,1563,Other,PL5,0,0.0,0,0.0,1016,0.0,236.96000000000186,effect_0-5
1513,1566,Other,PL6a,0,0.0,0,0.0,6,0.0,236.96000000000186,effect_0-5
1514,1570,Other,PL6a,0,0.0,0,0.0,385,0.0,236.96000000000186,effect_0-5
1515,1573,Other,PL6a,0,0.0,0,0.0,591,0.0,236.96000000000186,effect_0-5
1516,1582,Other,PL6a,0,0.0,0,0.0,0,0.0,236.96000000000186,effect_0-5
1517,1589,Other,PL6a,0,0.0,0,0.0,232,0.0,236.96000000000186,effect_0-5
1518,1591,Other,PL6a,0,0.0,0,0.0,30,0.0,236.96000000000186,effect_0-5
1519,1593,Other,PL6a,4,0.01688048615800122,13,3.25,3091,0.0042057586541572305,236.96000000000186,effect_0-5
1520,1594,Other,PL6a,11,0.04642133693450335,33,3.0,5669,0.005821132474863292,236.96000000000186,effect_0-5
1521,1606,Other,PL6a,0,0.0,0,0.0,39,0.0,236.96000000000186,effect_0-5
1522,1611,Other,PL6a,0,0.0,0,0.0,82,0.0,236.96000000000186,effect_0-5
1523,1615,Other,PL6a,4,0.01688048615800122,13,3.25,1232,0.010551948051948052,236.96000000000186,effect_0-5
1524,1624,Other,PL6a,0,0.0,0,0.0,3,0.0,236.96000000000186,effect_0-5
1525,1627,Other,PL6a,0,0.0,0,0.0,14,0.0,236.96000000000186,effect_0-5
1526,1641,Other,PL6a,1,0.004220121539500305,3,3.0,174,0.017241379310344827,236.96000000000186,effect_0-5
1527,1643,Other,PL6a,0,0.0,0,0.0,0,0.0,236.96000000000186,effect_0-5
1528,1651,Other,PL5,0,0.0,0,0.0,12,0.0,236.96000000000186,effect_0-5
1529,1655,Other,PL5,0,0.0,0,0.0,123,0.0,236.96000000000186,effect_0-5
1530,1658,Other,PL5,0,0.0,0,0.0,2,0.0,236.96000000000186,effect_0-5
1531,1676,Motor,MOs5,0,0.0,0,0.0,1,0.0,236.96000000000186,effect_0-5
1532,1681,Motor,MOs5,17,0.07174206617150518,53,3.1176470588235294,277,0.19133574007220217,236.96000000000186,effect_0-5
1533,1684,Motor,MOs5,2,0.00844024307900061,6,3.0,98,0.061224489795918366,236.96000000000186,effect_0-5
1534,1685,Motor,MOs5,49,0.20678595543551492,171,3.489795918367347,395,0.43291139240506327,236.96000000000186,effect_0-5
1535,1686,Motor,MOs5,0,0.0,0,0.0,15,0.0,236.96000000000186,effect_0-5
1536,1687,Motor,MOs5,0,0.0,0,0.0,6,0.0,236.96000000000186,effect_0-5
1537,1690,Motor,MOs5,0,0.0,0,0.0,0,0.0,236.96000000000186,effect_0-5
1538,1697,Motor,MOs5,0,0.0,0,0.0,1,0.0,236.96000000000186,effect_0-5
1539,1699,Motor,MOs5,0,0.0,0,0.0,2,0.0,236.96000000000186,effect_0-5
1540,1713,Motor,MOs5,0,0.0,0,0.0,29,0.0,236.96000000000186,effect_0-5
1541,1738,Motor,MOs5,0,0.0,0,0.0,4,0.0,236.96000000000186,effect_0-5
1542,1747,STR,LSr,0,0.0,0,0.0,37,0.0,236.96000000000186,effect_0-5
1543,1749,STR,STR,0,0.0,0,0.0,60,0.0,236.96000000000186,effect_0-5
1544,1762,Other,ILA5,0,0.0,0,0.0,52,0.0,236.96000000000186,effect_0-5
1545,1763,Other,ILA5,0,0.0,0,0.0,14,0.0,236.96000000000186,effect_0-5
1546,1764,Other,ILA5,0,0.0,0,0.0,14,0.0,236.96000000000186,effect_0-5
1547,1768,Other,ILA5,0,0.0,0,0.0,48,0.0,236.96000000000186,effect_0-5
1548,1769,Other,ILA5,0,0.0,0,0.0,27,0.0,236.96000000000186,effect_0-5
1549,1782,Other,ILA5,0,0.0,0,0.0,8,0.0,236.96000000000186,effect_0-5
1550,1783,Other,ILA5,0,0.0,0,0.0,8,0.0,236.96000000000186,effect_0-5
1551,1785,Other,ILA5,0,0.0,0,0.0,21,0.0,236.96000000000186,effect_0-5
1552,1786,Other,ILA5,0,0.0,0,0.0,7,0.0,236.96000000000186,effect_0-5
1553,1789,Other,PL5,0,0.0,0,0.0,115,0.0,236.96000000000186,effect_0-5
1554,1796,Other,PL6a,0,0.0,0,0.0,19,0.0,236.96000000000186,effect_0-5
1555,1799,Other,PL6a,0,0.0,0,0.0,7,0.0,236.96000000000186,effect_0-5
1556,1801,Other,PL6a,0,0.0,0,0.0,1,0.0,236.96000000000186,effect_0-5
1557,1804,Other,PL6a,0,0.0,0,0.0,26,0.0,236.96000000000186,effect_0-5
1558,1806,Other,PL6a,0,0.0,0,0.0,3,0.0,236.96000000000186,effect_0-5
1559,1809,Other,PL6a,0,0.0,0,0.0,0,0.0,236.96000000000186,effect_0-5
1560,1811,Other,PL6a,0,0.0,0,0.0,4,0.0,236.96000000000186,effect_0-5
1561,1813,Other,PL6a,0,0.0,0,0.0,14,0.0,236.96000000000186,effect_0-5
1562,1815,Other,PL6a,0,0.0,0,0.0,1,0.0,236.96000000000186,effect_0-5
1563,1816,Other,PL6a,0,0.0,0,0.0,0,0.0,236.96000000000186,effect_0-5
1564,1818,Other,PL6a,0,0.0,0,0.0,1,0.0,236.96000000000186,effect_0-5
1565,1819,Other,PL6a,2,0.00844024307900061,6,3.0,158,0.0379746835443038,236.96000000000186,effect_0-5
1566,1822,Motor,MOs5,0,0.0,0,0.0,5,0.0,236.96000000000186,effect_0-5
1567,1826,Motor,MOs5,0,0.0,0,0.0,5,0.0,236.96000000000186,effect_0-5
1568,1827,Motor,MOs5,0,0.0,0,0.0,10,0.0,236.96000000000186,effect_0-5
1569,1828,Motor,MOs5,0,0.0,0,0.0,2,0.0,236.96000000000186,effect_0-5
1570,1829,Motor,MOs5,0,0.0,0,0.0,0,0.0,236.96000000000186,effect_0-5
1571,1830,Motor,MOs5,0,0.0,0,0.0,0,0.0,236.96000000000186,effect_0-5
1572,1832,Motor,MOs5,0,0.0,0,0.0,11,0.0,236.96000000000186,effect_0-5
1573,1833,Motor,MOs5,0,0.0,0,0.0,1,0.0,236.96000000000186,effect_0-5
1574,1840,STR,STR,1,0.004220121539500305,3,3.0,18,0.16666666666666666,236.96000000000186,effect_0-5
1575,1844,Other,ILA2/3,0,0.0,0,0.0,47,0.0,236.96000000000186,effect_0-5
1576,1848,Other,ILA5,0,0.0,0,0.0,4,0.0,236.96000000000186,effect_0-5
1577,1849,Other,ILA5,0,0.0,0,0.0,3,0.0,236.96000000000186,effect_0-5
1578,1850,Other,PL6a,0,0.0,0,0.0,1,0.0,236.96000000000186,effect_0-5
1579,1851,Other,PL6a,0,0.0,0,0.0,5,0.0,236.96000000000186,effect_0-5
1580,1852,Other,PL6a,0,0.0,0,0.0,1,0.0,236.96000000000186,effect_0-5
1581,1854,Motor,MOs5,0,0.0,0,0.0,0,0.0,236.96000000000186,effect_0-5
1582,1855,Other,ILA2/3,0,0.0,0,0.0,1,0.0,236.96000000000186,effect_0-5
1583,1856,Other,ILA5,2,0.00844024307900061,6,3.0,211,0.02843601895734597,236.96000000000186,effect_0-5
1584,1857,Other,ILA5,0,0.0,0,0.0,130,0.0,236.96000000000186,effect_0-5
1585,1860,Other,PL6a,0,0.0,0,0.0,3,0.0,236.96000000000186,effect_0-5
1586,1862,Motor,MOs5,0,0.0,0,0.0,0,0.0,236.96000000000186,effect_0-5
1587,1863,Motor,MOs5,0,0.0,0,0.0,0,0.0,236.96000000000186,effect_0-5
1588,1864,Motor,MOs5,0,0.0,0,0.0,6,0.0,236.96000000000186,effect_0-5
1589,1865,Motor,MOs5,0,0.0,0,0.0,3,0.0,236.96000000000186,effect_0-5
1590,1866,Motor,MOs5,0,0.0,0,0.0,16,0.0,236.96000000000186,effect_0-5
1591,1868,Motor,MOs5,0,0.0,0,0.0,186,0.0,236.96000000000186,effect_0-5
1592,1872,Motor,MOs5,0,0.0,0,0.0,0,0.0,236.96000000000186,effect_0-5
1593,3,Other,AMd,35,0.1166705556851896,118,3.3714285714285714,1663,0.07095610342754059,299.9899999999998,effect_5-10
1594,4,Other,AMd,107,0.3566785559518653,404,3.7757009345794392,1462,0.2763337893296854,299.9899999999998,effect_5-10
1595,9,Other,AMd,76,0.25334177805926883,278,3.6578947368421053,1248,0.22275641025641027,299.9899999999998,effect_5-10
1596,10,Other,AMd,127,0.4233474449148308,456,3.590551181102362,861,0.5296167247386759,299.9899999999998,effect_5-10
1597,12,Other,AMd,197,0.65668855628521,745,3.781725888324873,2605,0.28598848368522073,299.9899999999998,effect_5-10
1598,13,Other,AMd,55,0.18333944464815508,203,3.690909090909091,3323,0.06108937706891363,299.9899999999998,effect_5-10
1599,14,Other,AMd,139,0.46334877829261006,508,3.6546762589928057,1249,0.4067253803042434,299.9899999999998,effect_5-10
1600,16,Other,AMd,64,0.21334044468148955,225,3.515625,1127,0.19964507542147295,299.9899999999998,effect_5-10
1601,20,Other,AMd,108,0.3600120004000136,370,3.425925925925926,1595,0.23197492163009403,299.9899999999998,effect_5-10
1602,21,Other,AMd,180,0.6000200006666894,718,3.988888888888889,1860,0.3860215053763441,299.9899999999998,effect_5-10
1603,23,Other,AMd,46,0.1533384446148206,158,3.4347826086956523,2006,0.07876370887337986,299.9899999999998,effect_5-10
1604,24,Other,AMd,71,0.23667455581852745,240,3.380281690140845,1547,0.15513897866839044,299.9899999999998,effect_5-10
1605,26,Other,AMd,185,0.6166872229074307,692,3.7405405405405405,1759,0.39340534394542354,299.9899999999998,effect_5-10
1606,28,Other,AMd,124,0.413347111570386,444,3.5806451612903225,869,0.5109321058688148,299.9899999999998,effect_5-10
1607,29,Other,AMd,97,0.32334411147038256,333,3.4329896907216493,1200,0.2775,299.9899999999998,effect_5-10
1608,30,Other,AMd,161,0.5366845561518722,647,4.0186335403726705,1415,0.45724381625441696,299.9899999999998,effect_5-10
1609,33,Other,AMd,62,0.206673555785193,204,3.2903225806451615,1513,0.1348314606741573,299.9899999999998,effect_5-10
1610,34,Other,AMd,78,0.26000866695556535,268,3.4358974358974357,1547,0.17323852617970265,299.9899999999998,effect_5-10
1611,36,Other,AMd,80,0.2666755558518619,285,3.5625,2445,0.1165644171779141,299.9899999999998,effect_5-10
1612,38,Other,AMd,32,0.10667022234074477,109,3.40625,1394,0.0781922525107604,299.9899999999998,effect_5-10
1613,42,Other,AMd,48,0.16000533351111715,165,3.4375,1751,0.09423186750428326,299.9899999999998,effect_5-10
1614,44,Other,AMd,153,0.510017000566686,546,3.5686274509803924,1629,0.3351749539594843,299.9899999999998,effect_5-10
1615,45,Other,AMd,126,0.4200140004666825,452,3.5873015873015874,1510,0.2993377483443709,299.9899999999998,effect_5-10
1616,46,Other,AMd,88,0.2933431114370481,335,3.8068181818181817,1587,0.21109010712035287,299.9899999999998,effect_5-10
1617,48,Other,AMd,67,0.22334077802593436,240,3.582089552238806,1365,0.17582417582417584,299.9899999999998,effect_5-10
1618,49,Other,AMd,85,0.2833427780926033,301,3.541176470588235,1522,0.19776609724047306,299.9899999999998,effect_5-10
1619,54,Other,AMd,70,0.2333411113703792,227,3.242857142857143,1198,0.18948247078464106,299.9899999999998,effect_5-10
1620,58,Other,AMd,72,0.24000800026667574,234,3.25,680,0.34411764705882353,299.9899999999998,effect_5-10
1621,61,Other,AMd,179,0.596686556218541,634,3.541899441340782,1922,0.3298647242455775,299.9899999999998,effect_5-10
1622,62,Other,AMd,60,0.20000666688889643,203,3.3833333333333333,669,0.3034379671150972,299.9899999999998,effect_5-10
1623,63,Other,AMd,148,0.49334977832594457,517,3.4932432432432434,1341,0.3855331841909023,299.9899999999998,effect_5-10
1624,69,Other,AMd,118,0.39334644488149634,392,3.3220338983050848,707,0.5544554455445545,299.9899999999998,effect_5-10
1625,74,Other,AD,166,0.5533517783926135,615,3.7048192771084336,1622,0.3791615289765721,299.9899999999998,effect_5-10
1626,97,Other,AD,5,0.01666722224074137,29,5.8,469,0.06183368869936034,299.9899999999998,effect_5-10
1627,98,Other,AD,14,0.046668222274075834,61,4.357142857142857,1524,0.04002624671916011,299.9899999999998,effect_5-10
1628,102,Other,cing,35,0.1166705556851896,191,5.457142857142857,2236,0.08542039355992845,299.9899999999998,effect_5-10
1629,103,Motor,MOp6a,1,0.003333444448148274,4,4.0,250,0.016,299.9899999999998,effect_5-10
1630,104,Motor,MOp6a,0,0.0,0,0.0,766,0.0,299.9899999999998,effect_5-10
1631,105,Motor,MOp6a,37,0.12333744458148614,187,5.054054054054054,1919,0.09744658676393955,299.9899999999998,effect_5-10
1632,108,Motor,MOp6a,1,0.003333444448148274,3,3.0,2239,0.0013398838767306833,299.9899999999998,effect_5-10
1633,117,Motor,MOp6a,0,0.0,0,0.0,687,0.0,299.9899999999998,effect_5-10
1634,122,Motor,MOp5,5,0.01666722224074137,17,3.4,148,0.11486486486486487,299.9899999999998,effect_5-10
1635,124,Motor,MOp5,1,0.003333444448148274,3,3.0,715,0.004195804195804196,299.9899999999998,effect_5-10
1636,126,Motor,MOp5,0,0.0,0,0.0,22,0.0,299.9899999999998,effect_5-10
1637,127,Motor,MOp5,0,0.0,0,0.0,8,0.0,299.9899999999998,effect_5-10
1638,128,Motor,MOp5,1,0.003333444448148274,3,3.0,890,0.0033707865168539327,299.9899999999998,effect_5-10
1639,131,Motor,MOp5,0,0.0,0,0.0,22,0.0,299.9899999999998,effect_5-10
1640,137,Motor,MOp5,10,0.03333444448148274,38,3.8,610,0.06229508196721312,299.9899999999998,effect_5-10
1641,139,Motor,MOp5,1,0.003333444448148274,4,4.0,478,0.008368200836820083,299.9899999999998,effect_5-10
1642,141,Motor,MOp5,3,0.010000333344444822,11,3.6666666666666665,2411,0.004562422231439237,299.9899999999998,effect_5-10
1643,145,Motor,MOp5,0,0.0,0,0.0,309,0.0,299.9899999999998,effect_5-10
1644,146,Motor,MOp5,2,0.006666888896296548,7,3.5,2050,0.0034146341463414634,299.9899999999998,effect_5-10
1645,150,Motor,MOp5,0,0.0,0,0.0,21,0.0,299.9899999999998,effect_5-10
1646,151,Motor,MOp5,12,0.04000133337777929,39,3.25,2297,0.01697866782760122,299.9899999999998,effect_5-10
1647,152,Motor,MOp5,0,0.0,0,0.0,49,0.0,299.9899999999998,effect_5-10
1648,153,Motor,MOp5,0,0.0,0,0.0,20,0.0,299.9899999999998,effect_5-10
1649,154,Motor,MOp5,0,0.0,0,0.0,1157,0.0,299.9899999999998,effect_5-10
1650,155,Motor,MOp5,0,0.0,0,0.0,88,0.0,299.9899999999998,effect_5-10
1651,157,Motor,MOp5,1,0.003333444448148274,3,3.0,93,0.03225806451612903,299.9899999999998,effect_5-10
1652,161,Motor,MOp5,0,0.0,0,0.0,325,0.0,299.9899999999998,effect_5-10
1653,164,Motor,MOp2/3,0,0.0,0,0.0,26,0.0,299.9899999999998,effect_5-10
1654,167,Other,RSPagl2/3,0,0.0,0,0.0,1222,0.0,299.9899999999998,effect_5-10
1655,174,Other,RSPagl2/3,0,0.0,0,0.0,32,0.0,299.9899999999998,effect_5-10
1656,178,Other,RSPagl2/3,3,0.010000333344444822,10,3.3333333333333335,2340,0.004273504273504274,299.9899999999998,effect_5-10
1657,182,Somatosensory,SSp-tr2/3,0,0.0,0,0.0,142,0.0,299.9899999999998,effect_5-10
1658,186,Somatosensory,SSp-tr2/3,3,0.010000333344444822,9,3.0,959,0.009384775808133473,299.9899999999998,effect_5-10
1659,188,Somatosensory,SSp-tr2/3,0,0.0,0,0.0,394,0.0,299.9899999999998,effect_5-10
1660,192,Somatosensory,SSp-tr2/3,0,0.0,0,0.0,111,0.0,299.9899999999998,effect_5-10
1661,193,Somatosensory,SSp-tr2/3,0,0.0,0,0.0,184,0.0,299.9899999999998,effect_5-10
1662,197,Somatosensory,SSp-tr2/3,0,0.0,0,0.0,167,0.0,299.9899999999998,effect_5-10
1663,204,Somatosensory,SSp-tr1,0,0.0,0,0.0,31,0.0,299.9899999999998,effect_5-10
1664,205,Other,AMd,64,0.21334044468148955,230,3.59375,591,0.38917089678510997,299.9899999999998,effect_5-10
1665,206,Other,AD,36,0.12000400013333787,113,3.138888888888889,1071,0.10550887021475257,299.9899999999998,effect_5-10
1666,210,Motor,MOp6a,0,0.0,0,0.0,47,0.0,299.9899999999998,effect_5-10
1667,211,Motor,MOp6a,16,0.05333511117037239,78,4.875,1392,0.05603448275862069,299.9899999999998,effect_5-10
1668,213,Motor,MOp5,0,0.0,0,0.0,6,0.0,299.9899999999998,effect_5-10
1669,216,Motor,MOp5,0,0.0,0,0.0,467,0.0,299.9899999999998,effect_5-10
1670,217,Motor,MOp5,0,0.0,0,0.0,2,0.0,299.9899999999998,effect_5-10
1671,218,Motor,MOp5,3,0.010000333344444822,9,3.0,617,0.014586709886547812,299.9899999999998,effect_5-10
1672,219,Motor,MOp5,10,0.03333444448148274,33,3.3,784,0.042091836734693876,299.9899999999998,effect_5-10
1673,221,Motor,MOp5,0,0.0,0,0.0,808,0.0,299.9899999999998,effect_5-10
1674,223,Motor,MOp5,0,0.0,0,0.0,14,0.0,299.9899999999998,effect_5-10
1675,226,Motor,MOp5,0,0.0,0,0.0,152,0.0,299.9899999999998,effect_5-10
1676,227,Motor,MOp5,0,0.0,0,0.0,70,0.0,299.9899999999998,effect_5-10
1677,230,Other,RSPagl2/3,0,0.0,0,0.0,4,0.0,299.9899999999998,effect_5-10
1678,232,Somatosensory,SSp-tr2/3,0,0.0,0,0.0,84,0.0,299.9899999999998,effect_5-10
1679,233,Somatosensory,SSp-tr2/3,0,0.0,0,0.0,30,0.0,299.9899999999998,effect_5-10
1680,234,Somatosensory,SSp-tr2/3,0,0.0,0,0.0,13,0.0,299.9899999999998,effect_5-10
1681,238,Somatosensory,SSp-tr1,0,0.0,0,0.0,7,0.0,299.9899999999998,effect_5-10
1682,242,Motor,MOp2/3,0,0.0,0,0.0,50,0.0,299.9899999999998,effect_5-10
1683,243,Other,RSPagl2/3,0,0.0,0,0.0,73,0.0,299.9899999999998,effect_5-10
1684,244,Somatosensory,SSp-tr1,0,0.0,0,0.0,24,0.0,299.9899999999998,effect_5-10
1685,247,Motor,MOp5,0,0.0,0,0.0,24,0.0,299.9899999999998,effect_5-10
1686,248,Motor,MOp2/3,0,0.0,0,0.0,49,0.0,299.9899999999998,effect_5-10
1687,249,Somatosensory,SSp-tr2/3,0,0.0,0,0.0,24,0.0,299.9899999999998,effect_5-10
1688,250,Somatosensory,SSp-tr1,0,0.0,0,0.0,16,0.0,299.9899999999998,effect_5-10
1689,252,Other,SPFp,0,0.0,0,0.0,18,0.0,299.9899999999998,effect_5-10
1690,266,Other,SPFp,106,0.35334511150371706,366,3.452830188679245,678,0.5398230088495575,299.9899999999998,effect_5-10
1691,272,Other,PoT,243,0.8100270009000305,800,3.292181069958848,1135,0.7048458149779736,299.9899999999998,effect_5-10
1692,279,Other,PoT,0,0.0,0,0.0,102,0.0,299.9899999999998,effect_5-10
1693,281,Other,PoT,0,0.0,0,0.0,35,0.0,299.9899999999998,effect_5-10
1694,286,Other,PoT,57,0.19000633354445162,225,3.9473684210526314,272,0.8272058823529411,299.9899999999998,effect_5-10
1695,291,Other,PoT,54,0.1800060002000068,205,3.7962962962962963,756,0.27116402116402116,299.9899999999998,effect_5-10
1696,292,Other,PoT,60,0.20000666688889643,218,3.6333333333333333,591,0.3688663282571912,299.9899999999998,effect_5-10
1697,296,Other,PoT,69,0.2300076669222309,257,3.7246376811594204,578,0.444636678200692,299.9899999999998,effect_5-10
1698,298,Other,PoT,111,0.3700123337444584,431,3.8828828828828827,1016,0.4242125984251969,299.9899999999998,effect_5-10
1699,299,Other,PoT,3,0.010000333344444822,9,3.0,325,0.027692307692307693,299.9899999999998,effect_5-10
1700,302,Other,PoT,27,0.0900030001000034,90,3.3333333333333335,179,0.5027932960893855,299.9899999999998,effect_5-10
1701,304,Other,PoT,15,0.05000166672222411,48,3.2,140,0.34285714285714286,299.9899999999998,effect_5-10
1702,306,Other,PoT,80,0.2666755558518619,296,3.7,392,0.7551020408163265,299.9899999999998,effect_5-10
1703,307,Other,PoT,40,0.13333777792593096,152,3.8,294,0.5170068027210885,299.9899999999998,effect_5-10
1704,310,Other,PoT,0,0.0,0,0.0,5,0.0,299.9899999999998,effect_5-10
1705,316,Other,PoT,21,0.07000233341111375,69,3.2857142857142856,999,0.06906906906906907,299.9899999999998,effect_5-10
1706,317,Other,PoT,14,0.046668222274075834,43,3.0714285714285716,900,0.04777777777777778,299.9899999999998,effect_5-10
1707,321,Other,PoT,53,0.17667255575185853,185,3.490566037735849,674,0.2744807121661721,299.9899999999998,effect_5-10
1708,325,Other,PoT,37,0.12333744458148614,122,3.2972972972972974,1211,0.10074318744838975,299.9899999999998,effect_5-10
1709,328,Other,PoT,0,0.0,0,0.0,24,0.0,299.9899999999998,effect_5-10
1710,330,Other,PoT,11,0.036667888929631014,34,3.090909090909091,1877,0.018114011720831113,299.9899999999998,effect_5-10
1711,331,Other,PoT,39,0.13000433347778267,134,3.4358974358974357,1776,0.07545045045045046,299.9899999999998,effect_5-10
1712,333,Other,PoT,4,0.013333777792593097,14,3.5,1147,0.012205754141238012,299.9899999999998,effect_5-10
1713,334,Other,PoT,79,0.26334211140371366,307,3.8860759493670884,2610,0.11762452107279693,299.9899999999998,effect_5-10
1714,338,Other,PoT,6,0.020000666688889644,18,3.0,1616,0.011138613861386138,299.9899999999998,effect_5-10
1715,340,Other,PoT,2,0.006666888896296548,6,3.0,504,0.011904761904761904,299.9899999999998,effect_5-10
1716,341,Other,PoT,0,0.0,0,0.0,160,0.0,299.9899999999998,effect_5-10
1717,344,Other,PoT,3,0.010000333344444822,10,3.3333333333333335,1365,0.007326007326007326,299.9899999999998,effect_5-10
1718,347,Other,PoT,10,0.03333444448148274,32,3.2,2315,0.013822894168466522,299.9899999999998,effect_5-10
1719,350,Other,PoT,13,0.04333477782592756,47,3.6153846153846154,335,0.14029850746268657,299.9899999999998,effect_5-10
1720,352,Other,PoT,1,0.003333444448148274,3,3.0,514,0.005836575875486381,299.9899999999998,effect_5-10
1721,355,Other,PoT,1,0.003333444448148274,3,3.0,45,0.06666666666666667,299.9899999999998,effect_5-10
1722,361,Other,PoT,7,0.023334111137037917,33,4.714285714285714,1779,0.01854974704890388,299.9899999999998,effect_5-10
1723,362,Other,PoT,69,0.2300076669222309,315,4.565217391304348,1221,0.257985257985258,299.9899999999998,effect_5-10
1724,367,Other,PoT,4,0.013333777792593097,12,3.0,941,0.012752391073326248,299.9899999999998,effect_5-10
1725,368,Other,PoT,0,0.0,0,0.0,107,0.0,299.9899999999998,effect_5-10
1726,369,Other,PoT,102,0.34001133371112396,473,4.637254901960785,1799,0.26292384658143414,299.9899999999998,effect_5-10
1727,372,Other,PoT,4,0.013333777792593097,12,3.0,1358,0.008836524300441826,299.9899999999998,effect_5-10
1728,381,Other,PoT,33,0.11000366678889305,121,3.6666666666666665,449,0.26948775055679286,299.9899999999998,effect_5-10
1729,382,Other,PoT,120,0.40001333377779286,470,3.9166666666666665,1212,0.38778877887788776,299.9899999999998,effect_5-10
1730,385,Other,PoT,37,0.12333744458148614,136,3.675675675675676,379,0.35883905013192613,299.9899999999998,effect_5-10
1731,388,Other,PoT,120,0.40001333377779286,618,5.15,11447,0.05398794443959116,299.9899999999998,effect_5-10
1732,392,Other,PoT,90,0.3000100003333447,378,4.2,813,0.46494464944649444,299.9899999999998,effect_5-10
1733,394,Other,PoT,23,0.0766692223074103,75,3.260869565217391,643,0.1166407465007776,299.9899999999998,effect_5-10
1734,396,Other,PoT,0,0.0,0,0.0,22,0.0,299.9899999999998,effect_5-10
1735,404,Other,PoT,122,0.40668022267408943,563,4.614754098360656,959,0.5870698644421272,299.9899999999998,effect_5-10
1736,405,Other,PoT,73,0.243341444714824,289,3.958904109589041,1016,0.2844488188976378,299.9899999999998,effect_5-10
1737,406,Other,PoT,86,0.2866762225407516,323,3.755813953488372,1497,0.21576486305945225,299.9899999999998,effect_5-10
1738,408,Other,PoT,156,0.5200173339111307,648,4.153846153846154,1019,0.6359175662414132,299.9899999999998,effect_5-10
1739,412,Other,PoT,4,0.013333777792593097,12,3.0,286,0.04195804195804196,299.9899999999998,effect_5-10
1740,414,Other,PoT,3,0.010000333344444822,9,3.0,96,0.09375,299.9899999999998,effect_5-10
1741,415,Other,PoT,32,0.10667022234074477,117,3.65625,383,0.30548302872062666,299.9899999999998,effect_5-10
1742,417,Other,PoT,138,0.4600153338444618,546,3.9565217391304346,880,0.6204545454545455,299.9899999999998,effect_5-10
1743,418,Other,PoT,2,0.006666888896296548,6,3.0,157,0.03821656050955414,299.9899999999998,effect_5-10
1744,419,Other,PoT,20,0.06666888896296548,74,3.7,392,0.18877551020408162,299.9899999999998,effect_5-10
1745,421,Other,PoT,131,0.4366812227074239,521,3.9770992366412212,1492,0.3491957104557641,299.9899999999998,effect_5-10
1746,422,Other,PoT,31,0.1033367778925965,115,3.7096774193548385,244,0.4713114754098361,299.9899999999998,effect_5-10
1747,425,Other,PoT,48,0.16000533351111715,186,3.875,295,0.6305084745762712,299.9899999999998,effect_5-10
1748,428,Other,PoT,64,0.21334044468148955,227,3.546875,3629,0.06255166712593001,299.9899999999998,effect_5-10
1749,429,Other,PoT,34,0.11333711123704132,127,3.735294117647059,227,0.5594713656387665,299.9899999999998,effect_5-10
1750,430,Other,PoT,29,0.09666988899629994,102,3.5172413793103448,776,0.13144329896907217,299.9899999999998,effect_5-10
1751,433,Other,PoT,34,0.11333711123704132,141,4.147058823529412,423,0.3333333333333333,299.9899999999998,effect_5-10
1752,434,Other,PoT,28,0.09333644454815167,107,3.8214285714285716,354,0.3022598870056497,299.9899999999998,effect_5-10
1753,435,Other,PoT,27,0.0900030001000034,106,3.925925925925926,146,0.726027397260274,299.9899999999998,effect_5-10
1754,437,Other,PoT,63,0.21000700023334126,248,3.9365079365079363,577,0.42980935875216636,299.9899999999998,effect_5-10
1755,438,Other,PoT,28,0.09333644454815167,119,4.25,199,0.5979899497487438,299.9899999999998,effect_5-10
1756,440,Other,SGN,25,0.08333611120370685,94,3.76,188,0.5,299.9899999999998,effect_5-10
1757,443,Other,PoT,139,0.46334877829261006,565,4.0647482014388485,1287,0.439005439005439,299.9899999999998,effect_5-10
1758,445,Other,SGN,75,0.25000833361112057,271,3.6133333333333333,889,0.3048368953880765,299.9899999999998,effect_5-10
1759,446,Other,SGN,40,0.13333777792593096,161,4.025,231,0.696969696969697,299.9899999999998,effect_5-10
1760,447,Other,SGN,68,0.22667422247408264,265,3.8970588235294117,356,0.7443820224719101,299.9899999999998,effect_5-10
1761,448,Other,SGN,88,0.2933431114370481,331,3.7613636363636362,804,0.4116915422885572,299.9899999999998,effect_5-10
1762,450,Other,SGN,51,0.17000566685556198,172,3.372549019607843,308,0.5584415584415584,299.9899999999998,effect_5-10
1763,451,Other,SGN,134,0.4466815560518687,618,4.611940298507463,2448,0.25245098039215685,299.9899999999998,effect_5-10
1764,453,Other,SGN,155,0.5166838894629825,648,4.180645161290323,1499,0.4322881921280854,299.9899999999998,effect_5-10
1765,457,Other,SGN,63,0.21000700023334126,219,3.4761904761904763,982,0.2230142566191446,299.9899999999998,effect_5-10
1766,458,Other,SGN,1,0.003333444448148274,3,3.0,161,0.018633540372670808,299.9899999999998,effect_5-10
1767,463,Other,SGN,20,0.06666888896296548,77,3.85,185,0.41621621621621624,299.9899999999998,effect_5-10
1768,465,Other,SGN,239,0.7966932231074375,1058,4.426778242677824,2437,0.4341403364792778,299.9899999999998,effect_5-10
1769,471,Other,SGN,136,0.4533484449481653,718,5.279411764705882,868,0.8271889400921659,299.9899999999998,effect_5-10
1770,492,Other,DG-sg,0,0.0,0,0.0,21,0.0,299.9899999999998,effect_5-10
1771,495,Other,DG-sg,0,0.0,0,0.0,0,0.0,299.9899999999998,effect_5-10
1772,496,Other,DG-sg,5,0.01666722224074137,24,4.8,296,0.08108108108108109,299.9899999999998,effect_5-10
1773,498,Other,DG-sg,0,0.0,0,0.0,2,0.0,299.9899999999998,effect_5-10
1774,500,Other,DG-sg,3,0.010000333344444822,10,3.3333333333333335,251,0.0398406374501992,299.9899999999998,effect_5-10
1775,501,Other,DG-sg,6,0.020000666688889644,18,3.0,701,0.025677603423680456,299.9899999999998,effect_5-10
1776,504,Other,DG-po,0,0.0,0,0.0,0,0.0,299.9899999999998,effect_5-10
1777,505,Other,DG-po,4,0.013333777792593097,20,5.0,346,0.057803468208092484,299.9899999999998,effect_5-10
1778,506,Other,DG-po,1,0.003333444448148274,3,3.0,77,0.03896103896103896,299.9899999999998,effect_5-10
1779,507,Other,DG-po,18,0.060002000066668934,64,3.5555555555555554,752,0.0851063829787234,299.9899999999998,effect_5-10
1780,511,Other,DG-po,0,0.0,0,0.0,29,0.0,299.9899999999998,effect_5-10
1781,513,Other,DG-po,7,0.023334111137037917,22,3.142857142857143,457,0.04814004376367615,299.9899999999998,effect_5-10
1782,538,Other,ProS,0,0.0,0,0.0,462,0.0,299.9899999999998,effect_5-10
1783,543,Other,ProS,3,0.010000333344444822,9,3.0,190,0.04736842105263158,299.9899999999998,effect_5-10
1784,546,Other,ProS,0,0.0,0,0.0,251,0.0,299.9899999999998,effect_5-10
1785,547,Other,SUB,10,0.03333444448148274,31,3.1,332,0.09337349397590361,299.9899999999998,effect_5-10
1786,549,Other,ProS,9,0.030001000033334467,29,3.2222222222222223,782,0.0370843989769821,299.9899999999998,effect_5-10
1787,550,Other,ProS,4,0.013333777792593097,14,3.5,595,0.023529411764705882,299.9899999999998,effect_5-10
1788,551,Other,ProS,3,0.010000333344444822,9,3.0,751,0.011984021304926764,299.9899999999998,effect_5-10
1789,560,Other,ProS,0,0.0,0,0.0,0,0.0,299.9899999999998,effect_5-10
1790,561,Other,ProS,1,0.003333444448148274,3,3.0,264,0.011363636363636364,299.9899999999998,effect_5-10
1791,562,Other,ProS,3,0.010000333344444822,9,3.0,1607,0.005600497822028625,299.9899999999998,effect_5-10
1792,564,Other,ProS,60,0.20000666688889643,264,4.4,1866,0.1414790996784566,299.9899999999998,effect_5-10
1793,566,Other,ProS,23,0.0766692223074103,73,3.1739130434782608,244,0.29918032786885246,299.9899999999998,effect_5-10
1794,567,Other,SUB,0,0.0,0,0.0,233,0.0,299.9899999999998,effect_5-10
1795,568,Other,SUB,0,0.0,0,0.0,111,0.0,299.9899999999998,effect_5-10
1796,569,Other,SUB,35,0.1166705556851896,116,3.3142857142857145,918,0.12636165577342048,299.9899999999998,effect_5-10
1797,570,Other,SUB,0,0.0,0,0.0,0,0.0,299.9899999999998,effect_5-10
1798,571,Other,SUB,28,0.09333644454815167,101,3.607142857142857,1525,0.06622950819672131,299.9899999999998,effect_5-10
1799,573,Other,SUB,0,0.0,0,0.0,61,0.0,299.9899999999998,effect_5-10
1800,574,Other,SUB,22,0.07333577785926203,94,4.2727272727272725,441,0.21315192743764172,299.9899999999998,effect_5-10
1801,576,Other,SUB,21,0.07000233341111375,72,3.4285714285714284,456,0.15789473684210525,299.9899999999998,effect_5-10
1802,578,Other,SUB,26,0.08666955565185512,90,3.4615384615384617,896,0.10044642857142858,299.9899999999998,effect_5-10
1803,579,Other,SUB,29,0.09666988899629994,94,3.2413793103448274,1653,0.056866303690260134,299.9899999999998,effect_5-10
1804,580,Other,SUB,15,0.05000166672222411,51,3.4,1893,0.02694136291600634,299.9899999999998,effect_5-10
1805,582,Other,SUB,3,0.010000333344444822,11,3.6666666666666665,268,0.041044776119402986,299.9899999999998,effect_5-10
1806,583,Other,SUB,81,0.2700090003000102,284,3.506172839506173,4712,0.06027164685908319,299.9899999999998,effect_5-10
1807,584,Other,SUB,7,0.023334111137037917,24,3.4285714285714284,814,0.029484029484029485,299.9899999999998,effect_5-10
1808,587,Other,SUB,1,0.003333444448148274,3,3.0,574,0.005226480836236934,299.9899999999998,effect_5-10
1809,588,Other,SUB,32,0.10667022234074477,127,3.96875,701,0.181169757489301,299.9899999999998,effect_5-10
1810,592,Other,SUB,83,0.27667588919630676,268,3.2289156626506026,2819,0.095069173465768,299.9899999999998,effect_5-10
1811,600,Other,SUB,12,0.04000133337777929,38,3.1666666666666665,854,0.04449648711943794,299.9899999999998,effect_5-10
1812,601,Other,SUB,190,0.6333544451481721,822,4.326315789473684,2888,0.28462603878116344,299.9899999999998,effect_5-10
1813,602,Other,SUB,30,0.10000333344444821,100,3.3333333333333335,1101,0.09082652134423251,299.9899999999998,effect_5-10
1814,604,Other,SUB,16,0.05333511117037239,56,3.5,658,0.0851063829787234,299.9899999999998,effect_5-10
1815,605,Other,SUB,20,0.06666888896296548,64,3.2,866,0.07390300230946882,299.9899999999998,effect_5-10
1816,607,Other,SUB,8,0.026667555585186194,26,3.25,291,0.08934707903780069,299.9899999999998,effect_5-10
1817,611,Other,alv,17,0.05666855561852066,56,3.2941176470588234,927,0.06040992448759439,299.9899999999998,effect_5-10
1818,621,Other,VISp6a,48,0.16000533351111715,191,3.9791666666666665,353,0.5410764872521246,299.9899999999998,effect_5-10
1819,627,Other,VISp5,5,0.01666722224074137,16,3.2,899,0.017797552836484983,299.9899999999998,effect_5-10
1820,629,Other,VISp5,0,0.0,0,0.0,923,0.0,299.9899999999998,effect_5-10
1821,631,Other,VISp5,0,0.0,0,0.0,978,0.0,299.9899999999998,effect_5-10
1822,632,Other,VISp5,0,0.0,0,0.0,939,0.0,299.9899999999998,effect_5-10
1823,635,Other,VISp5,8,0.026667555585186194,25,3.125,1831,0.013653741125068269,299.9899999999998,effect_5-10
1824,636,Other,VISp5,0,0.0,0,0.0,829,0.0,299.9899999999998,effect_5-10
1825,637,Other,VISp5,0,0.0,0,0.0,501,0.0,299.9899999999998,effect_5-10
1826,639,Other,VISp5,1,0.003333444448148274,3,3.0,1720,0.0017441860465116279,299.9899999999998,effect_5-10
1827,642,Other,VISp5,0,0.0,0,0.0,629,0.0,299.9899999999998,effect_5-10
1828,645,Other,VISp5,0,0.0,0,0.0,868,0.0,299.9899999999998,effect_5-10
1829,646,Other,VISp5,0,0.0,0,0.0,1236,0.0,299.9899999999998,effect_5-10
1830,647,Other,VISp5,0,0.0,0,0.0,462,0.0,299.9899999999998,effect_5-10
1831,651,Other,VISp5,0,0.0,0,0.0,568,0.0,299.9899999999998,effect_5-10
1832,653,Other,VISp5,0,0.0,0,0.0,1124,0.0,299.9899999999998,effect_5-10
1833,655,Other,VISp5,0,0.0,0,0.0,1196,0.0,299.9899999999998,effect_5-10
1834,656,Other,VISp5,0,0.0,0,0.0,788,0.0,299.9899999999998,effect_5-10
1835,663,Other,VISp5,0,0.0,0,0.0,467,0.0,299.9899999999998,effect_5-10
1836,668,Other,VISp4,0,0.0,0,0.0,332,0.0,299.9899999999998,effect_5-10
1837,669,Other,VISp4,0,0.0,0,0.0,318,0.0,299.9899999999998,effect_5-10
1838,679,Other,VISp4,0,0.0,0,0.0,279,0.0,299.9899999999998,effect_5-10
1839,681,Other,VISp4,0,0.0,0,0.0,9,0.0,299.9899999999998,effect_5-10
1840,684,Other,VISp2/3,0,0.0,0,0.0,109,0.0,299.9899999999998,effect_5-10
1841,687,Other,VISp2/3,0,0.0,0,0.0,70,0.0,299.9899999999998,effect_5-10
1842,688,Other,VISp2/3,0,0.0,0,0.0,44,0.0,299.9899999999998,effect_5-10
1843,689,Other,VISp2/3,0,0.0,0,0.0,11,0.0,299.9899999999998,effect_5-10
1844,690,Other,VISp2/3,0,0.0,0,0.0,233,0.0,299.9899999999998,effect_5-10
1845,695,Other,VISp2/3,0,0.0,0,0.0,105,0.0,299.9899999999998,effect_5-10
1846,696,Other,VISp2/3,0,0.0,0,0.0,56,0.0,299.9899999999998,effect_5-10
1847,697,Other,VISp2/3,0,0.0,0,0.0,136,0.0,299.9899999999998,effect_5-10
1848,700,Other,VISp2/3,0,0.0,0,0.0,114,0.0,299.9899999999998,effect_5-10
1849,708,Other,PoT,77,0.2566752225074171,331,4.298701298701299,413,0.801452784503632,299.9899999999998,effect_5-10
1850,711,Other,PoT,52,0.17333911130371024,184,3.5384615384615383,457,0.4026258205689278,299.9899999999998,effect_5-10
1851,718,Other,PoT,16,0.05333511117037239,50,3.125,98,0.5102040816326531,299.9899999999998,effect_5-10
1852,719,Other,PoT,30,0.10000333344444821,113,3.7666666666666666,548,0.2062043795620438,299.9899999999998,effect_5-10
1853,720,Other,PoT,39,0.13000433347778267,144,3.6923076923076925,748,0.1925133689839572,299.9899999999998,effect_5-10
1854,722,Other,PoT,27,0.0900030001000034,106,3.925925925925926,380,0.2789473684210526,299.9899999999998,effect_5-10
1855,724,Other,SGN,32,0.10667022234074477,117,3.65625,202,0.5792079207920792,299.9899999999998,effect_5-10
1856,725,Other,SGN,81,0.2700090003000102,324,4.0,1237,0.26192400970088925,299.9899999999998,effect_5-10
1857,726,Other,SGN,55,0.18333944464815508,251,4.5636363636363635,355,0.7070422535211267,299.9899999999998,effect_5-10
1858,727,Other,SGN,16,0.05333511117037239,58,3.625,100,0.58,299.9899999999998,effect_5-10
1859,728,Other,SGN,18,0.060002000066668934,70,3.888888888888889,223,0.31390134529147984,299.9899999999998,effect_5-10
1860,730,Thalamus,LP,4,0.013333777792593097,9,2.25,34,0.2647058823529412,299.9899999999998,effect_5-10
1861,731,Thalamus,LP,33,0.11000366678889305,85,2.5757575757575757,266,0.31954887218045114,299.9899999999998,effect_5-10
1862,734,Other,DG-sg,0,0.0,0,0.0,0,0.0,299.9899999999998,effect_5-10
1863,735,Other,DG-sg,0,0.0,0,0.0,5,0.0,299.9899999999998,effect_5-10
1864,755,Other,SUB,10,0.03333444448148274,32,3.2,265,0.12075471698113208,299.9899999999998,effect_5-10
1865,756,Other,ProS,0,0.0,0,0.0,11,0.0,299.9899999999998,effect_5-10
1866,758,Other,ProS,0,0.0,0,0.0,0,0.0,299.9899999999998,effect_5-10
1867,761,Other,SUB,60,0.20000666688889643,235,3.9166666666666665,2379,0.09878100042034468,299.9899999999998,effect_5-10
1868,762,Other,SUB,3,0.010000333344444822,10,3.3333333333333335,295,0.03389830508474576,299.9899999999998,effect_5-10
1869,763,Other,SUB,4,0.013333777792593097,14,3.5,371,0.03773584905660377,299.9899999999998,effect_5-10
1870,764,Other,SUB,38,0.12667088902963441,130,3.4210526315789473,1427,0.09110021023125438,299.9899999999998,effect_5-10
1871,769,Other,VISp5,0,0.0,0,0.0,5,0.0,299.9899999999998,effect_5-10
1872,780,Other,VISp2/3,0,0.0,0,0.0,108,0.0,299.9899999999998,effect_5-10
1873,782,Other,VISp2/3,0,0.0,0,0.0,24,0.0,299.9899999999998,effect_5-10
1874,783,Other,VISp2/3,0,0.0,0,0.0,6,0.0,299.9899999999998,effect_5-10
1875,784,Other,VISp2/3,0,0.0,0,0.0,6,0.0,299.9899999999998,effect_5-10
1876,786,Other,VISp2/3,0,0.0,0,0.0,421,0.0,299.9899999999998,effect_5-10
1877,793,Other,DG-sg,1,0.003333444448148274,3,3.0,226,0.01327433628318584,299.9899999999998,effect_5-10
1878,795,Other,DG-sg,0,0.0,0,0.0,0,0.0,299.9899999999998,effect_5-10
1879,796,Other,DG-sg,0,0.0,0,0.0,0,0.0,299.9899999999998,effect_5-10
1880,798,Other,ProS,0,0.0,0,0.0,0,0.0,299.9899999999998,effect_5-10
1881,799,Other,VISp2/3,0,0.0,0,0.0,33,0.0,299.9899999999998,effect_5-10
1882,806,Other,SPFp,0,0.0,0,0.0,0,0.0,299.9899999999998,effect_5-10
1883,809,Other,PoT,18,0.060002000066668934,65,3.611111111111111,396,0.16414141414141414,299.9899999999998,effect_5-10
1884,811,Other,DG-mo,0,0.0,0,0.0,0,0.0,299.9899999999998,effect_5-10
1885,812,Other,DG-po,0,0.0,0,0.0,2,0.0,299.9899999999998,effect_5-10
1886,815,Other,ProS,0,0.0,0,0.0,8,0.0,299.9899999999998,effect_5-10
1887,816,Other,ProS,26,0.08666955565185512,83,3.1923076923076925,4228,0.019631031220435195,299.9899999999998,effect_5-10
1888,818,Other,VISp5,0,0.0,0,0.0,182,0.0,299.9899999999998,effect_5-10
1889,820,Other,VISp2/3,0,0.0,0,0.0,69,0.0,299.9899999999998,effect_5-10
1890,822,Other,VISp6a,0,0.0,0,0.0,36,0.0,299.9899999999998,effect_5-10
1891,823,Other,VISp2/3,0,0.0,0,0.0,22,0.0,299.9899999999998,effect_5-10
1892,824,Other,VISp2/3,0,0.0,0,0.0,10,0.0,299.9899999999998,effect_5-10
1893,825,Other,VISp2/3,0,0.0,0,0.0,25,0.0,299.9899999999998,effect_5-10
1894,826,Other,VISp2/3,0,0.0,0,0.0,3,0.0,299.9899999999998,effect_5-10
1895,827,Other,VISp2/3,0,0.0,0,0.0,1,0.0,299.9899999999998,effect_5-10
1896,831,Other,VISp2/3,0,0.0,0,0.0,24,0.0,299.9899999999998,effect_5-10
1897,843,Other,int,0,0.0,0,0.0,1429,0.0,299.9899999999998,effect_5-10
1898,845,Other,int,0,0.0,0,0.0,1869,0.0,299.9899999999998,effect_5-10
1899,851,Other,int,0,0.0,0,0.0,9,0.0,299.9899999999998,effect_5-10
1900,859,Other,int,18,0.060002000066668934,75,4.166666666666667,1545,0.04854368932038835,299.9899999999998,effect_5-10
1901,865,Other,int,0,0.0,0,0.0,630,0.0,299.9899999999998,effect_5-10
1902,868,Other,int,0,0.0,0,0.0,29,0.0,299.9899999999998,effect_5-10
1903,873,Other,int,0,0.0,0,0.0,76,0.0,299.9899999999998,effect_5-10
1904,892,Other,int,0,0.0,0,0.0,122,0.0,299.9899999999998,effect_5-10
1905,900,Other,int,0,0.0,0,0.0,1634,0.0,299.9899999999998,effect_5-10
1906,904,Other,int,16,0.05333511117037239,52,3.25,2486,0.02091713596138375,299.9899999999998,effect_5-10
1907,913,Other,int,9,0.030001000033334467,29,3.2222222222222223,244,0.11885245901639344,299.9899999999998,effect_5-10
1908,914,Other,int,0,0.0,0,0.0,288,0.0,299.9899999999998,effect_5-10
1909,932,Other,int,32,0.10667022234074477,105,3.28125,268,0.3917910447761194,299.9899999999998,effect_5-10
1910,938,Other,int,6,0.020000666688889644,20,3.3333333333333335,720,0.027777777777777776,299.9899999999998,effect_5-10
1911,950,Other,int,2,0.006666888896296548,8,4.0,846,0.009456264775413711,299.9899999999998,effect_5-10
1912,962,STR,STR,4,0.013333777792593097,16,4.0,3968,0.004032258064516129,299.9899999999998,effect_5-10
1913,964,STR,STR,60,0.20000666688889643,252,4.2,1313,0.19192688499619193,299.9899999999998,effect_5-10
1914,965,STR,STR,0,0.0,0,0.0,28,0.0,299.9899999999998,effect_5-10
1915,967,Other,int,8,0.026667555585186194,25,3.125,788,0.031725888324873094,299.9899999999998,effect_5-10
1916,969,STR,STR,4,0.013333777792593097,15,3.75,3906,0.0038402457757296467,299.9899999999998,effect_5-10
1917,970,Other,int,1,0.003333444448148274,4,4.0,35,0.11428571428571428,299.9899999999998,effect_5-10
1918,972,STR,STR,0,0.0,0,0.0,2,0.0,299.9899999999998,effect_5-10
1919,976,STR,STR,1,0.003333444448148274,3,3.0,1022,0.0029354207436399216,299.9899999999998,effect_5-10
1920,980,STR,CP,0,0.0,0,0.0,11,0.0,299.9899999999998,effect_5-10
1921,982,STR,CP,5,0.01666722224074137,16,3.2,1971,0.008117706747843734,299.9899999999998,effect_5-10
1922,984,STR,CP,0,0.0,0,0.0,2349,0.0,299.9899999999998,effect_5-10
1923,986,STR,CP,15,0.05000166672222411,56,3.7333333333333334,4479,0.012502790801518195,299.9899999999998,effect_5-10
1924,988,STR,CP,341,1.1367045568185614,1289,3.780058651026393,1920,0.6713541666666667,299.9899999999998,effect_5-10
1925,989,STR,CP,0,0.0,0,0.0,488,0.0,299.9899999999998,effect_5-10
1926,990,STR,CP,0,0.0,0,0.0,522,0.0,299.9899999999998,effect_5-10
1927,993,STR,CP,15,0.05000166672222411,69,4.6,2967,0.023255813953488372,299.9899999999998,effect_5-10
1928,997,STR,CP,12,0.04000133337777929,46,3.8333333333333335,2745,0.016757741347905284,299.9899999999998,effect_5-10
1929,1001,STR,CP,0,0.0,0,0.0,7,0.0,299.9899999999998,effect_5-10
1930,1008,STR,CP,31,0.1033367778925965,120,3.870967741935484,2288,0.05244755244755245,299.9899999999998,effect_5-10
1931,1009,STR,CP,68,0.22667422247408264,228,3.3529411764705883,1587,0.14366729678638943,299.9899999999998,effect_5-10
1932,1013,STR,CP,22,0.07333577785926203,77,3.5,148,0.5202702702702703,299.9899999999998,effect_5-10
1933,1014,STR,CP,0,0.0,0,0.0,104,0.0,299.9899999999998,effect_5-10
1934,1021,STR,CP,13,0.04333477782592756,43,3.3076923076923075,1481,0.02903443619176232,299.9899999999998,effect_5-10
1935,1027,STR,CP,8,0.026667555585186194,26,3.25,1253,0.020750199521149242,299.9899999999998,effect_5-10
1936,1028,STR,CP,2,0.006666888896296548,9,4.5,2296,0.0039198606271777,299.9899999999998,effect_5-10
1937,1033,STR,CP,304,1.0133671122370753,1260,4.144736842105263,2446,0.5151267375306623,299.9899999999998,effect_5-10
1938,1038,STR,CP,12,0.04000133337777929,39,3.25,1072,0.036380597014925374,299.9899999999998,effect_5-10
1939,1040,STR,CP,21,0.07000233341111375,75,3.5714285714285716,1563,0.04798464491362764,299.9899999999998,effect_5-10
1940,1045,STR,CP,12,0.04000133337777929,48,4.0,2830,0.01696113074204947,299.9899999999998,effect_5-10
1941,1048,STR,CP,1,0.003333444448148274,4,4.0,1158,0.0034542314335060447,299.9899999999998,effect_5-10
1942,1065,STR,CP,0,0.0,0,0.0,53,0.0,299.9899999999998,effect_5-10
1943,1066,STR,CP,0,0.0,0,0.0,1981,0.0,299.9899999999998,effect_5-10
1944,1068,STR,CP,1,0.003333444448148274,4,4.0,1057,0.003784295175023652,299.9899999999998,effect_5-10
1945,1069,STR,CP,7,0.023334111137037917,29,4.142857142857143,2284,0.012697022767075307,299.9899999999998,effect_5-10
1946,1073,STR,CP,0,0.0,0,0.0,105,0.0,299.9899999999998,effect_5-10
1947,1096,Somatosensory,SSp-bfd6a,21,0.07000233341111375,81,3.857142857142857,789,0.10266159695817491,299.9899999999998,effect_5-10
1948,1106,Somatosensory,SSp-bfd6a,4,0.013333777792593097,12,3.0,852,0.014084507042253521,299.9899999999998,effect_5-10
1949,1108,Somatosensory,SSp-bfd6a,0,0.0,0,0.0,370,0.0,299.9899999999998,effect_5-10
1950,1110,Somatosensory,SSp-bfd6a,5,0.01666722224074137,18,3.6,536,0.033582089552238806,299.9899999999998,effect_5-10
1951,1111,Somatosensory,SSp-bfd6a,1,0.003333444448148274,3,3.0,460,0.006521739130434782,299.9899999999998,effect_5-10
1952,1113,Somatosensory,SSp-bfd6a,2,0.006666888896296548,7,3.5,1935,0.0036175710594315244,299.9899999999998,effect_5-10
1953,1114,Somatosensory,SSp-bfd6a,0,0.0,0,0.0,148,0.0,299.9899999999998,effect_5-10
1954,1115,Somatosensory,SSp-bfd6a,0,0.0,0,0.0,6,0.0,299.9899999999998,effect_5-10
1955,1117,Somatosensory,SSp-bfd6a,0,0.0,0,0.0,80,0.0,299.9899999999998,effect_5-10
1956,1118,Somatosensory,SSp-bfd6a,0,0.0,0,0.0,225,0.0,299.9899999999998,effect_5-10
1957,1119,Somatosensory,SSp-bfd6a,0,0.0,0,0.0,317,0.0,299.9899999999998,effect_5-10
1958,1126,Somatosensory,SSp-bfd6a,72,0.24000800026667574,302,4.194444444444445,2513,0.120175089534421,299.9899999999998,effect_5-10
1959,1128,Somatosensory,SSp-bfd6a,0,0.0,0,0.0,259,0.0,299.9899999999998,effect_5-10
1960,1130,Somatosensory,SSp-bfd6a,0,0.0,0,0.0,335,0.0,299.9899999999998,effect_5-10
1961,1133,Somatosensory,SSp-bfd6a,37,0.12333744458148614,141,3.810810810810811,2089,0.06749640976543801,299.9899999999998,effect_5-10
1962,1138,Somatosensory,SSp-bfd5,0,0.0,0,0.0,142,0.0,299.9899999999998,effect_5-10
1963,1142,Somatosensory,SSp-bfd5,0,0.0,0,0.0,944,0.0,299.9899999999998,effect_5-10
1964,1151,Somatosensory,SSp-bfd5,0,0.0,0,0.0,131,0.0,299.9899999999998,effect_5-10
1965,1154,Somatosensory,SSp-bfd5,1,0.003333444448148274,3,3.0,2411,0.001244296972210701,299.9899999999998,effect_5-10
1966,1160,Somatosensory,SSp-bfd5,0,0.0,0,0.0,11,0.0,299.9899999999998,effect_5-10
1967,1180,Somatosensory,SSp-bfd5,0,0.0,0,0.0,77,0.0,299.9899999999998,effect_5-10
1968,1191,Somatosensory,SSp-bfd4,0,0.0,0,0.0,147,0.0,299.9899999999998,effect_5-10
1969,1192,Somatosensory,SSp-bfd4,2,0.006666888896296548,6,3.0,229,0.026200873362445413,299.9899999999998,effect_5-10
1970,1194,Somatosensory,SSp-bfd5,0,0.0,0,0.0,272,0.0,299.9899999999998,effect_5-10
1971,1198,Somatosensory,SSp-bfd4,0,0.0,0,0.0,379,0.0,299.9899999999998,effect_5-10
1972,1201,Somatosensory,SSp-bfd4,10,0.03333444448148274,50,5.0,708,0.07062146892655367,299.9899999999998,effect_5-10
1973,1209,Somatosensory,SSp-bfd4,0,0.0,0,0.0,3,0.0,299.9899999999998,effect_5-10
1974,1210,Somatosensory,SSp-bfd4,3,0.010000333344444822,9,3.0,1425,0.00631578947368421,299.9899999999998,effect_5-10
1975,1212,Somatosensory,SSp-bfd4,0,0.0,0,0.0,697,0.0,299.9899999999998,effect_5-10
1976,1215,Somatosensory,SSp-bfd4,0,0.0,0,0.0,12,0.0,299.9899999999998,effect_5-10
1977,1219,Somatosensory,SSp-bfd4,0,0.0,0,0.0,0,0.0,299.9899999999998,effect_5-10
1978,1220,Somatosensory,SSp-bfd4,0,0.0,0,0.0,25,0.0,299.9899999999998,effect_5-10
1979,1222,Somatosensory,SSp-bfd4,1,0.003333444448148274,3,3.0,867,0.0034602076124567475,299.9899999999998,effect_5-10
1980,1223,Somatosensory,SSp-bfd4,4,0.013333777792593097,13,3.25,162,0.08024691358024691,299.9899999999998,effect_5-10
1981,1227,Somatosensory,SSp-bfd4,0,0.0,0,0.0,152,0.0,299.9899999999998,effect_5-10
1982,1230,Somatosensory,SSp-bfd4,0,0.0,0,0.0,2394,0.0,299.9899999999998,effect_5-10
1983,1234,Somatosensory,SSp-bfd4,0,0.0,0,0.0,0,0.0,299.9899999999998,effect_5-10
1984,1235,Somatosensory,SSp-bfd4,1,0.003333444448148274,3,3.0,691,0.004341534008683068,299.9899999999998,effect_5-10
1985,1236,Somatosensory,SSp-bfd4,0,0.0,0,0.0,300,0.0,299.9899999999998,effect_5-10
1986,1239,Somatosensory,SSp-bfd4,0,0.0,0,0.0,233,0.0,299.9899999999998,effect_5-10
1987,1244,Somatosensory,SSp-bfd4,0,0.0,0,0.0,91,0.0,299.9899999999998,effect_5-10
1988,1245,Somatosensory,SSp-bfd4,0,0.0,0,0.0,435,0.0,299.9899999999998,effect_5-10
1989,1247,Somatosensory,SSp-bfd4,0,0.0,0,0.0,229,0.0,299.9899999999998,effect_5-10
1990,1248,Somatosensory,SSp-bfd4,0,0.0,0,0.0,57,0.0,299.9899999999998,effect_5-10
1991,1254,Somatosensory,SSp-bfd2/3,0,0.0,0,0.0,0,0.0,299.9899999999998,effect_5-10
1992,1257,Somatosensory,SSp-bfd2/3,7,0.023334111137037917,22,3.142857142857143,1598,0.01376720901126408,299.9899999999998,effect_5-10
1993,1258,Somatosensory,SSp-bfd4,0,0.0,0,0.0,12,0.0,299.9899999999998,effect_5-10
1994,1265,Somatosensory,SSp-bfd2/3,0,0.0,0,0.0,114,0.0,299.9899999999998,effect_5-10
1995,1267,Somatosensory,SSp-bfd2/3,0,0.0,0,0.0,38,0.0,299.9899999999998,effect_5-10
1996,1286,Somatosensory,SSp-bfd2/3,0,0.0,0,0.0,0,0.0,299.9899999999998,effect_5-10
1997,1318,STR,CP,1,0.003333444448148274,5,5.0,15,0.3333333333333333,299.9899999999998,effect_5-10
1998,1319,STR,CP,0,0.0,0,0.0,1,0.0,299.9899999999998,effect_5-10
1999,1321,STR,CP,0,0.0,0,0.0,0,0.0,299.9899999999998,effect_5-10
2000,1331,STR,CP,0,0.0,0,0.0,1,0.0,299.9899999999998,effect_5-10
2001,1337,Somatosensory,SSp-bfd6a,14,0.046668222274075834,47,3.357142857142857,129,0.3643410852713178,299.9899999999998,effect_5-10
2002,1350,Somatosensory,SSp-bfd5,0,0.0,0,0.0,2,0.0,299.9899999999998,effect_5-10
2003,1354,Somatosensory,SSp-bfd5,0,0.0,0,0.0,16,0.0,299.9899999999998,effect_5-10
2004,1357,Somatosensory,SSp-bfd5,0,0.0,0,0.0,3,0.0,299.9899999999998,effect_5-10
2005,1369,Somatosensory,SSp-bfd2/3,0,0.0,0,0.0,0,0.0,299.9899999999998,effect_5-10
2006,1370,Somatosensory,SSp-bfd4,0,0.0,0,0.0,0,0.0,299.9899999999998,effect_5-10
2007,1372,Somatosensory,SSp-bfd2/3,1,0.003333444448148274,3,3.0,184,0.016304347826086956,299.9899999999998,effect_5-10
2008,1373,Somatosensory,SSp-bfd2/3,2,0.006666888896296548,6,3.0,23,0.2608695652173913,299.9899999999998,effect_5-10
2009,1374,Somatosensory,SSp-bfd4,0,0.0,0,0.0,0,0.0,299.9899999999998,effect_5-10
2010,1386,Somatosensory,SSp-bfd2/3,0,0.0,0,0.0,0,0.0,299.9899999999998,effect_5-10
2011,1405,Somatosensory,SSp-bfd5,0,0.0,0,0.0,0,0.0,299.9899999999998,effect_5-10
2012,1407,Somatosensory,SSp-bfd4,0,0.0,0,0.0,0,0.0,299.9899999999998,effect_5-10
2013,1414,Other,int,5,0.01666722224074137,16,3.2,156,0.10256410256410256,299.9899999999998,effect_5-10
2014,1418,Somatosensory,SSp-bfd6a,0,0.0,0,0.0,4,0.0,299.9899999999998,effect_5-10
2015,1420,Somatosensory,SSp-bfd5,0,0.0,0,0.0,0,0.0,299.9899999999998,effect_5-10
2016,1426,STR,STR,0,0.0,0,0.0,0,0.0,299.9899999999998,effect_5-10
2017,1428,Somatosensory,SSp-bfd2/3,1,0.003333444448148274,3,3.0,30,0.1,299.9899999999998,effect_5-10
2018,1430,STR,STR,0,0.0,0,0.0,47,0.0,299.9899999999998,effect_5-10
2019,1432,STR,STR,1,0.003333444448148274,3,3.0,22,0.13636363636363635,299.9899999999998,effect_5-10
2020,1435,Other,DP,4,0.013333777792593097,12,3.0,2080,0.0057692307692307696,299.9899999999998,effect_5-10
2021,1443,Other,ILA2/3,0,0.0,0,0.0,69,0.0,299.9899999999998,effect_5-10
2022,1445,Other,ILA2/3,0,0.0,0,0.0,19,0.0,299.9899999999998,effect_5-10
2023,1446,Other,ILA2/3,0,0.0,0,0.0,60,0.0,299.9899999999998,effect_5-10
2024,1461,Other,ILA5,2,0.006666888896296548,8,4.0,156,0.05128205128205128,299.9899999999998,effect_5-10
2025,1464,Other,ILA5,0,0.0,0,0.0,5,0.0,299.9899999999998,effect_5-10
2026,1468,Other,ILA5,0,0.0,0,0.0,1845,0.0,299.9899999999998,effect_5-10
2027,1506,Other,ILA5,0,0.0,0,0.0,188,0.0,299.9899999999998,effect_5-10
2028,1507,Other,ILA5,0,0.0,0,0.0,12,0.0,299.9899999999998,effect_5-10
2029,1509,Other,ILA5,2,0.006666888896296548,7,3.5,636,0.0110062893081761,299.9899999999998,effect_5-10
2030,1516,Other,ILA5,0,0.0,0,0.0,26,0.0,299.9899999999998,effect_5-10
2031,1529,Other,ILA5,2,0.006666888896296548,6,3.0,342,0.017543859649122806,299.9899999999998,effect_5-10
2032,1531,Other,ILA5,10,0.03333444448148274,33,3.3,81,0.4074074074074074,299.9899999999998,effect_5-10
2033,1534,Other,ILA5,0,0.0,0,0.0,21,0.0,299.9899999999998,effect_5-10
2034,1535,Other,ILA5,2,0.006666888896296548,7,3.5,379,0.018469656992084433,299.9899999999998,effect_5-10
2035,1537,Other,ILA5,0,0.0,0,0.0,29,0.0,299.9899999999998,effect_5-10
2036,1538,Other,ILA5,0,0.0,0,0.0,24,0.0,299.9899999999998,effect_5-10
2037,1539,Other,ILA5,0,0.0,0,0.0,251,0.0,299.9899999999998,effect_5-10
2038,1541,Other,ILA5,0,0.0,0,0.0,23,0.0,299.9899999999998,effect_5-10
2039,1545,Other,ILA5,0,0.0,0,0.0,21,0.0,299.9899999999998,effect_5-10
2040,1550,Other,ILA5,0,0.0,0,0.0,47,0.0,299.9899999999998,effect_5-10
2041,1553,Other,PL5,30,0.10000333344444821,96,3.2,584,0.1643835616438356,299.9899999999998,effect_5-10
2042,1556,Other,PL5,0,0.0,0,0.0,1136,0.0,299.9899999999998,effect_5-10
2043,1563,Other,PL5,0,0.0,0,0.0,554,0.0,299.9899999999998,effect_5-10
2044,1566,Other,PL6a,0,0.0,0,0.0,22,0.0,299.9899999999998,effect_5-10
2045,1570,Other,PL6a,1,0.003333444448148274,3,3.0,144,0.020833333333333332,299.9899999999998,effect_5-10
2046,1573,Other,PL6a,1,0.003333444448148274,3,3.0,175,0.017142857142857144,299.9899999999998,effect_5-10
2047,1582,Other,PL6a,0,0.0,0,0.0,0,0.0,299.9899999999998,effect_5-10
2048,1589,Other,PL6a,0,0.0,0,0.0,291,0.0,299.9899999999998,effect_5-10
2049,1591,Other,PL6a,0,0.0,0,0.0,17,0.0,299.9899999999998,effect_5-10
2050,1593,Other,PL6a,9,0.030001000033334467,34,3.7777777777777777,4265,0.007971864009378663,299.9899999999998,effect_5-10
2051,1594,Other,PL6a,4,0.013333777792593097,12,3.0,6241,0.0019227687870533568,299.9899999999998,effect_5-10
2052,1606,Other,PL6a,0,0.0,0,0.0,41,0.0,299.9899999999998,effect_5-10
2053,1611,Other,PL6a,1,0.003333444448148274,3,3.0,80,0.0375,299.9899999999998,effect_5-10
2054,1615,Other,PL6a,5,0.01666722224074137,18,3.6,1238,0.014539579967689823,299.9899999999998,effect_5-10
2055,1624,Other,PL6a,0,0.0,0,0.0,4,0.0,299.9899999999998,effect_5-10
2056,1627,Other,PL6a,0,0.0,0,0.0,22,0.0,299.9899999999998,effect_5-10
2057,1641,Other,PL6a,0,0.0,0,0.0,77,0.0,299.9899999999998,effect_5-10
2058,1643,Other,PL6a,0,0.0,0,0.0,0,0.0,299.9899999999998,effect_5-10
2059,1651,Other,PL5,0,0.0,0,0.0,23,0.0,299.9899999999998,effect_5-10
2060,1655,Other,PL5,0,0.0,0,0.0,111,0.0,299.9899999999998,effect_5-10
2061,1658,Other,PL5,0,0.0,0,0.0,6,0.0,299.9899999999998,effect_5-10
2062,1676,Motor,MOs5,0,0.0,0,0.0,0,0.0,299.9899999999998,effect_5-10
2063,1681,Motor,MOs5,26,0.08666955565185512,82,3.1538461538461537,425,0.19294117647058823,299.9899999999998,effect_5-10
2064,1684,Motor,MOs5,2,0.006666888896296548,6,3.0,133,0.045112781954887216,299.9899999999998,effect_5-10
2065,1685,Motor,MOs5,69,0.2300076669222309,264,3.8260869565217392,582,0.4536082474226804,299.9899999999998,effect_5-10
2066,1686,Motor,MOs5,0,0.0,0,0.0,116,0.0,299.9899999999998,effect_5-10
2067,1687,Motor,MOs5,0,0.0,0,0.0,55,0.0,299.9899999999998,effect_5-10
2068,1690,Motor,MOs5,0,0.0,0,0.0,16,0.0,299.9899999999998,effect_5-10
2069,1697,Motor,MOs5,1,0.003333444448148274,3,3.0,10,0.3,299.9899999999998,effect_5-10
2070,1699,Motor,MOs5,0,0.0,0,0.0,11,0.0,299.9899999999998,effect_5-10
2071,1713,Motor,MOs5,0,0.0,0,0.0,207,0.0,299.9899999999998,effect_5-10
2072,1738,Motor,MOs5,1,0.003333444448148274,4,4.0,74,0.05405405405405406,299.9899999999998,effect_5-10
2073,1747,STR,LSr,0,0.0,0,0.0,51,0.0,299.9899999999998,effect_5-10
2074,1749,STR,STR,1,0.003333444448148274,3,3.0,59,0.05084745762711865,299.9899999999998,effect_5-10
2075,1762,Other,ILA5,0,0.0,0,0.0,78,0.0,299.9899999999998,effect_5-10
2076,1763,Other,ILA5,0,0.0,0,0.0,31,0.0,299.9899999999998,effect_5-10
2077,1764,Other,ILA5,0,0.0,0,0.0,11,0.0,299.9899999999998,effect_5-10
2078,1768,Other,ILA5,0,0.0,0,0.0,64,0.0,299.9899999999998,effect_5-10
2079,1769,Other,ILA5,0,0.0,0,0.0,13,0.0,299.9899999999998,effect_5-10
2080,1782,Other,ILA5,0,0.0,0,0.0,18,0.0,299.9899999999998,effect_5-10
2081,1783,Other,ILA5,0,0.0,0,0.0,21,0.0,299.9899999999998,effect_5-10
2082,1785,Other,ILA5,0,0.0,0,0.0,2,0.0,299.9899999999998,effect_5-10
2083,1786,Other,ILA5,0,0.0,0,0.0,25,0.0,299.9899999999998,effect_5-10
2084,1789,Other,PL5,0,0.0,0,0.0,35,0.0,299.9899999999998,effect_5-10
2085,1796,Other,PL6a,0,0.0,0,0.0,4,0.0,299.9899999999998,effect_5-10
2086,1799,Other,PL6a,0,0.0,0,0.0,21,0.0,299.9899999999998,effect_5-10
2087,1801,Other,PL6a,0,0.0,0,0.0,0,0.0,299.9899999999998,effect_5-10
2088,1804,Other,PL6a,0,0.0,0,0.0,44,0.0,299.9899999999998,effect_5-10
2089,1806,Other,PL6a,0,0.0,0,0.0,4,0.0,299.9899999999998,effect_5-10
2090,1809,Other,PL6a,0,0.0,0,0.0,0,0.0,299.9899999999998,effect_5-10
2091,1811,Other,PL6a,0,0.0,0,0.0,4,0.0,299.9899999999998,effect_5-10
2092,1813,Other,PL6a,0,0.0,0,0.0,32,0.0,299.9899999999998,effect_5-10
2093,1815,Other,PL6a,0,0.0,0,0.0,0,0.0,299.9899999999998,effect_5-10
2094,1816,Other,PL6a,0,0.0,0,0.0,0,0.0,299.9899999999998,effect_5-10
2095,1818,Other,PL6a,0,0.0,0,0.0,6,0.0,299.9899999999998,effect_5-10
2096,1819,Other,PL6a,2,0.006666888896296548,6,3.0,586,0.010238907849829351,299.9899999999998,effect_5-10
2097,1822,Motor,MOs5,0,0.0,0,0.0,13,0.0,299.9899999999998,effect_5-10
2098,1826,Motor,MOs5,0,0.0,0,0.0,9,0.0,299.9899999999998,effect_5-10
2099,1827,Motor,MOs5,0,0.0,0,0.0,44,0.0,299.9899999999998,effect_5-10
2100,1828,Motor,MOs5,0,0.0,0,0.0,19,0.0,299.9899999999998,effect_5-10
2101,1829,Motor,MOs5,0,0.0,0,0.0,0,0.0,299.9899999999998,effect_5-10
2102,1830,Motor,MOs5,0,0.0,0,0.0,8,0.0,299.9899999999998,effect_5-10
2103,1832,Motor,MOs5,0,0.0,0,0.0,20,0.0,299.9899999999998,effect_5-10
2104,1833,Motor,MOs5,0,0.0,0,0.0,3,0.0,299.9899999999998,effect_5-10
2105,1840,STR,STR,1,0.003333444448148274,3,3.0,35,0.08571428571428572,299.9899999999998,effect_5-10
2106,1844,Other,ILA2/3,0,0.0,0,0.0,129,0.0,299.9899999999998,effect_5-10
2107,1848,Other,ILA5,0,0.0,0,0.0,7,0.0,299.9899999999998,effect_5-10
2108,1849,Other,ILA5,0,0.0,0,0.0,20,0.0,299.9899999999998,effect_5-10
2109,1850,Other,PL6a,0,0.0,0,0.0,5,0.0,299.9899999999998,effect_5-10
2110,1851,Other,PL6a,0,0.0,0,0.0,2,0.0,299.9899999999998,effect_5-10
2111,1852,Other,PL6a,0,0.0,0,0.0,2,0.0,299.9899999999998,effect_5-10
2112,1854,Motor,MOs5,0,0.0,0,0.0,0,0.0,299.9899999999998,effect_5-10
2113,1855,Other,ILA2/3,0,0.0,0,0.0,3,0.0,299.9899999999998,effect_5-10
2114,1856,Other,ILA5,3,0.010000333344444822,9,3.0,201,0.04477611940298507,299.9899999999998,effect_5-10
2115,1857,Other,ILA5,0,0.0,0,0.0,15,0.0,299.9899999999998,effect_5-10
2116,1860,Other,PL6a,0,0.0,0,0.0,19,0.0,299.9899999999998,effect_5-10
2117,1862,Motor,MOs5,0,0.0,0,0.0,1,0.0,299.9899999999998,effect_5-10
2118,1863,Motor,MOs5,0,0.0,0,0.0,0,0.0,299.9899999999998,effect_5-10
2119,1864,Motor,MOs5,0,0.0,0,0.0,4,0.0,299.9899999999998,effect_5-10
2120,1865,Motor,MOs5,0,0.0,0,0.0,11,0.0,299.9899999999998,effect_5-10
2121,1866,Motor,MOs5,0,0.0,0,0.0,19,0.0,299.9899999999998,effect_5-10
2122,1868,Motor,MOs5,0,0.0,0,0.0,42,0.0,299.9899999999998,effect_5-10
2123,1872,Motor,MOs5,0,0.0,0,0.0,2,0.0,299.9899999999998,effect_5-10
2124,3,Other,AMd,48,0.16,163,3.3958333333333335,1550,0.10516129032258065,300.0,effect_10-15
2125,4,Other,AMd,116,0.38666666666666666,430,3.706896551724138,1397,0.30780243378668576,300.0,effect_10-15
2126,9,Other,AMd,105,0.35,352,3.3523809523809525,1186,0.29679595278246207,300.0,effect_10-15
2127,10,Other,AMd,148,0.49333333333333335,521,3.52027027027027,917,0.5681570338058888,300.0,effect_10-15
2128,12,Other,AMd,194,0.6466666666666666,750,3.865979381443299,2741,0.2736227654140824,300.0,effect_10-15
2129,13,Other,AMd,68,0.22666666666666666,239,3.514705882352941,2778,0.08603311735061195,300.0,effect_10-15
2130,14,Other,AMd,133,0.44333333333333336,459,3.4511278195488724,1281,0.3583138173302108,300.0,effect_10-15
2131,16,Other,AMd,72,0.24,260,3.611111111111111,975,0.26666666666666666,300.0,effect_10-15
2132,20,Other,AMd,130,0.43333333333333335,462,3.5538461538461537,1384,0.3338150289017341,300.0,effect_10-15
2133,21,Other,AMd,194,0.6466666666666666,752,3.8762886597938144,1786,0.42105263157894735,300.0,effect_10-15
2134,23,Other,AMd,34,0.11333333333333333,114,3.3529411764705883,2288,0.049825174825174824,300.0,effect_10-15
2135,24,Other,AMd,95,0.31666666666666665,330,3.473684210526316,1560,0.21153846153846154,300.0,effect_10-15
2136,26,Other,AMd,208,0.6933333333333334,787,3.7836538461538463,1693,0.4648552864737153,300.0,effect_10-15
2137,28,Other,AMd,119,0.39666666666666667,406,3.411764705882353,788,0.5152284263959391,300.0,effect_10-15
2138,29,Other,AMd,109,0.36333333333333334,361,3.311926605504587,1158,0.31174438687392053,300.0,effect_10-15
2139,30,Other,AMd,159,0.53,639,4.018867924528302,1392,0.45905172413793105,300.0,effect_10-15
2140,33,Other,AMd,59,0.19666666666666666,194,3.288135593220339,1311,0.14797864225781845,300.0,effect_10-15
2141,34,Other,AMd,86,0.2866666666666667,291,3.383720930232558,1228,0.23697068403908794,300.0,effect_10-15
2142,36,Other,AMd,84,0.28,285,3.392857142857143,2140,0.13317757009345793,300.0,effect_10-15
2143,38,Other,AMd,56,0.18666666666666668,189,3.375,1308,0.1444954128440367,300.0,effect_10-15
2144,42,Other,AMd,39,0.13,130,3.3333333333333335,1443,0.09009009009009009,300.0,effect_10-15
2145,44,Other,AMd,146,0.4866666666666667,516,3.5342465753424657,1591,0.32432432432432434,300.0,effect_10-15
2146,45,Other,AMd,130,0.43333333333333335,472,3.6307692307692307,1489,0.3169912693082606,300.0,effect_10-15
2147,46,Other,AMd,104,0.3466666666666667,368,3.5384615384615383,1464,0.25136612021857924,300.0,effect_10-15
2148,48,Other,AMd,78,0.26,260,3.3333333333333335,1192,0.2181208053691275,300.0,effect_10-15
2149,49,Other,AMd,110,0.36666666666666664,372,3.381818181818182,1378,0.26995645863570394,300.0,effect_10-15
2150,54,Other,AMd,72,0.24,232,3.2222222222222223,1191,0.19479429051217464,300.0,effect_10-15
2151,58,Other,AMd,59,0.19666666666666666,184,3.1186440677966103,625,0.2944,300.0,effect_10-15
2152,61,Other,AMd,187,0.6233333333333333,658,3.518716577540107,1874,0.3511205976520811,300.0,effect_10-15
2153,62,Other,AMd,46,0.15333333333333332,150,3.260869565217391,645,0.23255813953488372,300.0,effect_10-15
2154,63,Other,AMd,136,0.4533333333333333,482,3.5441176470588234,1283,0.37568199532346064,300.0,effect_10-15
2155,69,Other,AMd,129,0.43,417,3.2325581395348837,714,0.5840336134453782,300.0,effect_10-15
2156,74,Other,AD,176,0.5866666666666667,644,3.659090909090909,1801,0.3575791227096058,300.0,effect_10-15
2157,97,Other,AD,6,0.02,25,4.166666666666667,411,0.06082725060827251,300.0,effect_10-15
2158,98,Other,AD,23,0.07666666666666666,110,4.782608695652174,1557,0.07064868336544637,300.0,effect_10-15
2159,102,Other,cing,46,0.15333333333333332,229,4.978260869565218,2664,0.08596096096096097,300.0,effect_10-15
2160,103,Motor,MOp6a,4,0.013333333333333334,17,4.25,1981,0.008581524482584554,300.0,effect_10-15
2161,104,Motor,MOp6a,0,0.0,0,0.0,770,0.0,300.0,effect_10-15
2162,105,Motor,MOp6a,57,0.19,279,4.894736842105263,2284,0.12215411558669002,300.0,effect_10-15
2163,108,Motor,MOp6a,1,0.0033333333333333335,4,4.0,2184,0.0018315018315018315,300.0,effect_10-15
2164,117,Motor,MOp6a,0,0.0,0,0.0,714,0.0,300.0,effect_10-15
2165,122,Motor,MOp5,3,0.01,9,3.0,166,0.05421686746987952,300.0,effect_10-15
2166,124,Motor,MOp5,0,0.0,0,0.0,281,0.0,300.0,effect_10-15
2167,126,Motor,MOp5,0,0.0,0,0.0,23,0.0,300.0,effect_10-15
2168,127,Motor,MOp5,1,0.0033333333333333335,4,4.0,54,0.07407407407407407,300.0,effect_10-15
2169,128,Motor,MOp5,1,0.0033333333333333335,3,3.0,800,0.00375,300.0,effect_10-15
2170,131,Motor,MOp5,0,0.0,0,0.0,59,0.0,300.0,effect_10-15
2171,137,Motor,MOp5,3,0.01,10,3.3333333333333335,253,0.039525691699604744,300.0,effect_10-15
2172,139,Motor,MOp5,0,0.0,0,0.0,243,0.0,300.0,effect_10-15
2173,141,Motor,MOp5,3,0.01,11,3.6666666666666665,1653,0.006654567453115548,300.0,effect_10-15
2174,145,Motor,MOp5,0,0.0,0,0.0,189,0.0,300.0,effect_10-15
2175,146,Motor,MOp5,0,0.0,0,0.0,1494,0.0,300.0,effect_10-15
2176,150,Motor,MOp5,0,0.0,0,0.0,55,0.0,300.0,effect_10-15
2177,151,Motor,MOp5,5,0.016666666666666666,16,3.2,2018,0.007928642220019821,300.0,effect_10-15
2178,152,Motor,MOp5,0,0.0,0,0.0,52,0.0,300.0,effect_10-15
2179,153,Motor,MOp5,0,0.0,0,0.0,14,0.0,300.0,effect_10-15
2180,154,Motor,MOp5,0,0.0,0,0.0,724,0.0,300.0,effect_10-15
2181,155,Motor,MOp5,0,0.0,0,0.0,113,0.0,300.0,effect_10-15
2182,157,Motor,MOp5,0,0.0,0,0.0,201,0.0,300.0,effect_10-15
2183,161,Motor,MOp5,0,0.0,0,0.0,137,0.0,300.0,effect_10-15
2184,164,Motor,MOp2/3,0,0.0,0,0.0,28,0.0,300.0,effect_10-15
2185,167,Other,RSPagl2/3,0,0.0,0,0.0,1039,0.0,300.0,effect_10-15
2186,174,Other,RSPagl2/3,0,0.0,0,0.0,28,0.0,300.0,effect_10-15
2187,178,Other,RSPagl2/3,3,0.01,9,3.0,320,0.028125,300.0,effect_10-15
2188,182,Somatosensory,SSp-tr2/3,0,0.0,0,0.0,15,0.0,300.0,effect_10-15
2189,186,Somatosensory,SSp-tr2/3,15,0.05,47,3.1333333333333333,1084,0.043357933579335796,300.0,effect_10-15
2190,188,Somatosensory,SSp-tr2/3,1,0.0033333333333333335,5,5.0,543,0.009208103130755065,300.0,effect_10-15
2191,192,Somatosensory,SSp-tr2/3,0,0.0,0,0.0,32,0.0,300.0,effect_10-15
2192,193,Somatosensory,SSp-tr2/3,0,0.0,0,0.0,347,0.0,300.0,effect_10-15
2193,197,Somatosensory,SSp-tr2/3,0,0.0,0,0.0,243,0.0,300.0,effect_10-15
2194,204,Somatosensory,SSp-tr1,0,0.0,0,0.0,45,0.0,300.0,effect_10-15
2195,205,Other,AMd,34,0.11333333333333333,117,3.4411764705882355,385,0.3038961038961039,300.0,effect_10-15
2196,206,Other,AD,35,0.11666666666666667,114,3.257142857142857,1233,0.09245742092457421,300.0,effect_10-15
2197,210,Motor,MOp6a,0,0.0,0,0.0,107,0.0,300.0,effect_10-15
2198,211,Motor,MOp6a,17,0.056666666666666664,99,5.823529411764706,1872,0.052884615384615384,300.0,effect_10-15
2199,213,Motor,MOp5,1,0.0033333333333333335,3,3.0,22,0.13636363636363635,300.0,effect_10-15
2200,216,Motor,MOp5,0,0.0,0,0.0,294,0.0,300.0,effect_10-15
2201,217,Motor,MOp5,0,0.0,0,0.0,4,0.0,300.0,effect_10-15
2202,218,Motor,MOp5,4,0.013333333333333334,13,3.25,623,0.02086677367576244,300.0,effect_10-15
2203,219,Motor,MOp5,4,0.013333333333333334,13,3.25,530,0.024528301886792454,300.0,effect_10-15
2204,221,Motor,MOp5,0,0.0,0,0.0,177,0.0,300.0,effect_10-15
2205,223,Motor,MOp5,0,0.0,0,0.0,16,0.0,300.0,effect_10-15
2206,226,Motor,MOp5,0,0.0,0,0.0,154,0.0,300.0,effect_10-15
2207,227,Motor,MOp5,0,0.0,0,0.0,123,0.0,300.0,effect_10-15
2208,230,Other,RSPagl2/3,0,0.0,0,0.0,1,0.0,300.0,effect_10-15
2209,232,Somatosensory,SSp-tr2/3,0,0.0,0,0.0,132,0.0,300.0,effect_10-15
2210,233,Somatosensory,SSp-tr2/3,0,0.0,0,0.0,61,0.0,300.0,effect_10-15
2211,234,Somatosensory,SSp-tr2/3,0,0.0,0,0.0,18,0.0,300.0,effect_10-15
2212,238,Somatosensory,SSp-tr1,0,0.0,0,0.0,8,0.0,300.0,effect_10-15
2213,242,Motor,MOp2/3,0,0.0,0,0.0,37,0.0,300.0,effect_10-15
2214,243,Other,RSPagl2/3,0,0.0,0,0.0,20,0.0,300.0,effect_10-15
2215,244,Somatosensory,SSp-tr1,0,0.0,0,0.0,33,0.0,300.0,effect_10-15
2216,247,Motor,MOp5,0,0.0,0,0.0,29,0.0,300.0,effect_10-15
2217,248,Motor,MOp2/3,0,0.0,0,0.0,50,0.0,300.0,effect_10-15
2218,249,Somatosensory,SSp-tr2/3,0,0.0,0,0.0,39,0.0,300.0,effect_10-15
2219,250,Somatosensory,SSp-tr1,0,0.0,0,0.0,17,0.0,300.0,effect_10-15
2220,252,Other,SPFp,1,0.0033333333333333335,3,3.0,55,0.05454545454545454,300.0,effect_10-15
2221,266,Other,SPFp,116,0.38666666666666666,402,3.4655172413793105,671,0.5991058122205664,300.0,effect_10-15
2222,272,Other,PoT,206,0.6866666666666666,676,3.2815533980582523,1031,0.6556741028128031,300.0,effect_10-15
2223,279,Other,PoT,1,0.0033333333333333335,3,3.0,107,0.028037383177570093,300.0,effect_10-15
2224,281,Other,PoT,0,0.0,0,0.0,63,0.0,300.0,effect_10-15
2225,286,Other,PoT,56,0.18666666666666668,221,3.9464285714285716,263,0.8403041825095057,300.0,effect_10-15
2226,291,Other,PoT,59,0.19666666666666666,226,3.830508474576271,735,0.3074829931972789,300.0,effect_10-15
2227,292,Other,PoT,90,0.3,317,3.522222222222222,789,0.4017743979721166,300.0,effect_10-15
2228,296,Other,PoT,68,0.22666666666666666,248,3.6470588235294117,495,0.501010101010101,300.0,effect_10-15
2229,298,Other,PoT,123,0.41,484,3.934959349593496,957,0.5057471264367817,300.0,effect_10-15
2230,299,Other,PoT,3,0.01,9,3.0,296,0.030405405405405407,300.0,effect_10-15
2231,302,Other,PoT,24,0.08,79,3.2916666666666665,176,0.44886363636363635,300.0,effect_10-15
2232,304,Other,PoT,8,0.02666666666666667,27,3.375,153,0.17647058823529413,300.0,effect_10-15
2233,306,Other,PoT,75,0.25,283,3.7733333333333334,393,0.7201017811704835,300.0,effect_10-15
2234,307,Other,PoT,58,0.19333333333333333,225,3.8793103448275863,380,0.5921052631578947,300.0,effect_10-15
2235,310,Other,PoT,0,0.0,0,0.0,0,0.0,300.0,effect_10-15
2236,316,Other,PoT,22,0.07333333333333333,86,3.909090909090909,1383,0.06218365871294288,300.0,effect_10-15
2237,317,Other,PoT,28,0.09333333333333334,93,3.3214285714285716,888,0.10472972972972973,300.0,effect_10-15
2238,321,Other,PoT,64,0.21333333333333335,221,3.453125,725,0.30482758620689654,300.0,effect_10-15
2239,325,Other,PoT,46,0.15333333333333332,158,3.4347826086956523,1347,0.11729769858945806,300.0,effect_10-15
2240,328,Other,PoT,0,0.0,0,0.0,38,0.0,300.0,effect_10-15
2241,330,Other,PoT,11,0.03666666666666667,39,3.5454545454545454,2237,0.01743406347787215,300.0,effect_10-15
2242,331,Other,PoT,59,0.19666666666666666,207,3.5084745762711864,1867,0.11087305838243171,300.0,effect_10-15
2243,333,Other,PoT,14,0.04666666666666667,51,3.642857142857143,1162,0.04388984509466437,300.0,effect_10-15
2244,334,Other,PoT,118,0.3933333333333333,454,3.847457627118644,2771,0.16383976903644892,300.0,effect_10-15
2245,338,Other,PoT,12,0.04,41,3.4166666666666665,1470,0.027891156462585033,300.0,effect_10-15
2246,340,Other,PoT,14,0.04666666666666667,53,3.7857142857142856,672,0.07886904761904762,300.0,effect_10-15
2247,341,Other,PoT,1,0.0033333333333333335,4,4.0,215,0.018604651162790697,300.0,effect_10-15
2248,344,Other,PoT,7,0.023333333333333334,24,3.4285714285714284,1336,0.017964071856287425,300.0,effect_10-15
2249,347,Other,PoT,16,0.05333333333333334,56,3.5,2495,0.022444889779559118,300.0,effect_10-15
2250,350,Other,PoT,13,0.043333333333333335,44,3.3846153846153846,319,0.13793103448275862,300.0,effect_10-15
2251,352,Other,PoT,1,0.0033333333333333335,3,3.0,503,0.005964214711729622,300.0,effect_10-15
2252,355,Other,PoT,2,0.006666666666666667,7,3.5,76,0.09210526315789473,300.0,effect_10-15
2253,361,Other,PoT,6,0.02,36,6.0,1839,0.01957585644371941,300.0,effect_10-15
2254,362,Other,PoT,101,0.33666666666666667,416,4.118811881188119,1782,0.2334455667789001,300.0,effect_10-15
2255,367,Other,PoT,6,0.02,20,3.3333333333333335,656,0.03048780487804878,300.0,effect_10-15
2256,368,Other,PoT,3,0.01,13,4.333333333333333,136,0.09558823529411764,300.0,effect_10-15
2257,369,Other,PoT,160,0.5333333333333333,686,4.2875,2413,0.2842934106920845,300.0,effect_10-15
2258,372,Other,PoT,5,0.016666666666666666,19,3.8,961,0.019771071800208116,300.0,effect_10-15
2259,381,Other,PoT,37,0.12333333333333334,128,3.4594594594594597,622,0.2057877813504823,300.0,effect_10-15
2260,382,Other,PoT,154,0.5133333333333333,599,3.8896103896103895,1444,0.41481994459833793,300.0,effect_10-15
2261,385,Other,PoT,88,0.29333333333333333,324,3.6818181818181817,737,0.4396200814111262,300.0,effect_10-15
2262,388,Other,PoT,148,0.49333333333333335,635,4.29054054054054,10947,0.05800675984287933,300.0,effect_10-15
2263,392,Other,PoT,120,0.4,467,3.8916666666666666,995,0.46934673366834173,300.0,effect_10-15
2264,394,Other,PoT,50,0.16666666666666666,177,3.54,1274,0.1389324960753532,300.0,effect_10-15
2265,396,Other,PoT,0,0.0,0,0.0,23,0.0,300.0,effect_10-15
2266,404,Other,PoT,174,0.58,807,4.637931034482759,1496,0.5394385026737968,300.0,effect_10-15
2267,405,Other,PoT,102,0.34,412,4.03921568627451,971,0.4243048403707518,300.0,effect_10-15
2268,406,Other,PoT,92,0.30666666666666664,332,3.608695652173913,1820,0.1824175824175824,300.0,effect_10-15
2269,408,Other,PoT,215,0.7166666666666667,931,4.330232558139535,1532,0.6077023498694517,300.0,effect_10-15
2270,412,Other,PoT,19,0.06333333333333334,62,3.263157894736842,475,0.13052631578947368,300.0,effect_10-15
2271,414,Other,PoT,6,0.02,20,3.3333333333333335,120,0.16666666666666666,300.0,effect_10-15
2272,415,Other,PoT,46,0.15333333333333332,174,3.782608695652174,563,0.30905861456483125,300.0,effect_10-15
2273,417,Other,PoT,134,0.44666666666666666,505,3.7686567164179103,953,0.5299055613850997,300.0,effect_10-15
2274,418,Other,PoT,16,0.05333333333333334,56,3.5,199,0.2814070351758794,300.0,effect_10-15
2275,419,Other,PoT,56,0.18666666666666668,200,3.5714285714285716,676,0.2958579881656805,300.0,effect_10-15
2276,421,Other,PoT,181,0.6033333333333334,737,4.071823204419889,2337,0.3153615746683783,300.0,effect_10-15
2277,422,Other,PoT,28,0.09333333333333334,101,3.607142857142857,286,0.3531468531468531,300.0,effect_10-15
2278,425,Other,PoT,41,0.13666666666666666,160,3.902439024390244,266,0.6015037593984962,300.0,effect_10-15
2279,428,Other,PoT,106,0.35333333333333333,394,3.7169811320754715,3761,0.10475937250731189,300.0,effect_10-15
2280,429,Other,PoT,58,0.19333333333333333,239,4.120689655172414,358,0.6675977653631285,300.0,effect_10-15
2281,430,Other,PoT,55,0.18333333333333332,205,3.727272727272727,972,0.2109053497942387,300.0,effect_10-15
2282,433,Other,PoT,49,0.16333333333333333,201,4.1020408163265305,455,0.44175824175824174,300.0,effect_10-15
2283,434,Other,PoT,36,0.12,139,3.861111111111111,435,0.3195402298850575,300.0,effect_10-15
2284,435,Other,PoT,24,0.08,90,3.75,124,0.7258064516129032,300.0,effect_10-15
2285,437,Other,PoT,69,0.23,312,4.521739130434782,709,0.4400564174894217,300.0,effect_10-15
2286,438,Other,PoT,31,0.10333333333333333,131,4.225806451612903,196,0.6683673469387755,300.0,effect_10-15
2287,440,Other,SGN,41,0.13666666666666666,152,3.707317073170732,261,0.5823754789272031,300.0,effect_10-15
2288,443,Other,PoT,142,0.47333333333333333,588,4.140845070422535,1211,0.48554913294797686,300.0,effect_10-15
2289,445,Other,SGN,100,0.3333333333333333,395,3.95,1073,0.3681267474370923,300.0,effect_10-15
2290,446,Other,SGN,45,0.15,185,4.111111111111111,288,0.6423611111111112,300.0,effect_10-15
2291,447,Other,SGN,74,0.24666666666666667,303,4.094594594594595,394,0.7690355329949239,300.0,effect_10-15
2292,448,Other,SGN,113,0.37666666666666665,441,3.9026548672566372,835,0.5281437125748503,300.0,effect_10-15
2293,450,Other,SGN,49,0.16333333333333333,175,3.5714285714285716,292,0.5993150684931506,300.0,effect_10-15
2294,451,Other,SGN,150,0.5,668,4.453333333333333,2532,0.2638230647709321,300.0,effect_10-15
2295,453,Other,SGN,169,0.5633333333333334,704,4.165680473372781,1599,0.44027517198248906,300.0,effect_10-15
2296,457,Other,SGN,78,0.26,278,3.5641025641025643,1040,0.2673076923076923,300.0,effect_10-15
2297,458,Other,SGN,1,0.0033333333333333335,3,3.0,204,0.014705882352941176,300.0,effect_10-15
2298,463,Other,SGN,29,0.09666666666666666,120,4.137931034482759,221,0.5429864253393665,300.0,effect_10-15
2299,465,Other,SGN,239,0.7966666666666666,1087,4.548117154811716,2185,0.4974828375286041,300.0,effect_10-15
2300,471,Other,SGN,141,0.47,735,5.212765957446808,913,0.8050383351588171,300.0,effect_10-15
2301,492,Other,DG-sg,0,0.0,0,0.0,15,0.0,300.0,effect_10-15
2302,495,Other,DG-sg,0,0.0,0,0.0,0,0.0,300.0,effect_10-15
2303,496,Other,DG-sg,7,0.023333333333333334,25,3.5714285714285716,240,0.10416666666666667,300.0,effect_10-15
2304,498,Other,DG-sg,0,0.0,0,0.0,0,0.0,300.0,effect_10-15
2305,500,Other,DG-sg,9,0.03,29,3.2222222222222223,244,0.11885245901639344,300.0,effect_10-15
2306,501,Other,DG-sg,20,0.06666666666666667,74,3.7,545,0.13577981651376148,300.0,effect_10-15
2307,504,Other,DG-po,0,0.0,0,0.0,0,0.0,300.0,effect_10-15
2308,505,Other,DG-po,6,0.02,19,3.1666666666666665,222,0.08558558558558559,300.0,effect_10-15
2309,506,Other,DG-po,0,0.0,0,0.0,1,0.0,300.0,effect_10-15
2310,507,Other,DG-po,68,0.22666666666666666,263,3.8676470588235294,1633,0.16105327617881202,300.0,effect_10-15
2311,511,Other,DG-po,0,0.0,0,0.0,9,0.0,300.0,effect_10-15
2312,513,Other,DG-po,0,0.0,0,0.0,208,0.0,300.0,effect_10-15
2313,538,Other,ProS,0,0.0,0,0.0,466,0.0,300.0,effect_10-15
2314,543,Other,ProS,4,0.013333333333333334,12,3.0,223,0.053811659192825115,300.0,effect_10-15
2315,546,Other,ProS,2,0.006666666666666667,6,3.0,262,0.022900763358778626,300.0,effect_10-15
2316,547,Other,SUB,5,0.016666666666666666,16,3.2,299,0.05351170568561873,300.0,effect_10-15
2317,549,Other,ProS,5,0.016666666666666666,15,3.0,637,0.023547880690737835,300.0,effect_10-15
2318,550,Other,ProS,0,0.0,0,0.0,125,0.0,300.0,effect_10-15
2319,551,Other,ProS,0,0.0,0,0.0,367,0.0,300.0,effect_10-15
2320,560,Other,ProS,0,0.0,0,0.0,0,0.0,300.0,effect_10-15
2321,561,Other,ProS,2,0.006666666666666667,6,3.0,337,0.017804154302670624,300.0,effect_10-15
2322,562,Other,ProS,8,0.02666666666666667,27,3.375,1229,0.021969080553295363,300.0,effect_10-15
2323,564,Other,ProS,55,0.18333333333333332,219,3.981818181818182,1823,0.12013165112452003,300.0,effect_10-15
2324,566,Other,ProS,14,0.04666666666666667,44,3.142857142857143,195,0.22564102564102564,300.0,effect_10-15
2325,567,Other,SUB,0,0.0,0,0.0,106,0.0,300.0,effect_10-15
2326,568,Other,SUB,0,0.0,0,0.0,84,0.0,300.0,effect_10-15
2327,569,Other,SUB,48,0.16,164,3.4166666666666665,1813,0.09045780474351903,300.0,effect_10-15
2328,570,Other,SUB,0,0.0,0,0.0,0,0.0,300.0,effect_10-15
2329,571,Other,SUB,8,0.02666666666666667,26,3.25,1045,0.024880382775119617,300.0,effect_10-15
2330,573,Other,SUB,0,0.0,0,0.0,14,0.0,300.0,effect_10-15
2331,574,Other,SUB,27,0.09,101,3.740740740740741,491,0.20570264765784113,300.0,effect_10-15
2332,576,Other,SUB,16,0.05333333333333334,51,3.1875,539,0.09461966604823747,300.0,effect_10-15
2333,578,Other,SUB,36,0.12,128,3.5555555555555554,1504,0.0851063829787234,300.0,effect_10-15
2334,579,Other,SUB,49,0.16333333333333333,165,3.36734693877551,2819,0.05853139411138702,300.0,effect_10-15
2335,580,Other,SUB,12,0.04,44,3.6666666666666665,1928,0.022821576763485476,300.0,effect_10-15
2336,582,Other,SUB,4,0.013333333333333334,17,4.25,349,0.04871060171919771,300.0,effect_10-15
2337,583,Other,SUB,69,0.23,236,3.420289855072464,4019,0.0587210748942523,300.0,effect_10-15
2338,584,Other,SUB,8,0.02666666666666667,24,3.0,841,0.028537455410225922,300.0,effect_10-15
2339,587,Other,SUB,3,0.01,10,3.3333333333333335,609,0.016420361247947456,300.0,effect_10-15
2340,588,Other,SUB,31,0.10333333333333333,126,4.064516129032258,788,0.1598984771573604,300.0,effect_10-15
2341,592,Other,SUB,45,0.15,147,3.2666666666666666,2244,0.06550802139037433,300.0,effect_10-15
2342,600,Other,SUB,10,0.03333333333333333,34,3.4,888,0.038288288288288286,300.0,effect_10-15
2343,601,Other,SUB,127,0.42333333333333334,543,4.275590551181103,2168,0.25046125461254615,300.0,effect_10-15
2344,602,Other,SUB,7,0.023333333333333334,21,3.0,1028,0.020428015564202335,300.0,effect_10-15
2345,604,Other,SUB,20,0.06666666666666667,71,3.55,706,0.10056657223796034,300.0,effect_10-15
2346,605,Other,SUB,11,0.03666666666666667,37,3.3636363636363638,736,0.050271739130434784,300.0,effect_10-15
2347,607,Other,SUB,3,0.01,9,3.0,362,0.024861878453038673,300.0,effect_10-15
2348,611,Other,alv,14,0.04666666666666667,44,3.142857142857143,909,0.0484048404840484,300.0,effect_10-15
2349,621,Other,VISp6a,29,0.09666666666666666,105,3.6206896551724137,221,0.4751131221719457,300.0,effect_10-15
2350,627,Other,VISp5,0,0.0,0,0.0,581,0.0,300.0,effect_10-15
2351,629,Other,VISp5,0,0.0,0,0.0,1110,0.0,300.0,effect_10-15
2352,631,Other,VISp5,1,0.0033333333333333335,3,3.0,1233,0.0024330900243309003,300.0,effect_10-15
2353,632,Other,VISp5,0,0.0,0,0.0,1002,0.0,300.0,effect_10-15
2354,635,Other,VISp5,3,0.01,9,3.0,1726,0.005214368482039398,300.0,effect_10-15
2355,636,Other,VISp5,0,0.0,0,0.0,851,0.0,300.0,effect_10-15
2356,637,Other,VISp5,0,0.0,0,0.0,332,0.0,300.0,effect_10-15
2357,639,Other,VISp5,1,0.0033333333333333335,3,3.0,1876,0.0015991471215351812,300.0,effect_10-15
2358,642,Other,VISp5,0,0.0,0,0.0,806,0.0,300.0,effect_10-15
2359,645,Other,VISp5,0,0.0,0,0.0,901,0.0,300.0,effect_10-15
2360,646,Other,VISp5,0,0.0,0,0.0,1359,0.0,300.0,effect_10-15
2361,647,Other,VISp5,0,0.0,0,0.0,710,0.0,300.0,effect_10-15
2362,651,Other,VISp5,0,0.0,0,0.0,656,0.0,300.0,effect_10-15
2363,653,Other,VISp5,0,0.0,0,0.0,970,0.0,300.0,effect_10-15
2364,655,Other,VISp5,0,0.0,0,0.0,1320,0.0,300.0,effect_10-15
2365,656,Other,VISp5,0,0.0,0,0.0,787,0.0,300.0,effect_10-15
2366,663,Other,VISp5,0,0.0,0,0.0,490,0.0,300.0,effect_10-15
2367,668,Other,VISp4,0,0.0,0,0.0,511,0.0,300.0,effect_10-15
2368,669,Other,VISp4,0,0.0,0,0.0,335,0.0,300.0,effect_10-15
2369,679,Other,VISp4,0,0.0,0,0.0,426,0.0,300.0,effect_10-15
2370,681,Other,VISp4,0,0.0,0,0.0,23,0.0,300.0,effect_10-15
2371,684,Other,VISp2/3,0,0.0,0,0.0,90,0.0,300.0,effect_10-15
2372,687,Other,VISp2/3,0,0.0,0,0.0,143,0.0,300.0,effect_10-15
2373,688,Other,VISp2/3,0,0.0,0,0.0,39,0.0,300.0,effect_10-15
2374,689,Other,VISp2/3,0,0.0,0,0.0,35,0.0,300.0,effect_10-15
2375,690,Other,VISp2/3,0,0.0,0,0.0,267,0.0,300.0,effect_10-15
2376,695,Other,VISp2/3,0,0.0,0,0.0,116,0.0,300.0,effect_10-15
2377,696,Other,VISp2/3,0,0.0,0,0.0,62,0.0,300.0,effect_10-15
2378,697,Other,VISp2/3,0,0.0,0,0.0,143,0.0,300.0,effect_10-15
2379,700,Other,VISp2/3,0,0.0,0,0.0,208,0.0,300.0,effect_10-15
2380,708,Other,PoT,83,0.27666666666666667,368,4.433734939759036,461,0.7982646420824295,300.0,effect_10-15
2381,711,Other,PoT,63,0.21,232,3.6825396825396823,479,0.48434237995824636,300.0,effect_10-15
2382,718,Other,PoT,23,0.07666666666666666,76,3.3043478260869565,143,0.5314685314685315,300.0,effect_10-15
2383,719,Other,PoT,38,0.12666666666666668,148,3.8947368421052633,626,0.2364217252396166,300.0,effect_10-15
2384,720,Other,PoT,37,0.12333333333333334,154,4.162162162162162,914,0.16849015317286653,300.0,effect_10-15
2385,722,Other,PoT,24,0.08,102,4.25,366,0.2786885245901639,300.0,effect_10-15
2386,724,Other,SGN,33,0.11,125,3.787878787878788,209,0.5980861244019139,300.0,effect_10-15
2387,725,Other,SGN,81,0.27,323,3.9876543209876543,1330,0.24285714285714285,300.0,effect_10-15
2388,726,Other,SGN,55,0.18333333333333332,241,4.381818181818182,350,0.6885714285714286,300.0,effect_10-15
2389,727,Other,SGN,24,0.08,92,3.8333333333333335,141,0.6524822695035462,300.0,effect_10-15
2390,728,Other,SGN,28,0.09333333333333334,105,3.75,284,0.36971830985915494,300.0,effect_10-15
2391,730,Thalamus,LP,11,0.03666666666666667,24,2.1818181818181817,51,0.47058823529411764,300.0,effect_10-15
2392,731,Thalamus,LP,32,0.10666666666666667,75,2.34375,287,0.2613240418118467,300.0,effect_10-15
2393,734,Other,DG-sg,0,0.0,0,0.0,0,0.0,300.0,effect_10-15
2394,735,Other,DG-sg,0,0.0,0,0.0,4,0.0,300.0,effect_10-15
2395,755,Other,SUB,5,0.016666666666666666,16,3.2,354,0.04519774011299435,300.0,effect_10-15
2396,756,Other,ProS,0,0.0,0,0.0,3,0.0,300.0,effect_10-15
2397,758,Other,ProS,0,0.0,0,0.0,0,0.0,300.0,effect_10-15
2398,761,Other,SUB,86,0.2866666666666667,327,3.802325581395349,3050,0.10721311475409837,300.0,effect_10-15
2399,762,Other,SUB,2,0.006666666666666667,6,3.0,351,0.017094017094017096,300.0,effect_10-15
2400,763,Other,SUB,0,0.0,0,0.0,92,0.0,300.0,effect_10-15
2401,764,Other,SUB,25,0.08333333333333333,93,3.72,1419,0.06553911205073996,300.0,effect_10-15
2402,769,Other,VISp5,0,0.0,0,0.0,4,0.0,300.0,effect_10-15
2403,780,Other,VISp2/3,0,0.0,0,0.0,92,0.0,300.0,effect_10-15
2404,782,Other,VISp2/3,0,0.0,0,0.0,34,0.0,300.0,effect_10-15
2405,783,Other,VISp2/3,0,0.0,0,0.0,11,0.0,300.0,effect_10-15
2406,784,Other,VISp2/3,0,0.0,0,0.0,22,0.0,300.0,effect_10-15
2407,786,Other,VISp2/3,1,0.0033333333333333335,3,3.0,482,0.006224066390041493,300.0,effect_10-15
2408,793,Other,DG-sg,0,0.0,0,0.0,97,0.0,300.0,effect_10-15
2409,795,Other,DG-sg,0,0.0,0,0.0,0,0.0,300.0,effect_10-15
2410,796,Other,DG-sg,0,0.0,0,0.0,0,0.0,300.0,effect_10-15
2411,798,Other,ProS,0,0.0,0,0.0,0,0.0,300.0,effect_10-15
2412,799,Other,VISp2/3,0,0.0,0,0.0,27,0.0,300.0,effect_10-15
2413,806,Other,SPFp,0,0.0,0,0.0,0,0.0,300.0,effect_10-15
2414,809,Other,PoT,36,0.12,129,3.5833333333333335,562,0.22953736654804271,300.0,effect_10-15
2415,811,Other,DG-mo,0,0.0,0,0.0,0,0.0,300.0,effect_10-15
2416,812,Other,DG-po,0,0.0,0,0.0,0,0.0,300.0,effect_10-15
2417,815,Other,ProS,0,0.0,0,0.0,1,0.0,300.0,effect_10-15
2418,816,Other,ProS,19,0.06333333333333334,58,3.0526315789473686,3494,0.01659988551803091,300.0,effect_10-15
2419,818,Other,VISp5,0,0.0,0,0.0,198,0.0,300.0,effect_10-15
2420,820,Other,VISp2/3,0,0.0,0,0.0,59,0.0,300.0,effect_10-15
2421,822,Other,VISp6a,0,0.0,0,0.0,12,0.0,300.0,effect_10-15
2422,823,Other,VISp2/3,0,0.0,0,0.0,31,0.0,300.0,effect_10-15
2423,824,Other,VISp2/3,0,0.0,0,0.0,11,0.0,300.0,effect_10-15
2424,825,Other,VISp2/3,0,0.0,0,0.0,50,0.0,300.0,effect_10-15
2425,826,Other,VISp2/3,0,0.0,0,0.0,4,0.0,300.0,effect_10-15
2426,827,Other,VISp2/3,0,0.0,0,0.0,11,0.0,300.0,effect_10-15
2427,831,Other,VISp2/3,0,0.0,0,0.0,29,0.0,300.0,effect_10-15
2428,843,Other,int,0,0.0,0,0.0,20,0.0,300.0,effect_10-15
2429,845,Other,int,0,0.0,0,0.0,922,0.0,300.0,effect_10-15
2430,851,Other,int,0,0.0,0,0.0,6,0.0,300.0,effect_10-15
2431,859,Other,int,19,0.06333333333333334,76,4.0,1451,0.052377670572019294,300.0,effect_10-15
2432,865,Other,int,0,0.0,0,0.0,575,0.0,300.0,effect_10-15
2433,868,Other,int,0,0.0,0,0.0,24,0.0,300.0,effect_10-15
2434,873,Other,int,0,0.0,0,0.0,142,0.0,300.0,effect_10-15
2435,892,Other,int,0,0.0,0,0.0,145,0.0,300.0,effect_10-15
2436,900,Other,int,0,0.0,0,0.0,1847,0.0,300.0,effect_10-15
2437,904,Other,int,7,0.023333333333333334,22,3.142857142857143,2177,0.010105649977032614,300.0,effect_10-15
2438,913,Other,int,7,0.023333333333333334,22,3.142857142857143,165,0.13333333333333333,300.0,effect_10-15
2439,914,Other,int,0,0.0,0,0.0,336,0.0,300.0,effect_10-15
2440,932,Other,int,43,0.14333333333333334,135,3.13953488372093,350,0.38571428571428573,300.0,effect_10-15
2441,938,Other,int,20,0.06666666666666667,61,3.05,731,0.08344733242134063,300.0,effect_10-15
2442,950,Other,int,6,0.02,24,4.0,940,0.02553191489361702,300.0,effect_10-15
2443,962,STR,STR,4,0.013333333333333334,15,3.75,3169,0.004733354370463868,300.0,effect_10-15
2444,964,STR,STR,79,0.2633333333333333,328,4.151898734177215,1393,0.23546302943287867,300.0,effect_10-15
2445,965,STR,STR,1,0.0033333333333333335,3,3.0,61,0.04918032786885246,300.0,effect_10-15
2446,967,Other,int,6,0.02,20,3.3333333333333335,926,0.02159827213822894,300.0,effect_10-15
2447,969,STR,STR,7,0.023333333333333334,25,3.5714285714285716,2966,0.008428860418071477,300.0,effect_10-15
2448,970,Other,int,1,0.0033333333333333335,3,3.0,63,0.047619047619047616,300.0,effect_10-15
2449,972,STR,STR,0,0.0,0,0.0,1,0.0,300.0,effect_10-15
2450,976,STR,STR,0,0.0,0,0.0,823,0.0,300.0,effect_10-15
2451,980,STR,CP,0,0.0,0,0.0,35,0.0,300.0,effect_10-15
2452,982,STR,CP,0,0.0,0,0.0,1054,0.0,300.0,effect_10-15
2453,984,STR,CP,2,0.006666666666666667,6,3.0,2294,0.0026155187445510027,300.0,effect_10-15
2454,986,STR,CP,18,0.06,74,4.111111111111111,4715,0.01569459172852598,300.0,effect_10-15
2455,988,STR,CP,338,1.1266666666666667,1236,3.6568047337278107,1723,0.7173534532791642,300.0,effect_10-15
2456,989,STR,CP,0,0.0,0,0.0,58,0.0,300.0,effect_10-15
2457,990,STR,CP,0,0.0,0,0.0,1014,0.0,300.0,effect_10-15
2458,993,STR,CP,2,0.006666666666666667,7,3.5,1920,0.0036458333333333334,300.0,effect_10-15
2459,997,STR,CP,9,0.03,43,4.777777777777778,2457,0.017501017501017502,300.0,effect_10-15
2460,1001,STR,CP,0,0.0,0,0.0,7,0.0,300.0,effect_10-15
2461,1008,STR,CP,45,0.15,168,3.7333333333333334,2780,0.060431654676258995,300.0,effect_10-15
2462,1009,STR,CP,93,0.31,307,3.3010752688172045,1842,0.16666666666666666,300.0,effect_10-15
2463,1013,STR,CP,33,0.11,124,3.757575757575758,208,0.5961538461538461,300.0,effect_10-15
2464,1014,STR,CP,0,0.0,0,0.0,113,0.0,300.0,effect_10-15
2465,1021,STR,CP,12,0.04,55,4.583333333333333,1312,0.041920731707317076,300.0,effect_10-15
2466,1027,STR,CP,7,0.023333333333333334,24,3.4285714285714284,913,0.02628696604600219,300.0,effect_10-15
2467,1028,STR,CP,8,0.02666666666666667,32,4.0,2389,0.013394725826705735,300.0,effect_10-15
2468,1033,STR,CP,332,1.1066666666666667,1302,3.9216867469879517,2350,0.5540425531914893,300.0,effect_10-15
2469,1038,STR,CP,9,0.03,31,3.4444444444444446,662,0.04682779456193353,300.0,effect_10-15
2470,1040,STR,CP,22,0.07333333333333333,81,3.6818181818181817,1327,0.06103993971363979,300.0,effect_10-15
2471,1045,STR,CP,14,0.04666666666666667,83,5.928571428571429,2688,0.030877976190476192,300.0,effect_10-15
2472,1048,STR,CP,0,0.0,0,0.0,1053,0.0,300.0,effect_10-15
2473,1065,STR,CP,0,0.0,0,0.0,152,0.0,300.0,effect_10-15
2474,1066,STR,CP,3,0.01,10,3.3333333333333335,1768,0.005656108597285068,300.0,effect_10-15
2475,1068,STR,CP,0,0.0,0,0.0,722,0.0,300.0,effect_10-15
2476,1069,STR,CP,7,0.023333333333333334,28,4.0,2084,0.013435700575815739,300.0,effect_10-15
2477,1073,STR,CP,1,0.0033333333333333335,3,3.0,158,0.0189873417721519,300.0,effect_10-15
2478,1096,Somatosensory,SSp-bfd6a,15,0.05,49,3.2666666666666666,805,0.06086956521739131,300.0,effect_10-15
2479,1106,Somatosensory,SSp-bfd6a,3,0.01,10,3.3333333333333335,653,0.015313935681470138,300.0,effect_10-15
2480,1108,Somatosensory,SSp-bfd6a,0,0.0,0,0.0,401,0.0,300.0,effect_10-15
2481,1110,Somatosensory,SSp-bfd6a,5,0.016666666666666666,18,3.6,675,0.02666666666666667,300.0,effect_10-15
2482,1111,Somatosensory,SSp-bfd6a,1,0.0033333333333333335,3,3.0,436,0.006880733944954129,300.0,effect_10-15
2483,1113,Somatosensory,SSp-bfd6a,2,0.006666666666666667,18,9.0,1947,0.009244992295839754,300.0,effect_10-15
2484,1114,Somatosensory,SSp-bfd6a,4,0.013333333333333334,12,3.0,312,0.038461538461538464,300.0,effect_10-15
2485,1115,Somatosensory,SSp-bfd6a,0,0.0,0,0.0,12,0.0,300.0,effect_10-15
2486,1117,Somatosensory,SSp-bfd6a,0,0.0,0,0.0,73,0.0,300.0,effect_10-15
2487,1118,Somatosensory,SSp-bfd6a,0,0.0,0,0.0,108,0.0,300.0,effect_10-15
2488,1119,Somatosensory,SSp-bfd6a,0,0.0,0,0.0,372,0.0,300.0,effect_10-15
2489,1126,Somatosensory,SSp-bfd6a,69,0.23,300,4.3478260869565215,2590,0.11583011583011583,300.0,effect_10-15
2490,1128,Somatosensory,SSp-bfd6a,0,0.0,0,0.0,242,0.0,300.0,effect_10-15
2491,1130,Somatosensory,SSp-bfd6a,0,0.0,0,0.0,50,0.0,300.0,effect_10-15
2492,1133,Somatosensory,SSp-bfd6a,43,0.14333333333333334,161,3.744186046511628,2399,0.06711129637348895,300.0,effect_10-15
2493,1138,Somatosensory,SSp-bfd5,0,0.0,0,0.0,368,0.0,300.0,effect_10-15
2494,1142,Somatosensory,SSp-bfd5,0,0.0,0,0.0,639,0.0,300.0,effect_10-15
2495,1151,Somatosensory,SSp-bfd5,3,0.01,9,3.0,242,0.0371900826446281,300.0,effect_10-15
2496,1154,Somatosensory,SSp-bfd5,0,0.0,0,0.0,2560,0.0,300.0,effect_10-15
2497,1160,Somatosensory,SSp-bfd5,0,0.0,0,0.0,33,0.0,300.0,effect_10-15
2498,1180,Somatosensory,SSp-bfd5,0,0.0,0,0.0,105,0.0,300.0,effect_10-15
2499,1191,Somatosensory,SSp-bfd4,1,0.0033333333333333335,3,3.0,183,0.01639344262295082,300.0,effect_10-15
2500,1192,Somatosensory,SSp-bfd4,3,0.01,11,3.6666666666666665,148,0.07432432432432433,300.0,effect_10-15
2501,1194,Somatosensory,SSp-bfd5,0,0.0,0,0.0,251,0.0,300.0,effect_10-15
2502,1198,Somatosensory,SSp-bfd4,1,0.0033333333333333335,3,3.0,357,0.008403361344537815,300.0,effect_10-15
2503,1201,Somatosensory,SSp-bfd4,10,0.03333333333333333,49,4.9,690,0.07101449275362319,300.0,effect_10-15
2504,1209,Somatosensory,SSp-bfd4,0,0.0,0,0.0,5,0.0,300.0,effect_10-15
2505,1210,Somatosensory,SSp-bfd4,3,0.01,9,3.0,1365,0.006593406593406593,300.0,effect_10-15
2506,1212,Somatosensory,SSp-bfd4,0,0.0,0,0.0,531,0.0,300.0,effect_10-15
2507,1215,Somatosensory,SSp-bfd4,0,0.0,0,0.0,16,0.0,300.0,effect_10-15
2508,1219,Somatosensory,SSp-bfd4,0,0.0,0,0.0,0,0.0,300.0,effect_10-15
2509,1220,Somatosensory,SSp-bfd4,0,0.0,0,0.0,30,0.0,300.0,effect_10-15
2510,1222,Somatosensory,SSp-bfd4,2,0.006666666666666667,6,3.0,898,0.0066815144766146995,300.0,effect_10-15
2511,1223,Somatosensory,SSp-bfd4,5,0.016666666666666666,16,3.2,171,0.0935672514619883,300.0,effect_10-15
2512,1227,Somatosensory,SSp-bfd4,1,0.0033333333333333335,3,3.0,169,0.01775147928994083,300.0,effect_10-15
2513,1230,Somatosensory,SSp-bfd4,1,0.0033333333333333335,3,3.0,2126,0.0014111006585136407,300.0,effect_10-15
2514,1234,Somatosensory,SSp-bfd4,0,0.0,0,0.0,0,0.0,300.0,effect_10-15
2515,1235,Somatosensory,SSp-bfd4,0,0.0,0,0.0,614,0.0,300.0,effect_10-15
2516,1236,Somatosensory,SSp-bfd4,0,0.0,0,0.0,208,0.0,300.0,effect_10-15
2517,1239,Somatosensory,SSp-bfd4,0,0.0,0,0.0,191,0.0,300.0,effect_10-15
2518,1244,Somatosensory,SSp-bfd4,0,0.0,0,0.0,172,0.0,300.0,effect_10-15
2519,1245,Somatosensory,SSp-bfd4,0,0.0,0,0.0,409,0.0,300.0,effect_10-15
2520,1247,Somatosensory,SSp-bfd4,0,0.0,0,0.0,191,0.0,300.0,effect_10-15
2521,1248,Somatosensory,SSp-bfd4,0,0.0,0,0.0,141,0.0,300.0,effect_10-15
2522,1254,Somatosensory,SSp-bfd2/3,5,0.016666666666666666,17,3.4,60,0.2833333333333333,300.0,effect_10-15
2523,1257,Somatosensory,SSp-bfd2/3,1,0.0033333333333333335,3,3.0,1088,0.0027573529411764708,300.0,effect_10-15
2524,1258,Somatosensory,SSp-bfd4,0,0.0,0,0.0,8,0.0,300.0,effect_10-15
2525,1265,Somatosensory,SSp-bfd2/3,0,0.0,0,0.0,116,0.0,300.0,effect_10-15
2526,1267,Somatosensory,SSp-bfd2/3,0,0.0,0,0.0,86,0.0,300.0,effect_10-15
2527,1286,Somatosensory,SSp-bfd2/3,0,0.0,0,0.0,2,0.0,300.0,effect_10-15
2528,1318,STR,CP,0,0.0,0,0.0,9,0.0,300.0,effect_10-15
2529,1319,STR,CP,0,0.0,0,0.0,0,0.0,300.0,effect_10-15
2530,1321,STR,CP,0,0.0,0,0.0,0,0.0,300.0,effect_10-15
2531,1331,STR,CP,0,0.0,0,0.0,13,0.0,300.0,effect_10-15
2532,1337,Somatosensory,SSp-bfd6a,19,0.06333333333333334,66,3.473684210526316,166,0.39759036144578314,300.0,effect_10-15
2533,1350,Somatosensory,SSp-bfd5,0,0.0,0,0.0,0,0.0,300.0,effect_10-15
2534,1354,Somatosensory,SSp-bfd5,0,0.0,0,0.0,15,0.0,300.0,effect_10-15
2535,1357,Somatosensory,SSp-bfd5,0,0.0,0,0.0,9,0.0,300.0,effect_10-15
2536,1369,Somatosensory,SSp-bfd2/3,0,0.0,0,0.0,0,0.0,300.0,effect_10-15
2537,1370,Somatosensory,SSp-bfd4,0,0.0,0,0.0,0,0.0,300.0,effect_10-15
2538,1372,Somatosensory,SSp-bfd2/3,0,0.0,0,0.0,100,0.0,300.0,effect_10-15
2539,1373,Somatosensory,SSp-bfd2/3,1,0.0033333333333333335,3,3.0,39,0.07692307692307693,300.0,effect_10-15
2540,1374,Somatosensory,SSp-bfd4,0,0.0,0,0.0,2,0.0,300.0,effect_10-15
2541,1386,Somatosensory,SSp-bfd2/3,0,0.0,0,0.0,0,0.0,300.0,effect_10-15
2542,1405,Somatosensory,SSp-bfd5,0,0.0,0,0.0,0,0.0,300.0,effect_10-15
2543,1407,Somatosensory,SSp-bfd4,0,0.0,0,0.0,0,0.0,300.0,effect_10-15
2544,1414,Other,int,8,0.02666666666666667,27,3.375,187,0.1443850267379679,300.0,effect_10-15
2545,1418,Somatosensory,SSp-bfd6a,0,0.0,0,0.0,3,0.0,300.0,effect_10-15
2546,1420,Somatosensory,SSp-bfd5,0,0.0,0,0.0,0,0.0,300.0,effect_10-15
2547,1426,STR,STR,0,0.0,0,0.0,4,0.0,300.0,effect_10-15
2548,1428,Somatosensory,SSp-bfd2/3,2,0.006666666666666667,7,3.5,36,0.19444444444444445,300.0,effect_10-15
2549,1430,STR,STR,0,0.0,0,0.0,42,0.0,300.0,effect_10-15
2550,1432,STR,STR,1,0.0033333333333333335,4,4.0,23,0.17391304347826086,300.0,effect_10-15
2551,1435,Other,DP,0,0.0,0,0.0,2395,0.0,300.0,effect_10-15
2552,1443,Other,ILA2/3,0,0.0,0,0.0,111,0.0,300.0,effect_10-15
2553,1445,Other,ILA2/3,0,0.0,0,0.0,27,0.0,300.0,effect_10-15
2554,1446,Other,ILA2/3,0,0.0,0,0.0,53,0.0,300.0,effect_10-15
2555,1461,Other,ILA5,2,0.006666666666666667,8,4.0,189,0.042328042328042326,300.0,effect_10-15
2556,1464,Other,ILA5,0,0.0,0,0.0,20,0.0,300.0,effect_10-15
2557,1468,Other,ILA5,0,0.0,0,0.0,2117,0.0,300.0,effect_10-15
2558,1506,Other,ILA5,0,0.0,0,0.0,180,0.0,300.0,effect_10-15
2559,1507,Other,ILA5,0,0.0,0,0.0,10,0.0,300.0,effect_10-15
2560,1509,Other,ILA5,1,0.0033333333333333335,3,3.0,481,0.006237006237006237,300.0,effect_10-15
2561,1516,Other,ILA5,0,0.0,0,0.0,12,0.0,300.0,effect_10-15
2562,1529,Other,ILA5,0,0.0,0,0.0,298,0.0,300.0,effect_10-15
2563,1531,Other,ILA5,17,0.056666666666666664,60,3.5294117647058822,131,0.4580152671755725,300.0,effect_10-15
2564,1534,Other,ILA5,0,0.0,0,0.0,30,0.0,300.0,effect_10-15
2565,1535,Other,ILA5,0,0.0,0,0.0,467,0.0,300.0,effect_10-15
2566,1537,Other,ILA5,0,0.0,0,0.0,111,0.0,300.0,effect_10-15
2567,1538,Other,ILA5,0,0.0,0,0.0,30,0.0,300.0,effect_10-15
2568,1539,Other,ILA5,0,0.0,0,0.0,241,0.0,300.0,effect_10-15
2569,1541,Other,ILA5,0,0.0,0,0.0,57,0.0,300.0,effect_10-15
2570,1545,Other,ILA5,0,0.0,0,0.0,7,0.0,300.0,effect_10-15
2571,1550,Other,ILA5,0,0.0,0,0.0,95,0.0,300.0,effect_10-15
2572,1553,Other,PL5,19,0.06333333333333334,63,3.3157894736842106,591,0.1065989847715736,300.0,effect_10-15
2573,1556,Other,PL5,0,0.0,0,0.0,1092,0.0,300.0,effect_10-15
2574,1563,Other,PL5,1,0.0033333333333333335,3,3.0,422,0.0071090047393364926,300.0,effect_10-15
2575,1566,Other,PL6a,0,0.0,0,0.0,32,0.0,300.0,effect_10-15
2576,1570,Other,PL6a,0,0.0,0,0.0,47,0.0,300.0,effect_10-15
2577,1573,Other,PL6a,0,0.0,0,0.0,141,0.0,300.0,effect_10-15
2578,1582,Other,PL6a,0,0.0,0,0.0,0,0.0,300.0,effect_10-15
2579,1589,Other,PL6a,0,0.0,0,0.0,349,0.0,300.0,effect_10-15
2580,1591,Other,PL6a,0,0.0,0,0.0,20,0.0,300.0,effect_10-15
2581,1593,Other,PL6a,16,0.05333333333333334,56,3.5,4247,0.01318577819637391,300.0,effect_10-15
2582,1594,Other,PL6a,11,0.03666666666666667,34,3.090909090909091,6184,0.005498059508408797,300.0,effect_10-15
2583,1606,Other,PL6a,0,0.0,0,0.0,19,0.0,300.0,effect_10-15
2584,1611,Other,PL6a,2,0.006666666666666667,6,3.0,103,0.05825242718446602,300.0,effect_10-15
2585,1615,Other,PL6a,5,0.016666666666666666,16,3.2,1032,0.015503875968992248,300.0,effect_10-15
2586,1624,Other,PL6a,0,0.0,0,0.0,4,0.0,300.0,effect_10-15
2587,1627,Other,PL6a,0,0.0,0,0.0,17,0.0,300.0,effect_10-15
2588,1641,Other,PL6a,0,0.0,0,0.0,152,0.0,300.0,effect_10-15
2589,1643,Other,PL6a,0,0.0,0,0.0,0,0.0,300.0,effect_10-15
2590,1651,Other,PL5,0,0.0,0,0.0,14,0.0,300.0,effect_10-15
2591,1655,Other,PL5,0,0.0,0,0.0,265,0.0,300.0,effect_10-15
2592,1658,Other,PL5,0,0.0,0,0.0,22,0.0,300.0,effect_10-15
2593,1676,Motor,MOs5,0,0.0,0,0.0,2,0.0,300.0,effect_10-15
2594,1681,Motor,MOs5,48,0.16,161,3.3541666666666665,678,0.2374631268436578,300.0,effect_10-15
2595,1684,Motor,MOs5,3,0.01,9,3.0,207,0.043478260869565216,300.0,effect_10-15
2596,1685,Motor,MOs5,77,0.25666666666666665,279,3.6233766233766236,652,0.4279141104294479,300.0,effect_10-15
2597,1686,Motor,MOs5,0,0.0,0,0.0,86,0.0,300.0,effect_10-15
2598,1687,Motor,MOs5,0,0.0,0,0.0,238,0.0,300.0,effect_10-15
2599,1690,Motor,MOs5,0,0.0,0,0.0,26,0.0,300.0,effect_10-15
2600,1697,Motor,MOs5,1,0.0033333333333333335,3,3.0,23,0.13043478260869565,300.0,effect_10-15
2601,1699,Motor,MOs5,0,0.0,0,0.0,21,0.0,300.0,effect_10-15
2602,1713,Motor,MOs5,0,0.0,0,0.0,412,0.0,300.0,effect_10-15
2603,1738,Motor,MOs5,1,0.0033333333333333335,3,3.0,259,0.011583011583011582,300.0,effect_10-15
2604,1747,STR,LSr,1,0.0033333333333333335,3,3.0,59,0.05084745762711865,300.0,effect_10-15
2605,1749,STR,STR,2,0.006666666666666667,8,4.0,91,0.08791208791208792,300.0,effect_10-15
2606,1762,Other,ILA5,0,0.0,0,0.0,95,0.0,300.0,effect_10-15
2607,1763,Other,ILA5,0,0.0,0,0.0,32,0.0,300.0,effect_10-15
2608,1764,Other,ILA5,0,0.0,0,0.0,27,0.0,300.0,effect_10-15
2609,1768,Other,ILA5,0,0.0,0,0.0,44,0.0,300.0,effect_10-15
2610,1769,Other,ILA5,0,0.0,0,0.0,8,0.0,300.0,effect_10-15
2611,1782,Other,ILA5,0,0.0,0,0.0,23,0.0,300.0,effect_10-15
2612,1783,Other,ILA5,0,0.0,0,0.0,24,0.0,300.0,effect_10-15
2613,1785,Other,ILA5,0,0.0,0,0.0,28,0.0,300.0,effect_10-15
2614,1786,Other,ILA5,0,0.0,0,0.0,24,0.0,300.0,effect_10-15
2615,1789,Other,PL5,0,0.0,0,0.0,61,0.0,300.0,effect_10-15
2616,1796,Other,PL6a,0,0.0,0,0.0,15,0.0,300.0,effect_10-15
2617,1799,Other,PL6a,0,0.0,0,0.0,53,0.0,300.0,effect_10-15
2618,1801,Other,PL6a,0,0.0,0,0.0,7,0.0,300.0,effect_10-15
2619,1804,Other,PL6a,0,0.0,0,0.0,62,0.0,300.0,effect_10-15
2620,1806,Other,PL6a,0,0.0,0,0.0,7,0.0,300.0,effect_10-15
2621,1809,Other,PL6a,0,0.0,0,0.0,0,0.0,300.0,effect_10-15
2622,1811,Other,PL6a,0,0.0,0,0.0,20,0.0,300.0,effect_10-15
2623,1813,Other,PL6a,0,0.0,0,0.0,62,0.0,300.0,effect_10-15
2624,1815,Other,PL6a,0,0.0,0,0.0,2,0.0,300.0,effect_10-15
2625,1816,Other,PL6a,0,0.0,0,0.0,0,0.0,300.0,effect_10-15
2626,1818,Other,PL6a,0,0.0,0,0.0,10,0.0,300.0,effect_10-15
2627,1819,Other,PL6a,10,0.03333333333333333,32,3.2,245,0.1306122448979592,300.0,effect_10-15
2628,1822,Motor,MOs5,1,0.0033333333333333335,3,3.0,33,0.09090909090909091,300.0,effect_10-15
2629,1826,Motor,MOs5,0,0.0,0,0.0,4,0.0,300.0,effect_10-15
2630,1827,Motor,MOs5,0,0.0,0,0.0,17,0.0,300.0,effect_10-15
2631,1828,Motor,MOs5,0,0.0,0,0.0,34,0.0,300.0,effect_10-15
2632,1829,Motor,MOs5,0,0.0,0,0.0,0,0.0,300.0,effect_10-15
2633,1830,Motor,MOs5,0,0.0,0,0.0,17,0.0,300.0,effect_10-15
2634,1832,Motor,MOs5,0,0.0,0,0.0,28,0.0,300.0,effect_10-15
2635,1833,Motor,MOs5,0,0.0,0,0.0,2,0.0,300.0,effect_10-15
2636,1840,STR,STR,2,0.006666666666666667,6,3.0,31,0.1935483870967742,300.0,effect_10-15
2637,1844,Other,ILA2/3,0,0.0,0,0.0,97,0.0,300.0,effect_10-15
2638,1848,Other,ILA5,0,0.0,0,0.0,32,0.0,300.0,effect_10-15
2639,1849,Other,ILA5,0,0.0,0,0.0,25,0.0,300.0,effect_10-15
2640,1850,Other,PL6a,0,0.0,0,0.0,2,0.0,300.0,effect_10-15
2641,1851,Other,PL6a,0,0.0,0,0.0,5,0.0,300.0,effect_10-15
2642,1852,Other,PL6a,0,0.0,0,0.0,0,0.0,300.0,effect_10-15
2643,1854,Motor,MOs5,0,0.0,0,0.0,0,0.0,300.0,effect_10-15
2644,1855,Other,ILA2/3,0,0.0,0,0.0,4,0.0,300.0,effect_10-15
2645,1856,Other,ILA5,4,0.013333333333333334,14,3.5,231,0.06060606060606061,300.0,effect_10-15
2646,1857,Other,ILA5,0,0.0,0,0.0,22,0.0,300.0,effect_10-15
2647,1860,Other,PL6a,0,0.0,0,0.0,4,0.0,300.0,effect_10-15
2648,1862,Motor,MOs5,0,0.0,0,0.0,5,0.0,300.0,effect_10-15
2649,1863,Motor,MOs5,0,0.0,0,0.0,0,0.0,300.0,effect_10-15
2650,1864,Motor,MOs5,0,0.0,0,0.0,4,0.0,300.0,effect_10-15
2651,1865,Motor,MOs5,0,0.0,0,0.0,29,0.0,300.0,effect_10-15
2652,1866,Motor,MOs5,1,0.0033333333333333335,3,3.0,31,0.0967741935483871,300.0,effect_10-15
2653,1868,Motor,MOs5,0,0.0,0,0.0,69,0.0,300.0,effect_10-15
2654,1872,Motor,MOs5,0,0.0,0,0.0,10,0.0,300.0,effect_10-15
2655,3,Other,AMd,45,0.1658680427571137,151,3.3555555555555556,1523,0.09914642153644124,271.29999999997017,effect_15-20
2656,4,Other,AMd,80,0.294876520457091,285,3.5625,1316,0.21656534954407294,271.29999999997017,effect_15-20
2657,9,Other,AMd,76,0.2801326944342365,270,3.5526315789473686,1074,0.25139664804469275,271.29999999997017,effect_15-20
2658,10,Other,AMd,117,0.4312569111684956,409,3.4957264957264957,787,0.5196950444726811,271.29999999997017,effect_15-20
2659,12,Other,AMd,161,0.5934389974198957,593,3.6832298136645965,2461,0.24095895977245022,271.29999999997017,effect_15-20
2660,13,Other,AMd,53,0.1953556948028228,197,3.7169811320754715,2550,0.07725490196078431,271.29999999997017,effect_15-20
2661,14,Other,AMd,101,0.3722816070770774,356,3.5247524752475248,1170,0.30427350427350425,271.29999999997017,effect_15-20
2662,16,Other,AMd,60,0.22115739034281828,214,3.566666666666667,913,0.2343921139101862,271.29999999997017,effect_15-20
2663,20,Other,AMd,102,0.37596756358279104,350,3.4313725490196076,1263,0.2771179730799683,271.29999999997017,effect_15-20
2664,21,Other,AMd,184,0.6782159970513094,686,3.7282608695652173,1713,0.4004670169293637,271.29999999997017,effect_15-20
2665,23,Other,AMd,38,0.14006634721711825,126,3.3157894736842106,2407,0.052347320315745745,271.29999999997017,effect_15-20
2666,24,Other,AMd,75,0.27644673792852287,250,3.3333333333333335,1570,0.1592356687898089,271.29999999997017,effect_15-20
2667,26,Other,AMd,176,0.6487283450056003,679,3.8579545454545454,1513,0.4487772637144746,271.29999999997017,effect_15-20
2668,28,Other,AMd,97,0.35753778105422285,339,3.4948453608247423,721,0.47018030513176146,271.29999999997017,effect_15-20
2669,29,Other,AMd,89,0.32805012900851377,310,3.4831460674157304,1051,0.2949571836346337,271.29999999997017,effect_15-20
2670,30,Other,AMd,140,0.5160339107999093,529,3.7785714285714285,1239,0.4269572235673931,271.29999999997017,effect_15-20
2671,33,Other,AMd,59,0.21747143383710463,194,3.288135593220339,1202,0.16139767054908485,271.29999999997017,effect_15-20
2672,34,Other,AMd,76,0.2801326944342365,254,3.3421052631578947,1028,0.24708171206225682,271.29999999997017,effect_15-20
2673,36,Other,AMd,66,0.2432731293771001,231,3.5,2132,0.10834896810506567,271.29999999997017,effect_15-20
2674,38,Other,AMd,40,0.1474382602285455,134,3.35,1263,0.1060965954077593,271.29999999997017,effect_15-20
2675,42,Other,AMd,44,0.16218208625140007,153,3.477272727272727,1463,0.10457963089542037,271.29999999997017,effect_15-20
2676,44,Other,AMd,124,0.4570586067084911,430,3.467741935483871,1525,0.2819672131147541,271.29999999997017,effect_15-20
2677,45,Other,AMd,123,0.45337265020277745,452,3.6747967479674797,1524,0.29658792650918636,271.29999999997017,effect_15-20
2678,46,Other,AMd,112,0.41282712863992743,398,3.5535714285714284,1395,0.2853046594982079,271.29999999997017,effect_15-20
2679,48,Other,AMd,68,0.25064504238852736,226,3.323529411764706,1126,0.20071047957371227,271.29999999997017,effect_15-20
2680,49,Other,AMd,79,0.2911905639513774,285,3.607594936708861,1491,0.19114688128772636,271.29999999997017,effect_15-20
2681,54,Other,AMd,65,0.23958717287138645,215,3.3076923076923075,1089,0.19742883379247014,271.29999999997017,effect_15-20
2682,58,Other,AMd,33,0.12163656468855005,101,3.0606060606060606,511,0.19765166340508805,271.29999999997017,effect_15-20
2683,61,Other,AMd,156,0.5750092148913275,561,3.5961538461538463,1752,0.3202054794520548,271.29999999997017,effect_15-20
2684,62,Other,AMd,42,0.1548101732399728,135,3.2142857142857144,661,0.2042360060514372,271.29999999997017,effect_15-20
2685,63,Other,AMd,139,0.5123479542941957,484,3.4820143884892087,1373,0.3525127458120903,271.29999999997017,effect_15-20
2686,69,Other,AMd,92,0.3391079985256547,297,3.2282608695652173,674,0.4406528189910979,271.29999999997017,effect_15-20
2687,74,Other,AD,161,0.5934389974198957,570,3.540372670807453,1843,0.30927835051546393,271.29999999997017,effect_15-20
2688,97,Other,AD,11,0.04054552156285002,53,4.818181818181818,484,0.10950413223140495,271.29999999997017,effect_15-20
2689,98,Other,AD,19,0.07003317360855912,67,3.526315789473684,1310,0.05114503816793893,271.29999999997017,effect_15-20
2690,102,Other,cing,37,0.1363803907114046,191,5.162162162162162,2152,0.0887546468401487,271.29999999997017,effect_15-20
2691,103,Motor,MOp6a,6,0.022115739034281826,22,3.6666666666666665,2000,0.011,271.29999999997017,effect_15-20
2692,104,Motor,MOp6a,0,0.0,0,0.0,824,0.0,271.29999999997017,effect_15-20
2693,105,Motor,MOp6a,78,0.28750460744566375,409,5.243589743589744,2646,0.154572940287226,271.29999999997017,effect_15-20
2694,108,Motor,MOp6a,1,0.003685956505713638,3,3.0,2138,0.001403180542563143,271.29999999997017,effect_15-20
2695,117,Motor,MOp6a,1,0.003685956505713638,3,3.0,754,0.003978779840848806,271.29999999997017,effect_15-20
2696,122,Motor,MOp5,1,0.003685956505713638,3,3.0,140,0.02142857142857143,271.29999999997017,effect_15-20
2697,124,Motor,MOp5,0,0.0,0,0.0,125,0.0,271.29999999997017,effect_15-20
2698,126,Motor,MOp5,0,0.0,0,0.0,17,0.0,271.29999999997017,effect_15-20
2699,127,Motor,MOp5,0,0.0,0,0.0,48,0.0,271.29999999997017,effect_15-20
2700,128,Motor,MOp5,1,0.003685956505713638,3,3.0,781,0.0038412291933418692,271.29999999997017,effect_15-20
2701,131,Motor,MOp5,0,0.0,0,0.0,70,0.0,271.29999999997017,effect_15-20
2702,137,Motor,MOp5,3,0.011057869517140913,10,3.3333333333333335,197,0.050761421319796954,271.29999999997017,effect_15-20
2703,139,Motor,MOp5,1,0.003685956505713638,4,4.0,328,0.012195121951219513,271.29999999997017,effect_15-20
2704,141,Motor,MOp5,5,0.018429782528568188,21,4.2,1182,0.017766497461928935,271.29999999997017,effect_15-20
2705,145,Motor,MOp5,0,0.0,0,0.0,161,0.0,271.29999999997017,effect_15-20
2706,146,Motor,MOp5,3,0.011057869517140913,9,3.0,1432,0.006284916201117319,271.29999999997017,effect_15-20
2707,150,Motor,MOp5,0,0.0,0,0.0,53,0.0,271.29999999997017,effect_15-20
2708,151,Motor,MOp5,20,0.07371913011427275,63,3.15,1969,0.031995937023869984,271.29999999997017,effect_15-20
2709,152,Motor,MOp5,0,0.0,0,0.0,24,0.0,271.29999999997017,effect_15-20
2710,153,Motor,MOp5,0,0.0,0,0.0,12,0.0,271.29999999997017,effect_15-20
2711,154,Motor,MOp5,1,0.003685956505713638,3,3.0,465,0.0064516129032258064,271.29999999997017,effect_15-20
2712,155,Motor,MOp5,0,0.0,0,0.0,97,0.0,271.29999999997017,effect_15-20
2713,157,Motor,MOp5,3,0.011057869517140913,9,3.0,404,0.022277227722772276,271.29999999997017,effect_15-20
2714,161,Motor,MOp5,0,0.0,0,0.0,155,0.0,271.29999999997017,effect_15-20
2715,164,Motor,MOp2/3,0,0.0,0,0.0,31,0.0,271.29999999997017,effect_15-20
2716,167,Other,RSPagl2/3,1,0.003685956505713638,3,3.0,1011,0.002967359050445104,271.29999999997017,effect_15-20
2717,174,Other,RSPagl2/3,0,0.0,0,0.0,71,0.0,271.29999999997017,effect_15-20
2718,178,Other,RSPagl2/3,1,0.003685956505713638,3,3.0,132,0.022727272727272728,271.29999999997017,effect_15-20
2719,182,Somatosensory,SSp-tr2/3,0,0.0,0,0.0,9,0.0,271.29999999997017,effect_15-20
2720,186,Somatosensory,SSp-tr2/3,11,0.04054552156285002,34,3.090909090909091,1119,0.03038427167113494,271.29999999997017,effect_15-20
2721,188,Somatosensory,SSp-tr2/3,0,0.0,0,0.0,525,0.0,271.29999999997017,effect_15-20
2722,192,Somatosensory,SSp-tr2/3,0,0.0,0,0.0,43,0.0,271.29999999997017,effect_15-20
2723,193,Somatosensory,SSp-tr2/3,0,0.0,0,0.0,361,0.0,271.29999999997017,effect_15-20
2724,197,Somatosensory,SSp-tr2/3,0,0.0,0,0.0,225,0.0,271.29999999997017,effect_15-20
2725,204,Somatosensory,SSp-tr1,0,0.0,0,0.0,25,0.0,271.29999999997017,effect_15-20
2726,205,Other,AMd,19,0.07003317360855912,70,3.6842105263157894,374,0.18716577540106952,271.29999999997017,effect_15-20
2727,206,Other,AD,25,0.09214891264284095,77,3.08,1111,0.06930693069306931,271.29999999997017,effect_15-20
2728,210,Motor,MOp6a,1,0.003685956505713638,4,4.0,96,0.041666666666666664,271.29999999997017,effect_15-20
2729,211,Motor,MOp6a,37,0.1363803907114046,194,5.243243243243243,2551,0.07604860838886711,271.29999999997017,effect_15-20
2730,213,Motor,MOp5,2,0.007371913011427276,6,3.0,37,0.16216216216216217,271.29999999997017,effect_15-20
2731,216,Motor,MOp5,0,0.0,0,0.0,105,0.0,271.29999999997017,effect_15-20
2732,217,Motor,MOp5,0,0.0,0,0.0,3,0.0,271.29999999997017,effect_15-20
2733,218,Motor,MOp5,6,0.022115739034281826,19,3.1666666666666665,677,0.028064992614475627,271.29999999997017,effect_15-20
2734,219,Motor,MOp5,2,0.007371913011427276,6,3.0,592,0.010135135135135136,271.29999999997017,effect_15-20
2735,221,Motor,MOp5,1,0.003685956505713638,3,3.0,225,0.013333333333333334,271.29999999997017,effect_15-20
2736,223,Motor,MOp5,0,0.0,0,0.0,20,0.0,271.29999999997017,effect_15-20
2737,226,Motor,MOp5,0,0.0,0,0.0,130,0.0,271.29999999997017,effect_15-20
2738,227,Motor,MOp5,0,0.0,0,0.0,127,0.0,271.29999999997017,effect_15-20
2739,230,Other,RSPagl2/3,0,0.0,0,0.0,3,0.0,271.29999999997017,effect_15-20
2740,232,Somatosensory,SSp-tr2/3,0,0.0,0,0.0,114,0.0,271.29999999997017,effect_15-20
2741,233,Somatosensory,SSp-tr2/3,0,0.0,0,0.0,104,0.0,271.29999999997017,effect_15-20
2742,234,Somatosensory,SSp-tr2/3,0,0.0,0,0.0,14,0.0,271.29999999997017,effect_15-20
2743,238,Somatosensory,SSp-tr1,0,0.0,0,0.0,4,0.0,271.29999999997017,effect_15-20
2744,242,Motor,MOp2/3,0,0.0,0,0.0,58,0.0,271.29999999997017,effect_15-20
2745,243,Other,RSPagl2/3,0,0.0,0,0.0,54,0.0,271.29999999997017,effect_15-20
2746,244,Somatosensory,SSp-tr1,0,0.0,0,0.0,30,0.0,271.29999999997017,effect_15-20
2747,247,Motor,MOp5,0,0.0,0,0.0,65,0.0,271.29999999997017,effect_15-20
2748,248,Motor,MOp2/3,0,0.0,0,0.0,38,0.0,271.29999999997017,effect_15-20
2749,249,Somatosensory,SSp-tr2/3,0,0.0,0,0.0,32,0.0,271.29999999997017,effect_15-20
2750,250,Somatosensory,SSp-tr1,0,0.0,0,0.0,9,0.0,271.29999999997017,effect_15-20
2751,252,Other,SPFp,0,0.0,0,0.0,76,0.0,271.29999999997017,effect_15-20
2752,266,Other,SPFp,92,0.3391079985256547,318,3.4565217391304346,622,0.5112540192926045,271.29999999997017,effect_15-20
2753,272,Other,PoT,165,0.6081828234427502,540,3.272727272727273,837,0.6451612903225806,271.29999999997017,effect_15-20
2754,279,Other,PoT,0,0.0,0,0.0,86,0.0,271.29999999997017,effect_15-20
2755,281,Other,PoT,0,0.0,0,0.0,98,0.0,271.29999999997017,effect_15-20
2756,286,Other,PoT,55,0.2027276078142501,231,4.2,274,0.843065693430657,271.29999999997017,effect_15-20
2757,291,Other,PoT,59,0.21747143383710463,229,3.8813559322033897,740,0.30945945945945946,271.29999999997017,effect_15-20
2758,292,Other,PoT,97,0.35753778105422285,363,3.7422680412371134,805,0.4509316770186335,271.29999999997017,effect_15-20
2759,296,Other,PoT,64,0.23590121636567282,239,3.734375,527,0.45351043643263755,271.29999999997017,effect_15-20
2760,298,Other,PoT,101,0.3722816070770774,384,3.801980198019802,909,0.42244224422442245,271.29999999997017,effect_15-20
2761,299,Other,PoT,1,0.003685956505713638,3,3.0,331,0.00906344410876133,271.29999999997017,effect_15-20
2762,302,Other,PoT,23,0.08477699963141368,76,3.3043478260869565,179,0.4245810055865922,271.29999999997017,effect_15-20
2763,304,Other,PoT,17,0.06266126059713184,54,3.176470588235294,185,0.2918918918918919,271.29999999997017,effect_15-20
2764,306,Other,PoT,71,0.2617029119056683,263,3.704225352112676,378,0.6957671957671958,271.29999999997017,effect_15-20
2765,307,Other,PoT,63,0.2322152598599592,236,3.746031746031746,378,0.6243386243386243,271.29999999997017,effect_15-20
2766,310,Other,PoT,0,0.0,0,0.0,1,0.0,271.29999999997017,effect_15-20
2767,316,Other,PoT,28,0.10320678215998186,109,3.892857142857143,1093,0.09972552607502287,271.29999999997017,effect_15-20
2768,317,Other,PoT,62,0.22852930335424554,219,3.532258064516129,1102,0.1987295825771325,271.29999999997017,effect_15-20
2769,321,Other,PoT,61,0.2248433468485319,213,3.4918032786885247,668,0.3188622754491018,271.29999999997017,effect_15-20
2770,325,Other,PoT,58,0.213785477331391,197,3.396551724137931,1321,0.14912944738834216,271.29999999997017,effect_15-20
2771,328,Other,PoT,1,0.003685956505713638,4,4.0,48,0.08333333333333333,271.29999999997017,effect_15-20
2772,330,Other,PoT,30,0.11057869517140914,108,3.6,1417,0.07621736062103035,271.29999999997017,effect_15-20
2773,331,Other,PoT,86,0.3169922594913729,353,4.104651162790698,2160,0.16342592592592592,271.29999999997017,effect_15-20
2774,333,Other,PoT,11,0.04054552156285002,36,3.272727272727273,919,0.03917301414581066,271.29999999997017,effect_15-20
2775,334,Other,PoT,100,0.3685956505713638,369,3.69,2407,0.15330286663896966,271.29999999997017,effect_15-20
2776,338,Other,PoT,20,0.07371913011427275,66,3.3,1393,0.04737975592246949,271.29999999997017,effect_15-20
2777,340,Other,PoT,16,0.058975304091418206,55,3.4375,679,0.08100147275405008,271.29999999997017,effect_15-20
2778,341,Other,PoT,2,0.007371913011427276,10,5.0,249,0.040160642570281124,271.29999999997017,effect_15-20
2779,344,Other,PoT,17,0.06266126059713184,66,3.8823529411764706,1266,0.052132701421800945,271.29999999997017,effect_15-20
2780,347,Other,PoT,21,0.0774050866199864,68,3.238095238095238,2229,0.03050695379093764,271.29999999997017,effect_15-20
2781,350,Other,PoT,19,0.07003317360855912,73,3.8421052631578947,324,0.22530864197530864,271.29999999997017,effect_15-20
2782,352,Other,PoT,1,0.003685956505713638,3,3.0,435,0.006896551724137931,271.29999999997017,effect_15-20
2783,355,Other,PoT,9,0.03317360855142274,34,3.7777777777777777,138,0.2463768115942029,271.29999999997017,effect_15-20
2784,361,Other,PoT,3,0.011057869517140913,12,4.0,1436,0.008356545961002786,271.29999999997017,effect_15-20
2785,362,Other,PoT,107,0.39439734611135924,433,4.046728971962617,1781,0.24312184166198764,271.29999999997017,effect_15-20
2786,367,Other,PoT,7,0.025801695539995465,27,3.857142857142857,582,0.04639175257731959,271.29999999997017,effect_15-20
2787,368,Other,PoT,11,0.04054552156285002,38,3.4545454545454546,198,0.1919191919191919,271.29999999997017,effect_15-20
2788,369,Other,PoT,148,0.5455215628456184,611,4.128378378378378,2286,0.2672790901137358,271.29999999997017,effect_15-20
2789,372,Other,PoT,9,0.03317360855142274,31,3.4444444444444446,796,0.038944723618090454,271.29999999997017,effect_15-20
2790,381,Other,PoT,42,0.1548101732399728,147,3.5,668,0.22005988023952097,271.29999999997017,effect_15-20
2791,382,Other,PoT,108,0.39808330261707287,377,3.490740740740741,1135,0.33215859030837,271.29999999997017,effect_15-20
2792,385,Other,PoT,87,0.3206782159970865,322,3.7011494252873565,924,0.3484848484848485,271.29999999997017,effect_15-20
2793,388,Other,PoT,139,0.5123479542941957,624,4.489208633093525,9327,0.06690254100997105,271.29999999997017,effect_15-20
2794,392,Other,PoT,111,0.4091411721342138,435,3.918918918918919,1081,0.4024051803885291,271.29999999997017,effect_15-20
2795,394,Other,PoT,54,0.19904165130853643,187,3.462962962962963,1516,0.12335092348284961,271.29999999997017,effect_15-20
2796,396,Other,PoT,0,0.0,0,0.0,11,0.0,271.29999999997017,effect_15-20
2797,404,Other,PoT,163,0.600810910431323,743,4.558282208588957,1439,0.5163307852675469,271.29999999997017,effect_15-20
2798,405,Other,PoT,67,0.24695908588281373,270,4.029850746268656,805,0.33540372670807456,271.29999999997017,effect_15-20
2799,406,Other,PoT,81,0.2985624769628047,296,3.654320987654321,1955,0.1514066496163683,271.29999999997017,effect_15-20
2800,408,Other,PoT,219,0.8072244747512867,936,4.273972602739726,1569,0.5965583173996176,271.29999999997017,effect_15-20
2801,412,Other,PoT,24,0.0884629561371273,89,3.7083333333333335,586,0.15187713310580206,271.29999999997017,effect_15-20
2802,414,Other,PoT,9,0.03317360855142274,31,3.4444444444444446,101,0.3069306930693069,271.29999999997017,effect_15-20
2803,415,Other,PoT,54,0.19904165130853643,204,3.7777777777777777,590,0.34576271186440677,271.29999999997017,effect_15-20
2804,417,Other,PoT,123,0.45337265020277745,458,3.7235772357723578,926,0.4946004319654428,271.29999999997017,effect_15-20
2805,418,Other,PoT,18,0.06634721710284548,61,3.388888888888889,193,0.3160621761658031,271.29999999997017,effect_15-20
2806,419,Other,PoT,74,0.2727607814228092,256,3.4594594594594597,727,0.35213204951856947,271.29999999997017,effect_15-20
2807,421,Other,PoT,161,0.5934389974198957,626,3.888198757763975,2213,0.28287392679620427,271.29999999997017,effect_15-20
2808,422,Other,PoT,46,0.16955399926282735,170,3.6956521739130435,436,0.38990825688073394,271.29999999997017,effect_15-20
2809,425,Other,PoT,57,0.21009952082567737,214,3.754385964912281,306,0.6993464052287581,271.29999999997017,effect_15-20
2810,428,Other,PoT,77,0.2838186509399501,294,3.8181818181818183,3735,0.078714859437751,271.29999999997017,effect_15-20
2811,429,Other,PoT,64,0.23590121636567282,254,3.96875,452,0.5619469026548672,271.29999999997017,effect_15-20
2812,430,Other,PoT,61,0.2248433468485319,235,3.8524590163934427,912,0.2576754385964912,271.29999999997017,effect_15-20
2813,433,Other,PoT,56,0.20641356431996372,230,4.107142857142857,499,0.46092184368737477,271.29999999997017,effect_15-20
2814,434,Other,PoT,54,0.19904165130853643,212,3.925925925925926,480,0.44166666666666665,271.29999999997017,effect_15-20
2815,435,Other,PoT,29,0.1068927386656955,107,3.689655172413793,149,0.7181208053691275,271.29999999997017,effect_15-20
2816,437,Other,PoT,69,0.254330998894241,298,4.318840579710145,620,0.4806451612903226,271.29999999997017,effect_15-20
2817,438,Other,PoT,29,0.1068927386656955,119,4.103448275862069,197,0.6040609137055838,271.29999999997017,effect_15-20
2818,440,Other,SGN,46,0.16955399926282735,172,3.739130434782609,335,0.5134328358208955,271.29999999997017,effect_15-20
2819,443,Other,PoT,129,0.4754883892370593,549,4.255813953488372,1241,0.44238517324738114,271.29999999997017,effect_15-20
2820,445,Other,SGN,113,0.41651308514564106,437,3.8672566371681416,1145,0.38165938864628823,271.29999999997017,effect_15-20
2821,446,Other,SGN,50,0.1842978252856819,206,4.12,284,0.7253521126760564,271.29999999997017,effect_15-20
2822,447,Other,SGN,72,0.26538886841138193,305,4.236111111111111,392,0.7780612244897959,271.29999999997017,effect_15-20
2823,448,Other,SGN,108,0.39808330261707287,419,3.8796296296296298,776,0.5399484536082474,271.29999999997017,effect_15-20
2824,450,Other,SGN,52,0.19166973829710918,181,3.480769230769231,295,0.6135593220338983,271.29999999997017,effect_15-20
2825,451,Other,SGN,133,0.49023221525991384,624,4.69172932330827,2335,0.26723768736616704,271.29999999997017,effect_15-20
2826,453,Other,SGN,146,0.5381496498341911,609,4.171232876712328,1581,0.38519924098671726,271.29999999997017,effect_15-20
2827,457,Other,SGN,78,0.28750460744566375,282,3.6153846153846154,1082,0.26062846580406657,271.29999999997017,effect_15-20
2828,458,Other,SGN,1,0.003685956505713638,3,3.0,192,0.015625,271.29999999997017,effect_15-20
2829,463,Other,SGN,31,0.11426465167712277,127,4.096774193548387,273,0.4652014652014652,271.29999999997017,effect_15-20
2830,465,Other,SGN,223,0.8219683007741413,992,4.448430493273543,1961,0.5058643549209587,271.29999999997017,effect_15-20
2831,471,Other,SGN,126,0.4644305197199184,679,5.388888888888889,862,0.7877030162412993,271.29999999997017,effect_15-20
2832,492,Other,DG-sg,0,0.0,0,0.0,4,0.0,271.29999999997017,effect_15-20
2833,495,Other,DG-sg,0,0.0,0,0.0,0,0.0,271.29999999997017,effect_15-20
2834,496,Other,DG-sg,4,0.014743826022854551,14,3.5,226,0.061946902654867256,271.29999999997017,effect_15-20
2835,498,Other,DG-sg,0,0.0,0,0.0,0,0.0,271.29999999997017,effect_15-20
2836,500,Other,DG-sg,4,0.014743826022854551,12,3.0,222,0.05405405405405406,271.29999999997017,effect_15-20
2837,501,Other,DG-sg,13,0.047917434574277294,48,3.6923076923076925,373,0.128686327077748,271.29999999997017,effect_15-20
2838,504,Other,DG-po,0,0.0,0,0.0,0,0.0,271.29999999997017,effect_15-20
2839,505,Other,DG-po,3,0.011057869517140913,9,3.0,149,0.06040268456375839,271.29999999997017,effect_15-20
2840,506,Other,DG-po,0,0.0,0,0.0,0,0.0,271.29999999997017,effect_15-20
2841,507,Other,DG-po,33,0.12163656468855005,112,3.393939393939394,810,0.1382716049382716,271.29999999997017,effect_15-20
2842,511,Other,DG-po,0,0.0,0,0.0,4,0.0,271.29999999997017,effect_15-20
2843,513,Other,DG-po,0,0.0,0,0.0,120,0.0,271.29999999997017,effect_15-20
2844,538,Other,ProS,0,0.0,0,0.0,391,0.0,271.29999999997017,effect_15-20
2845,543,Other,ProS,0,0.0,0,0.0,150,0.0,271.29999999997017,effect_15-20
2846,546,Other,ProS,1,0.003685956505713638,3,3.0,288,0.010416666666666666,271.29999999997017,effect_15-20
2847,547,Other,SUB,8,0.029487652045709103,26,3.25,491,0.05295315682281059,271.29999999997017,effect_15-20
2848,549,Other,ProS,1,0.003685956505713638,3,3.0,592,0.005067567567567568,271.29999999997017,effect_15-20
2849,550,Other,ProS,0,0.0,0,0.0,88,0.0,271.29999999997017,effect_15-20
2850,551,Other,ProS,0,0.0,0,0.0,222,0.0,271.29999999997017,effect_15-20
2851,560,Other,ProS,0,0.0,0,0.0,0,0.0,271.29999999997017,effect_15-20
2852,561,Other,ProS,3,0.011057869517140913,9,3.0,490,0.018367346938775512,271.29999999997017,effect_15-20
2853,562,Other,ProS,4,0.014743826022854551,15,3.75,1047,0.014326647564469915,271.29999999997017,effect_15-20
2854,564,Other,ProS,58,0.213785477331391,240,4.137931034482759,2238,0.10723860589812333,271.29999999997017,effect_15-20
2855,566,Other,ProS,21,0.0774050866199864,66,3.142857142857143,231,0.2857142857142857,271.29999999997017,effect_15-20
2856,567,Other,SUB,0,0.0,0,0.0,75,0.0,271.29999999997017,effect_15-20
2857,568,Other,SUB,0,0.0,0,0.0,70,0.0,271.29999999997017,effect_15-20
2858,569,Other,SUB,27,0.09952082565426822,93,3.4444444444444446,1323,0.07029478458049887,271.29999999997017,effect_15-20
2859,570,Other,SUB,0,0.0,0,0.0,8,0.0,271.29999999997017,effect_15-20
2860,571,Other,SUB,12,0.04423147806856365,40,3.3333333333333335,1056,0.03787878787878788,271.29999999997017,effect_15-20
2861,573,Other,SUB,0,0.0,0,0.0,9,0.0,271.29999999997017,effect_15-20
2862,574,Other,SUB,18,0.06634721710284548,69,3.8333333333333335,377,0.1830238726790451,271.29999999997017,effect_15-20
2863,576,Other,SUB,8,0.029487652045709103,30,3.75,384,0.078125,271.29999999997017,effect_15-20
2864,578,Other,SUB,24,0.0884629561371273,84,3.5,1201,0.06994171523730225,271.29999999997017,effect_15-20
2865,579,Other,SUB,26,0.09583486914855459,92,3.5384615384615383,2163,0.0425335182616736,271.29999999997017,effect_15-20
2866,580,Other,SUB,13,0.047917434574277294,45,3.4615384615384617,1341,0.03355704697986577,271.29999999997017,effect_15-20
2867,582,Other,SUB,4,0.014743826022854551,15,3.75,496,0.03024193548387097,271.29999999997017,effect_15-20
2868,583,Other,SUB,61,0.2248433468485319,204,3.3442622950819674,3582,0.05695142378559464,271.29999999997017,effect_15-20
2869,584,Other,SUB,4,0.014743826022854551,12,3.0,812,0.014778325123152709,271.29999999997017,effect_15-20
2870,587,Other,SUB,1,0.003685956505713638,3,3.0,470,0.006382978723404255,271.29999999997017,effect_15-20
2871,588,Other,SUB,29,0.1068927386656955,107,3.689655172413793,808,0.13242574257425743,271.29999999997017,effect_15-20
2872,592,Other,SUB,36,0.13269443420569096,117,3.25,1943,0.0602161605764282,271.29999999997017,effect_15-20
2873,600,Other,SUB,11,0.04054552156285002,34,3.090909090909091,1033,0.03291384317521781,271.29999999997017,effect_15-20
2874,601,Other,SUB,71,0.2617029119056683,317,4.464788732394366,1675,0.18925373134328358,271.29999999997017,effect_15-20
2875,602,Other,SUB,5,0.018429782528568188,16,3.2,825,0.019393939393939394,271.29999999997017,effect_15-20
2876,604,Other,SUB,14,0.05160339107999093,51,3.642857142857143,862,0.05916473317865429,271.29999999997017,effect_15-20
2877,605,Other,SUB,10,0.036859565057136376,30,3.0,881,0.0340522133938706,271.29999999997017,effect_15-20
2878,607,Other,SUB,4,0.014743826022854551,14,3.5,391,0.03580562659846547,271.29999999997017,effect_15-20
2879,611,Other,alv,9,0.03317360855142274,32,3.5555555555555554,666,0.04804804804804805,271.29999999997017,effect_15-20
2880,621,Other,VISp6a,32,0.11795060818283641,127,3.96875,320,0.396875,271.29999999997017,effect_15-20
2881,627,Other,VISp5,3,0.011057869517140913,10,3.3333333333333335,419,0.02386634844868735,271.29999999997017,effect_15-20
2882,629,Other,VISp5,0,0.0,0,0.0,948,0.0,271.29999999997017,effect_15-20
2883,631,Other,VISp5,1,0.003685956505713638,4,4.0,1175,0.003404255319148936,271.29999999997017,effect_15-20
2884,632,Other,VISp5,0,0.0,0,0.0,887,0.0,271.29999999997017,effect_15-20
2885,635,Other,VISp5,8,0.029487652045709103,24,3.0,1540,0.015584415584415584,271.29999999997017,effect_15-20
2886,636,Other,VISp5,0,0.0,0,0.0,810,0.0,271.29999999997017,effect_15-20
2887,637,Other,VISp5,0,0.0,0,0.0,342,0.0,271.29999999997017,effect_15-20
2888,639,Other,VISp5,0,0.0,0,0.0,1694,0.0,271.29999999997017,effect_15-20
2889,642,Other,VISp5,0,0.0,0,0.0,989,0.0,271.29999999997017,effect_15-20
2890,645,Other,VISp5,0,0.0,0,0.0,843,0.0,271.29999999997017,effect_15-20
2891,646,Other,VISp5,0,0.0,0,0.0,1249,0.0,271.29999999997017,effect_15-20
2892,647,Other,VISp5,0,0.0,0,0.0,814,0.0,271.29999999997017,effect_15-20
2893,651,Other,VISp5,0,0.0,0,0.0,707,0.0,271.29999999997017,effect_15-20
2894,653,Other,VISp5,0,0.0,0,0.0,859,0.0,271.29999999997017,effect_15-20
2895,655,Other,VISp5,1,0.003685956505713638,3,3.0,1174,0.002555366269165247,271.29999999997017,effect_15-20
2896,656,Other,VISp5,0,0.0,0,0.0,763,0.0,271.29999999997017,effect_15-20
2897,663,Other,VISp5,0,0.0,0,0.0,472,0.0,271.29999999997017,effect_15-20
2898,668,Other,VISp4,0,0.0,0,0.0,516,0.0,271.29999999997017,effect_15-20
2899,669,Other,VISp4,0,0.0,0,0.0,334,0.0,271.29999999997017,effect_15-20
2900,679,Other,VISp4,0,0.0,0,0.0,390,0.0,271.29999999997017,effect_15-20
2901,681,Other,VISp4,0,0.0,0,0.0,28,0.0,271.29999999997017,effect_15-20
2902,684,Other,VISp2/3,0,0.0,0,0.0,77,0.0,271.29999999997017,effect_15-20
2903,687,Other,VISp2/3,0,0.0,0,0.0,149,0.0,271.29999999997017,effect_15-20
2904,688,Other,VISp2/3,0,0.0,0,0.0,36,0.0,271.29999999997017,effect_15-20
2905,689,Other,VISp2/3,0,0.0,0,0.0,21,0.0,271.29999999997017,effect_15-20
2906,690,Other,VISp2/3,0,0.0,0,0.0,244,0.0,271.29999999997017,effect_15-20
2907,695,Other,VISp2/3,0,0.0,0,0.0,119,0.0,271.29999999997017,effect_15-20
2908,696,Other,VISp2/3,0,0.0,0,0.0,76,0.0,271.29999999997017,effect_15-20
2909,697,Other,VISp2/3,0,0.0,0,0.0,166,0.0,271.29999999997017,effect_15-20
2910,700,Other,VISp2/3,0,0.0,0,0.0,228,0.0,271.29999999997017,effect_15-20
2911,708,Other,PoT,72,0.26538886841138193,333,4.625,412,0.808252427184466,271.29999999997017,effect_15-20
2912,711,Other,PoT,56,0.20641356431996372,210,3.75,457,0.45951859956236324,271.29999999997017,effect_15-20
2913,718,Other,PoT,24,0.0884629561371273,84,3.5,148,0.5675675675675675,271.29999999997017,effect_15-20
2914,719,Other,PoT,51,0.18798378179139552,191,3.7450980392156863,712,0.26825842696629215,271.29999999997017,effect_15-20
2915,720,Other,PoT,40,0.1474382602285455,149,3.725,929,0.1603875134553283,271.29999999997017,effect_15-20
2916,722,Other,PoT,39,0.14375230372283188,150,3.8461538461538463,425,0.35294117647058826,271.29999999997017,effect_15-20
2917,724,Other,SGN,39,0.14375230372283188,156,4.0,220,0.7090909090909091,271.29999999997017,effect_15-20
2918,725,Other,SGN,92,0.3391079985256547,359,3.902173913043478,1301,0.2759415833973866,271.29999999997017,effect_15-20
2919,726,Other,SGN,41,0.15112421673425916,200,4.878048780487805,276,0.7246376811594203,271.29999999997017,effect_15-20
2920,727,Other,SGN,27,0.09952082565426822,109,4.037037037037037,151,0.7218543046357616,271.29999999997017,effect_15-20
2921,728,Other,SGN,31,0.11426465167712277,117,3.774193548387097,332,0.35240963855421686,271.29999999997017,effect_15-20
2922,730,Thalamus,LP,6,0.022115739034281826,16,2.6666666666666665,75,0.21333333333333335,271.29999999997017,effect_15-20
2923,731,Thalamus,LP,24,0.0884629561371273,65,2.7083333333333335,315,0.20634920634920634,271.29999999997017,effect_15-20
2924,734,Other,DG-sg,0,0.0,0,0.0,0,0.0,271.29999999997017,effect_15-20
2925,735,Other,DG-sg,0,0.0,0,0.0,0,0.0,271.29999999997017,effect_15-20
2926,755,Other,SUB,5,0.018429782528568188,18,3.6,366,0.04918032786885246,271.29999999997017,effect_15-20
2927,756,Other,ProS,0,0.0,0,0.0,1,0.0,271.29999999997017,effect_15-20
2928,758,Other,ProS,0,0.0,0,0.0,0,0.0,271.29999999997017,effect_15-20
2929,761,Other,SUB,58,0.213785477331391,219,3.7758620689655173,3074,0.0712426805465192,271.29999999997017,effect_15-20
2930,762,Other,SUB,2,0.007371913011427276,6,3.0,405,0.014814814814814815,271.29999999997017,effect_15-20
2931,763,Other,SUB,0,0.0,0,0.0,21,0.0,271.29999999997017,effect_15-20
2932,764,Other,SUB,29,0.1068927386656955,100,3.4482758620689653,1320,0.07575757575757576,271.29999999997017,effect_15-20
2933,769,Other,VISp5,0,0.0,0,0.0,7,0.0,271.29999999997017,effect_15-20
2934,780,Other,VISp2/3,0,0.0,0,0.0,79,0.0,271.29999999997017,effect_15-20
2935,782,Other,VISp2/3,0,0.0,0,0.0,49,0.0,271.29999999997017,effect_15-20
2936,783,Other,VISp2/3,0,0.0,0,0.0,12,0.0,271.29999999997017,effect_15-20
2937,784,Other,VISp2/3,0,0.0,0,0.0,20,0.0,271.29999999997017,effect_15-20
2938,786,Other,VISp2/3,1,0.003685956505713638,3,3.0,444,0.006756756756756757,271.29999999997017,effect_15-20
2939,793,Other,DG-sg,0,0.0,0,0.0,26,0.0,271.29999999997017,effect_15-20
2940,795,Other,DG-sg,0,0.0,0,0.0,0,0.0,271.29999999997017,effect_15-20
2941,796,Other,DG-sg,0,0.0,0,0.0,0,0.0,271.29999999997017,effect_15-20
2942,798,Other,ProS,0,0.0,0,0.0,0,0.0,271.29999999997017,effect_15-20
2943,799,Other,VISp2/3,0,0.0,0,0.0,37,0.0,271.29999999997017,effect_15-20
2944,806,Other,SPFp,0,0.0,0,0.0,0,0.0,271.29999999997017,effect_15-20
2945,809,Other,PoT,29,0.1068927386656955,112,3.8620689655172415,593,0.18887015177065766,271.29999999997017,effect_15-20
2946,811,Other,DG-mo,0,0.0,0,0.0,0,0.0,271.29999999997017,effect_15-20
2947,812,Other,DG-po,0,0.0,0,0.0,0,0.0,271.29999999997017,effect_15-20
2948,815,Other,ProS,0,0.0,0,0.0,0,0.0,271.29999999997017,effect_15-20
2949,816,Other,ProS,10,0.036859565057136376,30,3.0,2871,0.01044932079414838,271.29999999997017,effect_15-20
2950,818,Other,VISp5,0,0.0,0,0.0,196,0.0,271.29999999997017,effect_15-20
2951,820,Other,VISp2/3,0,0.0,0,0.0,81,0.0,271.29999999997017,effect_15-20
2952,822,Other,VISp6a,0,0.0,0,0.0,1,0.0,271.29999999997017,effect_15-20
2953,823,Other,VISp2/3,0,0.0,0,0.0,24,0.0,271.29999999997017,effect_15-20
2954,824,Other,VISp2/3,0,0.0,0,0.0,23,0.0,271.29999999997017,effect_15-20
2955,825,Other,VISp2/3,0,0.0,0,0.0,73,0.0,271.29999999997017,effect_15-20
2956,826,Other,VISp2/3,0,0.0,0,0.0,8,0.0,271.29999999997017,effect_15-20
2957,827,Other,VISp2/3,0,0.0,0,0.0,11,0.0,271.29999999997017,effect_15-20
2958,831,Other,VISp2/3,0,0.0,0,0.0,75,0.0,271.29999999997017,effect_15-20
2959,843,Other,int,0,0.0,0,0.0,17,0.0,271.29999999997017,effect_15-20
2960,845,Other,int,5,0.018429782528568188,15,3.0,1727,0.008685581933989578,271.29999999997017,effect_15-20
2961,851,Other,int,0,0.0,0,0.0,9,0.0,271.29999999997017,effect_15-20
2962,859,Other,int,10,0.036859565057136376,42,4.2,1100,0.038181818181818185,271.29999999997017,effect_15-20
2963,865,Other,int,0,0.0,0,0.0,481,0.0,271.29999999997017,effect_15-20
2964,868,Other,int,0,0.0,0,0.0,79,0.0,271.29999999997017,effect_15-20
2965,873,Other,int,0,0.0,0,0.0,274,0.0,271.29999999997017,effect_15-20
2966,892,Other,int,1,0.003685956505713638,3,3.0,154,0.01948051948051948,271.29999999997017,effect_15-20
2967,900,Other,int,0,0.0,0,0.0,1248,0.0,271.29999999997017,effect_15-20
2968,904,Other,int,10,0.036859565057136376,42,4.2,2042,0.02056807051909892,271.29999999997017,effect_15-20
2969,913,Other,int,13,0.047917434574277294,43,3.3076923076923075,166,0.25903614457831325,271.29999999997017,effect_15-20
2970,914,Other,int,0,0.0,0,0.0,336,0.0,271.29999999997017,effect_15-20
2971,932,Other,int,39,0.14375230372283188,119,3.051282051282051,364,0.3269230769230769,271.29999999997017,effect_15-20
2972,938,Other,int,37,0.1363803907114046,129,3.4864864864864864,764,0.168848167539267,271.29999999997017,effect_15-20
2973,950,Other,int,7,0.025801695539995465,29,4.142857142857143,1032,0.02810077519379845,271.29999999997017,effect_15-20
2974,962,STR,STR,3,0.011057869517140913,11,3.6666666666666665,3023,0.0036387694343367515,271.29999999997017,effect_15-20
2975,964,STR,STR,79,0.2911905639513774,335,4.2405063291139244,1621,0.2066625539790253,271.29999999997017,effect_15-20
2976,965,STR,STR,1,0.003685956505713638,4,4.0,45,0.08888888888888889,271.29999999997017,effect_15-20
2977,967,Other,int,4,0.014743826022854551,14,3.5,830,0.016867469879518072,271.29999999997017,effect_15-20
2978,969,STR,STR,9,0.03317360855142274,29,3.2222222222222223,2351,0.01233517652062952,271.29999999997017,effect_15-20
2979,970,Other,int,1,0.003685956505713638,4,4.0,78,0.05128205128205128,271.29999999997017,effect_15-20
2980,972,STR,STR,0,0.0,0,0.0,11,0.0,271.29999999997017,effect_15-20
2981,976,STR,STR,1,0.003685956505713638,3,3.0,672,0.004464285714285714,271.29999999997017,effect_15-20
2982,980,STR,CP,0,0.0,0,0.0,31,0.0,271.29999999997017,effect_15-20
2983,982,STR,CP,4,0.014743826022854551,15,3.75,847,0.01770956316410862,271.29999999997017,effect_15-20
2984,984,STR,CP,2,0.007371913011427276,7,3.5,1679,0.004169148302561048,271.29999999997017,effect_15-20
2985,986,STR,CP,12,0.04423147806856365,48,4.0,3944,0.012170385395537525,271.29999999997017,effect_15-20
2986,988,STR,CP,326,1.201621820862646,1140,3.496932515337423,1748,0.6521739130434783,271.29999999997017,effect_15-20
2987,989,STR,CP,0,0.0,0,0.0,34,0.0,271.29999999997017,effect_15-20
2988,990,STR,CP,0,0.0,0,0.0,763,0.0,271.29999999997017,effect_15-20
2989,993,STR,CP,2,0.007371913011427276,6,3.0,1096,0.005474452554744526,271.29999999997017,effect_15-20
2990,997,STR,CP,12,0.04423147806856365,51,4.25,2077,0.02455464612421762,271.29999999997017,effect_15-20
2991,1001,STR,CP,0,0.0,0,0.0,14,0.0,271.29999999997017,effect_15-20
2992,1008,STR,CP,41,0.15112421673425916,154,3.7560975609756095,3588,0.04292084726867335,271.29999999997017,effect_15-20
2993,1009,STR,CP,66,0.2432731293771001,217,3.287878787878788,1847,0.11748781808337845,271.29999999997017,effect_15-20
2994,1013,STR,CP,49,0.18061186877996827,195,3.979591836734694,276,0.7065217391304348,271.29999999997017,effect_15-20
2995,1014,STR,CP,0,0.0,0,0.0,96,0.0,271.29999999997017,effect_15-20
2996,1021,STR,CP,20,0.07371913011427275,79,3.95,1160,0.06810344827586207,271.29999999997017,effect_15-20
2997,1027,STR,CP,3,0.011057869517140913,9,3.0,1019,0.008832188420019628,271.29999999997017,effect_15-20
2998,1028,STR,CP,7,0.025801695539995465,27,3.857142857142857,2443,0.011051985264019648,271.29999999997017,effect_15-20
2999,1033,STR,CP,303,1.1168448212312323,1189,3.924092409240924,2309,0.5149415331312256,271.29999999997017,effect_15-20
3000,1038,STR,CP,9,0.03317360855142274,30,3.3333333333333335,535,0.056074766355140186,271.29999999997017,effect_15-20
3001,1040,STR,CP,18,0.06634721710284548,65,3.611111111111111,1238,0.05250403877221325,271.29999999997017,effect_15-20
3002,1045,STR,CP,12,0.04423147806856365,63,5.25,1998,0.03153153153153153,271.29999999997017,effect_15-20
3003,1048,STR,CP,1,0.003685956505713638,3,3.0,1122,0.00267379679144385,271.29999999997017,effect_15-20
3004,1065,STR,CP,0,0.0,0,0.0,247,0.0,271.29999999997017,effect_15-20
3005,1066,STR,CP,1,0.003685956505713638,7,7.0,1728,0.004050925925925926,271.29999999997017,effect_15-20
3006,1068,STR,CP,0,0.0,0,0.0,673,0.0,271.29999999997017,effect_15-20
3007,1069,STR,CP,7,0.025801695539995465,25,3.5714285714285716,1759,0.014212620807276862,271.29999999997017,effect_15-20
3008,1073,STR,CP,0,0.0,0,0.0,59,0.0,271.29999999997017,effect_15-20
3009,1096,Somatosensory,SSp-bfd6a,9,0.03317360855142274,31,3.4444444444444446,674,0.04599406528189911,271.29999999997017,effect_15-20
3010,1106,Somatosensory,SSp-bfd6a,16,0.058975304091418206,58,3.625,693,0.0836940836940837,271.29999999997017,effect_15-20
3011,1108,Somatosensory,SSp-bfd6a,3,0.011057869517140913,10,3.3333333333333335,539,0.01855287569573284,271.29999999997017,effect_15-20
3012,1110,Somatosensory,SSp-bfd6a,2,0.007371913011427276,6,3.0,779,0.007702182284980745,271.29999999997017,effect_15-20
3013,1111,Somatosensory,SSp-bfd6a,0,0.0,0,0.0,344,0.0,271.29999999997017,effect_15-20
3014,1113,Somatosensory,SSp-bfd6a,3,0.011057869517140913,10,3.3333333333333335,2040,0.004901960784313725,271.29999999997017,effect_15-20
3015,1114,Somatosensory,SSp-bfd6a,1,0.003685956505713638,3,3.0,275,0.01090909090909091,271.29999999997017,effect_15-20
3016,1115,Somatosensory,SSp-bfd6a,0,0.0,0,0.0,24,0.0,271.29999999997017,effect_15-20
3017,1117,Somatosensory,SSp-bfd6a,0,0.0,0,0.0,50,0.0,271.29999999997017,effect_15-20
3018,1118,Somatosensory,SSp-bfd6a,0,0.0,0,0.0,116,0.0,271.29999999997017,effect_15-20
3019,1119,Somatosensory,SSp-bfd6a,0,0.0,0,0.0,428,0.0,271.29999999997017,effect_15-20
3020,1126,Somatosensory,SSp-bfd6a,56,0.20641356431996372,239,4.267857142857143,2309,0.10350801212646167,271.29999999997017,effect_15-20
3021,1128,Somatosensory,SSp-bfd6a,1,0.003685956505713638,3,3.0,344,0.00872093023255814,271.29999999997017,effect_15-20
3022,1130,Somatosensory,SSp-bfd6a,0,0.0,0,0.0,77,0.0,271.29999999997017,effect_15-20
3023,1133,Somatosensory,SSp-bfd6a,38,0.14006634721711825,150,3.9473684210526314,2073,0.0723589001447178,271.29999999997017,effect_15-20
3024,1138,Somatosensory,SSp-bfd5,0,0.0,0,0.0,435,0.0,271.29999999997017,effect_15-20
3025,1142,Somatosensory,SSp-bfd5,0,0.0,0,0.0,900,0.0,271.29999999997017,effect_15-20
3026,1151,Somatosensory,SSp-bfd5,0,0.0,0,0.0,232,0.0,271.29999999997017,effect_15-20
3027,1154,Somatosensory,SSp-bfd5,0,0.0,0,0.0,2260,0.0,271.29999999997017,effect_15-20
3028,1160,Somatosensory,SSp-bfd5,0,0.0,0,0.0,42,0.0,271.29999999997017,effect_15-20
3029,1180,Somatosensory,SSp-bfd5,0,0.0,0,0.0,252,0.0,271.29999999997017,effect_15-20
3030,1191,Somatosensory,SSp-bfd4,1,0.003685956505713638,3,3.0,293,0.010238907849829351,271.29999999997017,effect_15-20
3031,1192,Somatosensory,SSp-bfd4,0,0.0,0,0.0,0,0.0,271.29999999997017,effect_15-20
3032,1194,Somatosensory,SSp-bfd5,0,0.0,0,0.0,248,0.0,271.29999999997017,effect_15-20
3033,1198,Somatosensory,SSp-bfd4,0,0.0,0,0.0,317,0.0,271.29999999997017,effect_15-20
3034,1201,Somatosensory,SSp-bfd4,4,0.014743826022854551,22,5.5,630,0.03492063492063492,271.29999999997017,effect_15-20
3035,1209,Somatosensory,SSp-bfd4,0,0.0,0,0.0,5,0.0,271.29999999997017,effect_15-20
3036,1210,Somatosensory,SSp-bfd4,0,0.0,0,0.0,1144,0.0,271.29999999997017,effect_15-20
3037,1212,Somatosensory,SSp-bfd4,0,0.0,0,0.0,506,0.0,271.29999999997017,effect_15-20
3038,1215,Somatosensory,SSp-bfd4,0,0.0,0,0.0,35,0.0,271.29999999997017,effect_15-20
3039,1219,Somatosensory,SSp-bfd4,0,0.0,0,0.0,0,0.0,271.29999999997017,effect_15-20
3040,1220,Somatosensory,SSp-bfd4,0,0.0,0,0.0,14,0.0,271.29999999997017,effect_15-20
3041,1222,Somatosensory,SSp-bfd4,1,0.003685956505713638,3,3.0,815,0.0036809815950920245,271.29999999997017,effect_15-20
3042,1223,Somatosensory,SSp-bfd4,4,0.014743826022854551,12,3.0,125,0.096,271.29999999997017,effect_15-20
3043,1227,Somatosensory,SSp-bfd4,0,0.0,0,0.0,135,0.0,271.29999999997017,effect_15-20
3044,1230,Somatosensory,SSp-bfd4,0,0.0,0,0.0,1737,0.0,271.29999999997017,effect_15-20
3045,1234,Somatosensory,SSp-bfd4,0,0.0,0,0.0,0,0.0,271.29999999997017,effect_15-20
3046,1235,Somatosensory,SSp-bfd4,1,0.003685956505713638,3,3.0,518,0.005791505791505791,271.29999999997017,effect_15-20
3047,1236,Somatosensory,SSp-bfd4,0,0.0,0,0.0,1,0.0,271.29999999997017,effect_15-20
3048,1239,Somatosensory,SSp-bfd4,0,0.0,0,0.0,166,0.0,271.29999999997017,effect_15-20
3049,1244,Somatosensory,SSp-bfd4,0,0.0,0,0.0,292,0.0,271.29999999997017,effect_15-20
3050,1245,Somatosensory,SSp-bfd4,0,0.0,0,0.0,323,0.0,271.29999999997017,effect_15-20
3051,1247,Somatosensory,SSp-bfd4,0,0.0,0,0.0,241,0.0,271.29999999997017,effect_15-20
3052,1248,Somatosensory,SSp-bfd4,0,0.0,0,0.0,241,0.0,271.29999999997017,effect_15-20
3053,1254,Somatosensory,SSp-bfd2/3,22,0.08109104312570004,78,3.5454545454545454,223,0.34977578475336324,271.29999999997017,effect_15-20
3054,1257,Somatosensory,SSp-bfd2/3,25,0.09214891264284095,82,3.28,1986,0.041289023162134945,271.29999999997017,effect_15-20
3055,1258,Somatosensory,SSp-bfd4,0,0.0,0,0.0,0,0.0,271.29999999997017,effect_15-20
3056,1265,Somatosensory,SSp-bfd2/3,0,0.0,0,0.0,103,0.0,271.29999999997017,effect_15-20
3057,1267,Somatosensory,SSp-bfd2/3,1,0.003685956505713638,3,3.0,218,0.013761467889908258,271.29999999997017,effect_15-20
3058,1286,Somatosensory,SSp-bfd2/3,0,0.0,0,0.0,6,0.0,271.29999999997017,effect_15-20
3059,1318,STR,CP,0,0.0,0,0.0,17,0.0,271.29999999997017,effect_15-20
3060,1319,STR,CP,0,0.0,0,0.0,0,0.0,271.29999999997017,effect_15-20
3061,1321,STR,CP,0,0.0,0,0.0,0,0.0,271.29999999997017,effect_15-20
3062,1331,STR,CP,0,0.0,0,0.0,11,0.0,271.29999999997017,effect_15-20
3063,1337,Somatosensory,SSp-bfd6a,17,0.06266126059713184,61,3.588235294117647,120,0.5083333333333333,271.29999999997017,effect_15-20
3064,1350,Somatosensory,SSp-bfd5,0,0.0,0,0.0,0,0.0,271.29999999997017,effect_15-20
3065,1354,Somatosensory,SSp-bfd5,0,0.0,0,0.0,22,0.0,271.29999999997017,effect_15-20
3066,1357,Somatosensory,SSp-bfd5,0,0.0,0,0.0,17,0.0,271.29999999997017,effect_15-20
3067,1369,Somatosensory,SSp-bfd2/3,0,0.0,0,0.0,0,0.0,271.29999999997017,effect_15-20
3068,1370,Somatosensory,SSp-bfd4,0,0.0,0,0.0,0,0.0,271.29999999997017,effect_15-20
3069,1372,Somatosensory,SSp-bfd2/3,0,0.0,0,0.0,22,0.0,271.29999999997017,effect_15-20
3070,1373,Somatosensory,SSp-bfd2/3,2,0.007371913011427276,6,3.0,26,0.23076923076923078,271.29999999997017,effect_15-20
3071,1374,Somatosensory,SSp-bfd4,0,0.0,0,0.0,4,0.0,271.29999999997017,effect_15-20
3072,1386,Somatosensory,SSp-bfd2/3,0,0.0,0,0.0,0,0.0,271.29999999997017,effect_15-20
3073,1405,Somatosensory,SSp-bfd5,0,0.0,0,0.0,0,0.0,271.29999999997017,effect_15-20
3074,1407,Somatosensory,SSp-bfd4,0,0.0,0,0.0,0,0.0,271.29999999997017,effect_15-20
3075,1414,Other,int,15,0.05528934758570457,51,3.4,187,0.2727272727272727,271.29999999997017,effect_15-20
3076,1418,Somatosensory,SSp-bfd6a,0,0.0,0,0.0,4,0.0,271.29999999997017,effect_15-20
3077,1420,Somatosensory,SSp-bfd5,0,0.0,0,0.0,0,0.0,271.29999999997017,effect_15-20
3078,1426,STR,STR,0,0.0,0,0.0,19,0.0,271.29999999997017,effect_15-20
3079,1428,Somatosensory,SSp-bfd2/3,0,0.0,0,0.0,12,0.0,271.29999999997017,effect_15-20
3080,1430,STR,STR,1,0.003685956505713638,3,3.0,40,0.075,271.29999999997017,effect_15-20
3081,1432,STR,STR,1,0.003685956505713638,3,3.0,18,0.16666666666666666,271.29999999997017,effect_15-20
3082,1435,Other,DP,1,0.003685956505713638,4,4.0,2150,0.0018604651162790699,271.29999999997017,effect_15-20
3083,1443,Other,ILA2/3,0,0.0,0,0.0,110,0.0,271.29999999997017,effect_15-20
3084,1445,Other,ILA2/3,0,0.0,0,0.0,30,0.0,271.29999999997017,effect_15-20
3085,1446,Other,ILA2/3,0,0.0,0,0.0,57,0.0,271.29999999997017,effect_15-20
3086,1461,Other,ILA5,0,0.0,0,0.0,145,0.0,271.29999999997017,effect_15-20
3087,1464,Other,ILA5,0,0.0,0,0.0,32,0.0,271.29999999997017,effect_15-20
3088,1468,Other,ILA5,0,0.0,0,0.0,2039,0.0,271.29999999997017,effect_15-20
3089,1506,Other,ILA5,0,0.0,0,0.0,178,0.0,271.29999999997017,effect_15-20
3090,1507,Other,ILA5,0,0.0,0,0.0,5,0.0,271.29999999997017,effect_15-20
3091,1509,Other,ILA5,0,0.0,0,0.0,366,0.0,271.29999999997017,effect_15-20
3092,1516,Other,ILA5,0,0.0,0,0.0,16,0.0,271.29999999997017,effect_15-20
3093,1529,Other,ILA5,0,0.0,0,0.0,283,0.0,271.29999999997017,effect_15-20
3094,1531,Other,ILA5,15,0.05528934758570457,50,3.3333333333333335,103,0.4854368932038835,271.29999999997017,effect_15-20
3095,1534,Other,ILA5,0,0.0,0,0.0,25,0.0,271.29999999997017,effect_15-20
3096,1535,Other,ILA5,5,0.018429782528568188,15,3.0,437,0.034324942791762014,271.29999999997017,effect_15-20
3097,1537,Other,ILA5,0,0.0,0,0.0,87,0.0,271.29999999997017,effect_15-20
3098,1538,Other,ILA5,0,0.0,0,0.0,35,0.0,271.29999999997017,effect_15-20
3099,1539,Other,ILA5,0,0.0,0,0.0,243,0.0,271.29999999997017,effect_15-20
3100,1541,Other,ILA5,0,0.0,0,0.0,43,0.0,271.29999999997017,effect_15-20
3101,1545,Other,ILA5,0,0.0,0,0.0,21,0.0,271.29999999997017,effect_15-20
3102,1550,Other,ILA5,0,0.0,0,0.0,79,0.0,271.29999999997017,effect_15-20
3103,1553,Other,PL5,29,0.1068927386656955,92,3.1724137931034484,623,0.1476725521669342,271.29999999997017,effect_15-20
3104,1556,Other,PL5,0,0.0,0,0.0,1016,0.0,271.29999999997017,effect_15-20
3105,1563,Other,PL5,1,0.003685956505713638,4,4.0,242,0.01652892561983471,271.29999999997017,effect_15-20
3106,1566,Other,PL6a,0,0.0,0,0.0,39,0.0,271.29999999997017,effect_15-20
3107,1570,Other,PL6a,1,0.003685956505713638,3,3.0,51,0.058823529411764705,271.29999999997017,effect_15-20
3108,1573,Other,PL6a,1,0.003685956505713638,3,3.0,114,0.02631578947368421,271.29999999997017,effect_15-20
3109,1582,Other,PL6a,0,0.0,0,0.0,1,0.0,271.29999999997017,effect_15-20
3110,1589,Other,PL6a,0,0.0,0,0.0,294,0.0,271.29999999997017,effect_15-20
3111,1591,Other,PL6a,0,0.0,0,0.0,12,0.0,271.29999999997017,effect_15-20
3112,1593,Other,PL6a,12,0.04423147806856365,57,4.75,3929,0.014507508271824891,271.29999999997017,effect_15-20
3113,1594,Other,PL6a,6,0.022115739034281826,18,3.0,5846,0.003079028395484092,271.29999999997017,effect_15-20
3114,1606,Other,PL6a,0,0.0,0,0.0,54,0.0,271.29999999997017,effect_15-20
3115,1611,Other,PL6a,0,0.0,0,0.0,117,0.0,271.29999999997017,effect_15-20
3116,1615,Other,PL6a,12,0.04423147806856365,36,3.0,987,0.0364741641337386,271.29999999997017,effect_15-20
3117,1624,Other,PL6a,0,0.0,0,0.0,8,0.0,271.29999999997017,effect_15-20
3118,1627,Other,PL6a,0,0.0,0,0.0,14,0.0,271.29999999997017,effect_15-20
3119,1641,Other,PL6a,0,0.0,0,0.0,136,0.0,271.29999999997017,effect_15-20
3120,1643,Other,PL6a,0,0.0,0,0.0,3,0.0,271.29999999997017,effect_15-20
3121,1651,Other,PL5,0,0.0,0,0.0,11,0.0,271.29999999997017,effect_15-20
3122,1655,Other,PL5,0,0.0,0,0.0,458,0.0,271.29999999997017,effect_15-20
3123,1658,Other,PL5,0,0.0,0,0.0,34,0.0,271.29999999997017,effect_15-20
3124,1676,Motor,MOs5,0,0.0,0,0.0,14,0.0,271.29999999997017,effect_15-20
3125,1681,Motor,MOs5,17,0.06266126059713184,61,3.588235294117647,353,0.17280453257790368,271.29999999997017,effect_15-20
3126,1684,Motor,MOs5,15,0.05528934758570457,45,3.0,256,0.17578125,271.29999999997017,effect_15-20
3127,1685,Motor,MOs5,60,0.22115739034281828,207,3.45,593,0.3490725126475548,271.29999999997017,effect_15-20
3128,1686,Motor,MOs5,0,0.0,0,0.0,3,0.0,271.29999999997017,effect_15-20
3129,1687,Motor,MOs5,4,0.014743826022854551,12,3.0,415,0.02891566265060241,271.29999999997017,effect_15-20
3130,1690,Motor,MOs5,0,0.0,0,0.0,37,0.0,271.29999999997017,effect_15-20
3131,1697,Motor,MOs5,0,0.0,0,0.0,9,0.0,271.29999999997017,effect_15-20
3132,1699,Motor,MOs5,0,0.0,0,0.0,6,0.0,271.29999999997017,effect_15-20
3133,1713,Motor,MOs5,0,0.0,0,0.0,502,0.0,271.29999999997017,effect_15-20
3134,1738,Motor,MOs5,0,0.0,0,0.0,307,0.0,271.29999999997017,effect_15-20
3135,1747,STR,LSr,0,0.0,0,0.0,41,0.0,271.29999999997017,effect_15-20
3136,1749,STR,STR,0,0.0,0,0.0,50,0.0,271.29999999997017,effect_15-20
3137,1762,Other,ILA5,0,0.0,0,0.0,60,0.0,271.29999999997017,effect_15-20
3138,1763,Other,ILA5,0,0.0,0,0.0,27,0.0,271.29999999997017,effect_15-20
3139,1764,Other,ILA5,0,0.0,0,0.0,15,0.0,271.29999999997017,effect_15-20
3140,1768,Other,ILA5,0,0.0,0,0.0,33,0.0,271.29999999997017,effect_15-20
3141,1769,Other,ILA5,0,0.0,0,0.0,14,0.0,271.29999999997017,effect_15-20
3142,1782,Other,ILA5,0,0.0,0,0.0,17,0.0,271.29999999997017,effect_15-20
3143,1783,Other,ILA5,0,0.0,0,0.0,19,0.0,271.29999999997017,effect_15-20
3144,1785,Other,ILA5,0,0.0,0,0.0,30,0.0,271.29999999997017,effect_15-20
3145,1786,Other,ILA5,0,0.0,0,0.0,12,0.0,271.29999999997017,effect_15-20
3146,1789,Other,PL5,0,0.0,0,0.0,86,0.0,271.29999999997017,effect_15-20
3147,1796,Other,PL6a,0,0.0,0,0.0,15,0.0,271.29999999997017,effect_15-20
3148,1799,Other,PL6a,0,0.0,0,0.0,45,0.0,271.29999999997017,effect_15-20
3149,1801,Other,PL6a,0,0.0,0,0.0,5,0.0,271.29999999997017,effect_15-20
3150,1804,Other,PL6a,0,0.0,0,0.0,68,0.0,271.29999999997017,effect_15-20
3151,1806,Other,PL6a,0,0.0,0,0.0,2,0.0,271.29999999997017,effect_15-20
3152,1809,Other,PL6a,0,0.0,0,0.0,0,0.0,271.29999999997017,effect_15-20
3153,1811,Other,PL6a,0,0.0,0,0.0,21,0.0,271.29999999997017,effect_15-20
3154,1813,Other,PL6a,0,0.0,0,0.0,46,0.0,271.29999999997017,effect_15-20
3155,1815,Other,PL6a,0,0.0,0,0.0,3,0.0,271.29999999997017,effect_15-20
3156,1816,Other,PL6a,0,0.0,0,0.0,0,0.0,271.29999999997017,effect_15-20
3157,1818,Other,PL6a,0,0.0,0,0.0,18,0.0,271.29999999997017,effect_15-20
3158,1819,Other,PL6a,5,0.018429782528568188,17,3.4,220,0.07727272727272727,271.29999999997017,effect_15-20
3159,1822,Motor,MOs5,1,0.003685956505713638,3,3.0,21,0.14285714285714285,271.29999999997017,effect_15-20
3160,1826,Motor,MOs5,0,0.0,0,0.0,4,0.0,271.29999999997017,effect_15-20
3161,1827,Motor,MOs5,0,0.0,0,0.0,16,0.0,271.29999999997017,effect_15-20
3162,1828,Motor,MOs5,1,0.003685956505713638,3,3.0,28,0.10714285714285714,271.29999999997017,effect_15-20
3163,1829,Motor,MOs5,0,0.0,0,0.0,0,0.0,271.29999999997017,effect_15-20
3164,1830,Motor,MOs5,0,0.0,0,0.0,53,0.0,271.29999999997017,effect_15-20
3165,1832,Motor,MOs5,0,0.0,0,0.0,29,0.0,271.29999999997017,effect_15-20
3166,1833,Motor,MOs5,0,0.0,0,0.0,6,0.0,271.29999999997017,effect_15-20
3167,1840,STR,STR,0,0.0,0,0.0,30,0.0,271.29999999997017,effect_15-20
3168,1844,Other,ILA2/3,0,0.0,0,0.0,65,0.0,271.29999999997017,effect_15-20
3169,1848,Other,ILA5,0,0.0,0,0.0,26,0.0,271.29999999997017,effect_15-20
3170,1849,Other,ILA5,0,0.0,0,0.0,10,0.0,271.29999999997017,effect_15-20
3171,1850,Other,PL6a,0,0.0,0,0.0,0,0.0,271.29999999997017,effect_15-20
3172,1851,Other,PL6a,0,0.0,0,0.0,0,0.0,271.29999999997017,effect_15-20
3173,1852,Other,PL6a,0,0.0,0,0.0,0,0.0,271.29999999997017,effect_15-20
3174,1854,Motor,MOs5,0,0.0,0,0.0,2,0.0,271.29999999997017,effect_15-20
3175,1855,Other,ILA2/3,0,0.0,0,0.0,3,0.0,271.29999999997017,effect_15-20
3176,1856,Other,ILA5,6,0.022115739034281826,20,3.3333333333333335,178,0.11235955056179775,271.29999999997017,effect_15-20
3177,1857,Other,ILA5,0,0.0,0,0.0,15,0.0,271.29999999997017,effect_15-20
3178,1860,Other,PL6a,0,0.0,0,0.0,4,0.0,271.29999999997017,effect_15-20
3179,1862,Motor,MOs5,0,0.0,0,0.0,5,0.0,271.29999999997017,effect_15-20
3180,1863,Motor,MOs5,0,0.0,0,0.0,0,0.0,271.29999999997017,effect_15-20
3181,1864,Motor,MOs5,0,0.0,0,0.0,3,0.0,271.29999999997017,effect_15-20
3182,1865,Motor,MOs5,0,0.0,0,0.0,30,0.0,271.29999999997017,effect_15-20
3183,1866,Motor,MOs5,0,0.0,0,0.0,6,0.0,271.29999999997017,effect_15-20
3184,1868,Motor,MOs5,0,0.0,0,0.0,176,0.0,271.29999999997017,effect_15-20
3185,1872,Motor,MOs5,0,0.0,0,0.0,11,0.0,271.29999999997017,effect_15-20
3186,3,Other,AMd,55,0.20377917747316182,192,3.4909090909090907,1795,0.10696378830083565,269.8999999999687,effect_20-25
3187,4,Other,AMd,87,0.32234160800300143,299,3.4367816091954024,1334,0.22413793103448276,269.8999999999687,effect_20-25
3188,9,Other,AMd,62,0.22971470915156422,214,3.4516129032258065,1173,0.1824381926683717,269.8999999999687,effect_20-25
3189,10,Other,AMd,122,0.4520192663950135,415,3.401639344262295,842,0.49287410926365793,269.8999999999687,effect_20-25
3190,12,Other,AMd,159,0.5891070766951405,582,3.660377358490566,2549,0.22832483326794822,269.8999999999687,effect_20-25
3191,13,Other,AMd,47,0.17413856984070192,163,3.4680851063829787,2440,0.06680327868852459,269.8999999999687,effect_20-25
3192,14,Other,AMd,107,0.3964431270841512,374,3.4953271028037385,1236,0.30258899676375406,269.8999999999687,effect_20-25
3193,16,Other,AMd,70,0.2593553167840241,239,3.414285714285714,950,0.25157894736842107,269.8999999999687,effect_20-25
3194,20,Other,AMd,115,0.4260837347166111,395,3.4347826086956523,1352,0.2921597633136095,269.8999999999687,effect_20-25
3195,21,Other,AMd,196,0.7261948869952676,763,3.892857142857143,1655,0.4610271903323263,269.8999999999687,effect_20-25
3196,23,Other,AMd,29,0.10744720266766714,94,3.2413793103448274,2372,0.03962900505902192,269.8999999999687,effect_20-25
3197,24,Other,AMd,81,0.3001111522786565,267,3.2962962962962963,1796,0.14866369710467706,269.8999999999687,effect_20-25
3198,26,Other,AMd,167,0.6187476843276004,636,3.808383233532934,1600,0.3975,269.8999999999687,effect_20-25
3199,28,Other,AMd,109,0.40385327899226614,368,3.376146788990826,836,0.44019138755980863,269.8999999999687,effect_20-25
3200,29,Other,AMd,90,0.3334568358651739,288,3.2,1062,0.2711864406779661,269.8999999999687,effect_20-25
3201,30,Other,AMd,129,0.4779547980734159,508,3.937984496124031,1176,0.43197278911564624,269.8999999999687,effect_20-25
3202,33,Other,AMd,60,0.22230455724344925,190,3.1666666666666665,1234,0.1539708265802269,269.8999999999687,effect_20-25
3203,34,Other,AMd,81,0.3001111522786565,294,3.6296296296296298,1149,0.2558746736292428,269.8999999999687,effect_20-25
3204,36,Other,AMd,66,0.24453501296779417,236,3.5757575757575757,2360,0.1,269.8999999999687,effect_20-25
3205,38,Other,AMd,30,0.11115227862172462,106,3.533333333333333,1345,0.07881040892193308,269.8999999999687,effect_20-25
3206,42,Other,AMd,26,0.09633197480549469,90,3.4615384615384617,1368,0.06578947368421052,269.8999999999687,effect_20-25
3207,44,Other,AMd,131,0.4853649499815309,451,3.4427480916030535,1580,0.28544303797468357,269.8999999999687,effect_20-25
3208,45,Other,AMd,136,0.5038903297518184,481,3.536764705882353,1653,0.2909860859044162,269.8999999999687,effect_20-25
3209,46,Other,AMd,88,0.32604668395705894,313,3.5568181818181817,1409,0.22214336408800567,269.8999999999687,effect_20-25
3210,48,Other,AMd,78,0.28899592441648403,266,3.41025641025641,1079,0.24652455977757182,269.8999999999687,effect_20-25
3211,49,Other,AMd,89,0.3297517599111164,317,3.561797752808989,1414,0.22418670438472418,269.8999999999687,effect_20-25
3212,54,Other,AMd,51,0.18895887365693187,163,3.196078431372549,1047,0.1556829035339064,269.8999999999687,effect_20-25
3213,58,Other,AMd,37,0.13708781030012704,120,3.2432432432432434,575,0.20869565217391303,269.8999999999687,effect_20-25
3214,61,Other,AMd,155,0.5742867728789106,550,3.5483870967741935,1778,0.3093363329583802,269.8999999999687,effect_20-25
3215,62,Other,AMd,42,0.1556131900704145,153,3.642857142857143,739,0.2070365358592693,269.8999999999687,effect_20-25
3216,63,Other,AMd,130,0.4816598740274734,448,3.4461538461538463,1490,0.3006711409395973,269.8999999999687,effect_20-25
3217,69,Other,AMd,87,0.32234160800300143,268,3.0804597701149423,684,0.391812865497076,269.8999999999687,effect_20-25
3218,74,Other,AD,158,0.5854020007410831,569,3.6012658227848102,1896,0.30010548523206754,269.8999999999687,effect_20-25
3219,97,Other,AD,8,0.0296406076324599,41,5.125,516,0.07945736434108527,269.8999999999687,effect_20-25
3220,98,Other,AD,28,0.10374212671360965,130,4.642857142857143,1461,0.08898015058179329,269.8999999999687,effect_20-25
3221,102,Other,cing,24,0.08892182289737971,123,5.125,1550,0.07935483870967742,269.8999999999687,effect_20-25
3222,103,Motor,MOp6a,10,0.03705075954057488,41,4.1,2038,0.020117762512266928,269.8999999999687,effect_20-25
3223,104,Motor,MOp6a,0,0.0,0,0.0,922,0.0,269.8999999999687,effect_20-25
3224,105,Motor,MOp6a,97,0.3593923675435763,478,4.927835051546392,2860,0.16713286713286712,269.8999999999687,effect_20-25
3225,108,Motor,MOp6a,1,0.0037050759540574875,3,3.0,2252,0.0013321492007104796,269.8999999999687,effect_20-25
3226,117,Motor,MOp6a,2,0.007410151908114975,6,3.0,1115,0.0053811659192825115,269.8999999999687,effect_20-25
3227,122,Motor,MOp5,4,0.01482030381622995,12,3.0,207,0.057971014492753624,269.8999999999687,effect_20-25
3228,124,Motor,MOp5,0,0.0,0,0.0,56,0.0,269.8999999999687,effect_20-25
3229,126,Motor,MOp5,0,0.0,0,0.0,30,0.0,269.8999999999687,effect_20-25
3230,127,Motor,MOp5,0,0.0,0,0.0,95,0.0,269.8999999999687,effect_20-25
3231,128,Motor,MOp5,0,0.0,0,0.0,679,0.0,269.8999999999687,effect_20-25
3232,131,Motor,MOp5,1,0.0037050759540574875,3,3.0,103,0.02912621359223301,269.8999999999687,effect_20-25
3233,137,Motor,MOp5,3,0.011115227862172464,10,3.3333333333333335,230,0.043478260869565216,269.8999999999687,effect_20-25
3234,139,Motor,MOp5,1,0.0037050759540574875,3,3.0,263,0.011406844106463879,269.8999999999687,effect_20-25
3235,141,Motor,MOp5,1,0.0037050759540574875,3,3.0,762,0.003937007874015748,269.8999999999687,effect_20-25
3236,145,Motor,MOp5,0,0.0,0,0.0,161,0.0,269.8999999999687,effect_20-25
3237,146,Motor,MOp5,2,0.007410151908114975,6,3.0,1597,0.003757044458359424,269.8999999999687,effect_20-25
3238,150,Motor,MOp5,0,0.0,0,0.0,263,0.0,269.8999999999687,effect_20-25
3239,151,Motor,MOp5,18,0.06669136717303478,63,3.5,2202,0.02861035422343324,269.8999999999687,effect_20-25
3240,152,Motor,MOp5,0,0.0,0,0.0,66,0.0,269.8999999999687,effect_20-25
3241,153,Motor,MOp5,0,0.0,0,0.0,14,0.0,269.8999999999687,effect_20-25
3242,154,Motor,MOp5,0,0.0,0,0.0,467,0.0,269.8999999999687,effect_20-25
3243,155,Motor,MOp5,0,0.0,0,0.0,129,0.0,269.8999999999687,effect_20-25
3244,157,Motor,MOp5,1,0.0037050759540574875,3,3.0,437,0.006864988558352402,269.8999999999687,effect_20-25
3245,161,Motor,MOp5,0,0.0,0,0.0,91,0.0,269.8999999999687,effect_20-25
3246,164,Motor,MOp2/3,0,0.0,0,0.0,62,0.0,269.8999999999687,effect_20-25
3247,167,Other,RSPagl2/3,0,0.0,0,0.0,953,0.0,269.8999999999687,effect_20-25
3248,174,Other,RSPagl2/3,0,0.0,0,0.0,90,0.0,269.8999999999687,effect_20-25
3249,178,Other,RSPagl2/3,0,0.0,0,0.0,66,0.0,269.8999999999687,effect_20-25
3250,182,Somatosensory,SSp-tr2/3,0,0.0,0,0.0,20,0.0,269.8999999999687,effect_20-25
3251,186,Somatosensory,SSp-tr2/3,10,0.03705075954057488,30,3.0,1244,0.024115755627009645,269.8999999999687,effect_20-25
3252,188,Somatosensory,SSp-tr2/3,0,0.0,0,0.0,787,0.0,269.8999999999687,effect_20-25
3253,192,Somatosensory,SSp-tr2/3,0,0.0,0,0.0,70,0.0,269.8999999999687,effect_20-25
3254,193,Somatosensory,SSp-tr2/3,0,0.0,0,0.0,479,0.0,269.8999999999687,effect_20-25
3255,197,Somatosensory,SSp-tr2/3,0,0.0,0,0.0,278,0.0,269.8999999999687,effect_20-25
3256,204,Somatosensory,SSp-tr1,0,0.0,0,0.0,37,0.0,269.8999999999687,effect_20-25
3257,205,Other,AMd,10,0.03705075954057488,36,3.6,261,0.13793103448275862,269.8999999999687,effect_20-25
3258,206,Other,AD,20,0.07410151908114976,66,3.3,1012,0.06521739130434782,269.8999999999687,effect_20-25
3259,210,Motor,MOp6a,0,0.0,0,0.0,206,0.0,269.8999999999687,effect_20-25
3260,211,Motor,MOp6a,30,0.11115227862172462,189,6.3,2996,0.0630841121495327,269.8999999999687,effect_20-25
3261,213,Motor,MOp5,0,0.0,0,0.0,43,0.0,269.8999999999687,effect_20-25
3262,216,Motor,MOp5,0,0.0,0,0.0,48,0.0,269.8999999999687,effect_20-25
3263,217,Motor,MOp5,0,0.0,0,0.0,3,0.0,269.8999999999687,effect_20-25
3264,218,Motor,MOp5,10,0.03705075954057488,34,3.4,608,0.05592105263157895,269.8999999999687,effect_20-25
3265,219,Motor,MOp5,2,0.007410151908114975,7,3.5,612,0.011437908496732025,269.8999999999687,effect_20-25
3266,221,Motor,MOp5,0,0.0,0,0.0,175,0.0,269.8999999999687,effect_20-25
3267,223,Motor,MOp5,0,0.0,0,0.0,14,0.0,269.8999999999687,effect_20-25
3268,226,Motor,MOp5,0,0.0,0,0.0,116,0.0,269.8999999999687,effect_20-25
3269,227,Motor,MOp5,0,0.0,0,0.0,78,0.0,269.8999999999687,effect_20-25
3270,230,Other,RSPagl2/3,0,0.0,0,0.0,1,0.0,269.8999999999687,effect_20-25
3271,232,Somatosensory,SSp-tr2/3,0,0.0,0,0.0,128,0.0,269.8999999999687,effect_20-25
3272,233,Somatosensory,SSp-tr2/3,0,0.0,0,0.0,56,0.0,269.8999999999687,effect_20-25
3273,234,Somatosensory,SSp-tr2/3,0,0.0,0,0.0,23,0.0,269.8999999999687,effect_20-25
3274,238,Somatosensory,SSp-tr1,0,0.0,0,0.0,20,0.0,269.8999999999687,effect_20-25
3275,242,Motor,MOp2/3,0,0.0,0,0.0,56,0.0,269.8999999999687,effect_20-25
3276,243,Other,RSPagl2/3,0,0.0,0,0.0,21,0.0,269.8999999999687,effect_20-25
3277,244,Somatosensory,SSp-tr1,0,0.0,0,0.0,28,0.0,269.8999999999687,effect_20-25
3278,247,Motor,MOp5,0,0.0,0,0.0,327,0.0,269.8999999999687,effect_20-25
3279,248,Motor,MOp2/3,0,0.0,0,0.0,31,0.0,269.8999999999687,effect_20-25
3280,249,Somatosensory,SSp-tr2/3,0,0.0,0,0.0,34,0.0,269.8999999999687,effect_20-25
3281,250,Somatosensory,SSp-tr1,0,0.0,0,0.0,28,0.0,269.8999999999687,effect_20-25
3282,252,Other,SPFp,0,0.0,0,0.0,78,0.0,269.8999999999687,effect_20-25
3283,266,Other,SPFp,91,0.3371619118192314,325,3.5714285714285716,645,0.5038759689922481,269.8999999999687,effect_20-25
3284,272,Other,PoT,182,0.6743238236384628,605,3.3241758241758244,932,0.6491416309012875,269.8999999999687,effect_20-25
3285,279,Other,PoT,1,0.0037050759540574875,4,4.0,93,0.043010752688172046,269.8999999999687,effect_20-25
3286,281,Other,PoT,0,0.0,0,0.0,66,0.0,269.8999999999687,effect_20-25
3287,286,Other,PoT,53,0.19636902556504685,228,4.30188679245283,258,0.8837209302325582,269.8999999999687,effect_20-25
3288,291,Other,PoT,83,0.3075213041867715,337,4.0602409638554215,957,0.35214211076280044,269.8999999999687,effect_20-25
3289,292,Other,PoT,109,0.40385327899226614,408,3.743119266055046,765,0.5333333333333333,269.8999999999687,effect_20-25
3290,296,Other,PoT,96,0.35568729158951884,363,3.78125,660,0.55,269.8999999999687,effect_20-25
3291,298,Other,PoT,147,0.5446461652464507,535,3.639455782312925,1076,0.4972118959107807,269.8999999999687,effect_20-25
3292,299,Other,PoT,4,0.01482030381622995,14,3.5,356,0.03932584269662921,269.8999999999687,effect_20-25
3293,302,Other,PoT,26,0.09633197480549469,86,3.3076923076923075,195,0.441025641025641,269.8999999999687,effect_20-25
3294,304,Other,PoT,15,0.05557613931086231,48,3.2,188,0.2553191489361702,269.8999999999687,effect_20-25
3295,306,Other,PoT,64,0.2371248610596792,223,3.484375,372,0.5994623655913979,269.8999999999687,effect_20-25
3296,307,Other,PoT,55,0.20377917747316182,211,3.8363636363636364,353,0.5977337110481586,269.8999999999687,effect_20-25
3297,310,Other,PoT,0,0.0,0,0.0,2,0.0,269.8999999999687,effect_20-25
3298,316,Other,PoT,33,0.12226750648389709,112,3.393939393939394,930,0.12043010752688173,269.8999999999687,effect_20-25
3299,317,Other,PoT,94,0.34827713968140384,371,3.9468085106382977,1358,0.27319587628865977,269.8999999999687,effect_20-25
3300,321,Other,PoT,72,0.26676546869213913,246,3.4166666666666665,678,0.36283185840707965,269.8999999999687,effect_20-25
3301,325,Other,PoT,101,0.37421267135980624,354,3.504950495049505,1540,0.22987012987012986,269.8999999999687,effect_20-25
3302,328,Other,PoT,0,0.0,0,0.0,44,0.0,269.8999999999687,effect_20-25
3303,330,Other,PoT,21,0.07780659503520725,80,3.8095238095238093,1702,0.04700352526439483,269.8999999999687,effect_20-25
3304,331,Other,PoT,187,0.6928492034087502,792,4.235294117647059,2775,0.28540540540540543,269.8999999999687,effect_20-25
3305,333,Other,PoT,30,0.11115227862172462,109,3.6333333333333333,990,0.1101010101010101,269.8999999999687,effect_20-25
3306,334,Other,PoT,94,0.34827713968140384,365,3.882978723404255,2057,0.17744287797763733,269.8999999999687,effect_20-25
3307,338,Other,PoT,21,0.07780659503520725,74,3.5238095238095237,1354,0.05465288035450517,269.8999999999687,effect_20-25
3308,340,Other,PoT,32,0.1185624305298396,115,3.59375,708,0.16242937853107345,269.8999999999687,effect_20-25
3309,341,Other,PoT,4,0.01482030381622995,12,3.0,220,0.05454545454545454,269.8999999999687,effect_20-25
3310,344,Other,PoT,22,0.08151167098926473,80,3.6363636363636362,1136,0.07042253521126761,269.8999999999687,effect_20-25
3311,347,Other,PoT,12,0.044460911448689855,41,3.4166666666666665,1819,0.022539857064321055,269.8999999999687,effect_20-25
3312,350,Other,PoT,14,0.051871063356804824,58,4.142857142857143,311,0.1864951768488746,269.8999999999687,effect_20-25
3313,352,Other,PoT,0,0.0,0,0.0,353,0.0,269.8999999999687,effect_20-25
3314,355,Other,PoT,34,0.1259725824379546,134,3.9411764705882355,230,0.5826086956521739,269.8999999999687,effect_20-25
3315,361,Other,PoT,26,0.09633197480549469,121,4.653846153846154,1010,0.1198019801980198,269.8999999999687,effect_20-25
3316,362,Other,PoT,111,0.41126343090038114,431,3.8828828828828827,1660,0.2596385542168675,269.8999999999687,effect_20-25
3317,367,Other,PoT,6,0.022230455724344927,23,3.8333333333333335,254,0.09055118110236221,269.8999999999687,effect_20-25
3318,368,Other,PoT,22,0.08151167098926473,86,3.909090909090909,199,0.4321608040201005,269.8999999999687,effect_20-25
3319,369,Other,PoT,125,0.46313449425718595,489,3.912,1980,0.24696969696969698,269.8999999999687,effect_20-25
3320,372,Other,PoT,1,0.0037050759540574875,4,4.0,527,0.007590132827324478,269.8999999999687,effect_20-25
3321,381,Other,PoT,25,0.0926268988514372,86,3.44,409,0.21026894865525672,269.8999999999687,effect_20-25
3322,382,Other,PoT,84,0.311226380140829,308,3.6666666666666665,961,0.32049947970863685,269.8999999999687,effect_20-25
3323,385,Other,PoT,119,0.44090403853284105,494,4.151260504201681,1134,0.43562610229276894,269.8999999999687,effect_20-25
3324,388,Other,PoT,100,0.3705075954057488,425,4.25,8251,0.05150890801115016,269.8999999999687,effect_20-25
3325,392,Other,PoT,127,0.47054464616530095,471,3.7086614173228347,1125,0.4186666666666667,269.8999999999687,effect_20-25
3326,394,Other,PoT,59,0.21859948128939177,218,3.694915254237288,1344,0.16220238095238096,269.8999999999687,effect_20-25
3327,396,Other,PoT,0,0.0,0,0.0,47,0.0,269.8999999999687,effect_20-25
3328,404,Other,PoT,161,0.5965172286032555,702,4.3602484472049685,1219,0.5758818703855619,269.8999999999687,effect_20-25
3329,405,Other,PoT,67,0.24824008892185168,281,4.1940298507462686,667,0.42128935532233885,269.8999999999687,effect_20-25
3330,406,Other,PoT,70,0.2593553167840241,261,3.7285714285714286,1817,0.14364336818932305,269.8999999999687,effect_20-25
3331,408,Other,PoT,191,0.7076695072249801,806,4.219895287958115,1338,0.6023916292974589,269.8999999999687,effect_20-25
3332,412,Other,PoT,41,0.151908114116357,157,3.8292682926829267,789,0.19898605830164764,269.8999999999687,effect_20-25
3333,414,Other,PoT,6,0.022230455724344927,22,3.6666666666666665,93,0.23655913978494625,269.8999999999687,effect_20-25
3334,415,Other,PoT,82,0.303816228232714,318,3.8780487804878048,793,0.4010088272383354,269.8999999999687,effect_20-25
3335,417,Other,PoT,98,0.3630974434976338,371,3.7857142857142856,746,0.4973190348525469,269.8999999999687,effect_20-25
3336,418,Other,PoT,18,0.06669136717303478,65,3.611111111111111,231,0.2813852813852814,269.8999999999687,effect_20-25
3337,419,Other,PoT,65,0.2408299370137367,231,3.5538461538461537,608,0.37993421052631576,269.8999999999687,effect_20-25
3338,421,Other,PoT,183,0.6780288995925202,696,3.80327868852459,1842,0.3778501628664495,269.8999999999687,effect_20-25
3339,422,Other,PoT,65,0.2408299370137367,254,3.9076923076923076,483,0.525879917184265,269.8999999999687,effect_20-25
3340,425,Other,PoT,49,0.1815487217488169,197,4.020408163265306,277,0.7111913357400722,269.8999999999687,effect_20-25
3341,428,Other,PoT,47,0.17413856984070192,181,3.851063829787234,3243,0.05581251927227875,269.8999999999687,effect_20-25
3342,429,Other,PoT,100,0.3705075954057488,407,4.07,678,0.6002949852507374,269.8999999999687,effect_20-25
3343,430,Other,PoT,90,0.3334568358651739,356,3.9555555555555557,1126,0.31616341030195383,269.8999999999687,effect_20-25
3344,433,Other,PoT,67,0.24824008892185168,286,4.268656716417911,572,0.5,269.8999999999687,effect_20-25
3345,434,Other,PoT,65,0.2408299370137367,244,3.753846153846154,528,0.4621212121212121,269.8999999999687,effect_20-25
3346,435,Other,PoT,34,0.1259725824379546,132,3.8823529411764706,181,0.7292817679558011,269.8999999999687,effect_20-25
3347,437,Other,PoT,82,0.303816228232714,339,4.134146341463414,716,0.473463687150838,269.8999999999687,effect_20-25
3348,438,Other,PoT,37,0.13708781030012704,160,4.324324324324325,252,0.6349206349206349,269.8999999999687,effect_20-25
3349,440,Other,SGN,59,0.21859948128939177,228,3.864406779661017,377,0.6047745358090185,269.8999999999687,effect_20-25
3350,443,Other,PoT,100,0.3705075954057488,440,4.4,1031,0.4267701260911736,269.8999999999687,effect_20-25
3351,445,Other,SGN,120,0.4446091144868985,475,3.9583333333333335,1336,0.3555389221556886,269.8999999999687,effect_20-25
3352,446,Other,SGN,51,0.18895887365693187,213,4.176470588235294,306,0.696078431372549,269.8999999999687,effect_20-25
3353,447,Other,SGN,75,0.2778806965543116,316,4.213333333333333,389,0.8123393316195373,269.8999999999687,effect_20-25
3354,448,Other,SGN,87,0.32234160800300143,315,3.6206896551724137,810,0.3888888888888889,269.8999999999687,effect_20-25
3355,450,Other,SGN,45,0.16672841793258694,169,3.7555555555555555,286,0.5909090909090909,269.8999999999687,effect_20-25
3356,451,Other,SGN,185,0.6854390515006352,821,4.437837837837838,2468,0.3326580226904376,269.8999999999687,effect_20-25
3357,453,Other,SGN,132,0.48907002593558835,547,4.143939393939394,1399,0.3909935668334525,269.8999999999687,effect_20-25
3358,457,Other,SGN,100,0.3705075954057488,367,3.67,1313,0.2795125666412795,269.8999999999687,effect_20-25
3359,458,Other,SGN,3,0.011115227862172464,9,3.0,184,0.04891304347826087,269.8999999999687,effect_20-25
3360,463,Other,SGN,39,0.14449796220824201,165,4.230769230769231,330,0.5,269.8999999999687,effect_20-25
3361,465,Other,SGN,189,0.7002593553168651,805,4.2592592592592595,1765,0.45609065155807366,269.8999999999687,effect_20-25
3362,471,Other,SGN,140,0.5187106335680483,726,5.185714285714286,898,0.8084632516703786,269.8999999999687,effect_20-25
3363,492,Other,DG-sg,0,0.0,0,0.0,4,0.0,269.8999999999687,effect_20-25
3364,495,Other,DG-sg,0,0.0,0,0.0,0,0.0,269.8999999999687,effect_20-25
3365,496,Other,DG-sg,5,0.01852537977028744,16,3.2,260,0.06153846153846154,269.8999999999687,effect_20-25
3366,498,Other,DG-sg,0,0.0,0,0.0,1,0.0,269.8999999999687,effect_20-25
3367,500,Other,DG-sg,9,0.03334568358651739,31,3.4444444444444446,238,0.13025210084033614,269.8999999999687,effect_20-25
3368,501,Other,DG-sg,9,0.03334568358651739,32,3.5555555555555554,317,0.10094637223974763,269.8999999999687,effect_20-25
3369,504,Other,DG-po,0,0.0,0,0.0,0,0.0,269.8999999999687,effect_20-25
3370,505,Other,DG-po,5,0.01852537977028744,16,3.2,212,0.07547169811320754,269.8999999999687,effect_20-25
3371,506,Other,DG-po,0,0.0,0,0.0,0,0.0,269.8999999999687,effect_20-25
3372,507,Other,DG-po,20,0.07410151908114976,67,3.35,644,0.10403726708074534,269.8999999999687,effect_20-25
3373,511,Other,DG-po,0,0.0,0,0.0,1,0.0,269.8999999999687,effect_20-25
3374,513,Other,DG-po,0,0.0,0,0.0,164,0.0,269.8999999999687,effect_20-25
3375,538,Other,ProS,0,0.0,0,0.0,476,0.0,269.8999999999687,effect_20-25
3376,543,Other,ProS,0,0.0,0,0.0,182,0.0,269.8999999999687,effect_20-25
3377,546,Other,ProS,1,0.0037050759540574875,4,4.0,359,0.011142061281337047,269.8999999999687,effect_20-25
3378,547,Other,SUB,7,0.025935531678402412,23,3.2857142857142856,542,0.042435424354243544,269.8999999999687,effect_20-25
3379,549,Other,ProS,4,0.01482030381622995,13,3.25,742,0.01752021563342318,269.8999999999687,effect_20-25
3380,550,Other,ProS,0,0.0,0,0.0,77,0.0,269.8999999999687,effect_20-25
3381,551,Other,ProS,0,0.0,0,0.0,174,0.0,269.8999999999687,effect_20-25
3382,560,Other,ProS,0,0.0,0,0.0,0,0.0,269.8999999999687,effect_20-25
3383,561,Other,ProS,4,0.01482030381622995,13,3.25,455,0.02857142857142857,269.8999999999687,effect_20-25
3384,562,Other,ProS,10,0.03705075954057488,32,3.2,833,0.03841536614645858,269.8999999999687,effect_20-25
3385,564,Other,ProS,45,0.16672841793258694,193,4.288888888888889,2143,0.09006066262249184,269.8999999999687,effect_20-25
3386,566,Other,ProS,17,0.0629862912189773,57,3.3529411764705883,215,0.2651162790697674,269.8999999999687,effect_20-25
3387,567,Other,SUB,0,0.0,0,0.0,61,0.0,269.8999999999687,effect_20-25
3388,568,Other,SUB,0,0.0,0,0.0,53,0.0,269.8999999999687,effect_20-25
3389,569,Other,SUB,33,0.12226750648389709,110,3.3333333333333335,1015,0.10837438423645321,269.8999999999687,effect_20-25
3390,570,Other,SUB,0,0.0,0,0.0,28,0.0,269.8999999999687,effect_20-25
3391,571,Other,SUB,5,0.01852537977028744,16,3.2,895,0.017877094972067038,269.8999999999687,effect_20-25
3392,573,Other,SUB,0,0.0,0,0.0,5,0.0,269.8999999999687,effect_20-25
3393,574,Other,SUB,40,0.14820303816229952,169,4.225,586,0.2883959044368601,269.8999999999687,effect_20-25
3394,576,Other,SUB,10,0.03705075954057488,32,3.2,324,0.09876543209876543,269.8999999999687,effect_20-25
3395,578,Other,SUB,25,0.0926268988514372,93,3.72,1228,0.07573289902280131,269.8999999999687,effect_20-25
3396,579,Other,SUB,29,0.10744720266766714,102,3.5172413793103448,2202,0.04632152588555858,269.8999999999687,effect_20-25
3397,580,Other,SUB,12,0.044460911448689855,39,3.25,1168,0.03339041095890411,269.8999999999687,effect_20-25
3398,582,Other,SUB,5,0.01852537977028744,20,4.0,462,0.04329004329004329,269.8999999999687,effect_20-25
3399,583,Other,SUB,34,0.1259725824379546,109,3.2058823529411766,3237,0.03367315415508187,269.8999999999687,effect_20-25
3400,584,Other,SUB,7,0.025935531678402412,24,3.4285714285714284,887,0.02705749718151071,269.8999999999687,effect_20-25
3401,587,Other,SUB,0,0.0,0,0.0,617,0.0,269.8999999999687,effect_20-25
3402,588,Other,SUB,23,0.08521674694332222,82,3.5652173913043477,727,0.11279229711141678,269.8999999999687,effect_20-25
3403,592,Other,SUB,32,0.1185624305298396,101,3.15625,1694,0.05962219598583235,269.8999999999687,effect_20-25
3404,600,Other,SUB,6,0.022230455724344927,18,3.0,1052,0.017110266159695818,269.8999999999687,effect_20-25
3405,601,Other,SUB,73,0.2704705446461966,324,4.438356164383562,1600,0.2025,269.8999999999687,effect_20-25
3406,602,Other,SUB,2,0.007410151908114975,6,3.0,752,0.007978723404255319,269.8999999999687,effect_20-25
3407,604,Other,SUB,9,0.03334568358651739,30,3.3333333333333335,863,0.03476245654692932,269.8999999999687,effect_20-25
3408,605,Other,SUB,9,0.03334568358651739,29,3.2222222222222223,1182,0.024534686971235193,269.8999999999687,effect_20-25
3409,607,Other,SUB,9,0.03334568358651739,31,3.4444444444444446,479,0.06471816283924843,269.8999999999687,effect_20-25
3410,611,Other,alv,16,0.0592812152649198,51,3.1875,852,0.05985915492957746,269.8999999999687,effect_20-25
3411,621,Other,VISp6a,25,0.0926268988514372,97,3.88,259,0.3745173745173745,269.8999999999687,effect_20-25
3412,627,Other,VISp5,1,0.0037050759540574875,3,3.0,236,0.012711864406779662,269.8999999999687,effect_20-25
3413,629,Other,VISp5,0,0.0,0,0.0,750,0.0,269.8999999999687,effect_20-25
3414,631,Other,VISp5,0,0.0,0,0.0,1146,0.0,269.8999999999687,effect_20-25
3415,632,Other,VISp5,0,0.0,0,0.0,817,0.0,269.8999999999687,effect_20-25
3416,635,Other,VISp5,13,0.04816598740274734,40,3.076923076923077,1401,0.028551034975017844,269.8999999999687,effect_20-25
3417,636,Other,VISp5,0,0.0,0,0.0,737,0.0,269.8999999999687,effect_20-25
3418,637,Other,VISp5,0,0.0,0,0.0,279,0.0,269.8999999999687,effect_20-25
3419,639,Other,VISp5,0,0.0,0,0.0,1624,0.0,269.8999999999687,effect_20-25
3420,642,Other,VISp5,1,0.0037050759540574875,3,3.0,1257,0.002386634844868735,269.8999999999687,effect_20-25
3421,645,Other,VISp5,0,0.0,0,0.0,828,0.0,269.8999999999687,effect_20-25
3422,646,Other,VISp5,0,0.0,0,0.0,1238,0.0,269.8999999999687,effect_20-25
3423,647,Other,VISp5,1,0.0037050759540574875,3,3.0,855,0.0035087719298245615,269.8999999999687,effect_20-25
3424,651,Other,VISp5,0,0.0,0,0.0,742,0.0,269.8999999999687,effect_20-25
3425,653,Other,VISp5,0,0.0,0,0.0,724,0.0,269.8999999999687,effect_20-25
3426,655,Other,VISp5,0,0.0,0,0.0,1146,0.0,269.8999999999687,effect_20-25
3427,656,Other,VISp5,0,0.0,0,0.0,816,0.0,269.8999999999687,effect_20-25
3428,663,Other,VISp5,0,0.0,0,0.0,488,0.0,269.8999999999687,effect_20-25
3429,668,Other,VISp4,0,0.0,0,0.0,565,0.0,269.8999999999687,effect_20-25
3430,669,Other,VISp4,0,0.0,0,0.0,369,0.0,269.8999999999687,effect_20-25
3431,679,Other,VISp4,0,0.0,0,0.0,429,0.0,269.8999999999687,effect_20-25
3432,681,Other,VISp4,0,0.0,0,0.0,40,0.0,269.8999999999687,effect_20-25
3433,684,Other,VISp2/3,0,0.0,0,0.0,106,0.0,269.8999999999687,effect_20-25
3434,687,Other,VISp2/3,0,0.0,0,0.0,187,0.0,269.8999999999687,effect_20-25
3435,688,Other,VISp2/3,0,0.0,0,0.0,61,0.0,269.8999999999687,effect_20-25
3436,689,Other,VISp2/3,0,0.0,0,0.0,25,0.0,269.8999999999687,effect_20-25
3437,690,Other,VISp2/3,0,0.0,0,0.0,247,0.0,269.8999999999687,effect_20-25
3438,695,Other,VISp2/3,0,0.0,0,0.0,151,0.0,269.8999999999687,effect_20-25
3439,696,Other,VISp2/3,0,0.0,0,0.0,58,0.0,269.8999999999687,effect_20-25
3440,697,Other,VISp2/3,0,0.0,0,0.0,128,0.0,269.8999999999687,effect_20-25
3441,700,Other,VISp2/3,0,0.0,0,0.0,253,0.0,269.8999999999687,effect_20-25
3442,708,Other,PoT,74,0.2741756206002541,318,4.297297297297297,382,0.8324607329842932,269.8999999999687,effect_20-25
3443,711,Other,PoT,69,0.2556502408299666,262,3.7971014492753623,424,0.6179245283018868,269.8999999999687,effect_20-25
3444,718,Other,PoT,29,0.10744720266766714,101,3.4827586206896552,167,0.6047904191616766,269.8999999999687,effect_20-25
3445,719,Other,PoT,63,0.23341978510562172,230,3.6507936507936507,716,0.32122905027932963,269.8999999999687,effect_20-25
3446,720,Other,PoT,33,0.12226750648389709,126,3.8181818181818183,540,0.23333333333333334,269.8999999999687,effect_20-25
3447,722,Other,PoT,59,0.21859948128939177,253,4.288135593220339,524,0.48282442748091603,269.8999999999687,effect_20-25
3448,724,Other,SGN,32,0.1185624305298396,136,4.25,195,0.6974358974358974,269.8999999999687,effect_20-25
3449,725,Other,SGN,77,0.2852908484624265,289,3.7532467532467533,1155,0.2502164502164502,269.8999999999687,effect_20-25
3450,726,Other,SGN,43,0.15931826602447197,194,4.511627906976744,270,0.7185185185185186,269.8999999999687,effect_20-25
3451,727,Other,SGN,31,0.11485735457578211,133,4.290322580645161,185,0.7189189189189189,269.8999999999687,effect_20-25
3452,728,Other,SGN,34,0.1259725824379546,133,3.911764705882353,343,0.3877551020408163,269.8999999999687,effect_20-25
3453,730,Thalamus,LP,7,0.025935531678402412,18,2.5714285714285716,113,0.1592920353982301,269.8999999999687,effect_20-25
3454,731,Thalamus,LP,20,0.07410151908114976,50,2.5,283,0.17667844522968199,269.8999999999687,effect_20-25
3455,734,Other,DG-sg,0,0.0,0,0.0,0,0.0,269.8999999999687,effect_20-25
3456,735,Other,DG-sg,0,0.0,0,0.0,0,0.0,269.8999999999687,effect_20-25
3457,755,Other,SUB,8,0.0296406076324599,28,3.5,305,0.09180327868852459,269.8999999999687,effect_20-25
3458,756,Other,ProS,0,0.0,0,0.0,0,0.0,269.8999999999687,effect_20-25
3459,758,Other,ProS,0,0.0,0,0.0,0,0.0,269.8999999999687,effect_20-25
3460,761,Other,SUB,60,0.22230455724344925,206,3.433333333333333,3569,0.05771924908938078,269.8999999999687,effect_20-25
3461,762,Other,SUB,1,0.0037050759540574875,3,3.0,294,0.01020408163265306,269.8999999999687,effect_20-25
3462,763,Other,SUB,0,0.0,0,0.0,14,0.0,269.8999999999687,effect_20-25
3463,764,Other,SUB,29,0.10744720266766714,101,3.4827586206896552,1440,0.07013888888888889,269.8999999999687,effect_20-25
3464,769,Other,VISp5,0,0.0,0,0.0,4,0.0,269.8999999999687,effect_20-25
3465,780,Other,VISp2/3,0,0.0,0,0.0,112,0.0,269.8999999999687,effect_20-25
3466,782,Other,VISp2/3,0,0.0,0,0.0,57,0.0,269.8999999999687,effect_20-25
3467,783,Other,VISp2/3,0,0.0,0,0.0,11,0.0,269.8999999999687,effect_20-25
3468,784,Other,VISp2/3,0,0.0,0,0.0,21,0.0,269.8999999999687,effect_20-25
3469,786,Other,VISp2/3,1,0.0037050759540574875,3,3.0,440,0.006818181818181818,269.8999999999687,effect_20-25
3470,793,Other,DG-sg,0,0.0,0,0.0,22,0.0,269.8999999999687,effect_20-25
3471,795,Other,DG-sg,0,0.0,0,0.0,0,0.0,269.8999999999687,effect_20-25
3472,796,Other,DG-sg,0,0.0,0,0.0,0,0.0,269.8999999999687,effect_20-25
3473,798,Other,ProS,0,0.0,0,0.0,0,0.0,269.8999999999687,effect_20-25
3474,799,Other,VISp2/3,0,0.0,0,0.0,28,0.0,269.8999999999687,effect_20-25
3475,806,Other,SPFp,0,0.0,0,0.0,7,0.0,269.8999999999687,effect_20-25
3476,809,Other,PoT,57,0.2111893293812768,211,3.7017543859649122,690,0.30579710144927535,269.8999999999687,effect_20-25
3477,811,Other,DG-mo,0,0.0,0,0.0,0,0.0,269.8999999999687,effect_20-25
3478,812,Other,DG-po,0,0.0,0,0.0,0,0.0,269.8999999999687,effect_20-25
3479,815,Other,ProS,0,0.0,0,0.0,0,0.0,269.8999999999687,effect_20-25
3480,816,Other,ProS,4,0.01482030381622995,12,3.0,2473,0.004852405984634048,269.8999999999687,effect_20-25
3481,818,Other,VISp5,1,0.0037050759540574875,4,4.0,221,0.01809954751131222,269.8999999999687,effect_20-25
3482,820,Other,VISp2/3,0,0.0,0,0.0,106,0.0,269.8999999999687,effect_20-25
3483,822,Other,VISp6a,0,0.0,0,0.0,2,0.0,269.8999999999687,effect_20-25
3484,823,Other,VISp2/3,0,0.0,0,0.0,42,0.0,269.8999999999687,effect_20-25
3485,824,Other,VISp2/3,0,0.0,0,0.0,18,0.0,269.8999999999687,effect_20-25
3486,825,Other,VISp2/3,0,0.0,0,0.0,67,0.0,269.8999999999687,effect_20-25
3487,826,Other,VISp2/3,0,0.0,0,0.0,9,0.0,269.8999999999687,effect_20-25
3488,827,Other,VISp2/3,0,0.0,0,0.0,6,0.0,269.8999999999687,effect_20-25
3489,831,Other,VISp2/3,0,0.0,0,0.0,51,0.0,269.8999999999687,effect_20-25
3490,843,Other,int,0,0.0,0,0.0,14,0.0,269.8999999999687,effect_20-25
3491,845,Other,int,2,0.007410151908114975,6,3.0,1916,0.003131524008350731,269.8999999999687,effect_20-25
3492,851,Other,int,0,0.0,0,0.0,6,0.0,269.8999999999687,effect_20-25
3493,859,Other,int,8,0.0296406076324599,31,3.875,1160,0.026724137931034484,269.8999999999687,effect_20-25
3494,865,Other,int,0,0.0,0,0.0,453,0.0,269.8999999999687,effect_20-25
3495,868,Other,int,0,0.0,0,0.0,217,0.0,269.8999999999687,effect_20-25
3496,873,Other,int,0,0.0,0,0.0,295,0.0,269.8999999999687,effect_20-25
3497,892,Other,int,0,0.0,0,0.0,222,0.0,269.8999999999687,effect_20-25
3498,900,Other,int,0,0.0,0,0.0,1332,0.0,269.8999999999687,effect_20-25
3499,904,Other,int,11,0.04075583549463237,43,3.909090909090909,1888,0.022775423728813558,269.8999999999687,effect_20-25
3500,913,Other,int,20,0.07410151908114976,64,3.2,217,0.29493087557603687,269.8999999999687,effect_20-25
3501,914,Other,int,0,0.0,0,0.0,422,0.0,269.8999999999687,effect_20-25
3502,932,Other,int,18,0.06669136717303478,54,3.0,308,0.17532467532467533,269.8999999999687,effect_20-25
3503,938,Other,int,66,0.24453501296779417,245,3.712121212121212,882,0.2777777777777778,269.8999999999687,effect_20-25
3504,950,Other,int,6,0.022230455724344927,25,4.166666666666667,1306,0.01914241960183767,269.8999999999687,effect_20-25
3505,962,STR,STR,2,0.007410151908114975,7,3.5,2454,0.0028524857375713123,269.8999999999687,effect_20-25
3506,964,STR,STR,105,0.3890329751760362,480,4.571428571428571,1669,0.28759736369083283,269.8999999999687,effect_20-25
3507,965,STR,STR,4,0.01482030381622995,13,3.25,81,0.16049382716049382,269.8999999999687,effect_20-25
3508,967,Other,int,9,0.03334568358651739,31,3.4444444444444446,831,0.03730445246690734,269.8999999999687,effect_20-25
3509,969,STR,STR,4,0.01482030381622995,18,4.5,2369,0.007598142676234698,269.8999999999687,effect_20-25
3510,970,Other,int,2,0.007410151908114975,6,3.0,115,0.05217391304347826,269.8999999999687,effect_20-25
3511,972,STR,STR,0,0.0,0,0.0,10,0.0,269.8999999999687,effect_20-25
3512,976,STR,STR,2,0.007410151908114975,6,3.0,551,0.010889292196007259,269.8999999999687,effect_20-25
3513,980,STR,CP,0,0.0,0,0.0,43,0.0,269.8999999999687,effect_20-25
3514,982,STR,CP,3,0.011115227862172464,10,3.3333333333333335,666,0.015015015015015015,269.8999999999687,effect_20-25
3515,984,STR,CP,0,0.0,0,0.0,1449,0.0,269.8999999999687,effect_20-25
3516,986,STR,CP,10,0.03705075954057488,33,3.3,3777,0.008737092930897538,269.8999999999687,effect_20-25
3517,988,STR,CP,315,1.1670989255281086,1106,3.511111111111111,1966,0.5625635808748728,269.8999999999687,effect_20-25
3518,989,STR,CP,0,0.0,0,0.0,37,0.0,269.8999999999687,effect_20-25
3519,990,STR,CP,0,0.0,0,0.0,650,0.0,269.8999999999687,effect_20-25
3520,993,STR,CP,2,0.007410151908114975,7,3.5,1771,0.003952569169960474,269.8999999999687,effect_20-25
3521,997,STR,CP,4,0.01482030381622995,17,4.25,1794,0.00947603121516165,269.8999999999687,effect_20-25
3522,1001,STR,CP,0,0.0,0,0.0,12,0.0,269.8999999999687,effect_20-25
3523,1008,STR,CP,58,0.21489440533533427,254,4.379310344827586,3970,0.06397984886649874,269.8999999999687,effect_20-25
3524,1009,STR,CP,72,0.26676546869213913,231,3.2083333333333335,1790,0.12905027932960894,269.8999999999687,effect_20-25
3525,1013,STR,CP,72,0.26676546869213913,297,4.125,415,0.7156626506024096,269.8999999999687,effect_20-25
3526,1014,STR,CP,0,0.0,0,0.0,96,0.0,269.8999999999687,effect_20-25
3527,1021,STR,CP,22,0.08151167098926473,79,3.590909090909091,1032,0.07655038759689922,269.8999999999687,effect_20-25
3528,1027,STR,CP,6,0.022230455724344927,19,3.1666666666666665,1006,0.018886679920477135,269.8999999999687,effect_20-25
3529,1028,STR,CP,5,0.01852537977028744,30,6.0,2556,0.011737089201877934,269.8999999999687,effect_20-25
3530,1033,STR,CP,293,1.0855872545388439,1138,3.8839590443686007,2281,0.498903989478299,269.8999999999687,effect_20-25
3531,1038,STR,CP,20,0.07410151908114976,77,3.85,485,0.15876288659793814,269.8999999999687,effect_20-25
3532,1040,STR,CP,11,0.04075583549463237,40,3.6363636363636362,1274,0.03139717425431711,269.8999999999687,effect_20-25
3533,1045,STR,CP,26,0.09633197480549469,130,5.0,2222,0.05850585058505851,269.8999999999687,effect_20-25
3534,1048,STR,CP,4,0.01482030381622995,13,3.25,1086,0.011970534069981584,269.8999999999687,effect_20-25
3535,1065,STR,CP,0,0.0,0,0.0,319,0.0,269.8999999999687,effect_20-25
3536,1066,STR,CP,0,0.0,0,0.0,1690,0.0,269.8999999999687,effect_20-25
3537,1068,STR,CP,1,0.0037050759540574875,3,3.0,674,0.004451038575667656,269.8999999999687,effect_20-25
3538,1069,STR,CP,6,0.022230455724344927,24,4.0,1952,0.012295081967213115,269.8999999999687,effect_20-25
3539,1073,STR,CP,0,0.0,0,0.0,24,0.0,269.8999999999687,effect_20-25
3540,1096,Somatosensory,SSp-bfd6a,2,0.007410151908114975,8,4.0,644,0.012422360248447204,269.8999999999687,effect_20-25
3541,1106,Somatosensory,SSp-bfd6a,41,0.151908114116357,182,4.439024390243903,947,0.1921858500527983,269.8999999999687,effect_20-25
3542,1108,Somatosensory,SSp-bfd6a,2,0.007410151908114975,6,3.0,552,0.010869565217391304,269.8999999999687,effect_20-25
3543,1110,Somatosensory,SSp-bfd6a,11,0.04075583549463237,40,3.6363636363636362,948,0.04219409282700422,269.8999999999687,effect_20-25
3544,1111,Somatosensory,SSp-bfd6a,2,0.007410151908114975,7,3.5,441,0.015873015873015872,269.8999999999687,effect_20-25
3545,1113,Somatosensory,SSp-bfd6a,11,0.04075583549463237,43,3.909090909090909,2514,0.017104216388225936,269.8999999999687,effect_20-25
3546,1114,Somatosensory,SSp-bfd6a,2,0.007410151908114975,6,3.0,306,0.0196078431372549,269.8999999999687,effect_20-25
3547,1115,Somatosensory,SSp-bfd6a,0,0.0,0,0.0,27,0.0,269.8999999999687,effect_20-25
3548,1117,Somatosensory,SSp-bfd6a,0,0.0,0,0.0,81,0.0,269.8999999999687,effect_20-25
3549,1118,Somatosensory,SSp-bfd6a,0,0.0,0,0.0,205,0.0,269.8999999999687,effect_20-25
3550,1119,Somatosensory,SSp-bfd6a,0,0.0,0,0.0,421,0.0,269.8999999999687,effect_20-25
3551,1126,Somatosensory,SSp-bfd6a,52,0.19266394961098937,245,4.711538461538462,2345,0.1044776119402985,269.8999999999687,effect_20-25
3552,1128,Somatosensory,SSp-bfd6a,1,0.0037050759540574875,3,3.0,444,0.006756756756756757,269.8999999999687,effect_20-25
3553,1130,Somatosensory,SSp-bfd6a,0,0.0,0,0.0,65,0.0,269.8999999999687,effect_20-25
3554,1133,Somatosensory,SSp-bfd6a,23,0.08521674694332222,87,3.782608695652174,2097,0.04148783977110158,269.8999999999687,effect_20-25
3555,1138,Somatosensory,SSp-bfd5,0,0.0,0,0.0,533,0.0,269.8999999999687,effect_20-25
3556,1142,Somatosensory,SSp-bfd5,0,0.0,0,0.0,786,0.0,269.8999999999687,effect_20-25
3557,1151,Somatosensory,SSp-bfd5,1,0.0037050759540574875,4,4.0,297,0.013468013468013467,269.8999999999687,effect_20-25
3558,1154,Somatosensory,SSp-bfd5,0,0.0,0,0.0,2558,0.0,269.8999999999687,effect_20-25
3559,1160,Somatosensory,SSp-bfd5,1,0.0037050759540574875,4,4.0,31,0.12903225806451613,269.8999999999687,effect_20-25
3560,1180,Somatosensory,SSp-bfd5,0,0.0,0,0.0,188,0.0,269.8999999999687,effect_20-25
3561,1191,Somatosensory,SSp-bfd4,0,0.0,0,0.0,328,0.0,269.8999999999687,effect_20-25
3562,1192,Somatosensory,SSp-bfd4,0,0.0,0,0.0,0,0.0,269.8999999999687,effect_20-25
3563,1194,Somatosensory,SSp-bfd5,0,0.0,0,0.0,256,0.0,269.8999999999687,effect_20-25
3564,1198,Somatosensory,SSp-bfd4,1,0.0037050759540574875,3,3.0,292,0.010273972602739725,269.8999999999687,effect_20-25
3565,1201,Somatosensory,SSp-bfd4,8,0.0296406076324599,41,5.125,648,0.06327160493827161,269.8999999999687,effect_20-25
3566,1209,Somatosensory,SSp-bfd4,0,0.0,0,0.0,2,0.0,269.8999999999687,effect_20-25
3567,1210,Somatosensory,SSp-bfd4,0,0.0,0,0.0,1154,0.0,269.8999999999687,effect_20-25
3568,1212,Somatosensory,SSp-bfd4,0,0.0,0,0.0,602,0.0,269.8999999999687,effect_20-25
3569,1215,Somatosensory,SSp-bfd4,0,0.0,0,0.0,43,0.0,269.8999999999687,effect_20-25
3570,1219,Somatosensory,SSp-bfd4,0,0.0,0,0.0,0,0.0,269.8999999999687,effect_20-25
3571,1220,Somatosensory,SSp-bfd4,0,0.0,0,0.0,19,0.0,269.8999999999687,effect_20-25
3572,1222,Somatosensory,SSp-bfd4,1,0.0037050759540574875,3,3.0,734,0.004087193460490463,269.8999999999687,effect_20-25
3573,1223,Somatosensory,SSp-bfd4,2,0.007410151908114975,7,3.5,94,0.07446808510638298,269.8999999999687,effect_20-25
3574,1227,Somatosensory,SSp-bfd4,1,0.0037050759540574875,3,3.0,150,0.02,269.8999999999687,effect_20-25
3575,1230,Somatosensory,SSp-bfd4,1,0.0037050759540574875,3,3.0,1213,0.00247320692497939,269.8999999999687,effect_20-25
3576,1234,Somatosensory,SSp-bfd4,0,0.0,0,0.0,0,0.0,269.8999999999687,effect_20-25
3577,1235,Somatosensory,SSp-bfd4,1,0.0037050759540574875,3,3.0,481,0.006237006237006237,269.8999999999687,effect_20-25
3578,1236,Somatosensory,SSp-bfd4,0,0.0,0,0.0,0,0.0,269.8999999999687,effect_20-25
3579,1239,Somatosensory,SSp-bfd4,0,0.0,0,0.0,143,0.0,269.8999999999687,effect_20-25
3580,1244,Somatosensory,SSp-bfd4,0,0.0,0,0.0,130,0.0,269.8999999999687,effect_20-25
3581,1245,Somatosensory,SSp-bfd4,0,0.0,0,0.0,314,0.0,269.8999999999687,effect_20-25
3582,1247,Somatosensory,SSp-bfd4,0,0.0,0,0.0,380,0.0,269.8999999999687,effect_20-25
3583,1248,Somatosensory,SSp-bfd4,0,0.0,0,0.0,335,0.0,269.8999999999687,effect_20-25
3584,1254,Somatosensory,SSp-bfd2/3,21,0.07780659503520725,88,4.190476190476191,176,0.5,269.8999999999687,effect_20-25
3585,1257,Somatosensory,SSp-bfd2/3,71,0.2630603927380816,230,3.23943661971831,2669,0.086174597227426,269.8999999999687,effect_20-25
3586,1258,Somatosensory,SSp-bfd4,0,0.0,0,0.0,1,0.0,269.8999999999687,effect_20-25
3587,1265,Somatosensory,SSp-bfd2/3,0,0.0,0,0.0,79,0.0,269.8999999999687,effect_20-25
3588,1267,Somatosensory,SSp-bfd2/3,6,0.022230455724344927,19,3.1666666666666665,407,0.04668304668304668,269.8999999999687,effect_20-25
3589,1286,Somatosensory,SSp-bfd2/3,1,0.0037050759540574875,3,3.0,56,0.05357142857142857,269.8999999999687,effect_20-25
3590,1318,STR,CP,0,0.0,0,0.0,12,0.0,269.8999999999687,effect_20-25
3591,1319,STR,CP,0,0.0,0,0.0,0,0.0,269.8999999999687,effect_20-25
3592,1321,STR,CP,0,0.0,0,0.0,0,0.0,269.8999999999687,effect_20-25
3593,1331,STR,CP,0,0.0,0,0.0,17,0.0,269.8999999999687,effect_20-25
3594,1337,Somatosensory,SSp-bfd6a,11,0.04075583549463237,42,3.8181818181818183,125,0.336,269.8999999999687,effect_20-25
3595,1350,Somatosensory,SSp-bfd5,0,0.0,0,0.0,1,0.0,269.8999999999687,effect_20-25
3596,1354,Somatosensory,SSp-bfd5,0,0.0,0,0.0,40,0.0,269.8999999999687,effect_20-25
3597,1357,Somatosensory,SSp-bfd5,0,0.0,0,0.0,22,0.0,269.8999999999687,effect_20-25
3598,1369,Somatosensory,SSp-bfd2/3,0,0.0,0,0.0,0,0.0,269.8999999999687,effect_20-25
3599,1370,Somatosensory,SSp-bfd4,0,0.0,0,0.0,0,0.0,269.8999999999687,effect_20-25
3600,1372,Somatosensory,SSp-bfd2/3,0,0.0,0,0.0,0,0.0,269.8999999999687,effect_20-25
3601,1373,Somatosensory,SSp-bfd2/3,1,0.0037050759540574875,3,3.0,13,0.23076923076923078,269.8999999999687,effect_20-25
3602,1374,Somatosensory,SSp-bfd4,0,0.0,0,0.0,7,0.0,269.8999999999687,effect_20-25
3603,1386,Somatosensory,SSp-bfd2/3,0,0.0,0,0.0,0,0.0,269.8999999999687,effect_20-25
3604,1405,Somatosensory,SSp-bfd5,0,0.0,0,0.0,0,0.0,269.8999999999687,effect_20-25
3605,1407,Somatosensory,SSp-bfd4,0,0.0,0,0.0,0,0.0,269.8999999999687,effect_20-25
3606,1414,Other,int,33,0.12226750648389709,123,3.727272727272727,261,0.47126436781609193,269.8999999999687,effect_20-25
3607,1418,Somatosensory,SSp-bfd6a,0,0.0,0,0.0,11,0.0,269.8999999999687,effect_20-25
3608,1420,Somatosensory,SSp-bfd5,0,0.0,0,0.0,0,0.0,269.8999999999687,effect_20-25
3609,1426,STR,STR,0,0.0,0,0.0,19,0.0,269.8999999999687,effect_20-25
3610,1428,Somatosensory,SSp-bfd2/3,0,0.0,0,0.0,3,0.0,269.8999999999687,effect_20-25
3611,1430,STR,STR,0,0.0,0,0.0,42,0.0,269.8999999999687,effect_20-25
3612,1432,STR,STR,1,0.0037050759540574875,3,3.0,13,0.23076923076923078,269.8999999999687,effect_20-25
3613,1435,Other,DP,1,0.0037050759540574875,4,4.0,2468,0.0016207455429497568,269.8999999999687,effect_20-25
3614,1443,Other,ILA2/3,0,0.0,0,0.0,81,0.0,269.8999999999687,effect_20-25
3615,1445,Other,ILA2/3,0,0.0,0,0.0,52,0.0,269.8999999999687,effect_20-25
3616,1446,Other,ILA2/3,0,0.0,0,0.0,70,0.0,269.8999999999687,effect_20-25
3617,1461,Other,ILA5,1,0.0037050759540574875,4,4.0,126,0.031746031746031744,269.8999999999687,effect_20-25
3618,1464,Other,ILA5,0,0.0,0,0.0,44,0.0,269.8999999999687,effect_20-25
3619,1468,Other,ILA5,0,0.0,0,0.0,2231,0.0,269.8999999999687,effect_20-25
3620,1506,Other,ILA5,1,0.0037050759540574875,3,3.0,186,0.016129032258064516,269.8999999999687,effect_20-25
3621,1507,Other,ILA5,0,0.0,0,0.0,1,0.0,269.8999999999687,effect_20-25
3622,1509,Other,ILA5,0,0.0,0,0.0,279,0.0,269.8999999999687,effect_20-25
3623,1516,Other,ILA5,0,0.0,0,0.0,30,0.0,269.8999999999687,effect_20-25
3624,1529,Other,ILA5,0,0.0,0,0.0,256,0.0,269.8999999999687,effect_20-25
3625,1531,Other,ILA5,20,0.07410151908114976,64,3.2,194,0.32989690721649484,269.8999999999687,effect_20-25
3626,1534,Other,ILA5,0,0.0,0,0.0,37,0.0,269.8999999999687,effect_20-25
3627,1535,Other,ILA5,0,0.0,0,0.0,357,0.0,269.8999999999687,effect_20-25
3628,1537,Other,ILA5,0,0.0,0,0.0,92,0.0,269.8999999999687,effect_20-25
3629,1538,Other,ILA5,0,0.0,0,0.0,69,0.0,269.8999999999687,effect_20-25
3630,1539,Other,ILA5,0,0.0,0,0.0,192,0.0,269.8999999999687,effect_20-25
3631,1541,Other,ILA5,0,0.0,0,0.0,72,0.0,269.8999999999687,effect_20-25
3632,1545,Other,ILA5,0,0.0,0,0.0,8,0.0,269.8999999999687,effect_20-25
3633,1550,Other,ILA5,0,0.0,0,0.0,66,0.0,269.8999999999687,effect_20-25
3634,1553,Other,PL5,35,0.12967765839201206,114,3.257142857142857,732,0.1557377049180328,269.8999999999687,effect_20-25
3635,1556,Other,PL5,0,0.0,0,0.0,1323,0.0,269.8999999999687,effect_20-25
3636,1563,Other,PL5,2,0.007410151908114975,7,3.5,287,0.024390243902439025,269.8999999999687,effect_20-25
3637,1566,Other,PL6a,0,0.0,0,0.0,49,0.0,269.8999999999687,effect_20-25
3638,1570,Other,PL6a,1,0.0037050759540574875,3,3.0,88,0.03409090909090909,269.8999999999687,effect_20-25
3639,1573,Other,PL6a,0,0.0,0,0.0,104,0.0,269.8999999999687,effect_20-25
3640,1582,Other,PL6a,0,0.0,0,0.0,0,0.0,269.8999999999687,effect_20-25
3641,1589,Other,PL6a,0,0.0,0,0.0,290,0.0,269.8999999999687,effect_20-25
3642,1591,Other,PL6a,0,0.0,0,0.0,28,0.0,269.8999999999687,effect_20-25
3643,1593,Other,PL6a,12,0.044460911448689855,54,4.5,3786,0.014263074484944533,269.8999999999687,effect_20-25
3644,1594,Other,PL6a,14,0.051871063356804824,45,3.2142857142857144,6344,0.007093316519546027,269.8999999999687,effect_20-25
3645,1606,Other,PL6a,0,0.0,0,0.0,49,0.0,269.8999999999687,effect_20-25
3646,1611,Other,PL6a,0,0.0,0,0.0,105,0.0,269.8999999999687,effect_20-25
3647,1615,Other,PL6a,6,0.022230455724344927,19,3.1666666666666665,936,0.0202991452991453,269.8999999999687,effect_20-25
3648,1624,Other,PL6a,0,0.0,0,0.0,18,0.0,269.8999999999687,effect_20-25
3649,1627,Other,PL6a,0,0.0,0,0.0,12,0.0,269.8999999999687,effect_20-25
3650,1641,Other,PL6a,0,0.0,0,0.0,85,0.0,269.8999999999687,effect_20-25
3651,1643,Other,PL6a,0,0.0,0,0.0,55,0.0,269.8999999999687,effect_20-25
3652,1651,Other,PL5,0,0.0,0,0.0,4,0.0,269.8999999999687,effect_20-25
3653,1655,Other,PL5,0,0.0,0,0.0,795,0.0,269.8999999999687,effect_20-25
3654,1658,Other,PL5,0,0.0,0,0.0,56,0.0,269.8999999999687,effect_20-25
3655,1676,Motor,MOs5,1,0.0037050759540574875,3,3.0,63,0.047619047619047616,269.8999999999687,effect_20-25
3656,1681,Motor,MOs5,3,0.011115227862172464,10,3.3333333333333335,141,0.07092198581560284,269.8999999999687,effect_20-25
3657,1684,Motor,MOs5,0,0.0,0,0.0,51,0.0,269.8999999999687,effect_20-25
3658,1685,Motor,MOs5,31,0.11485735457578211,100,3.225806451612903,351,0.2849002849002849,269.8999999999687,effect_20-25
3659,1686,Motor,MOs5,0,0.0,0,0.0,1,0.0,269.8999999999687,effect_20-25
3660,1687,Motor,MOs5,23,0.08521674694332222,80,3.4782608695652173,596,0.1342281879194631,269.8999999999687,effect_20-25
3661,1690,Motor,MOs5,0,0.0,0,0.0,26,0.0,269.8999999999687,effect_20-25
3662,1697,Motor,MOs5,0,0.0,0,0.0,23,0.0,269.8999999999687,effect_20-25
3663,1699,Motor,MOs5,0,0.0,0,0.0,6,0.0,269.8999999999687,effect_20-25
3664,1713,Motor,MOs5,0,0.0,0,0.0,485,0.0,269.8999999999687,effect_20-25
3665,1738,Motor,MOs5,1,0.0037050759540574875,3,3.0,375,0.008,269.8999999999687,effect_20-25
3666,1747,STR,LSr,1,0.0037050759540574875,3,3.0,50,0.06,269.8999999999687,effect_20-25
3667,1749,STR,STR,0,0.0,0,0.0,75,0.0,269.8999999999687,effect_20-25
3668,1762,Other,ILA5,0,0.0,0,0.0,87,0.0,269.8999999999687,effect_20-25
3669,1763,Other,ILA5,0,0.0,0,0.0,39,0.0,269.8999999999687,effect_20-25
3670,1764,Other,ILA5,0,0.0,0,0.0,16,0.0,269.8999999999687,effect_20-25
3671,1768,Other,ILA5,0,0.0,0,0.0,54,0.0,269.8999999999687,effect_20-25
3672,1769,Other,ILA5,0,0.0,0,0.0,9,0.0,269.8999999999687,effect_20-25
3673,1782,Other,ILA5,0,0.0,0,0.0,15,0.0,269.8999999999687,effect_20-25
3674,1783,Other,ILA5,0,0.0,0,0.0,13,0.0,269.8999999999687,effect_20-25
3675,1785,Other,ILA5,0,0.0,0,0.0,83,0.0,269.8999999999687,effect_20-25
3676,1786,Other,ILA5,0,0.0,0,0.0,13,0.0,269.8999999999687,effect_20-25
3677,1789,Other,PL5,0,0.0,0,0.0,76,0.0,269.8999999999687,effect_20-25
3678,1796,Other,PL6a,0,0.0,0,0.0,26,0.0,269.8999999999687,effect_20-25
3679,1799,Other,PL6a,0,0.0,0,0.0,73,0.0,269.8999999999687,effect_20-25
3680,1801,Other,PL6a,0,0.0,0,0.0,15,0.0,269.8999999999687,effect_20-25
3681,1804,Other,PL6a,0,0.0,0,0.0,45,0.0,269.8999999999687,effect_20-25
3682,1806,Other,PL6a,0,0.0,0,0.0,4,0.0,269.8999999999687,effect_20-25
3683,1809,Other,PL6a,0,0.0,0,0.0,0,0.0,269.8999999999687,effect_20-25
3684,1811,Other,PL6a,0,0.0,0,0.0,17,0.0,269.8999999999687,effect_20-25
3685,1813,Other,PL6a,0,0.0,0,0.0,42,0.0,269.8999999999687,effect_20-25
3686,1815,Other,PL6a,0,0.0,0,0.0,10,0.0,269.8999999999687,effect_20-25
3687,1816,Other,PL6a,0,0.0,0,0.0,0,0.0,269.8999999999687,effect_20-25
3688,1818,Other,PL6a,0,0.0,0,0.0,12,0.0,269.8999999999687,effect_20-25
3689,1819,Other,PL6a,0,0.0,0,0.0,106,0.0,269.8999999999687,effect_20-25
3690,1822,Motor,MOs5,0,0.0,0,0.0,18,0.0,269.8999999999687,effect_20-25
3691,1826,Motor,MOs5,0,0.0,0,0.0,2,0.0,269.8999999999687,effect_20-25
3692,1827,Motor,MOs5,0,0.0,0,0.0,27,0.0,269.8999999999687,effect_20-25
3693,1828,Motor,MOs5,8,0.0296406076324599,24,3.0,75,0.32,269.8999999999687,effect_20-25
3694,1829,Motor,MOs5,0,0.0,0,0.0,7,0.0,269.8999999999687,effect_20-25
3695,1830,Motor,MOs5,0,0.0,0,0.0,62,0.0,269.8999999999687,effect_20-25
3696,1832,Motor,MOs5,0,0.0,0,0.0,44,0.0,269.8999999999687,effect_20-25
3697,1833,Motor,MOs5,0,0.0,0,0.0,34,0.0,269.8999999999687,effect_20-25
3698,1840,STR,STR,0,0.0,0,0.0,39,0.0,269.8999999999687,effect_20-25
3699,1844,Other,ILA2/3,0,0.0,0,0.0,44,0.0,269.8999999999687,effect_20-25
3700,1848,Other,ILA5,0,0.0,0,0.0,33,0.0,269.8999999999687,effect_20-25
3701,1849,Other,ILA5,0,0.0,0,0.0,7,0.0,269.8999999999687,effect_20-25
3702,1850,Other,PL6a,0,0.0,0,0.0,0,0.0,269.8999999999687,effect_20-25
3703,1851,Other,PL6a,0,0.0,0,0.0,2,0.0,269.8999999999687,effect_20-25
3704,1852,Other,PL6a,0,0.0,0,0.0,0,0.0,269.8999999999687,effect_20-25
3705,1854,Motor,MOs5,0,0.0,0,0.0,46,0.0,269.8999999999687,effect_20-25
3706,1855,Other,ILA2/3,0,0.0,0,0.0,12,0.0,269.8999999999687,effect_20-25
3707,1856,Other,ILA5,0,0.0,0,0.0,145,0.0,269.8999999999687,effect_20-25
3708,1857,Other,ILA5,0,0.0,0,0.0,24,0.0,269.8999999999687,effect_20-25
3709,1860,Other,PL6a,0,0.0,0,0.0,3,0.0,269.8999999999687,effect_20-25
3710,1862,Motor,MOs5,0,0.0,0,0.0,7,0.0,269.8999999999687,effect_20-25
3711,1863,Motor,MOs5,0,0.0,0,0.0,2,0.0,269.8999999999687,effect_20-25
3712,1864,Motor,MOs5,0,0.0,0,0.0,4,0.0,269.8999999999687,effect_20-25
3713,1865,Motor,MOs5,0,0.0,0,0.0,74,0.0,269.8999999999687,effect_20-25
3714,1866,Motor,MOs5,0,0.0,0,0.0,5,0.0,269.8999999999687,effect_20-25
3715,1868,Motor,MOs5,0,0.0,0,0.0,94,0.0,269.8999999999687,effect_20-25
3716,1872,Motor,MOs5,0,0.0,0,0.0,8,0.0,269.8999999999687,effect_20-25
3717,3,Other,AMd,56,0.20766699114636455,189,3.375,1853,0.10199676200755532,269.66249999996853,effect_25-30
3718,4,Other,AMd,87,0.32262550410238783,316,3.632183908045977,1475,0.21423728813559323,269.66249999996853,effect_25-30
3719,9,Other,AMd,68,0.2521670606777284,236,3.4705882352941178,1153,0.204683434518647,269.66249999996853,effect_25-30
3720,10,Other,AMd,110,0.4079173040375018,375,3.409090909090909,785,0.47770700636942676,269.66249999996853,effect_25-30
3721,12,Other,AMd,157,0.5822092430353435,569,3.624203821656051,2481,0.2293430068520758,269.66249999996853,effect_25-30
3722,13,Other,AMd,55,0.2039586520187509,190,3.4545454545454546,2451,0.07751937984496124,269.66249999996853,effect_25-30
3723,14,Other,AMd,113,0.4190423214203428,390,3.4513274336283186,1275,0.3058823529411765,269.66249999996853,effect_25-30
3724,16,Other,AMd,64,0.23733370416727378,232,3.625,1065,0.21784037558685446,269.66249999996853,effect_25-30
3725,20,Other,AMd,113,0.4190423214203428,381,3.3716814159292037,1477,0.25795531482735273,269.66249999996853,effect_25-30
3726,21,Other,AMd,176,0.652667686460003,655,3.721590909090909,1796,0.36469933184855235,269.66249999996853,effect_25-30
3727,23,Other,AMd,36,0.1335002085940915,120,3.3333333333333335,2433,0.04932182490752158,269.66249999996853,effect_25-30
3728,24,Other,AMd,71,0.26329207806056937,229,3.2253521126760565,1689,0.13558318531675548,269.66249999996853,effect_25-30
3729,26,Other,AMd,191,0.7082927733742077,709,3.712041884816754,1721,0.41196978500871584,269.66249999996853,effect_25-30
3730,28,Other,AMd,102,0.3782505910165926,343,3.3627450980392157,811,0.42293464858199753,269.66249999996853,effect_25-30
3731,29,Other,AMd,78,0.28925045195386495,270,3.4615384615384617,1185,0.22784810126582278,269.66249999996853,effect_25-30
3732,30,Other,AMd,135,0.5006257822278432,509,3.77037037037037,1315,0.3870722433460076,269.66249999996853,effect_25-30
3733,33,Other,AMd,47,0.17429193899784168,155,3.297872340425532,1371,0.11305616338439095,269.66249999996853,effect_25-30
3734,34,Other,AMd,77,0.2855421128262513,269,3.4935064935064934,1121,0.23996431757359502,269.66249999996853,effect_25-30
3735,36,Other,AMd,56,0.20766699114636455,205,3.6607142857142856,2389,0.08580996232733361,269.66249999996853,effect_25-30
3736,38,Other,AMd,28,0.10383349557318228,99,3.5357142857142856,1289,0.07680372381691233,269.66249999996853,effect_25-30
3737,42,Other,AMd,43,0.1594585824873871,147,3.4186046511627906,1418,0.10366713681241185,269.66249999996853,effect_25-30
3738,44,Other,AMd,110,0.4079173040375018,389,3.536363636363636,1672,0.2326555023923445,269.66249999996853,effect_25-30
3739,45,Other,AMd,140,0.5191674778659114,525,3.75,2029,0.25874815179891575,269.66249999996853,effect_25-30
3740,46,Other,AMd,93,0.3448755388680697,341,3.6666666666666665,1373,0.24836125273124546,269.66249999996853,effect_25-30
3741,48,Other,AMd,72,0.267000417188183,250,3.4722222222222223,957,0.2612330198537095,269.66249999996853,effect_25-30
3742,49,Other,AMd,78,0.28925045195386495,264,3.3846153846153846,1425,0.18526315789473685,269.66249999996853,effect_25-30
3743,54,Other,AMd,45,0.16687526074261438,146,3.2444444444444445,1011,0.1444114737883284,269.66249999996853,effect_25-30
3744,58,Other,AMd,33,0.12237519121125055,102,3.090909090909091,544,0.1875,269.66249999996853,effect_25-30
3745,61,Other,AMd,163,0.6044592778010255,568,3.4846625766871164,1783,0.31856421761076836,269.66249999996853,effect_25-30
3746,62,Other,AMd,44,0.16316692161500074,150,3.409090909090909,601,0.24958402662229617,269.66249999996853,effect_25-30
3747,63,Other,AMd,131,0.48579242571738857,456,3.480916030534351,1409,0.32363378282469835,269.66249999996853,effect_25-30
3748,69,Other,AMd,74,0.2744170954434103,228,3.081081081081081,812,0.28078817733990147,269.66249999996853,effect_25-30
3749,74,Other,AD,163,0.6044592778010255,567,3.478527607361963,1846,0.30715059588299026,269.66249999996853,effect_25-30
3750,97,Other,AD,9,0.03337505214852288,50,5.555555555555555,552,0.09057971014492754,269.66249999996853,effect_25-30
3751,98,Other,AD,18,0.06675010429704575,72,4.0,1155,0.06233766233766234,269.66249999996853,effect_25-30
3752,102,Other,cing,25,0.09270847819034132,132,5.28,1653,0.07985480943738657,269.66249999996853,effect_25-30
3753,103,Motor,MOp6a,4,0.014833356510454612,21,5.25,1963,0.010697911360163017,269.66249999996853,effect_25-30
3754,104,Motor,MOp6a,0,0.0,0,0.0,765,0.0,269.66249999996853,effect_25-30
3755,105,Motor,MOp6a,103,0.38195893014420623,553,5.368932038834951,3171,0.17439293598233996,269.66249999996853,effect_25-30
3756,108,Motor,MOp6a,0,0.0,0,0.0,2585,0.0,269.66249999996853,effect_25-30
3757,117,Motor,MOp6a,2,0.007416678255227306,6,3.0,1205,0.004979253112033195,269.66249999996853,effect_25-30
3758,122,Motor,MOp5,5,0.018541695638068265,17,3.4,275,0.06181818181818182,269.66249999996853,effect_25-30
3759,124,Motor,MOp5,0,0.0,0,0.0,24,0.0,269.66249999996853,effect_25-30
3760,126,Motor,MOp5,0,0.0,0,0.0,39,0.0,269.66249999996853,effect_25-30
3761,127,Motor,MOp5,0,0.0,0,0.0,117,0.0,269.66249999996853,effect_25-30
3762,128,Motor,MOp5,1,0.003708339127613653,3,3.0,614,0.004885993485342019,269.66249999996853,effect_25-30
3763,131,Motor,MOp5,3,0.01112501738284096,9,3.0,140,0.06428571428571428,269.66249999996853,effect_25-30
3764,137,Motor,MOp5,2,0.007416678255227306,6,3.0,218,0.027522935779816515,269.66249999996853,effect_25-30
3765,139,Motor,MOp5,2,0.007416678255227306,6,3.0,340,0.01764705882352941,269.66249999996853,effect_25-30
3766,141,Motor,MOp5,0,0.0,0,0.0,636,0.0,269.66249999996853,effect_25-30
3767,145,Motor,MOp5,0,0.0,0,0.0,162,0.0,269.66249999996853,effect_25-30
3768,146,Motor,MOp5,5,0.018541695638068265,20,4.0,1876,0.010660980810234541,269.66249999996853,effect_25-30
3769,150,Motor,MOp5,0,0.0,0,0.0,320,0.0,269.66249999996853,effect_25-30
3770,151,Motor,MOp5,41,0.15204190423215977,152,3.707317073170732,2292,0.06631762652705062,269.66249999996853,effect_25-30
3771,152,Motor,MOp5,0,0.0,0,0.0,66,0.0,269.66249999996853,effect_25-30
3772,153,Motor,MOp5,0,0.0,0,0.0,4,0.0,269.66249999996853,effect_25-30
3773,154,Motor,MOp5,0,0.0,0,0.0,554,0.0,269.66249999996853,effect_25-30
3774,155,Motor,MOp5,0,0.0,0,0.0,160,0.0,269.66249999996853,effect_25-30
3775,157,Motor,MOp5,0,0.0,0,0.0,465,0.0,269.66249999996853,effect_25-30
3776,161,Motor,MOp5,0,0.0,0,0.0,108,0.0,269.66249999996853,effect_25-30
3777,164,Motor,MOp2/3,0,0.0,0,0.0,54,0.0,269.66249999996853,effect_25-30
3778,167,Other,RSPagl2/3,0,0.0,0,0.0,1076,0.0,269.66249999996853,effect_25-30
3779,174,Other,RSPagl2/3,0,0.0,0,0.0,59,0.0,269.66249999996853,effect_25-30
3780,178,Other,RSPagl2/3,0,0.0,0,0.0,113,0.0,269.66249999996853,effect_25-30
3781,182,Somatosensory,SSp-tr2/3,0,0.0,0,0.0,19,0.0,269.66249999996853,effect_25-30
3782,186,Somatosensory,SSp-tr2/3,10,0.03708339127613653,32,3.2,1360,0.023529411764705882,269.66249999996853,effect_25-30
3783,188,Somatosensory,SSp-tr2/3,0,0.0,0,0.0,1049,0.0,269.66249999996853,effect_25-30
3784,192,Somatosensory,SSp-tr2/3,0,0.0,0,0.0,51,0.0,269.66249999996853,effect_25-30
3785,193,Somatosensory,SSp-tr2/3,0,0.0,0,0.0,660,0.0,269.66249999996853,effect_25-30
3786,197,Somatosensory,SSp-tr2/3,0,0.0,0,0.0,352,0.0,269.66249999996853,effect_25-30
3787,204,Somatosensory,SSp-tr1,0,0.0,0,0.0,17,0.0,269.66249999996853,effect_25-30
3788,205,Other,AMd,5,0.018541695638068265,18,3.6,225,0.08,269.66249999996853,effect_25-30
3789,206,Other,AD,22,0.08158346080750037,68,3.090909090909091,937,0.07257203842049093,269.66249999996853,effect_25-30
3790,210,Motor,MOp6a,0,0.0,0,0.0,128,0.0,269.66249999996853,effect_25-30
3791,211,Motor,MOp6a,39,0.14462522597693248,213,5.461538461538462,3334,0.0638872225554889,269.66249999996853,effect_25-30
3792,213,Motor,MOp5,0,0.0,0,0.0,53,0.0,269.66249999996853,effect_25-30
3793,216,Motor,MOp5,0,0.0,0,0.0,35,0.0,269.66249999996853,effect_25-30
3794,217,Motor,MOp5,0,0.0,0,0.0,10,0.0,269.66249999996853,effect_25-30
3795,218,Motor,MOp5,4,0.014833356510454612,12,3.0,616,0.01948051948051948,269.66249999996853,effect_25-30
3796,219,Motor,MOp5,5,0.018541695638068265,15,3.0,634,0.02365930599369085,269.66249999996853,effect_25-30
3797,221,Motor,MOp5,0,0.0,0,0.0,153,0.0,269.66249999996853,effect_25-30
3798,223,Motor,MOp5,0,0.0,0,0.0,28,0.0,269.66249999996853,effect_25-30
3799,226,Motor,MOp5,0,0.0,0,0.0,142,0.0,269.66249999996853,effect_25-30
3800,227,Motor,MOp5,0,0.0,0,0.0,121,0.0,269.66249999996853,effect_25-30
3801,230,Other,RSPagl2/3,0,0.0,0,0.0,2,0.0,269.66249999996853,effect_25-30
3802,232,Somatosensory,SSp-tr2/3,0,0.0,0,0.0,112,0.0,269.66249999996853,effect_25-30
3803,233,Somatosensory,SSp-tr2/3,0,0.0,0,0.0,39,0.0,269.66249999996853,effect_25-30
3804,234,Somatosensory,SSp-tr2/3,0,0.0,0,0.0,15,0.0,269.66249999996853,effect_25-30
3805,238,Somatosensory,SSp-tr1,0,0.0,0,0.0,16,0.0,269.66249999996853,effect_25-30
3806,242,Motor,MOp2/3,0,0.0,0,0.0,68,0.0,269.66249999996853,effect_25-30
3807,243,Other,RSPagl2/3,1,0.003708339127613653,4,4.0,54,0.07407407407407407,269.66249999996853,effect_25-30
3808,244,Somatosensory,SSp-tr1,0,0.0,0,0.0,42,0.0,269.66249999996853,effect_25-30
3809,247,Motor,MOp5,0,0.0,0,0.0,390,0.0,269.66249999996853,effect_25-30
3810,248,Motor,MOp2/3,0,0.0,0,0.0,41,0.0,269.66249999996853,effect_25-30
3811,249,Somatosensory,SSp-tr2/3,0,0.0,0,0.0,76,0.0,269.66249999996853,effect_25-30
3812,250,Somatosensory,SSp-tr1,0,0.0,0,0.0,24,0.0,269.66249999996853,effect_25-30
3813,252,Other,SPFp,0,0.0,0,0.0,93,0.0,269.66249999996853,effect_25-30
3814,266,Other,SPFp,81,0.3003754693367059,296,3.654320987654321,651,0.45468509984639016,269.66249999996853,effect_25-30
3815,272,Other,PoT,180,0.6675010429704575,580,3.2222222222222223,882,0.6575963718820862,269.66249999996853,effect_25-30
3816,279,Other,PoT,2,0.007416678255227306,6,3.0,151,0.039735099337748346,269.66249999996853,effect_25-30
3817,281,Other,PoT,0,0.0,0,0.0,79,0.0,269.66249999996853,effect_25-30
3818,286,Other,PoT,47,0.17429193899784168,203,4.319148936170213,259,0.7837837837837838,269.66249999996853,effect_25-30
3819,291,Other,PoT,118,0.43758401705841105,473,4.008474576271187,1269,0.3727344365642238,269.66249999996853,effect_25-30
3820,292,Other,PoT,133,0.49320910397261586,481,3.6165413533834587,896,0.5368303571428571,269.66249999996853,effect_25-30
3821,296,Other,PoT,115,0.4264589996755701,453,3.9391304347826086,741,0.611336032388664,269.66249999996853,effect_25-30
3822,298,Other,PoT,198,0.7342511472675033,735,3.712121212121212,1651,0.4451847365233192,269.66249999996853,effect_25-30
3823,299,Other,PoT,3,0.01112501738284096,10,3.3333333333333335,322,0.031055900621118012,269.66249999996853,effect_25-30
3824,302,Other,PoT,23,0.08529179993511402,77,3.347826086956522,176,0.4375,269.66249999996853,effect_25-30
3825,304,Other,PoT,19,0.0704584434246594,59,3.1052631578947367,178,0.33146067415730335,269.66249999996853,effect_25-30
3826,306,Other,PoT,62,0.2299170259120465,227,3.661290322580645,345,0.6579710144927536,269.66249999996853,effect_25-30
3827,307,Other,PoT,63,0.23362536503966014,241,3.8253968253968256,375,0.6426666666666667,269.66249999996853,effect_25-30
3828,310,Other,PoT,0,0.0,0,0.0,0,0.0,269.66249999996853,effect_25-30
3829,316,Other,PoT,52,0.19283363463590997,181,3.480769230769231,774,0.23385012919896642,269.66249999996853,effect_25-30
3830,317,Other,PoT,149,0.5525425300144343,601,4.033557046979865,1907,0.31515469323544837,269.66249999996853,effect_25-30
3831,321,Other,PoT,74,0.2744170954434103,259,3.5,639,0.405320813771518,269.66249999996853,effect_25-30
3832,325,Other,PoT,141,0.522875816993525,512,3.631205673758865,1883,0.27190653212958044,269.66249999996853,effect_25-30
3833,328,Other,PoT,0,0.0,0,0.0,48,0.0,269.66249999996853,effect_25-30
3834,330,Other,PoT,16,0.059333426041818446,54,3.375,1807,0.029883785279468732,269.66249999996853,effect_25-30
3835,331,Other,PoT,223,0.8269596254578446,892,4.0,3314,0.2691611345805673,269.66249999996853,effect_25-30
3836,333,Other,PoT,36,0.1335002085940915,120,3.3333333333333335,751,0.15978695073235685,269.66249999996853,effect_25-30
3837,334,Other,PoT,94,0.34858387799568336,356,3.7872340425531914,1702,0.209165687426557,269.66249999996853,effect_25-30
3838,338,Other,PoT,20,0.07416678255227306,73,3.65,1297,0.05628373168851195,269.66249999996853,effect_25-30
3839,340,Other,PoT,28,0.10383349557318228,105,3.75,526,0.19961977186311788,269.66249999996853,effect_25-30
3840,341,Other,PoT,4,0.014833356510454612,12,3.0,172,0.06976744186046512,269.66249999996853,effect_25-30
3841,344,Other,PoT,21,0.07787512167988671,76,3.619047619047619,1061,0.07163053722902922,269.66249999996853,effect_25-30
3842,347,Other,PoT,6,0.02225003476568192,19,3.1666666666666665,1531,0.012410189418680601,269.66249999996853,effect_25-30
3843,350,Other,PoT,12,0.04450006953136384,48,4.0,287,0.1672473867595819,269.66249999996853,effect_25-30
3844,352,Other,PoT,0,0.0,0,0.0,314,0.0,269.66249999996853,effect_25-30
3845,355,Other,PoT,30,0.11125017382840958,122,4.066666666666666,229,0.5327510917030568,269.66249999996853,effect_25-30
3846,361,Other,PoT,37,0.13720854772170515,196,5.297297297297297,1337,0.14659685863874344,269.66249999996853,effect_25-30
3847,362,Other,PoT,120,0.44500069531363834,476,3.966666666666667,1907,0.2496067121132669,269.66249999996853,effect_25-30
3848,367,Other,PoT,3,0.01112501738284096,10,3.3333333333333335,225,0.044444444444444446,269.66249999996853,effect_25-30
3849,368,Other,PoT,31,0.11495851295602325,130,4.193548387096774,283,0.45936395759717313,269.66249999996853,effect_25-30
3850,369,Other,PoT,70,0.2595837389329557,268,3.8285714285714287,1270,0.2110236220472441,269.66249999996853,effect_25-30
3851,372,Other,PoT,5,0.018541695638068265,18,3.6,514,0.03501945525291829,269.66249999996853,effect_25-30
3852,381,Other,PoT,15,0.05562508691420479,52,3.466666666666667,362,0.143646408839779,269.66249999996853,effect_25-30
3853,382,Other,PoT,41,0.15204190423215977,136,3.317073170731707,511,0.26614481409001955,269.66249999996853,effect_25-30
3854,385,Other,PoT,135,0.5006257822278432,547,4.051851851851852,1247,0.43865276663993585,269.66249999996853,effect_25-30
3855,388,Other,PoT,115,0.4264589996755701,519,4.51304347826087,7875,0.06590476190476191,269.66249999996853,effect_25-30
3856,392,Other,PoT,101,0.37454225188897894,372,3.6831683168316833,1093,0.3403476669716377,269.66249999996853,effect_25-30
3857,394,Other,PoT,53,0.19654197376352361,194,3.660377358490566,1269,0.152876280535855,269.66249999996853,effect_25-30
3858,396,Other,PoT,0,0.0,0,0.0,52,0.0,269.66249999996853,effect_25-30
3859,404,Other,PoT,165,0.6118759560562528,705,4.2727272727272725,1274,0.5533751962323391,269.66249999996853,effect_25-30
3860,405,Other,PoT,41,0.15204190423215977,176,4.2926829268292686,579,0.30397236614853196,269.66249999996853,effect_25-30
3861,406,Other,PoT,47,0.17429193899784168,169,3.595744680851064,1372,0.12317784256559766,269.66249999996853,effect_25-30
3862,408,Other,PoT,190,0.7045844342465941,807,4.247368421052632,1390,0.5805755395683453,269.66249999996853,effect_25-30
3863,412,Other,PoT,65,0.24104204329488743,242,3.723076923076923,1463,0.16541353383458646,269.66249999996853,effect_25-30
3864,414,Other,PoT,7,0.02595837389329557,25,3.5714285714285716,94,0.26595744680851063,269.66249999996853,effect_25-30
3865,415,Other,PoT,76,0.2818337736986376,298,3.9210526315789473,760,0.39210526315789473,269.66249999996853,effect_25-30
3866,417,Other,PoT,80,0.29666713020909224,293,3.6625,627,0.46730462519936206,269.66249999996853,effect_25-30
3867,418,Other,PoT,30,0.11125017382840958,105,3.5,276,0.3804347826086957,269.66249999996853,effect_25-30
3868,419,Other,PoT,85,0.3152088258471605,317,3.7294117647058824,696,0.45545977011494254,269.66249999996853,effect_25-30
3869,421,Other,PoT,151,0.5599592082696616,562,3.7218543046357615,1627,0.345421020282729,269.66249999996853,effect_25-30
3870,422,Other,PoT,68,0.2521670606777284,267,3.926470588235294,620,0.4306451612903226,269.66249999996853,effect_25-30
3871,425,Other,PoT,53,0.19654197376352361,208,3.9245283018867925,309,0.6731391585760518,269.66249999996853,effect_25-30
3872,428,Other,PoT,49,0.181708617253069,199,4.061224489795919,3395,0.05861561119293078,269.66249999996853,effect_25-30
3873,429,Other,PoT,98,0.363417234506138,406,4.142857142857143,763,0.5321100917431193,269.66249999996853,effect_25-30
3874,430,Other,PoT,93,0.3448755388680697,363,3.903225806451613,1098,0.33060109289617484,269.66249999996853,effect_25-30
3875,433,Other,PoT,78,0.28925045195386495,321,4.115384615384615,603,0.5323383084577115,269.66249999996853,effect_25-30
3876,434,Other,PoT,61,0.22620868678443284,234,3.8360655737704916,544,0.43014705882352944,269.66249999996853,effect_25-30
3877,435,Other,PoT,41,0.15204190423215977,148,3.6097560975609757,211,0.7014218009478673,269.66249999996853,effect_25-30
3878,437,Other,PoT,91,0.3374588606128424,358,3.934065934065934,665,0.5383458646616541,269.66249999996853,effect_25-30
3879,438,Other,PoT,48,0.17800027812545535,200,4.166666666666667,308,0.6493506493506493,269.66249999996853,effect_25-30
3880,440,Other,SGN,63,0.23362536503966014,239,3.7936507936507935,394,0.6065989847715736,269.66249999996853,effect_25-30
3881,443,Other,PoT,109,0.40420896490988817,469,4.302752293577981,1020,0.4598039215686274,269.66249999996853,effect_25-30
3882,445,Other,SGN,156,0.5785009039077299,597,3.826923076923077,1479,0.40365111561866124,269.66249999996853,effect_25-30
3883,446,Other,SGN,68,0.2521670606777284,268,3.9411764705882355,336,0.7976190476190477,269.66249999996853,effect_25-30
3884,447,Other,SGN,76,0.2818337736986376,317,4.171052631578948,437,0.7254004576659039,269.66249999996853,effect_25-30
3885,448,Other,SGN,89,0.3300421823576151,336,3.7752808988764044,816,0.4117647058823529,269.66249999996853,effect_25-30
3886,450,Other,SGN,58,0.21508366940159188,209,3.603448275862069,352,0.59375,269.66249999996853,effect_25-30
3887,451,Other,SGN,176,0.652667686460003,796,4.5227272727272725,2496,0.3189102564102564,269.66249999996853,effect_25-30
3888,453,Other,SGN,136,0.5043341213554569,547,4.022058823529412,1449,0.3775017253278123,269.66249999996853,effect_25-30
3889,457,Other,SGN,87,0.32262550410238783,327,3.7586206896551726,1287,0.2540792540792541,269.66249999996853,effect_25-30
3890,458,Other,SGN,2,0.007416678255227306,6,3.0,205,0.02926829268292683,269.66249999996853,effect_25-30
3891,463,Other,SGN,44,0.16316692161500074,183,4.159090909090909,378,0.48412698412698413,269.66249999996853,effect_25-30
3892,465,Other,SGN,182,0.6749177212256848,742,4.076923076923077,1728,0.42939814814814814,269.66249999996853,effect_25-30
3893,471,Other,SGN,127,0.4709590692069339,655,5.15748031496063,933,0.7020364415862809,269.66249999996853,effect_25-30
3894,492,Other,DG-sg,0,0.0,0,0.0,1,0.0,269.66249999996853,effect_25-30
3895,495,Other,DG-sg,0,0.0,0,0.0,0,0.0,269.66249999996853,effect_25-30
3896,496,Other,DG-sg,5,0.018541695638068265,18,3.6,142,0.1267605633802817,269.66249999996853,effect_25-30
3897,498,Other,DG-sg,0,0.0,0,0.0,0,0.0,269.66249999996853,effect_25-30
3898,500,Other,DG-sg,3,0.01112501738284096,13,4.333333333333333,301,0.04318936877076412,269.66249999996853,effect_25-30
3899,501,Other,DG-sg,10,0.03708339127613653,35,3.5,405,0.08641975308641975,269.66249999996853,effect_25-30
3900,504,Other,DG-po,0,0.0,0,0.0,0,0.0,269.66249999996853,effect_25-30
3901,505,Other,DG-po,3,0.01112501738284096,11,3.6666666666666665,145,0.07586206896551724,269.66249999996853,effect_25-30
3902,506,Other,DG-po,0,0.0,0,0.0,0,0.0,269.66249999996853,effect_25-30
3903,507,Other,DG-po,17,0.0630417651694321,58,3.411764705882353,702,0.08262108262108261,269.66249999996853,effect_25-30
3904,511,Other,DG-po,0,0.0,0,0.0,2,0.0,269.66249999996853,effect_25-30
3905,513,Other,DG-po,0,0.0,0,0.0,81,0.0,269.66249999996853,effect_25-30
3906,538,Other,ProS,0,0.0,0,0.0,508,0.0,269.66249999996853,effect_25-30
3907,543,Other,ProS,1,0.003708339127613653,4,4.0,256,0.015625,269.66249999996853,effect_25-30
3908,546,Other,ProS,3,0.01112501738284096,13,4.333333333333333,506,0.025691699604743084,269.66249999996853,effect_25-30
3909,547,Other,SUB,9,0.03337505214852288,28,3.111111111111111,385,0.07272727272727272,269.66249999996853,effect_25-30
3910,549,Other,ProS,2,0.007416678255227306,6,3.0,856,0.007009345794392523,269.66249999996853,effect_25-30
3911,550,Other,ProS,0,0.0,0,0.0,80,0.0,269.66249999996853,effect_25-30
3912,551,Other,ProS,0,0.0,0,0.0,133,0.0,269.66249999996853,effect_25-30
3913,560,Other,ProS,0,0.0,0,0.0,0,0.0,269.66249999996853,effect_25-30
3914,561,Other,ProS,8,0.029666713020909223,24,3.0,404,0.0594059405940594,269.66249999996853,effect_25-30
3915,562,Other,ProS,8,0.029666713020909223,31,3.875,794,0.03904282115869018,269.66249999996853,effect_25-30
3916,564,Other,ProS,41,0.15204190423215977,170,4.146341463414634,2121,0.08015087223008015,269.66249999996853,effect_25-30
3917,566,Other,ProS,33,0.12237519121125055,114,3.4545454545454546,324,0.35185185185185186,269.66249999996853,effect_25-30
3918,567,Other,SUB,0,0.0,0,0.0,57,0.0,269.66249999996853,effect_25-30
3919,568,Other,SUB,0,0.0,0,0.0,33,0.0,269.66249999996853,effect_25-30
3920,569,Other,SUB,31,0.11495851295602325,104,3.3548387096774195,1185,0.08776371308016878,269.66249999996853,effect_25-30
3921,570,Other,SUB,0,0.0,0,0.0,13,0.0,269.66249999996853,effect_25-30
3922,571,Other,SUB,3,0.01112501738284096,9,3.0,1074,0.008379888268156424,269.66249999996853,effect_25-30
3923,573,Other,SUB,0,0.0,0,0.0,7,0.0,269.66249999996853,effect_25-30
3924,574,Other,SUB,29,0.10754183470079594,118,4.068965517241379,563,0.20959147424511546,269.66249999996853,effect_25-30
3925,576,Other,SUB,4,0.014833356510454612,13,3.25,352,0.036931818181818184,269.66249999996853,effect_25-30
3926,578,Other,SUB,17,0.0630417651694321,59,3.4705882352941178,1053,0.0560303893637227,269.66249999996853,effect_25-30
3927,579,Other,SUB,28,0.10383349557318228,91,3.25,2290,0.03973799126637555,269.66249999996853,effect_25-30
3928,580,Other,SUB,9,0.03337505214852288,32,3.5555555555555554,1042,0.030710172744721688,269.66249999996853,effect_25-30
3929,582,Other,SUB,8,0.029666713020909223,36,4.5,409,0.08801955990220049,269.66249999996853,effect_25-30
3930,583,Other,SUB,56,0.20766699114636455,184,3.2857142857142856,3616,0.05088495575221239,269.66249999996853,effect_25-30
3931,584,Other,SUB,3,0.01112501738284096,9,3.0,875,0.010285714285714285,269.66249999996853,effect_25-30
3932,587,Other,SUB,3,0.01112501738284096,10,3.3333333333333335,626,0.01597444089456869,269.66249999996853,effect_25-30
3933,588,Other,SUB,20,0.07416678255227306,85,4.25,779,0.10911424903722722,269.66249999996853,effect_25-30
3934,592,Other,SUB,26,0.09641681731795498,81,3.1153846153846154,1720,0.04709302325581395,269.66249999996853,effect_25-30
3935,600,Other,SUB,10,0.03708339127613653,34,3.4,1057,0.03216650898770104,269.66249999996853,effect_25-30
3936,601,Other,SUB,66,0.2447503824225011,298,4.515151515151516,1490,0.2,269.66249999996853,effect_25-30
3937,602,Other,SUB,8,0.029666713020909223,25,3.125,1002,0.0249500998003992,269.66249999996853,effect_25-30
3938,604,Other,SUB,7,0.02595837389329557,25,3.5714285714285716,715,0.03496503496503497,269.66249999996853,effect_25-30
3939,605,Other,SUB,9,0.03337505214852288,28,3.111111111111111,1035,0.02705314009661836,269.66249999996853,effect_25-30
3940,607,Other,SUB,11,0.040791730403750184,39,3.5454545454545454,591,0.06598984771573604,269.66249999996853,effect_25-30
3941,611,Other,alv,11,0.040791730403750184,40,3.6363636363636362,833,0.04801920768307323,269.66249999996853,effect_25-30
3942,621,Other,VISp6a,21,0.07787512167988671,76,3.619047619047619,260,0.2923076923076923,269.66249999996853,effect_25-30
3943,627,Other,VISp5,0,0.0,0,0.0,320,0.0,269.66249999996853,effect_25-30
3944,629,Other,VISp5,0,0.0,0,0.0,844,0.0,269.66249999996853,effect_25-30
3945,631,Other,VISp5,0,0.0,0,0.0,1301,0.0,269.66249999996853,effect_25-30
3946,632,Other,VISp5,0,0.0,0,0.0,784,0.0,269.66249999996853,effect_25-30
3947,635,Other,VISp5,6,0.02225003476568192,18,3.0,1553,0.01159047005795235,269.66249999996853,effect_25-30
3948,636,Other,VISp5,0,0.0,0,0.0,847,0.0,269.66249999996853,effect_25-30
3949,637,Other,VISp5,0,0.0,0,0.0,332,0.0,269.66249999996853,effect_25-30
3950,639,Other,VISp5,0,0.0,0,0.0,1699,0.0,269.66249999996853,effect_25-30
3951,642,Other,VISp5,0,0.0,0,0.0,1369,0.0,269.66249999996853,effect_25-30
3952,645,Other,VISp5,1,0.003708339127613653,3,3.0,880,0.003409090909090909,269.66249999996853,effect_25-30
3953,646,Other,VISp5,0,0.0,0,0.0,1483,0.0,269.66249999996853,effect_25-30
3954,647,Other,VISp5,0,0.0,0,0.0,940,0.0,269.66249999996853,effect_25-30
3955,651,Other,VISp5,0,0.0,0,0.0,869,0.0,269.66249999996853,effect_25-30
3956,653,Other,VISp5,0,0.0,0,0.0,737,0.0,269.66249999996853,effect_25-30
3957,655,Other,VISp5,0,0.0,0,0.0,1299,0.0,269.66249999996853,effect_25-30
3958,656,Other,VISp5,0,0.0,0,0.0,866,0.0,269.66249999996853,effect_25-30
3959,663,Other,VISp5,0,0.0,0,0.0,530,0.0,269.66249999996853,effect_25-30
3960,668,Other,VISp4,0,0.0,0,0.0,627,0.0,269.66249999996853,effect_25-30
3961,669,Other,VISp4,0,0.0,0,0.0,347,0.0,269.66249999996853,effect_25-30
3962,679,Other,VISp4,0,0.0,0,0.0,479,0.0,269.66249999996853,effect_25-30
3963,681,Other,VISp4,0,0.0,0,0.0,21,0.0,269.66249999996853,effect_25-30
3964,684,Other,VISp2/3,0,0.0,0,0.0,86,0.0,269.66249999996853,effect_25-30
3965,687,Other,VISp2/3,0,0.0,0,0.0,206,0.0,269.66249999996853,effect_25-30
3966,688,Other,VISp2/3,0,0.0,0,0.0,83,0.0,269.66249999996853,effect_25-30
3967,689,Other,VISp2/3,0,0.0,0,0.0,25,0.0,269.66249999996853,effect_25-30
3968,690,Other,VISp2/3,0,0.0,0,0.0,239,0.0,269.66249999996853,effect_25-30
3969,695,Other,VISp2/3,0,0.0,0,0.0,160,0.0,269.66249999996853,effect_25-30
3970,696,Other,VISp2/3,0,0.0,0,0.0,68,0.0,269.66249999996853,effect_25-30
3971,697,Other,VISp2/3,0,0.0,0,0.0,156,0.0,269.66249999996853,effect_25-30
3972,700,Other,VISp2/3,0,0.0,0,0.0,264,0.0,269.66249999996853,effect_25-30
3973,708,Other,PoT,71,0.26329207806056937,310,4.366197183098592,384,0.8072916666666666,269.66249999996853,effect_25-30
3974,711,Other,PoT,68,0.2521670606777284,264,3.8823529411764706,420,0.6285714285714286,269.66249999996853,effect_25-30
3975,718,Other,PoT,33,0.12237519121125055,114,3.4545454545454546,178,0.6404494382022472,269.66249999996853,effect_25-30
3976,719,Other,PoT,66,0.2447503824225011,238,3.606060606060606,825,0.2884848484848485,269.66249999996853,effect_25-30
3977,720,Other,PoT,44,0.16316692161500074,168,3.8181818181818183,577,0.29116117850953205,269.66249999996853,effect_25-30
3978,722,Other,PoT,56,0.20766699114636455,238,4.25,535,0.44485981308411215,269.66249999996853,effect_25-30
3979,724,Other,SGN,49,0.181708617253069,193,3.938775510204082,249,0.7751004016064257,269.66249999996853,effect_25-30
3980,725,Other,SGN,91,0.3374588606128424,345,3.791208791208791,1255,0.2749003984063745,269.66249999996853,effect_25-30
3981,726,Other,SGN,44,0.16316692161500074,213,4.840909090909091,277,0.7689530685920578,269.66249999996853,effect_25-30
3982,727,Other,SGN,43,0.1594585824873871,183,4.255813953488372,251,0.7290836653386454,269.66249999996853,effect_25-30
3983,728,Other,SGN,52,0.19283363463590997,203,3.9038461538461537,496,0.4092741935483871,269.66249999996853,effect_25-30
3984,730,Thalamus,LP,27,0.10012515644556863,79,2.925925925925926,219,0.3607305936073059,269.66249999996853,effect_25-30
3985,731,Thalamus,LP,28,0.10383349557318228,69,2.4642857142857144,458,0.15065502183406113,269.66249999996853,effect_25-30
3986,734,Other,DG-sg,0,0.0,0,0.0,0,0.0,269.66249999996853,effect_25-30
3987,735,Other,DG-sg,0,0.0,0,0.0,0,0.0,269.66249999996853,effect_25-30
3988,755,Other,SUB,4,0.014833356510454612,17,4.25,313,0.054313099041533544,269.66249999996853,effect_25-30
3989,756,Other,ProS,0,0.0,0,0.0,0,0.0,269.66249999996853,effect_25-30
3990,758,Other,ProS,0,0.0,0,0.0,0,0.0,269.66249999996853,effect_25-30
3991,761,Other,SUB,58,0.21508366940159188,215,3.706896551724138,3801,0.05656406208892397,269.66249999996853,effect_25-30
3992,762,Other,SUB,0,0.0,0,0.0,229,0.0,269.66249999996853,effect_25-30
3993,763,Other,SUB,0,0.0,0,0.0,52,0.0,269.66249999996853,effect_25-30
3994,764,Other,SUB,23,0.08529179993511402,78,3.391304347826087,1522,0.051248357424441525,269.66249999996853,effect_25-30
3995,769,Other,VISp5,0,0.0,0,0.0,5,0.0,269.66249999996853,effect_25-30
3996,780,Other,VISp2/3,0,0.0,0,0.0,87,0.0,269.66249999996853,effect_25-30
3997,782,Other,VISp2/3,0,0.0,0,0.0,59,0.0,269.66249999996853,effect_25-30
3998,783,Other,VISp2/3,0,0.0,0,0.0,8,0.0,269.66249999996853,effect_25-30
3999,784,Other,VISp2/3,0,0.0,0,0.0,24,0.0,269.66249999996853,effect_25-30
4000,786,Other,VISp2/3,2,0.007416678255227306,6,3.0,386,0.015544041450777202,269.66249999996853,effect_25-30
4001,793,Other,DG-sg,0,0.0,0,0.0,12,0.0,269.66249999996853,effect_25-30
4002,795,Other,DG-sg,0,0.0,0,0.0,0,0.0,269.66249999996853,effect_25-30
4003,796,Other,DG-sg,0,0.0,0,0.0,0,0.0,269.66249999996853,effect_25-30
4004,798,Other,ProS,0,0.0,0,0.0,0,0.0,269.66249999996853,effect_25-30
4005,799,Other,VISp2/3,0,0.0,0,0.0,21,0.0,269.66249999996853,effect_25-30
4006,806,Other,SPFp,0,0.0,0,0.0,3,0.0,269.66249999996853,effect_25-30
4007,809,Other,PoT,61,0.22620868678443284,234,3.8360655737704916,808,0.2896039603960396,269.66249999996853,effect_25-30
4008,811,Other,DG-mo,0,0.0,0,0.0,0,0.0,269.66249999996853,effect_25-30
4009,812,Other,DG-po,0,0.0,0,0.0,0,0.0,269.66249999996853,effect_25-30
4010,815,Other,ProS,0,0.0,0,0.0,0,0.0,269.66249999996853,effect_25-30
4011,816,Other,ProS,9,0.03337505214852288,27,3.0,2696,0.010014836795252226,269.66249999996853,effect_25-30
4012,818,Other,VISp5,0,0.0,0,0.0,267,0.0,269.66249999996853,effect_25-30
4013,820,Other,VISp2/3,0,0.0,0,0.0,104,0.0,269.66249999996853,effect_25-30
4014,822,Other,VISp6a,0,0.0,0,0.0,0,0.0,269.66249999996853,effect_25-30
4015,823,Other,VISp2/3,0,0.0,0,0.0,31,0.0,269.66249999996853,effect_25-30
4016,824,Other,VISp2/3,0,0.0,0,0.0,5,0.0,269.66249999996853,effect_25-30
4017,825,Other,VISp2/3,0,0.0,0,0.0,70,0.0,269.66249999996853,effect_25-30
4018,826,Other,VISp2/3,0,0.0,0,0.0,10,0.0,269.66249999996853,effect_25-30
4019,827,Other,VISp2/3,0,0.0,0,0.0,7,0.0,269.66249999996853,effect_25-30
4020,831,Other,VISp2/3,0,0.0,0,0.0,45,0.0,269.66249999996853,effect_25-30
4021,843,Other,int,0,0.0,0,0.0,5,0.0,269.66249999996853,effect_25-30
4022,845,Other,int,1,0.003708339127613653,3,3.0,2025,0.0014814814814814814,269.66249999996853,effect_25-30
4023,851,Other,int,0,0.0,0,0.0,8,0.0,269.66249999996853,effect_25-30
4024,859,Other,int,6,0.02225003476568192,23,3.8333333333333335,1206,0.019071310116086235,269.66249999996853,effect_25-30
4025,865,Other,int,1,0.003708339127613653,3,3.0,474,0.006329113924050633,269.66249999996853,effect_25-30
4026,868,Other,int,0,0.0,0,0.0,78,0.0,269.66249999996853,effect_25-30
4027,873,Other,int,1,0.003708339127613653,3,3.0,1115,0.0026905829596412557,269.66249999996853,effect_25-30
4028,892,Other,int,2,0.007416678255227306,7,3.5,268,0.026119402985074626,269.66249999996853,effect_25-30
4029,900,Other,int,0,0.0,0,0.0,69,0.0,269.66249999996853,effect_25-30
4030,904,Other,int,10,0.03708339127613653,39,3.9,1975,0.019746835443037975,269.66249999996853,effect_25-30
4031,913,Other,int,18,0.06675010429704575,64,3.5555555555555554,205,0.3121951219512195,269.66249999996853,effect_25-30
4032,914,Other,int,0,0.0,0,0.0,500,0.0,269.66249999996853,effect_25-30
4033,932,Other,int,14,0.05191674778659114,43,3.0714285714285716,410,0.1048780487804878,269.66249999996853,effect_25-30
4034,938,Other,int,68,0.2521670606777284,252,3.7058823529411766,863,0.29200463499420626,269.66249999996853,effect_25-30
4035,950,Other,int,2,0.007416678255227306,8,4.0,1301,0.006149116064565719,269.66249999996853,effect_25-30
4036,962,STR,STR,0,0.0,0,0.0,2466,0.0,269.66249999996853,effect_25-30
4037,964,STR,STR,87,0.32262550410238783,412,4.735632183908046,1577,0.2612555485098288,269.66249999996853,effect_25-30
4038,965,STR,STR,1,0.003708339127613653,4,4.0,59,0.06779661016949153,269.66249999996853,effect_25-30
4039,967,Other,int,4,0.014833356510454612,13,3.25,469,0.02771855010660981,269.66249999996853,effect_25-30
4040,969,STR,STR,3,0.01112501738284096,10,3.3333333333333335,2240,0.004464285714285714,269.66249999996853,effect_25-30
4041,970,Other,int,3,0.01112501738284096,11,3.6666666666666665,114,0.09649122807017543,269.66249999996853,effect_25-30
4042,972,STR,STR,0,0.0,0,0.0,32,0.0,269.66249999996853,effect_25-30
4043,976,STR,STR,1,0.003708339127613653,3,3.0,620,0.004838709677419355,269.66249999996853,effect_25-30
4044,980,STR,CP,0,0.0,0,0.0,75,0.0,269.66249999996853,effect_25-30
4045,982,STR,CP,3,0.01112501738284096,13,4.333333333333333,834,0.015587529976019185,269.66249999996853,effect_25-30
4046,984,STR,CP,0,0.0,0,0.0,1166,0.0,269.66249999996853,effect_25-30
4047,986,STR,CP,2,0.007416678255227306,6,3.0,3680,0.0016304347826086956,269.66249999996853,effect_25-30
4048,988,STR,CP,316,1.1718351643259144,1099,3.4778481012658227,2305,0.4767895878524946,269.66249999996853,effect_25-30
4049,989,STR,CP,0,0.0,0,0.0,66,0.0,269.66249999996853,effect_25-30
4050,990,STR,CP,0,0.0,0,0.0,495,0.0,269.66249999996853,effect_25-30
4051,993,STR,CP,4,0.014833356510454612,16,4.0,2482,0.0064464141821112,269.66249999996853,effect_25-30
4052,997,STR,CP,11,0.040791730403750184,62,5.636363636363637,2507,0.02473075388911049,269.66249999996853,effect_25-30
4053,1001,STR,CP,0,0.0,0,0.0,6,0.0,269.66249999996853,effect_25-30
4054,1008,STR,CP,31,0.11495851295602325,118,3.806451612903226,4500,0.026222222222222223,269.66249999996853,effect_25-30
4055,1009,STR,CP,97,0.35970889537852435,324,3.3402061855670104,1857,0.17447495961227788,269.66249999996853,effect_25-30
4056,1013,STR,CP,75,0.27812543457102396,307,4.093333333333334,475,0.6463157894736842,269.66249999996853,effect_25-30
4057,1014,STR,CP,0,0.0,0,0.0,109,0.0,269.66249999996853,effect_25-30
4058,1021,STR,CP,13,0.04820840865897749,55,4.230769230769231,1041,0.052833813640730067,269.66249999996853,effect_25-30
4059,1027,STR,CP,7,0.02595837389329557,23,3.2857142857142856,1223,0.018806214227309895,269.66249999996853,effect_25-30
4060,1028,STR,CP,1,0.003708339127613653,3,3.0,2482,0.0012087026591458502,269.66249999996853,effect_25-30
4061,1033,STR,CP,295,1.0939600426460276,1143,3.8745762711864407,2318,0.4930974978429681,269.66249999996853,effect_25-30
4062,1038,STR,CP,30,0.11125017382840958,100,3.3333333333333335,502,0.199203187250996,269.66249999996853,effect_25-30
4063,1040,STR,CP,8,0.029666713020909223,29,3.625,1031,0.028128031037827354,269.66249999996853,effect_25-30
4064,1045,STR,CP,29,0.10754183470079594,101,3.4827586206896552,2237,0.04514975413500223,269.66249999996853,effect_25-30
4065,1048,STR,CP,6,0.02225003476568192,22,3.6666666666666665,1311,0.016781083142639208,269.66249999996853,effect_25-30
4066,1065,STR,CP,1,0.003708339127613653,3,3.0,412,0.007281553398058253,269.66249999996853,effect_25-30
4067,1066,STR,CP,1,0.003708339127613653,3,3.0,1532,0.0019582245430809398,269.66249999996853,effect_25-30
4068,1068,STR,CP,1,0.003708339127613653,3,3.0,629,0.0047694753577106515,269.66249999996853,effect_25-30
4069,1069,STR,CP,10,0.03708339127613653,35,3.5,1952,0.017930327868852458,269.66249999996853,effect_25-30
4070,1073,STR,CP,14,0.05191674778659114,47,3.357142857142857,804,0.05845771144278607,269.66249999996853,effect_25-30
4071,1096,Somatosensory,SSp-bfd6a,1,0.003708339127613653,3,3.0,536,0.005597014925373134,269.66249999996853,effect_25-30
4072,1106,Somatosensory,SSp-bfd6a,40,0.14833356510454612,173,4.325,932,0.18562231759656653,269.66249999996853,effect_25-30
4073,1108,Somatosensory,SSp-bfd6a,8,0.029666713020909223,27,3.375,648,0.041666666666666664,269.66249999996853,effect_25-30
4074,1110,Somatosensory,SSp-bfd6a,9,0.03337505214852288,28,3.111111111111111,905,0.030939226519337018,269.66249999996853,effect_25-30
4075,1111,Somatosensory,SSp-bfd6a,3,0.01112501738284096,9,3.0,480,0.01875,269.66249999996853,effect_25-30
4076,1113,Somatosensory,SSp-bfd6a,4,0.014833356510454612,17,4.25,2830,0.006007067137809187,269.66249999996853,effect_25-30
4077,1114,Somatosensory,SSp-bfd6a,2,0.007416678255227306,6,3.0,314,0.01910828025477707,269.66249999996853,effect_25-30
4078,1115,Somatosensory,SSp-bfd6a,0,0.0,0,0.0,31,0.0,269.66249999996853,effect_25-30
4079,1117,Somatosensory,SSp-bfd6a,0,0.0,0,0.0,92,0.0,269.66249999996853,effect_25-30
4080,1118,Somatosensory,SSp-bfd6a,0,0.0,0,0.0,147,0.0,269.66249999996853,effect_25-30
4081,1119,Somatosensory,SSp-bfd6a,0,0.0,0,0.0,426,0.0,269.66249999996853,effect_25-30
4082,1126,Somatosensory,SSp-bfd6a,61,0.22620868678443284,281,4.60655737704918,2497,0.11253504205046055,269.66249999996853,effect_25-30
4083,1128,Somatosensory,SSp-bfd6a,0,0.0,0,0.0,511,0.0,269.66249999996853,effect_25-30
4084,1130,Somatosensory,SSp-bfd6a,0,0.0,0,0.0,305,0.0,269.66249999996853,effect_25-30
4085,1133,Somatosensory,SSp-bfd6a,24,0.08900013906272768,81,3.375,2079,0.03896103896103896,269.66249999996853,effect_25-30
4086,1138,Somatosensory,SSp-bfd5,1,0.003708339127613653,3,3.0,548,0.005474452554744526,269.66249999996853,effect_25-30
4087,1142,Somatosensory,SSp-bfd5,1,0.003708339127613653,3,3.0,1044,0.0028735632183908046,269.66249999996853,effect_25-30
4088,1151,Somatosensory,SSp-bfd5,0,0.0,0,0.0,457,0.0,269.66249999996853,effect_25-30
4089,1154,Somatosensory,SSp-bfd5,0,0.0,0,0.0,2703,0.0,269.66249999996853,effect_25-30
4090,1160,Somatosensory,SSp-bfd5,1,0.003708339127613653,3,3.0,32,0.09375,269.66249999996853,effect_25-30
4091,1180,Somatosensory,SSp-bfd5,0,0.0,0,0.0,312,0.0,269.66249999996853,effect_25-30
4092,1191,Somatosensory,SSp-bfd4,2,0.007416678255227306,6,3.0,277,0.021660649819494584,269.66249999996853,effect_25-30
4093,1192,Somatosensory,SSp-bfd4,0,0.0,0,0.0,0,0.0,269.66249999996853,effect_25-30
4094,1194,Somatosensory,SSp-bfd5,0,0.0,0,0.0,256,0.0,269.66249999996853,effect_25-30
4095,1198,Somatosensory,SSp-bfd4,0,0.0,0,0.0,271,0.0,269.66249999996853,effect_25-30
4096,1201,Somatosensory,SSp-bfd4,3,0.01112501738284096,14,4.666666666666667,558,0.025089605734767026,269.66249999996853,effect_25-30
4097,1209,Somatosensory,SSp-bfd4,0,0.0,0,0.0,7,0.0,269.66249999996853,effect_25-30
4098,1210,Somatosensory,SSp-bfd4,1,0.003708339127613653,3,3.0,1142,0.002626970227670753,269.66249999996853,effect_25-30
4099,1212,Somatosensory,SSp-bfd4,0,0.0,0,0.0,589,0.0,269.66249999996853,effect_25-30
4100,1215,Somatosensory,SSp-bfd4,0,0.0,0,0.0,35,0.0,269.66249999996853,effect_25-30
4101,1219,Somatosensory,SSp-bfd4,0,0.0,0,0.0,0,0.0,269.66249999996853,effect_25-30
4102,1220,Somatosensory,SSp-bfd4,0,0.0,0,0.0,16,0.0,269.66249999996853,effect_25-30
4103,1222,Somatosensory,SSp-bfd4,0,0.0,0,0.0,661,0.0,269.66249999996853,effect_25-30
4104,1223,Somatosensory,SSp-bfd4,0,0.0,0,0.0,34,0.0,269.66249999996853,effect_25-30
4105,1227,Somatosensory,SSp-bfd4,0,0.0,0,0.0,142,0.0,269.66249999996853,effect_25-30
4106,1230,Somatosensory,SSp-bfd4,1,0.003708339127613653,3,3.0,1109,0.002705139765554554,269.66249999996853,effect_25-30
4107,1234,Somatosensory,SSp-bfd4,0,0.0,0,0.0,0,0.0,269.66249999996853,effect_25-30
4108,1235,Somatosensory,SSp-bfd4,1,0.003708339127613653,3,3.0,381,0.007874015748031496,269.66249999996853,effect_25-30
4109,1236,Somatosensory,SSp-bfd4,0,0.0,0,0.0,0,0.0,269.66249999996853,effect_25-30
4110,1239,Somatosensory,SSp-bfd4,0,0.0,0,0.0,127,0.0,269.66249999996853,effect_25-30
4111,1244,Somatosensory,SSp-bfd4,0,0.0,0,0.0,20,0.0,269.66249999996853,effect_25-30
4112,1245,Somatosensory,SSp-bfd4,0,0.0,0,0.0,295,0.0,269.66249999996853,effect_25-30
4113,1247,Somatosensory,SSp-bfd4,0,0.0,0,0.0,378,0.0,269.66249999996853,effect_25-30
4114,1248,Somatosensory,SSp-bfd4,0,0.0,0,0.0,465,0.0,269.66249999996853,effect_25-30
4115,1254,Somatosensory,SSp-bfd2/3,23,0.08529179993511402,83,3.608695652173913,144,0.5763888888888888,269.66249999996853,effect_25-30
4116,1257,Somatosensory,SSp-bfd2/3,114,0.42275066054795646,371,3.254385964912281,2846,0.1303583977512298,269.66249999996853,effect_25-30
4117,1258,Somatosensory,SSp-bfd4,0,0.0,0,0.0,0,0.0,269.66249999996853,effect_25-30
4118,1265,Somatosensory,SSp-bfd2/3,0,0.0,0,0.0,67,0.0,269.66249999996853,effect_25-30
4119,1267,Somatosensory,SSp-bfd2/3,3,0.01112501738284096,11,3.6666666666666665,316,0.03481012658227848,269.66249999996853,effect_25-30
4120,1286,Somatosensory,SSp-bfd2/3,1,0.003708339127613653,4,4.0,114,0.03508771929824561,269.66249999996853,effect_25-30
4121,1318,STR,CP,0,0.0,0,0.0,19,0.0,269.66249999996853,effect_25-30
4122,1319,STR,CP,0,0.0,0,0.0,2,0.0,269.66249999996853,effect_25-30
4123,1321,STR,CP,0,0.0,0,0.0,0,0.0,269.66249999996853,effect_25-30
4124,1331,STR,CP,0,0.0,0,0.0,10,0.0,269.66249999996853,effect_25-30
4125,1337,Somatosensory,SSp-bfd6a,25,0.09270847819034132,87,3.48,166,0.5240963855421686,269.66249999996853,effect_25-30
4126,1350,Somatosensory,SSp-bfd5,0,0.0,0,0.0,1,0.0,269.66249999996853,effect_25-30
4127,1354,Somatosensory,SSp-bfd5,0,0.0,0,0.0,35,0.0,269.66249999996853,effect_25-30
4128,1357,Somatosensory,SSp-bfd5,0,0.0,0,0.0,13,0.0,269.66249999996853,effect_25-30
4129,1369,Somatosensory,SSp-bfd2/3,0,0.0,0,0.0,0,0.0,269.66249999996853,effect_25-30
4130,1370,Somatosensory,SSp-bfd4,0,0.0,0,0.0,0,0.0,269.66249999996853,effect_25-30
4131,1372,Somatosensory,SSp-bfd2/3,0,0.0,0,0.0,0,0.0,269.66249999996853,effect_25-30
4132,1373,Somatosensory,SSp-bfd2/3,0,0.0,0,0.0,14,0.0,269.66249999996853,effect_25-30
4133,1374,Somatosensory,SSp-bfd4,0,0.0,0,0.0,81,0.0,269.66249999996853,effect_25-30
4134,1386,Somatosensory,SSp-bfd2/3,0,0.0,0,0.0,0,0.0,269.66249999996853,effect_25-30
4135,1405,Somatosensory,SSp-bfd5,0,0.0,0,0.0,0,0.0,269.66249999996853,effect_25-30
4136,1407,Somatosensory,SSp-bfd4,0,0.0,0,0.0,0,0.0,269.66249999996853,effect_25-30
4137,1414,Other,int,38,0.1409168868493188,141,3.710526315789474,269,0.5241635687732342,269.66249999996853,effect_25-30
4138,1418,Somatosensory,SSp-bfd6a,0,0.0,0,0.0,16,0.0,269.66249999996853,effect_25-30
4139,1420,Somatosensory,SSp-bfd5,0,0.0,0,0.0,0,0.0,269.66249999996853,effect_25-30
4140,1426,STR,STR,0,0.0,0,0.0,24,0.0,269.66249999996853,effect_25-30
4141,1428,Somatosensory,SSp-bfd2/3,0,0.0,0,0.0,1,0.0,269.66249999996853,effect_25-30
4142,1430,STR,STR,0,0.0,0,0.0,80,0.0,269.66249999996853,effect_25-30
4143,1432,STR,STR,2,0.007416678255227306,6,3.0,20,0.3,269.66249999996853,effect_25-30
4144,1435,Other,DP,6,0.02225003476568192,18,3.0,2592,0.006944444444444444,269.66249999996853,effect_25-30
4145,1443,Other,ILA2/3,0,0.0,0,0.0,70,0.0,269.66249999996853,effect_25-30
4146,1445,Other,ILA2/3,0,0.0,0,0.0,38,0.0,269.66249999996853,effect_25-30
4147,1446,Other,ILA2/3,0,0.0,0,0.0,72,0.0,269.66249999996853,effect_25-30
4148,1461,Other,ILA5,1,0.003708339127613653,4,4.0,139,0.02877697841726619,269.66249999996853,effect_25-30
4149,1464,Other,ILA5,0,0.0,0,0.0,67,0.0,269.66249999996853,effect_25-30
4150,1468,Other,ILA5,1,0.003708339127613653,3,3.0,2258,0.001328609388839681,269.66249999996853,effect_25-30
4151,1506,Other,ILA5,0,0.0,0,0.0,195,0.0,269.66249999996853,effect_25-30
4152,1507,Other,ILA5,0,0.0,0,0.0,1,0.0,269.66249999996853,effect_25-30
4153,1509,Other,ILA5,0,0.0,0,0.0,318,0.0,269.66249999996853,effect_25-30
4154,1516,Other,ILA5,0,0.0,0,0.0,18,0.0,269.66249999996853,effect_25-30
4155,1529,Other,ILA5,0,0.0,0,0.0,307,0.0,269.66249999996853,effect_25-30
4156,1531,Other,ILA5,27,0.10012515644556863,84,3.111111111111111,207,0.4057971014492754,269.66249999996853,effect_25-30
4157,1534,Other,ILA5,0,0.0,0,0.0,17,0.0,269.66249999996853,effect_25-30
4158,1535,Other,ILA5,1,0.003708339127613653,3,3.0,333,0.009009009009009009,269.66249999996853,effect_25-30
4159,1537,Other,ILA5,0,0.0,0,0.0,39,0.0,269.66249999996853,effect_25-30
4160,1538,Other,ILA5,0,0.0,0,0.0,61,0.0,269.66249999996853,effect_25-30
4161,1539,Other,ILA5,1,0.003708339127613653,3,3.0,248,0.012096774193548387,269.66249999996853,effect_25-30
4162,1541,Other,ILA5,0,0.0,0,0.0,50,0.0,269.66249999996853,effect_25-30
4163,1545,Other,ILA5,0,0.0,0,0.0,2,0.0,269.66249999996853,effect_25-30
4164,1550,Other,ILA5,0,0.0,0,0.0,73,0.0,269.66249999996853,effect_25-30
4165,1553,Other,PL5,30,0.11125017382840958,92,3.066666666666667,694,0.13256484149855907,269.66249999996853,effect_25-30
4166,1556,Other,PL5,0,0.0,0,0.0,1448,0.0,269.66249999996853,effect_25-30
4167,1563,Other,PL5,3,0.01112501738284096,9,3.0,383,0.02349869451697128,269.66249999996853,effect_25-30
4168,1566,Other,PL6a,0,0.0,0,0.0,58,0.0,269.66249999996853,effect_25-30
4169,1570,Other,PL6a,1,0.003708339127613653,3,3.0,114,0.02631578947368421,269.66249999996853,effect_25-30
4170,1573,Other,PL6a,1,0.003708339127613653,5,5.0,159,0.031446540880503145,269.66249999996853,effect_25-30
4171,1582,Other,PL6a,0,0.0,0,0.0,0,0.0,269.66249999996853,effect_25-30
4172,1589,Other,PL6a,0,0.0,0,0.0,330,0.0,269.66249999996853,effect_25-30
4173,1591,Other,PL6a,0,0.0,0,0.0,23,0.0,269.66249999996853,effect_25-30
4174,1593,Other,PL6a,15,0.05562508691420479,64,4.266666666666667,3691,0.017339474397182336,269.66249999996853,effect_25-30
4175,1594,Other,PL6a,8,0.029666713020909223,27,3.375,6998,0.0038582452129179764,269.66249999996853,effect_25-30
4176,1606,Other,PL6a,0,0.0,0,0.0,74,0.0,269.66249999996853,effect_25-30
4177,1611,Other,PL6a,0,0.0,0,0.0,121,0.0,269.66249999996853,effect_25-30
4178,1615,Other,PL6a,6,0.02225003476568192,18,3.0,857,0.021003500583430573,269.66249999996853,effect_25-30
4179,1624,Other,PL6a,0,0.0,0,0.0,12,0.0,269.66249999996853,effect_25-30
4180,1627,Other,PL6a,0,0.0,0,0.0,11,0.0,269.66249999996853,effect_25-30
4181,1641,Other,PL6a,0,0.0,0,0.0,71,0.0,269.66249999996853,effect_25-30
4182,1643,Other,PL6a,1,0.003708339127613653,3,3.0,105,0.02857142857142857,269.66249999996853,effect_25-30
4183,1651,Other,PL5,0,0.0,0,0.0,3,0.0,269.66249999996853,effect_25-30
4184,1655,Other,PL5,1,0.003708339127613653,3,3.0,706,0.00424929178470255,269.66249999996853,effect_25-30
4185,1658,Other,PL5,0,0.0,0,0.0,74,0.0,269.66249999996853,effect_25-30
4186,1676,Motor,MOs5,0,0.0,0,0.0,67,0.0,269.66249999996853,effect_25-30
4187,1681,Motor,MOs5,0,0.0,0,0.0,11,0.0,269.66249999996853,effect_25-30
4188,1684,Motor,MOs5,0,0.0,0,0.0,13,0.0,269.66249999996853,effect_25-30
4189,1685,Motor,MOs5,17,0.0630417651694321,57,3.3529411764705883,240,0.2375,269.66249999996853,effect_25-30
4190,1686,Motor,MOs5,0,0.0,0,0.0,3,0.0,269.66249999996853,effect_25-30
4191,1687,Motor,MOs5,63,0.23362536503966014,221,3.507936507936508,689,0.32075471698113206,269.66249999996853,effect_25-30
4192,1690,Motor,MOs5,2,0.007416678255227306,6,3.0,29,0.20689655172413793,269.66249999996853,effect_25-30
4193,1697,Motor,MOs5,0,0.0,0,0.0,65,0.0,269.66249999996853,effect_25-30
4194,1699,Motor,MOs5,0,0.0,0,0.0,11,0.0,269.66249999996853,effect_25-30
4195,1713,Motor,MOs5,0,0.0,0,0.0,504,0.0,269.66249999996853,effect_25-30
4196,1738,Motor,MOs5,0,0.0,0,0.0,320,0.0,269.66249999996853,effect_25-30
4197,1747,STR,LSr,2,0.007416678255227306,6,3.0,42,0.14285714285714285,269.66249999996853,effect_25-30
4198,1749,STR,STR,1,0.003708339127613653,3,3.0,62,0.04838709677419355,269.66249999996853,effect_25-30
4199,1762,Other,ILA5,0,0.0,0,0.0,79,0.0,269.66249999996853,effect_25-30
4200,1763,Other,ILA5,0,0.0,0,0.0,52,0.0,269.66249999996853,effect_25-30
4201,1764,Other,ILA5,0,0.0,0,0.0,14,0.0,269.66249999996853,effect_25-30
4202,1768,Other,ILA5,0,0.0,0,0.0,49,0.0,269.66249999996853,effect_25-30
4203,1769,Other,ILA5,0,0.0,0,0.0,6,0.0,269.66249999996853,effect_25-30
4204,1782,Other,ILA5,0,0.0,0,0.0,10,0.0,269.66249999996853,effect_25-30
4205,1783,Other,ILA5,0,0.0,0,0.0,23,0.0,269.66249999996853,effect_25-30
4206,1785,Other,ILA5,0,0.0,0,0.0,68,0.0,269.66249999996853,effect_25-30
4207,1786,Other,ILA5,0,0.0,0,0.0,5,0.0,269.66249999996853,effect_25-30
4208,1789,Other,PL5,0,0.0,0,0.0,107,0.0,269.66249999996853,effect_25-30
4209,1796,Other,PL6a,0,0.0,0,0.0,38,0.0,269.66249999996853,effect_25-30
4210,1799,Other,PL6a,0,0.0,0,0.0,88,0.0,269.66249999996853,effect_25-30
4211,1801,Other,PL6a,0,0.0,0,0.0,6,0.0,269.66249999996853,effect_25-30
4212,1804,Other,PL6a,0,0.0,0,0.0,42,0.0,269.66249999996853,effect_25-30
4213,1806,Other,PL6a,0,0.0,0,0.0,1,0.0,269.66249999996853,effect_25-30
4214,1809,Other,PL6a,0,0.0,0,0.0,0,0.0,269.66249999996853,effect_25-30
4215,1811,Other,PL6a,0,0.0,0,0.0,39,0.0,269.66249999996853,effect_25-30
4216,1813,Other,PL6a,0,0.0,0,0.0,5,0.0,269.66249999996853,effect_25-30
4217,1815,Other,PL6a,0,0.0,0,0.0,14,0.0,269.66249999996853,effect_25-30
4218,1816,Other,PL6a,0,0.0,0,0.0,0,0.0,269.66249999996853,effect_25-30
4219,1818,Other,PL6a,0,0.0,0,0.0,33,0.0,269.66249999996853,effect_25-30
4220,1819,Other,PL6a,0,0.0,0,0.0,51,0.0,269.66249999996853,effect_25-30
4221,1822,Motor,MOs5,0,0.0,0,0.0,2,0.0,269.66249999996853,effect_25-30
4222,1826,Motor,MOs5,0,0.0,0,0.0,5,0.0,269.66249999996853,effect_25-30
4223,1827,Motor,MOs5,0,0.0,0,0.0,16,0.0,269.66249999996853,effect_25-30
4224,1828,Motor,MOs5,5,0.018541695638068265,15,3.0,54,0.2777777777777778,269.66249999996853,effect_25-30
4225,1829,Motor,MOs5,0,0.0,0,0.0,15,0.0,269.66249999996853,effect_25-30
4226,1830,Motor,MOs5,0,0.0,0,0.0,127,0.0,269.66249999996853,effect_25-30
4227,1832,Motor,MOs5,0,0.0,0,0.0,7,0.0,269.66249999996853,effect_25-30
4228,1833,Motor,MOs5,0,0.0,0,0.0,43,0.0,269.66249999996853,effect_25-30
4229,1840,STR,STR,2,0.007416678255227306,6,3.0,53,0.11320754716981132,269.66249999996853,effect_25-30
4230,1844,Other,ILA2/3,0,0.0,0,0.0,73,0.0,269.66249999996853,effect_25-30
4231,1848,Other,ILA5,0,0.0,0,0.0,37,0.0,269.66249999996853,effect_25-30
4232,1849,Other,ILA5,0,0.0,0,0.0,7,0.0,269.66249999996853,effect_25-30
4233,1850,Other,PL6a,0,0.0,0,0.0,0,0.0,269.66249999996853,effect_25-30
4234,1851,Other,PL6a,0,0.0,0,0.0,0,0.0,269.66249999996853,effect_25-30
4235,1852,Other,PL6a,0,0.0,0,0.0,1,0.0,269.66249999996853,effect_25-30
4236,1854,Motor,MOs5,0,0.0,0,0.0,82,0.0,269.66249999996853,effect_25-30
4237,1855,Other,ILA2/3,0,0.0,0,0.0,18,0.0,269.66249999996853,effect_25-30
4238,1856,Other,ILA5,2,0.007416678255227306,6,3.0,173,0.03468208092485549,269.66249999996853,effect_25-30
4239,1857,Other,ILA5,0,0.0,0,0.0,24,0.0,269.66249999996853,effect_25-30
4240,1860,Other,PL6a,0,0.0,0,0.0,4,0.0,269.66249999996853,effect_25-30
4241,1862,Motor,MOs5,0,0.0,0,0.0,25,0.0,269.66249999996853,effect_25-30
4242,1863,Motor,MOs5,0,0.0,0,0.0,8,0.0,269.66249999996853,effect_25-30
4243,1864,Motor,MOs5,0,0.0,0,0.0,2,0.0,269.66249999996853,effect_25-30
4244,1865,Motor,MOs5,0,0.0,0,0.0,77,0.0,269.66249999996853,effect_25-30
4245,1866,Motor,MOs5,0,0.0,0,0.0,23,0.0,269.66249999996853,effect_25-30
4246,1868,Motor,MOs5,0,0.0,0,0.0,71,0.0,269.66249999996853,effect_25-30
4247,1872,Motor,MOs5,0,0.0,0,0.0,5,0.0,269.66249999996853,effect_25-30
4248,3,Other,AMd,5,0.029768028470622113,16,3.2,1369,0.01168736303871439,167.96543999998084,effect_30-35
4249,4,Other,AMd,24,0.14288653665898615,78,3.25,1413,0.055201698513800426,167.96543999998084,effect_30-35
4250,9,Other,AMd,16,0.09525769110599076,54,3.375,1017,0.05309734513274336,167.96543999998084,effect_30-35
4251,10,Other,AMd,41,0.24409783345910133,138,3.3658536585365852,529,0.2608695652173913,167.96543999998084,effect_30-35
4252,12,Other,AMd,33,0.19646898790610595,115,3.484848484848485,1774,0.06482525366403608,167.96543999998084,effect_30-35
4253,13,Other,AMd,4,0.02381442277649769,14,3.5,1804,0.007760532150776054,167.96543999998084,effect_30-35
4254,14,Other,AMd,20,0.11907211388248845,66,3.3,925,0.07135135135135136,167.96543999998084,effect_30-35
4255,16,Other,AMd,15,0.08930408541186634,49,3.2666666666666666,1230,0.03983739837398374,167.96543999998084,effect_30-35
4256,20,Other,AMd,32,0.19051538221198153,106,3.3125,1059,0.10009442870632672,167.96543999998084,effect_30-35
4257,21,Other,AMd,66,0.3929379758122119,253,3.8333333333333335,1513,0.16721744877726372,167.96543999998084,effect_30-35
4258,23,Other,AMd,8,0.04762884555299538,26,3.25,2234,0.011638316920322292,167.96543999998084,effect_30-35
4259,24,Other,AMd,15,0.08930408541186634,50,3.3333333333333335,1272,0.03930817610062893,167.96543999998084,effect_30-35
4260,26,Other,AMd,91,0.5417781181653224,324,3.5604395604395602,1360,0.23823529411764705,167.96543999998084,effect_30-35
4261,28,Other,AMd,37,0.22028341068260363,121,3.27027027027027,579,0.20898100172711573,167.96543999998084,effect_30-35
4262,29,Other,AMd,39,0.23219062207085248,134,3.4358974358974357,925,0.14486486486486486,167.96543999998084,effect_30-35
4263,30,Other,AMd,53,0.3155411017885944,202,3.811320754716981,857,0.23570595099183198,167.96543999998084,effect_30-35
4264,33,Other,AMd,15,0.08930408541186634,45,3.0,1354,0.03323485967503693,167.96543999998084,effect_30-35
4265,34,Other,AMd,25,0.14884014235311055,81,3.24,1039,0.07795957651588066,167.96543999998084,effect_30-35
4266,36,Other,AMd,20,0.11907211388248845,66,3.3,2019,0.03268945022288262,167.96543999998084,effect_30-35
4267,38,Other,AMd,9,0.0535824512471198,30,3.3333333333333335,1266,0.023696682464454975,167.96543999998084,effect_30-35
4268,42,Other,AMd,11,0.06548966263536865,35,3.1818181818181817,1489,0.02350570852921424,167.96543999998084,effect_30-35
4269,44,Other,AMd,48,0.2857730733179723,172,3.5833333333333335,1604,0.10723192019950124,167.96543999998084,effect_30-35
4270,45,Other,AMd,63,0.3750771587298386,224,3.5555555555555554,1615,0.1386996904024768,167.96543999998084,effect_30-35
4271,46,Other,AMd,41,0.24409783345910133,143,3.4878048780487805,1250,0.1144,167.96543999998084,effect_30-35
4272,48,Other,AMd,28,0.16670095943548383,97,3.4642857142857144,700,0.13857142857142857,167.96543999998084,effect_30-35
4273,49,Other,AMd,31,0.1845617765178571,113,3.6451612903225805,1239,0.09120258272800645,167.96543999998084,effect_30-35
4274,54,Other,AMd,20,0.11907211388248845,62,3.1,871,0.0711825487944891,167.96543999998084,effect_30-35
4275,58,Other,AMd,9,0.0535824512471198,28,3.111111111111111,320,0.0875,167.96543999998084,effect_30-35
4276,61,Other,AMd,58,0.3453091302592165,200,3.4482758620689653,1761,0.1135718341851221,167.96543999998084,effect_30-35
4277,62,Other,AMd,10,0.059536056941244225,47,4.7,657,0.0715372907153729,167.96543999998084,effect_30-35
4278,63,Other,AMd,66,0.3929379758122119,232,3.515151515151515,656,0.35365853658536583,167.96543999998084,effect_30-35
4279,69,Other,AMd,26,0.15479374804723497,80,3.076923076923077,596,0.1342281879194631,167.96543999998084,effect_30-35
4280,74,Other,AD,43,0.25600504484735015,142,3.302325581395349,1305,0.10881226053639846,167.96543999998084,effect_30-35
4281,97,Other,AD,3,0.01786081708237327,23,7.666666666666667,344,0.06686046511627906,167.96543999998084,effect_30-35
4282,98,Other,AD,4,0.02381442277649769,14,3.5,806,0.017369727047146403,167.96543999998084,effect_30-35
4283,102,Other,cing,1,0.005953605694124423,4,4.0,486,0.00823045267489712,167.96543999998084,effect_30-35
4284,103,Motor,MOp6a,2,0.011907211388248845,6,3.0,992,0.006048387096774193,167.96543999998084,effect_30-35
4285,104,Motor,MOp6a,1,0.005953605694124423,3,3.0,633,0.004739336492890996,167.96543999998084,effect_30-35
4286,105,Motor,MOp6a,36,0.2143298049884792,193,5.361111111111111,1830,0.10546448087431694,167.96543999998084,effect_30-35
4287,108,Motor,MOp6a,1,0.005953605694124423,7,7.0,2041,0.0034296913277804997,167.96543999998084,effect_30-35
4288,117,Motor,MOp6a,0,0.0,0,0.0,713,0.0,167.96543999998084,effect_30-35
4289,122,Motor,MOp5,0,0.0,0,0.0,31,0.0,167.96543999998084,effect_30-35
4290,124,Motor,MOp5,0,0.0,0,0.0,68,0.0,167.96543999998084,effect_30-35
4291,126,Motor,MOp5,0,0.0,0,0.0,2,0.0,167.96543999998084,effect_30-35
4292,127,Motor,MOp5,0,0.0,0,0.0,1,0.0,167.96543999998084,effect_30-35
4293,128,Motor,MOp5,0,0.0,0,0.0,273,0.0,167.96543999998084,effect_30-35
4294,131,Motor,MOp5,0,0.0,0,0.0,190,0.0,167.96543999998084,effect_30-35
4295,137,Motor,MOp5,0,0.0,0,0.0,141,0.0,167.96543999998084,effect_30-35
4296,139,Motor,MOp5,0,0.0,0,0.0,375,0.0,167.96543999998084,effect_30-35
4297,141,Motor,MOp5,0,0.0,0,0.0,947,0.0,167.96543999998084,effect_30-35
4298,145,Motor,MOp5,0,0.0,0,0.0,31,0.0,167.96543999998084,effect_30-35
4299,146,Motor,MOp5,3,0.01786081708237327,10,3.3333333333333335,1289,0.007757951900698216,167.96543999998084,effect_30-35
4300,150,Motor,MOp5,0,0.0,0,0.0,37,0.0,167.96543999998084,effect_30-35
4301,151,Motor,MOp5,18,0.1071649024942396,67,3.7222222222222223,1553,0.043142305215711524,167.96543999998084,effect_30-35
4302,152,Motor,MOp5,0,0.0,0,0.0,70,0.0,167.96543999998084,effect_30-35
4303,153,Motor,MOp5,0,0.0,0,0.0,4,0.0,167.96543999998084,effect_30-35
4304,154,Motor,MOp5,0,0.0,0,0.0,519,0.0,167.96543999998084,effect_30-35
4305,155,Motor,MOp5,0,0.0,0,0.0,113,0.0,167.96543999998084,effect_30-35
4306,157,Motor,MOp5,0,0.0,0,0.0,101,0.0,167.96543999998084,effect_30-35
4307,161,Motor,MOp5,0,0.0,0,0.0,169,0.0,167.96543999998084,effect_30-35
4308,164,Motor,MOp2/3,0,0.0,0,0.0,110,0.0,167.96543999998084,effect_30-35
4309,167,Other,RSPagl2/3,0,0.0,0,0.0,589,0.0,167.96543999998084,effect_30-35
4310,174,Other,RSPagl2/3,0,0.0,0,0.0,100,0.0,167.96543999998084,effect_30-35
4311,178,Other,RSPagl2/3,0,0.0,0,0.0,90,0.0,167.96543999998084,effect_30-35
4312,182,Somatosensory,SSp-tr2/3,0,0.0,0,0.0,8,0.0,167.96543999998084,effect_30-35
4313,186,Somatosensory,SSp-tr2/3,2,0.011907211388248845,6,3.0,511,0.011741682974559686,167.96543999998084,effect_30-35
4314,188,Somatosensory,SSp-tr2/3,0,0.0,0,0.0,316,0.0,167.96543999998084,effect_30-35
4315,192,Somatosensory,SSp-tr2/3,1,0.005953605694124423,3,3.0,88,0.03409090909090909,167.96543999998084,effect_30-35
4316,193,Somatosensory,SSp-tr2/3,0,0.0,0,0.0,279,0.0,167.96543999998084,effect_30-35
4317,197,Somatosensory,SSp-tr2/3,1,0.005953605694124423,6,6.0,186,0.03225806451612903,167.96543999998084,effect_30-35
4318,204,Somatosensory,SSp-tr1,0,0.0,0,0.0,16,0.0,167.96543999998084,effect_30-35
4319,205,Other,AMd,13,0.07739687402361749,41,3.1538461538461537,382,0.10732984293193717,167.96543999998084,effect_30-35
4320,206,Other,AD,6,0.03572163416474654,19,3.1666666666666665,472,0.04025423728813559,167.96543999998084,effect_30-35
4321,210,Motor,MOp6a,0,0.0,0,0.0,411,0.0,167.96543999998084,effect_30-35
4322,211,Motor,MOp6a,12,0.07144326832949308,98,8.166666666666666,1759,0.0557134735645253,167.96543999998084,effect_30-35
4323,213,Motor,MOp5,0,0.0,0,0.0,2,0.0,167.96543999998084,effect_30-35
4324,216,Motor,MOp5,0,0.0,0,0.0,119,0.0,167.96543999998084,effect_30-35
4325,217,Motor,MOp5,0,0.0,0,0.0,3,0.0,167.96543999998084,effect_30-35
4326,218,Motor,MOp5,6,0.03572163416474654,20,3.3333333333333335,378,0.05291005291005291,167.96543999998084,effect_30-35
4327,219,Motor,MOp5,2,0.011907211388248845,9,4.5,156,0.057692307692307696,167.96543999998084,effect_30-35
4328,221,Motor,MOp5,0,0.0,0,0.0,299,0.0,167.96543999998084,effect_30-35
4329,223,Motor,MOp5,0,0.0,0,0.0,9,0.0,167.96543999998084,effect_30-35
4330,226,Motor,MOp5,0,0.0,0,0.0,52,0.0,167.96543999998084,effect_30-35
4331,227,Motor,MOp5,0,0.0,0,0.0,18,0.0,167.96543999998084,effect_30-35
4332,230,Other,RSPagl2/3,0,0.0,0,0.0,0,0.0,167.96543999998084,effect_30-35
4333,232,Somatosensory,SSp-tr2/3,0,0.0,0,0.0,35,0.0,167.96543999998084,effect_30-35
4334,233,Somatosensory,SSp-tr2/3,0,0.0,0,0.0,5,0.0,167.96543999998084,effect_30-35
4335,234,Somatosensory,SSp-tr2/3,0,0.0,0,0.0,28,0.0,167.96543999998084,effect_30-35
4336,238,Somatosensory,SSp-tr1,0,0.0,0,0.0,6,0.0,167.96543999998084,effect_30-35
4337,242,Motor,MOp2/3,0,0.0,0,0.0,17,0.0,167.96543999998084,effect_30-35
4338,243,Other,RSPagl2/3,1,0.005953605694124423,3,3.0,46,0.06521739130434782,167.96543999998084,effect_30-35
4339,244,Somatosensory,SSp-tr1,0,0.0,0,0.0,10,0.0,167.96543999998084,effect_30-35
4340,247,Motor,MOp5,0,0.0,0,0.0,327,0.0,167.96543999998084,effect_30-35
4341,248,Motor,MOp2/3,0,0.0,0,0.0,47,0.0,167.96543999998084,effect_30-35
4342,249,Somatosensory,SSp-tr2/3,0,0.0,0,0.0,25,0.0,167.96543999998084,effect_30-35
4343,250,Somatosensory,SSp-tr1,0,0.0,0,0.0,10,0.0,167.96543999998084,effect_30-35
4344,252,Other,SPFp,0,0.0,0,0.0,97,0.0,167.96543999998084,effect_30-35
4345,266,Other,SPFp,65,0.38698437011808745,239,3.6769230769230767,425,0.5623529411764706,167.96543999998084,effect_30-35
4346,272,Other,PoT,130,0.7739687402361749,438,3.3692307692307693,707,0.6195190947666195,167.96543999998084,effect_30-35
4347,279,Other,PoT,1,0.005953605694124423,3,3.0,102,0.029411764705882353,167.96543999998084,effect_30-35
4348,281,Other,PoT,0,0.0,0,0.0,39,0.0,167.96543999998084,effect_30-35
4349,286,Other,PoT,38,0.22623701637672805,167,4.394736842105263,234,0.7136752136752137,167.96543999998084,effect_30-35
4350,291,Other,PoT,40,0.2381442277649769,145,3.625,786,0.18447837150127228,167.96543999998084,effect_30-35
4351,292,Other,PoT,41,0.24409783345910133,149,3.6341463414634148,413,0.36077481840193704,167.96543999998084,effect_30-35
4352,296,Other,PoT,45,0.267912256235599,170,3.7777777777777777,401,0.4239401496259352,167.96543999998084,effect_30-35
4353,298,Other,PoT,43,0.25600504484735015,166,3.86046511627907,969,0.17131062951496387,167.96543999998084,effect_30-35
4354,299,Other,PoT,0,0.0,0,0.0,156,0.0,167.96543999998084,effect_30-35
4355,302,Other,PoT,26,0.15479374804723497,101,3.8846153846153846,300,0.33666666666666667,167.96543999998084,effect_30-35
4356,304,Other,PoT,53,0.3155411017885944,221,4.169811320754717,491,0.45010183299389,167.96543999998084,effect_30-35
4357,306,Other,PoT,54,0.3214947074827188,203,3.759259259259259,297,0.6835016835016835,167.96543999998084,effect_30-35
4358,307,Other,PoT,70,0.41675239858870955,299,4.271428571428571,381,0.7847769028871391,167.96543999998084,effect_30-35
4359,310,Other,PoT,0,0.0,0,0.0,1,0.0,167.96543999998084,effect_30-35
4360,316,Other,PoT,27,0.1607473537413594,98,3.6296296296296298,460,0.21304347826086956,167.96543999998084,effect_30-35
4361,317,Other,PoT,37,0.22028341068260363,131,3.5405405405405403,981,0.13353720693170235,167.96543999998084,effect_30-35
4362,321,Other,PoT,52,0.30958749609446995,190,3.6538461538461537,432,0.4398148148148148,167.96543999998084,effect_30-35
4363,325,Other,PoT,32,0.19051538221198153,110,3.4375,777,0.14157014157014158,167.96543999998084,effect_30-35
4364,328,Other,PoT,1,0.005953605694124423,5,5.0,79,0.06329113924050633,167.96543999998084,effect_30-35
4365,330,Other,PoT,14,0.08335047971774191,72,5.142857142857143,2683,0.026835631755497576,167.96543999998084,effect_30-35
4366,331,Other,PoT,41,0.24409783345910133,145,3.5365853658536586,1538,0.09427828348504551,167.96543999998084,effect_30-35
4367,333,Other,PoT,2,0.011907211388248845,7,3.5,239,0.029288702928870293,167.96543999998084,effect_30-35
4368,334,Other,PoT,50,0.2976802847062211,207,4.14,994,0.20824949698189135,167.96543999998084,effect_30-35
4369,338,Other,PoT,6,0.03572163416474654,20,3.3333333333333335,1040,0.019230769230769232,167.96543999998084,effect_30-35
4370,340,Other,PoT,3,0.01786081708237327,9,3.0,264,0.03409090909090909,167.96543999998084,effect_30-35
4371,341,Other,PoT,1,0.005953605694124423,3,3.0,109,0.027522935779816515,167.96543999998084,effect_30-35
4372,344,Other,PoT,8,0.04762884555299538,25,3.125,599,0.041736227045075125,167.96543999998084,effect_30-35
4373,347,Other,PoT,5,0.029768028470622113,16,3.2,799,0.02002503128911139,167.96543999998084,effect_30-35
4374,350,Other,PoT,4,0.02381442277649769,19,4.75,191,0.09947643979057591,167.96543999998084,effect_30-35
4375,352,Other,PoT,0,0.0,0,0.0,177,0.0,167.96543999998084,effect_30-35
4376,355,Other,PoT,4,0.02381442277649769,19,4.75,198,0.09595959595959595,167.96543999998084,effect_30-35
4377,361,Other,PoT,12,0.07144326832949308,79,6.583333333333333,1584,0.049873737373737376,167.96543999998084,effect_30-35
4378,362,Other,PoT,49,0.2917266790120967,184,3.7551020408163267,1299,0.14164742109314857,167.96543999998084,effect_30-35
4379,367,Other,PoT,0,0.0,0,0.0,121,0.0,167.96543999998084,effect_30-35
4380,368,Other,PoT,11,0.06548966263536865,49,4.454545454545454,265,0.18490566037735848,167.96543999998084,effect_30-35
4381,369,Other,PoT,0,0.0,0,0.0,3,0.0,167.96543999998084,effect_30-35
4382,372,Other,PoT,3,0.01786081708237327,27,9.0,331,0.08157099697885196,167.96543999998084,effect_30-35
4383,381,Other,PoT,8,0.04762884555299538,26,3.25,245,0.10612244897959183,167.96543999998084,effect_30-35
4384,382,Other,PoT,7,0.041675239858870956,24,3.4285714285714284,107,0.22429906542056074,167.96543999998084,effect_30-35
4385,385,Other,PoT,69,0.41079879289458515,270,3.9130434782608696,955,0.28272251308900526,167.96543999998084,effect_30-35
4386,388,Other,PoT,50,0.2976802847062211,254,5.08,4321,0.05878268919231659,167.96543999998084,effect_30-35
4387,392,Other,PoT,53,0.3155411017885944,211,3.981132075471698,827,0.2551390568319226,167.96543999998084,effect_30-35
4388,394,Other,PoT,16,0.09525769110599076,87,5.4375,1109,0.07844905320108206,167.96543999998084,effect_30-35
4389,396,Other,PoT,0,0.0,0,0.0,13,0.0,167.96543999998084,effect_30-35
4390,404,Other,PoT,59,0.35126273595334095,269,4.559322033898305,923,0.2914409534127844,167.96543999998084,effect_30-35
4391,405,Other,PoT,2,0.011907211388248845,6,3.0,582,0.010309278350515464,167.96543999998084,effect_30-35
4392,406,Other,PoT,19,0.11311850818836403,67,3.526315789473684,798,0.08395989974937343,167.96543999998084,effect_30-35
4393,408,Other,PoT,82,0.48819566691820265,358,4.365853658536586,902,0.3968957871396896,167.96543999998084,effect_30-35
4394,412,Other,PoT,25,0.14884014235311055,115,4.6,942,0.12208067940552017,167.96543999998084,effect_30-35
4395,414,Other,PoT,5,0.029768028470622113,17,3.4,110,0.15454545454545454,167.96543999998084,effect_30-35
4396,415,Other,PoT,20,0.11907211388248845,105,5.25,458,0.2292576419213974,167.96543999998084,effect_30-35
4397,417,Other,PoT,72,0.4286596099769584,281,3.9027777777777777,455,0.6175824175824176,167.96543999998084,effect_30-35
4398,418,Other,PoT,9,0.0535824512471198,30,3.3333333333333335,335,0.08955223880597014,167.96543999998084,effect_30-35
4399,419,Other,PoT,22,0.1309793252707373,78,3.5454545454545454,341,0.2287390029325513,167.96543999998084,effect_30-35
4400,421,Other,PoT,51,0.30363389040034555,225,4.411764705882353,1408,0.15980113636363635,167.96543999998084,effect_30-35
4401,422,Other,PoT,45,0.267912256235599,185,4.111111111111111,551,0.33575317604355714,167.96543999998084,effect_30-35
4402,425,Other,PoT,41,0.24409783345910133,160,3.902439024390244,291,0.5498281786941581,167.96543999998084,effect_30-35
4403,428,Other,PoT,11,0.06548966263536865,58,5.2727272727272725,3479,0.016671457315320496,167.96543999998084,effect_30-35
4404,429,Other,PoT,29,0.17265456512960825,112,3.8620689655172415,502,0.22310756972111553,167.96543999998084,effect_30-35
4405,430,Other,PoT,20,0.11907211388248845,66,3.3,533,0.12382739212007504,167.96543999998084,effect_30-35
4406,433,Other,PoT,32,0.19051538221198153,132,4.125,403,0.32754342431761785,167.96543999998084,effect_30-35
4407,434,Other,PoT,32,0.19051538221198153,118,3.6875,387,0.3049095607235142,167.96543999998084,effect_30-35
4408,435,Other,PoT,52,0.30958749609446995,198,3.8076923076923075,277,0.7148014440433214,167.96543999998084,effect_30-35
4409,437,Other,PoT,20,0.11907211388248845,79,3.95,264,0.29924242424242425,167.96543999998084,effect_30-35
4410,438,Other,PoT,27,0.1607473537413594,102,3.7777777777777777,258,0.3953488372093023,167.96543999998084,effect_30-35
4411,440,Other,SGN,41,0.24409783345910133,164,4.0,320,0.5125,167.96543999998084,effect_30-35
4412,443,Other,PoT,69,0.41079879289458515,289,4.188405797101449,743,0.38896366083445494,167.96543999998084,effect_30-35
4413,445,Other,SGN,88,0.5239173010829492,338,3.840909090909091,1185,0.2852320675105485,167.96543999998084,effect_30-35
4414,446,Other,SGN,45,0.267912256235599,193,4.288888888888889,275,0.7018181818181818,167.96543999998084,effect_30-35
4415,447,Other,SGN,48,0.2857730733179723,196,4.083333333333333,365,0.536986301369863,167.96543999998084,effect_30-35
4416,448,Other,SGN,56,0.33340191887096765,205,3.6607142857142856,657,0.3120243531202435,167.96543999998084,effect_30-35
4417,450,Other,SGN,74,0.44056682136520725,272,3.675675675675676,429,0.634032634032634,167.96543999998084,effect_30-35
4418,451,Other,SGN,56,0.33340191887096765,246,4.392857142857143,1643,0.14972611077297626,167.96543999998084,effect_30-35
4419,453,Other,SGN,58,0.3453091302592165,218,3.7586206896551726,1087,0.20055197792088317,167.96543999998084,effect_30-35
4420,457,Other,SGN,47,0.27981946762384785,172,3.6595744680851063,820,0.2097560975609756,167.96543999998084,effect_30-35
4421,458,Other,SGN,1,0.005953605694124423,3,3.0,128,0.0234375,167.96543999998084,effect_30-35
4422,463,Other,SGN,25,0.14884014235311055,91,3.64,413,0.22033898305084745,167.96543999998084,effect_30-35
4423,465,Other,SGN,103,0.6132213864948155,410,3.9805825242718447,973,0.42137718396711205,167.96543999998084,effect_30-35
4424,471,Other,SGN,85,0.5060564840005759,484,5.694117647058824,946,0.5116279069767442,167.96543999998084,effect_30-35
4425,492,Other,DG-sg,0,0.0,0,0.0,0,0.0,167.96543999998084,effect_30-35
4426,495,Other,DG-sg,0,0.0,0,0.0,0,0.0,167.96543999998084,effect_30-35
4427,496,Other,DG-sg,0,0.0,0,0.0,14,0.0,167.96543999998084,effect_30-35
4428,498,Other,DG-sg,0,0.0,0,0.0,0,0.0,167.96543999998084,effect_30-35
4429,500,Other,DG-sg,6,0.03572163416474654,21,3.5,198,0.10606060606060606,167.96543999998084,effect_30-35
4430,501,Other,DG-sg,9,0.0535824512471198,32,3.5555555555555554,259,0.12355212355212356,167.96543999998084,effect_30-35
4431,504,Other,DG-po,0,0.0,0,0.0,0,0.0,167.96543999998084,effect_30-35
4432,505,Other,DG-po,2,0.011907211388248845,6,3.0,105,0.05714285714285714,167.96543999998084,effect_30-35
4433,506,Other,DG-po,0,0.0,0,0.0,0,0.0,167.96543999998084,effect_30-35
4434,507,Other,DG-po,7,0.041675239858870956,25,3.5714285714285716,264,0.0946969696969697,167.96543999998084,effect_30-35
4435,511,Other,DG-po,0,0.0,0,0.0,0,0.0,167.96543999998084,effect_30-35
4436,513,Other,DG-po,0,0.0,0,0.0,22,0.0,167.96543999998084,effect_30-35
4437,538,Other,ProS,0,0.0,0,0.0,373,0.0,167.96543999998084,effect_30-35
4438,543,Other,ProS,0,0.0,0,0.0,104,0.0,167.96543999998084,effect_30-35
4439,546,Other,ProS,1,0.005953605694124423,4,4.0,376,0.010638297872340425,167.96543999998084,effect_30-35
4440,547,Other,SUB,2,0.011907211388248845,6,3.0,197,0.030456852791878174,167.96543999998084,effect_30-35
4441,549,Other,ProS,4,0.02381442277649769,15,3.75,832,0.018028846153846152,167.96543999998084,effect_30-35
4442,550,Other,ProS,0,0.0,0,0.0,129,0.0,167.96543999998084,effect_30-35
4443,551,Other,ProS,0,0.0,0,0.0,112,0.0,167.96543999998084,effect_30-35
4444,560,Other,ProS,0,0.0,0,0.0,0,0.0,167.96543999998084,effect_30-35
4445,561,Other,ProS,2,0.011907211388248845,7,3.5,286,0.024475524475524476,167.96543999998084,effect_30-35
4446,562,Other,ProS,7,0.041675239858870956,24,3.4285714285714284,990,0.024242424242424242,167.96543999998084,effect_30-35
4447,564,Other,ProS,19,0.11311850818836403,83,4.368421052631579,1079,0.07692307692307693,167.96543999998084,effect_30-35
4448,566,Other,ProS,10,0.059536056941244225,34,3.4,70,0.4857142857142857,167.96543999998084,effect_30-35
4449,567,Other,SUB,0,0.0,0,0.0,95,0.0,167.96543999998084,effect_30-35
4450,568,Other,SUB,0,0.0,0,0.0,19,0.0,167.96543999998084,effect_30-35
4451,569,Other,SUB,15,0.08930408541186634,60,4.0,603,0.09950248756218906,167.96543999998084,effect_30-35
4452,570,Other,SUB,0,0.0,0,0.0,7,0.0,167.96543999998084,effect_30-35
4453,571,Other,SUB,2,0.011907211388248845,6,3.0,690,0.008695652173913044,167.96543999998084,effect_30-35
4454,573,Other,SUB,0,0.0,0,0.0,5,0.0,167.96543999998084,effect_30-35
4455,574,Other,SUB,8,0.04762884555299538,38,4.75,169,0.22485207100591717,167.96543999998084,effect_30-35
4456,576,Other,SUB,3,0.01786081708237327,10,3.3333333333333335,173,0.057803468208092484,167.96543999998084,effect_30-35
4457,578,Other,SUB,10,0.059536056941244225,33,3.3,587,0.056218057921635436,167.96543999998084,effect_30-35
4458,579,Other,SUB,6,0.03572163416474654,20,3.3333333333333335,1666,0.012004801920768308,167.96543999998084,effect_30-35
4459,580,Other,SUB,0,0.0,0,0.0,437,0.0,167.96543999998084,effect_30-35
4460,582,Other,SUB,3,0.01786081708237327,12,4.0,288,0.041666666666666664,167.96543999998084,effect_30-35
4461,583,Other,SUB,41,0.24409783345910133,139,3.3902439024390243,3425,0.04058394160583942,167.96543999998084,effect_30-35
4462,584,Other,SUB,1,0.005953605694124423,4,4.0,533,0.0075046904315197,167.96543999998084,effect_30-35
4463,587,Other,SUB,0,0.0,0,0.0,397,0.0,167.96543999998084,effect_30-35
4464,588,Other,SUB,8,0.04762884555299538,36,4.5,286,0.1258741258741259,167.96543999998084,effect_30-35
4465,592,Other,SUB,12,0.07144326832949308,36,3.0,1528,0.02356020942408377,167.96543999998084,effect_30-35
4466,600,Other,SUB,6,0.03572163416474654,20,3.3333333333333335,963,0.020768431983385256,167.96543999998084,effect_30-35
4467,601,Other,SUB,33,0.19646898790610595,160,4.848484848484849,1427,0.11212333566923616,167.96543999998084,effect_30-35
4468,602,Other,SUB,7,0.041675239858870956,23,3.2857142857142856,771,0.029831387808041506,167.96543999998084,effect_30-35
4469,604,Other,SUB,2,0.011907211388248845,8,4.0,255,0.03137254901960784,167.96543999998084,effect_30-35
4470,605,Other,SUB,7,0.041675239858870956,22,3.142857142857143,839,0.026221692491060787,167.96543999998084,effect_30-35
4471,607,Other,SUB,4,0.02381442277649769,15,3.75,499,0.03006012024048096,167.96543999998084,effect_30-35
4472,611,Other,alv,4,0.02381442277649769,15,3.75,375,0.04,167.96543999998084,effect_30-35
4473,621,Other,VISp6a,31,0.1845617765178571,119,3.838709677419355,368,0.3233695652173913,167.96543999998084,effect_30-35
4474,627,Other,VISp5,1,0.005953605694124423,3,3.0,256,0.01171875,167.96543999998084,effect_30-35
4475,629,Other,VISp5,0,0.0,0,0.0,555,0.0,167.96543999998084,effect_30-35
4476,631,Other,VISp5,0,0.0,0,0.0,725,0.0,167.96543999998084,effect_30-35
4477,632,Other,VISp5,0,0.0,0,0.0,591,0.0,167.96543999998084,effect_30-35
4478,635,Other,VISp5,3,0.01786081708237327,9,3.0,1143,0.007874015748031496,167.96543999998084,effect_30-35
4479,636,Other,VISp5,0,0.0,0,0.0,725,0.0,167.96543999998084,effect_30-35
4480,637,Other,VISp5,0,0.0,0,0.0,272,0.0,167.96543999998084,effect_30-35
4481,639,Other,VISp5,1,0.005953605694124423,3,3.0,1117,0.0026857654431512983,167.96543999998084,effect_30-35
4482,642,Other,VISp5,0,0.0,0,0.0,677,0.0,167.96543999998084,effect_30-35
4483,645,Other,VISp5,0,0.0,0,0.0,678,0.0,167.96543999998084,effect_30-35
4484,646,Other,VISp5,0,0.0,0,0.0,935,0.0,167.96543999998084,effect_30-35
4485,647,Other,VISp5,0,0.0,0,0.0,648,0.0,167.96543999998084,effect_30-35
4486,651,Other,VISp5,0,0.0,0,0.0,710,0.0,167.96543999998084,effect_30-35
4487,653,Other,VISp5,0,0.0,0,0.0,619,0.0,167.96543999998084,effect_30-35
4488,655,Other,VISp5,0,0.0,0,0.0,985,0.0,167.96543999998084,effect_30-35
4489,656,Other,VISp5,1,0.005953605694124423,3,3.0,652,0.004601226993865031,167.96543999998084,effect_30-35
4490,663,Other,VISp5,0,0.0,0,0.0,281,0.0,167.96543999998084,effect_30-35
4491,668,Other,VISp4,1,0.005953605694124423,3,3.0,224,0.013392857142857142,167.96543999998084,effect_30-35
4492,669,Other,VISp4,0,0.0,0,0.0,278,0.0,167.96543999998084,effect_30-35
4493,679,Other,VISp4,0,0.0,0,0.0,146,0.0,167.96543999998084,effect_30-35
4494,681,Other,VISp4,0,0.0,0,0.0,11,0.0,167.96543999998084,effect_30-35
4495,684,Other,VISp2/3,0,0.0,0,0.0,15,0.0,167.96543999998084,effect_30-35
4496,687,Other,VISp2/3,0,0.0,0,0.0,137,0.0,167.96543999998084,effect_30-35
4497,688,Other,VISp2/3,0,0.0,0,0.0,53,0.0,167.96543999998084,effect_30-35
4498,689,Other,VISp2/3,0,0.0,0,0.0,5,0.0,167.96543999998084,effect_30-35
4499,690,Other,VISp2/3,0,0.0,0,0.0,175,0.0,167.96543999998084,effect_30-35
4500,695,Other,VISp2/3,0,0.0,0,0.0,78,0.0,167.96543999998084,effect_30-35
4501,696,Other,VISp2/3,0,0.0,0,0.0,17,0.0,167.96543999998084,effect_30-35
4502,697,Other,VISp2/3,0,0.0,0,0.0,118,0.0,167.96543999998084,effect_30-35
4503,700,Other,VISp2/3,0,0.0,0,0.0,163,0.0,167.96543999998084,effect_30-35
4504,708,Other,PoT,46,0.27386586192972345,205,4.456521739130435,263,0.779467680608365,167.96543999998084,effect_30-35
4505,711,Other,PoT,20,0.11907211388248845,72,3.6,195,0.36923076923076925,167.96543999998084,effect_30-35
4506,718,Other,PoT,12,0.07144326832949308,45,3.75,114,0.39473684210526316,167.96543999998084,effect_30-35
4507,719,Other,PoT,9,0.0535824512471198,35,3.888888888888889,429,0.08158508158508158,167.96543999998084,effect_30-35
4508,720,Other,PoT,9,0.0535824512471198,31,3.4444444444444446,354,0.08757062146892655,167.96543999998084,effect_30-35
4509,722,Other,PoT,23,0.13693293096486173,82,3.5652173913043477,314,0.2611464968152866,167.96543999998084,effect_30-35
4510,724,Other,SGN,21,0.12502571957661288,78,3.7142857142857144,169,0.46153846153846156,167.96543999998084,effect_30-35
4511,725,Other,SGN,45,0.267912256235599,161,3.577777777777778,628,0.25636942675159236,167.96543999998084,effect_30-35
4512,726,Other,SGN,43,0.25600504484735015,205,4.767441860465116,302,0.6788079470198676,167.96543999998084,effect_30-35
4513,727,Other,SGN,30,0.17860817082373268,120,4.0,224,0.5357142857142857,167.96543999998084,effect_30-35
4514,728,Other,SGN,20,0.11907211388248845,71,3.55,394,0.1802030456852792,167.96543999998084,effect_30-35
4515,730,Thalamus,LP,11,0.06548966263536865,30,2.727272727272727,139,0.2158273381294964,167.96543999998084,effect_30-35
4516,731,Thalamus,LP,13,0.07739687402361749,31,2.3846153846153846,421,0.07363420427553444,167.96543999998084,effect_30-35
4517,734,Other,DG-sg,0,0.0,0,0.0,0,0.0,167.96543999998084,effect_30-35
4518,735,Other,DG-sg,0,0.0,0,0.0,0,0.0,167.96543999998084,effect_30-35
4519,755,Other,SUB,2,0.011907211388248845,8,4.0,100,0.08,167.96543999998084,effect_30-35
4520,756,Other,ProS,0,0.0,0,0.0,1,0.0,167.96543999998084,effect_30-35
4521,758,Other,ProS,0,0.0,0,0.0,0,0.0,167.96543999998084,effect_30-35
4522,761,Other,SUB,24,0.14288653665898615,93,3.875,1717,0.054164239953407106,167.96543999998084,effect_30-35
4523,762,Other,SUB,0,0.0,0,0.0,230,0.0,167.96543999998084,effect_30-35
4524,763,Other,SUB,0,0.0,0,0.0,93,0.0,167.96543999998084,effect_30-35
4525,764,Other,SUB,15,0.08930408541186634,50,3.3333333333333335,1693,0.029533372711163616,167.96543999998084,effect_30-35
4526,769,Other,VISp5,0,0.0,0,0.0,5,0.0,167.96543999998084,effect_30-35
4527,780,Other,VISp2/3,0,0.0,0,0.0,20,0.0,167.96543999998084,effect_30-35
4528,782,Other,VISp2/3,0,0.0,0,0.0,25,0.0,167.96543999998084,effect_30-35
4529,783,Other,VISp2/3,0,0.0,0,0.0,7,0.0,167.96543999998084,effect_30-35
4530,784,Other,VISp2/3,0,0.0,0,0.0,20,0.0,167.96543999998084,effect_30-35
4531,786,Other,VISp2/3,1,0.005953605694124423,3,3.0,193,0.015544041450777202,167.96543999998084,effect_30-35
4532,793,Other,DG-sg,0,0.0,0,0.0,17,0.0,167.96543999998084,effect_30-35
4533,795,Other,DG-sg,0,0.0,0,0.0,0,0.0,167.96543999998084,effect_30-35
4534,796,Other,DG-sg,0,0.0,0,0.0,0,0.0,167.96543999998084,effect_30-35
4535,798,Other,ProS,0,0.0,0,0.0,0,0.0,167.96543999998084,effect_30-35
4536,799,Other,VISp2/3,0,0.0,0,0.0,17,0.0,167.96543999998084,effect_30-35
4537,806,Other,SPFp,0,0.0,0,0.0,2,0.0,167.96543999998084,effect_30-35
4538,809,Other,PoT,15,0.08930408541186634,50,3.3333333333333335,406,0.12315270935960591,167.96543999998084,effect_30-35
4539,811,Other,DG-mo,0,0.0,0,0.0,0,0.0,167.96543999998084,effect_30-35
4540,812,Other,DG-po,0,0.0,0,0.0,0,0.0,167.96543999998084,effect_30-35
4541,815,Other,ProS,0,0.0,0,0.0,0,0.0,167.96543999998084,effect_30-35
4542,816,Other,ProS,12,0.07144326832949308,36,3.0,2598,0.013856812933025405,167.96543999998084,effect_30-35
4543,818,Other,VISp5,0,0.0,0,0.0,226,0.0,167.96543999998084,effect_30-35
4544,820,Other,VISp2/3,0,0.0,0,0.0,60,0.0,167.96543999998084,effect_30-35
4545,822,Other,VISp6a,0,0.0,0,0.0,0,0.0,167.96543999998084,effect_30-35
4546,823,Other,VISp2/3,0,0.0,0,0.0,17,0.0,167.96543999998084,effect_30-35
4547,824,Other,VISp2/3,0,0.0,0,0.0,7,0.0,167.96543999998084,effect_30-35
4548,825,Other,VISp2/3,0,0.0,0,0.0,49,0.0,167.96543999998084,effect_30-35
4549,826,Other,VISp2/3,0,0.0,0,0.0,9,0.0,167.96543999998084,effect_30-35
4550,827,Other,VISp2/3,0,0.0,0,0.0,9,0.0,167.96543999998084,effect_30-35
4551,831,Other,VISp2/3,0,0.0,0,0.0,43,0.0,167.96543999998084,effect_30-35
4552,843,Other,int,0,0.0,0,0.0,42,0.0,167.96543999998084,effect_30-35
4553,845,Other,int,1,0.005953605694124423,3,3.0,1432,0.002094972067039106,167.96543999998084,effect_30-35
4554,851,Other,int,0,0.0,0,0.0,7,0.0,167.96543999998084,effect_30-35
4555,859,Other,int,0,0.0,0,0.0,586,0.0,167.96543999998084,effect_30-35
4556,865,Other,int,0,0.0,0,0.0,290,0.0,167.96543999998084,effect_30-35
4557,868,Other,int,0,0.0,0,0.0,90,0.0,167.96543999998084,effect_30-35
4558,873,Other,int,25,0.14884014235311055,82,3.28,5276,0.0155420773313116,167.96543999998084,effect_30-35
4559,892,Other,int,1,0.005953605694124423,3,3.0,59,0.05084745762711865,167.96543999998084,effect_30-35
4560,900,Other,int,0,0.0,0,0.0,16,0.0,167.96543999998084,effect_30-35
4561,904,Other,int,5,0.029768028470622113,19,3.8,1591,0.011942174732872407,167.96543999998084,effect_30-35
4562,913,Other,int,29,0.17265456512960825,98,3.3793103448275863,333,0.29429429429429427,167.96543999998084,effect_30-35
4563,914,Other,int,0,0.0,0,0.0,581,0.0,167.96543999998084,effect_30-35
4564,932,Other,int,8,0.04762884555299538,24,3.0,313,0.07667731629392971,167.96543999998084,effect_30-35
4565,938,Other,int,9,0.0535824512471198,27,3.0,433,0.06235565819861432,167.96543999998084,effect_30-35
4566,950,Other,int,1,0.005953605694124423,4,4.0,916,0.004366812227074236,167.96543999998084,effect_30-35
4567,962,STR,STR,0,0.0,0,0.0,1715,0.0,167.96543999998084,effect_30-35
4568,964,STR,STR,64,0.38103076442396305,330,5.15625,1492,0.22117962466487937,167.96543999998084,effect_30-35
4569,965,STR,STR,1,0.005953605694124423,3,3.0,132,0.022727272727272728,167.96543999998084,effect_30-35
4570,967,Other,int,3,0.01786081708237327,9,3.0,108,0.08333333333333333,167.96543999998084,effect_30-35
4571,969,STR,STR,1,0.005953605694124423,4,4.0,1204,0.0033222591362126247,167.96543999998084,effect_30-35
4572,970,Other,int,0,0.0,0,0.0,150,0.0,167.96543999998084,effect_30-35
4573,972,STR,STR,0,0.0,0,0.0,12,0.0,167.96543999998084,effect_30-35
4574,976,STR,STR,25,0.14884014235311055,89,3.56,427,0.20843091334894615,167.96543999998084,effect_30-35
4575,980,STR,CP,0,0.0,0,0.0,55,0.0,167.96543999998084,effect_30-35
4576,982,STR,CP,1,0.005953605694124423,3,3.0,523,0.0057361376673040155,167.96543999998084,effect_30-35
4577,984,STR,CP,0,0.0,0,0.0,312,0.0,167.96543999998084,effect_30-35
4578,986,STR,CP,1,0.005953605694124423,3,3.0,2642,0.0011355034065102195,167.96543999998084,effect_30-35
4579,988,STR,CP,198,1.1788139274366356,749,3.782828282828283,1651,0.45366444579043,167.96543999998084,effect_30-35
4580,989,STR,CP,0,0.0,0,0.0,315,0.0,167.96543999998084,effect_30-35
4581,990,STR,CP,0,0.0,0,0.0,427,0.0,167.96543999998084,effect_30-35
4582,993,STR,CP,6,0.03572163416474654,24,4.0,2248,0.010676156583629894,167.96543999998084,effect_30-35
4583,997,STR,CP,5,0.029768028470622113,35,7.0,1502,0.02330226364846871,167.96543999998084,effect_30-35
4584,1001,STR,CP,0,0.0,0,0.0,4,0.0,167.96543999998084,effect_30-35
4585,1008,STR,CP,19,0.11311850818836403,75,3.9473684210526314,2919,0.025693730729701953,167.96543999998084,effect_30-35
4586,1009,STR,CP,42,0.25005143915322575,143,3.4047619047619047,1280,0.11171875,167.96543999998084,effect_30-35
4587,1013,STR,CP,58,0.3453091302592165,236,4.068965517241379,333,0.7087087087087087,167.96543999998084,effect_30-35
4588,1014,STR,CP,0,0.0,0,0.0,24,0.0,167.96543999998084,effect_30-35
4589,1021,STR,CP,8,0.04762884555299538,26,3.25,721,0.036061026352288486,167.96543999998084,effect_30-35
4590,1027,STR,CP,4,0.02381442277649769,14,3.5,1031,0.013579049466537343,167.96543999998084,effect_30-35
4591,1028,STR,CP,0,0.0,0,0.0,1699,0.0,167.96543999998084,effect_30-35
4592,1033,STR,CP,148,0.8811336427304145,592,4.0,1660,0.3566265060240964,167.96543999998084,effect_30-35
4593,1038,STR,CP,20,0.11907211388248845,74,3.7,667,0.11094452773613193,167.96543999998084,effect_30-35
4594,1040,STR,CP,9,0.0535824512471198,30,3.3333333333333335,986,0.030425963488843813,167.96543999998084,effect_30-35
4595,1045,STR,CP,2,0.011907211388248845,7,3.5,1134,0.006172839506172839,167.96543999998084,effect_30-35
4596,1048,STR,CP,2,0.011907211388248845,10,5.0,1071,0.009337068160597572,167.96543999998084,effect_30-35
4597,1065,STR,CP,0,0.0,0,0.0,544,0.0,167.96543999998084,effect_30-35
4598,1066,STR,CP,1,0.005953605694124423,3,3.0,1551,0.0019342359767891683,167.96543999998084,effect_30-35
4599,1068,STR,CP,1,0.005953605694124423,3,3.0,303,0.009900990099009901,167.96543999998084,effect_30-35
4600,1069,STR,CP,6,0.03572163416474654,21,3.5,1287,0.016317016317016316,167.96543999998084,effect_30-35
4601,1073,STR,CP,38,0.22623701637672805,129,3.3947368421052633,3319,0.0388671286532088,167.96543999998084,effect_30-35
4602,1096,Somatosensory,SSp-bfd6a,0,0.0,0,0.0,149,0.0,167.96543999998084,effect_30-35
4603,1106,Somatosensory,SSp-bfd6a,10,0.059536056941244225,42,4.2,1311,0.032036613272311214,167.96543999998084,effect_30-35
4604,1108,Somatosensory,SSp-bfd6a,3,0.01786081708237327,10,3.3333333333333335,616,0.016233766233766232,167.96543999998084,effect_30-35
4605,1110,Somatosensory,SSp-bfd6a,6,0.03572163416474654,20,3.3333333333333335,555,0.036036036036036036,167.96543999998084,effect_30-35
4606,1111,Somatosensory,SSp-bfd6a,1,0.005953605694124423,3,3.0,249,0.012048192771084338,167.96543999998084,effect_30-35
4607,1113,Somatosensory,SSp-bfd6a,6,0.03572163416474654,25,4.166666666666667,2000,0.0125,167.96543999998084,effect_30-35
4608,1114,Somatosensory,SSp-bfd6a,2,0.011907211388248845,6,3.0,352,0.017045454545454544,167.96543999998084,effect_30-35
4609,1115,Somatosensory,SSp-bfd6a,0,0.0,0,0.0,45,0.0,167.96543999998084,effect_30-35
4610,1117,Somatosensory,SSp-bfd6a,0,0.0,0,0.0,25,0.0,167.96543999998084,effect_30-35
4611,1118,Somatosensory,SSp-bfd6a,0,0.0,0,0.0,665,0.0,167.96543999998084,effect_30-35
4612,1119,Somatosensory,SSp-bfd6a,1,0.005953605694124423,8,8.0,369,0.02168021680216802,167.96543999998084,effect_30-35
4613,1126,Somatosensory,SSp-bfd6a,38,0.22623701637672805,187,4.921052631578948,1584,0.11805555555555555,167.96543999998084,effect_30-35
4614,1128,Somatosensory,SSp-bfd6a,0,0.0,0,0.0,430,0.0,167.96543999998084,effect_30-35
4615,1130,Somatosensory,SSp-bfd6a,0,0.0,0,0.0,244,0.0,167.96543999998084,effect_30-35
4616,1133,Somatosensory,SSp-bfd6a,2,0.011907211388248845,6,3.0,1267,0.004735595895816891,167.96543999998084,effect_30-35
4617,1138,Somatosensory,SSp-bfd5,0,0.0,0,0.0,255,0.0,167.96543999998084,effect_30-35
4618,1142,Somatosensory,SSp-bfd5,0,0.0,0,0.0,1511,0.0,167.96543999998084,effect_30-35
4619,1151,Somatosensory,SSp-bfd5,0,0.0,0,0.0,261,0.0,167.96543999998084,effect_30-35
4620,1154,Somatosensory,SSp-bfd5,0,0.0,0,0.0,1563,0.0,167.96543999998084,effect_30-35
4621,1160,Somatosensory,SSp-bfd5,1,0.005953605694124423,3,3.0,14,0.21428571428571427,167.96543999998084,effect_30-35
4622,1180,Somatosensory,SSp-bfd5,0,0.0,0,0.0,452,0.0,167.96543999998084,effect_30-35
4623,1191,Somatosensory,SSp-bfd4,0,0.0,0,0.0,97,0.0,167.96543999998084,effect_30-35
4624,1192,Somatosensory,SSp-bfd4,0,0.0,0,0.0,0,0.0,167.96543999998084,effect_30-35
4625,1194,Somatosensory,SSp-bfd5,0,0.0,0,0.0,151,0.0,167.96543999998084,effect_30-35
4626,1198,Somatosensory,SSp-bfd4,0,0.0,0,0.0,108,0.0,167.96543999998084,effect_30-35
4627,1201,Somatosensory,SSp-bfd4,0,0.0,0,0.0,254,0.0,167.96543999998084,effect_30-35
4628,1209,Somatosensory,SSp-bfd4,0,0.0,0,0.0,0,0.0,167.96543999998084,effect_30-35
4629,1210,Somatosensory,SSp-bfd4,1,0.005953605694124423,3,3.0,596,0.0050335570469798654,167.96543999998084,effect_30-35
4630,1212,Somatosensory,SSp-bfd4,0,0.0,0,0.0,421,0.0,167.96543999998084,effect_30-35
4631,1215,Somatosensory,SSp-bfd4,0,0.0,0,0.0,23,0.0,167.96543999998084,effect_30-35
4632,1219,Somatosensory,SSp-bfd4,0,0.0,0,0.0,0,0.0,167.96543999998084,effect_30-35
4633,1220,Somatosensory,SSp-bfd4,0,0.0,0,0.0,8,0.0,167.96543999998084,effect_30-35
4634,1222,Somatosensory,SSp-bfd4,0,0.0,0,0.0,441,0.0,167.96543999998084,effect_30-35
4635,1223,Somatosensory,SSp-bfd4,0,0.0,0,0.0,28,0.0,167.96543999998084,effect_30-35
4636,1227,Somatosensory,SSp-bfd4,0,0.0,0,0.0,22,0.0,167.96543999998084,effect_30-35
4637,1230,Somatosensory,SSp-bfd4,0,0.0,0,0.0,804,0.0,167.96543999998084,effect_30-35
4638,1234,Somatosensory,SSp-bfd4,0,0.0,0,0.0,0,0.0,167.96543999998084,effect_30-35
4639,1235,Somatosensory,SSp-bfd4,0,0.0,0,0.0,257,0.0,167.96543999998084,effect_30-35
4640,1236,Somatosensory,SSp-bfd4,0,0.0,0,0.0,0,0.0,167.96543999998084,effect_30-35
4641,1239,Somatosensory,SSp-bfd4,0,0.0,0,0.0,119,0.0,167.96543999998084,effect_30-35
4642,1244,Somatosensory,SSp-bfd4,0,0.0,0,0.0,1,0.0,167.96543999998084,effect_30-35
4643,1245,Somatosensory,SSp-bfd4,0,0.0,0,0.0,153,0.0,167.96543999998084,effect_30-35
4644,1247,Somatosensory,SSp-bfd4,0,0.0,0,0.0,117,0.0,167.96543999998084,effect_30-35
4645,1248,Somatosensory,SSp-bfd4,0,0.0,0,0.0,294,0.0,167.96543999998084,effect_30-35
4646,1254,Somatosensory,SSp-bfd2/3,1,0.005953605694124423,4,4.0,15,0.26666666666666666,167.96543999998084,effect_30-35
4647,1257,Somatosensory,SSp-bfd2/3,104,0.6191749921889399,344,3.3076923076923075,2065,0.1665859564164649,167.96543999998084,effect_30-35
4648,1258,Somatosensory,SSp-bfd4,0,0.0,0,0.0,0,0.0,167.96543999998084,effect_30-35
4649,1265,Somatosensory,SSp-bfd2/3,0,0.0,0,0.0,19,0.0,167.96543999998084,effect_30-35
4650,1267,Somatosensory,SSp-bfd2/3,4,0.02381442277649769,13,3.25,170,0.07647058823529412,167.96543999998084,effect_30-35
4651,1286,Somatosensory,SSp-bfd2/3,0,0.0,0,0.0,20,0.0,167.96543999998084,effect_30-35
4652,1318,STR,CP,1,0.005953605694124423,4,4.0,39,0.10256410256410256,167.96543999998084,effect_30-35
4653,1319,STR,CP,0,0.0,0,0.0,1,0.0,167.96543999998084,effect_30-35
4654,1321,STR,CP,0,0.0,0,0.0,0,0.0,167.96543999998084,effect_30-35
4655,1331,STR,CP,0,0.0,0,0.0,0,0.0,167.96543999998084,effect_30-35
4656,1337,Somatosensory,SSp-bfd6a,4,0.02381442277649769,15,3.75,34,0.4411764705882353,167.96543999998084,effect_30-35
4657,1350,Somatosensory,SSp-bfd5,0,0.0,0,0.0,0,0.0,167.96543999998084,effect_30-35
4658,1354,Somatosensory,SSp-bfd5,0,0.0,0,0.0,25,0.0,167.96543999998084,effect_30-35
4659,1357,Somatosensory,SSp-bfd5,0,0.0,0,0.0,6,0.0,167.96543999998084,effect_30-35
4660,1369,Somatosensory,SSp-bfd2/3,0,0.0,0,0.0,0,0.0,167.96543999998084,effect_30-35
4661,1370,Somatosensory,SSp-bfd4,0,0.0,0,0.0,0,0.0,167.96543999998084,effect_30-35
4662,1372,Somatosensory,SSp-bfd2/3,0,0.0,0,0.0,0,0.0,167.96543999998084,effect_30-35
4663,1373,Somatosensory,SSp-bfd2/3,0,0.0,0,0.0,3,0.0,167.96543999998084,effect_30-35
4664,1374,Somatosensory,SSp-bfd4,0,0.0,0,0.0,128,0.0,167.96543999998084,effect_30-35
4665,1386,Somatosensory,SSp-bfd2/3,0,0.0,0,0.0,0,0.0,167.96543999998084,effect_30-35
4666,1405,Somatosensory,SSp-bfd5,0,0.0,0,0.0,0,0.0,167.96543999998084,effect_30-35
4667,1407,Somatosensory,SSp-bfd4,0,0.0,0,0.0,0,0.0,167.96543999998084,effect_30-35
4668,1414,Other,int,3,0.01786081708237327,9,3.0,95,0.09473684210526316,167.96543999998084,effect_30-35
4669,1418,Somatosensory,SSp-bfd6a,0,0.0,0,0.0,9,0.0,167.96543999998084,effect_30-35
4670,1420,Somatosensory,SSp-bfd5,0,0.0,0,0.0,0,0.0,167.96543999998084,effect_30-35
4671,1426,STR,STR,0,0.0,0,0.0,22,0.0,167.96543999998084,effect_30-35
4672,1428,Somatosensory,SSp-bfd2/3,0,0.0,0,0.0,0,0.0,167.96543999998084,effect_30-35
4673,1430,STR,STR,0,0.0,0,0.0,8,0.0,167.96543999998084,effect_30-35
4674,1432,STR,STR,0,0.0,0,0.0,4,0.0,167.96543999998084,effect_30-35
4675,1435,Other,DP,1,0.005953605694124423,3,3.0,1631,0.0018393623543838135,167.96543999998084,effect_30-35
4676,1443,Other,ILA2/3,0,0.0,0,0.0,6,0.0,167.96543999998084,effect_30-35
4677,1445,Other,ILA2/3,0,0.0,0,0.0,3,0.0,167.96543999998084,effect_30-35
4678,1446,Other,ILA2/3,0,0.0,0,0.0,21,0.0,167.96543999998084,effect_30-35
4679,1461,Other,ILA5,0,0.0,0,0.0,88,0.0,167.96543999998084,effect_30-35
4680,1464,Other,ILA5,0,0.0,0,0.0,24,0.0,167.96543999998084,effect_30-35
4681,1468,Other,ILA5,1,0.005953605694124423,3,3.0,1508,0.001989389920424403,167.96543999998084,effect_30-35
4682,1506,Other,ILA5,0,0.0,0,0.0,76,0.0,167.96543999998084,effect_30-35
4683,1507,Other,ILA5,0,0.0,0,0.0,0,0.0,167.96543999998084,effect_30-35
4684,1509,Other,ILA5,0,0.0,0,0.0,296,0.0,167.96543999998084,effect_30-35
4685,1516,Other,ILA5,0,0.0,0,0.0,8,0.0,167.96543999998084,effect_30-35
4686,1529,Other,ILA5,0,0.0,0,0.0,311,0.0,167.96543999998084,effect_30-35
4687,1531,Other,ILA5,3,0.01786081708237327,9,3.0,19,0.47368421052631576,167.96543999998084,effect_30-35
4688,1534,Other,ILA5,0,0.0,0,0.0,1,0.0,167.96543999998084,effect_30-35
4689,1535,Other,ILA5,0,0.0,0,0.0,213,0.0,167.96543999998084,effect_30-35
4690,1537,Other,ILA5,0,0.0,0,0.0,0,0.0,167.96543999998084,effect_30-35
4691,1538,Other,ILA5,0,0.0,0,0.0,8,0.0,167.96543999998084,effect_30-35
4692,1539,Other,ILA5,0,0.0,0,0.0,194,0.0,167.96543999998084,effect_30-35
4693,1541,Other,ILA5,0,0.0,0,0.0,16,0.0,167.96543999998084,effect_30-35
4694,1545,Other,ILA5,0,0.0,0,0.0,6,0.0,167.96543999998084,effect_30-35
4695,1550,Other,ILA5,0,0.0,0,0.0,22,0.0,167.96543999998084,effect_30-35
4696,1553,Other,PL5,22,0.1309793252707373,67,3.0454545454545454,394,0.1700507614213198,167.96543999998084,effect_30-35
4697,1556,Other,PL5,0,0.0,0,0.0,2021,0.0,167.96543999998084,effect_30-35
4698,1563,Other,PL5,0,0.0,0,0.0,432,0.0,167.96543999998084,effect_30-35
4699,1566,Other,PL6a,0,0.0,0,0.0,5,0.0,167.96543999998084,effect_30-35
4700,1570,Other,PL6a,0,0.0,0,0.0,29,0.0,167.96543999998084,effect_30-35
4701,1573,Other,PL6a,3,0.01786081708237327,9,3.0,408,0.022058823529411766,167.96543999998084,effect_30-35
4702,1582,Other,PL6a,0,0.0,0,0.0,0,0.0,167.96543999998084,effect_30-35
4703,1589,Other,PL6a,0,0.0,0,0.0,537,0.0,167.96543999998084,effect_30-35
4704,1591,Other,PL6a,0,0.0,0,0.0,4,0.0,167.96543999998084,effect_30-35
4705,1593,Other,PL6a,4,0.02381442277649769,16,4.0,2382,0.006717044500419815,167.96543999998084,effect_30-35
4706,1594,Other,PL6a,10,0.059536056941244225,32,3.2,4523,0.007074950254256025,167.96543999998084,effect_30-35
4707,1606,Other,PL6a,0,0.0,0,0.0,40,0.0,167.96543999998084,effect_30-35
4708,1611,Other,PL6a,0,0.0,0,0.0,59,0.0,167.96543999998084,effect_30-35
4709,1615,Other,PL6a,0,0.0,0,0.0,489,0.0,167.96543999998084,effect_30-35
4710,1624,Other,PL6a,0,0.0,0,0.0,1,0.0,167.96543999998084,effect_30-35
4711,1627,Other,PL6a,0,0.0,0,0.0,14,0.0,167.96543999998084,effect_30-35
4712,1641,Other,PL6a,0,0.0,0,0.0,5,0.0,167.96543999998084,effect_30-35
4713,1643,Other,PL6a,0,0.0,0,0.0,11,0.0,167.96543999998084,effect_30-35
4714,1651,Other,PL5,0,0.0,0,0.0,1,0.0,167.96543999998084,effect_30-35
4715,1655,Other,PL5,0,0.0,0,0.0,488,0.0,167.96543999998084,effect_30-35
4716,1658,Other,PL5,0,0.0,0,0.0,11,0.0,167.96543999998084,effect_30-35
4717,1676,Motor,MOs5,0,0.0,0,0.0,17,0.0,167.96543999998084,effect_30-35
4718,1681,Motor,MOs5,0,0.0,0,0.0,0,0.0,167.96543999998084,effect_30-35
4719,1684,Motor,MOs5,0,0.0,0,0.0,1,0.0,167.96543999998084,effect_30-35
4720,1685,Motor,MOs5,4,0.02381442277649769,14,3.5,205,0.06829268292682927,167.96543999998084,effect_30-35
4721,1686,Motor,MOs5,0,0.0,0,0.0,0,0.0,167.96543999998084,effect_30-35
4722,1687,Motor,MOs5,57,0.3393555245650921,194,3.4035087719298245,629,0.30842607313195547,167.96543999998084,effect_30-35
4723,1690,Motor,MOs5,1,0.005953605694124423,3,3.0,40,0.075,167.96543999998084,effect_30-35
4724,1697,Motor,MOs5,0,0.0,0,0.0,68,0.0,167.96543999998084,effect_30-35
4725,1699,Motor,MOs5,0,0.0,0,0.0,14,0.0,167.96543999998084,effect_30-35
4726,1713,Motor,MOs5,0,0.0,0,0.0,191,0.0,167.96543999998084,effect_30-35
4727,1738,Motor,MOs5,0,0.0,0,0.0,241,0.0,167.96543999998084,effect_30-35
4728,1747,STR,LSr,0,0.0,0,0.0,5,0.0,167.96543999998084,effect_30-35
4729,1749,STR,STR,0,0.0,0,0.0,14,0.0,167.96543999998084,effect_30-35
4730,1762,Other,ILA5,0,0.0,0,0.0,25,0.0,167.96543999998084,effect_30-35
4731,1763,Other,ILA5,0,0.0,0,0.0,17,0.0,167.96543999998084,effect_30-35
4732,1764,Other,ILA5,0,0.0,0,0.0,0,0.0,167.96543999998084,effect_30-35
4733,1768,Other,ILA5,0,0.0,0,0.0,25,0.0,167.96543999998084,effect_30-35
4734,1769,Other,ILA5,0,0.0,0,0.0,5,0.0,167.96543999998084,effect_30-35
4735,1782,Other,ILA5,0,0.0,0,0.0,1,0.0,167.96543999998084,effect_30-35
4736,1783,Other,ILA5,0,0.0,0,0.0,5,0.0,167.96543999998084,effect_30-35
4737,1785,Other,ILA5,0,0.0,0,0.0,66,0.0,167.96543999998084,effect_30-35
4738,1786,Other,ILA5,0,0.0,0,0.0,1,0.0,167.96543999998084,effect_30-35
4739,1789,Other,PL5,0,0.0,0,0.0,217,0.0,167.96543999998084,effect_30-35
4740,1796,Other,PL6a,0,0.0,0,0.0,15,0.0,167.96543999998084,effect_30-35
4741,1799,Other,PL6a,0,0.0,0,0.0,15,0.0,167.96543999998084,effect_30-35
4742,1801,Other,PL6a,0,0.0,0,0.0,8,0.0,167.96543999998084,effect_30-35
4743,1804,Other,PL6a,0,0.0,0,0.0,13,0.0,167.96543999998084,effect_30-35
4744,1806,Other,PL6a,0,0.0,0,0.0,0,0.0,167.96543999998084,effect_30-35
4745,1809,Other,PL6a,0,0.0,0,0.0,0,0.0,167.96543999998084,effect_30-35
4746,1811,Other,PL6a,0,0.0,0,0.0,55,0.0,167.96543999998084,effect_30-35
4747,1813,Other,PL6a,0,0.0,0,0.0,0,0.0,167.96543999998084,effect_30-35
4748,1815,Other,PL6a,0,0.0,0,0.0,2,0.0,167.96543999998084,effect_30-35
4749,1816,Other,PL6a,0,0.0,0,0.0,0,0.0,167.96543999998084,effect_30-35
4750,1818,Other,PL6a,0,0.0,0,0.0,40,0.0,167.96543999998084,effect_30-35
4751,1819,Other,PL6a,0,0.0,0,0.0,12,0.0,167.96543999998084,effect_30-35
4752,1822,Motor,MOs5,0,0.0,0,0.0,0,0.0,167.96543999998084,effect_30-35
4753,1826,Motor,MOs5,0,0.0,0,0.0,2,0.0,167.96543999998084,effect_30-35
4754,1827,Motor,MOs5,0,0.0,0,0.0,0,0.0,167.96543999998084,effect_30-35
4755,1828,Motor,MOs5,2,0.011907211388248845,6,3.0,23,0.2608695652173913,167.96543999998084,effect_30-35
4756,1829,Motor,MOs5,0,0.0,0,0.0,27,0.0,167.96543999998084,effect_30-35
4757,1830,Motor,MOs5,0,0.0,0,0.0,50,0.0,167.96543999998084,effect_30-35
4758,1832,Motor,MOs5,0,0.0,0,0.0,2,0.0,167.96543999998084,effect_30-35
4759,1833,Motor,MOs5,0,0.0,0,0.0,7,0.0,167.96543999998084,effect_30-35
4760,1840,STR,STR,1,0.005953605694124423,5,5.0,15,0.3333333333333333,167.96543999998084,effect_30-35
4761,1844,Other,ILA2/3,0,0.0,0,0.0,64,0.0,167.96543999998084,effect_30-35
4762,1848,Other,ILA5,0,0.0,0,0.0,8,0.0,167.96543999998084,effect_30-35
4763,1849,Other,ILA5,0,0.0,0,0.0,1,0.0,167.96543999998084,effect_30-35
4764,1850,Other,PL6a,0,0.0,0,0.0,0,0.0,167.96543999998084,effect_30-35
4765,1851,Other,PL6a,0,0.0,0,0.0,1,0.0,167.96543999998084,effect_30-35
4766,1852,Other,PL6a,0,0.0,0,0.0,0,0.0,167.96543999998084,effect_30-35
4767,1854,Motor,MOs5,0,0.0,0,0.0,24,0.0,167.96543999998084,effect_30-35
4768,1855,Other,ILA2/3,0,0.0,0,0.0,2,0.0,167.96543999998084,effect_30-35
4769,1856,Other,ILA5,0,0.0,0,0.0,123,0.0,167.96543999998084,effect_30-35
4770,1857,Other,ILA5,0,0.0,0,0.0,5,0.0,167.96543999998084,effect_30-35
4771,1860,Other,PL6a,0,0.0,0,0.0,1,0.0,167.96543999998084,effect_30-35
4772,1862,Motor,MOs5,0,0.0,0,0.0,31,0.0,167.96543999998084,effect_30-35
4773,1863,Motor,MOs5,0,0.0,0,0.0,18,0.0,167.96543999998084,effect_30-35
4774,1864,Motor,MOs5,0,0.0,0,0.0,2,0.0,167.96543999998084,effect_30-35
4775,1865,Motor,MOs5,0,0.0,0,0.0,18,0.0,167.96543999998084,effect_30-35
4776,1866,Motor,MOs5,0,0.0,0,0.0,2,0.0,167.96543999998084,effect_30-35
4777,1868,Motor,MOs5,0,0.0,0,0.0,60,0.0,167.96543999998084,effect_30-35
4778,1872,Motor,MOs5,0,0.0,0,0.0,1,0.0,167.96543999998084,effect_30-35
4779,3,Other,AMd,8,0.034373202925988514,29,3.625,1029,0.028182701652089408,232.739439999973,effect_35-40
4780,4,Other,AMd,33,0.1417894620697026,106,3.212121212121212,1531,0.06923579359895493,232.739439999973,effect_35-40
4781,9,Other,AMd,27,0.11600955987521124,83,3.074074074074074,1429,0.05808257522743177,232.739439999973,effect_35-40
4782,10,Other,AMd,76,0.3265454277968909,257,3.3815789473684212,800,0.32125,232.739439999973,effect_35-40
4783,12,Other,AMd,129,0.5542678971815648,448,3.4728682170542635,2472,0.18122977346278318,232.739439999973,effect_35-40
4784,13,Other,AMd,31,0.1331961613382055,107,3.4516129032258065,2009,0.053260328521652564,232.739439999973,effect_35-40
4785,14,Other,AMd,73,0.31365547669964516,257,3.5205479452054793,1367,0.18800292611558156,232.739439999973,effect_35-40
4786,16,Other,AMd,45,0.1933492664586854,162,3.6,1094,0.1480804387568556,232.739439999973,effect_35-40
4787,20,Other,AMd,67,0.2878755745051538,221,3.298507462686567,1311,0.16857360793287568,232.739439999973,effect_35-40
4788,21,Other,AMd,145,0.6230143030335418,544,3.7517241379310344,2014,0.2701092353525323,232.739439999973,effect_35-40
4789,23,Other,AMd,33,0.1417894620697026,114,3.4545454545454546,2253,0.05059920106524634,232.739439999973,effect_35-40
4790,24,Other,AMd,58,0.24920572121341672,192,3.310344827586207,1479,0.12981744421906694,232.739439999973,effect_35-40
4791,26,Other,AMd,142,0.6101243519362961,485,3.415492957746479,1523,0.3184504267892318,232.739439999973,effect_35-40
4792,28,Other,AMd,55,0.23631577011617103,183,3.327272727272727,1110,0.16486486486486487,232.739439999973,effect_35-40
4793,29,Other,AMd,79,0.33943537889413655,257,3.2531645569620253,1011,0.2542037586547972,232.739439999973,effect_35-40
4794,30,Other,AMd,123,0.5284879949870734,450,3.658536585365854,1113,0.40431266846361186,232.739439999973,effect_35-40
4795,33,Other,AMd,31,0.1331961613382055,102,3.2903225806451615,1014,0.10059171597633136,232.739439999973,effect_35-40
4796,34,Other,AMd,47,0.20194256719018253,149,3.1702127659574466,1061,0.14043355325164938,232.739439999973,effect_35-40
4797,36,Other,AMd,27,0.11600955987521124,87,3.2222222222222223,2096,0.04150763358778626,232.739439999973,effect_35-40
4798,38,Other,AMd,61,0.2620956723106624,203,3.3278688524590163,1018,0.1994106090373281,232.739439999973,effect_35-40
4799,42,Other,AMd,19,0.08163635694922272,67,3.526315789473684,1374,0.0487627365356623,232.739439999973,effect_35-40
4800,44,Other,AMd,103,0.4425549876721021,348,3.378640776699029,1510,0.2304635761589404,232.739439999973,effect_35-40
4801,45,Other,AMd,108,0.46403823950084494,378,3.5,1942,0.19464469618949537,232.739439999973,effect_35-40
4802,46,Other,AMd,72,0.3093588263338966,248,3.4444444444444446,1499,0.16544362908605736,232.739439999973,effect_35-40
4803,48,Other,AMd,56,0.24061242048191958,187,3.3392857142857144,1141,0.16389132340052587,232.739439999973,effect_35-40
4804,49,Other,AMd,70,0.3007655256023995,240,3.4285714285714284,1318,0.18209408194233687,232.739439999973,effect_35-40
4805,54,Other,AMd,68,0.2921722248709024,222,3.264705882352941,1196,0.18561872909698995,232.739439999973,effect_35-40
4806,58,Other,AMd,19,0.08163635694922272,60,3.1578947368421053,561,0.10695187165775401,232.739439999973,effect_35-40
4807,61,Other,AMd,126,0.5413779460843191,428,3.3968253968253967,1648,0.25970873786407767,232.739439999973,effect_35-40
4808,62,Other,AMd,28,0.12030621024095979,96,3.4285714285714284,606,0.15841584158415842,232.739439999973,effect_35-40
4809,63,Other,AMd,108,0.46403823950084494,362,3.3518518518518516,1081,0.3348751156336725,232.739439999973,effect_35-40
4810,69,Other,AMd,37,0.1589760635326969,113,3.054054054054054,825,0.13696969696969696,232.739439999973,effect_35-40
4811,74,Other,AD,126,0.5413779460843191,454,3.6031746031746033,1706,0.2661195779601407,232.739439999973,effect_35-40
4812,97,Other,AD,7,0.030076552560239948,35,5.0,589,0.059422750424448216,232.739439999973,effect_35-40
4813,98,Other,AD,17,0.0730430562177256,79,4.647058823529412,1335,0.05917602996254682,232.739439999973,effect_35-40
4814,102,Other,cing,35,0.15038276280119975,210,6.0,2202,0.09536784741144415,232.739439999973,effect_35-40
4815,103,Motor,MOp6a,4,0.017186601462994257,24,6.0,479,0.05010438413361169,232.739439999973,effect_35-40
4816,104,Motor,MOp6a,0,0.0,0,0.0,601,0.0,232.739439999973,effect_35-40
4817,105,Motor,MOp6a,64,0.2749856234079081,361,5.640625,2555,0.14129158512720155,232.739439999973,effect_35-40
4818,108,Motor,MOp6a,1,0.004296650365748564,4,4.0,2454,0.0016299918500407497,232.739439999973,effect_35-40
4819,117,Motor,MOp6a,1,0.004296650365748564,3,3.0,1229,0.0024410089503661514,232.739439999973,effect_35-40
4820,122,Motor,MOp5,4,0.017186601462994257,15,3.75,166,0.09036144578313253,232.739439999973,effect_35-40
4821,124,Motor,MOp5,0,0.0,0,0.0,147,0.0,232.739439999973,effect_35-40
4822,126,Motor,MOp5,0,0.0,0,0.0,38,0.0,232.739439999973,effect_35-40
4823,127,Motor,MOp5,0,0.0,0,0.0,86,0.0,232.739439999973,effect_35-40
4824,128,Motor,MOp5,4,0.017186601462994257,13,3.25,1059,0.012275731822474031,232.739439999973,effect_35-40
4825,131,Motor,MOp5,2,0.008593300731497128,6,3.0,375,0.016,232.739439999973,effect_35-40
4826,137,Motor,MOp5,4,0.017186601462994257,16,4.0,641,0.0249609984399376,232.739439999973,effect_35-40
4827,139,Motor,MOp5,3,0.012889951097245693,9,3.0,866,0.010392609699769052,232.739439999973,effect_35-40
4828,141,Motor,MOp5,17,0.0730430562177256,71,4.176470588235294,2296,0.03092334494773519,232.739439999973,effect_35-40
4829,145,Motor,MOp5,0,0.0,0,0.0,158,0.0,232.739439999973,effect_35-40
4830,146,Motor,MOp5,9,0.038669853291737076,42,4.666666666666667,2250,0.018666666666666668,232.739439999973,effect_35-40
4831,150,Motor,MOp5,0,0.0,0,0.0,42,0.0,232.739439999973,effect_35-40
4832,151,Motor,MOp5,39,0.167569364264194,136,3.4871794871794872,2266,0.06001765225066196,232.739439999973,effect_35-40
4833,152,Motor,MOp5,0,0.0,0,0.0,121,0.0,232.739439999973,effect_35-40
4834,153,Motor,MOp5,0,0.0,0,0.0,12,0.0,232.739439999973,effect_35-40
4835,154,Motor,MOp5,0,0.0,0,0.0,1180,0.0,232.739439999973,effect_35-40
4836,155,Motor,MOp5,0,0.0,0,0.0,164,0.0,232.739439999973,effect_35-40
4837,157,Motor,MOp5,0,0.0,0,0.0,237,0.0,232.739439999973,effect_35-40
4838,161,Motor,MOp5,0,0.0,0,0.0,145,0.0,232.739439999973,effect_35-40
4839,164,Motor,MOp2/3,0,0.0,0,0.0,68,0.0,232.739439999973,effect_35-40
4840,167,Other,RSPagl2/3,1,0.004296650365748564,3,3.0,1221,0.002457002457002457,232.739439999973,effect_35-40
4841,174,Other,RSPagl2/3,0,0.0,0,0.0,187,0.0,232.739439999973,effect_35-40
4842,178,Other,RSPagl2/3,0,0.0,0,0.0,204,0.0,232.739439999973,effect_35-40
4843,182,Somatosensory,SSp-tr2/3,1,0.004296650365748564,3,3.0,33,0.09090909090909091,232.739439999973,effect_35-40
4844,186,Somatosensory,SSp-tr2/3,4,0.017186601462994257,12,3.0,657,0.0182648401826484,232.739439999973,effect_35-40
4845,188,Somatosensory,SSp-tr2/3,0,0.0,0,0.0,679,0.0,232.739439999973,effect_35-40
4846,192,Somatosensory,SSp-tr2/3,0,0.0,0,0.0,252,0.0,232.739439999973,effect_35-40
4847,193,Somatosensory,SSp-tr2/3,0,0.0,0,0.0,367,0.0,232.739439999973,effect_35-40
4848,197,Somatosensory,SSp-tr2/3,0,0.0,0,0.0,342,0.0,232.739439999973,effect_35-40
4849,204,Somatosensory,SSp-tr1,0,0.0,0,0.0,32,0.0,232.739439999973,effect_35-40
4850,205,Other,AMd,71,0.30506217596814805,253,3.563380281690141,572,0.4423076923076923,232.739439999973,effect_35-40
4851,206,Other,AD,40,0.17186601462994255,129,3.225,825,0.15636363636363637,232.739439999973,effect_35-40
4852,210,Motor,MOp6a,1,0.004296650365748564,4,4.0,133,0.03007518796992481,232.739439999973,effect_35-40
4853,211,Motor,MOp6a,25,0.10741625914371411,139,5.56,2197,0.06326809285389166,232.739439999973,effect_35-40
4854,213,Motor,MOp5,0,0.0,0,0.0,45,0.0,232.739439999973,effect_35-40
4855,216,Motor,MOp5,0,0.0,0,0.0,20,0.0,232.739439999973,effect_35-40
4856,217,Motor,MOp5,0,0.0,0,0.0,6,0.0,232.739439999973,effect_35-40
4857,218,Motor,MOp5,2,0.008593300731497128,7,3.5,382,0.01832460732984293,232.739439999973,effect_35-40
4858,219,Motor,MOp5,1,0.004296650365748564,3,3.0,168,0.017857142857142856,232.739439999973,effect_35-40
4859,221,Motor,MOp5,0,0.0,0,0.0,189,0.0,232.739439999973,effect_35-40
4860,223,Motor,MOp5,0,0.0,0,0.0,31,0.0,232.739439999973,effect_35-40
4861,226,Motor,MOp5,0,0.0,0,0.0,99,0.0,232.739439999973,effect_35-40
4862,227,Motor,MOp5,0,0.0,0,0.0,52,0.0,232.739439999973,effect_35-40
4863,230,Other,RSPagl2/3,0,0.0,0,0.0,2,0.0,232.739439999973,effect_35-40
4864,232,Somatosensory,SSp-tr2/3,0,0.0,0,0.0,139,0.0,232.739439999973,effect_35-40
4865,233,Somatosensory,SSp-tr2/3,0,0.0,0,0.0,27,0.0,232.739439999973,effect_35-40
4866,234,Somatosensory,SSp-tr2/3,0,0.0,0,0.0,57,0.0,232.739439999973,effect_35-40
4867,238,Somatosensory,SSp-tr1,0,0.0,0,0.0,31,0.0,232.739439999973,effect_35-40
4868,242,Motor,MOp2/3,0,0.0,0,0.0,174,0.0,232.739439999973,effect_35-40
4869,243,Other,RSPagl2/3,0,0.0,0,0.0,15,0.0,232.739439999973,effect_35-40
4870,244,Somatosensory,SSp-tr1,0,0.0,0,0.0,18,0.0,232.739439999973,effect_35-40
4871,247,Motor,MOp5,0,0.0,0,0.0,164,0.0,232.739439999973,effect_35-40
4872,248,Motor,MOp2/3,0,0.0,0,0.0,145,0.0,232.739439999973,effect_35-40
4873,249,Somatosensory,SSp-tr2/3,0,0.0,0,0.0,44,0.0,232.739439999973,effect_35-40
4874,250,Somatosensory,SSp-tr1,0,0.0,0,0.0,53,0.0,232.739439999973,effect_35-40
4875,252,Other,SPFp,0,0.0,0,0.0,56,0.0,232.739439999973,effect_35-40
4876,266,Other,SPFp,79,0.33943537889413655,292,3.6962025316455698,635,0.45984251968503936,232.739439999973,effect_35-40
4877,272,Other,PoT,164,0.7046506599827645,566,3.451219512195122,937,0.6040554962646745,232.739439999973,effect_35-40
4878,279,Other,PoT,0,0.0,0,0.0,98,0.0,232.739439999973,effect_35-40
4879,281,Other,PoT,0,0.0,0,0.0,60,0.0,232.739439999973,effect_35-40
4880,286,Other,PoT,61,0.2620956723106624,250,4.098360655737705,323,0.7739938080495357,232.739439999973,effect_35-40
4881,291,Other,PoT,65,0.27928227377365666,244,3.753846153846154,620,0.3935483870967742,232.739439999973,effect_35-40
4882,292,Other,PoT,113,0.4855214913295878,428,3.7876106194690267,795,0.5383647798742138,232.739439999973,effect_35-40
4883,296,Other,PoT,97,0.4167750854776107,357,3.6804123711340204,620,0.5758064516129032,232.739439999973,effect_35-40
4884,298,Other,PoT,100,0.42966503657485644,367,3.67,913,0.4019715224534502,232.739439999973,effect_35-40
4885,299,Other,PoT,2,0.008593300731497128,6,3.0,325,0.018461538461538463,232.739439999973,effect_35-40
4886,302,Other,PoT,34,0.1460861124354512,113,3.323529411764706,245,0.46122448979591835,232.739439999973,effect_35-40
4887,304,Other,PoT,55,0.23631577011617103,199,3.618181818181818,464,0.42887931034482757,232.739439999973,effect_35-40
4888,306,Other,PoT,83,0.35662198035713083,309,3.7228915662650603,446,0.6928251121076233,232.739439999973,effect_35-40
4889,307,Other,PoT,79,0.33943537889413655,288,3.6455696202531644,430,0.6697674418604651,232.739439999973,effect_35-40
4890,310,Other,PoT,0,0.0,0,0.0,9,0.0,232.739439999973,effect_35-40
4891,316,Other,PoT,44,0.18905261609293683,144,3.272727272727273,640,0.225,232.739439999973,effect_35-40
4892,317,Other,PoT,79,0.33943537889413655,296,3.7468354430379747,1073,0.27586206896551724,232.739439999973,effect_35-40
4893,321,Other,PoT,76,0.3265454277968909,257,3.3815789473684212,606,0.4240924092409241,232.739439999973,effect_35-40
4894,325,Other,PoT,66,0.2835789241394052,238,3.606060606060606,1015,0.23448275862068965,232.739439999973,effect_35-40
4895,328,Other,PoT,0,0.0,0,0.0,60,0.0,232.739439999973,effect_35-40
4896,330,Other,PoT,10,0.04296650365748564,46,4.6,2473,0.01860088960776385,232.739439999973,effect_35-40
4897,331,Other,PoT,135,0.5800477993760562,529,3.9185185185185185,1802,0.29356270810210877,232.739439999973,effect_35-40
4898,333,Other,PoT,31,0.1331961613382055,126,4.064516129032258,840,0.15,232.739439999973,effect_35-40
4899,334,Other,PoT,68,0.2921722248709024,243,3.573529411764706,1656,0.14673913043478262,232.739439999973,effect_35-40
4900,338,Other,PoT,15,0.06444975548622846,54,3.6,1233,0.043795620437956206,232.739439999973,effect_35-40
4901,340,Other,PoT,16,0.06874640585197703,60,3.75,418,0.14354066985645933,232.739439999973,effect_35-40
4902,341,Other,PoT,4,0.017186601462994257,15,3.75,139,0.1079136690647482,232.739439999973,effect_35-40
4903,344,Other,PoT,20,0.08593300731497128,75,3.75,1011,0.07418397626112759,232.739439999973,effect_35-40
4904,347,Other,PoT,4,0.017186601462994257,12,3.0,1176,0.01020408163265306,232.739439999973,effect_35-40
4905,350,Other,PoT,29,0.12460286060670836,122,4.206896551724138,459,0.2657952069716776,232.739439999973,effect_35-40
4906,352,Other,PoT,0,0.0,0,0.0,256,0.0,232.739439999973,effect_35-40
4907,355,Other,PoT,13,0.05585645475473133,51,3.923076923076923,367,0.13896457765667575,232.739439999973,effect_35-40
4908,361,Other,PoT,18,0.07733970658347415,69,3.8333333333333335,1261,0.05471847739888977,232.739439999973,effect_35-40
4909,362,Other,PoT,111,0.4769281905980906,434,3.90990990990991,1445,0.30034602076124567,232.739439999973,effect_35-40
4910,367,Other,PoT,2,0.008593300731497128,6,3.0,256,0.0234375,232.739439999973,effect_35-40
4911,368,Other,PoT,29,0.12460286060670836,101,3.4827586206896552,306,0.3300653594771242,232.739439999973,effect_35-40
4912,369,Other,PoT,0,0.0,0,0.0,7,0.0,232.739439999973,effect_35-40
4913,372,Other,PoT,3,0.012889951097245693,10,3.3333333333333335,652,0.015337423312883436,232.739439999973,effect_35-40
4914,381,Other,PoT,14,0.060153105120479895,48,3.4285714285714284,258,0.18604651162790697,232.739439999973,effect_35-40
4915,382,Other,PoT,38,0.16327271389844544,135,3.5526315789473686,470,0.2872340425531915,232.739439999973,effect_35-40
4916,385,Other,PoT,76,0.3265454277968909,301,3.960526315789474,680,0.4426470588235294,232.739439999973,effect_35-40
4917,388,Other,PoT,89,0.3824018825516222,420,4.719101123595506,5824,0.07211538461538461,232.739439999973,effect_35-40
4918,392,Other,PoT,78,0.335138728528388,301,3.858974358974359,756,0.39814814814814814,232.739439999973,effect_35-40
4919,394,Other,PoT,32,0.13749281170395405,113,3.53125,707,0.15983026874115983,232.739439999973,effect_35-40
4920,396,Other,PoT,0,0.0,0,0.0,31,0.0,232.739439999973,effect_35-40
4921,404,Other,PoT,99,0.42536838620910783,421,4.252525252525253,657,0.6407914764079148,232.739439999973,effect_35-40
4922,405,Other,PoT,11,0.04726315402323421,42,3.8181818181818183,347,0.12103746397694524,232.739439999973,effect_35-40
4923,406,Other,PoT,73,0.31365547669964516,271,3.712328767123288,1221,0.22194922194922195,232.739439999973,effect_35-40
4924,408,Other,PoT,172,0.739023862908753,724,4.209302325581396,1101,0.6575840145322435,232.739439999973,effect_35-40
4925,412,Other,PoT,21,0.09022965768071985,76,3.619047619047619,357,0.21288515406162464,232.739439999973,effect_35-40
4926,414,Other,PoT,12,0.05155980438898277,41,3.4166666666666665,90,0.45555555555555555,232.739439999973,effect_35-40
4927,415,Other,PoT,79,0.33943537889413655,301,3.810126582278481,755,0.39867549668874175,232.739439999973,effect_35-40
4928,417,Other,PoT,104,0.44685163803785066,380,3.6538461538461537,628,0.6050955414012739,232.739439999973,effect_35-40
4929,418,Other,PoT,30,0.12889951097245692,114,3.8,369,0.3089430894308943,232.739439999973,effect_35-40
4930,419,Other,PoT,63,0.27068897304215955,227,3.6031746031746033,555,0.409009009009009,232.739439999973,effect_35-40
4931,421,Other,PoT,99,0.42536838620910783,373,3.7676767676767677,984,0.3790650406504065,232.739439999973,effect_35-40
4932,422,Other,PoT,62,0.266392322676411,232,3.7419354838709675,538,0.4312267657992565,232.739439999973,effect_35-40
4933,425,Other,PoT,59,0.2535023715791653,236,4.0,368,0.6413043478260869,232.739439999973,effect_35-40
4934,428,Other,PoT,15,0.06444975548622846,61,4.066666666666666,3396,0.017962308598351,232.739439999973,effect_35-40
4935,429,Other,PoT,113,0.4855214913295878,457,4.04424778761062,720,0.6347222222222222,232.739439999973,effect_35-40
4936,430,Other,PoT,83,0.35662198035713083,331,3.9879518072289155,1061,0.31196983977379833,232.739439999973,effect_35-40
4937,433,Other,PoT,78,0.335138728528388,340,4.358974358974359,645,0.5271317829457365,232.739439999973,effect_35-40
4938,434,Other,PoT,77,0.33084207816263944,296,3.844155844155844,616,0.4805194805194805,232.739439999973,effect_35-40
4939,435,Other,PoT,47,0.20194256719018253,184,3.9148936170212765,264,0.696969696969697,232.739439999973,effect_35-40
4940,437,Other,PoT,88,0.37810523218587366,379,4.306818181818182,751,0.5046604527296937,232.739439999973,effect_35-40
4941,438,Other,PoT,52,0.22342581901892533,213,4.096153846153846,296,0.7195945945945946,232.739439999973,effect_35-40
4942,440,Other,SGN,71,0.30506217596814805,270,3.8028169014084505,429,0.6293706293706294,232.739439999973,effect_35-40
4943,443,Other,PoT,99,0.42536838620910783,436,4.404040404040404,803,0.5429638854296388,232.739439999973,effect_35-40
4944,445,Other,SGN,172,0.739023862908753,651,3.7848837209302326,1569,0.4149139579349904,232.739439999973,effect_35-40
4945,446,Other,SGN,78,0.335138728528388,326,4.17948717948718,442,0.7375565610859729,232.739439999973,effect_35-40
4946,447,Other,SGN,69,0.29646887523665094,275,3.9855072463768115,368,0.7472826086956522,232.739439999973,effect_35-40
4947,448,Other,SGN,105,0.4511482884035992,394,3.7523809523809524,809,0.48702101359703337,232.739439999973,effect_35-40
4948,450,Other,SGN,78,0.335138728528388,294,3.769230769230769,452,0.6504424778761062,232.739439999973,effect_35-40
4949,451,Other,SGN,164,0.7046506599827645,755,4.603658536585366,2322,0.3251507321274763,232.739439999973,effect_35-40
4950,453,Other,SGN,138,0.5929377504733019,570,4.130434782608695,1406,0.40540540540540543,232.739439999973,effect_35-40
4951,457,Other,SGN,95,0.4081817847461136,353,3.7157894736842105,1046,0.33747609942638623,232.739439999973,effect_35-40
4952,458,Other,SGN,3,0.012889951097245693,9,3.0,149,0.06040268456375839,232.739439999973,effect_35-40
4953,463,Other,SGN,45,0.1933492664586854,177,3.933333333333333,393,0.45038167938931295,232.739439999973,effect_35-40
4954,465,Other,SGN,153,0.6573875059595303,636,4.1568627450980395,1349,0.4714603409933284,232.739439999973,effect_35-40
4955,471,Other,SGN,124,0.532784645352822,657,5.298387096774194,981,0.6697247706422018,232.739439999973,effect_35-40
4956,492,Other,DG-sg,0,0.0,0,0.0,2,0.0,232.739439999973,effect_35-40
4957,495,Other,DG-sg,0,0.0,0,0.0,0,0.0,232.739439999973,effect_35-40
4958,496,Other,DG-sg,1,0.004296650365748564,3,3.0,104,0.028846153846153848,232.739439999973,effect_35-40
4959,498,Other,DG-sg,0,0.0,0,0.0,0,0.0,232.739439999973,effect_35-40
4960,500,Other,DG-sg,9,0.038669853291737076,31,3.4444444444444446,245,0.12653061224489795,232.739439999973,effect_35-40
4961,501,Other,DG-sg,6,0.025779902194491385,19,3.1666666666666665,347,0.05475504322766571,232.739439999973,effect_35-40
4962,504,Other,DG-po,0,0.0,0,0.0,0,0.0,232.739439999973,effect_35-40
4963,505,Other,DG-po,4,0.017186601462994257,15,3.75,132,0.11363636363636363,232.739439999973,effect_35-40
4964,506,Other,DG-po,0,0.0,0,0.0,0,0.0,232.739439999973,effect_35-40
4965,507,Other,DG-po,10,0.04296650365748564,34,3.4,305,0.11147540983606558,232.739439999973,effect_35-40
4966,511,Other,DG-po,0,0.0,0,0.0,0,0.0,232.739439999973,effect_35-40
4967,513,Other,DG-po,0,0.0,0,0.0,55,0.0,232.739439999973,effect_35-40
4968,538,Other,ProS,0,0.0,0,0.0,264,0.0,232.739439999973,effect_35-40
4969,543,Other,ProS,2,0.008593300731497128,6,3.0,203,0.029556650246305417,232.739439999973,effect_35-40
4970,546,Other,ProS,3,0.012889951097245693,12,4.0,431,0.027842227378190254,232.739439999973,effect_35-40
4971,547,Other,SUB,12,0.05155980438898277,39,3.25,451,0.08647450110864745,232.739439999973,effect_35-40
4972,549,Other,ProS,3,0.012889951097245693,9,3.0,1040,0.008653846153846154,232.739439999973,effect_35-40
4973,550,Other,ProS,8,0.034373202925988514,24,3.0,539,0.04452690166975881,232.739439999973,effect_35-40
4974,551,Other,ProS,0,0.0,0,0.0,508,0.0,232.739439999973,effect_35-40
4975,560,Other,ProS,0,0.0,0,0.0,3,0.0,232.739439999973,effect_35-40
4976,561,Other,ProS,2,0.008593300731497128,6,3.0,522,0.011494252873563218,232.739439999973,effect_35-40
4977,562,Other,ProS,5,0.02148325182874282,15,3.0,1083,0.013850415512465374,232.739439999973,effect_35-40
4978,564,Other,ProS,56,0.24061242048191958,240,4.285714285714286,1498,0.1602136181575434,232.739439999973,effect_35-40
4979,566,Other,ProS,22,0.09452630804646842,77,3.5,202,0.3811881188118812,232.739439999973,effect_35-40
4980,567,Other,SUB,0,0.0,0,0.0,209,0.0,232.739439999973,effect_35-40
4981,568,Other,SUB,0,0.0,0,0.0,44,0.0,232.739439999973,effect_35-40
4982,569,Other,SUB,20,0.08593300731497128,69,3.45,751,0.09187749667110519,232.739439999973,effect_35-40
4983,570,Other,SUB,2,0.008593300731497128,6,3.0,156,0.038461538461538464,232.739439999973,effect_35-40
4984,571,Other,SUB,7,0.030076552560239948,25,3.5714285714285716,745,0.03355704697986577,232.739439999973,effect_35-40
4985,573,Other,SUB,0,0.0,0,0.0,3,0.0,232.739439999973,effect_35-40
4986,574,Other,SUB,28,0.12030621024095979,121,4.321428571428571,663,0.18250377073906485,232.739439999973,effect_35-40
4987,576,Other,SUB,7,0.030076552560239948,24,3.4285714285714284,491,0.048879837067209775,232.739439999973,effect_35-40
4988,578,Other,SUB,13,0.05585645475473133,49,3.769230769230769,659,0.07435508345978756,232.739439999973,effect_35-40
4989,579,Other,SUB,25,0.10741625914371411,82,3.28,1905,0.04304461942257218,232.739439999973,effect_35-40
4990,580,Other,SUB,9,0.038669853291737076,28,3.111111111111111,665,0.042105263157894736,232.739439999973,effect_35-40
4991,582,Other,SUB,3,0.012889951097245693,12,4.0,537,0.0223463687150838,232.739439999973,effect_35-40
4992,583,Other,SUB,46,0.19764591682443394,167,3.630434782608696,3626,0.04605626034197463,232.739439999973,effect_35-40
4993,584,Other,SUB,8,0.034373202925988514,24,3.0,878,0.02733485193621868,232.739439999973,effect_35-40
4994,587,Other,SUB,3,0.012889951097245693,10,3.3333333333333335,777,0.01287001287001287,232.739439999973,effect_35-40
4995,588,Other,SUB,22,0.09452630804646842,84,3.8181818181818183,695,0.12086330935251799,232.739439999973,effect_35-40
4996,592,Other,SUB,30,0.12889951097245692,92,3.066666666666667,2112,0.043560606060606064,232.739439999973,effect_35-40
4997,600,Other,SUB,10,0.04296650365748564,31,3.1,1535,0.020195439739413682,232.739439999973,effect_35-40
4998,601,Other,SUB,58,0.24920572121341672,274,4.724137931034483,2060,0.13300970873786408,232.739439999973,effect_35-40
4999,602,Other,SUB,25,0.10741625914371411,92,3.68,1299,0.07082371054657428,232.739439999973,effect_35-40
5000,604,Other,SUB,5,0.02148325182874282,19,3.8,653,0.02909647779479326,232.739439999973,effect_35-40
5001,605,Other,SUB,18,0.07733970658347415,63,3.5,1367,0.046086320409656184,232.739439999973,effect_35-40
5002,607,Other,SUB,2,0.008593300731497128,8,4.0,494,0.016194331983805668,232.739439999973,effect_35-40
5003,611,Other,alv,10,0.04296650365748564,38,3.8,897,0.042363433667781496,232.739439999973,effect_35-40
5004,621,Other,VISp6a,8,0.034373202925988514,33,4.125,214,0.1542056074766355,232.739439999973,effect_35-40
5005,627,Other,VISp5,1,0.004296650365748564,3,3.0,444,0.006756756756756757,232.739439999973,effect_35-40
5006,629,Other,VISp5,0,0.0,0,0.0,987,0.0,232.739439999973,effect_35-40
5007,631,Other,VISp5,0,0.0,0,0.0,1456,0.0,232.739439999973,effect_35-40
5008,632,Other,VISp5,0,0.0,0,0.0,988,0.0,232.739439999973,effect_35-40
5009,635,Other,VISp5,7,0.030076552560239948,21,3.0,1675,0.01253731343283582,232.739439999973,effect_35-40
5010,636,Other,VISp5,0,0.0,0,0.0,887,0.0,232.739439999973,effect_35-40
5011,637,Other,VISp5,0,0.0,0,0.0,373,0.0,232.739439999973,effect_35-40
5012,639,Other,VISp5,0,0.0,0,0.0,2003,0.0,232.739439999973,effect_35-40
5013,642,Other,VISp5,0,0.0,0,0.0,1281,0.0,232.739439999973,effect_35-40
5014,645,Other,VISp5,0,0.0,0,0.0,1168,0.0,232.739439999973,effect_35-40
5015,646,Other,VISp5,0,0.0,0,0.0,1584,0.0,232.739439999973,effect_35-40
5016,647,Other,VISp5,0,0.0,0,0.0,1104,0.0,232.739439999973,effect_35-40
5017,651,Other,VISp5,0,0.0,0,0.0,1128,0.0,232.739439999973,effect_35-40
5018,653,Other,VISp5,0,0.0,0,0.0,925,0.0,232.739439999973,effect_35-40
5019,655,Other,VISp5,0,0.0,0,0.0,1511,0.0,232.739439999973,effect_35-40
5020,656,Other,VISp5,0,0.0,0,0.0,850,0.0,232.739439999973,effect_35-40
5021,663,Other,VISp5,0,0.0,0,0.0,600,0.0,232.739439999973,effect_35-40
5022,668,Other,VISp4,0,0.0,0,0.0,637,0.0,232.739439999973,effect_35-40
5023,669,Other,VISp4,0,0.0,0,0.0,324,0.0,232.739439999973,effect_35-40
5024,679,Other,VISp4,1,0.004296650365748564,3,3.0,509,0.005893909626719057,232.739439999973,effect_35-40
5025,681,Other,VISp4,0,0.0,0,0.0,28,0.0,232.739439999973,effect_35-40
5026,684,Other,VISp2/3,0,0.0,0,0.0,80,0.0,232.739439999973,effect_35-40
5027,687,Other,VISp2/3,0,0.0,0,0.0,183,0.0,232.739439999973,effect_35-40
5028,688,Other,VISp2/3,0,0.0,0,0.0,95,0.0,232.739439999973,effect_35-40
5029,689,Other,VISp2/3,0,0.0,0,0.0,23,0.0,232.739439999973,effect_35-40
5030,690,Other,VISp2/3,0,0.0,0,0.0,271,0.0,232.739439999973,effect_35-40
5031,695,Other,VISp2/3,0,0.0,0,0.0,122,0.0,232.739439999973,effect_35-40
5032,696,Other,VISp2/3,0,0.0,0,0.0,36,0.0,232.739439999973,effect_35-40
5033,697,Other,VISp2/3,0,0.0,0,0.0,191,0.0,232.739439999973,effect_35-40
5034,700,Other,VISp2/3,0,0.0,0,0.0,268,0.0,232.739439999973,effect_35-40
5035,708,Other,PoT,83,0.35662198035713083,359,4.325301204819277,420,0.8547619047619047,232.739439999973,effect_35-40
5036,711,Other,PoT,69,0.29646887523665094,241,3.4927536231884058,503,0.47912524850894633,232.739439999973,effect_35-40
5037,718,Other,PoT,42,0.1804593153614397,150,3.5714285714285716,233,0.6437768240343348,232.739439999973,effect_35-40
5038,719,Other,PoT,62,0.266392322676411,251,4.048387096774194,740,0.33918918918918917,232.739439999973,effect_35-40
5039,720,Other,PoT,36,0.1546794131669483,129,3.5833333333333335,615,0.2097560975609756,232.739439999973,effect_35-40
5040,722,Other,PoT,70,0.3007655256023995,282,4.0285714285714285,608,0.46381578947368424,232.739439999973,effect_35-40
5041,724,Other,SGN,57,0.24490907084766816,230,4.035087719298246,320,0.71875,232.739439999973,effect_35-40
5042,725,Other,SGN,78,0.335138728528388,286,3.6666666666666665,1250,0.2288,232.739439999973,effect_35-40
5043,726,Other,SGN,57,0.24490907084766816,263,4.614035087719298,376,0.699468085106383,232.739439999973,effect_35-40
5044,727,Other,SGN,46,0.19764591682443394,202,4.391304347826087,274,0.7372262773722628,232.739439999973,effect_35-40
5045,728,Other,SGN,49,0.21053586792167964,180,3.673469387755102,444,0.40540540540540543,232.739439999973,effect_35-40
5046,730,Thalamus,LP,25,0.10741625914371411,68,2.72,236,0.288135593220339,232.739439999973,effect_35-40
5047,731,Thalamus,LP,12,0.05155980438898277,22,1.8333333333333333,274,0.08029197080291971,232.739439999973,effect_35-40
5048,734,Other,DG-sg,0,0.0,0,0.0,0,0.0,232.739439999973,effect_35-40
5049,735,Other,DG-sg,0,0.0,0,0.0,0,0.0,232.739439999973,effect_35-40
5050,755,Other,SUB,4,0.017186601462994257,15,3.75,239,0.06276150627615062,232.739439999973,effect_35-40
5051,756,Other,ProS,0,0.0,0,0.0,6,0.0,232.739439999973,effect_35-40
5052,758,Other,ProS,0,0.0,0,0.0,0,0.0,232.739439999973,effect_35-40
5053,761,Other,SUB,43,0.18475596572718825,172,4.0,1972,0.0872210953346856,232.739439999973,effect_35-40
5054,762,Other,SUB,0,0.0,0,0.0,229,0.0,232.739439999973,effect_35-40
5055,763,Other,SUB,0,0.0,0,0.0,228,0.0,232.739439999973,effect_35-40
5056,764,Other,SUB,20,0.08593300731497128,71,3.55,1353,0.0524759793052476,232.739439999973,effect_35-40
5057,769,Other,VISp5,0,0.0,0,0.0,8,0.0,232.739439999973,effect_35-40
5058,780,Other,VISp2/3,0,0.0,0,0.0,88,0.0,232.739439999973,effect_35-40
5059,782,Other,VISp2/3,0,0.0,0,0.0,50,0.0,232.739439999973,effect_35-40
5060,783,Other,VISp2/3,0,0.0,0,0.0,14,0.0,232.739439999973,effect_35-40
5061,784,Other,VISp2/3,0,0.0,0,0.0,26,0.0,232.739439999973,effect_35-40
5062,786,Other,VISp2/3,0,0.0,0,0.0,263,0.0,232.739439999973,effect_35-40
5063,793,Other,DG-sg,0,0.0,0,0.0,8,0.0,232.739439999973,effect_35-40
5064,795,Other,DG-sg,0,0.0,0,0.0,0,0.0,232.739439999973,effect_35-40
5065,796,Other,DG-sg,0,0.0,0,0.0,0,0.0,232.739439999973,effect_35-40
5066,798,Other,ProS,0,0.0,0,0.0,0,0.0,232.739439999973,effect_35-40
5067,799,Other,VISp2/3,0,0.0,0,0.0,24,0.0,232.739439999973,effect_35-40
5068,806,Other,SPFp,0,0.0,0,0.0,24,0.0,232.739439999973,effect_35-40
5069,809,Other,PoT,54,0.23201911975042247,220,4.074074074074074,638,0.3448275862068966,232.739439999973,effect_35-40
5070,811,Other,DG-mo,0,0.0,0,0.0,0,0.0,232.739439999973,effect_35-40
5071,812,Other,DG-po,0,0.0,0,0.0,0,0.0,232.739439999973,effect_35-40
5072,815,Other,ProS,0,0.0,0,0.0,0,0.0,232.739439999973,effect_35-40
5073,816,Other,ProS,25,0.10741625914371411,83,3.32,3590,0.023119777158774373,232.739439999973,effect_35-40
5074,818,Other,VISp5,0,0.0,0,0.0,448,0.0,232.739439999973,effect_35-40
5075,820,Other,VISp2/3,0,0.0,0,0.0,145,0.0,232.739439999973,effect_35-40
5076,822,Other,VISp6a,0,0.0,0,0.0,1,0.0,232.739439999973,effect_35-40
5077,823,Other,VISp2/3,0,0.0,0,0.0,31,0.0,232.739439999973,effect_35-40
5078,824,Other,VISp2/3,0,0.0,0,0.0,16,0.0,232.739439999973,effect_35-40
5079,825,Other,VISp2/3,0,0.0,0,0.0,51,0.0,232.739439999973,effect_35-40
5080,826,Other,VISp2/3,0,0.0,0,0.0,17,0.0,232.739439999973,effect_35-40
5081,827,Other,VISp2/3,0,0.0,0,0.0,11,0.0,232.739439999973,effect_35-40
5082,831,Other,VISp2/3,0,0.0,0,0.0,48,0.0,232.739439999973,effect_35-40
5083,843,Other,int,0,0.0,0,0.0,35,0.0,232.739439999973,effect_35-40
5084,845,Other,int,0,0.0,0,0.0,1282,0.0,232.739439999973,effect_35-40
5085,851,Other,int,0,0.0,0,0.0,23,0.0,232.739439999973,effect_35-40
5086,859,Other,int,4,0.017186601462994257,17,4.25,1127,0.015084294587400177,232.739439999973,effect_35-40
5087,865,Other,int,0,0.0,0,0.0,449,0.0,232.739439999973,effect_35-40
5088,868,Other,int,0,0.0,0,0.0,64,0.0,232.739439999973,effect_35-40
5089,873,Other,int,1,0.004296650365748564,3,3.0,458,0.006550218340611353,232.739439999973,effect_35-40
5090,892,Other,int,3,0.012889951097245693,9,3.0,270,0.03333333333333333,232.739439999973,effect_35-40
5091,900,Other,int,0,0.0,0,0.0,10,0.0,232.739439999973,effect_35-40
5092,904,Other,int,7,0.030076552560239948,26,3.7142857142857144,1998,0.013013013013013013,232.739439999973,effect_35-40
5093,913,Other,int,44,0.18905261609293683,149,3.3863636363636362,404,0.3688118811881188,232.739439999973,effect_35-40
5094,914,Other,int,0,0.0,0,0.0,501,0.0,232.739439999973,effect_35-40
5095,932,Other,int,6,0.025779902194491385,18,3.0,325,0.055384615384615386,232.739439999973,effect_35-40
5096,938,Other,int,74,0.3179521270653938,258,3.4864864864864864,972,0.2654320987654321,232.739439999973,effect_35-40
5097,950,Other,int,3,0.012889951097245693,12,4.0,876,0.0136986301369863,232.739439999973,effect_35-40
5098,962,STR,STR,0,0.0,0,0.0,2814,0.0,232.739439999973,effect_35-40
5099,964,STR,STR,138,0.5929377504733019,623,4.5144927536231885,2320,0.2685344827586207,232.739439999973,effect_35-40
5100,965,STR,STR,1,0.004296650365748564,3,3.0,79,0.0379746835443038,232.739439999973,effect_35-40
5101,967,Other,int,8,0.034373202925988514,24,3.0,496,0.04838709677419355,232.739439999973,effect_35-40
5102,969,STR,STR,4,0.017186601462994257,13,3.25,2157,0.00602688919796013,232.739439999973,effect_35-40
5103,970,Other,int,1,0.004296650365748564,3,3.0,177,0.01694915254237288,232.739439999973,effect_35-40
5104,972,STR,STR,0,0.0,0,0.0,11,0.0,232.739439999973,effect_35-40
5105,976,STR,STR,62,0.266392322676411,223,3.596774193548387,621,0.35909822866344604,232.739439999973,effect_35-40
5106,980,STR,CP,0,0.0,0,0.0,248,0.0,232.739439999973,effect_35-40
5107,982,STR,CP,1,0.004296650365748564,3,3.0,780,0.0038461538461538464,232.739439999973,effect_35-40
5108,984,STR,CP,0,0.0,0,0.0,134,0.0,232.739439999973,effect_35-40
5109,986,STR,CP,2,0.008593300731497128,8,4.0,2963,0.0026999662504218697,232.739439999973,effect_35-40
5110,988,STR,CP,285,1.2245453542383409,1032,3.6210526315789475,2450,0.42122448979591837,232.739439999973,effect_35-40
5111,989,STR,CP,0,0.0,0,0.0,87,0.0,232.739439999973,effect_35-40
5112,990,STR,CP,3,0.012889951097245693,12,4.0,1152,0.010416666666666666,232.739439999973,effect_35-40
5113,993,STR,CP,14,0.060153105120479895,66,4.714285714285714,2314,0.028522039757994815,232.739439999973,effect_35-40
5114,997,STR,CP,12,0.05155980438898277,43,3.5833333333333335,2140,0.020093457943925235,232.739439999973,effect_35-40
5115,1001,STR,CP,0,0.0,0,0.0,5,0.0,232.739439999973,effect_35-40
5116,1008,STR,CP,38,0.16327271389844544,144,3.789473684210526,5509,0.026139045198765656,232.739439999973,effect_35-40
5117,1009,STR,CP,90,0.3866985329173708,309,3.433333333333333,1339,0.23076923076923078,232.739439999973,effect_35-40
5118,1013,STR,CP,78,0.335138728528388,316,4.051282051282051,493,0.640973630831643,232.739439999973,effect_35-40
5119,1014,STR,CP,0,0.0,0,0.0,95,0.0,232.739439999973,effect_35-40
5120,1021,STR,CP,7,0.030076552560239948,30,4.285714285714286,732,0.040983606557377046,232.739439999973,effect_35-40
5121,1027,STR,CP,1,0.004296650365748564,3,3.0,1588,0.001889168765743073,232.739439999973,effect_35-40
5122,1028,STR,CP,12,0.05155980438898277,42,3.5,2864,0.014664804469273743,232.739439999973,effect_35-40
5123,1033,STR,CP,252,1.0827558921686382,988,3.9206349206349205,2082,0.4745437079731028,232.739439999973,effect_35-40
5124,1038,STR,CP,32,0.13749281170395405,111,3.46875,555,0.2,232.739439999973,effect_35-40
5125,1040,STR,CP,9,0.038669853291737076,30,3.3333333333333335,1255,0.02390438247011952,232.739439999973,effect_35-40
5126,1045,STR,CP,5,0.02148325182874282,16,3.2,1447,0.0110573600552868,232.739439999973,effect_35-40
5127,1048,STR,CP,5,0.02148325182874282,17,3.4,1243,0.013676588897827836,232.739439999973,effect_35-40
5128,1065,STR,CP,0,0.0,0,0.0,379,0.0,232.739439999973,effect_35-40
5129,1066,STR,CP,0,0.0,0,0.0,1574,0.0,232.739439999973,effect_35-40
5130,1068,STR,CP,0,0.0,0,0.0,609,0.0,232.739439999973,effect_35-40
5131,1069,STR,CP,2,0.008593300731497128,9,4.5,1313,0.006854531607006854,232.739439999973,effect_35-40
5132,1073,STR,CP,105,0.4511482884035992,339,3.2285714285714286,5878,0.05767267778155835,232.739439999973,effect_35-40
5133,1096,Somatosensory,SSp-bfd6a,0,0.0,0,0.0,78,0.0,232.739439999973,effect_35-40
5134,1106,Somatosensory,SSp-bfd6a,23,0.09882295841221697,100,4.3478260869565215,1098,0.09107468123861566,232.739439999973,effect_35-40
5135,1108,Somatosensory,SSp-bfd6a,1,0.004296650365748564,4,4.0,357,0.011204481792717087,232.739439999973,effect_35-40
5136,1110,Somatosensory,SSp-bfd6a,10,0.04296650365748564,40,4.0,1013,0.039486673247778874,232.739439999973,effect_35-40
5137,1111,Somatosensory,SSp-bfd6a,0,0.0,0,0.0,553,0.0,232.739439999973,effect_35-40
5138,1113,Somatosensory,SSp-bfd6a,23,0.09882295841221697,158,6.869565217391305,2472,0.063915857605178,232.739439999973,effect_35-40
5139,1114,Somatosensory,SSp-bfd6a,3,0.012889951097245693,9,3.0,358,0.025139664804469275,232.739439999973,effect_35-40
5140,1115,Somatosensory,SSp-bfd6a,0,0.0,0,0.0,69,0.0,232.739439999973,effect_35-40
5141,1117,Somatosensory,SSp-bfd6a,0,0.0,0,0.0,97,0.0,232.739439999973,effect_35-40
5142,1118,Somatosensory,SSp-bfd6a,0,0.0,0,0.0,840,0.0,232.739439999973,effect_35-40
5143,1119,Somatosensory,SSp-bfd6a,1,0.004296650365748564,3,3.0,417,0.007194244604316547,232.739439999973,effect_35-40
5144,1126,Somatosensory,SSp-bfd6a,62,0.266392322676411,264,4.258064516129032,2513,0.10505372065260644,232.739439999973,effect_35-40
5145,1128,Somatosensory,SSp-bfd6a,0,0.0,0,0.0,480,0.0,232.739439999973,effect_35-40
5146,1130,Somatosensory,SSp-bfd6a,0,0.0,0,0.0,331,0.0,232.739439999973,effect_35-40
5147,1133,Somatosensory,SSp-bfd6a,14,0.060153105120479895,51,3.642857142857143,1809,0.028192371475953566,232.739439999973,effect_35-40
5148,1138,Somatosensory,SSp-bfd5,0,0.0,0,0.0,348,0.0,232.739439999973,effect_35-40
5149,1142,Somatosensory,SSp-bfd5,0,0.0,0,0.0,693,0.0,232.739439999973,effect_35-40
5150,1151,Somatosensory,SSp-bfd5,1,0.004296650365748564,3,3.0,419,0.007159904534606206,232.739439999973,effect_35-40
5151,1154,Somatosensory,SSp-bfd5,0,0.0,0,0.0,2337,0.0,232.739439999973,effect_35-40
5152,1160,Somatosensory,SSp-bfd5,0,0.0,0,0.0,57,0.0,232.739439999973,effect_35-40
5153,1180,Somatosensory,SSp-bfd5,0,0.0,0,0.0,308,0.0,232.739439999973,effect_35-40
5154,1191,Somatosensory,SSp-bfd4,3,0.012889951097245693,15,5.0,523,0.028680688336520075,232.739439999973,effect_35-40
5155,1192,Somatosensory,SSp-bfd4,0,0.0,0,0.0,0,0.0,232.739439999973,effect_35-40
5156,1194,Somatosensory,SSp-bfd5,0,0.0,0,0.0,242,0.0,232.739439999973,effect_35-40
5157,1198,Somatosensory,SSp-bfd4,0,0.0,0,0.0,296,0.0,232.739439999973,effect_35-40
5158,1201,Somatosensory,SSp-bfd4,1,0.004296650365748564,4,4.0,517,0.007736943907156673,232.739439999973,effect_35-40
5159,1209,Somatosensory,SSp-bfd4,0,0.0,0,0.0,5,0.0,232.739439999973,effect_35-40
5160,1210,Somatosensory,SSp-bfd4,0,0.0,0,0.0,1147,0.0,232.739439999973,effect_35-40
5161,1212,Somatosensory,SSp-bfd4,0,0.0,0,0.0,773,0.0,232.739439999973,effect_35-40
5162,1215,Somatosensory,SSp-bfd4,0,0.0,0,0.0,53,0.0,232.739439999973,effect_35-40
5163,1219,Somatosensory,SSp-bfd4,0,0.0,0,0.0,0,0.0,232.739439999973,effect_35-40
5164,1220,Somatosensory,SSp-bfd4,0,0.0,0,0.0,13,0.0,232.739439999973,effect_35-40
5165,1222,Somatosensory,SSp-bfd4,0,0.0,0,0.0,755,0.0,232.739439999973,effect_35-40
5166,1223,Somatosensory,SSp-bfd4,2,0.008593300731497128,7,3.5,34,0.20588235294117646,232.739439999973,effect_35-40
5167,1227,Somatosensory,SSp-bfd4,0,0.0,0,0.0,144,0.0,232.739439999973,effect_35-40
5168,1230,Somatosensory,SSp-bfd4,0,0.0,0,0.0,1004,0.0,232.739439999973,effect_35-40
5169,1234,Somatosensory,SSp-bfd4,0,0.0,0,0.0,0,0.0,232.739439999973,effect_35-40
5170,1235,Somatosensory,SSp-bfd4,0,0.0,0,0.0,284,0.0,232.739439999973,effect_35-40
5171,1236,Somatosensory,SSp-bfd4,0,0.0,0,0.0,0,0.0,232.739439999973,effect_35-40
5172,1239,Somatosensory,SSp-bfd4,0,0.0,0,0.0,72,0.0,232.739439999973,effect_35-40
5173,1244,Somatosensory,SSp-bfd4,1,0.004296650365748564,3,3.0,189,0.015873015873015872,232.739439999973,effect_35-40
5174,1245,Somatosensory,SSp-bfd4,0,0.0,0,0.0,289,0.0,232.739439999973,effect_35-40
5175,1247,Somatosensory,SSp-bfd4,0,0.0,0,0.0,367,0.0,232.739439999973,effect_35-40
5176,1248,Somatosensory,SSp-bfd4,0,0.0,0,0.0,211,0.0,232.739439999973,effect_35-40
5177,1254,Somatosensory,SSp-bfd2/3,44,0.18905261609293683,164,3.727272727272727,285,0.5754385964912281,232.739439999973,effect_35-40
5178,1257,Somatosensory,SSp-bfd2/3,195,0.83784682132097,661,3.3897435897435897,2997,0.22055388722055388,232.739439999973,effect_35-40
5179,1258,Somatosensory,SSp-bfd4,0,0.0,0,0.0,1,0.0,232.739439999973,effect_35-40
5180,1265,Somatosensory,SSp-bfd2/3,0,0.0,0,0.0,71,0.0,232.739439999973,effect_35-40
5181,1267,Somatosensory,SSp-bfd2/3,7,0.030076552560239948,26,3.7142857142857144,418,0.06220095693779904,232.739439999973,effect_35-40
5182,1286,Somatosensory,SSp-bfd2/3,0,0.0,0,0.0,121,0.0,232.739439999973,effect_35-40
5183,1318,STR,CP,1,0.004296650365748564,3,3.0,15,0.2,232.739439999973,effect_35-40
5184,1319,STR,CP,0,0.0,0,0.0,2,0.0,232.739439999973,effect_35-40
5185,1321,STR,CP,0,0.0,0,0.0,0,0.0,232.739439999973,effect_35-40
5186,1331,STR,CP,0,0.0,0,0.0,4,0.0,232.739439999973,effect_35-40
5187,1337,Somatosensory,SSp-bfd6a,27,0.11600955987521124,104,3.8518518518518516,232,0.4482758620689655,232.739439999973,effect_35-40
5188,1350,Somatosensory,SSp-bfd5,0,0.0,0,0.0,1,0.0,232.739439999973,effect_35-40
5189,1354,Somatosensory,SSp-bfd5,0,0.0,0,0.0,52,0.0,232.739439999973,effect_35-40
5190,1357,Somatosensory,SSp-bfd5,0,0.0,0,0.0,24,0.0,232.739439999973,effect_35-40
5191,1369,Somatosensory,SSp-bfd2/3,0,0.0,0,0.0,0,0.0,232.739439999973,effect_35-40
5192,1370,Somatosensory,SSp-bfd4,0,0.0,0,0.0,0,0.0,232.739439999973,effect_35-40
5193,1372,Somatosensory,SSp-bfd2/3,0,0.0,0,0.0,0,0.0,232.739439999973,effect_35-40
5194,1373,Somatosensory,SSp-bfd2/3,1,0.004296650365748564,3,3.0,12,0.25,232.739439999973,effect_35-40
5195,1374,Somatosensory,SSp-bfd4,0,0.0,0,0.0,33,0.0,232.739439999973,effect_35-40
5196,1386,Somatosensory,SSp-bfd2/3,0,0.0,0,0.0,0,0.0,232.739439999973,effect_35-40
5197,1405,Somatosensory,SSp-bfd5,0,0.0,0,0.0,0,0.0,232.739439999973,effect_35-40
5198,1407,Somatosensory,SSp-bfd4,0,0.0,0,0.0,0,0.0,232.739439999973,effect_35-40
5199,1414,Other,int,45,0.1933492664586854,161,3.577777777777778,321,0.5015576323987538,232.739439999973,effect_35-40
5200,1418,Somatosensory,SSp-bfd6a,0,0.0,0,0.0,25,0.0,232.739439999973,effect_35-40
5201,1420,Somatosensory,SSp-bfd5,0,0.0,0,0.0,0,0.0,232.739439999973,effect_35-40
5202,1426,STR,STR,0,0.0,0,0.0,76,0.0,232.739439999973,effect_35-40
5203,1428,Somatosensory,SSp-bfd2/3,0,0.0,0,0.0,0,0.0,232.739439999973,effect_35-40
5204,1430,STR,STR,0,0.0,0,0.0,54,0.0,232.739439999973,effect_35-40
5205,1432,STR,STR,1,0.004296650365748564,3,3.0,16,0.1875,232.739439999973,effect_35-40
5206,1435,Other,DP,4,0.017186601462994257,13,3.25,1670,0.007784431137724551,232.739439999973,effect_35-40
5207,1443,Other,ILA2/3,0,0.0,0,0.0,60,0.0,232.739439999973,effect_35-40
5208,1445,Other,ILA2/3,0,0.0,0,0.0,32,0.0,232.739439999973,effect_35-40
5209,1446,Other,ILA2/3,0,0.0,0,0.0,58,0.0,232.739439999973,effect_35-40
5210,1461,Other,ILA5,2,0.008593300731497128,8,4.0,81,0.09876543209876543,232.739439999973,effect_35-40
5211,1464,Other,ILA5,0,0.0,0,0.0,36,0.0,232.739439999973,effect_35-40
5212,1468,Other,ILA5,1,0.004296650365748564,3,3.0,1844,0.0016268980477223427,232.739439999973,effect_35-40
5213,1506,Other,ILA5,0,0.0,0,0.0,87,0.0,232.739439999973,effect_35-40
5214,1507,Other,ILA5,0,0.0,0,0.0,0,0.0,232.739439999973,effect_35-40
5215,1509,Other,ILA5,1,0.004296650365748564,4,4.0,316,0.012658227848101266,232.739439999973,effect_35-40
5216,1516,Other,ILA5,0,0.0,0,0.0,40,0.0,232.739439999973,effect_35-40
5217,1529,Other,ILA5,0,0.0,0,0.0,216,0.0,232.739439999973,effect_35-40
5218,1531,Other,ILA5,19,0.08163635694922272,58,3.0526315789473686,163,0.3558282208588957,232.739439999973,effect_35-40
5219,1534,Other,ILA5,0,0.0,0,0.0,12,0.0,232.739439999973,effect_35-40
5220,1535,Other,ILA5,1,0.004296650365748564,3,3.0,288,0.010416666666666666,232.739439999973,effect_35-40
5221,1537,Other,ILA5,0,0.0,0,0.0,30,0.0,232.739439999973,effect_35-40
5222,1538,Other,ILA5,0,0.0,0,0.0,89,0.0,232.739439999973,effect_35-40
5223,1539,Other,ILA5,0,0.0,0,0.0,308,0.0,232.739439999973,effect_35-40
5224,1541,Other,ILA5,0,0.0,0,0.0,42,0.0,232.739439999973,effect_35-40
5225,1545,Other,ILA5,0,0.0,0,0.0,14,0.0,232.739439999973,effect_35-40
5226,1550,Other,ILA5,0,0.0,0,0.0,67,0.0,232.739439999973,effect_35-40
5227,1553,Other,PL5,18,0.07733970658347415,55,3.0555555555555554,593,0.09274873524451939,232.739439999973,effect_35-40
5228,1556,Other,PL5,0,0.0,0,0.0,1377,0.0,232.739439999973,effect_35-40
5229,1563,Other,PL5,4,0.017186601462994257,13,3.25,413,0.031476997578692496,232.739439999973,effect_35-40
5230,1566,Other,PL6a,0,0.0,0,0.0,72,0.0,232.739439999973,effect_35-40
5231,1570,Other,PL6a,0,0.0,0,0.0,78,0.0,232.739439999973,effect_35-40
5232,1573,Other,PL6a,0,0.0,0,0.0,245,0.0,232.739439999973,effect_35-40
5233,1582,Other,PL6a,0,0.0,0,0.0,0,0.0,232.739439999973,effect_35-40
5234,1589,Other,PL6a,0,0.0,0,0.0,508,0.0,232.739439999973,effect_35-40
5235,1591,Other,PL6a,0,0.0,0,0.0,26,0.0,232.739439999973,effect_35-40
5236,1593,Other,PL6a,6,0.025779902194491385,25,4.166666666666667,3019,0.008280887711162636,232.739439999973,effect_35-40
5237,1594,Other,PL6a,8,0.034373202925988514,27,3.375,6010,0.004492512479201331,232.739439999973,effect_35-40
5238,1606,Other,PL6a,0,0.0,0,0.0,75,0.0,232.739439999973,effect_35-40
5239,1611,Other,PL6a,1,0.004296650365748564,4,4.0,158,0.02531645569620253,232.739439999973,effect_35-40
5240,1615,Other,PL6a,7,0.030076552560239948,24,3.4285714285714284,991,0.024217961654894045,232.739439999973,effect_35-40
5241,1624,Other,PL6a,0,0.0,0,0.0,17,0.0,232.739439999973,effect_35-40
5242,1627,Other,PL6a,0,0.0,0,0.0,8,0.0,232.739439999973,effect_35-40
5243,1641,Other,PL6a,0,0.0,0,0.0,78,0.0,232.739439999973,effect_35-40
5244,1643,Other,PL6a,0,0.0,0,0.0,64,0.0,232.739439999973,effect_35-40
5245,1651,Other,PL5,0,0.0,0,0.0,4,0.0,232.739439999973,effect_35-40
5246,1655,Other,PL5,0,0.0,0,0.0,819,0.0,232.739439999973,effect_35-40
5247,1658,Other,PL5,0,0.0,0,0.0,64,0.0,232.739439999973,effect_35-40
5248,1676,Motor,MOs5,0,0.0,0,0.0,92,0.0,232.739439999973,effect_35-40
5249,1681,Motor,MOs5,0,0.0,0,0.0,7,0.0,232.739439999973,effect_35-40
5250,1684,Motor,MOs5,0,0.0,0,0.0,10,0.0,232.739439999973,effect_35-40
5251,1685,Motor,MOs5,6,0.025779902194491385,18,3.0,150,0.12,232.739439999973,effect_35-40
5252,1686,Motor,MOs5,0,0.0,0,0.0,0,0.0,232.739439999973,effect_35-40
5253,1687,Motor,MOs5,71,0.30506217596814805,254,3.5774647887323945,782,0.3248081841432225,232.739439999973,effect_35-40
5254,1690,Motor,MOs5,0,0.0,0,0.0,25,0.0,232.739439999973,effect_35-40
5255,1697,Motor,MOs5,0,0.0,0,0.0,103,0.0,232.739439999973,effect_35-40
5256,1699,Motor,MOs5,0,0.0,0,0.0,8,0.0,232.739439999973,effect_35-40
5257,1713,Motor,MOs5,0,0.0,0,0.0,459,0.0,232.739439999973,effect_35-40
5258,1738,Motor,MOs5,0,0.0,0,0.0,493,0.0,232.739439999973,effect_35-40
5259,1747,STR,LSr,0,0.0,0,0.0,18,0.0,232.739439999973,effect_35-40
5260,1749,STR,STR,0,0.0,0,0.0,24,0.0,232.739439999973,effect_35-40
5261,1762,Other,ILA5,0,0.0,0,0.0,84,0.0,232.739439999973,effect_35-40
5262,1763,Other,ILA5,0,0.0,0,0.0,51,0.0,232.739439999973,effect_35-40
5263,1764,Other,ILA5,0,0.0,0,0.0,3,0.0,232.739439999973,effect_35-40
5264,1768,Other,ILA5,0,0.0,0,0.0,51,0.0,232.739439999973,effect_35-40
5265,1769,Other,ILA5,0,0.0,0,0.0,14,0.0,232.739439999973,effect_35-40
5266,1782,Other,ILA5,0,0.0,0,0.0,3,0.0,232.739439999973,effect_35-40
5267,1783,Other,ILA5,0,0.0,0,0.0,32,0.0,232.739439999973,effect_35-40
5268,1785,Other,ILA5,0,0.0,0,0.0,56,0.0,232.739439999973,effect_35-40
5269,1786,Other,ILA5,0,0.0,0,0.0,4,0.0,232.739439999973,effect_35-40
5270,1789,Other,PL5,0,0.0,0,0.0,77,0.0,232.739439999973,effect_35-40
5271,1796,Other,PL6a,0,0.0,0,0.0,72,0.0,232.739439999973,effect_35-40
5272,1799,Other,PL6a,0,0.0,0,0.0,78,0.0,232.739439999973,effect_35-40
5273,1801,Other,PL6a,0,0.0,0,0.0,28,0.0,232.739439999973,effect_35-40
5274,1804,Other,PL6a,0,0.0,0,0.0,35,0.0,232.739439999973,effect_35-40
5275,1806,Other,PL6a,0,0.0,0,0.0,2,0.0,232.739439999973,effect_35-40
5276,1809,Other,PL6a,0,0.0,0,0.0,0,0.0,232.739439999973,effect_35-40
5277,1811,Other,PL6a,0,0.0,0,0.0,11,0.0,232.739439999973,effect_35-40
5278,1813,Other,PL6a,0,0.0,0,0.0,0,0.0,232.739439999973,effect_35-40
5279,1815,Other,PL6a,0,0.0,0,0.0,16,0.0,232.739439999973,effect_35-40
5280,1816,Other,PL6a,0,0.0,0,0.0,0,0.0,232.739439999973,effect_35-40
5281,1818,Other,PL6a,0,0.0,0,0.0,26,0.0,232.739439999973,effect_35-40
5282,1819,Other,PL6a,0,0.0,0,0.0,100,0.0,232.739439999973,effect_35-40
5283,1822,Motor,MOs5,0,0.0,0,0.0,1,0.0,232.739439999973,effect_35-40
5284,1826,Motor,MOs5,0,0.0,0,0.0,2,0.0,232.739439999973,effect_35-40
5285,1827,Motor,MOs5,0,0.0,0,0.0,3,0.0,232.739439999973,effect_35-40
5286,1828,Motor,MOs5,2,0.008593300731497128,7,3.5,31,0.22580645161290322,232.739439999973,effect_35-40
5287,1829,Motor,MOs5,0,0.0,0,0.0,26,0.0,232.739439999973,effect_35-40
5288,1830,Motor,MOs5,0,0.0,0,0.0,103,0.0,232.739439999973,effect_35-40
5289,1832,Motor,MOs5,0,0.0,0,0.0,24,0.0,232.739439999973,effect_35-40
5290,1833,Motor,MOs5,0,0.0,0,0.0,61,0.0,232.739439999973,effect_35-40
5291,1840,STR,STR,1,0.004296650365748564,3,3.0,44,0.06818181818181818,232.739439999973,effect_35-40
5292,1844,Other,ILA2/3,0,0.0,0,0.0,108,0.0,232.739439999973,effect_35-40
5293,1848,Other,ILA5,0,0.0,0,0.0,27,0.0,232.739439999973,effect_35-40
5294,1849,Other,ILA5,0,0.0,0,0.0,16,0.0,232.739439999973,effect_35-40
5295,1850,Other,PL6a,0,0.0,0,0.0,0,0.0,232.739439999973,effect_35-40
5296,1851,Other,PL6a,0,0.0,0,0.0,2,0.0,232.739439999973,effect_35-40
5297,1852,Other,PL6a,0,0.0,0,0.0,1,0.0,232.739439999973,effect_35-40
5298,1854,Motor,MOs5,0,0.0,0,0.0,8,0.0,232.739439999973,effect_35-40
5299,1855,Other,ILA2/3,0,0.0,0,0.0,19,0.0,232.739439999973,effect_35-40
5300,1856,Other,ILA5,1,0.004296650365748564,4,4.0,82,0.04878048780487805,232.739439999973,effect_35-40
5301,1857,Other,ILA5,1,0.004296650365748564,3,3.0,26,0.11538461538461539,232.739439999973,effect_35-40
5302,1860,Other,PL6a,0,0.0,0,0.0,3,0.0,232.739439999973,effect_35-40
5303,1862,Motor,MOs5,0,0.0,0,0.0,28,0.0,232.739439999973,effect_35-40
5304,1863,Motor,MOs5,0,0.0,0,0.0,11,0.0,232.739439999973,effect_35-40
5305,1864,Motor,MOs5,0,0.0,0,0.0,7,0.0,232.739439999973,effect_35-40
5306,1865,Motor,MOs5,0,0.0,0,0.0,63,0.0,232.739439999973,effect_35-40
5307,1866,Motor,MOs5,0,0.0,0,0.0,21,0.0,232.739439999973,effect_35-40
5308,1868,Motor,MOs5,0,0.0,0,0.0,141,0.0,232.739439999973,effect_35-40
5309,1872,Motor,MOs5,0,0.0,0,0.0,7,0.0,232.739439999973,effect_35-40
5310,3,Other,AMd,8,0.03632998158978374,26,3.25,1274,0.02040816326530612,220.2037999999884,effect_40-45
5311,4,Other,AMd,17,0.07720121087829045,59,3.4705882352941178,1417,0.04163726182074806,220.2037999999884,effect_40-45
5312,9,Other,AMd,12,0.05449497238467561,40,3.3333333333333335,1285,0.0311284046692607,220.2037999999884,effect_40-45
5313,10,Other,AMd,67,0.30426359581443885,220,3.283582089552239,771,0.2853437094682231,220.2037999999884,effect_40-45
5314,12,Other,AMd,71,0.3224285866093307,243,3.4225352112676055,2356,0.10314091680814941,220.2037999999884,effect_40-45
5315,13,Other,AMd,14,0.06357746778212155,50,3.5714285714285716,2366,0.021132713440405747,220.2037999999884,effect_40-45
5316,14,Other,AMd,52,0.23614488033359432,180,3.4615384615384617,1131,0.15915119363395225,220.2037999999884,effect_40-45
5317,16,Other,AMd,38,0.1725674125514728,131,3.4473684210526314,1141,0.11481156879929887,220.2037999999884,effect_40-45
5318,20,Other,AMd,56,0.2543098711284862,180,3.2142857142857144,1574,0.11435832274459974,220.2037999999884,effect_40-45
5319,21,Other,AMd,118,0.5358672284493102,434,3.6779661016949152,1792,0.2421875,220.2037999999884,effect_40-45
5320,23,Other,AMd,23,0.10444869707062826,72,3.130434782608696,2397,0.030037546933667083,220.2037999999884,effect_40-45
5321,24,Other,AMd,36,0.16348491715402685,118,3.2777777777777777,1622,0.07274969173859433,220.2037999999884,effect_40-45
5322,26,Other,AMd,108,0.4904547514620805,379,3.509259259259259,1524,0.24868766404199474,220.2037999999884,effect_40-45
5323,28,Other,AMd,50,0.2270623849361484,159,3.18,1053,0.150997150997151,220.2037999999884,effect_40-45
5324,29,Other,AMd,71,0.3224285866093307,236,3.323943661971831,1132,0.20848056537102475,220.2037999999884,effect_40-45
5325,30,Other,AMd,97,0.4405010267761279,361,3.7216494845360826,1124,0.3211743772241993,220.2037999999884,effect_40-45
5326,33,Other,AMd,19,0.0862837062757364,61,3.210526315789474,1258,0.04848966613672496,220.2037999999884,effect_40-45
5327,34,Other,AMd,34,0.1544024217565809,114,3.3529411764705883,981,0.1162079510703364,220.2037999999884,effect_40-45
5328,36,Other,AMd,30,0.13623743096168903,106,3.533333333333333,2099,0.0505002382086708,220.2037999999884,effect_40-45
5329,38,Other,AMd,65,0.2951811004169929,217,3.3384615384615386,1164,0.18642611683848798,220.2037999999884,effect_40-45
5330,42,Other,AMd,10,0.04541247698722968,33,3.3,1513,0.021810971579643092,220.2037999999884,effect_40-45
5331,44,Other,AMd,76,0.3451348251029456,276,3.6315789473684212,1580,0.17468354430379746,220.2037999999884,effect_40-45
5332,45,Other,AMd,84,0.3814648066927293,287,3.4166666666666665,2045,0.14034229828850855,220.2037999999884,effect_40-45
5333,46,Other,AMd,76,0.3451348251029456,261,3.4342105263157894,1398,0.18669527896995708,220.2037999999884,effect_40-45
5334,48,Other,AMd,46,0.20889739414125652,154,3.347826086956522,1054,0.1461100569259962,220.2037999999884,effect_40-45
5335,49,Other,AMd,51,0.23160363263487135,181,3.549019607843137,1365,0.1326007326007326,220.2037999999884,effect_40-45
5336,54,Other,AMd,64,0.2906398527182699,204,3.1875,1330,0.15338345864661654,220.2037999999884,effect_40-45
5337,58,Other,AMd,16,0.07265996317956748,48,3.0,500,0.096,220.2037999999884,effect_40-45
5338,61,Other,AMd,110,0.49953724685952644,374,3.4,1901,0.19673855865334033,220.2037999999884,effect_40-45
5339,62,Other,AMd,27,0.12261368786552013,87,3.2222222222222223,434,0.20046082949308755,220.2037999999884,effect_40-45
5340,63,Other,AMd,109,0.4949959991608035,376,3.44954128440367,1050,0.3580952380952381,220.2037999999884,effect_40-45
5341,69,Other,AMd,21,0.09536620167318233,67,3.1904761904761907,779,0.08600770218228498,220.2037999999884,effect_40-45
5342,74,Other,AD,122,0.5540322192442021,440,3.6065573770491803,2031,0.21664204825209257,220.2037999999884,effect_40-45
5343,97,Other,AD,7,0.03178873389106077,38,5.428571428571429,699,0.05436337625178827,220.2037999999884,effect_40-45
5344,98,Other,AD,8,0.03632998158978374,25,3.125,1356,0.018436578171091445,220.2037999999884,effect_40-45
5345,102,Other,cing,34,0.1544024217565809,200,5.882352941176471,2004,0.0998003992015968,220.2037999999884,effect_40-45
5346,103,Motor,MOp6a,2,0.009082495397445935,10,5.0,126,0.07936507936507936,220.2037999999884,effect_40-45
5347,104,Motor,MOp6a,0,0.0,0,0.0,490,0.0,220.2037999999884,effect_40-45
5348,105,Motor,MOp6a,44,0.1998148987438106,227,5.159090909090909,2339,0.09705002137665669,220.2037999999884,effect_40-45
5349,108,Motor,MOp6a,1,0.0045412476987229675,4,4.0,2406,0.0016625103906899418,220.2037999999884,effect_40-45
5350,117,Motor,MOp6a,0,0.0,0,0.0,598,0.0,220.2037999999884,effect_40-45
5351,122,Motor,MOp5,2,0.009082495397445935,7,3.5,116,0.0603448275862069,220.2037999999884,effect_40-45
5352,124,Motor,MOp5,0,0.0,0,0.0,67,0.0,220.2037999999884,effect_40-45
5353,126,Motor,MOp5,0,0.0,0,0.0,22,0.0,220.2037999999884,effect_40-45
5354,127,Motor,MOp5,0,0.0,0,0.0,37,0.0,220.2037999999884,effect_40-45
5355,128,Motor,MOp5,1,0.0045412476987229675,3,3.0,1001,0.002997002997002997,220.2037999999884,effect_40-45
5356,131,Motor,MOp5,0,0.0,0,0.0,561,0.0,220.2037999999884,effect_40-45
5357,137,Motor,MOp5,0,0.0,0,0.0,384,0.0,220.2037999999884,effect_40-45
5358,139,Motor,MOp5,3,0.013623743096168903,11,3.6666666666666665,820,0.013414634146341463,220.2037999999884,effect_40-45
5359,141,Motor,MOp5,16,0.07265996317956748,65,4.0625,1976,0.03289473684210526,220.2037999999884,effect_40-45
5360,145,Motor,MOp5,0,0.0,0,0.0,94,0.0,220.2037999999884,effect_40-45
5361,146,Motor,MOp5,6,0.027247486192337807,24,4.0,1920,0.0125,220.2037999999884,effect_40-45
5362,150,Motor,MOp5,0,0.0,0,0.0,36,0.0,220.2037999999884,effect_40-45
5363,151,Motor,MOp5,39,0.17710866025019575,143,3.6666666666666665,2165,0.06605080831408776,220.2037999999884,effect_40-45
5364,152,Motor,MOp5,0,0.0,0,0.0,76,0.0,220.2037999999884,effect_40-45
5365,153,Motor,MOp5,0,0.0,0,0.0,10,0.0,220.2037999999884,effect_40-45
5366,154,Motor,MOp5,0,0.0,0,0.0,933,0.0,220.2037999999884,effect_40-45
5367,155,Motor,MOp5,0,0.0,0,0.0,112,0.0,220.2037999999884,effect_40-45
5368,157,Motor,MOp5,0,0.0,0,0.0,209,0.0,220.2037999999884,effect_40-45
5369,161,Motor,MOp5,0,0.0,0,0.0,153,0.0,220.2037999999884,effect_40-45
5370,164,Motor,MOp2/3,0,0.0,0,0.0,51,0.0,220.2037999999884,effect_40-45
5371,167,Other,RSPagl2/3,0,0.0,0,0.0,1114,0.0,220.2037999999884,effect_40-45
5372,174,Other,RSPagl2/3,0,0.0,0,0.0,86,0.0,220.2037999999884,effect_40-45
5373,178,Other,RSPagl2/3,1,0.0045412476987229675,3,3.0,130,0.023076923076923078,220.2037999999884,effect_40-45
5374,182,Somatosensory,SSp-tr2/3,0,0.0,0,0.0,41,0.0,220.2037999999884,effect_40-45
5375,186,Somatosensory,SSp-tr2/3,3,0.013623743096168903,10,3.3333333333333335,396,0.025252525252525252,220.2037999999884,effect_40-45
5376,188,Somatosensory,SSp-tr2/3,0,0.0,0,0.0,357,0.0,220.2037999999884,effect_40-45
5377,192,Somatosensory,SSp-tr2/3,1,0.0045412476987229675,4,4.0,113,0.035398230088495575,220.2037999999884,effect_40-45
5378,193,Somatosensory,SSp-tr2/3,0,0.0,0,0.0,362,0.0,220.2037999999884,effect_40-45
5379,197,Somatosensory,SSp-tr2/3,0,0.0,0,0.0,309,0.0,220.2037999999884,effect_40-45
5380,204,Somatosensory,SSp-tr1,0,0.0,0,0.0,21,0.0,220.2037999999884,effect_40-45
5381,205,Other,AMd,80,0.36329981589783744,289,3.6125,678,0.42625368731563423,220.2037999999884,effect_40-45
5382,206,Other,AD,26,0.11807244016679716,81,3.1153846153846154,1032,0.07848837209302326,220.2037999999884,effect_40-45
5383,210,Motor,MOp6a,1,0.0045412476987229675,7,7.0,115,0.06086956521739131,220.2037999999884,effect_40-45
5384,211,Motor,MOp6a,14,0.06357746778212155,55,3.9285714285714284,1983,0.02773575390821987,220.2037999999884,effect_40-45
5385,213,Motor,MOp5,0,0.0,0,0.0,22,0.0,220.2037999999884,effect_40-45
5386,216,Motor,MOp5,0,0.0,0,0.0,20,0.0,220.2037999999884,effect_40-45
5387,217,Motor,MOp5,0,0.0,0,0.0,2,0.0,220.2037999999884,effect_40-45
5388,218,Motor,MOp5,0,0.0,0,0.0,280,0.0,220.2037999999884,effect_40-45
5389,219,Motor,MOp5,2,0.009082495397445935,8,4.0,98,0.08163265306122448,220.2037999999884,effect_40-45
5390,221,Motor,MOp5,0,0.0,0,0.0,111,0.0,220.2037999999884,effect_40-45
5391,223,Motor,MOp5,0,0.0,0,0.0,13,0.0,220.2037999999884,effect_40-45
5392,226,Motor,MOp5,0,0.0,0,0.0,95,0.0,220.2037999999884,effect_40-45
5393,227,Motor,MOp5,0,0.0,0,0.0,55,0.0,220.2037999999884,effect_40-45
5394,230,Other,RSPagl2/3,0,0.0,0,0.0,1,0.0,220.2037999999884,effect_40-45
5395,232,Somatosensory,SSp-tr2/3,0,0.0,0,0.0,89,0.0,220.2037999999884,effect_40-45
5396,233,Somatosensory,SSp-tr2/3,0,0.0,0,0.0,11,0.0,220.2037999999884,effect_40-45
5397,234,Somatosensory,SSp-tr2/3,0,0.0,0,0.0,74,0.0,220.2037999999884,effect_40-45
5398,238,Somatosensory,SSp-tr1,0,0.0,0,0.0,22,0.0,220.2037999999884,effect_40-45
5399,242,Motor,MOp2/3,0,0.0,0,0.0,45,0.0,220.2037999999884,effect_40-45
5400,243,Other,RSPagl2/3,0,0.0,0,0.0,23,0.0,220.2037999999884,effect_40-45
5401,244,Somatosensory,SSp-tr1,0,0.0,0,0.0,10,0.0,220.2037999999884,effect_40-45
5402,247,Motor,MOp5,0,0.0,0,0.0,62,0.0,220.2037999999884,effect_40-45
5403,248,Motor,MOp2/3,0,0.0,0,0.0,74,0.0,220.2037999999884,effect_40-45
5404,249,Somatosensory,SSp-tr2/3,0,0.0,0,0.0,44,0.0,220.2037999999884,effect_40-45
5405,250,Somatosensory,SSp-tr1,0,0.0,0,0.0,26,0.0,220.2037999999884,effect_40-45
5406,252,Other,SPFp,0,0.0,0,0.0,66,0.0,220.2037999999884,effect_40-45
5407,266,Other,SPFp,62,0.281557357320824,233,3.7580645161290325,467,0.4989293361884368,220.2037999999884,effect_40-45
5408,272,Other,PoT,182,0.8265070811675801,604,3.318681318681319,961,0.6285119667013528,220.2037999999884,effect_40-45
5409,279,Other,PoT,0,0.0,0,0.0,88,0.0,220.2037999999884,effect_40-45
5410,281,Other,PoT,0,0.0,0,0.0,77,0.0,220.2037999999884,effect_40-45
5411,286,Other,PoT,61,0.27701610962210105,261,4.278688524590164,303,0.8613861386138614,220.2037999999884,effect_40-45
5412,291,Other,PoT,63,0.286098605019547,253,4.015873015873016,682,0.3709677419354839,220.2037999999884,effect_40-45
5413,292,Other,PoT,83,0.3769235589940063,323,3.891566265060241,703,0.4594594594594595,220.2037999999884,effect_40-45
5414,296,Other,PoT,89,0.4041710451863441,342,3.842696629213483,634,0.5394321766561514,220.2037999999884,effect_40-45
5415,298,Other,PoT,78,0.3542173205003915,282,3.6153846153846154,870,0.32413793103448274,220.2037999999884,effect_40-45
5416,299,Other,PoT,1,0.0045412476987229675,3,3.0,220,0.013636363636363636,220.2037999999884,effect_40-45
5417,302,Other,PoT,37,0.16802616485274982,137,3.7027027027027026,274,0.5,220.2037999999884,effect_40-45
5418,304,Other,PoT,87,0.3950885497888982,346,3.9770114942528734,576,0.6006944444444444,220.2037999999884,effect_40-45
5419,306,Other,PoT,77,0.3496760728016685,282,3.6623376623376624,417,0.6762589928057554,220.2037999999884,effect_40-45
5420,307,Other,PoT,80,0.36329981589783744,298,3.725,416,0.7163461538461539,220.2037999999884,effect_40-45
5421,310,Other,PoT,0,0.0,0,0.0,19,0.0,220.2037999999884,effect_40-45
5422,316,Other,PoT,48,0.21797988953870245,166,3.4583333333333335,605,0.2743801652892562,220.2037999999884,effect_40-45
5423,317,Other,PoT,70,0.3178873389106077,299,4.271428571428571,1245,0.24016064257028114,220.2037999999884,effect_40-45
5424,321,Other,PoT,78,0.3542173205003915,284,3.641025641025641,572,0.4965034965034965,220.2037999999884,effect_40-45
5425,325,Other,PoT,39,0.17710866025019575,134,3.4358974358974357,986,0.1359026369168357,220.2037999999884,effect_40-45
5426,328,Other,PoT,2,0.009082495397445935,8,4.0,134,0.05970149253731343,220.2037999999884,effect_40-45
5427,330,Other,PoT,6,0.027247486192337807,22,3.6666666666666665,2827,0.007782101167315175,220.2037999999884,effect_40-45
5428,331,Other,PoT,87,0.3950885497888982,326,3.7471264367816093,1784,0.1827354260089686,220.2037999999884,effect_40-45
5429,333,Other,PoT,9,0.040871229288506714,30,3.3333333333333335,400,0.075,220.2037999999884,effect_40-45
5430,334,Other,PoT,51,0.23160363263487135,191,3.7450980392156863,1303,0.14658480429777437,220.2037999999884,effect_40-45
5431,338,Other,PoT,2,0.009082495397445935,6,3.0,1092,0.005494505494505495,220.2037999999884,effect_40-45
5432,340,Other,PoT,10,0.04541247698722968,36,3.6,362,0.09944751381215469,220.2037999999884,effect_40-45
5433,341,Other,PoT,6,0.027247486192337807,22,3.6666666666666665,121,0.18181818181818182,220.2037999999884,effect_40-45
5434,344,Other,PoT,13,0.05903622008339858,44,3.3846153846153846,955,0.04607329842931937,220.2037999999884,effect_40-45
5435,347,Other,PoT,5,0.02270623849361484,15,3.0,800,0.01875,220.2037999999884,effect_40-45
5436,350,Other,PoT,22,0.0999074493719053,80,3.6363636363636362,327,0.24464831804281345,220.2037999999884,effect_40-45
5437,352,Other,PoT,0,0.0,0,0.0,170,0.0,220.2037999999884,effect_40-45
5438,355,Other,PoT,9,0.040871229288506714,39,4.333333333333333,441,0.08843537414965986,220.2037999999884,effect_40-45
5439,361,Other,PoT,11,0.04995372468595265,41,3.727272727272727,1846,0.022210184182015168,220.2037999999884,effect_40-45
5440,362,Other,PoT,88,0.3996297974876212,361,4.1022727272727275,1359,0.2656364974245769,220.2037999999884,effect_40-45
5441,367,Other,PoT,0,0.0,0,0.0,110,0.0,220.2037999999884,effect_40-45
5442,368,Other,PoT,10,0.04541247698722968,39,3.9,214,0.1822429906542056,220.2037999999884,effect_40-45
5443,369,Other,PoT,0,0.0,0,0.0,1,0.0,220.2037999999884,effect_40-45
5444,372,Other,PoT,0,0.0,0,0.0,403,0.0,220.2037999999884,effect_40-45
5445,381,Other,PoT,25,0.1135311924680742,100,4.0,259,0.3861003861003861,220.2037999999884,effect_40-45
5446,382,Other,PoT,13,0.05903622008339858,44,3.3846153846153846,262,0.16793893129770993,220.2037999999884,effect_40-45
5447,385,Other,PoT,71,0.3224285866093307,296,4.169014084507042,694,0.4265129682997118,220.2037999999884,effect_40-45
5448,388,Other,PoT,83,0.3769235589940063,409,4.927710843373494,5801,0.0705050853301155,220.2037999999884,effect_40-45
5449,392,Other,PoT,87,0.3950885497888982,327,3.7586206896551726,856,0.3820093457943925,220.2037999999884,effect_40-45
5450,394,Other,PoT,17,0.07720121087829045,57,3.3529411764705883,692,0.08236994219653179,220.2037999999884,effect_40-45
5451,396,Other,PoT,0,0.0,0,0.0,51,0.0,220.2037999999884,effect_40-45
5452,404,Other,PoT,108,0.4904547514620805,450,4.166666666666667,726,0.6198347107438017,220.2037999999884,effect_40-45
5453,405,Other,PoT,7,0.03178873389106077,32,4.571428571428571,479,0.06680584551148225,220.2037999999884,effect_40-45
5454,406,Other,PoT,46,0.20889739414125652,167,3.630434782608696,1063,0.1571025399811853,220.2037999999884,effect_40-45
5455,408,Other,PoT,178,0.8083420903726882,776,4.359550561797753,1173,0.6615515771526002,220.2037999999884,effect_40-45
5456,412,Other,PoT,15,0.06811871548084451,56,3.7333333333333334,471,0.11889596602972399,220.2037999999884,effect_40-45
5457,414,Other,PoT,7,0.03178873389106077,25,3.5714285714285716,103,0.24271844660194175,220.2037999999884,effect_40-45
5458,415,Other,PoT,39,0.17710866025019575,155,3.9743589743589745,595,0.2605042016806723,220.2037999999884,effect_40-45
5459,417,Other,PoT,94,0.426877283679959,355,3.776595744680851,654,0.5428134556574924,220.2037999999884,effect_40-45
5460,418,Other,PoT,15,0.06811871548084451,52,3.466666666666667,349,0.1489971346704871,220.2037999999884,effect_40-45
5461,419,Other,PoT,32,0.14531992635913496,115,3.59375,477,0.24109014675052412,220.2037999999884,effect_40-45
5462,421,Other,PoT,92,0.41779478828251304,325,3.532608695652174,982,0.33095723014256617,220.2037999999884,effect_40-45
5463,422,Other,PoT,59,0.2679336142246551,231,3.9152542372881354,557,0.414721723518851,220.2037999999884,effect_40-45
5464,425,Other,PoT,65,0.2951811004169929,261,4.015384615384615,405,0.6444444444444445,220.2037999999884,effect_40-45
5465,428,Other,PoT,16,0.07265996317956748,59,3.6875,3566,0.016545148625911384,220.2037999999884,effect_40-45
5466,429,Other,PoT,61,0.27701610962210105,251,4.114754098360656,567,0.4426807760141093,220.2037999999884,effect_40-45
5467,430,Other,PoT,57,0.2588511188272092,225,3.9473684210526314,848,0.2653301886792453,220.2037999999884,effect_40-45
5468,433,Other,PoT,65,0.2951811004169929,270,4.153846153846154,487,0.5544147843942505,220.2037999999884,effect_40-45
5469,434,Other,PoT,56,0.2543098711284862,214,3.8214285714285716,485,0.44123711340206184,220.2037999999884,effect_40-45
5470,435,Other,PoT,41,0.1861911556476417,165,4.024390243902439,261,0.632183908045977,220.2037999999884,effect_40-45
5471,437,Other,PoT,58,0.2633923665259321,260,4.482758620689655,543,0.47882136279926335,220.2037999999884,effect_40-45
5472,438,Other,PoT,33,0.14986117405785793,145,4.393939393939394,257,0.5642023346303502,220.2037999999884,effect_40-45
5473,440,Other,SGN,62,0.281557357320824,243,3.9193548387096775,417,0.5827338129496403,220.2037999999884,effect_40-45
5474,443,Other,PoT,97,0.4405010267761279,399,4.11340206185567,929,0.4294940796555436,220.2037999999884,effect_40-45
5475,445,Other,SGN,128,0.5812797054365398,482,3.765625,1343,0.35889798957557706,220.2037999999884,effect_40-45
5476,446,Other,SGN,67,0.30426359581443885,271,4.044776119402985,435,0.6229885057471264,220.2037999999884,effect_40-45
5477,447,Other,SGN,61,0.27701610962210105,245,4.016393442622951,370,0.6621621621621622,220.2037999999884,effect_40-45
5478,448,Other,SGN,101,0.45866601757101977,384,3.801980198019802,831,0.4620938628158845,220.2037999999884,effect_40-45
5479,450,Other,SGN,73,0.33151108200677665,261,3.5753424657534247,399,0.6541353383458647,220.2037999999884,effect_40-45
5480,451,Other,SGN,148,0.6721046594109993,667,4.506756756756757,2465,0.27058823529411763,220.2037999999884,effect_40-45
5481,453,Other,SGN,107,0.48591350376335757,418,3.9065420560747666,1472,0.28396739130434784,220.2037999999884,effect_40-45
5482,457,Other,SGN,90,0.4087122928850671,326,3.6222222222222222,1114,0.2926391382405745,220.2037999999884,effect_40-45
5483,458,Other,SGN,5,0.02270623849361484,15,3.0,199,0.07537688442211055,220.2037999999884,effect_40-45
5484,463,Other,SGN,37,0.16802616485274982,153,4.135135135135135,327,0.46788990825688076,220.2037999999884,effect_40-45
5485,465,Other,SGN,171,0.7765533564816275,722,4.222222222222222,1168,0.6181506849315068,220.2037999999884,effect_40-45
5486,471,Other,SGN,136,0.6176096870263236,746,5.485294117647059,1017,0.7335299901671584,220.2037999999884,effect_40-45
5487,492,Other,DG-sg,0,0.0,0,0.0,0,0.0,220.2037999999884,effect_40-45
5488,495,Other,DG-sg,0,0.0,0,0.0,0,0.0,220.2037999999884,effect_40-45
5489,496,Other,DG-sg,2,0.009082495397445935,6,3.0,70,0.08571428571428572,220.2037999999884,effect_40-45
5490,498,Other,DG-sg,0,0.0,0,0.0,0,0.0,220.2037999999884,effect_40-45
5491,500,Other,DG-sg,10,0.04541247698722968,36,3.6,317,0.11356466876971609,220.2037999999884,effect_40-45
5492,501,Other,DG-sg,7,0.03178873389106077,22,3.142857142857143,307,0.07166123778501629,220.2037999999884,effect_40-45
5493,504,Other,DG-po,0,0.0,0,0.0,0,0.0,220.2037999999884,effect_40-45
5494,505,Other,DG-po,2,0.009082495397445935,6,3.0,93,0.06451612903225806,220.2037999999884,effect_40-45
5495,506,Other,DG-po,0,0.0,0,0.0,0,0.0,220.2037999999884,effect_40-45
5496,507,Other,DG-po,5,0.02270623849361484,17,3.4,215,0.07906976744186046,220.2037999999884,effect_40-45
5497,511,Other,DG-po,0,0.0,0,0.0,0,0.0,220.2037999999884,effect_40-45
5498,513,Other,DG-po,0,0.0,0,0.0,21,0.0,220.2037999999884,effect_40-45
5499,538,Other,ProS,0,0.0,0,0.0,12,0.0,220.2037999999884,effect_40-45
5500,543,Other,ProS,2,0.009082495397445935,7,3.5,260,0.026923076923076925,220.2037999999884,effect_40-45
5501,546,Other,ProS,4,0.01816499079489187,15,3.75,937,0.016008537886873,220.2037999999884,effect_40-45
5502,547,Other,SUB,10,0.04541247698722968,36,3.6,392,0.09183673469387756,220.2037999999884,effect_40-45
5503,549,Other,ProS,6,0.027247486192337807,20,3.3333333333333335,1466,0.013642564802182811,220.2037999999884,effect_40-45
5504,550,Other,ProS,9,0.040871229288506714,30,3.3333333333333335,454,0.06607929515418502,220.2037999999884,effect_40-45
5505,551,Other,ProS,3,0.013623743096168903,9,3.0,1131,0.007957559681697613,220.2037999999884,effect_40-45
5506,560,Other,ProS,0,0.0,0,0.0,2,0.0,220.2037999999884,effect_40-45
5507,561,Other,ProS,0,0.0,0,0.0,351,0.0,220.2037999999884,effect_40-45
5508,562,Other,ProS,6,0.027247486192337807,19,3.1666666666666665,1192,0.015939597315436243,220.2037999999884,effect_40-45
5509,564,Other,ProS,34,0.1544024217565809,144,4.235294117647059,1220,0.1180327868852459,220.2037999999884,effect_40-45
5510,566,Other,ProS,13,0.05903622008339858,49,3.769230769230769,143,0.34265734265734266,220.2037999999884,effect_40-45
5511,567,Other,SUB,0,0.0,0,0.0,324,0.0,220.2037999999884,effect_40-45
5512,568,Other,SUB,0,0.0,0,0.0,60,0.0,220.2037999999884,effect_40-45
5513,569,Other,SUB,23,0.10444869707062826,82,3.5652173913043477,1073,0.07642124883504194,220.2037999999884,effect_40-45
5514,570,Other,SUB,1,0.0045412476987229675,3,3.0,127,0.023622047244094488,220.2037999999884,effect_40-45
5515,571,Other,SUB,10,0.04541247698722968,36,3.6,783,0.04597701149425287,220.2037999999884,effect_40-45
5516,573,Other,SUB,0,0.0,0,0.0,4,0.0,220.2037999999884,effect_40-45
5517,574,Other,SUB,16,0.07265996317956748,80,5.0,579,0.1381692573402418,220.2037999999884,effect_40-45
5518,576,Other,SUB,5,0.02270623849361484,19,3.8,493,0.038539553752535496,220.2037999999884,effect_40-45
5519,578,Other,SUB,5,0.02270623849361484,18,3.6,537,0.0335195530726257,220.2037999999884,effect_40-45
5520,579,Other,SUB,22,0.0999074493719053,69,3.1363636363636362,2235,0.03087248322147651,220.2037999999884,effect_40-45
5521,580,Other,SUB,5,0.02270623849361484,16,3.2,505,0.031683168316831684,220.2037999999884,effect_40-45
5522,582,Other,SUB,0,0.0,0,0.0,359,0.0,220.2037999999884,effect_40-45
5523,583,Other,SUB,64,0.2906398527182699,215,3.359375,4531,0.04745089384241889,220.2037999999884,effect_40-45
5524,584,Other,SUB,2,0.009082495397445935,6,3.0,796,0.007537688442211055,220.2037999999884,effect_40-45
5525,587,Other,SUB,2,0.009082495397445935,7,3.5,665,0.010526315789473684,220.2037999999884,effect_40-45
5526,588,Other,SUB,11,0.04995372468595265,46,4.181818181818182,534,0.08614232209737828,220.2037999999884,effect_40-45
5527,592,Other,SUB,27,0.12261368786552013,85,3.1481481481481484,2220,0.038288288288288286,220.2037999999884,effect_40-45
5528,600,Other,SUB,10,0.04541247698722968,35,3.5,1286,0.027216174183514776,220.2037999999884,effect_40-45
5529,601,Other,SUB,34,0.1544024217565809,152,4.470588235294118,2140,0.07102803738317758,220.2037999999884,effect_40-45
5530,602,Other,SUB,24,0.10898994476935123,81,3.375,1287,0.06293706293706294,220.2037999999884,effect_40-45
5531,604,Other,SUB,3,0.013623743096168903,12,4.0,721,0.016643550624133148,220.2037999999884,effect_40-45
5532,605,Other,SUB,19,0.0862837062757364,60,3.1578947368421053,1470,0.04081632653061224,220.2037999999884,effect_40-45
5533,607,Other,SUB,7,0.03178873389106077,27,3.857142857142857,521,0.05182341650671785,220.2037999999884,effect_40-45
5534,611,Other,alv,3,0.013623743096168903,12,4.0,708,0.01694915254237288,220.2037999999884,effect_40-45
5535,621,Other,VISp6a,30,0.13623743096168903,132,4.4,433,0.30484988452655887,220.2037999999884,effect_40-45
5536,627,Other,VISp5,0,0.0,0,0.0,448,0.0,220.2037999999884,effect_40-45
5537,629,Other,VISp5,0,0.0,0,0.0,878,0.0,220.2037999999884,effect_40-45
5538,631,Other,VISp5,0,0.0,0,0.0,1126,0.0,220.2037999999884,effect_40-45
5539,632,Other,VISp5,0,0.0,0,0.0,915,0.0,220.2037999999884,effect_40-45
5540,635,Other,VISp5,5,0.02270623849361484,16,3.2,1710,0.00935672514619883,220.2037999999884,effect_40-45
5541,636,Other,VISp5,0,0.0,0,0.0,1019,0.0,220.2037999999884,effect_40-45
5542,637,Other,VISp5,0,0.0,0,0.0,412,0.0,220.2037999999884,effect_40-45
5543,639,Other,VISp5,0,0.0,0,0.0,1648,0.0,220.2037999999884,effect_40-45
5544,642,Other,VISp5,0,0.0,0,0.0,1065,0.0,220.2037999999884,effect_40-45
5545,645,Other,VISp5,0,0.0,0,0.0,1007,0.0,220.2037999999884,effect_40-45
5546,646,Other,VISp5,0,0.0,0,0.0,1369,0.0,220.2037999999884,effect_40-45
5547,647,Other,VISp5,0,0.0,0,0.0,1055,0.0,220.2037999999884,effect_40-45
5548,651,Other,VISp5,0,0.0,0,0.0,1054,0.0,220.2037999999884,effect_40-45
5549,653,Other,VISp5,0,0.0,0,0.0,873,0.0,220.2037999999884,effect_40-45
5550,655,Other,VISp5,0,0.0,0,0.0,1556,0.0,220.2037999999884,effect_40-45
5551,656,Other,VISp5,0,0.0,0,0.0,991,0.0,220.2037999999884,effect_40-45
5552,663,Other,VISp5,0,0.0,0,0.0,421,0.0,220.2037999999884,effect_40-45
5553,668,Other,VISp4,0,0.0,0,0.0,399,0.0,220.2037999999884,effect_40-45
5554,669,Other,VISp4,0,0.0,0,0.0,360,0.0,220.2037999999884,effect_40-45
5555,679,Other,VISp4,0,0.0,0,0.0,285,0.0,220.2037999999884,effect_40-45
5556,681,Other,VISp4,0,0.0,0,0.0,25,0.0,220.2037999999884,effect_40-45
5557,684,Other,VISp2/3,0,0.0,0,0.0,55,0.0,220.2037999999884,effect_40-45
5558,687,Other,VISp2/3,0,0.0,0,0.0,200,0.0,220.2037999999884,effect_40-45
5559,688,Other,VISp2/3,0,0.0,0,0.0,100,0.0,220.2037999999884,effect_40-45
5560,689,Other,VISp2/3,0,0.0,0,0.0,12,0.0,220.2037999999884,effect_40-45
5561,690,Other,VISp2/3,0,0.0,0,0.0,244,0.0,220.2037999999884,effect_40-45
5562,695,Other,VISp2/3,0,0.0,0,0.0,58,0.0,220.2037999999884,effect_40-45
5563,696,Other,VISp2/3,0,0.0,0,0.0,20,0.0,220.2037999999884,effect_40-45
5564,697,Other,VISp2/3,0,0.0,0,0.0,209,0.0,220.2037999999884,effect_40-45
5565,700,Other,VISp2/3,0,0.0,0,0.0,221,0.0,220.2037999999884,effect_40-45
5566,708,Other,PoT,77,0.3496760728016685,349,4.532467532467533,416,0.8389423076923077,220.2037999999884,effect_40-45
5567,711,Other,PoT,63,0.286098605019547,230,3.6507936507936507,440,0.5227272727272727,220.2037999999884,effect_40-45
5568,718,Other,PoT,17,0.07720121087829045,60,3.5294117647058822,130,0.46153846153846156,220.2037999999884,effect_40-45
5569,719,Other,PoT,38,0.1725674125514728,131,3.4473684210526314,730,0.17945205479452056,220.2037999999884,effect_40-45
5570,720,Other,PoT,33,0.14986117405785793,117,3.5454545454545454,608,0.1924342105263158,220.2037999999884,effect_40-45
5571,722,Other,PoT,56,0.2543098711284862,220,3.9285714285714284,558,0.3942652329749104,220.2037999999884,effect_40-45
5572,724,Other,SGN,39,0.17710866025019575,148,3.7948717948717947,222,0.6666666666666666,220.2037999999884,effect_40-45
5573,725,Other,SGN,58,0.2633923665259321,220,3.793103448275862,1038,0.2119460500963391,220.2037999999884,effect_40-45
5574,726,Other,SGN,39,0.17710866025019575,193,4.948717948717949,275,0.7018181818181818,220.2037999999884,effect_40-45
5575,727,Other,SGN,46,0.20889739414125652,189,4.108695652173913,275,0.6872727272727273,220.2037999999884,effect_40-45
5576,728,Other,SGN,39,0.17710866025019575,145,3.717948717948718,455,0.31868131868131866,220.2037999999884,effect_40-45
5577,730,Thalamus,LP,22,0.0999074493719053,70,3.1818181818181817,236,0.2966101694915254,220.2037999999884,effect_40-45
5578,731,Thalamus,LP,20,0.09082495397445936,50,2.5,306,0.16339869281045752,220.2037999999884,effect_40-45
5579,734,Other,DG-sg,0,0.0,0,0.0,0,0.0,220.2037999999884,effect_40-45
5580,735,Other,DG-sg,0,0.0,0,0.0,0,0.0,220.2037999999884,effect_40-45
5581,755,Other,SUB,1,0.0045412476987229675,5,5.0,225,0.022222222222222223,220.2037999999884,effect_40-45
5582,756,Other,ProS,0,0.0,0,0.0,23,0.0,220.2037999999884,effect_40-45
5583,758,Other,ProS,0,0.0,0,0.0,0,0.0,220.2037999999884,effect_40-45
5584,761,Other,SUB,30,0.13623743096168903,111,3.7,2085,0.053237410071942444,220.2037999999884,effect_40-45
5585,762,Other,SUB,4,0.01816499079489187,12,3.0,280,0.04285714285714286,220.2037999999884,effect_40-45
5586,763,Other,SUB,4,0.01816499079489187,13,3.25,258,0.050387596899224806,220.2037999999884,effect_40-45
5587,764,Other,SUB,18,0.08174245857701343,61,3.388888888888889,1670,0.03652694610778443,220.2037999999884,effect_40-45
5588,769,Other,VISp5,0,0.0,0,0.0,4,0.0,220.2037999999884,effect_40-45
5589,780,Other,VISp2/3,0,0.0,0,0.0,58,0.0,220.2037999999884,effect_40-45
5590,782,Other,VISp2/3,0,0.0,0,0.0,36,0.0,220.2037999999884,effect_40-45
5591,783,Other,VISp2/3,0,0.0,0,0.0,17,0.0,220.2037999999884,effect_40-45
5592,784,Other,VISp2/3,0,0.0,0,0.0,28,0.0,220.2037999999884,effect_40-45
5593,786,Other,VISp2/3,0,0.0,0,0.0,190,0.0,220.2037999999884,effect_40-45
5594,793,Other,DG-sg,0,0.0,0,0.0,2,0.0,220.2037999999884,effect_40-45
5595,795,Other,DG-sg,0,0.0,0,0.0,0,0.0,220.2037999999884,effect_40-45
5596,796,Other,DG-sg,0,0.0,0,0.0,0,0.0,220.2037999999884,effect_40-45
5597,798,Other,ProS,0,0.0,0,0.0,0,0.0,220.2037999999884,effect_40-45
5598,799,Other,VISp2/3,0,0.0,0,0.0,20,0.0,220.2037999999884,effect_40-45
5599,806,Other,SPFp,0,0.0,0,0.0,23,0.0,220.2037999999884,effect_40-45
5600,809,Other,PoT,23,0.10444869707062826,97,4.217391304347826,473,0.20507399577167018,220.2037999999884,effect_40-45
5601,811,Other,DG-mo,0,0.0,0,0.0,0,0.0,220.2037999999884,effect_40-45
5602,812,Other,DG-po,0,0.0,0,0.0,0,0.0,220.2037999999884,effect_40-45
5603,815,Other,ProS,0,0.0,0,0.0,1,0.0,220.2037999999884,effect_40-45
5604,816,Other,ProS,27,0.12261368786552013,86,3.185185185185185,4142,0.020762916465475616,220.2037999999884,effect_40-45
5605,818,Other,VISp5,1,0.0045412476987229675,4,4.0,540,0.007407407407407408,220.2037999999884,effect_40-45
5606,820,Other,VISp2/3,0,0.0,0,0.0,130,0.0,220.2037999999884,effect_40-45
5607,822,Other,VISp6a,0,0.0,0,0.0,2,0.0,220.2037999999884,effect_40-45
5608,823,Other,VISp2/3,0,0.0,0,0.0,35,0.0,220.2037999999884,effect_40-45
5609,824,Other,VISp2/3,0,0.0,0,0.0,17,0.0,220.2037999999884,effect_40-45
5610,825,Other,VISp2/3,0,0.0,0,0.0,45,0.0,220.2037999999884,effect_40-45
5611,826,Other,VISp2/3,0,0.0,0,0.0,69,0.0,220.2037999999884,effect_40-45
5612,827,Other,VISp2/3,0,0.0,0,0.0,6,0.0,220.2037999999884,effect_40-45
5613,831,Other,VISp2/3,0,0.0,0,0.0,24,0.0,220.2037999999884,effect_40-45
5614,843,Other,int,0,0.0,0,0.0,30,0.0,220.2037999999884,effect_40-45
5615,845,Other,int,1,0.0045412476987229675,3,3.0,1922,0.0015608740894901144,220.2037999999884,effect_40-45
5616,851,Other,int,1,0.0045412476987229675,3,3.0,34,0.08823529411764706,220.2037999999884,effect_40-45
5617,859,Other,int,1,0.0045412476987229675,4,4.0,320,0.0125,220.2037999999884,effect_40-45
5618,865,Other,int,0,0.0,0,0.0,415,0.0,220.2037999999884,effect_40-45
5619,868,Other,int,0,0.0,0,0.0,39,0.0,220.2037999999884,effect_40-45
5620,873,Other,int,6,0.027247486192337807,18,3.0,2345,0.00767590618336887,220.2037999999884,effect_40-45
5621,892,Other,int,1,0.0045412476987229675,3,3.0,460,0.006521739130434782,220.2037999999884,effect_40-45
5622,900,Other,int,0,0.0,0,0.0,2,0.0,220.2037999999884,effect_40-45
5623,904,Other,int,3,0.013623743096168903,14,4.666666666666667,1936,0.007231404958677686,220.2037999999884,effect_40-45
5624,913,Other,int,23,0.10444869707062826,79,3.4347826086956523,281,0.28113879003558717,220.2037999999884,effect_40-45
5625,914,Other,int,0,0.0,0,0.0,577,0.0,220.2037999999884,effect_40-45
5626,932,Other,int,21,0.09536620167318233,66,3.142857142857143,360,0.18333333333333332,220.2037999999884,effect_40-45
5627,938,Other,int,25,0.1135311924680742,80,3.2,749,0.1068090787716956,220.2037999999884,effect_40-45
5628,950,Other,int,1,0.0045412476987229675,4,4.0,571,0.0070052539404553416,220.2037999999884,effect_40-45
5629,962,STR,STR,0,0.0,0,0.0,2681,0.0,220.2037999999884,effect_40-45
5630,964,STR,STR,101,0.45866601757101977,444,4.396039603960396,2116,0.20982986767485823,220.2037999999884,effect_40-45
5631,965,STR,STR,0,0.0,0,0.0,108,0.0,220.2037999999884,effect_40-45
5632,967,Other,int,4,0.01816499079489187,12,3.0,368,0.03260869565217391,220.2037999999884,effect_40-45
5633,969,STR,STR,2,0.009082495397445935,6,3.0,1263,0.004750593824228029,220.2037999999884,effect_40-45
5634,970,Other,int,2,0.009082495397445935,8,4.0,282,0.028368794326241134,220.2037999999884,effect_40-45
5635,972,STR,STR,0,0.0,0,0.0,6,0.0,220.2037999999884,effect_40-45
5636,976,STR,STR,109,0.4949959991608035,441,4.045871559633028,561,0.786096256684492,220.2037999999884,effect_40-45
5637,980,STR,CP,0,0.0,0,0.0,263,0.0,220.2037999999884,effect_40-45
5638,982,STR,CP,2,0.009082495397445935,8,4.0,846,0.009456264775413711,220.2037999999884,effect_40-45
5639,984,STR,CP,2,0.009082495397445935,6,3.0,159,0.03773584905660377,220.2037999999884,effect_40-45
5640,986,STR,CP,2,0.009082495397445935,6,3.0,3635,0.0016506189821182944,220.2037999999884,effect_40-45
5641,988,STR,CP,248,1.126229429283296,899,3.625,2245,0.400445434298441,220.2037999999884,effect_40-45
5642,989,STR,CP,0,0.0,0,0.0,136,0.0,220.2037999999884,effect_40-45
5643,990,STR,CP,1,0.0045412476987229675,3,3.0,1143,0.0026246719160104987,220.2037999999884,effect_40-45
5644,993,STR,CP,17,0.07720121087829045,79,4.647058823529412,2472,0.031957928802589,220.2037999999884,effect_40-45
5645,997,STR,CP,6,0.027247486192337807,27,4.5,2451,0.011015911872705019,220.2037999999884,effect_40-45
5646,1001,STR,CP,3,0.013623743096168903,9,3.0,26,0.34615384615384615,220.2037999999884,effect_40-45
5647,1008,STR,CP,36,0.16348491715402685,138,3.8333333333333335,4970,0.027766599597585512,220.2037999999884,effect_40-45
5648,1009,STR,CP,94,0.426877283679959,317,3.372340425531915,1410,0.22482269503546098,220.2037999999884,effect_40-45
5649,1013,STR,CP,57,0.2588511188272092,217,3.807017543859649,349,0.6217765042979942,220.2037999999884,effect_40-45
5650,1014,STR,CP,0,0.0,0,0.0,96,0.0,220.2037999999884,effect_40-45
5651,1021,STR,CP,10,0.04541247698722968,33,3.3,811,0.040690505548705305,220.2037999999884,effect_40-45
5652,1027,STR,CP,2,0.009082495397445935,6,3.0,1784,0.0033632286995515697,220.2037999999884,effect_40-45
5653,1028,STR,CP,7,0.03178873389106077,29,4.142857142857143,3047,0.009517558254020347,220.2037999999884,effect_40-45
5654,1033,STR,CP,252,1.144394420078188,962,3.8174603174603177,2382,0.4038623005877414,220.2037999999884,effect_40-45
5655,1038,STR,CP,27,0.12261368786552013,86,3.185185185185185,525,0.16380952380952382,220.2037999999884,effect_40-45
5656,1040,STR,CP,11,0.04995372468595265,35,3.1818181818181817,1065,0.03286384976525822,220.2037999999884,effect_40-45
5657,1045,STR,CP,1,0.0045412476987229675,4,4.0,1491,0.0026827632461435278,220.2037999999884,effect_40-45
5658,1048,STR,CP,9,0.040871229288506714,35,3.888888888888889,1080,0.032407407407407406,220.2037999999884,effect_40-45
5659,1065,STR,CP,1,0.0045412476987229675,3,3.0,390,0.007692307692307693,220.2037999999884,effect_40-45
5660,1066,STR,CP,3,0.013623743096168903,10,3.3333333333333335,1584,0.006313131313131313,220.2037999999884,effect_40-45
5661,1068,STR,CP,0,0.0,0,0.0,509,0.0,220.2037999999884,effect_40-45
5662,1069,STR,CP,10,0.04541247698722968,39,3.9,1369,0.028487947406866325,220.2037999999884,effect_40-45
5663,1073,STR,CP,97,0.4405010267761279,318,3.2783505154639174,6246,0.05091258405379443,220.2037999999884,effect_40-45
5664,1096,Somatosensory,SSp-bfd6a,0,0.0,0,0.0,140,0.0,220.2037999999884,effect_40-45
5665,1106,Somatosensory,SSp-bfd6a,12,0.05449497238467561,53,4.416666666666667,949,0.05584826132771338,220.2037999999884,effect_40-45
5666,1108,Somatosensory,SSp-bfd6a,7,0.03178873389106077,25,3.5714285714285716,575,0.043478260869565216,220.2037999999884,effect_40-45
5667,1110,Somatosensory,SSp-bfd6a,10,0.04541247698722968,35,3.5,799,0.04380475594493116,220.2037999999884,effect_40-45
5668,1111,Somatosensory,SSp-bfd6a,0,0.0,0,0.0,481,0.0,220.2037999999884,effect_40-45
5669,1113,Somatosensory,SSp-bfd6a,12,0.05449497238467561,75,6.25,2794,0.026843235504652826,220.2037999999884,effect_40-45
5670,1114,Somatosensory,SSp-bfd6a,2,0.009082495397445935,6,3.0,394,0.015228426395939087,220.2037999999884,effect_40-45
5671,1115,Somatosensory,SSp-bfd6a,0,0.0,0,0.0,61,0.0,220.2037999999884,effect_40-45
5672,1117,Somatosensory,SSp-bfd6a,0,0.0,0,0.0,59,0.0,220.2037999999884,effect_40-45
5673,1118,Somatosensory,SSp-bfd6a,0,0.0,0,0.0,957,0.0,220.2037999999884,effect_40-45
5674,1119,Somatosensory,SSp-bfd6a,0,0.0,0,0.0,465,0.0,220.2037999999884,effect_40-45
5675,1126,Somatosensory,SSp-bfd6a,51,0.23160363263487135,241,4.7254901960784315,2318,0.10396893874029335,220.2037999999884,effect_40-45
5676,1128,Somatosensory,SSp-bfd6a,0,0.0,0,0.0,533,0.0,220.2037999999884,effect_40-45
5677,1130,Somatosensory,SSp-bfd6a,0,0.0,0,0.0,453,0.0,220.2037999999884,effect_40-45
5678,1133,Somatosensory,SSp-bfd6a,14,0.06357746778212155,51,3.642857142857143,1306,0.03905053598774885,220.2037999999884,effect_40-45
5679,1138,Somatosensory,SSp-bfd5,0,0.0,0,0.0,306,0.0,220.2037999999884,effect_40-45
5680,1142,Somatosensory,SSp-bfd5,0,0.0,0,0.0,892,0.0,220.2037999999884,effect_40-45
5681,1151,Somatosensory,SSp-bfd5,4,0.01816499079489187,13,3.25,475,0.02736842105263158,220.2037999999884,effect_40-45
5682,1154,Somatosensory,SSp-bfd5,0,0.0,0,0.0,2081,0.0,220.2037999999884,effect_40-45
5683,1160,Somatosensory,SSp-bfd5,0,0.0,0,0.0,47,0.0,220.2037999999884,effect_40-45
5684,1180,Somatosensory,SSp-bfd5,0,0.0,0,0.0,410,0.0,220.2037999999884,effect_40-45
5685,1191,Somatosensory,SSp-bfd4,0,0.0,0,0.0,382,0.0,220.2037999999884,effect_40-45
5686,1192,Somatosensory,SSp-bfd4,0,0.0,0,0.0,0,0.0,220.2037999999884,effect_40-45
5687,1194,Somatosensory,SSp-bfd5,0,0.0,0,0.0,177,0.0,220.2037999999884,effect_40-45
5688,1198,Somatosensory,SSp-bfd4,1,0.0045412476987229675,3,3.0,272,0.011029411764705883,220.2037999999884,effect_40-45
5689,1201,Somatosensory,SSp-bfd4,2,0.009082495397445935,11,5.5,488,0.022540983606557378,220.2037999999884,effect_40-45
5690,1209,Somatosensory,SSp-bfd4,0,0.0,0,0.0,3,0.0,220.2037999999884,effect_40-45
5691,1210,Somatosensory,SSp-bfd4,1,0.0045412476987229675,5,5.0,1004,0.0049800796812749,220.2037999999884,effect_40-45
5692,1212,Somatosensory,SSp-bfd4,0,0.0,0,0.0,681,0.0,220.2037999999884,effect_40-45
5693,1215,Somatosensory,SSp-bfd4,0,0.0,0,0.0,51,0.0,220.2037999999884,effect_40-45
5694,1219,Somatosensory,SSp-bfd4,0,0.0,0,0.0,0,0.0,220.2037999999884,effect_40-45
5695,1220,Somatosensory,SSp-bfd4,0,0.0,0,0.0,12,0.0,220.2037999999884,effect_40-45
5696,1222,Somatosensory,SSp-bfd4,0,0.0,0,0.0,672,0.0,220.2037999999884,effect_40-45
5697,1223,Somatosensory,SSp-bfd4,4,0.01816499079489187,13,3.25,69,0.18840579710144928,220.2037999999884,effect_40-45
5698,1227,Somatosensory,SSp-bfd4,1,0.0045412476987229675,3,3.0,98,0.030612244897959183,220.2037999999884,effect_40-45
5699,1230,Somatosensory,SSp-bfd4,0,0.0,0,0.0,872,0.0,220.2037999999884,effect_40-45
5700,1234,Somatosensory,SSp-bfd4,0,0.0,0,0.0,0,0.0,220.2037999999884,effect_40-45
5701,1235,Somatosensory,SSp-bfd4,0,0.0,0,0.0,283,0.0,220.2037999999884,effect_40-45
5702,1236,Somatosensory,SSp-bfd4,0,0.0,0,0.0,0,0.0,220.2037999999884,effect_40-45
5703,1239,Somatosensory,SSp-bfd4,0,0.0,0,0.0,150,0.0,220.2037999999884,effect_40-45
5704,1244,Somatosensory,SSp-bfd4,0,0.0,0,0.0,110,0.0,220.2037999999884,effect_40-45
5705,1245,Somatosensory,SSp-bfd4,0,0.0,0,0.0,234,0.0,220.2037999999884,effect_40-45
5706,1247,Somatosensory,SSp-bfd4,0,0.0,0,0.0,307,0.0,220.2037999999884,effect_40-45
5707,1248,Somatosensory,SSp-bfd4,0,0.0,0,0.0,293,0.0,220.2037999999884,effect_40-45
5708,1254,Somatosensory,SSp-bfd2/3,7,0.03178873389106077,22,3.142857142857143,85,0.25882352941176473,220.2037999999884,effect_40-45
5709,1257,Somatosensory,SSp-bfd2/3,259,1.1761831539692487,869,3.3552123552123554,3044,0.2854796320630749,220.2037999999884,effect_40-45
5710,1258,Somatosensory,SSp-bfd4,0,0.0,0,0.0,0,0.0,220.2037999999884,effect_40-45
5711,1265,Somatosensory,SSp-bfd2/3,0,0.0,0,0.0,52,0.0,220.2037999999884,effect_40-45
5712,1267,Somatosensory,SSp-bfd2/3,2,0.009082495397445935,9,4.5,367,0.02452316076294278,220.2037999999884,effect_40-45
5713,1286,Somatosensory,SSp-bfd2/3,0,0.0,0,0.0,67,0.0,220.2037999999884,effect_40-45
5714,1318,STR,CP,0,0.0,0,0.0,3,0.0,220.2037999999884,effect_40-45
5715,1319,STR,CP,0,0.0,0,0.0,1,0.0,220.2037999999884,effect_40-45
5716,1321,STR,CP,0,0.0,0,0.0,28,0.0,220.2037999999884,effect_40-45
5717,1331,STR,CP,0,0.0,0,0.0,1,0.0,220.2037999999884,effect_40-45
5718,1337,Somatosensory,SSp-bfd6a,15,0.06811871548084451,49,3.2666666666666666,101,0.48514851485148514,220.2037999999884,effect_40-45
5719,1350,Somatosensory,SSp-bfd5,0,0.0,0,0.0,2,0.0,220.2037999999884,effect_40-45
5720,1354,Somatosensory,SSp-bfd5,0,0.0,0,0.0,43,0.0,220.2037999999884,effect_40-45
5721,1357,Somatosensory,SSp-bfd5,0,0.0,0,0.0,19,0.0,220.2037999999884,effect_40-45
5722,1369,Somatosensory,SSp-bfd2/3,0,0.0,0,0.0,0,0.0,220.2037999999884,effect_40-45
5723,1370,Somatosensory,SSp-bfd4,0,0.0,0,0.0,0,0.0,220.2037999999884,effect_40-45
5724,1372,Somatosensory,SSp-bfd2/3,0,0.0,0,0.0,0,0.0,220.2037999999884,effect_40-45
5725,1373,Somatosensory,SSp-bfd2/3,1,0.0045412476987229675,3,3.0,13,0.23076923076923078,220.2037999999884,effect_40-45
5726,1374,Somatosensory,SSp-bfd4,0,0.0,0,0.0,31,0.0,220.2037999999884,effect_40-45
5727,1386,Somatosensory,SSp-bfd2/3,0,0.0,0,0.0,0,0.0,220.2037999999884,effect_40-45
5728,1405,Somatosensory,SSp-bfd5,0,0.0,0,0.0,0,0.0,220.2037999999884,effect_40-45
5729,1407,Somatosensory,SSp-bfd4,0,0.0,0,0.0,0,0.0,220.2037999999884,effect_40-45
5730,1414,Other,int,11,0.04995372468595265,40,3.6363636363636362,168,0.23809523809523808,220.2037999999884,effect_40-45
5731,1418,Somatosensory,SSp-bfd6a,0,0.0,0,0.0,2,0.0,220.2037999999884,effect_40-45
5732,1420,Somatosensory,SSp-bfd5,0,0.0,0,0.0,0,0.0,220.2037999999884,effect_40-45
5733,1426,STR,STR,0,0.0,0,0.0,50,0.0,220.2037999999884,effect_40-45
5734,1428,Somatosensory,SSp-bfd2/3,0,0.0,0,0.0,0,0.0,220.2037999999884,effect_40-45
5735,1430,STR,STR,0,0.0,0,0.0,30,0.0,220.2037999999884,effect_40-45
5736,1432,STR,STR,0,0.0,0,0.0,13,0.0,220.2037999999884,effect_40-45
5737,1435,Other,DP,2,0.009082495397445935,6,3.0,1381,0.004344677769732078,220.2037999999884,effect_40-45
5738,1443,Other,ILA2/3,0,0.0,0,0.0,44,0.0,220.2037999999884,effect_40-45
5739,1445,Other,ILA2/3,0,0.0,0,0.0,12,0.0,220.2037999999884,effect_40-45
5740,1446,Other,ILA2/3,0,0.0,0,0.0,74,0.0,220.2037999999884,effect_40-45
5741,1461,Other,ILA5,0,0.0,0,0.0,94,0.0,220.2037999999884,effect_40-45
5742,1464,Other,ILA5,0,0.0,0,0.0,41,0.0,220.2037999999884,effect_40-45
5743,1468,Other,ILA5,0,0.0,0,0.0,1780,0.0,220.2037999999884,effect_40-45
5744,1506,Other,ILA5,0,0.0,0,0.0,94,0.0,220.2037999999884,effect_40-45
5745,1507,Other,ILA5,0,0.0,0,0.0,0,0.0,220.2037999999884,effect_40-45
5746,1509,Other,ILA5,0,0.0,0,0.0,279,0.0,220.2037999999884,effect_40-45
5747,1516,Other,ILA5,0,0.0,0,0.0,13,0.0,220.2037999999884,effect_40-45
5748,1529,Other,ILA5,1,0.0045412476987229675,4,4.0,251,0.01593625498007968,220.2037999999884,effect_40-45
5749,1531,Other,ILA5,7,0.03178873389106077,21,3.0,75,0.28,220.2037999999884,effect_40-45
5750,1534,Other,ILA5,0,0.0,0,0.0,1,0.0,220.2037999999884,effect_40-45
5751,1535,Other,ILA5,0,0.0,0,0.0,257,0.0,220.2037999999884,effect_40-45
5752,1537,Other,ILA5,0,0.0,0,0.0,10,0.0,220.2037999999884,effect_40-45
5753,1538,Other,ILA5,0,0.0,0,0.0,38,0.0,220.2037999999884,effect_40-45
5754,1539,Other,ILA5,0,0.0,0,0.0,270,0.0,220.2037999999884,effect_40-45
5755,1541,Other,ILA5,0,0.0,0,0.0,36,0.0,220.2037999999884,effect_40-45
5756,1545,Other,ILA5,0,0.0,0,0.0,8,0.0,220.2037999999884,effect_40-45
5757,1550,Other,ILA5,0,0.0,0,0.0,62,0.0,220.2037999999884,effect_40-45
5758,1553,Other,PL5,28,0.1271549355642431,89,3.1785714285714284,508,0.17519685039370078,220.2037999999884,effect_40-45
5759,1556,Other,PL5,0,0.0,0,0.0,1281,0.0,220.2037999999884,effect_40-45
5760,1563,Other,PL5,2,0.009082495397445935,6,3.0,300,0.02,220.2037999999884,effect_40-45
5761,1566,Other,PL6a,0,0.0,0,0.0,43,0.0,220.2037999999884,effect_40-45
5762,1570,Other,PL6a,0,0.0,0,0.0,43,0.0,220.2037999999884,effect_40-45
5763,1573,Other,PL6a,2,0.009082495397445935,7,3.5,252,0.027777777777777776,220.2037999999884,effect_40-45
5764,1582,Other,PL6a,0,0.0,0,0.0,0,0.0,220.2037999999884,effect_40-45
5765,1589,Other,PL6a,0,0.0,0,0.0,278,0.0,220.2037999999884,effect_40-45
5766,1591,Other,PL6a,0,0.0,0,0.0,30,0.0,220.2037999999884,effect_40-45
5767,1593,Other,PL6a,4,0.01816499079489187,21,5.25,3125,0.00672,220.2037999999884,effect_40-45
5768,1594,Other,PL6a,15,0.06811871548084451,49,3.2666666666666666,5779,0.008478975601315107,220.2037999999884,effect_40-45
5769,1606,Other,PL6a,0,0.0,0,0.0,39,0.0,220.2037999999884,effect_40-45
5770,1611,Other,PL6a,0,0.0,0,0.0,35,0.0,220.2037999999884,effect_40-45
5771,1615,Other,PL6a,6,0.027247486192337807,22,3.6666666666666665,1143,0.019247594050743656,220.2037999999884,effect_40-45
5772,1624,Other,PL6a,0,0.0,0,0.0,4,0.0,220.2037999999884,effect_40-45
5773,1627,Other,PL6a,0,0.0,0,0.0,19,0.0,220.2037999999884,effect_40-45
5774,1641,Other,PL6a,0,0.0,0,0.0,8,0.0,220.2037999999884,effect_40-45
5775,1643,Other,PL6a,0,0.0,0,0.0,66,0.0,220.2037999999884,effect_40-45
5776,1651,Other,PL5,0,0.0,0,0.0,7,0.0,220.2037999999884,effect_40-45
5777,1655,Other,PL5,2,0.009082495397445935,6,3.0,738,0.008130081300813009,220.2037999999884,effect_40-45
5778,1658,Other,PL5,0,0.0,0,0.0,22,0.0,220.2037999999884,effect_40-45
5779,1676,Motor,MOs5,0,0.0,0,0.0,73,0.0,220.2037999999884,effect_40-45
5780,1681,Motor,MOs5,0,0.0,0,0.0,3,0.0,220.2037999999884,effect_40-45
5781,1684,Motor,MOs5,0,0.0,0,0.0,1,0.0,220.2037999999884,effect_40-45
5782,1685,Motor,MOs5,5,0.02270623849361484,15,3.0,150,0.1,220.2037999999884,effect_40-45
5783,1686,Motor,MOs5,0,0.0,0,0.0,0,0.0,220.2037999999884,effect_40-45
5784,1687,Motor,MOs5,87,0.3950885497888982,309,3.5517241379310347,945,0.326984126984127,220.2037999999884,effect_40-45
5785,1690,Motor,MOs5,0,0.0,0,0.0,14,0.0,220.2037999999884,effect_40-45
5786,1697,Motor,MOs5,0,0.0,0,0.0,66,0.0,220.2037999999884,effect_40-45
5787,1699,Motor,MOs5,0,0.0,0,0.0,10,0.0,220.2037999999884,effect_40-45
5788,1713,Motor,MOs5,0,0.0,0,0.0,465,0.0,220.2037999999884,effect_40-45
5789,1738,Motor,MOs5,0,0.0,0,0.0,527,0.0,220.2037999999884,effect_40-45
5790,1747,STR,LSr,0,0.0,0,0.0,17,0.0,220.2037999999884,effect_40-45
5791,1749,STR,STR,1,0.0045412476987229675,4,4.0,26,0.15384615384615385,220.2037999999884,effect_40-45
5792,1762,Other,ILA5,0,0.0,0,0.0,56,0.0,220.2037999999884,effect_40-45
5793,1763,Other,ILA5,0,0.0,0,0.0,81,0.0,220.2037999999884,effect_40-45
5794,1764,Other,ILA5,0,0.0,0,0.0,1,0.0,220.2037999999884,effect_40-45
5795,1768,Other,ILA5,0,0.0,0,0.0,65,0.0,220.2037999999884,effect_40-45
5796,1769,Other,ILA5,0,0.0,0,0.0,12,0.0,220.2037999999884,effect_40-45
5797,1782,Other,ILA5,0,0.0,0,0.0,7,0.0,220.2037999999884,effect_40-45
5798,1783,Other,ILA5,0,0.0,0,0.0,21,0.0,220.2037999999884,effect_40-45
5799,1785,Other,ILA5,0,0.0,0,0.0,75,0.0,220.2037999999884,effect_40-45
5800,1786,Other,ILA5,0,0.0,0,0.0,7,0.0,220.2037999999884,effect_40-45
5801,1789,Other,PL5,0,0.0,0,0.0,92,0.0,220.2037999999884,effect_40-45
5802,1796,Other,PL6a,0,0.0,0,0.0,49,0.0,220.2037999999884,effect_40-45
5803,1799,Other,PL6a,0,0.0,0,0.0,59,0.0,220.2037999999884,effect_40-45
5804,1801,Other,PL6a,0,0.0,0,0.0,8,0.0,220.2037999999884,effect_40-45
5805,1804,Other,PL6a,0,0.0,0,0.0,25,0.0,220.2037999999884,effect_40-45
5806,1806,Other,PL6a,0,0.0,0,0.0,2,0.0,220.2037999999884,effect_40-45
5807,1809,Other,PL6a,0,0.0,0,0.0,0,0.0,220.2037999999884,effect_40-45
5808,1811,Other,PL6a,0,0.0,0,0.0,19,0.0,220.2037999999884,effect_40-45
5809,1813,Other,PL6a,0,0.0,0,0.0,0,0.0,220.2037999999884,effect_40-45
5810,1815,Other,PL6a,0,0.0,0,0.0,2,0.0,220.2037999999884,effect_40-45
5811,1816,Other,PL6a,0,0.0,0,0.0,0,0.0,220.2037999999884,effect_40-45
5812,1818,Other,PL6a,0,0.0,0,0.0,18,0.0,220.2037999999884,effect_40-45
5813,1819,Other,PL6a,0,0.0,0,0.0,81,0.0,220.2037999999884,effect_40-45
5814,1822,Motor,MOs5,0,0.0,0,0.0,1,0.0,220.2037999999884,effect_40-45
5815,1826,Motor,MOs5,0,0.0,0,0.0,4,0.0,220.2037999999884,effect_40-45
5816,1827,Motor,MOs5,0,0.0,0,0.0,1,0.0,220.2037999999884,effect_40-45
5817,1828,Motor,MOs5,3,0.013623743096168903,9,3.0,40,0.225,220.2037999999884,effect_40-45
5818,1829,Motor,MOs5,0,0.0,0,0.0,52,0.0,220.2037999999884,effect_40-45
5819,1830,Motor,MOs5,0,0.0,0,0.0,131,0.0,220.2037999999884,effect_40-45
5820,1832,Motor,MOs5,0,0.0,0,0.0,28,0.0,220.2037999999884,effect_40-45
5821,1833,Motor,MOs5,0,0.0,0,0.0,70,0.0,220.2037999999884,effect_40-45
5822,1840,STR,STR,0,0.0,0,0.0,18,0.0,220.2037999999884,effect_40-45
5823,1844,Other,ILA2/3,0,0.0,0,0.0,83,0.0,220.2037999999884,effect_40-45
5824,1848,Other,ILA5,0,0.0,0,0.0,19,0.0,220.2037999999884,effect_40-45
5825,1849,Other,ILA5,0,0.0,0,0.0,13,0.0,220.2037999999884,effect_40-45
5826,1850,Other,PL6a,0,0.0,0,0.0,0,0.0,220.2037999999884,effect_40-45
5827,1851,Other,PL6a,0,0.0,0,0.0,0,0.0,220.2037999999884,effect_40-45
5828,1852,Other,PL6a,0,0.0,0,0.0,0,0.0,220.2037999999884,effect_40-45
5829,1854,Motor,MOs5,0,0.0,0,0.0,29,0.0,220.2037999999884,effect_40-45
5830,1855,Other,ILA2/3,0,0.0,0,0.0,5,0.0,220.2037999999884,effect_40-45
5831,1856,Other,ILA5,1,0.0045412476987229675,3,3.0,113,0.02654867256637168,220.2037999999884,effect_40-45
5832,1857,Other,ILA5,0,0.0,0,0.0,15,0.0,220.2037999999884,effect_40-45
5833,1860,Other,PL6a,0,0.0,0,0.0,8,0.0,220.2037999999884,effect_40-45
5834,1862,Motor,MOs5,0,0.0,0,0.0,19,0.0,220.2037999999884,effect_40-45
5835,1863,Motor,MOs5,0,0.0,0,0.0,26,0.0,220.2037999999884,effect_40-45
5836,1864,Motor,MOs5,0,0.0,0,0.0,0,0.0,220.2037999999884,effect_40-45
5837,1865,Motor,MOs5,0,0.0,0,0.0,65,0.0,220.2037999999884,effect_40-45
5838,1866,Motor,MOs5,0,0.0,0,0.0,26,0.0,220.2037999999884,effect_40-45
5839,1868,Motor,MOs5,0,0.0,0,0.0,241,0.0,220.2037999999884,effect_40-45
5840,1872,Motor,MOs5,0,0.0,0,0.0,5,0.0,220.2037999999884,effect_40-45
5841,3,Other,AMd,3,0.014234620133504024,12,4.0,1204,0.009966777408637873,210.75377999999455,effect_45-50
5842,4,Other,AMd,17,0.08066284742318947,56,3.2941176470588234,1080,0.05185185185185185,210.75377999999455,effect_45-50
5843,9,Other,AMd,20,0.0948974675566935,64,3.2,1073,0.05964585274930102,210.75377999999455,effect_45-50
5844,10,Other,AMd,69,0.32739626307059255,222,3.217391304347826,681,0.32599118942731276,210.75377999999455,effect_45-50
5845,12,Other,AMd,103,0.4887219579169715,364,3.533980582524272,2071,0.17576050217286335,210.75377999999455,effect_45-50
5846,13,Other,AMd,28,0.1328564545793709,98,3.5,2084,0.04702495201535509,210.75377999999455,effect_45-50
5847,14,Other,AMd,68,0.32265138969275786,225,3.3088235294117645,1132,0.19876325088339222,210.75377999999455,effect_45-50
5848,16,Other,AMd,35,0.1660705682242136,120,3.4285714285714284,1040,0.11538461538461539,210.75377999999455,effect_45-50
5849,20,Other,AMd,60,0.28469240267008045,202,3.3666666666666667,1271,0.15892997639653816,210.75377999999455,effect_45-50
5850,21,Other,AMd,124,0.5883642988514997,458,3.693548387096774,1487,0.30800268997982516,210.75377999999455,effect_45-50
5851,23,Other,AMd,25,0.11862183444586687,82,3.28,2234,0.03670546105640107,210.75377999999455,effect_45-50
5852,24,Other,AMd,46,0.21826417538039503,144,3.130434782608696,1441,0.09993060374739764,210.75377999999455,effect_45-50
5853,26,Other,AMd,105,0.4982117046726408,368,3.5047619047619047,1312,0.2804878048780488,210.75377999999455,effect_45-50
5854,28,Other,AMd,54,0.2562231624030724,170,3.1481481481481484,970,0.17525773195876287,210.75377999999455,effect_45-50
5855,29,Other,AMd,54,0.2562231624030724,182,3.3703703703703702,869,0.2094361334867664,210.75377999999455,effect_45-50
5856,30,Other,AMd,90,0.4270386040051207,345,3.8333333333333335,1013,0.3405725567620928,210.75377999999455,effect_45-50
5857,33,Other,AMd,18,0.08540772080102414,56,3.111111111111111,1278,0.04381846635367762,210.75377999999455,effect_45-50
5858,34,Other,AMd,41,0.19453980849122166,129,3.1463414634146343,1043,0.1236816874400767,210.75377999999455,effect_45-50
5859,36,Other,AMd,17,0.08066284742318947,59,3.4705882352941178,2069,0.028516191396810053,210.75377999999455,effect_45-50
5860,38,Other,AMd,57,0.27045778253657643,195,3.4210526315789473,1231,0.15840779853777417,210.75377999999455,effect_45-50
5861,42,Other,AMd,14,0.06642822728968545,50,3.5714285714285716,1353,0.03695491500369549,210.75377999999455,effect_45-50
5862,44,Other,AMd,67,0.31790651631492317,226,3.373134328358209,1397,0.16177523264137436,210.75377999999455,effect_45-50
5863,45,Other,AMd,94,0.4460180975164594,339,3.606382978723404,1762,0.1923950056753689,210.75377999999455,effect_45-50
5864,46,Other,AMd,63,0.2989270228035845,217,3.4444444444444446,1303,0.16653875671527243,210.75377999999455,effect_45-50
5865,48,Other,AMd,48,0.22775392213606438,168,3.5,1071,0.1568627450980392,210.75377999999455,effect_45-50
5866,49,Other,AMd,49,0.23249879551389904,178,3.63265306122449,1339,0.13293502613890965,210.75377999999455,effect_45-50
5867,54,Other,AMd,61,0.28943727604791514,191,3.1311475409836067,1153,0.16565481352992195,210.75377999999455,effect_45-50
5868,58,Other,AMd,8,0.037958987022677394,25,3.125,585,0.042735042735042736,210.75377999999455,effect_45-50
5869,61,Other,AMd,117,0.5551501852066569,400,3.4188034188034186,1692,0.2364066193853428,210.75377999999455,effect_45-50
5870,62,Other,AMd,27,0.1281115812015362,93,3.4444444444444446,477,0.1949685534591195,210.75377999999455,effect_45-50
5871,63,Other,AMd,94,0.4460180975164594,329,3.5,1036,0.31756756756756754,210.75377999999455,effect_45-50
5872,69,Other,AMd,9,0.04270386040051207,27,3.0,621,0.043478260869565216,210.75377999999455,effect_45-50
5873,74,Other,AD,134,0.6358130326298463,466,3.4776119402985075,1590,0.2930817610062893,210.75377999999455,effect_45-50
5874,97,Other,AD,7,0.033214113644842724,43,6.142857142857143,735,0.058503401360544216,210.75377999999455,effect_45-50
5875,98,Other,AD,14,0.06642822728968545,68,4.857142857142857,1246,0.05457463884430177,210.75377999999455,effect_45-50
5876,102,Other,cing,47,0.2230090487582297,277,5.8936170212765955,2246,0.12333036509349955,210.75377999999455,effect_45-50
5877,103,Motor,MOp6a,5,0.023724366889173374,26,5.2,658,0.03951367781155015,210.75377999999455,effect_45-50
5878,104,Motor,MOp6a,0,0.0,0,0.0,362,0.0,210.75377999999455,effect_45-50
5879,105,Motor,MOp6a,59,0.2799475292922458,343,5.813559322033898,2619,0.1309660175639557,210.75377999999455,effect_45-50
5880,108,Motor,MOp6a,4,0.018979493511338697,14,3.5,2641,0.005301022340022719,210.75377999999455,effect_45-50
5881,117,Motor,MOp6a,0,0.0,0,0.0,1070,0.0,210.75377999999455,effect_45-50
5882,122,Motor,MOp5,3,0.014234620133504024,11,3.6666666666666665,201,0.05472636815920398,210.75377999999455,effect_45-50
5883,124,Motor,MOp5,0,0.0,0,0.0,61,0.0,210.75377999999455,effect_45-50
5884,126,Motor,MOp5,0,0.0,0,0.0,46,0.0,210.75377999999455,effect_45-50
5885,127,Motor,MOp5,0,0.0,0,0.0,130,0.0,210.75377999999455,effect_45-50
5886,128,Motor,MOp5,4,0.018979493511338697,14,3.5,978,0.014314928425357873,210.75377999999455,effect_45-50
5887,131,Motor,MOp5,2,0.009489746755669349,6,3.0,426,0.014084507042253521,210.75377999999455,effect_45-50
5888,137,Motor,MOp5,2,0.009489746755669349,7,3.5,582,0.012027491408934709,210.75377999999455,effect_45-50
5889,139,Motor,MOp5,1,0.004744873377834674,3,3.0,905,0.0033149171270718232,210.75377999999455,effect_45-50
5890,141,Motor,MOp5,14,0.06642822728968545,57,4.071428571428571,2002,0.028471528471528472,210.75377999999455,effect_45-50
5891,145,Motor,MOp5,0,0.0,0,0.0,141,0.0,210.75377999999455,effect_45-50
5892,146,Motor,MOp5,6,0.028469240267008047,24,4.0,2276,0.01054481546572935,210.75377999999455,effect_45-50
5893,150,Motor,MOp5,0,0.0,0,0.0,80,0.0,210.75377999999455,effect_45-50
5894,151,Motor,MOp5,11,0.05219360715618142,35,3.1818181818181817,1870,0.01871657754010695,210.75377999999455,effect_45-50
5895,152,Motor,MOp5,0,0.0,0,0.0,133,0.0,210.75377999999455,effect_45-50
5896,153,Motor,MOp5,0,0.0,0,0.0,12,0.0,210.75377999999455,effect_45-50
5897,154,Motor,MOp5,1,0.004744873377834674,3,3.0,1164,0.002577319587628866,210.75377999999455,effect_45-50
5898,155,Motor,MOp5,0,0.0,0,0.0,133,0.0,210.75377999999455,effect_45-50
5899,157,Motor,MOp5,0,0.0,0,0.0,225,0.0,210.75377999999455,effect_45-50
5900,161,Motor,MOp5,0,0.0,0,0.0,238,0.0,210.75377999999455,effect_45-50
5901,164,Motor,MOp2/3,0,0.0,0,0.0,64,0.0,210.75377999999455,effect_45-50
5902,167,Other,RSPagl2/3,0,0.0,0,0.0,1268,0.0,210.75377999999455,effect_45-50
5903,174,Other,RSPagl2/3,0,0.0,0,0.0,29,0.0,210.75377999999455,effect_45-50
5904,178,Other,RSPagl2/3,2,0.009489746755669349,6,3.0,165,0.03636363636363636,210.75377999999455,effect_45-50
5905,182,Somatosensory,SSp-tr2/3,0,0.0,0,0.0,30,0.0,210.75377999999455,effect_45-50
5906,186,Somatosensory,SSp-tr2/3,0,0.0,0,0.0,372,0.0,210.75377999999455,effect_45-50
5907,188,Somatosensory,SSp-tr2/3,0,0.0,0,0.0,527,0.0,210.75377999999455,effect_45-50
5908,192,Somatosensory,SSp-tr2/3,0,0.0,0,0.0,25,0.0,210.75377999999455,effect_45-50
5909,193,Somatosensory,SSp-tr2/3,0,0.0,0,0.0,378,0.0,210.75377999999455,effect_45-50
5910,197,Somatosensory,SSp-tr2/3,0,0.0,0,0.0,287,0.0,210.75377999999455,effect_45-50
5911,204,Somatosensory,SSp-tr1,0,0.0,0,0.0,26,0.0,210.75377999999455,effect_45-50
5912,205,Other,AMd,73,0.34637575658193126,262,3.589041095890411,652,0.401840490797546,210.75377999999455,effect_45-50
5913,206,Other,AD,41,0.19453980849122166,129,3.1463414634146343,950,0.13578947368421052,210.75377999999455,effect_45-50
5914,210,Motor,MOp6a,1,0.004744873377834674,3,3.0,171,0.017543859649122806,210.75377999999455,effect_45-50
5915,211,Motor,MOp6a,21,0.09964234093452816,116,5.523809523809524,2390,0.048535564853556486,210.75377999999455,effect_45-50
5916,213,Motor,MOp5,2,0.009489746755669349,6,3.0,79,0.0759493670886076,210.75377999999455,effect_45-50
5917,216,Motor,MOp5,0,0.0,0,0.0,80,0.0,210.75377999999455,effect_45-50
5918,217,Motor,MOp5,0,0.0,0,0.0,12,0.0,210.75377999999455,effect_45-50
5919,218,Motor,MOp5,0,0.0,0,0.0,292,0.0,210.75377999999455,effect_45-50
5920,219,Motor,MOp5,4,0.018979493511338697,13,3.25,210,0.06190476190476191,210.75377999999455,effect_45-50
5921,221,Motor,MOp5,0,0.0,0,0.0,232,0.0,210.75377999999455,effect_45-50
5922,223,Motor,MOp5,0,0.0,0,0.0,22,0.0,210.75377999999455,effect_45-50
5923,226,Motor,MOp5,1,0.004744873377834674,3,3.0,216,0.013888888888888888,210.75377999999455,effect_45-50
5924,227,Motor,MOp5,0,0.0,0,0.0,49,0.0,210.75377999999455,effect_45-50
5925,230,Other,RSPagl2/3,0,0.0,0,0.0,1,0.0,210.75377999999455,effect_45-50
5926,232,Somatosensory,SSp-tr2/3,0,0.0,0,0.0,132,0.0,210.75377999999455,effect_45-50
5927,233,Somatosensory,SSp-tr2/3,0,0.0,0,0.0,31,0.0,210.75377999999455,effect_45-50
5928,234,Somatosensory,SSp-tr2/3,0,0.0,0,0.0,129,0.0,210.75377999999455,effect_45-50
5929,238,Somatosensory,SSp-tr1,0,0.0,0,0.0,63,0.0,210.75377999999455,effect_45-50
5930,242,Motor,MOp2/3,0,0.0,0,0.0,158,0.0,210.75377999999455,effect_45-50
5931,243,Other,RSPagl2/3,0,0.0,0,0.0,20,0.0,210.75377999999455,effect_45-50
5932,244,Somatosensory,SSp-tr1,0,0.0,0,0.0,14,0.0,210.75377999999455,effect_45-50
5933,247,Motor,MOp5,0,0.0,0,0.0,67,0.0,210.75377999999455,effect_45-50
5934,248,Motor,MOp2/3,0,0.0,0,0.0,81,0.0,210.75377999999455,effect_45-50
5935,249,Somatosensory,SSp-tr2/3,0,0.0,0,0.0,9,0.0,210.75377999999455,effect_45-50
5936,250,Somatosensory,SSp-tr1,0,0.0,0,0.0,23,0.0,210.75377999999455,effect_45-50
5937,252,Other,SPFp,0,0.0,0,0.0,48,0.0,210.75377999999455,effect_45-50
5938,266,Other,SPFp,3,0.014234620133504024,12,4.0,35,0.34285714285714286,210.75377999999455,effect_45-50
5939,272,Other,PoT,130,0.6168335391185077,413,3.1769230769230767,762,0.541994750656168,210.75377999999455,effect_45-50
5940,279,Other,PoT,0,0.0,0,0.0,96,0.0,210.75377999999455,effect_45-50
5941,281,Other,PoT,0,0.0,0,0.0,66,0.0,210.75377999999455,effect_45-50
5942,286,Other,PoT,55,0.2609680357809071,215,3.909090909090909,284,0.7570422535211268,210.75377999999455,effect_45-50
5943,291,Other,PoT,73,0.34637575658193126,285,3.904109589041096,879,0.3242320819112628,210.75377999999455,effect_45-50
5944,292,Other,PoT,128,0.6073437923628383,501,3.9140625,821,0.610231425091352,210.75377999999455,effect_45-50
5945,296,Other,PoT,120,0.5693848053401609,459,3.825,864,0.53125,210.75377999999455,effect_45-50
5946,298,Other,PoT,137,0.6500476527633504,509,3.7153284671532845,1472,0.34578804347826086,210.75377999999455,effect_45-50
5947,299,Other,PoT,1,0.004744873377834674,3,3.0,234,0.01282051282051282,210.75377999999455,effect_45-50
5948,302,Other,PoT,41,0.19453980849122166,136,3.317073170731707,491,0.2769857433808554,210.75377999999455,effect_45-50
5949,304,Other,PoT,95,0.45076297089429407,374,3.9368421052631577,924,0.40476190476190477,210.75377999999455,effect_45-50
5950,306,Other,PoT,64,0.30367189618141915,238,3.71875,368,0.6467391304347826,210.75377999999455,effect_45-50
5951,307,Other,PoT,81,0.3843347436046086,295,3.6419753086419755,408,0.7230392156862745,210.75377999999455,effect_45-50
5952,310,Other,PoT,0,0.0,0,0.0,19,0.0,210.75377999999455,effect_45-50
5953,316,Other,PoT,37,0.17556031497988295,131,3.5405405405405403,470,0.27872340425531916,210.75377999999455,effect_45-50
5954,317,Other,PoT,148,0.7022412599195318,573,3.8716216216216215,1651,0.3470623864324652,210.75377999999455,effect_45-50
5955,321,Other,PoT,70,0.3321411364484272,256,3.657142857142857,540,0.4740740740740741,210.75377999999455,effect_45-50
5956,325,Other,PoT,96,0.45550784427212876,346,3.6041666666666665,1061,0.32610744580584355,210.75377999999455,effect_45-50
5957,328,Other,PoT,3,0.014234620133504024,11,3.6666666666666665,115,0.09565217391304348,210.75377999999455,effect_45-50
5958,330,Other,PoT,14,0.06642822728968545,51,3.642857142857143,2135,0.023887587822014052,210.75377999999455,effect_45-50
5959,331,Other,PoT,210,0.9964234093452816,899,4.280952380952381,2404,0.37396006655574043,210.75377999999455,effect_45-50
5960,333,Other,PoT,29,0.13760132795720556,99,3.413793103448276,583,0.16981132075471697,210.75377999999455,effect_45-50
5961,334,Other,PoT,72,0.34163088320409657,270,3.75,1242,0.21739130434782608,210.75377999999455,effect_45-50
5962,338,Other,PoT,26,0.12336670782370154,87,3.3461538461538463,1345,0.06468401486988848,210.75377999999455,effect_45-50
5963,340,Other,PoT,41,0.19453980849122166,148,3.6097560975609757,486,0.3045267489711934,210.75377999999455,effect_45-50
5964,341,Other,PoT,5,0.023724366889173374,17,3.4,158,0.10759493670886076,210.75377999999455,effect_45-50
5965,344,Other,PoT,28,0.1328564545793709,94,3.357142857142857,716,0.13128491620111732,210.75377999999455,effect_45-50
5966,347,Other,PoT,4,0.018979493511338697,18,4.5,640,0.028125,210.75377999999455,effect_45-50
5967,350,Other,PoT,31,0.14709107471287491,113,3.6451612903225805,303,0.37293729372937295,210.75377999999455,effect_45-50
5968,352,Other,PoT,0,0.0,0,0.0,179,0.0,210.75377999999455,effect_45-50
5969,355,Other,PoT,44,0.20877442862472567,173,3.9318181818181817,542,0.3191881918819188,210.75377999999455,effect_45-50
5970,361,Other,PoT,72,0.34163088320409657,367,5.097222222222222,1566,0.23435504469987228,210.75377999999455,effect_45-50
5971,362,Other,PoT,118,0.5598950585844916,459,3.889830508474576,1377,0.3333333333333333,210.75377999999455,effect_45-50
5972,367,Other,PoT,11,0.05219360715618142,38,3.4545454545454546,159,0.2389937106918239,210.75377999999455,effect_45-50
5973,368,Other,PoT,43,0.204029555246891,191,4.441860465116279,398,0.4798994974874372,210.75377999999455,effect_45-50
5974,369,Other,PoT,0,0.0,0,0.0,2,0.0,210.75377999999455,effect_45-50
5975,372,Other,PoT,2,0.009489746755669349,6,3.0,292,0.02054794520547945,210.75377999999455,effect_45-50
5976,381,Other,PoT,17,0.08066284742318947,64,3.764705882352941,285,0.22456140350877193,210.75377999999455,effect_45-50
5977,382,Other,PoT,65,0.30841676955925384,232,3.5692307692307694,440,0.5272727272727272,210.75377999999455,effect_45-50
5978,385,Other,PoT,85,0.4033142371159473,333,3.9176470588235293,777,0.42857142857142855,210.75377999999455,effect_45-50
5979,388,Other,PoT,93,0.44127322413862474,418,4.494623655913978,4614,0.0905938448201127,210.75377999999455,effect_45-50
5980,392,Other,PoT,80,0.379589870226774,303,3.7875,848,0.357311320754717,210.75377999999455,effect_45-50
5981,394,Other,PoT,49,0.23249879551389904,187,3.816326530612245,829,0.2255729794933655,210.75377999999455,effect_45-50
5982,396,Other,PoT,1,0.004744873377834674,3,3.0,30,0.1,210.75377999999455,effect_45-50
5983,404,Other,PoT,120,0.5693848053401609,520,4.333333333333333,847,0.6139315230224321,210.75377999999455,effect_45-50
5984,405,Other,PoT,20,0.0948974675566935,82,4.1,434,0.1889400921658986,210.75377999999455,effect_45-50
5985,406,Other,PoT,61,0.28943727604791514,216,3.540983606557377,951,0.22712933753943218,210.75377999999455,effect_45-50
5986,408,Other,PoT,192,0.9110156885442575,832,4.333333333333333,1177,0.7068819031435853,210.75377999999455,effect_45-50
5987,412,Other,PoT,36,0.17081544160204828,136,3.7777777777777777,667,0.20389805097451275,210.75377999999455,effect_45-50
5988,414,Other,PoT,10,0.04744873377834675,39,3.9,143,0.2727272727272727,210.75377999999455,effect_45-50
5989,415,Other,PoT,89,0.42229373062728603,360,4.044943820224719,737,0.48846675712347354,210.75377999999455,effect_45-50
5990,417,Other,PoT,101,0.4792322111613021,372,3.6831683168316833,607,0.6128500823723229,210.75377999999455,effect_45-50
5991,418,Other,PoT,34,0.16132569484637893,123,3.6176470588235294,412,0.29854368932038833,210.75377999999455,effect_45-50
5992,419,Other,PoT,66,0.31316164293708854,235,3.5606060606060606,496,0.4737903225806452,210.75377999999455,effect_45-50
5993,421,Other,PoT,74,0.3511206299597659,254,3.4324324324324325,1009,0.25173439048562934,210.75377999999455,effect_45-50
5994,422,Other,PoT,72,0.34163088320409657,297,4.125,630,0.4714285714285714,210.75377999999455,effect_45-50
5995,425,Other,PoT,56,0.2657129091587418,217,3.875,332,0.6536144578313253,210.75377999999455,effect_45-50
5996,428,Other,PoT,16,0.07591797404535479,69,4.3125,2565,0.026900584795321637,210.75377999999455,effect_45-50
5997,429,Other,PoT,114,0.5409155650731529,467,4.0964912280701755,851,0.5487661574618097,210.75377999999455,effect_45-50
5998,430,Other,PoT,114,0.5409155650731529,460,4.035087719298246,1049,0.438512869399428,210.75377999999455,effect_45-50
5999,433,Other,PoT,100,0.47448733778346747,439,4.39,674,0.6513353115727003,210.75377999999455,effect_45-50
6000,434,Other,PoT,83,0.393824490360278,308,3.710843373493976,589,0.5229202037351444,210.75377999999455,effect_45-50
6001,435,Other,PoT,48,0.22775392213606438,173,3.6041666666666665,240,0.7208333333333333,210.75377999999455,effect_45-50
6002,437,Other,PoT,80,0.379589870226774,333,4.1625,576,0.578125,210.75377999999455,effect_45-50
6003,438,Other,PoT,53,0.2514782890252377,196,3.69811320754717,301,0.6511627906976745,210.75377999999455,effect_45-50
6004,440,Other,SGN,72,0.34163088320409657,279,3.875,475,0.5873684210526315,210.75377999999455,effect_45-50
6005,443,Other,PoT,87,0.41280398387161665,376,4.32183908045977,680,0.5529411764705883,210.75377999999455,effect_45-50
6006,445,Other,SGN,159,0.7544348670757133,578,3.6352201257861636,1355,0.4265682656826568,210.75377999999455,effect_45-50
6007,446,Other,SGN,72,0.34163088320409657,289,4.013888888888889,493,0.5862068965517241,210.75377999999455,effect_45-50
6008,447,Other,SGN,65,0.30841676955925384,258,3.9692307692307693,432,0.5972222222222222,210.75377999999455,effect_45-50
6009,448,Other,SGN,106,0.5029565780504754,402,3.792452830188679,827,0.4860943168077388,210.75377999999455,effect_45-50
6010,450,Other,SGN,93,0.44127322413862474,343,3.6881720430107525,512,0.669921875,210.75377999999455,effect_45-50
6011,451,Other,SGN,167,0.7923938540983907,744,4.455089820359281,2435,0.3055441478439425,210.75377999999455,effect_45-50
6012,453,Other,SGN,109,0.5171911981839795,449,4.1192660550458715,1428,0.31442577030812324,210.75377999999455,effect_45-50
6013,457,Other,SGN,91,0.43178347738295536,346,3.802197802197802,1115,0.31031390134529147,210.75377999999455,effect_45-50
6014,458,Other,SGN,4,0.018979493511338697,12,3.0,168,0.07142857142857142,210.75377999999455,effect_45-50
6015,463,Other,SGN,39,0.1850500617355523,145,3.717948717948718,355,0.4084507042253521,210.75377999999455,effect_45-50
6016,465,Other,SGN,137,0.6500476527633504,553,4.036496350364963,1105,0.5004524886877828,210.75377999999455,effect_45-50
6017,471,Other,SGN,108,0.5124463248061448,554,5.12962962962963,828,0.6690821256038647,210.75377999999455,effect_45-50
6018,492,Other,DG-sg,0,0.0,0,0.0,0,0.0,210.75377999999455,effect_45-50
6019,495,Other,DG-sg,0,0.0,0,0.0,0,0.0,210.75377999999455,effect_45-50
6020,496,Other,DG-sg,1,0.004744873377834674,4,4.0,133,0.03007518796992481,210.75377999999455,effect_45-50
6021,498,Other,DG-sg,0,0.0,0,0.0,0,0.0,210.75377999999455,effect_45-50
6022,500,Other,DG-sg,8,0.037958987022677394,27,3.375,245,0.11020408163265306,210.75377999999455,effect_45-50
6023,501,Other,DG-sg,4,0.018979493511338697,13,3.25,345,0.03768115942028986,210.75377999999455,effect_45-50
6024,504,Other,DG-po,0,0.0,0,0.0,0,0.0,210.75377999999455,effect_45-50
6025,505,Other,DG-po,6,0.028469240267008047,19,3.1666666666666665,202,0.09405940594059406,210.75377999999455,effect_45-50
6026,506,Other,DG-po,0,0.0,0,0.0,0,0.0,210.75377999999455,effect_45-50
6027,507,Other,DG-po,8,0.037958987022677394,25,3.125,297,0.08417508417508418,210.75377999999455,effect_45-50
6028,511,Other,DG-po,0,0.0,0,0.0,0,0.0,210.75377999999455,effect_45-50
6029,513,Other,DG-po,0,0.0,0,0.0,43,0.0,210.75377999999455,effect_45-50
6030,538,Other,ProS,0,0.0,0,0.0,2,0.0,210.75377999999455,effect_45-50
6031,543,Other,ProS,4,0.018979493511338697,14,3.5,301,0.046511627906976744,210.75377999999455,effect_45-50
6032,546,Other,ProS,6,0.028469240267008047,22,3.6666666666666665,566,0.038869257950530034,210.75377999999455,effect_45-50
6033,547,Other,SUB,12,0.056938480534016095,43,3.5833333333333335,347,0.1239193083573487,210.75377999999455,effect_45-50
6034,549,Other,ProS,8,0.037958987022677394,25,3.125,1408,0.01775568181818182,210.75377999999455,effect_45-50
6035,550,Other,ProS,10,0.04744873377834675,40,4.0,546,0.07326007326007326,210.75377999999455,effect_45-50
6036,551,Other,ProS,6,0.028469240267008047,18,3.0,1442,0.012482662968099861,210.75377999999455,effect_45-50
6037,560,Other,ProS,0,0.0,0,0.0,7,0.0,210.75377999999455,effect_45-50
6038,561,Other,ProS,6,0.028469240267008047,18,3.0,475,0.037894736842105266,210.75377999999455,effect_45-50
6039,562,Other,ProS,5,0.023724366889173374,18,3.6,1087,0.01655933762649494,210.75377999999455,effect_45-50
6040,564,Other,ProS,45,0.21351930200256036,208,4.622222222222222,1168,0.1780821917808219,210.75377999999455,effect_45-50
6041,566,Other,ProS,25,0.11862183444586687,94,3.76,200,0.47,210.75377999999455,effect_45-50
6042,567,Other,SUB,0,0.0,0,0.0,404,0.0,210.75377999999455,effect_45-50
6043,568,Other,SUB,0,0.0,0,0.0,89,0.0,210.75377999999455,effect_45-50
6044,569,Other,SUB,21,0.09964234093452816,78,3.7142857142857144,875,0.08914285714285715,210.75377999999455,effect_45-50
6045,570,Other,SUB,2,0.009489746755669349,6,3.0,425,0.01411764705882353,210.75377999999455,effect_45-50
6046,571,Other,SUB,10,0.04744873377834675,34,3.4,880,0.038636363636363635,210.75377999999455,effect_45-50
6047,573,Other,SUB,0,0.0,0,0.0,1,0.0,210.75377999999455,effect_45-50
6048,574,Other,SUB,28,0.1328564545793709,131,4.678571428571429,713,0.18373071528751753,210.75377999999455,effect_45-50
6049,576,Other,SUB,7,0.033214113644842724,27,3.857142857142857,600,0.045,210.75377999999455,effect_45-50
6050,578,Other,SUB,14,0.06642822728968545,50,3.5714285714285716,720,0.06944444444444445,210.75377999999455,effect_45-50
6051,579,Other,SUB,27,0.1281115812015362,91,3.3703703703703702,2041,0.044585987261146494,210.75377999999455,effect_45-50
6052,580,Other,SUB,9,0.04270386040051207,31,3.4444444444444446,576,0.05381944444444445,210.75377999999455,effect_45-50
6053,582,Other,SUB,5,0.023724366889173374,22,4.4,478,0.04602510460251046,210.75377999999455,effect_45-50
6054,583,Other,SUB,64,0.30367189618141915,214,3.34375,3947,0.054218393716746895,210.75377999999455,effect_45-50
6055,584,Other,SUB,6,0.028469240267008047,19,3.1666666666666665,946,0.0200845665961945,210.75377999999455,effect_45-50
6056,587,Other,SUB,1,0.004744873377834674,3,3.0,669,0.004484304932735426,210.75377999999455,effect_45-50
6057,588,Other,SUB,20,0.0948974675566935,80,4.0,646,0.1238390092879257,210.75377999999455,effect_45-50
6058,592,Other,SUB,40,0.189794935113387,132,3.3,2086,0.06327900287631831,210.75377999999455,effect_45-50
6059,600,Other,SUB,5,0.023724366889173374,18,3.6,1106,0.0162748643761302,210.75377999999455,effect_45-50
6060,601,Other,SUB,36,0.17081544160204828,163,4.527777777777778,1702,0.09576968272620447,210.75377999999455,effect_45-50
6061,602,Other,SUB,30,0.14234620133504022,103,3.433333333333333,1467,0.07021131561008861,210.75377999999455,effect_45-50
6062,604,Other,SUB,7,0.033214113644842724,24,3.4285714285714284,681,0.03524229074889868,210.75377999999455,effect_45-50
6063,605,Other,SUB,23,0.10913208769019751,77,3.347826086956522,1456,0.052884615384615384,210.75377999999455,effect_45-50
6064,607,Other,SUB,10,0.04744873377834675,34,3.4,614,0.05537459283387622,210.75377999999455,effect_45-50
6065,611,Other,alv,14,0.06642822728968545,47,3.357142857142857,1067,0.044048734770384255,210.75377999999455,effect_45-50
6066,621,Other,VISp6a,9,0.04270386040051207,40,4.444444444444445,224,0.17857142857142858,210.75377999999455,effect_45-50
6067,627,Other,VISp5,0,0.0,0,0.0,584,0.0,210.75377999999455,effect_45-50
6068,629,Other,VISp5,0,0.0,0,0.0,999,0.0,210.75377999999455,effect_45-50
6069,631,Other,VISp5,0,0.0,0,0.0,1343,0.0,210.75377999999455,effect_45-50
6070,632,Other,VISp5,1,0.004744873377834674,3,3.0,936,0.003205128205128205,210.75377999999455,effect_45-50
6071,635,Other,VISp5,7,0.033214113644842724,24,3.4285714285714284,1609,0.014916096954630205,210.75377999999455,effect_45-50
6072,636,Other,VISp5,0,0.0,0,0.0,883,0.0,210.75377999999455,effect_45-50
6073,637,Other,VISp5,0,0.0,0,0.0,370,0.0,210.75377999999455,effect_45-50
6074,639,Other,VISp5,0,0.0,0,0.0,1836,0.0,210.75377999999455,effect_45-50
6075,642,Other,VISp5,0,0.0,0,0.0,1216,0.0,210.75377999999455,effect_45-50
6076,645,Other,VISp5,0,0.0,0,0.0,1052,0.0,210.75377999999455,effect_45-50
6077,646,Other,VISp5,0,0.0,0,0.0,1405,0.0,210.75377999999455,effect_45-50
6078,647,Other,VISp5,0,0.0,0,0.0,1019,0.0,210.75377999999455,effect_45-50
6079,651,Other,VISp5,0,0.0,0,0.0,1022,0.0,210.75377999999455,effect_45-50
6080,653,Other,VISp5,0,0.0,0,0.0,901,0.0,210.75377999999455,effect_45-50
6081,655,Other,VISp5,0,0.0,0,0.0,1400,0.0,210.75377999999455,effect_45-50
6082,656,Other,VISp5,0,0.0,0,0.0,811,0.0,210.75377999999455,effect_45-50
6083,663,Other,VISp5,0,0.0,0,0.0,390,0.0,210.75377999999455,effect_45-50
6084,668,Other,VISp4,0,0.0,0,0.0,559,0.0,210.75377999999455,effect_45-50
6085,669,Other,VISp4,0,0.0,0,0.0,273,0.0,210.75377999999455,effect_45-50
6086,679,Other,VISp4,0,0.0,0,0.0,455,0.0,210.75377999999455,effect_45-50
6087,681,Other,VISp4,0,0.0,0,0.0,34,0.0,210.75377999999455,effect_45-50
6088,684,Other,VISp2/3,0,0.0,0,0.0,43,0.0,210.75377999999455,effect_45-50
6089,687,Other,VISp2/3,0,0.0,0,0.0,265,0.0,210.75377999999455,effect_45-50
6090,688,Other,VISp2/3,0,0.0,0,0.0,135,0.0,210.75377999999455,effect_45-50
6091,689,Other,VISp2/3,0,0.0,0,0.0,17,0.0,210.75377999999455,effect_45-50
6092,690,Other,VISp2/3,0,0.0,0,0.0,247,0.0,210.75377999999455,effect_45-50
6093,695,Other,VISp2/3,0,0.0,0,0.0,34,0.0,210.75377999999455,effect_45-50
6094,696,Other,VISp2/3,0,0.0,0,0.0,49,0.0,210.75377999999455,effect_45-50
6095,697,Other,VISp2/3,0,0.0,0,0.0,182,0.0,210.75377999999455,effect_45-50
6096,700,Other,VISp2/3,0,0.0,0,0.0,216,0.0,210.75377999999455,effect_45-50
6097,708,Other,PoT,73,0.34637575658193126,317,4.342465753424658,364,0.8708791208791209,210.75377999999455,effect_45-50
6098,711,Other,PoT,67,0.31790651631492317,262,3.91044776119403,433,0.605080831408776,210.75377999999455,effect_45-50
6099,718,Other,PoT,39,0.1850500617355523,146,3.7435897435897436,219,0.6666666666666666,210.75377999999455,effect_45-50
6100,719,Other,PoT,75,0.3558655033376006,282,3.76,879,0.32081911262798635,210.75377999999455,effect_45-50
6101,720,Other,PoT,30,0.14234620133504022,114,3.8,435,0.2620689655172414,210.75377999999455,effect_45-50
6102,722,Other,PoT,80,0.379589870226774,332,4.15,682,0.4868035190615836,210.75377999999455,effect_45-50
6103,724,Other,SGN,36,0.17081544160204828,163,4.527777777777778,224,0.7276785714285714,210.75377999999455,effect_45-50
6104,725,Other,SGN,74,0.3511206299597659,277,3.7432432432432434,1101,0.25158946412352406,210.75377999999455,effect_45-50
6105,726,Other,SGN,49,0.23249879551389904,206,4.204081632653061,275,0.7490909090909091,210.75377999999455,effect_45-50
6106,727,Other,SGN,34,0.16132569484637893,135,3.9705882352941178,233,0.5793991416309013,210.75377999999455,effect_45-50
6107,728,Other,SGN,52,0.2467334156474031,202,3.8846153846153846,469,0.43070362473347545,210.75377999999455,effect_45-50
6108,730,Thalamus,LP,33,0.15658082146854427,111,3.3636363636363638,201,0.5522388059701493,210.75377999999455,effect_45-50
6109,731,Thalamus,LP,19,0.09015259417885882,34,1.7894736842105263,268,0.12686567164179105,210.75377999999455,effect_45-50
6110,734,Other,DG-sg,0,0.0,0,0.0,0,0.0,210.75377999999455,effect_45-50
6111,735,Other,DG-sg,0,0.0,0,0.0,0,0.0,210.75377999999455,effect_45-50
6112,755,Other,SUB,5,0.023724366889173374,16,3.2,242,0.06611570247933884,210.75377999999455,effect_45-50
6113,756,Other,ProS,1,0.004744873377834674,4,4.0,62,0.06451612903225806,210.75377999999455,effect_45-50
6114,758,Other,ProS,0,0.0,0,0.0,0,0.0,210.75377999999455,effect_45-50
6115,761,Other,SUB,27,0.1281115812015362,102,3.7777777777777777,1620,0.06296296296296296,210.75377999999455,effect_45-50
6116,762,Other,SUB,1,0.004744873377834674,3,3.0,350,0.008571428571428572,210.75377999999455,effect_45-50
6117,763,Other,SUB,3,0.014234620133504024,10,3.3333333333333335,227,0.04405286343612335,210.75377999999455,effect_45-50
6118,764,Other,SUB,22,0.10438721431236284,83,3.772727272727273,1991,0.04168759417378202,210.75377999999455,effect_45-50
6119,769,Other,VISp5,0,0.0,0,0.0,3,0.0,210.75377999999455,effect_45-50
6120,780,Other,VISp2/3,0,0.0,0,0.0,51,0.0,210.75377999999455,effect_45-50
6121,782,Other,VISp2/3,0,0.0,0,0.0,67,0.0,210.75377999999455,effect_45-50
6122,783,Other,VISp2/3,0,0.0,0,0.0,18,0.0,210.75377999999455,effect_45-50
6123,784,Other,VISp2/3,0,0.0,0,0.0,35,0.0,210.75377999999455,effect_45-50
6124,786,Other,VISp2/3,0,0.0,0,0.0,153,0.0,210.75377999999455,effect_45-50
6125,793,Other,DG-sg,0,0.0,0,0.0,9,0.0,210.75377999999455,effect_45-50
6126,795,Other,DG-sg,0,0.0,0,0.0,0,0.0,210.75377999999455,effect_45-50
6127,796,Other,DG-sg,0,0.0,0,0.0,0,0.0,210.75377999999455,effect_45-50
6128,798,Other,ProS,0,0.0,0,0.0,1,0.0,210.75377999999455,effect_45-50
6129,799,Other,VISp2/3,0,0.0,0,0.0,25,0.0,210.75377999999455,effect_45-50
6130,806,Other,SPFp,0,0.0,0,0.0,67,0.0,210.75377999999455,effect_45-50
6131,809,Other,PoT,68,0.32265138969275786,258,3.7941176470588234,657,0.3926940639269406,210.75377999999455,effect_45-50
6132,811,Other,DG-mo,0,0.0,0,0.0,0,0.0,210.75377999999455,effect_45-50
6133,812,Other,DG-po,0,0.0,0,0.0,0,0.0,210.75377999999455,effect_45-50
6134,815,Other,ProS,0,0.0,0,0.0,1,0.0,210.75377999999455,effect_45-50
6135,816,Other,ProS,26,0.12336670782370154,92,3.5384615384615383,3432,0.026806526806526808,210.75377999999455,effect_45-50
6136,818,Other,VISp5,0,0.0,0,0.0,703,0.0,210.75377999999455,effect_45-50
6137,820,Other,VISp2/3,0,0.0,0,0.0,94,0.0,210.75377999999455,effect_45-50
6138,822,Other,VISp6a,0,0.0,0,0.0,2,0.0,210.75377999999455,effect_45-50
6139,823,Other,VISp2/3,0,0.0,0,0.0,25,0.0,210.75377999999455,effect_45-50
6140,824,Other,VISp2/3,0,0.0,0,0.0,18,0.0,210.75377999999455,effect_45-50
6141,825,Other,VISp2/3,0,0.0,0,0.0,38,0.0,210.75377999999455,effect_45-50
6142,826,Other,VISp2/3,0,0.0,0,0.0,48,0.0,210.75377999999455,effect_45-50
6143,827,Other,VISp2/3,0,0.0,0,0.0,6,0.0,210.75377999999455,effect_45-50
6144,831,Other,VISp2/3,0,0.0,0,0.0,15,0.0,210.75377999999455,effect_45-50
6145,843,Other,int,0,0.0,0,0.0,54,0.0,210.75377999999455,effect_45-50
6146,845,Other,int,0,0.0,0,0.0,1935,0.0,210.75377999999455,effect_45-50
6147,851,Other,int,0,0.0,0,0.0,19,0.0,210.75377999999455,effect_45-50
6148,859,Other,int,0,0.0,0,0.0,55,0.0,210.75377999999455,effect_45-50
6149,865,Other,int,0,0.0,0,0.0,430,0.0,210.75377999999455,effect_45-50
6150,868,Other,int,0,0.0,0,0.0,64,0.0,210.75377999999455,effect_45-50
6151,873,Other,int,10,0.04744873377834675,38,3.8,4606,0.008250108554059922,210.75377999999455,effect_45-50
6152,892,Other,int,0,0.0,0,0.0,409,0.0,210.75377999999455,effect_45-50
6153,900,Other,int,0,0.0,0,0.0,2,0.0,210.75377999999455,effect_45-50
6154,904,Other,int,3,0.014234620133504024,17,5.666666666666667,1963,0.008660213958227204,210.75377999999455,effect_45-50
6155,913,Other,int,51,0.2419885422695684,174,3.411764705882353,371,0.46900269541778977,210.75377999999455,effect_45-50
6156,914,Other,int,0,0.0,0,0.0,512,0.0,210.75377999999455,effect_45-50
6157,932,Other,int,19,0.09015259417885882,60,3.1578947368421053,469,0.1279317697228145,210.75377999999455,effect_45-50
6158,938,Other,int,110,0.5219360715618142,410,3.727272727272727,996,0.41164658634538154,210.75377999999455,effect_45-50
6159,950,Other,int,1,0.004744873377834674,6,6.0,652,0.009202453987730062,210.75377999999455,effect_45-50
6160,962,STR,STR,1,0.004744873377834674,3,3.0,2343,0.0012804097311139564,210.75377999999455,effect_45-50
6161,964,STR,STR,137,0.6500476527633504,657,4.795620437956204,2055,0.3197080291970803,210.75377999999455,effect_45-50
6162,965,STR,STR,2,0.009489746755669349,6,3.0,174,0.034482758620689655,210.75377999999455,effect_45-50
6163,967,Other,int,4,0.018979493511338697,13,3.25,695,0.01870503597122302,210.75377999999455,effect_45-50
6164,969,STR,STR,1,0.004744873377834674,3,3.0,557,0.005385996409335727,210.75377999999455,effect_45-50
6165,970,Other,int,1,0.004744873377834674,3,3.0,284,0.01056338028169014,210.75377999999455,effect_45-50
6166,972,STR,STR,0,0.0,0,0.0,9,0.0,210.75377999999455,effect_45-50
6167,976,STR,STR,113,0.5361706916953182,446,3.9469026548672566,565,0.7893805309734513,210.75377999999455,effect_45-50
6168,980,STR,CP,0,0.0,0,0.0,37,0.0,210.75377999999455,effect_45-50
6169,982,STR,CP,1,0.004744873377834674,4,4.0,841,0.0047562425683709865,210.75377999999455,effect_45-50
6170,984,STR,CP,0,0.0,0,0.0,269,0.0,210.75377999999455,effect_45-50
6171,986,STR,CP,3,0.014234620133504024,10,3.3333333333333335,2955,0.00338409475465313,210.75377999999455,effect_45-50
6172,988,STR,CP,260,1.2336670782370154,913,3.5115384615384615,2161,0.4224895881536326,210.75377999999455,effect_45-50
6173,989,STR,CP,0,0.0,0,0.0,145,0.0,210.75377999999455,effect_45-50
6174,990,STR,CP,1,0.004744873377834674,3,3.0,888,0.0033783783783783786,210.75377999999455,effect_45-50
6175,993,STR,CP,4,0.018979493511338697,16,4.0,1774,0.009019165727170236,210.75377999999455,effect_45-50
6176,997,STR,CP,10,0.04744873377834675,34,3.4,1964,0.017311608961303463,210.75377999999455,effect_45-50
6177,1001,STR,CP,0,0.0,0,0.0,1,0.0,210.75377999999455,effect_45-50
6178,1008,STR,CP,30,0.14234620133504022,116,3.8666666666666667,4352,0.02665441176470588,210.75377999999455,effect_45-50
6179,1009,STR,CP,96,0.45550784427212876,331,3.4479166666666665,1492,0.22184986595174264,210.75377999999455,effect_45-50
6180,1013,STR,CP,82,0.3890796169824433,332,4.048780487804878,431,0.7703016241299304,210.75377999999455,effect_45-50
6181,1014,STR,CP,0,0.0,0,0.0,111,0.0,210.75377999999455,effect_45-50
6182,1021,STR,CP,7,0.033214113644842724,24,3.4285714285714284,754,0.03183023872679045,210.75377999999455,effect_45-50
6183,1027,STR,CP,3,0.014234620133504024,10,3.3333333333333335,1936,0.005165289256198347,210.75377999999455,effect_45-50
6184,1028,STR,CP,17,0.08066284742318947,63,3.7058823529411766,3038,0.020737327188940093,210.75377999999455,effect_45-50
6185,1033,STR,CP,217,1.0296375229901245,840,3.870967741935484,2060,0.4077669902912621,210.75377999999455,effect_45-50
6186,1038,STR,CP,44,0.20877442862472567,157,3.5681818181818183,636,0.2468553459119497,210.75377999999455,effect_45-50
6187,1040,STR,CP,11,0.05219360715618142,34,3.090909090909091,1232,0.027597402597402596,210.75377999999455,effect_45-50
6188,1045,STR,CP,28,0.1328564545793709,101,3.607142857142857,1394,0.07245337159253945,210.75377999999455,effect_45-50
6189,1048,STR,CP,1,0.004744873377834674,4,4.0,1165,0.0034334763948497852,210.75377999999455,effect_45-50
6190,1065,STR,CP,1,0.004744873377834674,3,3.0,531,0.005649717514124294,210.75377999999455,effect_45-50
6191,1066,STR,CP,0,0.0,0,0.0,1804,0.0,210.75377999999455,effect_45-50
6192,1068,STR,CP,0,0.0,0,0.0,493,0.0,210.75377999999455,effect_45-50
6193,1069,STR,CP,3,0.014234620133504024,13,4.333333333333333,1248,0.010416666666666666,210.75377999999455,effect_45-50
6194,1073,STR,CP,77,0.3653552500932699,252,3.272727272727273,4914,0.05128205128205128,210.75377999999455,effect_45-50
6195,1096,Somatosensory,SSp-bfd6a,0,0.0,0,0.0,244,0.0,210.75377999999455,effect_45-50
6196,1106,Somatosensory,SSp-bfd6a,53,0.2514782890252377,255,4.811320754716981,1386,0.18398268398268397,210.75377999999455,effect_45-50
6197,1108,Somatosensory,SSp-bfd6a,10,0.04744873377834675,39,3.9,523,0.0745697896749522,210.75377999999455,effect_45-50
6198,1110,Somatosensory,SSp-bfd6a,10,0.04744873377834675,37,3.7,720,0.05138888888888889,210.75377999999455,effect_45-50
6199,1111,Somatosensory,SSp-bfd6a,1,0.004744873377834674,3,3.0,530,0.005660377358490566,210.75377999999455,effect_45-50
6200,1113,Somatosensory,SSp-bfd6a,4,0.018979493511338697,13,3.25,2430,0.005349794238683128,210.75377999999455,effect_45-50
6201,1114,Somatosensory,SSp-bfd6a,5,0.023724366889173374,15,3.0,379,0.0395778364116095,210.75377999999455,effect_45-50
6202,1115,Somatosensory,SSp-bfd6a,1,0.004744873377834674,4,4.0,76,0.05263157894736842,210.75377999999455,effect_45-50
6203,1117,Somatosensory,SSp-bfd6a,0,0.0,0,0.0,59,0.0,210.75377999999455,effect_45-50
6204,1118,Somatosensory,SSp-bfd6a,0,0.0,0,0.0,678,0.0,210.75377999999455,effect_45-50
6205,1119,Somatosensory,SSp-bfd6a,0,0.0,0,0.0,436,0.0,210.75377999999455,effect_45-50
6206,1126,Somatosensory,SSp-bfd6a,48,0.22775392213606438,240,5.0,2461,0.09752133279154815,210.75377999999455,effect_45-50
6207,1128,Somatosensory,SSp-bfd6a,0,0.0,0,0.0,513,0.0,210.75377999999455,effect_45-50
6208,1130,Somatosensory,SSp-bfd6a,0,0.0,0,0.0,407,0.0,210.75377999999455,effect_45-50
6209,1133,Somatosensory,SSp-bfd6a,11,0.05219360715618142,38,3.4545454545454546,1804,0.02106430155210643,210.75377999999455,effect_45-50
6210,1138,Somatosensory,SSp-bfd5,3,0.014234620133504024,9,3.0,559,0.016100178890876567,210.75377999999455,effect_45-50
6211,1142,Somatosensory,SSp-bfd5,0,0.0,0,0.0,962,0.0,210.75377999999455,effect_45-50
6212,1151,Somatosensory,SSp-bfd5,0,0.0,0,0.0,473,0.0,210.75377999999455,effect_45-50
6213,1154,Somatosensory,SSp-bfd5,0,0.0,0,0.0,2185,0.0,210.75377999999455,effect_45-50
6214,1160,Somatosensory,SSp-bfd5,0,0.0,0,0.0,17,0.0,210.75377999999455,effect_45-50
6215,1180,Somatosensory,SSp-bfd5,0,0.0,0,0.0,264,0.0,210.75377999999455,effect_45-50
6216,1191,Somatosensory,SSp-bfd4,0,0.0,0,0.0,392,0.0,210.75377999999455,effect_45-50
6217,1192,Somatosensory,SSp-bfd4,0,0.0,0,0.0,0,0.0,210.75377999999455,effect_45-50
6218,1194,Somatosensory,SSp-bfd5,1,0.004744873377834674,3,3.0,250,0.012,210.75377999999455,effect_45-50
6219,1198,Somatosensory,SSp-bfd4,0,0.0,0,0.0,287,0.0,210.75377999999455,effect_45-50
6220,1201,Somatosensory,SSp-bfd4,4,0.018979493511338697,17,4.25,487,0.03490759753593429,210.75377999999455,effect_45-50
6221,1209,Somatosensory,SSp-bfd4,0,0.0,0,0.0,5,0.0,210.75377999999455,effect_45-50
6222,1210,Somatosensory,SSp-bfd4,1,0.004744873377834674,5,5.0,924,0.005411255411255411,210.75377999999455,effect_45-50
6223,1212,Somatosensory,SSp-bfd4,1,0.004744873377834674,3,3.0,883,0.0033975084937712344,210.75377999999455,effect_45-50
6224,1215,Somatosensory,SSp-bfd4,0,0.0,0,0.0,42,0.0,210.75377999999455,effect_45-50
6225,1219,Somatosensory,SSp-bfd4,0,0.0,0,0.0,0,0.0,210.75377999999455,effect_45-50
6226,1220,Somatosensory,SSp-bfd4,0,0.0,0,0.0,17,0.0,210.75377999999455,effect_45-50
6227,1222,Somatosensory,SSp-bfd4,0,0.0,0,0.0,683,0.0,210.75377999999455,effect_45-50
6228,1223,Somatosensory,SSp-bfd4,4,0.018979493511338697,15,3.75,59,0.2542372881355932,210.75377999999455,effect_45-50
6229,1227,Somatosensory,SSp-bfd4,0,0.0,0,0.0,112,0.0,210.75377999999455,effect_45-50
6230,1230,Somatosensory,SSp-bfd4,0,0.0,0,0.0,780,0.0,210.75377999999455,effect_45-50
6231,1234,Somatosensory,SSp-bfd4,0,0.0,0,0.0,0,0.0,210.75377999999455,effect_45-50
6232,1235,Somatosensory,SSp-bfd4,0,0.0,0,0.0,249,0.0,210.75377999999455,effect_45-50
6233,1236,Somatosensory,SSp-bfd4,0,0.0,0,0.0,0,0.0,210.75377999999455,effect_45-50
6234,1239,Somatosensory,SSp-bfd4,0,0.0,0,0.0,120,0.0,210.75377999999455,effect_45-50
6235,1244,Somatosensory,SSp-bfd4,0,0.0,0,0.0,326,0.0,210.75377999999455,effect_45-50
6236,1245,Somatosensory,SSp-bfd4,0,0.0,0,0.0,272,0.0,210.75377999999455,effect_45-50
6237,1247,Somatosensory,SSp-bfd4,0,0.0,0,0.0,300,0.0,210.75377999999455,effect_45-50
6238,1248,Somatosensory,SSp-bfd4,0,0.0,0,0.0,217,0.0,210.75377999999455,effect_45-50
6239,1254,Somatosensory,SSp-bfd2/3,58,0.2752026559144111,225,3.8793103448275863,320,0.703125,210.75377999999455,effect_45-50
6240,1257,Somatosensory,SSp-bfd2/3,331,1.5705530880632772,1157,3.495468277945619,3098,0.3734667527437056,210.75377999999455,effect_45-50
6241,1258,Somatosensory,SSp-bfd4,0,0.0,0,0.0,1,0.0,210.75377999999455,effect_45-50
6242,1265,Somatosensory,SSp-bfd2/3,0,0.0,0,0.0,79,0.0,210.75377999999455,effect_45-50
6243,1267,Somatosensory,SSp-bfd2/3,4,0.018979493511338697,18,4.5,343,0.052478134110787174,210.75377999999455,effect_45-50
6244,1286,Somatosensory,SSp-bfd2/3,0,0.0,0,0.0,81,0.0,210.75377999999455,effect_45-50
6245,1318,STR,CP,0,0.0,0,0.0,4,0.0,210.75377999999455,effect_45-50
6246,1319,STR,CP,0,0.0,0,0.0,1,0.0,210.75377999999455,effect_45-50
6247,1321,STR,CP,0,0.0,0,0.0,0,0.0,210.75377999999455,effect_45-50
6248,1331,STR,CP,0,0.0,0,0.0,3,0.0,210.75377999999455,effect_45-50
6249,1337,Somatosensory,SSp-bfd6a,23,0.10913208769019751,88,3.8260869565217392,165,0.5333333333333333,210.75377999999455,effect_45-50
6250,1350,Somatosensory,SSp-bfd5,0,0.0,0,0.0,1,0.0,210.75377999999455,effect_45-50
6251,1354,Somatosensory,SSp-bfd5,0,0.0,0,0.0,46,0.0,210.75377999999455,effect_45-50
6252,1357,Somatosensory,SSp-bfd5,0,0.0,0,0.0,25,0.0,210.75377999999455,effect_45-50
6253,1369,Somatosensory,SSp-bfd2/3,0,0.0,0,0.0,0,0.0,210.75377999999455,effect_45-50
6254,1370,Somatosensory,SSp-bfd4,0,0.0,0,0.0,0,0.0,210.75377999999455,effect_45-50
6255,1372,Somatosensory,SSp-bfd2/3,0,0.0,0,0.0,0,0.0,210.75377999999455,effect_45-50
6256,1373,Somatosensory,SSp-bfd2/3,0,0.0,0,0.0,7,0.0,210.75377999999455,effect_45-50
6257,1374,Somatosensory,SSp-bfd4,0,0.0,0,0.0,27,0.0,210.75377999999455,effect_45-50
6258,1386,Somatosensory,SSp-bfd2/3,0,0.0,0,0.0,0,0.0,210.75377999999455,effect_45-50
6259,1405,Somatosensory,SSp-bfd5,0,0.0,0,0.0,0,0.0,210.75377999999455,effect_45-50
6260,1407,Somatosensory,SSp-bfd4,0,0.0,0,0.0,0,0.0,210.75377999999455,effect_45-50
6261,1414,Other,int,73,0.34637575658193126,272,3.7260273972602738,440,0.6181818181818182,210.75377999999455,effect_45-50
6262,1418,Somatosensory,SSp-bfd6a,0,0.0,0,0.0,6,0.0,210.75377999999455,effect_45-50
6263,1420,Somatosensory,SSp-bfd5,0,0.0,0,0.0,0,0.0,210.75377999999455,effect_45-50
6264,1426,STR,STR,0,0.0,0,0.0,155,0.0,210.75377999999455,effect_45-50
6265,1428,Somatosensory,SSp-bfd2/3,0,0.0,0,0.0,2,0.0,210.75377999999455,effect_45-50
6266,1430,STR,STR,1,0.004744873377834674,3,3.0,74,0.04054054054054054,210.75377999999455,effect_45-50
6267,1432,STR,STR,0,0.0,0,0.0,11,0.0,210.75377999999455,effect_45-50
6268,1435,Other,DP,2,0.009489746755669349,7,3.5,936,0.007478632478632479,210.75377999999455,effect_45-50
6269,1443,Other,ILA2/3,0,0.0,0,0.0,78,0.0,210.75377999999455,effect_45-50
6270,1445,Other,ILA2/3,0,0.0,0,0.0,13,0.0,210.75377999999455,effect_45-50
6271,1446,Other,ILA2/3,0,0.0,0,0.0,57,0.0,210.75377999999455,effect_45-50
6272,1461,Other,ILA5,1,0.004744873377834674,5,5.0,112,0.044642857142857144,210.75377999999455,effect_45-50
6273,1464,Other,ILA5,0,0.0,0,0.0,38,0.0,210.75377999999455,effect_45-50
6274,1468,Other,ILA5,1,0.004744873377834674,3,3.0,1727,0.0017371163867979154,210.75377999999455,effect_45-50
6275,1506,Other,ILA5,0,0.0,0,0.0,118,0.0,210.75377999999455,effect_45-50
6276,1507,Other,ILA5,0,0.0,0,0.0,0,0.0,210.75377999999455,effect_45-50
6277,1509,Other,ILA5,2,0.009489746755669349,6,3.0,338,0.01775147928994083,210.75377999999455,effect_45-50
6278,1516,Other,ILA5,0,0.0,0,0.0,12,0.0,210.75377999999455,effect_45-50
6279,1529,Other,ILA5,1,0.004744873377834674,4,4.0,183,0.02185792349726776,210.75377999999455,effect_45-50
6280,1531,Other,ILA5,24,0.11387696106803219,74,3.0833333333333335,209,0.35406698564593303,210.75377999999455,effect_45-50
6281,1534,Other,ILA5,0,0.0,0,0.0,4,0.0,210.75377999999455,effect_45-50
6282,1535,Other,ILA5,0,0.0,0,0.0,243,0.0,210.75377999999455,effect_45-50
6283,1537,Other,ILA5,0,0.0,0,0.0,12,0.0,210.75377999999455,effect_45-50
6284,1538,Other,ILA5,0,0.0,0,0.0,105,0.0,210.75377999999455,effect_45-50
6285,1539,Other,ILA5,0,0.0,0,0.0,323,0.0,210.75377999999455,effect_45-50
6286,1541,Other,ILA5,0,0.0,0,0.0,32,0.0,210.75377999999455,effect_45-50
6287,1545,Other,ILA5,0,0.0,0,0.0,6,0.0,210.75377999999455,effect_45-50
6288,1550,Other,ILA5,0,0.0,0,0.0,66,0.0,210.75377999999455,effect_45-50
6289,1553,Other,PL5,32,0.15183594809070958,102,3.1875,541,0.18853974121996303,210.75377999999455,effect_45-50
6290,1556,Other,PL5,0,0.0,0,0.0,1229,0.0,210.75377999999455,effect_45-50
6291,1563,Other,PL5,1,0.004744873377834674,3,3.0,396,0.007575757575757576,210.75377999999455,effect_45-50
6292,1566,Other,PL6a,0,0.0,0,0.0,45,0.0,210.75377999999455,effect_45-50
6293,1570,Other,PL6a,0,0.0,0,0.0,75,0.0,210.75377999999455,effect_45-50
6294,1573,Other,PL6a,2,0.009489746755669349,8,4.0,285,0.028070175438596492,210.75377999999455,effect_45-50
6295,1582,Other,PL6a,0,0.0,0,0.0,0,0.0,210.75377999999455,effect_45-50
6296,1589,Other,PL6a,0,0.0,0,0.0,376,0.0,210.75377999999455,effect_45-50
6297,1591,Other,PL6a,0,0.0,0,0.0,54,0.0,210.75377999999455,effect_45-50
6298,1593,Other,PL6a,14,0.06642822728968545,81,5.785714285714286,2815,0.028774422735346358,210.75377999999455,effect_45-50
6299,1594,Other,PL6a,6,0.028469240267008047,18,3.0,5186,0.003470883146934053,210.75377999999455,effect_45-50
6300,1606,Other,PL6a,0,0.0,0,0.0,35,0.0,210.75377999999455,effect_45-50
6301,1611,Other,PL6a,0,0.0,0,0.0,76,0.0,210.75377999999455,effect_45-50
6302,1615,Other,PL6a,4,0.018979493511338697,14,3.5,1050,0.013333333333333334,210.75377999999455,effect_45-50
6303,1624,Other,PL6a,0,0.0,0,0.0,15,0.0,210.75377999999455,effect_45-50
6304,1627,Other,PL6a,0,0.0,0,0.0,21,0.0,210.75377999999455,effect_45-50
6305,1641,Other,PL6a,0,0.0,0,0.0,14,0.0,210.75377999999455,effect_45-50
6306,1643,Other,PL6a,2,0.009489746755669349,6,3.0,130,0.046153846153846156,210.75377999999455,effect_45-50
6307,1651,Other,PL5,0,0.0,0,0.0,6,0.0,210.75377999999455,effect_45-50
6308,1655,Other,PL5,1,0.004744873377834674,3,3.0,785,0.003821656050955414,210.75377999999455,effect_45-50
6309,1658,Other,PL5,1,0.004744873377834674,3,3.0,59,0.05084745762711865,210.75377999999455,effect_45-50
6310,1676,Motor,MOs5,0,0.0,0,0.0,55,0.0,210.75377999999455,effect_45-50
6311,1681,Motor,MOs5,0,0.0,0,0.0,0,0.0,210.75377999999455,effect_45-50
6312,1684,Motor,MOs5,0,0.0,0,0.0,0,0.0,210.75377999999455,effect_45-50
6313,1685,Motor,MOs5,1,0.004744873377834674,3,3.0,209,0.014354066985645933,210.75377999999455,effect_45-50
6314,1686,Motor,MOs5,0,0.0,0,0.0,0,0.0,210.75377999999455,effect_45-50
6315,1687,Motor,MOs5,41,0.19453980849122166,137,3.341463414634146,574,0.23867595818815332,210.75377999999455,effect_45-50
6316,1690,Motor,MOs5,0,0.0,0,0.0,7,0.0,210.75377999999455,effect_45-50
6317,1697,Motor,MOs5,0,0.0,0,0.0,153,0.0,210.75377999999455,effect_45-50
6318,1699,Motor,MOs5,0,0.0,0,0.0,13,0.0,210.75377999999455,effect_45-50
6319,1713,Motor,MOs5,0,0.0,0,0.0,518,0.0,210.75377999999455,effect_45-50
6320,1738,Motor,MOs5,0,0.0,0,0.0,633,0.0,210.75377999999455,effect_45-50
6321,1747,STR,LSr,1,0.004744873377834674,3,3.0,31,0.0967741935483871,210.75377999999455,effect_45-50
6322,1749,STR,STR,0,0.0,0,0.0,44,0.0,210.75377999999455,effect_45-50
6323,1762,Other,ILA5,0,0.0,0,0.0,78,0.0,210.75377999999455,effect_45-50
6324,1763,Other,ILA5,1,0.004744873377834674,4,4.0,86,0.046511627906976744,210.75377999999455,effect_45-50
6325,1764,Other,ILA5,0,0.0,0,0.0,2,0.0,210.75377999999455,effect_45-50
6326,1768,Other,ILA5,0,0.0,0,0.0,72,0.0,210.75377999999455,effect_45-50
6327,1769,Other,ILA5,0,0.0,0,0.0,16,0.0,210.75377999999455,effect_45-50
6328,1782,Other,ILA5,0,0.0,0,0.0,4,0.0,210.75377999999455,effect_45-50
6329,1783,Other,ILA5,0,0.0,0,0.0,29,0.0,210.75377999999455,effect_45-50
6330,1785,Other,ILA5,0,0.0,0,0.0,73,0.0,210.75377999999455,effect_45-50
6331,1786,Other,ILA5,0,0.0,0,0.0,10,0.0,210.75377999999455,effect_45-50
6332,1789,Other,PL5,0,0.0,0,0.0,131,0.0,210.75377999999455,effect_45-50
6333,1796,Other,PL6a,0,0.0,0,0.0,66,0.0,210.75377999999455,effect_45-50
6334,1799,Other,PL6a,0,0.0,0,0.0,111,0.0,210.75377999999455,effect_45-50
6335,1801,Other,PL6a,0,0.0,0,0.0,20,0.0,210.75377999999455,effect_45-50
6336,1804,Other,PL6a,0,0.0,0,0.0,29,0.0,210.75377999999455,effect_45-50
6337,1806,Other,PL6a,0,0.0,0,0.0,3,0.0,210.75377999999455,effect_45-50
6338,1809,Other,PL6a,0,0.0,0,0.0,0,0.0,210.75377999999455,effect_45-50
6339,1811,Other,PL6a,0,0.0,0,0.0,19,0.0,210.75377999999455,effect_45-50
6340,1813,Other,PL6a,0,0.0,0,0.0,0,0.0,210.75377999999455,effect_45-50
6341,1815,Other,PL6a,0,0.0,0,0.0,17,0.0,210.75377999999455,effect_45-50
6342,1816,Other,PL6a,0,0.0,0,0.0,1,0.0,210.75377999999455,effect_45-50
6343,1818,Other,PL6a,0,0.0,0,0.0,43,0.0,210.75377999999455,effect_45-50
6344,1819,Other,PL6a,0,0.0,0,0.0,71,0.0,210.75377999999455,effect_45-50
6345,1822,Motor,MOs5,0,0.0,0,0.0,0,0.0,210.75377999999455,effect_45-50
6346,1826,Motor,MOs5,0,0.0,0,0.0,1,0.0,210.75377999999455,effect_45-50
6347,1827,Motor,MOs5,0,0.0,0,0.0,1,0.0,210.75377999999455,effect_45-50
6348,1828,Motor,MOs5,2,0.009489746755669349,7,3.5,49,0.14285714285714285,210.75377999999455,effect_45-50
6349,1829,Motor,MOs5,0,0.0,0,0.0,36,0.0,210.75377999999455,effect_45-50
6350,1830,Motor,MOs5,0,0.0,0,0.0,167,0.0,210.75377999999455,effect_45-50
6351,1832,Motor,MOs5,0,0.0,0,0.0,29,0.0,210.75377999999455,effect_45-50
6352,1833,Motor,MOs5,0,0.0,0,0.0,138,0.0,210.75377999999455,effect_45-50
6353,1840,STR,STR,1,0.004744873377834674,3,3.0,37,0.08108108108108109,210.75377999999455,effect_45-50
6354,1844,Other,ILA2/3,0,0.0,0,0.0,90,0.0,210.75377999999455,effect_45-50
6355,1848,Other,ILA5,0,0.0,0,0.0,21,0.0,210.75377999999455,effect_45-50
6356,1849,Other,ILA5,0,0.0,0,0.0,13,0.0,210.75377999999455,effect_45-50
6357,1850,Other,PL6a,0,0.0,0,0.0,0,0.0,210.75377999999455,effect_45-50
6358,1851,Other,PL6a,0,0.0,0,0.0,4,0.0,210.75377999999455,effect_45-50
6359,1852,Other,PL6a,0,0.0,0,0.0,3,0.0,210.75377999999455,effect_45-50
6360,1854,Motor,MOs5,0,0.0,0,0.0,35,0.0,210.75377999999455,effect_45-50
6361,1855,Other,ILA2/3,0,0.0,0,0.0,3,0.0,210.75377999999455,effect_45-50
6362,1856,Other,ILA5,1,0.004744873377834674,4,4.0,126,0.031746031746031744,210.75377999999455,effect_45-50
6363,1857,Other,ILA5,0,0.0,0,0.0,36,0.0,210.75377999999455,effect_45-50
6364,1860,Other,PL6a,0,0.0,0,0.0,2,0.0,210.75377999999455,effect_45-50
6365,1862,Motor,MOs5,0,0.0,0,0.0,25,0.0,210.75377999999455,effect_45-50
6366,1863,Motor,MOs5,0,0.0,0,0.0,42,0.0,210.75377999999455,effect_45-50
6367,1864,Motor,MOs5,0,0.0,0,0.0,1,0.0,210.75377999999455,effect_45-50
6368,1865,Motor,MOs5,0,0.0,0,0.0,116,0.0,210.75377999999455,effect_45-50
6369,1866,Motor,MOs5,2,0.009489746755669349,6,3.0,132,0.045454545454545456,210.75377999999455,effect_45-50
6370,1868,Motor,MOs5,0,0.0,0,0.0,170,0.0,210.75377999999455,effect_45-50
6371,1872,Motor,MOs5,0,0.0,0,0.0,4,0.0,210.75377999999455,effect_45-50
6372,3,Other,AMd,3,0.02527827803022311,9,3.0,865,0.010404624277456647,118.67896999997993,effect_50-55
6373,4,Other,AMd,3,0.02527827803022311,10,3.3333333333333335,791,0.012642225031605562,118.67896999997993,effect_50-55
6374,9,Other,AMd,4,0.033704370706964144,13,3.25,582,0.022336769759450172,118.67896999997993,effect_50-55
6375,10,Other,AMd,16,0.13481748282785658,51,3.1875,391,0.13043478260869565,118.67896999997993,effect_50-55
6376,12,Other,AMd,10,0.08426092676741036,32,3.2,1173,0.027280477408354646,118.67896999997993,effect_50-55
6377,13,Other,AMd,6,0.05055655606044622,21,3.5,1664,0.012620192307692308,118.67896999997993,effect_50-55
6378,14,Other,AMd,10,0.08426092676741036,32,3.2,774,0.041343669250646,118.67896999997993,effect_50-55
6379,16,Other,AMd,12,0.10111311212089244,41,3.4166666666666665,751,0.05459387483355526,118.67896999997993,effect_50-55
6380,20,Other,AMd,7,0.058982648737187254,24,3.4285714285714284,1007,0.023833167825223437,118.67896999997993,effect_50-55
6381,21,Other,AMd,30,0.2527827803022311,116,3.8666666666666667,950,0.12210526315789473,118.67896999997993,effect_50-55
6382,23,Other,AMd,3,0.02527827803022311,14,4.666666666666667,1665,0.008408408408408409,118.67896999997993,effect_50-55
6383,24,Other,AMd,6,0.05055655606044622,19,3.1666666666666665,848,0.02240566037735849,118.67896999997993,effect_50-55
6384,26,Other,AMd,48,0.40445244848356976,157,3.2708333333333335,807,0.19454770755885997,118.67896999997993,effect_50-55
6385,28,Other,AMd,16,0.13481748282785658,51,3.1875,656,0.07774390243902439,118.67896999997993,effect_50-55
6386,29,Other,AMd,17,0.14324357550459763,52,3.0588235294117645,911,0.0570801317233809,118.67896999997993,effect_50-55
6387,30,Other,AMd,29,0.24435668762549004,103,3.5517241379310347,920,0.11195652173913044,118.67896999997993,effect_50-55
6388,33,Other,AMd,3,0.02527827803022311,9,3.0,952,0.009453781512605041,118.67896999997993,effect_50-55
6389,34,Other,AMd,14,0.11796529747437451,42,3.0,598,0.07023411371237458,118.67896999997993,effect_50-55
6390,36,Other,AMd,14,0.11796529747437451,50,3.5714285714285716,1269,0.039401103230890466,118.67896999997993,effect_50-55
6391,38,Other,AMd,12,0.10111311212089244,39,3.25,883,0.044167610419026046,118.67896999997993,effect_50-55
6392,42,Other,AMd,4,0.033704370706964144,15,3.75,1035,0.014492753623188406,118.67896999997993,effect_50-55
6393,44,Other,AMd,25,0.2106523169185259,81,3.24,999,0.08108108108108109,118.67896999997993,effect_50-55
6394,45,Other,AMd,19,0.1600957608580797,64,3.3684210526315788,1092,0.05860805860805861,118.67896999997993,effect_50-55
6395,46,Other,AMd,21,0.17694794621156176,76,3.619047619047619,641,0.11856474258970359,118.67896999997993,effect_50-55
6396,48,Other,AMd,21,0.17694794621156176,78,3.7142857142857144,662,0.11782477341389729,118.67896999997993,effect_50-55
6397,49,Other,AMd,15,0.12639139015111556,55,3.6666666666666665,937,0.05869797225186766,118.67896999997993,effect_50-55
6398,54,Other,AMd,28,0.23593059494874902,93,3.3214285714285716,624,0.14903846153846154,118.67896999997993,effect_50-55
6399,58,Other,AMd,1,0.008426092676741036,3,3.0,424,0.007075471698113208,118.67896999997993,effect_50-55
6400,61,Other,AMd,33,0.2780610583324542,109,3.303030303030303,1192,0.09144295302013423,118.67896999997993,effect_50-55
6401,62,Other,AMd,4,0.033704370706964144,17,4.25,282,0.06028368794326241,118.67896999997993,effect_50-55
6402,63,Other,AMd,33,0.2780610583324542,118,3.5757575757575757,492,0.23983739837398374,118.67896999997993,effect_50-55
6403,69,Other,AMd,2,0.016852185353482072,6,3.0,222,0.02702702702702703,118.67896999997993,effect_50-55
6404,74,Other,AD,36,0.3033393363626773,129,3.5833333333333335,806,0.1600496277915633,118.67896999997993,effect_50-55
6405,97,Other,AD,3,0.02527827803022311,20,6.666666666666667,324,0.06172839506172839,118.67896999997993,effect_50-55
6406,98,Other,AD,6,0.05055655606044622,26,4.333333333333333,854,0.03044496487119438,118.67896999997993,effect_50-55
6407,102,Other,cing,4,0.033704370706964144,24,6.0,532,0.045112781954887216,118.67896999997993,effect_50-55
6408,103,Motor,MOp6a,1,0.008426092676741036,3,3.0,293,0.010238907849829351,118.67896999997993,effect_50-55
6409,104,Motor,MOp6a,0,0.0,0,0.0,244,0.0,118.67896999997993,effect_50-55
6410,105,Motor,MOp6a,12,0.10111311212089244,61,5.083333333333333,1132,0.053886925795053005,118.67896999997993,effect_50-55
6411,108,Motor,MOp6a,0,0.0,0,0.0,1286,0.0,118.67896999997993,effect_50-55
6412,117,Motor,MOp6a,0,0.0,0,0.0,357,0.0,118.67896999997993,effect_50-55
6413,122,Motor,MOp5,1,0.008426092676741036,3,3.0,73,0.0410958904109589,118.67896999997993,effect_50-55
6414,124,Motor,MOp5,0,0.0,0,0.0,177,0.0,118.67896999997993,effect_50-55
6415,126,Motor,MOp5,0,0.0,0,0.0,60,0.0,118.67896999997993,effect_50-55
6416,127,Motor,MOp5,0,0.0,0,0.0,0,0.0,118.67896999997993,effect_50-55
6417,128,Motor,MOp5,1,0.008426092676741036,3,3.0,428,0.007009345794392523,118.67896999997993,effect_50-55
6418,131,Motor,MOp5,0,0.0,0,0.0,459,0.0,118.67896999997993,effect_50-55
6419,137,Motor,MOp5,1,0.008426092676741036,3,3.0,29,0.10344827586206896,118.67896999997993,effect_50-55
6420,139,Motor,MOp5,0,0.0,0,0.0,620,0.0,118.67896999997993,effect_50-55
6421,141,Motor,MOp5,2,0.016852185353482072,9,4.5,840,0.010714285714285714,118.67896999997993,effect_50-55
6422,145,Motor,MOp5,0,0.0,0,0.0,10,0.0,118.67896999997993,effect_50-55
6423,146,Motor,MOp5,0,0.0,0,0.0,918,0.0,118.67896999997993,effect_50-55
6424,150,Motor,MOp5,0,0.0,0,0.0,11,0.0,118.67896999997993,effect_50-55
6425,151,Motor,MOp5,1,0.008426092676741036,3,3.0,962,0.0031185031185031187,118.67896999997993,effect_50-55
6426,152,Motor,MOp5,1,0.008426092676741036,3,3.0,111,0.02702702702702703,118.67896999997993,effect_50-55
6427,153,Motor,MOp5,0,0.0,0,0.0,5,0.0,118.67896999997993,effect_50-55
6428,154,Motor,MOp5,0,0.0,0,0.0,496,0.0,118.67896999997993,effect_50-55
6429,155,Motor,MOp5,0,0.0,0,0.0,198,0.0,118.67896999997993,effect_50-55
6430,157,Motor,MOp5,0,0.0,0,0.0,226,0.0,118.67896999997993,effect_50-55
6431,161,Motor,MOp5,0,0.0,0,0.0,75,0.0,118.67896999997993,effect_50-55
6432,164,Motor,MOp2/3,0,0.0,0,0.0,10,0.0,118.67896999997993,effect_50-55
6433,167,Other,RSPagl2/3,0,0.0,0,0.0,900,0.0,118.67896999997993,effect_50-55
6434,174,Other,RSPagl2/3,0,0.0,0,0.0,4,0.0,118.67896999997993,effect_50-55
6435,178,Other,RSPagl2/3,1,0.008426092676741036,3,3.0,82,0.036585365853658534,118.67896999997993,effect_50-55
6436,182,Somatosensory,SSp-tr2/3,0,0.0,0,0.0,7,0.0,118.67896999997993,effect_50-55
6437,186,Somatosensory,SSp-tr2/3,0,0.0,0,0.0,25,0.0,118.67896999997993,effect_50-55
6438,188,Somatosensory,SSp-tr2/3,0,0.0,0,0.0,45,0.0,118.67896999997993,effect_50-55
6439,192,Somatosensory,SSp-tr2/3,0,0.0,0,0.0,4,0.0,118.67896999997993,effect_50-55
6440,193,Somatosensory,SSp-tr2/3,0,0.0,0,0.0,174,0.0,118.67896999997993,effect_50-55
6441,197,Somatosensory,SSp-tr2/3,0,0.0,0,0.0,41,0.0,118.67896999997993,effect_50-55
6442,204,Somatosensory,SSp-tr1,0,0.0,0,0.0,0,0.0,118.67896999997993,effect_50-55
6443,205,Other,AMd,29,0.24435668762549004,108,3.7241379310344827,361,0.29916897506925205,118.67896999997993,effect_50-55
6444,206,Other,AD,20,0.16852185353482071,63,3.15,374,0.16844919786096257,118.67896999997993,effect_50-55
6445,210,Motor,MOp6a,0,0.0,0,0.0,81,0.0,118.67896999997993,effect_50-55
6446,211,Motor,MOp6a,8,0.06740874141392829,32,4.0,1445,0.022145328719723183,118.67896999997993,effect_50-55
6447,213,Motor,MOp5,0,0.0,0,0.0,2,0.0,118.67896999997993,effect_50-55
6448,216,Motor,MOp5,0,0.0,0,0.0,9,0.0,118.67896999997993,effect_50-55
6449,217,Motor,MOp5,0,0.0,0,0.0,20,0.0,118.67896999997993,effect_50-55
6450,218,Motor,MOp5,0,0.0,0,0.0,81,0.0,118.67896999997993,effect_50-55
6451,219,Motor,MOp5,1,0.008426092676741036,3,3.0,227,0.013215859030837005,118.67896999997993,effect_50-55
6452,221,Motor,MOp5,0,0.0,0,0.0,57,0.0,118.67896999997993,effect_50-55
6453,223,Motor,MOp5,0,0.0,0,0.0,26,0.0,118.67896999997993,effect_50-55
6454,226,Motor,MOp5,0,0.0,0,0.0,171,0.0,118.67896999997993,effect_50-55
6455,227,Motor,MOp5,0,0.0,0,0.0,12,0.0,118.67896999997993,effect_50-55
6456,230,Other,RSPagl2/3,0,0.0,0,0.0,0,0.0,118.67896999997993,effect_50-55
6457,232,Somatosensory,SSp-tr2/3,0,0.0,0,0.0,16,0.0,118.67896999997993,effect_50-55
6458,233,Somatosensory,SSp-tr2/3,0,0.0,0,0.0,0,0.0,118.67896999997993,effect_50-55
6459,234,Somatosensory,SSp-tr2/3,0,0.0,0,0.0,20,0.0,118.67896999997993,effect_50-55
6460,238,Somatosensory,SSp-tr1,0,0.0,0,0.0,4,0.0,118.67896999997993,effect_50-55
6461,242,Motor,MOp2/3,0,0.0,0,0.0,26,0.0,118.67896999997993,effect_50-55
6462,243,Other,RSPagl2/3,1,0.008426092676741036,3,3.0,15,0.2,118.67896999997993,effect_50-55
6463,244,Somatosensory,SSp-tr1,0,0.0,0,0.0,3,0.0,118.67896999997993,effect_50-55
6464,247,Motor,MOp5,0,0.0,0,0.0,13,0.0,118.67896999997993,effect_50-55
6465,248,Motor,MOp2/3,0,0.0,0,0.0,11,0.0,118.67896999997993,effect_50-55
6466,249,Somatosensory,SSp-tr2/3,0,0.0,0,0.0,1,0.0,118.67896999997993,effect_50-55
6467,250,Somatosensory,SSp-tr1,0,0.0,0,0.0,0,0.0,118.67896999997993,effect_50-55
6468,252,Other,SPFp,0,0.0,0,0.0,48,0.0,118.67896999997993,effect_50-55
6469,266,Other,SPFp,8,0.06740874141392829,28,3.5,43,0.6511627906976745,118.67896999997993,effect_50-55
6470,272,Other,PoT,86,0.7246439701997291,276,3.2093023255813953,436,0.6330275229357798,118.67896999997993,effect_50-55
6471,279,Other,PoT,0,0.0,0,0.0,64,0.0,118.67896999997993,effect_50-55
6472,281,Other,PoT,0,0.0,0,0.0,41,0.0,118.67896999997993,effect_50-55
6473,286,Other,PoT,39,0.32861761439290044,167,4.282051282051282,228,0.7324561403508771,118.67896999997993,effect_50-55
6474,291,Other,PoT,60,0.5055655606044622,237,3.95,648,0.36574074074074076,118.67896999997993,effect_50-55
6475,292,Other,PoT,58,0.4887133752509801,221,3.810344827586207,401,0.5511221945137157,118.67896999997993,effect_50-55
6476,296,Other,PoT,40,0.33704370706964143,147,3.675,334,0.44011976047904194,118.67896999997993,effect_50-55
6477,298,Other,PoT,49,0.41287854116031075,185,3.7755102040816326,1002,0.18463073852295409,118.67896999997993,effect_50-55
6478,299,Other,PoT,0,0.0,0,0.0,113,0.0,118.67896999997993,effect_50-55
6479,302,Other,PoT,33,0.2780610583324542,128,3.878787878787879,412,0.3106796116504854,118.67896999997993,effect_50-55
6480,304,Other,PoT,96,0.8089048969671395,422,4.395833333333333,933,0.45230439442658094,118.67896999997993,effect_50-55
6481,306,Other,PoT,74,0.6235308580788367,290,3.918918918918919,414,0.7004830917874396,118.67896999997993,effect_50-55
6482,307,Other,PoT,111,0.9352962871182551,500,4.504504504504505,570,0.8771929824561403,118.67896999997993,effect_50-55
6483,310,Other,PoT,0,0.0,0,0.0,13,0.0,118.67896999997993,effect_50-55
6484,316,Other,PoT,11,0.0926870194441514,42,3.8181818181818183,369,0.11382113821138211,118.67896999997993,effect_50-55
6485,317,Other,PoT,35,0.29491324368593624,150,4.285714285714286,807,0.18587360594795538,118.67896999997993,effect_50-55
6486,321,Other,PoT,43,0.3623219850998646,158,3.6744186046511627,377,0.41909814323607425,118.67896999997993,effect_50-55
6487,325,Other,PoT,2,0.016852185353482072,6,3.0,296,0.02027027027027027,118.67896999997993,effect_50-55
6488,328,Other,PoT,2,0.016852185353482072,9,4.5,151,0.059602649006622516,118.67896999997993,effect_50-55
6489,330,Other,PoT,12,0.10111311212089244,47,3.9166666666666665,2714,0.017317612380250553,118.67896999997993,effect_50-55
6490,331,Other,PoT,34,0.28648715100919525,125,3.676470588235294,975,0.1282051282051282,118.67896999997993,effect_50-55
6491,333,Other,PoT,0,0.0,0,0.0,143,0.0,118.67896999997993,effect_50-55
6492,334,Other,PoT,24,0.20222622424178488,83,3.4583333333333335,670,0.12388059701492538,118.67896999997993,effect_50-55
6493,338,Other,PoT,7,0.058982648737187254,24,3.4285714285714284,727,0.033012379642365884,118.67896999997993,effect_50-55
6494,340,Other,PoT,1,0.008426092676741036,3,3.0,178,0.016853932584269662,118.67896999997993,effect_50-55
6495,341,Other,PoT,0,0.0,0,0.0,122,0.0,118.67896999997993,effect_50-55
6496,344,Other,PoT,10,0.08426092676741036,33,3.3,418,0.07894736842105263,118.67896999997993,effect_50-55
6497,347,Other,PoT,1,0.008426092676741036,3,3.0,240,0.0125,118.67896999997993,effect_50-55
6498,350,Other,PoT,28,0.23593059494874902,106,3.7857142857142856,244,0.4344262295081967,118.67896999997993,effect_50-55
6499,352,Other,PoT,0,0.0,0,0.0,47,0.0,118.67896999997993,effect_50-55
6500,355,Other,PoT,3,0.02527827803022311,10,3.3333333333333335,225,0.044444444444444446,118.67896999997993,effect_50-55
6501,361,Other,PoT,15,0.12639139015111556,69,4.6,1825,0.03780821917808219,118.67896999997993,effect_50-55
6502,362,Other,PoT,30,0.2527827803022311,121,4.033333333333333,638,0.1896551724137931,118.67896999997993,effect_50-55
6503,367,Other,PoT,1,0.008426092676741036,3,3.0,35,0.08571428571428572,118.67896999997993,effect_50-55
6504,368,Other,PoT,10,0.08426092676741036,33,3.3,126,0.2619047619047619,118.67896999997993,effect_50-55
6505,369,Other,PoT,0,0.0,0,0.0,2,0.0,118.67896999997993,effect_50-55
6506,372,Other,PoT,1,0.008426092676741036,3,3.0,139,0.02158273381294964,118.67896999997993,effect_50-55
6507,381,Other,PoT,12,0.10111311212089244,49,4.083333333333333,109,0.44954128440366975,118.67896999997993,effect_50-55
6508,382,Other,PoT,4,0.033704370706964144,13,3.25,72,0.18055555555555555,118.67896999997993,effect_50-55
6509,385,Other,PoT,36,0.3033393363626773,134,3.7222222222222223,347,0.3861671469740634,118.67896999997993,effect_50-55
6510,388,Other,PoT,45,0.3791741704533466,215,4.777777777777778,2295,0.09368191721132897,118.67896999997993,effect_50-55
6511,392,Other,PoT,40,0.33704370706964143,151,3.775,409,0.3691931540342298,118.67896999997993,effect_50-55
6512,394,Other,PoT,6,0.05055655606044622,18,3.0,289,0.06228373702422145,118.67896999997993,effect_50-55
6513,396,Other,PoT,0,0.0,0,0.0,23,0.0,118.67896999997993,effect_50-55
6514,404,Other,PoT,42,0.3538958924231235,172,4.095238095238095,275,0.6254545454545455,118.67896999997993,effect_50-55
6515,405,Other,PoT,1,0.008426092676741036,8,8.0,1035,0.007729468599033816,118.67896999997993,effect_50-55
6516,406,Other,PoT,14,0.11796529747437451,48,3.4285714285714284,469,0.1023454157782516,118.67896999997993,effect_50-55
6517,408,Other,PoT,68,0.5729743020183905,267,3.926470588235294,454,0.5881057268722467,118.67896999997993,effect_50-55
6518,412,Other,PoT,9,0.07583483409066932,37,4.111111111111111,284,0.13028169014084506,118.67896999997993,effect_50-55
6519,414,Other,PoT,6,0.05055655606044622,22,3.6666666666666665,77,0.2857142857142857,118.67896999997993,effect_50-55
6520,415,Other,PoT,17,0.14324357550459763,57,3.3529411764705883,305,0.18688524590163935,118.67896999997993,effect_50-55
6521,417,Other,PoT,78,0.6572352287858009,295,3.782051282051282,502,0.5876494023904383,118.67896999997993,effect_50-55
6522,418,Other,PoT,11,0.0926870194441514,38,3.4545454545454546,399,0.09523809523809523,118.67896999997993,effect_50-55
6523,419,Other,PoT,19,0.1600957608580797,66,3.473684210526316,263,0.2509505703422053,118.67896999997993,effect_50-55
6524,421,Other,PoT,20,0.16852185353482071,69,3.45,322,0.21428571428571427,118.67896999997993,effect_50-55
6525,422,Other,PoT,59,0.4971394679277211,276,4.677966101694915,701,0.39372325249643364,118.67896999997993,effect_50-55
6526,425,Other,PoT,55,0.463435097220757,218,3.963636363636364,390,0.558974358974359,118.67896999997993,effect_50-55
6527,428,Other,PoT,12,0.10111311212089244,59,4.916666666666667,3271,0.01803729746254968,118.67896999997993,effect_50-55
6528,429,Other,PoT,39,0.32861761439290044,146,3.7435897435897436,503,0.29025844930417494,118.67896999997993,effect_50-55
6529,430,Other,PoT,22,0.1853740388883028,85,3.8636363636363638,437,0.1945080091533181,118.67896999997993,effect_50-55
6530,433,Other,PoT,54,0.45500900454401594,235,4.351851851851852,380,0.618421052631579,118.67896999997993,effect_50-55
6531,434,Other,PoT,34,0.28648715100919525,136,4.0,288,0.4722222222222222,118.67896999997993,effect_50-55
6532,435,Other,PoT,65,0.5476960239881673,256,3.9384615384615387,310,0.8258064516129032,118.67896999997993,effect_50-55
6533,437,Other,PoT,24,0.20222622424178488,106,4.416666666666667,226,0.4690265486725664,118.67896999997993,effect_50-55
6534,438,Other,PoT,33,0.2780610583324542,133,4.03030303030303,206,0.6456310679611651,118.67896999997993,effect_50-55
6535,440,Other,SGN,74,0.6235308580788367,304,4.108108108108108,440,0.6909090909090909,118.67896999997993,effect_50-55
6536,443,Other,PoT,84,0.707791784846247,368,4.380952380952381,668,0.5508982035928144,118.67896999997993,effect_50-55
6537,445,Other,SGN,86,0.7246439701997291,305,3.546511627906977,851,0.3584018801410106,118.67896999997993,effect_50-55
6538,446,Other,SGN,56,0.47186118989749803,233,4.160714285714286,319,0.7304075235109718,118.67896999997993,effect_50-55
6539,447,Other,SGN,57,0.4802872825742391,234,4.105263157894737,362,0.6464088397790055,118.67896999997993,effect_50-55
6540,448,Other,SGN,53,0.44658291186727495,190,3.5849056603773586,489,0.3885480572597137,118.67896999997993,effect_50-55
6541,450,Other,SGN,76,0.6403830434323188,295,3.8815789473684212,402,0.7338308457711443,118.67896999997993,effect_50-55
6542,451,Other,SGN,67,0.5645482093416494,282,4.208955223880597,1483,0.1901550910316925,118.67896999997993,effect_50-55
6543,453,Other,SGN,27,0.22750450227200797,104,3.8518518518518516,783,0.13282247765006386,118.67896999997993,effect_50-55
6544,457,Other,SGN,64,0.5392699313114263,239,3.734375,816,0.2928921568627451,118.67896999997993,effect_50-55
6545,458,Other,SGN,4,0.033704370706964144,12,3.0,130,0.09230769230769231,118.67896999997993,effect_50-55
6546,463,Other,SGN,36,0.3033393363626773,140,3.888888888888889,309,0.45307443365695793,118.67896999997993,effect_50-55
6547,465,Other,SGN,106,0.8931658237345499,427,4.028301886792453,718,0.5947075208913649,118.67896999997993,effect_50-55
6548,471,Other,SGN,81,0.682513506816024,460,5.679012345679013,845,0.5443786982248521,118.67896999997993,effect_50-55
6549,492,Other,DG-sg,0,0.0,0,0.0,0,0.0,118.67896999997993,effect_50-55
6550,495,Other,DG-sg,0,0.0,0,0.0,0,0.0,118.67896999997993,effect_50-55
6551,496,Other,DG-sg,0,0.0,0,0.0,13,0.0,118.67896999997993,effect_50-55
6552,498,Other,DG-sg,0,0.0,0,0.0,0,0.0,118.67896999997993,effect_50-55
6553,500,Other,DG-sg,7,0.058982648737187254,22,3.142857142857143,169,0.1301775147928994,118.67896999997993,effect_50-55
6554,501,Other,DG-sg,6,0.05055655606044622,18,3.0,199,0.09045226130653267,118.67896999997993,effect_50-55
6555,504,Other,DG-po,0,0.0,0,0.0,0,0.0,118.67896999997993,effect_50-55
6556,505,Other,DG-po,1,0.008426092676741036,3,3.0,46,0.06521739130434782,118.67896999997993,effect_50-55
6557,506,Other,DG-po,0,0.0,0,0.0,0,0.0,118.67896999997993,effect_50-55
6558,507,Other,DG-po,6,0.05055655606044622,22,3.6666666666666665,109,0.2018348623853211,118.67896999997993,effect_50-55
6559,511,Other,DG-po,0,0.0,0,0.0,0,0.0,118.67896999997993,effect_50-55
6560,513,Other,DG-po,0,0.0,0,0.0,5,0.0,118.67896999997993,effect_50-55
6561,538,Other,ProS,0,0.0,0,0.0,0,0.0,118.67896999997993,effect_50-55
6562,543,Other,ProS,1,0.008426092676741036,4,4.0,147,0.027210884353741496,118.67896999997993,effect_50-55
6563,546,Other,ProS,0,0.0,0,0.0,279,0.0,118.67896999997993,effect_50-55
6564,547,Other,SUB,8,0.06740874141392829,26,3.25,255,0.10196078431372549,118.67896999997993,effect_50-55
6565,549,Other,ProS,1,0.008426092676741036,3,3.0,966,0.003105590062111801,118.67896999997993,effect_50-55
6566,550,Other,ProS,9,0.07583483409066932,32,3.5555555555555554,425,0.07529411764705882,118.67896999997993,effect_50-55
6567,551,Other,ProS,7,0.058982648737187254,21,3.0,844,0.024881516587677725,118.67896999997993,effect_50-55
6568,560,Other,ProS,0,0.0,0,0.0,6,0.0,118.67896999997993,effect_50-55
6569,561,Other,ProS,1,0.008426092676741036,3,3.0,285,0.010526315789473684,118.67896999997993,effect_50-55
6570,562,Other,ProS,5,0.04213046338370518,19,3.8,906,0.02097130242825607,118.67896999997993,effect_50-55
6571,564,Other,ProS,11,0.0926870194441514,50,4.545454545454546,1048,0.04770992366412214,118.67896999997993,effect_50-55
6572,566,Other,ProS,4,0.033704370706964144,14,3.5,26,0.5384615384615384,118.67896999997993,effect_50-55
6573,567,Other,SUB,0,0.0,0,0.0,354,0.0,118.67896999997993,effect_50-55
6574,568,Other,SUB,0,0.0,0,0.0,69,0.0,118.67896999997993,effect_50-55
6575,569,Other,SUB,19,0.1600957608580797,66,3.473684210526316,915,0.07213114754098361,118.67896999997993,effect_50-55
6576,570,Other,SUB,1,0.008426092676741036,3,3.0,100,0.03,118.67896999997993,effect_50-55
6577,571,Other,SUB,3,0.02527827803022311,11,3.6666666666666665,693,0.015873015873015872,118.67896999997993,effect_50-55
6578,573,Other,SUB,0,0.0,0,0.0,5,0.0,118.67896999997993,effect_50-55
6579,574,Other,SUB,11,0.0926870194441514,51,4.636363636363637,391,0.13043478260869565,118.67896999997993,effect_50-55
6580,576,Other,SUB,4,0.033704370706964144,16,4.0,397,0.04030226700251889,118.67896999997993,effect_50-55
6581,578,Other,SUB,5,0.04213046338370518,17,3.4,575,0.029565217391304348,118.67896999997993,effect_50-55
6582,579,Other,SUB,8,0.06740874141392829,27,3.375,1640,0.016463414634146342,118.67896999997993,effect_50-55
6583,580,Other,SUB,0,0.0,0,0.0,190,0.0,118.67896999997993,effect_50-55
6584,582,Other,SUB,1,0.008426092676741036,5,5.0,289,0.01730103806228374,118.67896999997993,effect_50-55
6585,583,Other,SUB,33,0.2780610583324542,110,3.3333333333333335,2789,0.03944065973467192,118.67896999997993,effect_50-55
6586,584,Other,SUB,0,0.0,0,0.0,709,0.0,118.67896999997993,effect_50-55
6587,587,Other,SUB,0,0.0,0,0.0,397,0.0,118.67896999997993,effect_50-55
6588,588,Other,SUB,2,0.016852185353482072,8,4.0,242,0.03305785123966942,118.67896999997993,effect_50-55
6589,592,Other,SUB,11,0.0926870194441514,35,3.1818181818181817,1270,0.027559055118110236,118.67896999997993,effect_50-55
6590,600,Other,SUB,4,0.033704370706964144,12,3.0,438,0.0273972602739726,118.67896999997993,effect_50-55
6591,601,Other,SUB,8,0.06740874141392829,43,5.375,1025,0.041951219512195125,118.67896999997993,effect_50-55
6592,602,Other,SUB,7,0.058982648737187254,24,3.4285714285714284,1083,0.0221606648199446,118.67896999997993,effect_50-55
6593,604,Other,SUB,0,0.0,0,0.0,367,0.0,118.67896999997993,effect_50-55
6594,605,Other,SUB,6,0.05055655606044622,21,3.5,790,0.026582278481012658,118.67896999997993,effect_50-55
6595,607,Other,SUB,2,0.016852185353482072,7,3.5,476,0.014705882352941176,118.67896999997993,effect_50-55
6596,611,Other,alv,2,0.016852185353482072,8,4.0,256,0.03125,118.67896999997993,effect_50-55
6597,621,Other,VISp6a,11,0.0926870194441514,38,3.4545454545454546,278,0.1366906474820144,118.67896999997993,effect_50-55
6598,627,Other,VISp5,0,0.0,0,0.0,198,0.0,118.67896999997993,effect_50-55
6599,629,Other,VISp5,0,0.0,0,0.0,646,0.0,118.67896999997993,effect_50-55
6600,631,Other,VISp5,1,0.008426092676741036,3,3.0,612,0.004901960784313725,118.67896999997993,effect_50-55
6601,632,Other,VISp5,0,0.0,0,0.0,555,0.0,118.67896999997993,effect_50-55
6602,635,Other,VISp5,9,0.07583483409066932,28,3.111111111111111,926,0.03023758099352052,118.67896999997993,effect_50-55
6603,636,Other,VISp5,0,0.0,0,0.0,543,0.0,118.67896999997993,effect_50-55
6604,637,Other,VISp5,0,0.0,0,0.0,267,0.0,118.67896999997993,effect_50-55
6605,639,Other,VISp5,0,0.0,0,0.0,907,0.0,118.67896999997993,effect_50-55
6606,642,Other,VISp5,0,0.0,0,0.0,597,0.0,118.67896999997993,effect_50-55
6607,645,Other,VISp5,0,0.0,0,0.0,421,0.0,118.67896999997993,effect_50-55
6608,646,Other,VISp5,0,0.0,0,0.0,508,0.0,118.67896999997993,effect_50-55
6609,647,Other,VISp5,0,0.0,0,0.0,484,0.0,118.67896999997993,effect_50-55
6610,651,Other,VISp5,0,0.0,0,0.0,417,0.0,118.67896999997993,effect_50-55
6611,653,Other,VISp5,0,0.0,0,0.0,536,0.0,118.67896999997993,effect_50-55
6612,655,Other,VISp5,0,0.0,0,0.0,687,0.0,118.67896999997993,effect_50-55
6613,656,Other,VISp5,0,0.0,0,0.0,296,0.0,118.67896999997993,effect_50-55
6614,663,Other,VISp5,0,0.0,0,0.0,294,0.0,118.67896999997993,effect_50-55
6615,668,Other,VISp4,1,0.008426092676741036,3,3.0,211,0.014218009478672985,118.67896999997993,effect_50-55
6616,669,Other,VISp4,0,0.0,0,0.0,114,0.0,118.67896999997993,effect_50-55
6617,679,Other,VISp4,0,0.0,0,0.0,113,0.0,118.67896999997993,effect_50-55
6618,681,Other,VISp4,0,0.0,0,0.0,8,0.0,118.67896999997993,effect_50-55
6619,684,Other,VISp2/3,0,0.0,0,0.0,5,0.0,118.67896999997993,effect_50-55
6620,687,Other,VISp2/3,0,0.0,0,0.0,134,0.0,118.67896999997993,effect_50-55
6621,688,Other,VISp2/3,0,0.0,0,0.0,34,0.0,118.67896999997993,effect_50-55
6622,689,Other,VISp2/3,0,0.0,0,0.0,2,0.0,118.67896999997993,effect_50-55
6623,690,Other,VISp2/3,0,0.0,0,0.0,110,0.0,118.67896999997993,effect_50-55
6624,695,Other,VISp2/3,0,0.0,0,0.0,2,0.0,118.67896999997993,effect_50-55
6625,696,Other,VISp2/3,0,0.0,0,0.0,36,0.0,118.67896999997993,effect_50-55
6626,697,Other,VISp2/3,0,0.0,0,0.0,38,0.0,118.67896999997993,effect_50-55
6627,700,Other,VISp2/3,0,0.0,0,0.0,78,0.0,118.67896999997993,effect_50-55
6628,708,Other,PoT,50,0.4213046338370518,226,4.52,289,0.7820069204152249,118.67896999997993,effect_50-55
6629,711,Other,PoT,46,0.38760026313008766,181,3.9347826086956523,315,0.5746031746031746,118.67896999997993,effect_50-55
6630,718,Other,PoT,20,0.16852185353482071,67,3.35,119,0.5630252100840336,118.67896999997993,effect_50-55
6631,719,Other,PoT,11,0.0926870194441514,53,4.818181818181818,457,0.11597374179431072,118.67896999997993,effect_50-55
6632,720,Other,PoT,14,0.11796529747437451,63,4.5,352,0.17897727272727273,118.67896999997993,effect_50-55
6633,722,Other,PoT,25,0.2106523169185259,92,3.68,323,0.2848297213622291,118.67896999997993,effect_50-55
6634,724,Other,SGN,43,0.3623219850998646,173,4.023255813953488,211,0.8199052132701422,118.67896999997993,effect_50-55
6635,725,Other,SGN,26,0.21907840959526695,94,3.6153846153846154,432,0.2175925925925926,118.67896999997993,effect_50-55
6636,726,Other,SGN,53,0.44658291186727495,258,4.867924528301887,333,0.7747747747747747,118.67896999997993,effect_50-55
6637,727,Other,SGN,43,0.3623219850998646,180,4.186046511627907,307,0.5863192182410424,118.67896999997993,effect_50-55
6638,728,Other,SGN,19,0.1600957608580797,70,3.6842105263157894,250,0.28,118.67896999997993,effect_50-55
6639,730,Thalamus,LP,20,0.16852185353482071,58,2.9,228,0.2543859649122807,118.67896999997993,effect_50-55
6640,731,Thalamus,LP,14,0.11796529747437451,39,2.7857142857142856,227,0.17180616740088106,118.67896999997993,effect_50-55
6641,734,Other,DG-sg,0,0.0,0,0.0,0,0.0,118.67896999997993,effect_50-55
6642,735,Other,DG-sg,0,0.0,0,0.0,0,0.0,118.67896999997993,effect_50-55
6643,755,Other,SUB,0,0.0,0,0.0,152,0.0,118.67896999997993,effect_50-55
6644,756,Other,ProS,0,0.0,0,0.0,1,0.0,118.67896999997993,effect_50-55
6645,758,Other,ProS,0,0.0,0,0.0,0,0.0,118.67896999997993,effect_50-55
6646,761,Other,SUB,9,0.07583483409066932,31,3.4444444444444446,1023,0.030303030303030304,118.67896999997993,effect_50-55
6647,762,Other,SUB,0,0.0,0,0.0,207,0.0,118.67896999997993,effect_50-55
6648,763,Other,SUB,0,0.0,0,0.0,130,0.0,118.67896999997993,effect_50-55
6649,764,Other,SUB,6,0.05055655606044622,18,3.0,1161,0.015503875968992248,118.67896999997993,effect_50-55
6650,769,Other,VISp5,0,0.0,0,0.0,2,0.0,118.67896999997993,effect_50-55
6651,780,Other,VISp2/3,0,0.0,0,0.0,11,0.0,118.67896999997993,effect_50-55
6652,782,Other,VISp2/3,0,0.0,0,0.0,13,0.0,118.67896999997993,effect_50-55
6653,783,Other,VISp2/3,0,0.0,0,0.0,12,0.0,118.67896999997993,effect_50-55
6654,784,Other,VISp2/3,0,0.0,0,0.0,2,0.0,118.67896999997993,effect_50-55
6655,786,Other,VISp2/3,0,0.0,0,0.0,32,0.0,118.67896999997993,effect_50-55
6656,793,Other,DG-sg,0,0.0,0,0.0,0,0.0,118.67896999997993,effect_50-55
6657,795,Other,DG-sg,0,0.0,0,0.0,0,0.0,118.67896999997993,effect_50-55
6658,796,Other,DG-sg,0,0.0,0,0.0,0,0.0,118.67896999997993,effect_50-55
6659,798,Other,ProS,0,0.0,0,0.0,0,0.0,118.67896999997993,effect_50-55
6660,799,Other,VISp2/3,0,0.0,0,0.0,7,0.0,118.67896999997993,effect_50-55
6661,806,Other,SPFp,0,0.0,0,0.0,15,0.0,118.67896999997993,effect_50-55
6662,809,Other,PoT,6,0.05055655606044622,20,3.3333333333333335,230,0.08695652173913043,118.67896999997993,effect_50-55
6663,811,Other,DG-mo,0,0.0,0,0.0,0,0.0,118.67896999997993,effect_50-55
6664,812,Other,DG-po,0,0.0,0,0.0,0,0.0,118.67896999997993,effect_50-55
6665,815,Other,ProS,0,0.0,0,0.0,1,0.0,118.67896999997993,effect_50-55
6666,816,Other,ProS,13,0.10953920479763347,44,3.3846153846153846,2275,0.01934065934065934,118.67896999997993,effect_50-55
6667,818,Other,VISp5,0,0.0,0,0.0,355,0.0,118.67896999997993,effect_50-55
6668,820,Other,VISp2/3,0,0.0,0,0.0,27,0.0,118.67896999997993,effect_50-55
6669,822,Other,VISp6a,0,0.0,0,0.0,0,0.0,118.67896999997993,effect_50-55
6670,823,Other,VISp2/3,0,0.0,0,0.0,4,0.0,118.67896999997993,effect_50-55
6671,824,Other,VISp2/3,0,0.0,0,0.0,5,0.0,118.67896999997993,effect_50-55
6672,825,Other,VISp2/3,0,0.0,0,0.0,13,0.0,118.67896999997993,effect_50-55
6673,826,Other,VISp2/3,0,0.0,0,0.0,17,0.0,118.67896999997993,effect_50-55
6674,827,Other,VISp2/3,0,0.0,0,0.0,1,0.0,118.67896999997993,effect_50-55
6675,831,Other,VISp2/3,0,0.0,0,0.0,5,0.0,118.67896999997993,effect_50-55
6676,843,Other,int,1,0.008426092676741036,4,4.0,2211,0.0018091361374943465,118.67896999997993,effect_50-55
6677,845,Other,int,0,0.0,0,0.0,1354,0.0,118.67896999997993,effect_50-55
6678,851,Other,int,0,0.0,0,0.0,23,0.0,118.67896999997993,effect_50-55
6679,859,Other,int,0,0.0,0,0.0,12,0.0,118.67896999997993,effect_50-55
6680,865,Other,int,0,0.0,0,0.0,238,0.0,118.67896999997993,effect_50-55
6681,868,Other,int,1,0.008426092676741036,3,3.0,825,0.0036363636363636364,118.67896999997993,effect_50-55
6682,873,Other,int,4,0.033704370706964144,12,3.0,1118,0.01073345259391771,118.67896999997993,effect_50-55
6683,892,Other,int,0,0.0,0,0.0,29,0.0,118.67896999997993,effect_50-55
6684,900,Other,int,0,0.0,0,0.0,0,0.0,118.67896999997993,effect_50-55
6685,904,Other,int,0,0.0,0,0.0,1080,0.0,118.67896999997993,effect_50-55
6686,913,Other,int,35,0.29491324368593624,124,3.5428571428571427,283,0.4381625441696113,118.67896999997993,effect_50-55
6687,914,Other,int,0,0.0,0,0.0,402,0.0,118.67896999997993,effect_50-55
6688,932,Other,int,11,0.0926870194441514,33,3.0,254,0.12992125984251968,118.67896999997993,effect_50-55
6689,938,Other,int,14,0.11796529747437451,45,3.2142857142857144,477,0.09433962264150944,118.67896999997993,effect_50-55
6690,950,Other,int,0,0.0,0,0.0,513,0.0,118.67896999997993,effect_50-55
6691,962,STR,STR,0,0.0,0,0.0,2040,0.0,118.67896999997993,effect_50-55
6692,964,STR,STR,71,0.5982525800486136,343,4.830985915492958,1182,0.29018612521150594,118.67896999997993,effect_50-55
6693,965,STR,STR,0,0.0,0,0.0,340,0.0,118.67896999997993,effect_50-55
6694,967,Other,int,0,0.0,0,0.0,648,0.0,118.67896999997993,effect_50-55
6695,969,STR,STR,2,0.016852185353482072,6,3.0,304,0.019736842105263157,118.67896999997993,effect_50-55
6696,970,Other,int,0,0.0,0,0.0,170,0.0,118.67896999997993,effect_50-55
6697,972,STR,STR,0,0.0,0,0.0,5,0.0,118.67896999997993,effect_50-55
6698,976,STR,STR,96,0.8089048969671395,453,4.71875,514,0.8813229571984436,118.67896999997993,effect_50-55
6699,980,STR,CP,0,0.0,0,0.0,4,0.0,118.67896999997993,effect_50-55
6700,982,STR,CP,0,0.0,0,0.0,1146,0.0,118.67896999997993,effect_50-55
6701,984,STR,CP,0,0.0,0,0.0,322,0.0,118.67896999997993,effect_50-55
6702,986,STR,CP,14,0.11796529747437451,66,4.714285714285714,2827,0.023346303501945526,118.67896999997993,effect_50-55
6703,988,STR,CP,147,1.2386356234809324,550,3.741496598639456,1329,0.41384499623777277,118.67896999997993,effect_50-55
6704,989,STR,CP,0,0.0,0,0.0,69,0.0,118.67896999997993,effect_50-55
6705,990,STR,CP,1,0.008426092676741036,4,4.0,502,0.00796812749003984,118.67896999997993,effect_50-55
6706,993,STR,CP,8,0.06740874141392829,46,5.75,1854,0.02481121898597627,118.67896999997993,effect_50-55
6707,997,STR,CP,3,0.02527827803022311,9,3.0,1057,0.008514664143803218,118.67896999997993,effect_50-55
6708,1001,STR,CP,0,0.0,0,0.0,2,0.0,118.67896999997993,effect_50-55
6709,1008,STR,CP,6,0.05055655606044622,20,3.3333333333333335,786,0.02544529262086514,118.67896999997993,effect_50-55
6710,1009,STR,CP,40,0.33704370706964143,141,3.525,773,0.18240620957309184,118.67896999997993,effect_50-55
6711,1013,STR,CP,47,0.3960263558068287,180,3.8297872340425534,218,0.8256880733944955,118.67896999997993,effect_50-55
6712,1014,STR,CP,0,0.0,0,0.0,58,0.0,118.67896999997993,effect_50-55
6713,1021,STR,CP,0,0.0,0,0.0,516,0.0,118.67896999997993,effect_50-55
6714,1027,STR,CP,2,0.016852185353482072,8,4.0,1497,0.005344021376085505,118.67896999997993,effect_50-55
6715,1028,STR,CP,7,0.058982648737187254,21,3.0,1602,0.013108614232209739,118.67896999997993,effect_50-55
6716,1033,STR,CP,119,1.0027050285321832,451,3.7899159663865545,1474,0.30597014925373134,118.67896999997993,effect_50-55
6717,1038,STR,CP,22,0.1853740388883028,74,3.3636363636363638,510,0.1450980392156863,118.67896999997993,effect_50-55
6718,1040,STR,CP,6,0.05055655606044622,22,3.6666666666666665,554,0.039711191335740074,118.67896999997993,effect_50-55
6719,1045,STR,CP,0,0.0,0,0.0,727,0.0,118.67896999997993,effect_50-55
6720,1048,STR,CP,0,0.0,0,0.0,752,0.0,118.67896999997993,effect_50-55
6721,1065,STR,CP,0,0.0,0,0.0,404,0.0,118.67896999997993,effect_50-55
6722,1066,STR,CP,0,0.0,0,0.0,1302,0.0,118.67896999997993,effect_50-55
6723,1068,STR,CP,0,0.0,0,0.0,324,0.0,118.67896999997993,effect_50-55
6724,1069,STR,CP,6,0.05055655606044622,22,3.6666666666666665,847,0.025974025974025976,118.67896999997993,effect_50-55
6725,1073,STR,CP,46,0.38760026313008766,148,3.217391304347826,3446,0.042948345908299476,118.67896999997993,effect_50-55
6726,1096,Somatosensory,SSp-bfd6a,0,0.0,0,0.0,151,0.0,118.67896999997993,effect_50-55
6727,1106,Somatosensory,SSp-bfd6a,16,0.13481748282785658,65,4.0625,1259,0.051628276409849086,118.67896999997993,effect_50-55
6728,1108,Somatosensory,SSp-bfd6a,1,0.008426092676741036,5,5.0,186,0.026881720430107527,118.67896999997993,effect_50-55
6729,1110,Somatosensory,SSp-bfd6a,5,0.04213046338370518,17,3.4,388,0.04381443298969072,118.67896999997993,effect_50-55
6730,1111,Somatosensory,SSp-bfd6a,2,0.016852185353482072,8,4.0,352,0.022727272727272728,118.67896999997993,effect_50-55
6731,1113,Somatosensory,SSp-bfd6a,1,0.008426092676741036,3,3.0,1243,0.002413515687851971,118.67896999997993,effect_50-55
6732,1114,Somatosensory,SSp-bfd6a,5,0.04213046338370518,16,3.2,268,0.05970149253731343,118.67896999997993,effect_50-55
6733,1115,Somatosensory,SSp-bfd6a,0,0.0,0,0.0,71,0.0,118.67896999997993,effect_50-55
6734,1117,Somatosensory,SSp-bfd6a,0,0.0,0,0.0,21,0.0,118.67896999997993,effect_50-55
6735,1118,Somatosensory,SSp-bfd6a,0,0.0,0,0.0,822,0.0,118.67896999997993,effect_50-55
6736,1119,Somatosensory,SSp-bfd6a,0,0.0,0,0.0,287,0.0,118.67896999997993,effect_50-55
6737,1126,Somatosensory,SSp-bfd6a,36,0.3033393363626773,171,4.75,1556,0.10989717223650386,118.67896999997993,effect_50-55
6738,1128,Somatosensory,SSp-bfd6a,0,0.0,0,0.0,295,0.0,118.67896999997993,effect_50-55
6739,1130,Somatosensory,SSp-bfd6a,0,0.0,0,0.0,398,0.0,118.67896999997993,effect_50-55
6740,1133,Somatosensory,SSp-bfd6a,3,0.02527827803022311,11,3.6666666666666665,674,0.016320474777448073,118.67896999997993,effect_50-55
6741,1138,Somatosensory,SSp-bfd5,1,0.008426092676741036,3,3.0,177,0.01694915254237288,118.67896999997993,effect_50-55
6742,1142,Somatosensory,SSp-bfd5,0,0.0,0,0.0,879,0.0,118.67896999997993,effect_50-55
6743,1151,Somatosensory,SSp-bfd5,0,0.0,0,0.0,47,0.0,118.67896999997993,effect_50-55
6744,1154,Somatosensory,SSp-bfd5,0,0.0,0,0.0,1218,0.0,118.67896999997993,effect_50-55
6745,1160,Somatosensory,SSp-bfd5,0,0.0,0,0.0,25,0.0,118.67896999997993,effect_50-55
6746,1180,Somatosensory,SSp-bfd5,0,0.0,0,0.0,560,0.0,118.67896999997993,effect_50-55
6747,1191,Somatosensory,SSp-bfd4,0,0.0,0,0.0,131,0.0,118.67896999997993,effect_50-55
6748,1192,Somatosensory,SSp-bfd4,0,0.0,0,0.0,0,0.0,118.67896999997993,effect_50-55
6749,1194,Somatosensory,SSp-bfd5,0,0.0,0,0.0,117,0.0,118.67896999997993,effect_50-55
6750,1198,Somatosensory,SSp-bfd4,1,0.008426092676741036,3,3.0,116,0.02586206896551724,118.67896999997993,effect_50-55
6751,1201,Somatosensory,SSp-bfd4,1,0.008426092676741036,6,6.0,332,0.018072289156626505,118.67896999997993,effect_50-55
6752,1209,Somatosensory,SSp-bfd4,0,0.0,0,0.0,0,0.0,118.67896999997993,effect_50-55
6753,1210,Somatosensory,SSp-bfd4,1,0.008426092676741036,3,3.0,528,0.005681818181818182,118.67896999997993,effect_50-55
6754,1212,Somatosensory,SSp-bfd4,0,0.0,0,0.0,412,0.0,118.67896999997993,effect_50-55
6755,1215,Somatosensory,SSp-bfd4,0,0.0,0,0.0,32,0.0,118.67896999997993,effect_50-55
6756,1219,Somatosensory,SSp-bfd4,0,0.0,0,0.0,0,0.0,118.67896999997993,effect_50-55
6757,1220,Somatosensory,SSp-bfd4,0,0.0,0,0.0,9,0.0,118.67896999997993,effect_50-55
6758,1222,Somatosensory,SSp-bfd4,0,0.0,0,0.0,370,0.0,118.67896999997993,effect_50-55
6759,1223,Somatosensory,SSp-bfd4,1,0.008426092676741036,3,3.0,47,0.06382978723404255,118.67896999997993,effect_50-55
6760,1227,Somatosensory,SSp-bfd4,0,0.0,0,0.0,39,0.0,118.67896999997993,effect_50-55
6761,1230,Somatosensory,SSp-bfd4,0,0.0,0,0.0,608,0.0,118.67896999997993,effect_50-55
6762,1234,Somatosensory,SSp-bfd4,0,0.0,0,0.0,0,0.0,118.67896999997993,effect_50-55
6763,1235,Somatosensory,SSp-bfd4,1,0.008426092676741036,3,3.0,182,0.016483516483516484,118.67896999997993,effect_50-55
6764,1236,Somatosensory,SSp-bfd4,0,0.0,0,0.0,0,0.0,118.67896999997993,effect_50-55
6765,1239,Somatosensory,SSp-bfd4,0,0.0,0,0.0,66,0.0,118.67896999997993,effect_50-55
6766,1244,Somatosensory,SSp-bfd4,0,0.0,0,0.0,66,0.0,118.67896999997993,effect_50-55
6767,1245,Somatosensory,SSp-bfd4,0,0.0,0,0.0,130,0.0,118.67896999997993,effect_50-55
6768,1247,Somatosensory,SSp-bfd4,0,0.0,0,0.0,138,0.0,118.67896999997993,effect_50-55
6769,1248,Somatosensory,SSp-bfd4,0,0.0,0,0.0,188,0.0,118.67896999997993,effect_50-55
6770,1254,Somatosensory,SSp-bfd2/3,0,0.0,0,0.0,20,0.0,118.67896999997993,effect_50-55
6771,1257,Somatosensory,SSp-bfd2/3,401,3.3788631633731554,1549,3.86284289276808,2180,0.7105504587155963,118.67896999997993,effect_50-55
6772,1258,Somatosensory,SSp-bfd4,0,0.0,0,0.0,0,0.0,118.67896999997993,effect_50-55
6773,1265,Somatosensory,SSp-bfd2/3,0,0.0,0,0.0,9,0.0,118.67896999997993,effect_50-55
6774,1267,Somatosensory,SSp-bfd2/3,2,0.016852185353482072,7,3.5,125,0.056,118.67896999997993,effect_50-55
6775,1286,Somatosensory,SSp-bfd2/3,0,0.0,0,0.0,15,0.0,118.67896999997993,effect_50-55
6776,1318,STR,CP,0,0.0,0,0.0,8,0.0,118.67896999997993,effect_50-55
6777,1319,STR,CP,0,0.0,0,0.0,1,0.0,118.67896999997993,effect_50-55
6778,1321,STR,CP,0,0.0,0,0.0,0,0.0,118.67896999997993,effect_50-55
6779,1331,STR,CP,0,0.0,0,0.0,0,0.0,118.67896999997993,effect_50-55
6780,1337,Somatosensory,SSp-bfd6a,0,0.0,0,0.0,14,0.0,118.67896999997993,effect_50-55
6781,1350,Somatosensory,SSp-bfd5,0,0.0,0,0.0,0,0.0,118.67896999997993,effect_50-55
6782,1354,Somatosensory,SSp-bfd5,0,0.0,0,0.0,32,0.0,118.67896999997993,effect_50-55
6783,1357,Somatosensory,SSp-bfd5,0,0.0,0,0.0,3,0.0,118.67896999997993,effect_50-55
6784,1369,Somatosensory,SSp-bfd2/3,0,0.0,0,0.0,0,0.0,118.67896999997993,effect_50-55
6785,1370,Somatosensory,SSp-bfd4,0,0.0,0,0.0,0,0.0,118.67896999997993,effect_50-55
6786,1372,Somatosensory,SSp-bfd2/3,0,0.0,0,0.0,0,0.0,118.67896999997993,effect_50-55
6787,1373,Somatosensory,SSp-bfd2/3,1,0.008426092676741036,3,3.0,10,0.3,118.67896999997993,effect_50-55
6788,1374,Somatosensory,SSp-bfd4,0,0.0,0,0.0,38,0.0,118.67896999997993,effect_50-55
6789,1386,Somatosensory,SSp-bfd2/3,0,0.0,0,0.0,0,0.0,118.67896999997993,effect_50-55
6790,1405,Somatosensory,SSp-bfd5,0,0.0,0,0.0,0,0.0,118.67896999997993,effect_50-55
6791,1407,Somatosensory,SSp-bfd4,0,0.0,0,0.0,0,0.0,118.67896999997993,effect_50-55
6792,1414,Other,int,6,0.05055655606044622,18,3.0,123,0.14634146341463414,118.67896999997993,effect_50-55
6793,1418,Somatosensory,SSp-bfd6a,0,0.0,0,0.0,2,0.0,118.67896999997993,effect_50-55
6794,1420,Somatosensory,SSp-bfd5,0,0.0,0,0.0,0,0.0,118.67896999997993,effect_50-55
6795,1426,STR,STR,0,0.0,0,0.0,133,0.0,118.67896999997993,effect_50-55
6796,1428,Somatosensory,SSp-bfd2/3,0,0.0,0,0.0,0,0.0,118.67896999997993,effect_50-55
6797,1430,STR,STR,0,0.0,0,0.0,9,0.0,118.67896999997993,effect_50-55
6798,1432,STR,STR,0,0.0,0,0.0,2,0.0,118.67896999997993,effect_50-55
6799,1435,Other,DP,1,0.008426092676741036,3,3.0,514,0.005836575875486381,118.67896999997993,effect_50-55
6800,1443,Other,ILA2/3,0,0.0,0,0.0,13,0.0,118.67896999997993,effect_50-55
6801,1445,Other,ILA2/3,0,0.0,0,0.0,4,0.0,118.67896999997993,effect_50-55
6802,1446,Other,ILA2/3,0,0.0,0,0.0,15,0.0,118.67896999997993,effect_50-55
6803,1461,Other,ILA5,0,0.0,0,0.0,31,0.0,118.67896999997993,effect_50-55
6804,1464,Other,ILA5,0,0.0,0,0.0,32,0.0,118.67896999997993,effect_50-55
6805,1468,Other,ILA5,0,0.0,0,0.0,1063,0.0,118.67896999997993,effect_50-55
6806,1506,Other,ILA5,0,0.0,0,0.0,75,0.0,118.67896999997993,effect_50-55
6807,1507,Other,ILA5,0,0.0,0,0.0,0,0.0,118.67896999997993,effect_50-55
6808,1509,Other,ILA5,0,0.0,0,0.0,366,0.0,118.67896999997993,effect_50-55
6809,1516,Other,ILA5,0,0.0,0,0.0,3,0.0,118.67896999997993,effect_50-55
6810,1529,Other,ILA5,0,0.0,0,0.0,248,0.0,118.67896999997993,effect_50-55
6811,1531,Other,ILA5,0,0.0,0,0.0,0,0.0,118.67896999997993,effect_50-55
6812,1534,Other,ILA5,0,0.0,0,0.0,1,0.0,118.67896999997993,effect_50-55
6813,1535,Other,ILA5,0,0.0,0,0.0,92,0.0,118.67896999997993,effect_50-55
6814,1537,Other,ILA5,0,0.0,0,0.0,0,0.0,118.67896999997993,effect_50-55
6815,1538,Other,ILA5,0,0.0,0,0.0,7,0.0,118.67896999997993,effect_50-55
6816,1539,Other,ILA5,0,0.0,0,0.0,143,0.0,118.67896999997993,effect_50-55
6817,1541,Other,ILA5,0,0.0,0,0.0,17,0.0,118.67896999997993,effect_50-55
6818,1545,Other,ILA5,0,0.0,0,0.0,1,0.0,118.67896999997993,effect_50-55
6819,1550,Other,ILA5,0,0.0,0,0.0,9,0.0,118.67896999997993,effect_50-55
6820,1553,Other,PL5,42,0.3538958924231235,140,3.3333333333333335,378,0.37037037037037035,118.67896999997993,effect_50-55
6821,1556,Other,PL5,0,0.0,0,0.0,1008,0.0,118.67896999997993,effect_50-55
6822,1563,Other,PL5,2,0.016852185353482072,7,3.5,336,0.020833333333333332,118.67896999997993,effect_50-55
6823,1566,Other,PL6a,0,0.0,0,0.0,23,0.0,118.67896999997993,effect_50-55
6824,1570,Other,PL6a,0,0.0,0,0.0,22,0.0,118.67896999997993,effect_50-55
6825,1573,Other,PL6a,3,0.02527827803022311,12,4.0,393,0.030534351145038167,118.67896999997993,effect_50-55
6826,1582,Other,PL6a,0,0.0,0,0.0,0,0.0,118.67896999997993,effect_50-55
6827,1589,Other,PL6a,0,0.0,0,0.0,31,0.0,118.67896999997993,effect_50-55
6828,1591,Other,PL6a,0,0.0,0,0.0,10,0.0,118.67896999997993,effect_50-55
6829,1593,Other,PL6a,2,0.016852185353482072,7,3.5,1516,0.004617414248021108,118.67896999997993,effect_50-55
6830,1594,Other,PL6a,7,0.058982648737187254,22,3.142857142857143,2636,0.00834597875569044,118.67896999997993,effect_50-55
6831,1606,Other,PL6a,0,0.0,0,0.0,34,0.0,118.67896999997993,effect_50-55
6832,1611,Other,PL6a,0,0.0,0,0.0,13,0.0,118.67896999997993,effect_50-55
6833,1615,Other,PL6a,3,0.02527827803022311,11,3.6666666666666665,577,0.019064124783362217,118.67896999997993,effect_50-55
6834,1624,Other,PL6a,0,0.0,0,0.0,2,0.0,118.67896999997993,effect_50-55
6835,1627,Other,PL6a,0,0.0,0,0.0,17,0.0,118.67896999997993,effect_50-55
6836,1641,Other,PL6a,0,0.0,0,0.0,0,0.0,118.67896999997993,effect_50-55
6837,1643,Other,PL6a,0,0.0,0,0.0,15,0.0,118.67896999997993,effect_50-55
6838,1651,Other,PL5,0,0.0,0,0.0,1,0.0,118.67896999997993,effect_50-55
6839,1655,Other,PL5,0,0.0,0,0.0,446,0.0,118.67896999997993,effect_50-55
6840,1658,Other,PL5,0,0.0,0,0.0,13,0.0,118.67896999997993,effect_50-55
6841,1676,Motor,MOs5,0,0.0,0,0.0,5,0.0,118.67896999997993,effect_50-55
6842,1681,Motor,MOs5,0,0.0,0,0.0,2,0.0,118.67896999997993,effect_50-55
6843,1684,Motor,MOs5,0,0.0,0,0.0,0,0.0,118.67896999997993,effect_50-55
6844,1685,Motor,MOs5,7,0.058982648737187254,23,3.2857142857142856,593,0.0387858347386172,118.67896999997993,effect_50-55
6845,1686,Motor,MOs5,0,0.0,0,0.0,0,0.0,118.67896999997993,effect_50-55
6846,1687,Motor,MOs5,0,0.0,0,0.0,2,0.0,118.67896999997993,effect_50-55
6847,1690,Motor,MOs5,0,0.0,0,0.0,3,0.0,118.67896999997993,effect_50-55
6848,1697,Motor,MOs5,0,0.0,0,0.0,64,0.0,118.67896999997993,effect_50-55
6849,1699,Motor,MOs5,0,0.0,0,0.0,14,0.0,118.67896999997993,effect_50-55
6850,1713,Motor,MOs5,0,0.0,0,0.0,301,0.0,118.67896999997993,effect_50-55
6851,1738,Motor,MOs5,1,0.008426092676741036,3,3.0,325,0.009230769230769232,118.67896999997993,effect_50-55
6852,1747,STR,LSr,0,0.0,0,0.0,7,0.0,118.67896999997993,effect_50-55
6853,1749,STR,STR,0,0.0,0,0.0,7,0.0,118.67896999997993,effect_50-55
6854,1762,Other,ILA5,0,0.0,0,0.0,36,0.0,118.67896999997993,effect_50-55
6855,1763,Other,ILA5,0,0.0,0,0.0,59,0.0,118.67896999997993,effect_50-55
6856,1764,Other,ILA5,0,0.0,0,0.0,0,0.0,118.67896999997993,effect_50-55
6857,1768,Other,ILA5,0,0.0,0,0.0,24,0.0,118.67896999997993,effect_50-55
6858,1769,Other,ILA5,0,0.0,0,0.0,7,0.0,118.67896999997993,effect_50-55
6859,1782,Other,ILA5,0,0.0,0,0.0,0,0.0,118.67896999997993,effect_50-55
6860,1783,Other,ILA5,0,0.0,0,0.0,6,0.0,118.67896999997993,effect_50-55
6861,1785,Other,ILA5,0,0.0,0,0.0,60,0.0,118.67896999997993,effect_50-55
6862,1786,Other,ILA5,0,0.0,0,0.0,1,0.0,118.67896999997993,effect_50-55
6863,1789,Other,PL5,0,0.0,0,0.0,131,0.0,118.67896999997993,effect_50-55
6864,1796,Other,PL6a,0,0.0,0,0.0,35,0.0,118.67896999997993,effect_50-55
6865,1799,Other,PL6a,0,0.0,0,0.0,25,0.0,118.67896999997993,effect_50-55
6866,1801,Other,PL6a,0,0.0,0,0.0,6,0.0,118.67896999997993,effect_50-55
6867,1804,Other,PL6a,0,0.0,0,0.0,11,0.0,118.67896999997993,effect_50-55
6868,1806,Other,PL6a,0,0.0,0,0.0,6,0.0,118.67896999997993,effect_50-55
6869,1809,Other,PL6a,0,0.0,0,0.0,0,0.0,118.67896999997993,effect_50-55
6870,1811,Other,PL6a,0,0.0,0,0.0,17,0.0,118.67896999997993,effect_50-55
6871,1813,Other,PL6a,0,0.0,0,0.0,0,0.0,118.67896999997993,effect_50-55
6872,1815,Other,PL6a,0,0.0,0,0.0,1,0.0,118.67896999997993,effect_50-55
6873,1816,Other,PL6a,0,0.0,0,0.0,0,0.0,118.67896999997993,effect_50-55
6874,1818,Other,PL6a,0,0.0,0,0.0,51,0.0,118.67896999997993,effect_50-55
6875,1819,Other,PL6a,0,0.0,0,0.0,1,0.0,118.67896999997993,effect_50-55
6876,1822,Motor,MOs5,0,0.0,0,0.0,3,0.0,118.67896999997993,effect_50-55
6877,1826,Motor,MOs5,0,0.0,0,0.0,2,0.0,118.67896999997993,effect_50-55
6878,1827,Motor,MOs5,0,0.0,0,0.0,1,0.0,118.67896999997993,effect_50-55
6879,1828,Motor,MOs5,1,0.008426092676741036,3,3.0,7,0.42857142857142855,118.67896999997993,effect_50-55
6880,1829,Motor,MOs5,0,0.0,0,0.0,11,0.0,118.67896999997993,effect_50-55
6881,1830,Motor,MOs5,0,0.0,0,0.0,51,0.0,118.67896999997993,effect_50-55
6882,1832,Motor,MOs5,0,0.0,0,0.0,10,0.0,118.67896999997993,effect_50-55
6883,1833,Motor,MOs5,0,0.0,0,0.0,16,0.0,118.67896999997993,effect_50-55
6884,1840,STR,STR,0,0.0,0,0.0,7,0.0,118.67896999997993,effect_50-55
6885,1844,Other,ILA2/3,0,0.0,0,0.0,67,0.0,118.67896999997993,effect_50-55
6886,1848,Other,ILA5,0,0.0,0,0.0,3,0.0,118.67896999997993,effect_50-55
6887,1849,Other,ILA5,0,0.0,0,0.0,5,0.0,118.67896999997993,effect_50-55
6888,1850,Other,PL6a,0,0.0,0,0.0,0,0.0,118.67896999997993,effect_50-55
6889,1851,Other,PL6a,0,0.0,0,0.0,0,0.0,118.67896999997993,effect_50-55
6890,1852,Other,PL6a,0,0.0,0,0.0,0,0.0,118.67896999997993,effect_50-55
6891,1854,Motor,MOs5,0,0.0,0,0.0,49,0.0,118.67896999997993,effect_50-55
6892,1855,Other,ILA2/3,0,0.0,0,0.0,4,0.0,118.67896999997993,effect_50-55
6893,1856,Other,ILA5,1,0.008426092676741036,4,4.0,81,0.04938271604938271,118.67896999997993,effect_50-55
6894,1857,Other,ILA5,0,0.0,0,0.0,6,0.0,118.67896999997993,effect_50-55
6895,1860,Other,PL6a,0,0.0,0,0.0,0,0.0,118.67896999997993,effect_50-55
6896,1862,Motor,MOs5,0,0.0,0,0.0,8,0.0,118.67896999997993,effect_50-55
6897,1863,Motor,MOs5,0,0.0,0,0.0,26,0.0,118.67896999997993,effect_50-55
6898,1864,Motor,MOs5,0,0.0,0,0.0,0,0.0,118.67896999997993,effect_50-55
6899,1865,Motor,MOs5,0,0.0,0,0.0,54,0.0,118.67896999997993,effect_50-55
6900,1866,Motor,MOs5,0,0.0,0,0.0,208,0.0,118.67896999997993,effect_50-55
6901,1868,Motor,MOs5,0,0.0,0,0.0,101,0.0,118.67896999997993,effect_50-55
6902,1872,Motor,MOs5,0,0.0,0,0.0,0,0.0,118.67896999997993,effect_50-55
6903,3,Other,AMd,4,0.08507309586740072,12,3.0,304,0.039473684210526314,47.01838999999018,effect_55-57
6904,4,Other,AMd,1,0.02126827396685018,3,3.0,299,0.010033444816053512,47.01838999999018,effect_55-57
6905,9,Other,AMd,1,0.02126827396685018,3,3.0,274,0.010948905109489052,47.01838999999018,effect_55-57
6906,10,Other,AMd,5,0.10634136983425091,16,3.2,203,0.07881773399014778,47.01838999999018,effect_55-57
6907,12,Other,AMd,13,0.27648756156905235,55,4.230769230769231,464,0.11853448275862069,47.01838999999018,effect_55-57
6908,13,Other,AMd,1,0.02126827396685018,4,4.0,564,0.0070921985815602835,47.01838999999018,effect_55-57
6909,14,Other,AMd,7,0.14887791776795128,24,3.4285714285714284,248,0.0967741935483871,47.01838999999018,effect_55-57
6910,16,Other,AMd,5,0.10634136983425091,16,3.2,198,0.08080808080808081,47.01838999999018,effect_55-57
6911,20,Other,AMd,9,0.19141446570165163,31,3.4444444444444446,334,0.09281437125748503,47.01838999999018,effect_55-57
6912,21,Other,AMd,20,0.42536547933700364,72,3.6,410,0.17560975609756097,47.01838999999018,effect_55-57
6913,23,Other,AMd,2,0.04253654793370036,6,3.0,569,0.01054481546572935,47.01838999999018,effect_55-57
6914,24,Other,AMd,4,0.08507309586740072,15,3.75,354,0.0423728813559322,47.01838999999018,effect_55-57
6915,26,Other,AMd,27,0.5742433971049549,93,3.4444444444444446,362,0.2569060773480663,47.01838999999018,effect_55-57
6916,28,Other,AMd,4,0.08507309586740072,13,3.25,213,0.06103286384976526,47.01838999999018,effect_55-57
6917,29,Other,AMd,12,0.2552192876022022,39,3.25,293,0.13310580204778158,47.01838999999018,effect_55-57
6918,30,Other,AMd,25,0.5317068491712545,91,3.64,299,0.30434782608695654,47.01838999999018,effect_55-57
6919,33,Other,AMd,0,0.0,0,0.0,284,0.0,47.01838999999018,effect_55-57
6920,34,Other,AMd,5,0.10634136983425091,15,3.0,266,0.05639097744360902,47.01838999999018,effect_55-57
6921,36,Other,AMd,2,0.04253654793370036,6,3.0,405,0.014814814814814815,47.01838999999018,effect_55-57
6922,38,Other,AMd,4,0.08507309586740072,13,3.25,304,0.04276315789473684,47.01838999999018,effect_55-57
6923,42,Other,AMd,3,0.06380482190055055,11,3.6666666666666665,379,0.029023746701846966,47.01838999999018,effect_55-57
6924,44,Other,AMd,9,0.19141446570165163,29,3.2222222222222223,299,0.09698996655518395,47.01838999999018,effect_55-57
6925,45,Other,AMd,12,0.2552192876022022,40,3.3333333333333335,360,0.1111111111111111,47.01838999999018,effect_55-57
6926,46,Other,AMd,16,0.3402923834696029,62,3.875,294,0.2108843537414966,47.01838999999018,effect_55-57
6927,48,Other,AMd,7,0.14887791776795128,22,3.142857142857143,270,0.08148148148148149,47.01838999999018,effect_55-57
6928,49,Other,AMd,6,0.1276096438011011,20,3.3333333333333335,279,0.07168458781362007,47.01838999999018,effect_55-57
6929,54,Other,AMd,12,0.2552192876022022,36,3.0,217,0.16589861751152074,47.01838999999018,effect_55-57
6930,58,Other,AMd,0,0.0,0,0.0,112,0.0,47.01838999999018,effect_55-57
6931,61,Other,AMd,19,0.4040972053701535,60,3.1578947368421053,399,0.15037593984962405,47.01838999999018,effect_55-57
6932,62,Other,AMd,2,0.04253654793370036,6,3.0,134,0.04477611940298507,47.01838999999018,effect_55-57
6933,63,Other,AMd,20,0.42536547933700364,69,3.45,171,0.40350877192982454,47.01838999999018,effect_55-57
6934,69,Other,AMd,1,0.02126827396685018,3,3.0,97,0.030927835051546393,47.01838999999018,effect_55-57
6935,74,Other,AD,22,0.467902027270704,78,3.5454545454545454,378,0.20634920634920634,47.01838999999018,effect_55-57
6936,97,Other,AD,1,0.02126827396685018,3,3.0,152,0.019736842105263157,47.01838999999018,effect_55-57
6937,98,Other,AD,6,0.1276096438011011,29,4.833333333333333,446,0.06502242152466367,47.01838999999018,effect_55-57
6938,102,Other,cing,2,0.04253654793370036,10,5.0,334,0.029940119760479042,47.01838999999018,effect_55-57
6939,103,Motor,MOp6a,2,0.04253654793370036,8,4.0,264,0.030303030303030304,47.01838999999018,effect_55-57
6940,104,Motor,MOp6a,0,0.0,0,0.0,115,0.0,47.01838999999018,effect_55-57
6941,105,Motor,MOp6a,10,0.21268273966850182,66,6.6,402,0.16417910447761194,47.01838999999018,effect_55-57
6942,108,Motor,MOp6a,2,0.04253654793370036,10,5.0,485,0.020618556701030927,47.01838999999018,effect_55-57
6943,117,Motor,MOp6a,0,0.0,0,0.0,89,0.0,47.01838999999018,effect_55-57
6944,122,Motor,MOp5,0,0.0,0,0.0,34,0.0,47.01838999999018,effect_55-57
6945,124,Motor,MOp5,0,0.0,0,0.0,77,0.0,47.01838999999018,effect_55-57
6946,126,Motor,MOp5,0,0.0,0,0.0,71,0.0,47.01838999999018,effect_55-57
6947,127,Motor,MOp5,0,0.0,0,0.0,4,0.0,47.01838999999018,effect_55-57
6948,128,Motor,MOp5,0,0.0,0,0.0,144,0.0,47.01838999999018,effect_55-57
6949,131,Motor,MOp5,0,0.0,0,0.0,134,0.0,47.01838999999018,effect_55-57
6950,137,Motor,MOp5,0,0.0,0,0.0,31,0.0,47.01838999999018,effect_55-57
6951,139,Motor,MOp5,3,0.06380482190055055,10,3.3333333333333335,336,0.02976190476190476,47.01838999999018,effect_55-57
6952,141,Motor,MOp5,0,0.0,0,0.0,409,0.0,47.01838999999018,effect_55-57
6953,145,Motor,MOp5,0,0.0,0,0.0,23,0.0,47.01838999999018,effect_55-57
6954,146,Motor,MOp5,0,0.0,0,0.0,370,0.0,47.01838999999018,effect_55-57
6955,150,Motor,MOp5,0,0.0,0,0.0,7,0.0,47.01838999999018,effect_55-57
6956,151,Motor,MOp5,0,0.0,0,0.0,341,0.0,47.01838999999018,effect_55-57
6957,152,Motor,MOp5,0,0.0,0,0.0,54,0.0,47.01838999999018,effect_55-57
6958,153,Motor,MOp5,0,0.0,0,0.0,1,0.0,47.01838999999018,effect_55-57
6959,154,Motor,MOp5,0,0.0,0,0.0,226,0.0,47.01838999999018,effect_55-57
6960,155,Motor,MOp5,0,0.0,0,0.0,51,0.0,47.01838999999018,effect_55-57
6961,157,Motor,MOp5,0,0.0,0,0.0,62,0.0,47.01838999999018,effect_55-57
6962,161,Motor,MOp5,0,0.0,0,0.0,29,0.0,47.01838999999018,effect_55-57
6963,164,Motor,MOp2/3,0,0.0,0,0.0,1,0.0,47.01838999999018,effect_55-57
6964,167,Other,RSPagl2/3,0,0.0,0,0.0,274,0.0,47.01838999999018,effect_55-57
6965,174,Other,RSPagl2/3,0,0.0,0,0.0,1,0.0,47.01838999999018,effect_55-57
6966,178,Other,RSPagl2/3,1,0.02126827396685018,3,3.0,27,0.1111111111111111,47.01838999999018,effect_55-57
6967,182,Somatosensory,SSp-tr2/3,0,0.0,0,0.0,6,0.0,47.01838999999018,effect_55-57
6968,186,Somatosensory,SSp-tr2/3,0,0.0,0,0.0,9,0.0,47.01838999999018,effect_55-57
6969,188,Somatosensory,SSp-tr2/3,0,0.0,0,0.0,11,0.0,47.01838999999018,effect_55-57
6970,192,Somatosensory,SSp-tr2/3,0,0.0,0,0.0,0,0.0,47.01838999999018,effect_55-57
6971,193,Somatosensory,SSp-tr2/3,0,0.0,0,0.0,144,0.0,47.01838999999018,effect_55-57
6972,197,Somatosensory,SSp-tr2/3,0,0.0,0,0.0,12,0.0,47.01838999999018,effect_55-57
6973,204,Somatosensory,SSp-tr1,0,0.0,0,0.0,1,0.0,47.01838999999018,effect_55-57
6974,205,Other,AMd,18,0.38282893140330326,63,3.5,140,0.45,47.01838999999018,effect_55-57
6975,206,Other,AD,9,0.19141446570165163,28,3.111111111111111,188,0.14893617021276595,47.01838999999018,effect_55-57
6976,210,Motor,MOp6a,0,0.0,0,0.0,32,0.0,47.01838999999018,effect_55-57
6977,211,Motor,MOp6a,3,0.06380482190055055,10,3.3333333333333335,458,0.021834061135371178,47.01838999999018,effect_55-57
6978,213,Motor,MOp5,0,0.0,0,0.0,1,0.0,47.01838999999018,effect_55-57
6979,216,Motor,MOp5,0,0.0,0,0.0,8,0.0,47.01838999999018,effect_55-57
6980,217,Motor,MOp5,0,0.0,0,0.0,4,0.0,47.01838999999018,effect_55-57
6981,218,Motor,MOp5,0,0.0,0,0.0,44,0.0,47.01838999999018,effect_55-57
6982,219,Motor,MOp5,0,0.0,0,0.0,21,0.0,47.01838999999018,effect_55-57
6983,221,Motor,MOp5,0,0.0,0,0.0,18,0.0,47.01838999999018,effect_55-57
6984,223,Motor,MOp5,0,0.0,0,0.0,8,0.0,47.01838999999018,effect_55-57
6985,226,Motor,MOp5,0,0.0,0,0.0,41,0.0,47.01838999999018,effect_55-57
6986,227,Motor,MOp5,0,0.0,0,0.0,1,0.0,47.01838999999018,effect_55-57
6987,230,Other,RSPagl2/3,0,0.0,0,0.0,0,0.0,47.01838999999018,effect_55-57
6988,232,Somatosensory,SSp-tr2/3,0,0.0,0,0.0,7,0.0,47.01838999999018,effect_55-57
6989,233,Somatosensory,SSp-tr2/3,0,0.0,0,0.0,0,0.0,47.01838999999018,effect_55-57
6990,234,Somatosensory,SSp-tr2/3,0,0.0,0,0.0,5,0.0,47.01838999999018,effect_55-57
6991,238,Somatosensory,SSp-tr1,0,0.0,0,0.0,1,0.0,47.01838999999018,effect_55-57
6992,242,Motor,MOp2/3,0,0.0,0,0.0,90,0.0,47.01838999999018,effect_55-57
6993,243,Other,RSPagl2/3,0,0.0,0,0.0,0,0.0,47.01838999999018,effect_55-57
6994,244,Somatosensory,SSp-tr1,0,0.0,0,0.0,0,0.0,47.01838999999018,effect_55-57
6995,247,Motor,MOp5,0,0.0,0,0.0,9,0.0,47.01838999999018,effect_55-57
6996,248,Motor,MOp2/3,0,0.0,0,0.0,6,0.0,47.01838999999018,effect_55-57
6997,249,Somatosensory,SSp-tr2/3,0,0.0,0,0.0,0,0.0,47.01838999999018,effect_55-57
6998,250,Somatosensory,SSp-tr1,0,0.0,0,0.0,0,0.0,47.01838999999018,effect_55-57
6999,252,Other,SPFp,0,0.0,0,0.0,12,0.0,47.01838999999018,effect_55-57
7000,266,Other,SPFp,6,0.1276096438011011,20,3.3333333333333335,38,0.5263157894736842,47.01838999999018,effect_55-57
7001,272,Other,PoT,33,0.701853040906056,105,3.1818181818181817,162,0.6481481481481481,47.01838999999018,effect_55-57
7002,279,Other,PoT,0,0.0,0,0.0,21,0.0,47.01838999999018,effect_55-57
7003,281,Other,PoT,0,0.0,0,0.0,14,0.0,47.01838999999018,effect_55-57
7004,286,Other,PoT,18,0.38282893140330326,79,4.388888888888889,101,0.7821782178217822,47.01838999999018,effect_55-57
7005,291,Other,PoT,15,0.31902410950275273,58,3.8666666666666667,203,0.2857142857142857,47.01838999999018,effect_55-57
7006,292,Other,PoT,27,0.5742433971049549,97,3.5925925925925926,161,0.6024844720496895,47.01838999999018,effect_55-57
7007,296,Other,PoT,22,0.467902027270704,88,4.0,185,0.4756756756756757,47.01838999999018,effect_55-57
7008,298,Other,PoT,17,0.3615606574364531,58,3.411764705882353,322,0.18012422360248448,47.01838999999018,effect_55-57
7009,299,Other,PoT,0,0.0,0,0.0,37,0.0,47.01838999999018,effect_55-57
7010,302,Other,PoT,15,0.31902410950275273,54,3.6,121,0.4462809917355372,47.01838999999018,effect_55-57
7011,304,Other,PoT,40,0.8507309586740073,176,4.4,314,0.5605095541401274,47.01838999999018,effect_55-57
7012,306,Other,PoT,40,0.8507309586740073,153,3.825,194,0.788659793814433,47.01838999999018,effect_55-57
7013,307,Other,PoT,41,0.8719992326408574,175,4.2682926829268295,204,0.8578431372549019,47.01838999999018,effect_55-57
7014,310,Other,PoT,0,0.0,0,0.0,5,0.0,47.01838999999018,effect_55-57
7015,316,Other,PoT,8,0.17014619173480144,25,3.125,152,0.16447368421052633,47.01838999999018,effect_55-57
7016,317,Other,PoT,15,0.31902410950275273,55,3.6666666666666665,313,0.1757188498402556,47.01838999999018,effect_55-57
7017,321,Other,PoT,20,0.42536547933700364,75,3.75,132,0.5681818181818182,47.01838999999018,effect_55-57
7018,325,Other,PoT,3,0.06380482190055055,9,3.0,151,0.059602649006622516,47.01838999999018,effect_55-57
7019,328,Other,PoT,0,0.0,0,0.0,51,0.0,47.01838999999018,effect_55-57
7020,330,Other,PoT,2,0.04253654793370036,6,3.0,920,0.006521739130434782,47.01838999999018,effect_55-57
7021,331,Other,PoT,22,0.467902027270704,79,3.590909090909091,372,0.21236559139784947,47.01838999999018,effect_55-57
7022,333,Other,PoT,0,0.0,0,0.0,84,0.0,47.01838999999018,effect_55-57
7023,334,Other,PoT,10,0.21268273966850182,35,3.5,217,0.16129032258064516,47.01838999999018,effect_55-57
7024,338,Other,PoT,1,0.02126827396685018,3,3.0,249,0.012048192771084338,47.01838999999018,effect_55-57
7025,340,Other,PoT,0,0.0,0,0.0,54,0.0,47.01838999999018,effect_55-57
7026,341,Other,PoT,0,0.0,0,0.0,57,0.0,47.01838999999018,effect_55-57
7027,344,Other,PoT,1,0.02126827396685018,3,3.0,143,0.02097902097902098,47.01838999999018,effect_55-57
7028,347,Other,PoT,1,0.02126827396685018,3,3.0,85,0.03529411764705882,47.01838999999018,effect_55-57
7029,350,Other,PoT,10,0.21268273966850182,38,3.8,100,0.38,47.01838999999018,effect_55-57
7030,352,Other,PoT,0,0.0,0,0.0,26,0.0,47.01838999999018,effect_55-57
7031,355,Other,PoT,1,0.02126827396685018,5,5.0,99,0.050505050505050504,47.01838999999018,effect_55-57
7032,361,Other,PoT,6,0.1276096438011011,20,3.3333333333333335,890,0.02247191011235955,47.01838999999018,effect_55-57
7033,362,Other,PoT,15,0.31902410950275273,56,3.7333333333333334,231,0.24242424242424243,47.01838999999018,effect_55-57
7034,367,Other,PoT,0,0.0,0,0.0,11,0.0,47.01838999999018,effect_55-57
7035,368,Other,PoT,0,0.0,0,0.0,31,0.0,47.01838999999018,effect_55-57
7036,369,Other,PoT,0,0.0,0,0.0,0,0.0,47.01838999999018,effect_55-57
7037,372,Other,PoT,0,0.0,0,0.0,55,0.0,47.01838999999018,effect_55-57
7038,381,Other,PoT,4,0.08507309586740072,14,3.5,65,0.2153846153846154,47.01838999999018,effect_55-57
7039,382,Other,PoT,1,0.02126827396685018,3,3.0,31,0.0967741935483871,47.01838999999018,effect_55-57
7040,385,Other,PoT,19,0.4040972053701535,75,3.9473684210526314,152,0.4934210526315789,47.01838999999018,effect_55-57
7041,388,Other,PoT,18,0.38282893140330326,95,5.277777777777778,762,0.12467191601049869,47.01838999999018,effect_55-57
7042,392,Other,PoT,17,0.3615606574364531,71,4.176470588235294,169,0.42011834319526625,47.01838999999018,effect_55-57
7043,394,Other,PoT,2,0.04253654793370036,6,3.0,86,0.06976744186046512,47.01838999999018,effect_55-57
7044,396,Other,PoT,0,0.0,0,0.0,20,0.0,47.01838999999018,effect_55-57
7045,404,Other,PoT,24,0.5104385752044044,101,4.208333333333333,137,0.7372262773722628,47.01838999999018,effect_55-57
7046,405,Other,PoT,0,0.0,0,0.0,296,0.0,47.01838999999018,effect_55-57
7047,406,Other,PoT,7,0.14887791776795128,23,3.2857142857142856,136,0.16911764705882354,47.01838999999018,effect_55-57
7048,408,Other,PoT,38,0.808194410740307,166,4.368421052631579,237,0.70042194092827,47.01838999999018,effect_55-57
7049,412,Other,PoT,3,0.06380482190055055,9,3.0,69,0.13043478260869565,47.01838999999018,effect_55-57
7050,414,Other,PoT,2,0.04253654793370036,6,3.0,15,0.4,47.01838999999018,effect_55-57
7051,415,Other,PoT,8,0.17014619173480144,27,3.375,85,0.3176470588235294,47.01838999999018,effect_55-57
7052,417,Other,PoT,45,0.9570723285082582,176,3.911111111111111,252,0.6984126984126984,47.01838999999018,effect_55-57
7053,418,Other,PoT,5,0.10634136983425091,17,3.4,124,0.13709677419354838,47.01838999999018,effect_55-57
7054,419,Other,PoT,7,0.14887791776795128,22,3.142857142857143,90,0.24444444444444444,47.01838999999018,effect_55-57
7055,421,Other,PoT,5,0.10634136983425091,15,3.0,75,0.2,47.01838999999018,effect_55-57
7056,422,Other,PoT,27,0.5742433971049549,112,4.148148148148148,250,0.448,47.01838999999018,effect_55-57
7057,425,Other,PoT,22,0.467902027270704,93,4.2272727272727275,137,0.6788321167883211,47.01838999999018,effect_55-57
7058,428,Other,PoT,5,0.10634136983425091,17,3.4,1219,0.01394585726004922,47.01838999999018,effect_55-57
7059,429,Other,PoT,16,0.3402923834696029,70,4.375,153,0.45751633986928103,47.01838999999018,effect_55-57
7060,430,Other,PoT,10,0.21268273966850182,36,3.6,132,0.2727272727272727,47.01838999999018,effect_55-57
7061,433,Other,PoT,22,0.467902027270704,96,4.363636363636363,149,0.6442953020134228,47.01838999999018,effect_55-57
7062,434,Other,PoT,16,0.3402923834696029,66,4.125,109,0.6055045871559633,47.01838999999018,effect_55-57
7063,435,Other,PoT,32,0.6805847669392058,130,4.0625,148,0.8783783783783784,47.01838999999018,effect_55-57
7064,437,Other,PoT,11,0.233951013635352,44,4.0,97,0.4536082474226804,47.01838999999018,effect_55-57
7065,438,Other,PoT,15,0.31902410950275273,59,3.933333333333333,88,0.6704545454545454,47.01838999999018,effect_55-57
7066,440,Other,SGN,24,0.5104385752044044,96,4.0,147,0.6530612244897959,47.01838999999018,effect_55-57
7067,443,Other,PoT,40,0.8507309586740073,171,4.275,291,0.5876288659793815,47.01838999999018,effect_55-57
7068,445,Other,SGN,35,0.7443895888397564,124,3.5428571428571427,294,0.4217687074829932,47.01838999999018,effect_55-57
7069,446,Other,SGN,26,0.5529751231381047,103,3.9615384615384617,170,0.6058823529411764,47.01838999999018,effect_55-57
7070,447,Other,SGN,18,0.38282893140330326,69,3.8333333333333335,103,0.6699029126213593,47.01838999999018,effect_55-57
7071,448,Other,SGN,26,0.5529751231381047,105,4.038461538461538,210,0.5,47.01838999999018,effect_55-57
7072,450,Other,SGN,37,0.7869261367734567,142,3.8378378378378377,174,0.8160919540229885,47.01838999999018,effect_55-57
7073,451,Other,SGN,26,0.5529751231381047,110,4.230769230769231,523,0.21032504780114722,47.01838999999018,effect_55-57
7074,453,Other,SGN,22,0.467902027270704,101,4.590909090909091,327,0.308868501529052,47.01838999999018,effect_55-57
7075,457,Other,SGN,28,0.5955116710718051,114,4.071428571428571,333,0.34234234234234234,47.01838999999018,effect_55-57
7076,458,Other,SGN,2,0.04253654793370036,6,3.0,54,0.1111111111111111,47.01838999999018,effect_55-57
7077,463,Other,SGN,13,0.27648756156905235,48,3.6923076923076925,101,0.4752475247524752,47.01838999999018,effect_55-57
7078,465,Other,SGN,48,1.0208771504088088,196,4.083333333333333,306,0.6405228758169934,47.01838999999018,effect_55-57
7079,471,Other,SGN,40,0.8507309586740073,236,5.9,353,0.6685552407932012,47.01838999999018,effect_55-57
7080,492,Other,DG-sg,0,0.0,0,0.0,0,0.0,47.01838999999018,effect_55-57
7081,495,Other,DG-sg,0,0.0,0,0.0,0,0.0,47.01838999999018,effect_55-57
7082,496,Other,DG-sg,0,0.0,0,0.0,8,0.0,47.01838999999018,effect_55-57
7083,498,Other,DG-sg,0,0.0,0,0.0,0,0.0,47.01838999999018,effect_55-57
7084,500,Other,DG-sg,0,0.0,0,0.0,72,0.0,47.01838999999018,effect_55-57
7085,501,Other,DG-sg,0,0.0,0,0.0,70,0.0,47.01838999999018,effect_55-57
7086,504,Other,DG-po,0,0.0,0,0.0,0,0.0,47.01838999999018,effect_55-57
7087,505,Other,DG-po,0,0.0,0,0.0,29,0.0,47.01838999999018,effect_55-57
7088,506,Other,DG-po,0,0.0,0,0.0,0,0.0,47.01838999999018,effect_55-57
7089,507,Other,DG-po,1,0.02126827396685018,3,3.0,57,0.05263157894736842,47.01838999999018,effect_55-57
7090,511,Other,DG-po,0,0.0,0,0.0,0,0.0,47.01838999999018,effect_55-57
7091,513,Other,DG-po,0,0.0,0,0.0,3,0.0,47.01838999999018,effect_55-57
7092,538,Other,ProS,0,0.0,0,0.0,0,0.0,47.01838999999018,effect_55-57
7093,543,Other,ProS,1,0.02126827396685018,4,4.0,116,0.034482758620689655,47.01838999999018,effect_55-57
7094,546,Other,ProS,1,0.02126827396685018,5,5.0,134,0.03731343283582089,47.01838999999018,effect_55-57
7095,547,Other,SUB,1,0.02126827396685018,3,3.0,126,0.023809523809523808,47.01838999999018,effect_55-57
7096,549,Other,ProS,0,0.0,0,0.0,358,0.0,47.01838999999018,effect_55-57
7097,550,Other,ProS,0,0.0,0,0.0,175,0.0,47.01838999999018,effect_55-57
7098,551,Other,ProS,0,0.0,0,0.0,360,0.0,47.01838999999018,effect_55-57
7099,560,Other,ProS,0,0.0,0,0.0,1,0.0,47.01838999999018,effect_55-57
7100,561,Other,ProS,0,0.0,0,0.0,139,0.0,47.01838999999018,effect_55-57
7101,562,Other,ProS,0,0.0,0,0.0,320,0.0,47.01838999999018,effect_55-57
7102,564,Other,ProS,7,0.14887791776795128,29,4.142857142857143,374,0.07754010695187166,47.01838999999018,effect_55-57
7103,566,Other,ProS,3,0.06380482190055055,10,3.3333333333333335,22,0.45454545454545453,47.01838999999018,effect_55-57
7104,567,Other,SUB,0,0.0,0,0.0,137,0.0,47.01838999999018,effect_55-57
7105,568,Other,SUB,0,0.0,0,0.0,38,0.0,47.01838999999018,effect_55-57
7106,569,Other,SUB,5,0.10634136983425091,17,3.4,412,0.0412621359223301,47.01838999999018,effect_55-57
7107,570,Other,SUB,0,0.0,0,0.0,46,0.0,47.01838999999018,effect_55-57
7108,571,Other,SUB,1,0.02126827396685018,3,3.0,275,0.01090909090909091,47.01838999999018,effect_55-57
7109,573,Other,SUB,0,0.0,0,0.0,3,0.0,47.01838999999018,effect_55-57
7110,574,Other,SUB,7,0.14887791776795128,37,5.285714285714286,153,0.24183006535947713,47.01838999999018,effect_55-57
7111,576,Other,SUB,2,0.04253654793370036,8,4.0,204,0.0392156862745098,47.01838999999018,effect_55-57
7112,578,Other,SUB,3,0.06380482190055055,13,4.333333333333333,216,0.06018518518518518,47.01838999999018,effect_55-57
7113,579,Other,SUB,1,0.02126827396685018,3,3.0,555,0.005405405405405406,47.01838999999018,effect_55-57
7114,580,Other,SUB,0,0.0,0,0.0,98,0.0,47.01838999999018,effect_55-57
7115,582,Other,SUB,0,0.0,0,0.0,139,0.0,47.01838999999018,effect_55-57
7116,583,Other,SUB,15,0.31902410950275273,53,3.533333333333333,993,0.05337361530715005,47.01838999999018,effect_55-57
7117,584,Other,SUB,2,0.04253654793370036,7,3.5,258,0.027131782945736434,47.01838999999018,effect_55-57
7118,587,Other,SUB,0,0.0,0,0.0,220,0.0,47.01838999999018,effect_55-57
7119,588,Other,SUB,1,0.02126827396685018,5,5.0,117,0.042735042735042736,47.01838999999018,effect_55-57
7120,592,Other,SUB,7,0.14887791776795128,22,3.142857142857143,453,0.04856512141280353,47.01838999999018,effect_55-57
7121,600,Other,SUB,0,0.0,0,0.0,212,0.0,47.01838999999018,effect_55-57
7122,601,Other,SUB,4,0.08507309586740072,18,4.5,391,0.04603580562659847,47.01838999999018,effect_55-57
7123,602,Other,SUB,4,0.08507309586740072,12,3.0,393,0.030534351145038167,47.01838999999018,effect_55-57
7124,604,Other,SUB,0,0.0,0,0.0,162,0.0,47.01838999999018,effect_55-57
7125,605,Other,SUB,4,0.08507309586740072,13,3.25,402,0.03233830845771144,47.01838999999018,effect_55-57
7126,607,Other,SUB,0,0.0,0,0.0,216,0.0,47.01838999999018,effect_55-57
7127,611,Other,alv,0,0.0,0,0.0,160,0.0,47.01838999999018,effect_55-57
7128,621,Other,VISp6a,7,0.14887791776795128,27,3.857142857142857,122,0.22131147540983606,47.01838999999018,effect_55-57
7129,627,Other,VISp5,0,0.0,0,0.0,21,0.0,47.01838999999018,effect_55-57
7130,629,Other,VISp5,0,0.0,0,0.0,238,0.0,47.01838999999018,effect_55-57
7131,631,Other,VISp5,0,0.0,0,0.0,242,0.0,47.01838999999018,effect_55-57
7132,632,Other,VISp5,0,0.0,0,0.0,257,0.0,47.01838999999018,effect_55-57
7133,635,Other,VISp5,0,0.0,0,0.0,374,0.0,47.01838999999018,effect_55-57
7134,636,Other,VISp5,0,0.0,0,0.0,202,0.0,47.01838999999018,effect_55-57
7135,637,Other,VISp5,0,0.0,0,0.0,88,0.0,47.01838999999018,effect_55-57
7136,639,Other,VISp5,0,0.0,0,0.0,342,0.0,47.01838999999018,effect_55-57
7137,642,Other,VISp5,0,0.0,0,0.0,244,0.0,47.01838999999018,effect_55-57
7138,645,Other,VISp5,0,0.0,0,0.0,189,0.0,47.01838999999018,effect_55-57
7139,646,Other,VISp5,0,0.0,0,0.0,232,0.0,47.01838999999018,effect_55-57
7140,647,Other,VISp5,0,0.0,0,0.0,202,0.0,47.01838999999018,effect_55-57
7141,651,Other,VISp5,0,0.0,0,0.0,188,0.0,47.01838999999018,effect_55-57
7142,653,Other,VISp5,0,0.0,0,0.0,221,0.0,47.01838999999018,effect_55-57
7143,655,Other,VISp5,0,0.0,0,0.0,297,0.0,47.01838999999018,effect_55-57
7144,656,Other,VISp5,0,0.0,0,0.0,148,0.0,47.01838999999018,effect_55-57
7145,663,Other,VISp5,0,0.0,0,0.0,122,0.0,47.01838999999018,effect_55-57
7146,668,Other,VISp4,0,0.0,0,0.0,69,0.0,47.01838999999018,effect_55-57
7147,669,Other,VISp4,0,0.0,0,0.0,39,0.0,47.01838999999018,effect_55-57
7148,679,Other,VISp4,0,0.0,0,0.0,36,0.0,47.01838999999018,effect_55-57
7149,681,Other,VISp4,0,0.0,0,0.0,1,0.0,47.01838999999018,effect_55-57
7150,684,Other,VISp2/3,0,0.0,0,0.0,3,0.0,47.01838999999018,effect_55-57
7151,687,Other,VISp2/3,0,0.0,0,0.0,46,0.0,47.01838999999018,effect_55-57
7152,688,Other,VISp2/3,0,0.0,0,0.0,23,0.0,47.01838999999018,effect_55-57
7153,689,Other,VISp2/3,0,0.0,0,0.0,2,0.0,47.01838999999018,effect_55-57
7154,690,Other,VISp2/3,0,0.0,0,0.0,40,0.0,47.01838999999018,effect_55-57
7155,695,Other,VISp2/3,0,0.0,0,0.0,2,0.0,47.01838999999018,effect_55-57
7156,696,Other,VISp2/3,0,0.0,0,0.0,4,0.0,47.01838999999018,effect_55-57
7157,697,Other,VISp2/3,0,0.0,0,0.0,16,0.0,47.01838999999018,effect_55-57
7158,700,Other,VISp2/3,0,0.0,0,0.0,41,0.0,47.01838999999018,effect_55-57
7159,708,Other,PoT,25,0.5317068491712545,113,4.52,140,0.8071428571428572,47.01838999999018,effect_55-57
7160,711,Other,PoT,26,0.5529751231381047,99,3.8076923076923075,165,0.6,47.01838999999018,effect_55-57
7161,718,Other,PoT,12,0.2552192876022022,42,3.5,65,0.6461538461538462,47.01838999999018,effect_55-57
7162,719,Other,PoT,6,0.1276096438011011,25,4.166666666666667,222,0.11261261261261261,47.01838999999018,effect_55-57
7163,720,Other,PoT,7,0.14887791776795128,26,3.7142857142857144,142,0.18309859154929578,47.01838999999018,effect_55-57
7164,722,Other,PoT,11,0.233951013635352,48,4.363636363636363,137,0.35036496350364965,47.01838999999018,effect_55-57
7165,724,Other,SGN,19,0.4040972053701535,77,4.052631578947368,96,0.8020833333333334,47.01838999999018,effect_55-57
7166,725,Other,SGN,11,0.233951013635352,40,3.6363636363636362,211,0.1895734597156398,47.01838999999018,effect_55-57
7167,726,Other,SGN,26,0.5529751231381047,118,4.538461538461538,131,0.9007633587786259,47.01838999999018,effect_55-57
7168,727,Other,SGN,16,0.3402923834696029,73,4.5625,108,0.6759259259259259,47.01838999999018,effect_55-57
7169,728,Other,SGN,10,0.21268273966850182,35,3.5,95,0.3684210526315789,47.01838999999018,effect_55-57
7170,730,Thalamus,LP,8,0.17014619173480144,25,3.125,94,0.26595744680851063,47.01838999999018,effect_55-57
7171,731,Thalamus,LP,6,0.1276096438011011,12,2.0,91,0.13186813186813187,47.01838999999018,effect_55-57
7172,734,Other,DG-sg,0,0.0,0,0.0,0,0.0,47.01838999999018,effect_55-57
7173,735,Other,DG-sg,0,0.0,0,0.0,0,0.0,47.01838999999018,effect_55-57
7174,755,Other,SUB,0,0.0,0,0.0,51,0.0,47.01838999999018,effect_55-57
7175,756,Other,ProS,0,0.0,0,0.0,4,0.0,47.01838999999018,effect_55-57
7176,758,Other,ProS,0,0.0,0,0.0,0,0.0,47.01838999999018,effect_55-57
7177,761,Other,SUB,2,0.04253654793370036,8,4.0,430,0.018604651162790697,47.01838999999018,effect_55-57
7178,762,Other,SUB,0,0.0,0,0.0,88,0.0,47.01838999999018,effect_55-57
7179,763,Other,SUB,2,0.04253654793370036,6,3.0,69,0.08695652173913043,47.01838999999018,effect_55-57
7180,764,Other,SUB,5,0.10634136983425091,17,3.4,463,0.0367170626349892,47.01838999999018,effect_55-57
7181,769,Other,VISp5,0,0.0,0,0.0,0,0.0,47.01838999999018,effect_55-57
7182,780,Other,VISp2/3,0,0.0,0,0.0,5,0.0,47.01838999999018,effect_55-57
7183,782,Other,VISp2/3,0,0.0,0,0.0,6,0.0,47.01838999999018,effect_55-57
7184,783,Other,VISp2/3,0,0.0,0,0.0,4,0.0,47.01838999999018,effect_55-57
7185,784,Other,VISp2/3,0,0.0,0,0.0,1,0.0,47.01838999999018,effect_55-57
7186,786,Other,VISp2/3,0,0.0,0,0.0,11,0.0,47.01838999999018,effect_55-57
7187,793,Other,DG-sg,0,0.0,0,0.0,1,0.0,47.01838999999018,effect_55-57
7188,795,Other,DG-sg,0,0.0,0,0.0,0,0.0,47.01838999999018,effect_55-57
7189,796,Other,DG-sg,0,0.0,0,0.0,0,0.0,47.01838999999018,effect_55-57
7190,798,Other,ProS,0,0.0,0,0.0,0,0.0,47.01838999999018,effect_55-57
7191,799,Other,VISp2/3,0,0.0,0,0.0,1,0.0,47.01838999999018,effect_55-57
7192,806,Other,SPFp,0,0.0,0,0.0,5,0.0,47.01838999999018,effect_55-57
7193,809,Other,PoT,1,0.02126827396685018,3,3.0,57,0.05263157894736842,47.01838999999018,effect_55-57
7194,811,Other,DG-mo,0,0.0,0,0.0,0,0.0,47.01838999999018,effect_55-57
7195,812,Other,DG-po,0,0.0,0,0.0,0,0.0,47.01838999999018,effect_55-57
7196,815,Other,ProS,0,0.0,0,0.0,1,0.0,47.01838999999018,effect_55-57
7197,816,Other,ProS,5,0.10634136983425091,16,3.2,777,0.02059202059202059,47.01838999999018,effect_55-57
7198,818,Other,VISp5,0,0.0,0,0.0,138,0.0,47.01838999999018,effect_55-57
7199,820,Other,VISp2/3,0,0.0,0,0.0,12,0.0,47.01838999999018,effect_55-57
7200,822,Other,VISp6a,0,0.0,0,0.0,0,0.0,47.01838999999018,effect_55-57
7201,823,Other,VISp2/3,0,0.0,0,0.0,3,0.0,47.01838999999018,effect_55-57
7202,824,Other,VISp2/3,0,0.0,0,0.0,1,0.0,47.01838999999018,effect_55-57
7203,825,Other,VISp2/3,0,0.0,0,0.0,4,0.0,47.01838999999018,effect_55-57
7204,826,Other,VISp2/3,0,0.0,0,0.0,9,0.0,47.01838999999018,effect_55-57
7205,827,Other,VISp2/3,0,0.0,0,0.0,1,0.0,47.01838999999018,effect_55-57
7206,831,Other,VISp2/3,0,0.0,0,0.0,0,0.0,47.01838999999018,effect_55-57
7207,843,Other,int,0,0.0,0,0.0,713,0.0,47.01838999999018,effect_55-57
7208,845,Other,int,0,0.0,0,0.0,408,0.0,47.01838999999018,effect_55-57
7209,851,Other,int,0,0.0,0,0.0,9,0.0,47.01838999999018,effect_55-57
7210,859,Other,int,0,0.0,0,0.0,5,0.0,47.01838999999018,effect_55-57
7211,865,Other,int,0,0.0,0,0.0,85,0.0,47.01838999999018,effect_55-57
7212,868,Other,int,0,0.0,0,0.0,124,0.0,47.01838999999018,effect_55-57
7213,873,Other,int,3,0.06380482190055055,10,3.3333333333333335,859,0.011641443538998836,47.01838999999018,effect_55-57
7214,892,Other,int,1,0.02126827396685018,3,3.0,16,0.1875,47.01838999999018,effect_55-57
7215,900,Other,int,0,0.0,0,0.0,1,0.0,47.01838999999018,effect_55-57
7216,904,Other,int,0,0.0,0,0.0,484,0.0,47.01838999999018,effect_55-57
7217,913,Other,int,21,0.4466337533038538,68,3.238095238095238,122,0.5573770491803278,47.01838999999018,effect_55-57
7218,914,Other,int,0,0.0,0,0.0,184,0.0,47.01838999999018,effect_55-57
7219,932,Other,int,3,0.06380482190055055,9,3.0,96,0.09375,47.01838999999018,effect_55-57
7220,938,Other,int,6,0.1276096438011011,18,3.0,159,0.11320754716981132,47.01838999999018,effect_55-57
7221,950,Other,int,0,0.0,0,0.0,224,0.0,47.01838999999018,effect_55-57
7222,962,STR,STR,0,0.0,0,0.0,782,0.0,47.01838999999018,effect_55-57
7223,964,STR,STR,36,0.7656578628066065,155,4.305555555555555,526,0.2946768060836502,47.01838999999018,effect_55-57
7224,965,STR,STR,0,0.0,0,0.0,40,0.0,47.01838999999018,effect_55-57
7225,967,Other,int,0,0.0,0,0.0,229,0.0,47.01838999999018,effect_55-57
7226,969,STR,STR,0,0.0,0,0.0,90,0.0,47.01838999999018,effect_55-57
7227,970,Other,int,0,0.0,0,0.0,86,0.0,47.01838999999018,effect_55-57
7228,972,STR,STR,0,0.0,0,0.0,1,0.0,47.01838999999018,effect_55-57
7229,976,STR,STR,38,0.808194410740307,192,5.052631578947368,223,0.8609865470852018,47.01838999999018,effect_55-57
7230,980,STR,CP,0,0.0,0,0.0,0,0.0,47.01838999999018,effect_55-57
7231,982,STR,CP,2,0.04253654793370036,7,3.5,412,0.01699029126213592,47.01838999999018,effect_55-57
7232,984,STR,CP,0,0.0,0,0.0,50,0.0,47.01838999999018,effect_55-57
7233,986,STR,CP,3,0.06380482190055055,11,3.6666666666666665,838,0.013126491646778043,47.01838999999018,effect_55-57
7234,988,STR,CP,60,1.276096438011011,209,3.4833333333333334,440,0.475,47.01838999999018,effect_55-57
7235,989,STR,CP,0,0.0,0,0.0,47,0.0,47.01838999999018,effect_55-57
7236,990,STR,CP,2,0.04253654793370036,6,3.0,268,0.022388059701492536,47.01838999999018,effect_55-57
7237,993,STR,CP,5,0.10634136983425091,20,4.0,665,0.03007518796992481,47.01838999999018,effect_55-57
7238,997,STR,CP,3,0.06380482190055055,9,3.0,462,0.01948051948051948,47.01838999999018,effect_55-57
7239,1001,STR,CP,0,0.0,0,0.0,0,0.0,47.01838999999018,effect_55-57
7240,1008,STR,CP,4,0.08507309586740072,13,3.25,386,0.03367875647668394,47.01838999999018,effect_55-57
7241,1009,STR,CP,24,0.5104385752044044,75,3.125,304,0.24671052631578946,47.01838999999018,effect_55-57
7242,1013,STR,CP,25,0.5317068491712545,90,3.6,111,0.8108108108108109,47.01838999999018,effect_55-57
7243,1014,STR,CP,0,0.0,0,0.0,24,0.0,47.01838999999018,effect_55-57
7244,1021,STR,CP,2,0.04253654793370036,6,3.0,227,0.02643171806167401,47.01838999999018,effect_55-57
7245,1027,STR,CP,1,0.02126827396685018,4,4.0,526,0.0076045627376425855,47.01838999999018,effect_55-57
7246,1028,STR,CP,4,0.08507309586740072,12,3.0,690,0.017391304347826087,47.01838999999018,effect_55-57
7247,1033,STR,CP,50,1.063413698342509,198,3.96,506,0.391304347826087,47.01838999999018,effect_55-57
7248,1038,STR,CP,9,0.19141446570165163,30,3.3333333333333335,215,0.13953488372093023,47.01838999999018,effect_55-57
7249,1040,STR,CP,0,0.0,0,0.0,240,0.0,47.01838999999018,effect_55-57
7250,1045,STR,CP,0,0.0,0,0.0,283,0.0,47.01838999999018,effect_55-57
7251,1048,STR,CP,1,0.02126827396685018,6,6.0,384,0.015625,47.01838999999018,effect_55-57
7252,1065,STR,CP,0,0.0,0,0.0,105,0.0,47.01838999999018,effect_55-57
7253,1066,STR,CP,0,0.0,0,0.0,514,0.0,47.01838999999018,effect_55-57
7254,1068,STR,CP,0,0.0,0,0.0,112,0.0,47.01838999999018,effect_55-57
7255,1069,STR,CP,0,0.0,0,0.0,292,0.0,47.01838999999018,effect_55-57
7256,1073,STR,CP,13,0.27648756156905235,43,3.3076923076923075,1063,0.04045155221072436,47.01838999999018,effect_55-57
7257,1096,Somatosensory,SSp-bfd6a,0,0.0,0,0.0,32,0.0,47.01838999999018,effect_55-57
7258,1106,Somatosensory,SSp-bfd6a,5,0.10634136983425091,17,3.4,291,0.058419243986254296,47.01838999999018,effect_55-57
7259,1108,Somatosensory,SSp-bfd6a,1,0.02126827396685018,3,3.0,48,0.0625,47.01838999999018,effect_55-57
7260,1110,Somatosensory,SSp-bfd6a,1,0.02126827396685018,4,4.0,185,0.021621621621621623,47.01838999999018,effect_55-57
7261,1111,Somatosensory,SSp-bfd6a,1,0.02126827396685018,4,4.0,178,0.02247191011235955,47.01838999999018,effect_55-57
7262,1113,Somatosensory,SSp-bfd6a,0,0.0,0,0.0,470,0.0,47.01838999999018,effect_55-57
7263,1114,Somatosensory,SSp-bfd6a,0,0.0,0,0.0,132,0.0,47.01838999999018,effect_55-57
7264,1115,Somatosensory,SSp-bfd6a,0,0.0,0,0.0,55,0.0,47.01838999999018,effect_55-57
7265,1117,Somatosensory,SSp-bfd6a,0,0.0,0,0.0,11,0.0,47.01838999999018,effect_55-57
7266,1118,Somatosensory,SSp-bfd6a,0,0.0,0,0.0,332,0.0,47.01838999999018,effect_55-57
7267,1119,Somatosensory,SSp-bfd6a,0,0.0,0,0.0,114,0.0,47.01838999999018,effect_55-57
7268,1126,Somatosensory,SSp-bfd6a,16,0.3402923834696029,69,4.3125,634,0.10883280757097792,47.01838999999018,effect_55-57
7269,1128,Somatosensory,SSp-bfd6a,0,0.0,0,0.0,65,0.0,47.01838999999018,effect_55-57
7270,1130,Somatosensory,SSp-bfd6a,0,0.0,0,0.0,162,0.0,47.01838999999018,effect_55-57
7271,1133,Somatosensory,SSp-bfd6a,1,0.02126827396685018,3,3.0,248,0.012096774193548387,47.01838999999018,effect_55-57
7272,1138,Somatosensory,SSp-bfd5,0,0.0,0,0.0,84,0.0,47.01838999999018,effect_55-57
7273,1142,Somatosensory,SSp-bfd5,0,0.0,0,0.0,242,0.0,47.01838999999018,effect_55-57
7274,1151,Somatosensory,SSp-bfd5,0,0.0,0,0.0,49,0.0,47.01838999999018,effect_55-57
7275,1154,Somatosensory,SSp-bfd5,0,0.0,0,0.0,550,0.0,47.01838999999018,effect_55-57
7276,1160,Somatosensory,SSp-bfd5,0,0.0,0,0.0,5,0.0,47.01838999999018,effect_55-57
7277,1180,Somatosensory,SSp-bfd5,0,0.0,0,0.0,279,0.0,47.01838999999018,effect_55-57
7278,1191,Somatosensory,SSp-bfd4,0,0.0,0,0.0,69,0.0,47.01838999999018,effect_55-57
7279,1192,Somatosensory,SSp-bfd4,0,0.0,0,0.0,0,0.0,47.01838999999018,effect_55-57
7280,1194,Somatosensory,SSp-bfd5,0,0.0,0,0.0,46,0.0,47.01838999999018,effect_55-57
7281,1198,Somatosensory,SSp-bfd4,0,0.0,0,0.0,66,0.0,47.01838999999018,effect_55-57
7282,1201,Somatosensory,SSp-bfd4,0,0.0,0,0.0,127,0.0,47.01838999999018,effect_55-57
7283,1209,Somatosensory,SSp-bfd4,0,0.0,0,0.0,2,0.0,47.01838999999018,effect_55-57
7284,1210,Somatosensory,SSp-bfd4,0,0.0,0,0.0,257,0.0,47.01838999999018,effect_55-57
7285,1212,Somatosensory,SSp-bfd4,0,0.0,0,0.0,194,0.0,47.01838999999018,effect_55-57
7286,1215,Somatosensory,SSp-bfd4,0,0.0,0,0.0,14,0.0,47.01838999999018,effect_55-57
7287,1219,Somatosensory,SSp-bfd4,0,0.0,0,0.0,0,0.0,47.01838999999018,effect_55-57
7288,1220,Somatosensory,SSp-bfd4,0,0.0,0,0.0,3,0.0,47.01838999999018,effect_55-57
7289,1222,Somatosensory,SSp-bfd4,0,0.0,0,0.0,195,0.0,47.01838999999018,effect_55-57
7290,1223,Somatosensory,SSp-bfd4,5,0.10634136983425091,19,3.8,34,0.5588235294117647,47.01838999999018,effect_55-57
7291,1227,Somatosensory,SSp-bfd4,0,0.0,0,0.0,18,0.0,47.01838999999018,effect_55-57
7292,1230,Somatosensory,SSp-bfd4,0,0.0,0,0.0,229,0.0,47.01838999999018,effect_55-57
7293,1234,Somatosensory,SSp-bfd4,0,0.0,0,0.0,0,0.0,47.01838999999018,effect_55-57
7294,1235,Somatosensory,SSp-bfd4,0,0.0,0,0.0,62,0.0,47.01838999999018,effect_55-57
7295,1236,Somatosensory,SSp-bfd4,0,0.0,0,0.0,0,0.0,47.01838999999018,effect_55-57
7296,1239,Somatosensory,SSp-bfd4,0,0.0,0,0.0,68,0.0,47.01838999999018,effect_55-57
7297,1244,Somatosensory,SSp-bfd4,0,0.0,0,0.0,25,0.0,47.01838999999018,effect_55-57
7298,1245,Somatosensory,SSp-bfd4,0,0.0,0,0.0,46,0.0,47.01838999999018,effect_55-57
7299,1247,Somatosensory,SSp-bfd4,0,0.0,0,0.0,121,0.0,47.01838999999018,effect_55-57
7300,1248,Somatosensory,SSp-bfd4,0,0.0,0,0.0,46,0.0,47.01838999999018,effect_55-57
7301,1254,Somatosensory,SSp-bfd2/3,0,0.0,0,0.0,20,0.0,47.01838999999018,effect_55-57
7302,1257,Somatosensory,SSp-bfd2/3,177,3.7644844921324823,703,3.9717514124293785,874,0.8043478260869565,47.01838999999018,effect_55-57
7303,1258,Somatosensory,SSp-bfd4,0,0.0,0,0.0,0,0.0,47.01838999999018,effect_55-57
7304,1265,Somatosensory,SSp-bfd2/3,0,0.0,0,0.0,4,0.0,47.01838999999018,effect_55-57
7305,1267,Somatosensory,SSp-bfd2/3,0,0.0,0,0.0,72,0.0,47.01838999999018,effect_55-57
7306,1286,Somatosensory,SSp-bfd2/3,0,0.0,0,0.0,6,0.0,47.01838999999018,effect_55-57
7307,1318,STR,CP,0,0.0,0,0.0,0,0.0,47.01838999999018,effect_55-57
7308,1319,STR,CP,0,0.0,0,0.0,2,0.0,47.01838999999018,effect_55-57
7309,1321,STR,CP,0,0.0,0,0.0,0,0.0,47.01838999999018,effect_55-57
7310,1331,STR,CP,0,0.0,0,0.0,0,0.0,47.01838999999018,effect_55-57
7311,1337,Somatosensory,SSp-bfd6a,0,0.0,0,0.0,12,0.0,47.01838999999018,effect_55-57
7312,1350,Somatosensory,SSp-bfd5,0,0.0,0,0.0,0,0.0,47.01838999999018,effect_55-57
7313,1354,Somatosensory,SSp-bfd5,0,0.0,0,0.0,16,0.0,47.01838999999018,effect_55-57
7314,1357,Somatosensory,SSp-bfd5,0,0.0,0,0.0,0,0.0,47.01838999999018,effect_55-57
7315,1369,Somatosensory,SSp-bfd2/3,0,0.0,0,0.0,0,0.0,47.01838999999018,effect_55-57
7316,1370,Somatosensory,SSp-bfd4,0,0.0,0,0.0,0,0.0,47.01838999999018,effect_55-57
7317,1372,Somatosensory,SSp-bfd2/3,0,0.0,0,0.0,0,0.0,47.01838999999018,effect_55-57
7318,1373,Somatosensory,SSp-bfd2/3,0,0.0,0,0.0,1,0.0,47.01838999999018,effect_55-57
7319,1374,Somatosensory,SSp-bfd4,0,0.0,0,0.0,9,0.0,47.01838999999018,effect_55-57
7320,1386,Somatosensory,SSp-bfd2/3,0,0.0,0,0.0,0,0.0,47.01838999999018,effect_55-57
7321,1405,Somatosensory,SSp-bfd5,0,0.0,0,0.0,0,0.0,47.01838999999018,effect_55-57
7322,1407,Somatosensory,SSp-bfd4,0,0.0,0,0.0,0,0.0,47.01838999999018,effect_55-57
7323,1414,Other,int,7,0.14887791776795128,23,3.2857142857142856,64,0.359375,47.01838999999018,effect_55-57
7324,1418,Somatosensory,SSp-bfd6a,0,0.0,0,0.0,2,0.0,47.01838999999018,effect_55-57
7325,1420,Somatosensory,SSp-bfd5,0,0.0,0,0.0,0,0.0,47.01838999999018,effect_55-57
7326,1426,STR,STR,0,0.0,0,0.0,9,0.0,47.01838999999018,effect_55-57
7327,1428,Somatosensory,SSp-bfd2/3,0,0.0,0,0.0,0,0.0,47.01838999999018,effect_55-57
7328,1430,STR,STR,0,0.0,0,0.0,6,0.0,47.01838999999018,effect_55-57
7329,1432,STR,STR,0,0.0,0,0.0,3,0.0,47.01838999999018,effect_55-57
7330,1435,Other,DP,1,0.02126827396685018,3,3.0,340,0.008823529411764706,47.01838999999018,effect_55-57
7331,1443,Other,ILA2/3,0,0.0,0,0.0,12,0.0,47.01838999999018,effect_55-57
7332,1445,Other,ILA2/3,0,0.0,0,0.0,3,0.0,47.01838999999018,effect_55-57
7333,1446,Other,ILA2/3,0,0.0,0,0.0,5,0.0,47.01838999999018,effect_55-57
7334,1461,Other,ILA5,0,0.0,0,0.0,15,0.0,47.01838999999018,effect_55-57
7335,1464,Other,ILA5,0,0.0,0,0.0,23,0.0,47.01838999999018,effect_55-57
7336,1468,Other,ILA5,0,0.0,0,0.0,455,0.0,47.01838999999018,effect_55-57
7337,1506,Other,ILA5,0,0.0,0,0.0,17,0.0,47.01838999999018,effect_55-57
7338,1507,Other,ILA5,0,0.0,0,0.0,0,0.0,47.01838999999018,effect_55-57
7339,1509,Other,ILA5,0,0.0,0,0.0,151,0.0,47.01838999999018,effect_55-57
7340,1516,Other,ILA5,0,0.0,0,0.0,0,0.0,47.01838999999018,effect_55-57
7341,1529,Other,ILA5,0,0.0,0,0.0,101,0.0,47.01838999999018,effect_55-57
7342,1531,Other,ILA5,2,0.04253654793370036,6,3.0,10,0.6,47.01838999999018,effect_55-57
7343,1534,Other,ILA5,0,0.0,0,0.0,0,0.0,47.01838999999018,effect_55-57
7344,1535,Other,ILA5,0,0.0,0,0.0,67,0.0,47.01838999999018,effect_55-57
7345,1537,Other,ILA5,0,0.0,0,0.0,0,0.0,47.01838999999018,effect_55-57
7346,1538,Other,ILA5,0,0.0,0,0.0,13,0.0,47.01838999999018,effect_55-57
7347,1539,Other,ILA5,0,0.0,0,0.0,73,0.0,47.01838999999018,effect_55-57
7348,1541,Other,ILA5,0,0.0,0,0.0,4,0.0,47.01838999999018,effect_55-57
7349,1545,Other,ILA5,0,0.0,0,0.0,0,0.0,47.01838999999018,effect_55-57
7350,1550,Other,ILA5,0,0.0,0,0.0,2,0.0,47.01838999999018,effect_55-57
7351,1553,Other,PL5,17,0.3615606574364531,54,3.176470588235294,162,0.3333333333333333,47.01838999999018,effect_55-57
7352,1556,Other,PL5,0,0.0,0,0.0,339,0.0,47.01838999999018,effect_55-57
7353,1563,Other,PL5,0,0.0,0,0.0,90,0.0,47.01838999999018,effect_55-57
7354,1566,Other,PL6a,0,0.0,0,0.0,6,0.0,47.01838999999018,effect_55-57
7355,1570,Other,PL6a,0,0.0,0,0.0,3,0.0,47.01838999999018,effect_55-57
7356,1573,Other,PL6a,0,0.0,0,0.0,97,0.0,47.01838999999018,effect_55-57
7357,1582,Other,PL6a,0,0.0,0,0.0,0,0.0,47.01838999999018,effect_55-57
7358,1589,Other,PL6a,0,0.0,0,0.0,26,0.0,47.01838999999018,effect_55-57
7359,1591,Other,PL6a,0,0.0,0,0.0,2,0.0,47.01838999999018,effect_55-57
7360,1593,Other,PL6a,3,0.06380482190055055,10,3.3333333333333335,500,0.02,47.01838999999018,effect_55-57
7361,1594,Other,PL6a,2,0.04253654793370036,6,3.0,1073,0.005591798695246971,47.01838999999018,effect_55-57
7362,1606,Other,PL6a,0,0.0,0,0.0,13,0.0,47.01838999999018,effect_55-57
7363,1611,Other,PL6a,0,0.0,0,0.0,33,0.0,47.01838999999018,effect_55-57
7364,1615,Other,PL6a,2,0.04253654793370036,7,3.5,202,0.034653465346534656,47.01838999999018,effect_55-57
7365,1624,Other,PL6a,0,0.0,0,0.0,2,0.0,47.01838999999018,effect_55-57
7366,1627,Other,PL6a,0,0.0,0,0.0,7,0.0,47.01838999999018,effect_55-57
7367,1641,Other,PL6a,0,0.0,0,0.0,2,0.0,47.01838999999018,effect_55-57
7368,1643,Other,PL6a,0,0.0,0,0.0,13,0.0,47.01838999999018,effect_55-57
7369,1651,Other,PL5,0,0.0,0,0.0,1,0.0,47.01838999999018,effect_55-57
7370,1655,Other,PL5,0,0.0,0,0.0,167,0.0,47.01838999999018,effect_55-57
7371,1658,Other,PL5,0,0.0,0,0.0,12,0.0,47.01838999999018,effect_55-57
7372,1676,Motor,MOs5,0,0.0,0,0.0,3,0.0,47.01838999999018,effect_55-57
7373,1681,Motor,MOs5,0,0.0,0,0.0,0,0.0,47.01838999999018,effect_55-57
7374,1684,Motor,MOs5,0,0.0,0,0.0,0,0.0,47.01838999999018,effect_55-57
7375,1685,Motor,MOs5,2,0.04253654793370036,6,3.0,211,0.02843601895734597,47.01838999999018,effect_55-57
7376,1686,Motor,MOs5,0,0.0,0,0.0,0,0.0,47.01838999999018,effect_55-57
7377,1687,Motor,MOs5,0,0.0,0,0.0,3,0.0,47.01838999999018,effect_55-57
7378,1690,Motor,MOs5,0,0.0,0,0.0,0,0.0,47.01838999999018,effect_55-57
7379,1697,Motor,MOs5,0,0.0,0,0.0,25,0.0,47.01838999999018,effect_55-57
7380,1699,Motor,MOs5,0,0.0,0,0.0,13,0.0,47.01838999999018,effect_55-57
7381,1713,Motor,MOs5,0,0.0,0,0.0,120,0.0,47.01838999999018,effect_55-57
7382,1738,Motor,MOs5,0,0.0,0,0.0,153,0.0,47.01838999999018,effect_55-57
7383,1747,STR,LSr,0,0.0,0,0.0,0,0.0,47.01838999999018,effect_55-57
7384,1749,STR,STR,0,0.0,0,0.0,3,0.0,47.01838999999018,effect_55-57
7385,1762,Other,ILA5,0,0.0,0,0.0,15,0.0,47.01838999999018,effect_55-57
7386,1763,Other,ILA5,0,0.0,0,0.0,12,0.0,47.01838999999018,effect_55-57
7387,1764,Other,ILA5,0,0.0,0,0.0,0,0.0,47.01838999999018,effect_55-57
7388,1768,Other,ILA5,0,0.0,0,0.0,7,0.0,47.01838999999018,effect_55-57
7389,1769,Other,ILA5,0,0.0,0,0.0,1,0.0,47.01838999999018,effect_55-57
7390,1782,Other,ILA5,0,0.0,0,0.0,1,0.0,47.01838999999018,effect_55-57
7391,1783,Other,ILA5,0,0.0,0,0.0,2,0.0,47.01838999999018,effect_55-57
7392,1785,Other,ILA5,0,0.0,0,0.0,40,0.0,47.01838999999018,effect_55-57
7393,1786,Other,ILA5,0,0.0,0,0.0,0,0.0,47.01838999999018,effect_55-57
7394,1789,Other,PL5,0,0.0,0,0.0,38,0.0,47.01838999999018,effect_55-57
7395,1796,Other,PL6a,0,0.0,0,0.0,14,0.0,47.01838999999018,effect_55-57
7396,1799,Other,PL6a,0,0.0,0,0.0,28,0.0,47.01838999999018,effect_55-57
7397,1801,Other,PL6a,0,0.0,0,0.0,0,0.0,47.01838999999018,effect_55-57
7398,1804,Other,PL6a,0,0.0,0,0.0,3,0.0,47.01838999999018,effect_55-57
7399,1806,Other,PL6a,0,0.0,0,0.0,2,0.0,47.01838999999018,effect_55-57
7400,1809,Other,PL6a,0,0.0,0,0.0,0,0.0,47.01838999999018,effect_55-57
7401,1811,Other,PL6a,0,0.0,0,0.0,4,0.0,47.01838999999018,effect_55-57
7402,1813,Other,PL6a,0,0.0,0,0.0,0,0.0,47.01838999999018,effect_55-57
7403,1815,Other,PL6a,0,0.0,0,0.0,2,0.0,47.01838999999018,effect_55-57
7404,1816,Other,PL6a,0,0.0,0,0.0,0,0.0,47.01838999999018,effect_55-57
7405,1818,Other,PL6a,0,0.0,0,0.0,19,0.0,47.01838999999018,effect_55-57
7406,1819,Other,PL6a,0,0.0,0,0.0,2,0.0,47.01838999999018,effect_55-57
7407,1822,Motor,MOs5,0,0.0,0,0.0,1,0.0,47.01838999999018,effect_55-57
7408,1826,Motor,MOs5,0,0.0,0,0.0,1,0.0,47.01838999999018,effect_55-57
7409,1827,Motor,MOs5,0,0.0,0,0.0,2,0.0,47.01838999999018,effect_55-57
7410,1828,Motor,MOs5,0,0.0,0,0.0,19,0.0,47.01838999999018,effect_55-57
7411,1829,Motor,MOs5,0,0.0,0,0.0,6,0.0,47.01838999999018,effect_55-57
7412,1830,Motor,MOs5,0,0.0,0,0.0,21,0.0,47.01838999999018,effect_55-57
7413,1832,Motor,MOs5,0,0.0,0,0.0,4,0.0,47.01838999999018,effect_55-57
7414,1833,Motor,MOs5,0,0.0,0,0.0,5,0.0,47.01838999999018,effect_55-57
7415,1840,STR,STR,1,0.02126827396685018,3,3.0,4,0.75,47.01838999999018,effect_55-57
7416,1844,Other,ILA2/3,0,0.0,0,0.0,31,0.0,47.01838999999018,effect_55-57
7417,1848,Other,ILA5,0,0.0,0,0.0,1,0.0,47.01838999999018,effect_55-57
7418,1849,Other,ILA5,0,0.0,0,0.0,2,0.0,47.01838999999018,effect_55-57
7419,1850,Other,PL6a,0,0.0,0,0.0,0,0.0,47.01838999999018,effect_55-57
7420,1851,Other,PL6a,0,0.0,0,0.0,1,0.0,47.01838999999018,effect_55-57
7421,1852,Other,PL6a,0,0.0,0,0.0,0,0.0,47.01838999999018,effect_55-57
7422,1854,Motor,MOs5,0,0.0,0,0.0,23,0.0,47.01838999999018,effect_55-57
7423,1855,Other,ILA2/3,0,0.0,0,0.0,0,0.0,47.01838999999018,effect_55-57
7424,1856,Other,ILA5,1,0.02126827396685018,4,4.0,33,0.12121212121212122,47.01838999999018,effect_55-57
7425,1857,Other,ILA5,0,0.0,0,0.0,4,0.0,47.01838999999018,effect_55-57
7426,1860,Other,PL6a,0,0.0,0,0.0,1,0.0,47.01838999999018,effect_55-57
7427,1862,Motor,MOs5,0,0.0,0,0.0,1,0.0,47.01838999999018,effect_55-57
7428,1863,Motor,MOs5,0,0.0,0,0.0,13,0.0,47.01838999999018,effect_55-57
7429,1864,Motor,MOs5,0,0.0,0,0.0,0,0.0,47.01838999999018,effect_55-57
7430,1865,Motor,MOs5,0,0.0,0,0.0,23,0.0,47.01838999999018,effect_55-57
7431,1866,Motor,MOs5,0,0.0,0,0.0,93,0.0,47.01838999999018,effect_55-57
7432,1868,Motor,MOs5,0,0.0,0,0.0,47,0.0,47.01838999999018,effect_55-57
7433,1872,Motor,MOs5,0,0.0,0,0.0,1,0.0,47.01838999999018,effect_55-57
