,amplitude_cutoff,electrode_group,electrodes,electrodes_index,id,isi_violations,location,presence_ratio,spike_times,spike_times_index,waveform_duration,x,y,z,spike_count,brain_area
0,6.374072240442459e-05,<HDF5 object reference>,30,1,0,0.1175568906568722,VAL,0.99,32.843980780986385,75455,0.4807370184254606,269,174,187,75455,Thalamus
1,0.0096311455904288,<HDF5 object reference>,30,2,1,0.3876306102468632,VAL,0.99,32.89668055407992,104995,0.4807370184254607,269,174,187,29540,Thalamus
2,0.0015044847905983,<HDF5 object reference>,31,3,2,0.0819149861103214,VAL,0.99,33.61641078851062,189354,0.4807370184254607,269,174,187,84359,Thalamus
4,0.0031799195543885,<HDF5 object reference>,31,5,4,0.3328030459630901,VAL,0.99,36.235499511644775,233272,0.4670016750418761,269,174,187,20270,Thalamus
5,0.0249077187276218,<HDF5 object reference>,32,6,5,0.162251644828185,VAL,0.99,36.298532573579905,271240,0.5219430485762143,269,173,187,37968,Thalamus
6,0.0138602618862382,<HDF5 object reference>,32,7,6,0.4457379111318815,VAL,0.99,36.33443241900795,442214,0.4944723618090452,269,173,187,170974,Thalamus
7,0.0061435673712544,<HDF5 object reference>,33,8,7,0.271242718982337,VAL,0.99,36.59013131805932,452516,0.5494137353433837,269,173,187,10302,Thalamus
8,0.0036761478347041,<HDF5 object reference>,35,9,8,0.2269589911608161,VAL,0.99,36.74883063475636,479814,0.5082077051926298,269,172,187,27298,Thalamus
9,0.0156231376281446,<HDF5 object reference>,35,10,9,0.1378000674643461,VAL,0.99,36.842863563217634,526649,0.4257956448911223,269,172,187,46835,Thalamus
12,0.0059675763674967,<HDF5 object reference>,35,13,12,0.199220182296395,VAL,0.99,37.25642844922049,590422,0.5494137353433837,269,172,187,12750,Thalamus
13,0.0057677510010447,<HDF5 object reference>,35,14,13,0.0372480766531478,VAL,0.99,37.57642707142031,676670,0.4807370184254606,269,172,187,86248,Thalamus
15,3.76038089042813e-05,<HDF5 object reference>,36,16,15,0.0032208101642156,VAL,0.99,37.65426006963207,1073469,0.5219430485762143,269,171,187,120516,Thalamus
16,0.0004740269744964,<HDF5 object reference>,36,17,16,0.1312282000139739,VAL,0.99,37.67852663181566,1106171,0.4944723618090452,269,171,187,32702,Thalamus
17,0.0250463464440097,<HDF5 object reference>,36,18,17,0.0346142235366098,VAL,0.99,37.700959868559494,1193880,0.5219430485762143,269,171,187,87709,Thalamus
19,0.0007401052930917,<HDF5 object reference>,39,20,19,0.0019065158514511,VAL,0.99,37.77515954908222,1330216,0.6043551088777218,269,170,187,106417,Thalamus
20,0.0002338095370856,<HDF5 object reference>,40,21,20,0.0129619198433093,VAL,0.99,37.79339280390968,1432926,0.4670016750418759,269,169,187,102710,Thalamus
21,0.0001175683693659,<HDF5 object reference>,40,22,21,0.0105242315832961,VAL,0.99,37.849859227451816,1525381,0.5219430485762143,269,169,187,92455,Thalamus
22,0.0953676143043819,<HDF5 object reference>,40,23,22,0.0497452878679635,VAL,0.99,37.89079238454133,1579172,0.5219430485762143,269,169,187,53791,Thalamus
24,0.014521616722152,<HDF5 object reference>,41,25,24,0.0454951790872363,VAL,0.99,37.990625288029605,1628033,0.5219430485762143,269,169,187,47060,Thalamus
25,0.0159664691097423,<HDF5 object reference>,43,26,25,0.0776843923073205,VAL,0.99,38.00292523507051,1675186,0.5356783919597988,269,168,187,47153,Thalamus
27,0.0002353594672199,<HDF5 object reference>,44,28,27,0.0024452890745816,VAL,0.99,38.01835850195357,1805147,0.4944723618090452,269,167,187,93965,Thalamus
28,0.0003924413714621,<HDF5 object reference>,44,29,28,0.0063252816497844,VAL,0.99,38.02475847439791,1863571,0.5082077051926298,269,167,187,58424,Thalamus
30,0.031806481431165,<HDF5 object reference>,45,31,30,0.1499283082923921,VAL,0.99,38.03249177443422,1929550,0.5082077051926298,269,167,187,41570,Thalamus
31,0.0001865498079361,<HDF5 object reference>,45,32,31,0.0069857355187161,VAL,0.99,38.039225078776326,1989598,0.5356783919597989,269,167,187,60048,Thalamus
32,0.0014555647904824,<HDF5 object reference>,45,33,32,0.015191823427821,VAL,0.99,38.056258338770476,2016255,0.4807370184254607,269,167,187,26657,Thalamus
33,0.0001890805947014,<HDF5 object reference>,46,34,33,0.0047835442064487,PO,0.99,38.16132455305933,2115145,0.6043551088777218,269,167,187,98890,Thalamus
35,0.0005652853691994,<HDF5 object reference>,47,36,35,0.0482319779707742,PO,0.99,38.78632186204277,2167227,0.5082077051926298,269,166,187,51825,Thalamus
36,0.0007992117152974,<HDF5 object reference>,47,37,36,0.0259100347253933,PO,0.99,39.58028511018574,2230690,0.5219430485762143,269,166,187,63463,Thalamus
37,0.0018092176947927,<HDF5 object reference>,47,38,37,0.1276301714609944,PO,0.99,39.744384403632466,2296583,0.5768844221105527,269,166,187,65893,Thalamus
39,0.0001135692012076,<HDF5 object reference>,48,40,39,0.0065641606041312,PO,0.99,40.92927930189626,2429396,0.5631490787269682,269,166,187,102057,Thalamus
40,0.0004916038399147,<HDF5 object reference>,48,41,40,0.0305371480031584,PO,0.99,44.79532932272468,2518911,0.4807370184254607,269,166,187,89515,Thalamus
41,0.0005761648022717,<HDF5 object reference>,48,42,41,0.0600811159028503,PO,0.99,44.88956225032416,2553521,0.4944723618090452,269,166,187,34610,Thalamus
42,0.0521055742583094,<HDF5 object reference>,48,43,42,0.2614347863448126,PO,0.99,44.93182873500655,2557231,0.6867671691792294,269,166,187,3710,Thalamus
43,0.0602761743845997,<HDF5 object reference>,48,44,43,0.0,PO,0.99,45.027261657439794,2557816,0.4944723618090451,269,166,187,585,Thalamus
44,3.377039305899715e-06,<HDF5 object reference>,49,45,44,0.0,PO,0.99,45.57175931302618,2634446,0.5219430485762143,269,165,187,76630,Thalamus
45,0.0106001774958428,<HDF5 object reference>,49,46,45,0.0524577627313817,PO,0.99,45.66259225526528,2679810,0.5219430485762143,269,165,187,45364,Thalamus
46,0.0007118141710285,<HDF5 object reference>,50,47,46,0.0106461694363586,PO,0.99,47.080119485229716,2771734,0.4807370184254607,269,165,187,91924,Thalamus
47,0.000164648507729,<HDF5 object reference>,52,48,47,0.0091269475637614,PO,0.99,47.74964993580261,2843326,0.5082077051926297,269,164,187,71592,Thalamus
49,0.0012660822105718,<HDF5 object reference>,51,50,49,0.0242468126709423,PO,0.99,48.36754727535617,2900814,0.5219430485762143,269,164,187,51685,Thalamus
51,0.0002367364893591,<HDF5 object reference>,52,52,51,0.0186689343127317,PO,0.99,52.27676377699163,3029687,0.4944723618090452,269,164,187,109318,Thalamus
52,0.0623143840274308,<HDF5 object reference>,52,53,52,0.1289467533718662,PO,0.99,53.41132555863851,3069570,0.5494137353433837,269,164,187,39883,Thalamus
53,1.8155080820196928e-05,<HDF5 object reference>,53,54,53,0.0,PO,0.99,53.681191063360075,3083824,0.5768844221105527,269,163,187,14254,Thalamus
54,0.0002775084669714,<HDF5 object reference>,54,55,54,0.0078730467972148,PO,0.99,54.06432274706458,3208483,0.4944723618090451,269,163,187,124659,Thalamus
55,0.0002439999324138,<HDF5 object reference>,54,56,55,0.0035939705962893,PO,0.99,54.21118878137804,3253232,0.5631490787269682,269,163,187,44749,Thalamus
56,0.0008154616551786,<HDF5 object reference>,53,57,56,0.0,PO,0.99,55.98908112640538,3292817,0.5219430485762143,269,163,187,39585,Thalamus
57,5.182185285460669e-05,<HDF5 object reference>,55,58,57,0.0082468739480575,PO,0.99,57.31687540939447,3386234,0.4807370184254607,269,162,187,93417,Thalamus
58,0.0087120114474876,<HDF5 object reference>,55,59,58,0.0290259165825722,PO,0.99,57.455808144532966,3446194,0.4944723618090452,269,162,187,59960,Thalamus
60,0.0004585021119105,<HDF5 object reference>,56,61,60,0.0021431181870624,PO,0.99,57.5094079137516,3530487,0.4670016750418761,269,162,187,70973,Thalamus
61,0.0001343126611566,<HDF5 object reference>,56,62,61,0.0435507574694888,PO,0.99,58.38560414116182,3605444,0.5082077051926297,269,162,187,74957,Thalamus
62,0.0262454666408088,<HDF5 object reference>,56,63,62,0.2509919023731882,PO,0.99,58.49150368519577,3720291,0.4944723618090451,269,162,187,114847,Thalamus
64,0.0005261149039407,<HDF5 object reference>,57,65,64,0.0,PCN,0.99,58.93736843212719,3828241,0.604355108877722,269,162,187,98555,Other
65,0.0181766097474568,<HDF5 object reference>,58,66,65,0.0983651975455335,PCN,0.99,60.342995713328946,3859669,0.5219430485762144,269,161,187,31428,Other
66,2.601283077492142e-05,<HDF5 object reference>,59,67,66,0.0010360467572117,PCN,0.99,60.665760990282706,3918603,0.5219430485762143,269,161,187,58934,Other
67,0.004884740238207,<HDF5 object reference>,59,68,67,0.3886420520315527,PCN,0.99,60.787560465857496,3991441,0.5631490787269682,269,161,187,72838,Other
68,0.0001597069438977,<HDF5 object reference>,60,69,68,0.0103830940588053,PCN,0.99,60.976092987436914,4065907,0.5631490787269682,269,160,187,74466,Other
69,0.000170828861525,<HDF5 object reference>,60,70,69,0.0,PCN,0.99,61.43895766117248,4123771,0.4807370184254607,269,160,187,57864,Other
70,0.0001628711321428,<HDF5 object reference>,58,71,70,0.0023200277366554,PCN,0.99,63.20281673328873,4179467,0.5631490787269681,269,161,187,55696,Other
71,3.5586866240029816e-06,<HDF5 object reference>,62,72,71,0.0013539131896978,CL,0.99,64.4924445139427,4252375,0.6180904522613064,269,160,187,72908,Thalamus
72,0.0002178509547668,<HDF5 object reference>,62,73,72,0.0006036988362329,CL,0.99,64.54617761592044,4329580,0.6318257956448909,269,160,187,77205,Thalamus
73,0.0006971964054758,<HDF5 object reference>,62,74,73,0.0090453284047367,CL,0.99,64.64827717631624,4398673,0.5906197654941373,269,160,187,69093,Thalamus
74,5.899662350953759e-05,<HDF5 object reference>,63,75,74,0.0,CL,0.99,64.7363434638005,4496698,0.604355108877722,269,160,187,98025,Thalamus
75,0.0004019668893139,<HDF5 object reference>,63,76,75,0.0217935699436104,CL,0.99,66.07500436666896,4544777,0.5219430485762143,269,160,187,48079,Thalamus
77,0.0002389583335259,<HDF5 object reference>,64,78,77,0.02006968141762,CL,0.99,70.06125386996109,4710543,0.5082077051926298,269,159,187,106281,Thalamus
79,0.0002294275592287,<HDF5 object reference>,65,80,79,0.0061530578000712,CL,0.99,70.40761904530245,4863609,0.5631490787269682,269,159,187,59236,Thalamus
80,0.0009026985201827,<HDF5 object reference>,65,81,80,0.0184749934400336,CL,0.99,71.55601410072131,4907742,0.5768844221105527,269,159,187,44133,Thalamus
81,0.0033452715373875,<HDF5 object reference>,65,82,81,0.0605553389272633,CL,0.99,75.4421640350065,4935536,0.5768844221105527,269,159,187,27794,Thalamus
82,0.0024040335727212,<HDF5 object reference>,66,83,82,0.0,CL,0.97,79.61071275338341,4939723,0.6730318257956448,269,158,187,4187,Thalamus
83,0.0001381010758366,<HDF5 object reference>,67,84,83,0.0235646855883567,CL,0.99,79.65807921610693,4984278,0.5906197654941373,269,158,187,44555,Thalamus
84,0.0301641363539705,<HDF5 object reference>,67,85,84,0.0376432793646403,CL,0.99,79.68367910588289,5048391,0.5494137353433837,269,158,187,64113,Thalamus
85,0.054364280237442,<HDF5 object reference>,68,86,85,0.2083098354252208,CL,0.99,79.72317893581065,5156613,0.5631490787269682,269,157,187,108222,Thalamus
86,0.0001738229423109,<HDF5 object reference>,68,87,86,0.003299927854314,CL,0.99,79.7524788096558,5243981,0.535678391959799,269,157,187,87368,Thalamus
88,0.0001974626657862,<HDF5 object reference>,69,89,88,0.0,CL,0.99,79.86797831235597,5352843,0.5906197654941373,269,157,187,80154,Thalamus
89,0.0007676778645969,<HDF5 object reference>,69,90,89,0.0149655943369591,CL,0.99,79.97984449736657,5441920,0.5631490787269682,269,157,187,89077,Thalamus
90,0.0015994856335098,<HDF5 object reference>,69,91,90,0.0188143920038259,CL,0.99,80.00347772894361,5528286,0.5768844221105527,269,157,187,86366,Thalamus
91,0.0019795881231087,<HDF5 object reference>,70,92,91,0.0125818916372314,CL,0.99,80.05074419209767,5576119,0.6318257956448912,269,156,187,47833,Thalamus
92,0.0001908780524421,<HDF5 object reference>,71,93,92,0.0156573599108694,CL,0.99,80.17744364657483,5734393,0.6318257956448912,269,156,187,158274,Thalamus
93,0.0001291237845226,<HDF5 object reference>,71,94,93,0.0039175905475205,CL,0.99,80.24491002275523,5802162,0.5768844221105527,269,156,187,67769,Thalamus
94,0.0053317578158506,<HDF5 object reference>,71,95,94,0.0,CL,0.99,80.29710979800154,5806324,0.6318257956448912,269,156,187,4162,Thalamus
96,0.0003080428478631,<HDF5 object reference>,72,97,96,0.0,CL,0.99,80.69177476538104,5934558,0.5906197654941374,269,156,187,93306,Thalamus
98,0.0006871037331556,<HDF5 object reference>,73,99,98,0.0,CL,0.99,80.73640790653992,5998172,0.604355108877722,269,155,187,61136,Thalamus
101,0.0724248743628151,<HDF5 object reference>,76,102,101,0.0934060789352447,CL,0.99,87.06351399760177,6156038,0.5082077051926298,269,154,187,112410,Thalamus
102,0.0276901714472442,<HDF5 object reference>,76,103,102,0.0279456785587936,CL,0.99,87.13941367080474,6237075,0.604355108877722,269,154,187,81037,Thalamus
106,0.0016204346261241,<HDF5 object reference>,78,107,106,0.0299660127405033,CL,0.99,87.55984519390927,6438065,0.5494137353433836,269,153,186,50217,Thalamus
107,0.0464903390783772,<HDF5 object reference>,79,108,107,0.0264131766244613,CL,0.99,87.65977809696702,6496425,0.6455611390284757,269,152,186,58360,Thalamus
108,0.0001464397535419,<HDF5 object reference>,78,109,108,0.0008121550237019,CL,0.99,88.1625092657185,6590560,0.5906197654941373,269,153,186,94135,Thalamus
109,0.0003859600733056,<HDF5 object reference>,80,110,109,0.0020618607879092,CL,0.99,88.1924758033599,6662918,0.6592964824120603,269,152,186,72358,Thalamus
110,0.0002974599736606,<HDF5 object reference>,80,111,110,0.0669790448665517,CL,0.99,88.22097568064954,6698070,0.6455611390284757,269,152,186,35152,Thalamus
112,1.7989751533946806e-05,<HDF5 object reference>,81,113,112,0.0,CL,0.99,89.35263747478248,6829748,0.5768844221105527,269,152,186,76379,Thalamus
113,0.0026719351270616,<HDF5 object reference>,83,114,113,0.256232211102042,CL,0.99,89.49600352416587,6852543,0.6180904522613065,269,151,186,22795,Thalamus
116,0.0002105494143911,<HDF5 object reference>,84,117,116,0.0011535841659976,CL,0.99,91.7495938210065,6990661,0.5631490787269682,269,150,186,55851,Thalamus
117,0.0001763362328651,<HDF5 object reference>,84,118,117,0.0142007119991047,CL,0.99,91.79456029406352,7114988,0.5906197654941373,269,150,186,124327,Thalamus
118,0.000523783559416,<HDF5 object reference>,83,119,118,0.014950840009049,CL,0.99,92.01472601277479,7166442,0.6730318257956448,269,151,186,51454,Thalamus
120,0.0001414515661798,<HDF5 object reference>,86,121,120,0.0213918376055386,CL,0.99,92.18702527091538,7234913,0.6180904522613065,269,149,186,66133,Thalamus
121,0.0048838789904773,<HDF5 object reference>,86,122,121,0.2864672904570409,CL,0.99,92.35495788119056,7308663,0.6730318257956449,269,149,186,73750,Thalamus
122,3.841783284012868e-05,<HDF5 object reference>,87,123,122,0.0,CL,0.94,95.17597906820866,7315399,0.5906197654941373,269,149,186,6736,Thalamus
123,0.0176691465790686,<HDF5 object reference>,87,124,123,0.0502703726035801,CL,0.99,96.90327163110041,7395663,0.6455611390284757,269,149,186,80264,Thalamus
124,1.0426659101033632e-05,<HDF5 object reference>,87,125,124,0.0292478620534742,CL,0.99,97.03613772569285,7438622,0.5906197654941373,269,149,186,42959,Thalamus
126,0.0006853790964397,<HDF5 object reference>,88,127,126,0.0311315474964057,CL,0.99,97.1366039597876,7508774,0.5906197654941373,269,148,186,68841,Thalamus
132,0.0001397577112255,<HDF5 object reference>,92,133,132,0.0,CL,0.99,100.4263897951383,8039662,0.6592964824120604,269,147,186,61350,Thalamus
133,0.0001392367628594,<HDF5 object reference>,91,134,133,0.0076689332913443,CL,0.99,103.22661107171344,8111505,0.6043551088777218,269,147,186,71843,Thalamus
134,0.0003717920066665,<HDF5 object reference>,91,135,134,0.0038928173730789,CL,0.99,103.24544432395747,8172312,0.6318257956448912,269,147,186,60807,Thalamus
135,0.0001303066311063,<HDF5 object reference>,91,136,135,0.0037496841116777,CL,0.99,103.27097754735382,8216122,0.7142378559463987,269,147,186,43810,Thalamus
136,0.0036514573315628,<HDF5 object reference>,92,137,136,0.0409189838861301,CL,0.99,103.28641081423699,8276896,0.6043551088777218,269,147,186,60774,Thalamus
137,3.4684008050766585e-05,<HDF5 object reference>,92,138,137,0.0141166364591664,CL,0.99,103.3092107160687,8316004,0.6318257956448912,269,147,186,39108,Thalamus
138,0.0002680177908062,<HDF5 object reference>,93,139,138,0.0075576492160038,CL,0.99,103.32641064201194,8353798,0.6592964824120603,269,146,186,37794,Thalamus
139,0.0010373702556582,<HDF5 object reference>,93,140,139,0.0,CL,0.99,103.33454394032617,8376597,0.5906197654941373,269,146,186,22799,Thalamus
140,0.0002732018298476,<HDF5 object reference>,95,141,140,0.007163080742189,CL,0.99,103.34467723002916,8435897,0.6180904522613065,269,145,186,59300,Thalamus
141,6.116989728613035e-06,<HDF5 object reference>,95,142,141,0.016059055083114,CL,0.99,103.47094335303875,8478236,0.5494137353433837,269,145,186,42339,Thalamus
142,0.0005834967188796,<HDF5 object reference>,96,143,142,0.0217714611660251,CL,0.99,104.94097035695795,8575298,0.6455611390284757,269,145,186,97062,Thalamus
143,0.0083405483567151,<HDF5 object reference>,96,144,143,0.0249370107160132,CL,0.99,106.42359730662625,8623348,0.535678391959799,269,145,186,48050,Thalamus
144,0.0003621247081345,<HDF5 object reference>,99,145,144,0.0251735431057823,LP,0.99,106.46753045079907,8668083,0.6043551088777219,269,144,186,44735,Thalamus
145,0.0001021679356913,<HDF5 object reference>,97,146,145,0.0008099024201548,CL,0.99,106.661596445418,8734739,0.6592964824120603,269,144,186,66656,Thalamus
146,0.0002639840147793,<HDF5 object reference>,98,147,146,0.0887726097228204,CL,0.99,106.81479606613456,8763915,0.7142378559463987,269,144,186,29176,Thalamus
147,0.0004647960079431,<HDF5 object reference>,98,148,147,0.0027224070568799,CL,0.99,106.99806227908054,8866746,0.6318257956448912,269,144,186,102831,Thalamus
151,0.000495676915692,<HDF5 object reference>,99,152,151,0.0141516693794862,LP,0.99,107.50546102288983,9026145,0.5494137353433837,269,144,186,31892,Thalamus
155,0.0002893250776661,<HDF5 object reference>,100,156,155,0.0565612462914057,LP,0.99,107.76709370848695,9342283,0.6180904522613065,269,144,186,60219,Thalamus
156,0.000435751309041,<HDF5 object reference>,101,157,156,0.0133909681618108,LP,0.99,107.84806017470116,9391461,0.6730318257956448,269,143,186,49178,Thalamus
157,4.979172301215948e-06,<HDF5 object reference>,101,158,157,0.009325103510265,LP,0.99,107.95275991549114,9443434,0.6180904522613065,269,143,186,51973,Thalamus
158,0.0425828544433121,<HDF5 object reference>,101,159,158,0.0486883432639407,LP,0.99,108.08719291600244,9496429,0.6043551088777218,269,143,186,52995,Thalamus
159,0.0382562583046715,<HDF5 object reference>,102,160,159,0.0220101248754327,LP,0.99,108.21322593730996,9582202,0.6730318257956449,269,143,186,85773,Thalamus
160,0.0011515278493973,<HDF5 object reference>,102,161,160,0.0227762257169435,LP,0.99,108.26829246764585,9623890,0.6455611390284757,269,143,186,41688,Thalamus
161,0.0186268005157572,<HDF5 object reference>,102,162,161,0.0630804823585211,LP,0.99,108.32715898857393,9655031,0.5906197654941373,269,143,186,31141,Thalamus
162,0.0002014126560071,<HDF5 object reference>,103,163,162,0.0035768407419493,LP,0.99,108.39319215842586,9718467,0.6318257956448909,269,142,186,63436,Thalamus
164,0.000125938775253,<HDF5 object reference>,103,165,164,0.0086292900897904,LP,0.99,108.60065831145891,9806166,0.5906197654941373,269,142,186,50020,Thalamus
165,0.0073272545097358,<HDF5 object reference>,103,166,165,0.0613923238505254,LP,0.99,108.67929145011652,9878392,0.5219430485762143,269,142,186,72226,Thalamus
166,0.0088496187068558,<HDF5 object reference>,104,167,166,0.0143590360328614,LP,0.99,108.71575802650119,10003041,0.5494137353433837,269,142,186,124649,Thalamus
168,8.701485959886017e-05,<HDF5 object reference>,105,169,168,0.0003583348675722,LP,0.99,108.91669086237575,10173446,0.5356783919597988,269,141,186,100210,Thalamus
170,0.0002508637626041,<HDF5 object reference>,107,171,170,0.0016624255503155,LP,0.99,109.04505721123986,10310444,0.5906197654941373,269,140,186,65796,Thalamus
171,0.0909514674735651,<HDF5 object reference>,107,172,171,0.0209918569601233,LP,0.99,109.10779038926175,10385656,0.5906197654941373,269,140,186,75212,Thalamus
173,7.888223538632757e-05,<HDF5 object reference>,108,174,173,0.0055285596558116,LP,0.99,109.14429029889722,10642782,0.5631490787269682,269,140,185,146557,Thalamus
175,0.0007224931549749,<HDF5 object reference>,111,176,175,0.0075131128965645,LP,0.99,109.37895638459014,10820376,0.6180904522613064,269,138,185,81886,Thalamus
176,0.019185326948889,<HDF5 object reference>,110,177,176,0.0507819790863228,LP,0.99,109.48715611671501,10891306,0.5768844221105527,269,139,185,70930,Thalamus
178,0.0077022340481342,<HDF5 object reference>,115,179,178,0.0527982207821939,LP,0.99,109.58875586517979,10993402,0.6318257956448909,269,137,185,68077,Thalamus
181,0.0037990742412219,<HDF5 object reference>,112,182,181,0.041392237892147,LP,0.99,109.68648895655076,11200223,0.5494137353433836,269,138,185,86466,Thalamus
182,5.537386592844992e-05,<HDF5 object reference>,114,183,182,0.0019435637043967,LP,0.99,109.71665554853259,11286280,0.6180904522613065,269,137,185,86057,Thalamus
183,0.0079654376402822,<HDF5 object reference>,115,184,183,0.0357766806612676,LP,0.99,109.75635545024569,11367136,0.6043551088777219,269,137,185,80856,Thalamus
184,0.0002750860804556,<HDF5 object reference>,115,185,184,0.0017570236358687,LP,0.99,109.77555540271148,11445520,0.6455611390284757,269,137,185,78384,Thalamus
185,0.0001291276307452,<HDF5 object reference>,116,186,185,0.0,LP,0.99,109.84695522594362,11566561,0.5356783919597988,269,136,185,121041,Thalamus
186,0.0696172878545403,<HDF5 object reference>,120,187,186,0.0234265495309383,LP,0.99,109.87742181718272,11667248,0.6318257956448909,269,134,185,100687,Thalamus
188,0.0380530121577338,<HDF5 object reference>,119,189,188,0.0,LP,0.99,109.99542152504534,11676270,0.5631490787269682,269,135,185,6385,Thalamus
189,0.0058670307422842,<HDF5 object reference>,119,190,189,0.0140049084046633,LP,0.99,110.01952146538001,11724358,0.5082077051926298,269,135,185,48088,Thalamus
191,0.0002486582481371,<HDF5 object reference>,120,192,191,0.0012018183738858,LP,0.99,110.41065383036873,11857113,0.5631490787269682,269,134,185,77384,Thalamus
192,0.0002687219515431,<HDF5 object reference>,120,193,192,0.0045146772348009,LP,0.99,110.48435364790666,11989533,0.5356783919597988,269,134,185,132420,Thalamus
195,0.0213895429837611,<HDF5 object reference>,122,196,195,0.0373069200612837,LP,0.99,110.75638630775607,12135887,0.6318257956448912,269,133,185,87292,Thalamus
197,2.341626599445325e-06,<HDF5 object reference>,123,198,197,0.0,LP,0.99,110.86481937263662,12366185,0.5906197654941373,269,133,185,110514,Thalamus
199,0.0050114332625804,<HDF5 object reference>,125,200,199,0.0228394477832628,LP,0.99,111.05365223846763,12499622,0.5906197654941373,269,132,185,126146,Thalamus
200,0.0003668358410975,<HDF5 object reference>,125,201,200,0.0063131149329164,LP,0.99,111.08371883069704,12668440,0.4944723618090451,269,132,185,168818,Thalamus
202,0.0050942150773072,<HDF5 object reference>,126,203,202,0.0150684132756929,LP,0.99,111.55905098722842,12817004,0.5906197654941373,269,131,185,130212,Thalamus
203,0.0005746719684418,<HDF5 object reference>,127,204,203,0.0087807434638183,LP,0.99,111.65058409394898,12892749,0.4807370184254607,269,131,185,75745,Thalamus
205,0.0013887814453749,<HDF5 object reference>,127,206,205,0.0383730523283092,LP,0.99,111.82065033957471,13046307,0.535678391959799,269,131,185,98756,Thalamus
207,0.0008324002679755,<HDF5 object reference>,128,208,207,0.014917246278563,LD,0.99,112.04174979218851,13207083,0.5768844221105527,268,131,185,87859,Thalamus
210,8.353992361746082e-06,<HDF5 object reference>,129,211,210,0.0,LD,0.99,112.28874918068061,13464427,0.5768844221105526,268,131,185,149013,Thalamus
211,5.2995962286899216e-05,<HDF5 object reference>,131,212,211,0.0,LD,0.99,112.31858244015436,13609310,0.5631490787269681,268,130,185,144883,Thalamus
212,0.0001102451167104,<HDF5 object reference>,131,213,212,0.0,LD,0.99,112.39248225719714,13732531,0.5082077051926298,268,130,185,123221,Thalamus
215,0.0754826986655583,<HDF5 object reference>,132,216,215,0.02779923576227,LD,0.99,112.77928129958075,14010958,0.535678391959799,268,129,185,133653,Thalamus
216,0.0090179941911849,<HDF5 object reference>,132,217,216,0.0323617890659446,LD,0.99,112.84231447685991,14142240,0.5219430485762143,268,129,185,131282,Thalamus
218,0.0269576445453615,<HDF5 object reference>,133,219,218,0.0201179452303976,LD,0.99,112.99274743775935,14377178,0.5906197654941373,268,129,185,169698,Thalamus
219,7.109785641342833e-05,<HDF5 object reference>,135,220,219,0.0003603746113565,LD,0.99,113.0052474068126,14477104,0.5082077051926299,268,128,185,99926,Thalamus
220,0.0001259785003748,<HDF5 object reference>,135,221,220,0.0,LD,0.99,113.59604594414515,14645394,0.5219430485762144,268,128,185,168290,Thalamus
222,2.2745171774437e-05,<HDF5 object reference>,136,223,222,0.0,LD,0.99,113.63291251953952,14775178,0.4670016750418761,268,128,185,129210,Thalamus
225,0.0001548396482612,<HDF5 object reference>,137,226,225,0.0010334498419813,LD,0.99,113.69704569409537,14873135,0.5494137353433837,268,127,185,59008,Thalamus
227,0.0690725760597336,<HDF5 object reference>,138,228,227,0.0308053360671913,LD,0.99,113.7164789793168,15427356,0.5494137353433836,268,127,185,146207,Thalamus
228,0.0193680583263643,<HDF5 object reference>,140,229,228,0.0554051659009117,LD,0.99,113.75131222641186,15655441,0.4807370184254607,268,126,185,228085,Thalamus
229,0.0001646506522404,<HDF5 object reference>,140,230,229,0.0011739127018322,LD,0.99,113.80057877110704,15883718,0.4944723618090451,268,126,185,228277,Thalamus
230,0.0012972471799839,<HDF5 object reference>,140,231,230,0.018590308521541,LD,0.99,113.86474527891369,15995886,0.5082077051926298,268,126,185,112168,Thalamus
234,0.000254317690627,<HDF5 object reference>,145,235,234,0.0,LD,0.99,114.28671090090042,16330796,0.5082077051926298,268,124,184,58189,Thalamus
235,0.095103611040805,<HDF5 object reference>,146,236,235,0.0686489755869905,LD,0.99,114.3312774572316,16338036,0.4670016750418761,268,123,184,7240,Thalamus
236,0.0149365119922149,<HDF5 object reference>,147,237,236,0.2047710915379892,LD,0.99,114.36764403386383,16342228,0.535678391959799,268,123,184,4192,Thalamus
237,0.0039891939037978,<HDF5 object reference>,148,238,237,0.0527643938200134,LD,0.99,114.4696104480875,16459599,0.5082077051926298,268,122,184,117371,Thalamus
239,0.0276888859170575,<HDF5 object reference>,149,240,239,0.0895598293855625,LD,0.99,114.53437695440871,16539115,0.5356783919597988,268,122,184,47856,Thalamus
242,0.0018518644342298,<HDF5 object reference>,168,243,242,0.4120941473658513,DG-mo,0.99,114.69867654764455,16710190,0.7691792294807371,268,113,184,4179,Other
247,0.0085049522681987,<HDF5 object reference>,174,248,247,0.0,DG-sg,0.98,114.91754267245416,16748169,0.6867671691792293,268,111,184,1052,Other
253,0.018422896649556,<HDF5 object reference>,178,254,253,0.0,DG-sg,0.78,115.12724215329139,17034705,0.7142378559463985,268,109,184,485,Other
257,7.123041642753955e-05,<HDF5 object reference>,185,258,257,0.0,CA3,0.99,115.34334161828389,17503165,0.4257956448911223,268,106,184,107984,Other
258,0.004130931657845,<HDF5 object reference>,186,259,258,0.2680601846761609,CA3,0.98,115.35010826819804,17509511,0.6318257956448912,268,106,184,6346,Other
259,0.0024081802971337,<HDF5 object reference>,188,260,259,0.0410011534694869,CA3,0.99,115.35937491192284,17545794,0.4944723618090452,268,105,184,36283,Other
260,0.0074435286325837,<HDF5 object reference>,194,261,260,0.0,CA3,0.83,115.52490783543861,17546895,0.6867671691792293,268,102,184,1101,Other
265,0.0413042188715524,<HDF5 object reference>,196,266,265,0.0987022747561801,CA3,0.99,115.83044041235073,17929925,0.5768844221105527,268,101,184,25617,Other
280,0.0013703381390722,<HDF5 object reference>,202,281,280,0.1350544295780204,DG-sg,0.99,116.65547170311567,18387549,0.5219430485762144,268,99,183,17881,Other
282,0.0781542172152231,<HDF5 object reference>,208,283,282,0.0,DG-mo,0.85,116.70870490465708,18423622,0.6867671691792294,268,96,184,396,Other
284,0.0014483708999508,<HDF5 object reference>,212,285,284,0.017981735490046,DG-mo,0.99,116.82903794007632,18759024,0.5219430485762143,268,94,183,119198,Other
285,0.0037318813752316,<HDF5 object reference>,235,286,285,0.0575678346132043,CA1,0.99,116.8482045592913,18770205,0.4807370184254607,268,84,183,11181,Other
286,0.0003204845877707,<HDF5 object reference>,245,287,286,0.0018555939400304,CA1,0.99,116.85617120623456,18934975,0.6043551088777218,268,79,183,164770,Other
288,0.0021695279193761,<HDF5 object reference>,253,289,288,0.210680718684365,CA1,0.99,116.89853776801236,18984476,0.6455611390284757,268,76,183,35791,Other
299,0.0045828247060449,<HDF5 object reference>,259,300,299,0.0689343191337007,CA1,0.99,117.42576979605282,19417425,0.8927973199329983,268,73,183,7225,Other
300,0.0052088241110215,<HDF5 object reference>,259,301,300,0.0679171970072939,CA1,0.99,117.43526977253327,19486094,0.5082077051926298,268,73,183,68669,Other
301,0.0273691187010376,<HDF5 object reference>,259,302,301,0.2090036604204992,CA1,0.99,117.52240289014709,19540670,0.6592964824120603,268,73,183,54576,Other
303,0.0812013057110734,<HDF5 object reference>,260,304,303,0.1477576806977989,CA1,0.99,117.57700275497167,19643997,0.7005025125628139,268,73,182,54953,Other
304,2.2095502220893908e-05,<HDF5 object reference>,260,305,304,0.0,CA1,0.63,117.59013605579028,19655709,0.9477386934673366,268,73,182,11712,Other
305,0.0573657723885989,<HDF5 object reference>,260,306,305,0.0297935964891615,CA1,0.99,117.61010267302466,19738681,0.5219430485762144,268,73,182,82972,Other
309,0.0311808705604092,<HDF5 object reference>,261,310,309,0.0,CA1,0.49,117.78570223828464,19979624,0.7005025125628142,268,72,182,304,Other
314,0.0087798632512756,<HDF5 object reference>,263,315,314,0.0672792624133757,CA1,0.99,118.45323391897871,20270252,0.7966499162479062,268,72,182,99472,Other
315,0.0013502376532447,<HDF5 object reference>,261,316,315,0.3220921503510292,CA1,0.97,118.4840005094751,20288863,0.9065326633165828,268,72,182,18611,Other
318,0.0016789268855566,<HDF5 object reference>,263,319,318,0.0229441150962761,CA1,0.99,118.77456645677411,20497886,0.7691792294807371,268,72,182,37570,Other
324,0.0017831843372893,<HDF5 object reference>,264,325,324,0.1936221987259661,CA1,0.98,119.21819869178647,20658579,0.8241206030150754,268,71,182,4311,Other
326,0.0007669704728793,<HDF5 object reference>,262,327,326,0.0398037020412105,CA1,0.99,119.29686516369489,20706444,0.8103852596314907,268,72,182,23290,Other
328,0.0103509153814111,<HDF5 object reference>,265,329,328,0.1915359050915613,CA1,0.99,119.39726491513055,20784274,0.7691792294807371,268,71,182,51103,Other
332,0.0367234391602729,<HDF5 object reference>,287,333,332,0.0064181362596965,ccb,0.99,119.78789728135715,21067980,0.5356783919597988,268,61,181,71035,Other
341,0.0548108313371299,<HDF5 object reference>,295,342,341,0.2597507859944012,cing,0.99,121.31026017903909,21648160,0.9202680067001676,268,58,181,24689,Other
343,0.0031235682551066,<HDF5 object reference>,296,344,343,0.0082253412897751,cing,0.99,121.38522666010775,21710761,0.6455611390284756,268,57,181,20916,Other
346,0.0479953023403077,<HDF5 object reference>,297,347,346,0.0413914593703051,cing,0.97,121.57242619664915,22003651,0.7005025125628142,268,57,181,20849,Other
347,0.0033509587790335,<HDF5 object reference>,298,348,347,0.0,cing,0.98,121.60675944498206,22010143,0.6867671691792294,268,56,181,6492,Other
349,0.0172777764392289,<HDF5 object reference>,302,350,349,0.3726395258898466,SSp-tr6b,0.99,121.7302258059773,22034445,0.7005025125628139,268,55,181,6215,Somatosensory
354,0.0125298630766589,<HDF5 object reference>,305,355,354,0.2400161670571295,SSp-tr6a,0.98,122.20002464287445,22286576,0.7966499162479062,268,54,181,3872,Somatosensory
355,0.033006886459952,<HDF5 object reference>,307,356,355,0.0,SSp-tr6a,0.98,122.25265784590131,22292347,0.7142378559463987,268,53,181,5771,Somatosensory
358,0.0258690341362343,<HDF5 object reference>,310,359,358,0.0,SSp-tr6a,0.88,122.42622408286196,22328354,0.6592964824120604,268,52,180,2942,Somatosensory
359,0.0335363878784864,<HDF5 object reference>,311,360,359,0.0682712652962501,SSp-tr6a,0.99,122.43802405364822,22335614,0.5906197654941373,268,51,180,7260,Somatosensory
361,0.0803264536891713,<HDF5 object reference>,315,362,361,0.4522184535954214,SSp-tr6a,0.99,122.4918572537042,22443630,0.5768844221105527,268,49,180,19132,Somatosensory
367,0.0077103972407298,<HDF5 object reference>,321,368,367,0.0,SSp-tr6a,0.7,122.66475682564868,22692676,0.7417085427135679,268,46,180,874,Somatosensory
371,0.0593097360901059,<HDF5 object reference>,324,372,371,0.4632546563747768,SSp-tr6a,0.99,122.74122330300372,22811001,0.6043551088777218,268,45,180,50859,Somatosensory
372,0.0003145298345346,<HDF5 object reference>,327,373,372,0.0247670208050829,SSp-tr6a,0.99,122.74858995143244,22849118,0.6730318257956448,268,43,180,38117,Somatosensory
373,0.0089860753473304,<HDF5 object reference>,327,374,373,0.0307774805142792,SSp-tr6a,0.99,122.76582324210051,22969038,0.604355108877722,268,43,180,119920,Somatosensory
374,0.0089235459636469,<HDF5 object reference>,327,375,374,0.0,SSp-tr6a,0.88,122.78945651692385,22970851,0.6318257956448912,268,43,180,1813,Somatosensory
375,0.053655819992591,<HDF5 object reference>,327,376,375,0.1750112640950807,SSp-tr6a,0.99,122.81428978877629,23011912,0.7142378559463987,268,43,180,41061,Somatosensory
376,0.0002684282388816,<HDF5 object reference>,328,377,376,0.0007731473989324,SSp-tr6a,0.99,122.82912308538614,23080134,0.5631490787269682,268,43,180,68222,Somatosensory
381,0.0021861476248546,<HDF5 object reference>,329,382,381,0.0,SSp-tr5,0.96,123.21442213148335,23301754,0.6455611390284756,268,43,180,4977,Somatosensory
383,0.00074303811641,<HDF5 object reference>,331,384,383,0.0003519353088908,SSp-tr5,0.99,123.52638802580152,23409060,0.6592964824120603,268,42,180,101117,Somatosensory
384,0.0042139282330951,<HDF5 object reference>,335,385,384,0.3785229207657986,SSp-tr5,0.99,123.5910211991195,23433918,0.5906197654941374,268,40,180,24858,Somatosensory
386,0.0004888533427136,<HDF5 object reference>,332,387,386,0.0016809105781335,SSp-tr5,0.99,123.60302116941062,23555617,0.5494137353433837,268,41,180,80139,Somatosensory
387,0.0006880239620376,<HDF5 object reference>,335,388,387,0.0,SSp-tr5,0.98,123.61052115084257,23577342,0.535678391959799,268,40,180,21725,Somatosensory
388,0.0180749047321925,<HDF5 object reference>,334,389,388,0.0,SSp-tr5,0.96,123.61895446329716,23579675,0.604355108877722,268,40,180,2333,Somatosensory
389,0.0396571571227717,<HDF5 object reference>,333,390,389,0.0398272125526874,SSp-tr5,0.99,123.8186539688918,23642726,0.7279731993299831,268,41,180,63051,Somatosensory
391,6.432674324690388e-05,<HDF5 object reference>,335,392,391,0.0007539192119478,SSp-tr5,0.99,123.91245373666733,23891600,0.6730318257956448,268,40,180,138173,Somatosensory
392,2.657768990420224e-06,<HDF5 object reference>,336,393,392,0.0018879296008934,SSp-tr5,0.99,123.93515368046803,23989222,0.5631490787269682,268,39,180,97622,Somatosensory
394,0.0002768877401067,<HDF5 object reference>,338,395,394,0.0,SSp-tr5,0.99,123.96195361411819,24036192,0.6455611390284757,268,38,180,38183,Somatosensory
395,0.0508375622875484,<HDF5 object reference>,339,396,395,0.1821261975346301,SSp-tr5,0.99,123.98172023184772,24096158,0.5906197654941373,268,38,180,59966,Somatosensory
396,0.0019591206113637,<HDF5 object reference>,339,397,396,0.2535828933948164,SSp-tr5,0.95,124.07425333609254,24099925,0.6180904522613065,268,38,180,3767,Somatosensory
397,0.0065428118651639,<HDF5 object reference>,336,398,397,0.0229821666588192,SSp-tr5,0.99,124.09955327345631,24153013,0.6592964824120604,268,39,180,53088,Somatosensory
398,0.0024222377135421,<HDF5 object reference>,340,399,398,0.0614406644663644,RSPagl5,0.99,124.129219866676,24239597,0.5906197654941373,268,38,181,86584,Other
399,0.0087478090281318,<HDF5 object reference>,340,400,399,0.0087735464835909,RSPagl5,0.99,124.15518646905593,24309752,0.6043551088777218,268,38,181,70155,Other
400,0.000263946279748,<HDF5 object reference>,341,401,400,0.0,RSPagl5,0.99,124.20295301746474,24345929,0.5631490787269682,268,38,180,36177,Other
401,0.0599168729044363,<HDF5 object reference>,338,402,401,0.0910768421149828,SSp-tr5,0.99,124.27858616354956,24385183,0.6043551088777218,268,38,180,39254,Somatosensory
404,0.0300228566990989,<HDF5 object reference>,341,405,404,0.2291585733654143,RSPagl5,0.99,124.4813856614694,24437578,0.5906197654941373,268,38,180,11888,Other
405,0.027099624114275,<HDF5 object reference>,353,406,405,0.440635497896096,RSPagl5,0.99,124.50231894297724,24443968,0.6867671691792293,268,32,180,6390,Other
410,0.0005302920533013,<HDF5 object reference>,362,411,410,0.0,RSPagl2/3,0.82,124.88345133272337,24562119,0.7691792294807371,268,29,180,488,Other
413,0.0037183423773133,<HDF5 object reference>,30,414,413,0.2634833779353769,VAL,0.99,125.050750918532,24627420,0.4807370184254607,269,174,187,49027,Thalamus
414,0.0761284634456147,<HDF5 object reference>,32,415,414,0.2185178511383108,VAL,0.99,125.0873841611707,24659114,0.5494137353433836,269,173,187,31694,Thalamus
416,0.0045222384692101,<HDF5 object reference>,34,417,416,0.0927213081821517,VAL,0.99,125.13368404654392,24720906,0.5631490787269682,269,172,187,60399,Thalamus
417,0.0573133842337081,<HDF5 object reference>,35,418,417,0.2391589168050177,VAL,0.99,125.16191730997886,24776036,0.4532663316582916,269,172,187,55130,Thalamus
418,0.0364873971922772,<HDF5 object reference>,44,419,418,0.0721532725082067,VAL,0.99,125.34078353381808,24803387,0.5082077051926298,269,167,187,27351,Thalamus
419,0.0913494547282504,<HDF5 object reference>,48,420,419,0.1148568892306543,PO,0.99,125.36258347984693,24835050,0.5494137353433837,269,166,187,31663,Thalamus
421,0.0001488087432229,<HDF5 object reference>,51,422,421,0.0146214093530053,PO,0.99,125.43084997750306,24930569,0.5906197654941373,269,164,187,81516,Thalamus
424,0.0233984915121879,<HDF5 object reference>,59,425,424,0.146415059227992,PCN,0.99,125.77868244969135,25063522,0.5219430485762143,269,161,187,49575,Other
426,0.0007466173092106,<HDF5 object reference>,62,427,426,0.022430392022059,CL,0.99,125.90308214170923,25127556,0.6180904522613065,269,160,187,53737,Thalamus
427,0.0189523064248423,<HDF5 object reference>,67,428,427,0.3197831681532333,CL,0.99,125.95058202411157,25134265,0.5082077051926298,269,158,187,6709,Thalamus
429,0.0724793261746563,<HDF5 object reference>,72,430,429,0.1008990398403876,CL,0.99,126.45738076940631,25276771,0.5768844221105527,269,156,187,78548,Thalamus
433,0.0039756095512174,<HDF5 object reference>,76,434,433,0.0570494455288222,CL,0.99,126.64964696007061,25431112,0.5219430485762143,269,154,187,7942,Thalamus
435,0.071520386955065,<HDF5 object reference>,87,436,435,0.172338744139388,CL,0.99,126.67448023192307,25488945,0.6180904522613065,269,149,186,51899,Thalamus
436,0.0586429522926925,<HDF5 object reference>,87,437,436,0.0254989692653673,CL,0.99,126.69518018067524,25505745,0.6318257956448912,269,149,186,16800,Thalamus
438,0.0011302866007459,<HDF5 object reference>,92,439,438,0.0104344453211431,CL,0.99,126.7335800856068,25611818,0.6592964824120603,269,147,186,61591,Thalamus
442,0.0031061275809856,<HDF5 object reference>,105,443,442,0.0887885746889723,LP,0.99,127.18351230502199,25642090,0.6592964824120603,269,141,186,22053,Thalamus
443,0.0423565720399812,<HDF5 object reference>,111,444,443,0.0402877474122028,LP,0.99,127.36357852589033,25732739,0.6318257956448912,269,138,185,90649,Thalamus
444,0.0014367628825463,<HDF5 object reference>,111,445,444,0.0904883311419422,LP,0.99,127.53101144470219,25806009,0.604355108877722,269,138,185,73270,Thalamus
445,0.0123835967682204,<HDF5 object reference>,119,446,445,0.0705708407006281,LP,0.99,127.60127793740682,25875241,0.7417085427135678,269,135,185,69232,Thalamus
446,0.0430037841295509,<HDF5 object reference>,119,447,446,0.0902121233985601,LP,0.99,127.66081112335108,25939649,0.6043551088777218,269,135,185,64408,Thalamus
448,0.0794978815254888,<HDF5 object reference>,135,449,448,0.0077072465569785,LD,0.99,127.68497773018736,26075619,0.5219430485762143,268,128,185,48316,Thalamus
450,0.0865760275211195,<HDF5 object reference>,145,451,450,0.0256889388956864,LD,0.99,127.85457731030178,26322339,0.4807370184254607,268,124,184,107174,Thalamus
451,0.0220140227361539,<HDF5 object reference>,147,452,451,0.0809963743381103,LD,0.99,127.91834381909872,26374822,0.5082077051926298,268,123,184,52483,Thalamus
457,0.0004201014967712,<HDF5 object reference>,188,458,457,0.0,CA3,0.85,128.27960959136288,26393040,0.6043551088777219,268,105,184,616,Other
462,0.0004065145543073,<HDF5 object reference>,253,463,462,0.1025890609404437,CA1,0.99,128.57720885458255,26434765,0.6318257956448909,268,76,183,23690,Other
464,0.006574498652879,<HDF5 object reference>,259,465,464,0.0,CA1,0.98,128.97597453400647,26442915,0.8241206030150754,268,73,183,2208,Other
466,0.0006618478823812,<HDF5 object reference>,263,467,466,0.0,CA1,0.61,129.15830741592978,26443456,0.7966499162479063,268,72,182,391,Other
468,3.929282144109743e-05,<HDF5 object reference>,302,469,468,0.0829598084298443,SSp-tr6b,0.99,129.27674045605292,26466381,0.769179229480737,268,55,181,6586,Somatosensory
470,0.0047242831680957,<HDF5 object reference>,321,471,470,0.0,SSp-tr6a,0.91,129.47770662517829,26470917,0.7417085427135679,268,46,180,3996,Somatosensory
471,0.0263399405141494,<HDF5 object reference>,333,472,471,0.1609256178061057,SSp-tr5,0.99,129.49977323721362,26483428,0.6180904522613065,268,41,180,12511,Somatosensory
472,9.503581417961664e-05,<HDF5 object reference>,343,473,472,0.0,RSPagl5,0.81,129.5174398601422,26486151,0.8790619765494136,268,37,180,2723,Other
473,0.0901315530194481,<HDF5 object reference>,358,474,473,0.4965517971267114,RSPagl5,0.99,129.55700642885208,26492745,0.6455611390284757,268,30,180,6594,Other
474,0.0057441351414531,<HDF5 object reference>,362,475,474,0.0,RSPagl2/3,0.93,129.5740063867645,26494819,0.7829145728643216,268,29,180,2074,Other
475,0.0088139673557385,<HDF5 object reference>,105,476,475,0.0,LP,0.99,129.64003955661641,26497197,0.8378559463986599,269,141,186,2378,Thalamus
476,0.0057681653376471,<HDF5 object reference>,179,477,476,0.0,CA3,0.99,129.73213932860074,26499865,0.4257956448911223,268,109,185,2668,Other
478,0.0157618903873883,<HDF5 object reference>,259,479,478,0.0,CA1,0.73,129.8957722568204,26500434,0.9065326633165828,268,73,183,437,Other
483,0.0001230539809848,<HDF5 object reference>,48,484,483,0.0,PO,0.99,130.00853864430607,26506230,0.4807370184254606,269,166,187,2103,Thalamus
484,0.0200140526344721,<HDF5 object reference>,64,485,484,0.1012322279622357,CL,0.99,130.02267194264894,26520834,0.535678391959799,269,159,187,14604,Thalamus
485,0.0305341633844563,<HDF5 object reference>,67,486,485,0.0902808129637373,CL,0.99,130.0434052246519,26583013,0.604355108877722,269,158,187,62179,Thalamus
486,0.0419475617928163,<HDF5 object reference>,99,487,486,0.0322056199347983,LP,0.99,130.0976050904668,26674555,0.604355108877722,269,144,186,91542,Thalamus
487,0.0706911637880571,<HDF5 object reference>,146,488,487,0.0635969809050058,LD,0.99,130.13403833360064,26717766,0.4807370184254607,268,123,184,43211,Thalamus
491,0.0521198580083185,<HDF5 object reference>,331,492,491,0.1517327349766804,SSp-tr5,0.98,130.28573795803084,26743215,0.6180904522613065,268,42,180,23355,Somatosensory
492,0.0001980059549819,<HDF5 object reference>,334,493,492,0.0,SSp-tr5,0.99,130.29343793896763,26774862,0.5494137353433837,268,40,180,31647,Somatosensory
493,4.141845742815023e-05,<HDF5 object reference>,122,494,493,0.0,LP,0.99,130.322637866676,26781110,0.5631490787269681,269,133,185,6248,Thalamus
497,7.813481944778591e-06,<HDF5 object reference>,417,498,497,0.003280435572252,ZI,0.99,130.422804285356,26883428,0.4395309882747068,310,177,148,33120,Other
508,0.0002830902591752,<HDF5 object reference>,428,509,508,0.0169589243116341,ZI,0.99,130.99616953251564,28316636,0.5356783919597988,311,173,146,92127,Other
509,0.0003662243951332,<HDF5 object reference>,428,510,509,0.0193835063885169,ZI,0.99,131.0414694203646,28445175,0.4944723618090452,311,173,146,128539,Other
514,0.0082007469250142,<HDF5 object reference>,432,515,514,0.0123629899428326,TH,0.99,131.30173544267853,29491368,0.4944723618090452,311,171,146,144764,Thalamus
515,0.0205132764872677,<HDF5 object reference>,432,516,515,0.0254372565043656,TH,0.99,131.33496869373477,29657456,0.4807370184254607,311,171,146,166088,Thalamus
516,0.0012368052175635,<HDF5 object reference>,433,517,516,0.0069047197067851,TH,0.99,131.37646859099155,29729647,0.4670016750418761,312,170,146,72191,Thalamus
517,0.0049606327641144,<HDF5 object reference>,432,518,517,0.0147295511519976,TH,0.99,131.40466852117567,29819435,0.4395309882747068,311,171,146,89788,Thalamus
519,6.128539723507393e-05,<HDF5 object reference>,435,520,519,0.0,TH,0.99,131.5022349462926,30135224,0.5082077051926297,312,169,146,69819,Thalamus
520,0.0001491057170446,<HDF5 object reference>,436,521,520,0.0083893975641892,MGm,0.99,131.5496348289425,30225499,0.4670016750418761,312,169,146,90275,Other
521,0.0002454318279041,<HDF5 object reference>,436,522,521,0.0,MGm,0.99,131.57103477596164,30311993,0.4670016750418761,312,169,146,86494,Other
523,0.000322419960563,<HDF5 object reference>,437,524,523,0.0,MGm,0.99,131.59110139294845,30408003,0.4670016750418761,312,169,146,95064,Other
524,0.0104723962965143,<HDF5 object reference>,438,525,524,0.0065532511719482,MGm,0.99,131.60890134888027,30540560,0.5494137353433837,312,168,146,132557,Other
526,0.0968666070389984,<HDF5 object reference>,439,527,526,0.0267782167201139,MGm,0.99,131.67073452913033,30664633,0.5356783919597989,312,168,146,101721,Other
527,0.0002995473351527,<HDF5 object reference>,439,528,527,0.0,MGm,0.99,131.69556780098276,30742159,0.5494137353433837,312,168,146,77526,Other
528,0.0001538626272165,<HDF5 object reference>,440,529,528,0.0030383707671833,MGm,0.99,131.70286778290986,30833210,0.4670016750418761,312,168,146,91051,Other
529,0.0456748713258819,<HDF5 object reference>,440,530,529,0.152547412418362,MGm,0.99,131.71513441920746,30859812,0.5082077051926298,312,168,146,26602,Other
535,0.0004284338499482,<HDF5 object reference>,442,536,535,0.010729917459887,MGm,0.99,131.7746676051517,30988608,0.5082077051926298,312,167,145,93378,Other
536,1.5010086435128932e-05,<HDF5 object reference>,442,537,536,0.0,MGm,0.99,131.78660090894118,31087410,0.4670016750418761,312,167,145,98802,Other
537,0.0081742640510659,<HDF5 object reference>,443,538,537,0.0102293763568402,MGm,0.99,131.79063423228905,31223953,0.5219430485762143,313,166,145,136543,Other
538,5.850690514001136e-05,<HDF5 object reference>,443,539,538,0.0042941285452506,MGm,0.99,131.79526755415145,31426589,0.4532663316582916,313,166,145,202636,Other
539,0.0430499228827367,<HDF5 object reference>,443,540,539,0.0475295488841184,MGm,0.99,131.79946754375334,31486872,0.5768844221105527,313,166,145,60283,Other
540,0.00017889565318,<HDF5 object reference>,444,541,540,0.0044752156652995,MGm,0.99,131.80370086660602,31585101,0.4532663316582913,313,166,145,98229,Other
541,0.0037601443385785,<HDF5 object reference>,444,542,541,0.0142755916987666,MGm,0.99,131.8077341899539,31698483,0.4532663316582913,313,166,145,113382,Other
542,0.0046611084028946,<HDF5 object reference>,444,543,542,0.0375038732171848,MGm,0.99,131.8117341800509,31764918,0.4670016750418761,313,166,145,66435,Other
543,3.636015877186364e-06,<HDF5 object reference>,447,544,543,0.0,MGm,0.99,131.8340341248419,31836090,0.5219430485762144,313,165,145,71172,Other
544,0.0001209095154436,<HDF5 object reference>,446,545,544,0.0003683111013464,MGm,0.99,131.8467007601492,31975876,0.4532663316582916,313,165,145,139786,Other
545,0.0074723809908634,<HDF5 object reference>,447,546,545,0.0128012780768792,MGm,0.99,131.88650066161472,32157228,0.5219430485762143,313,165,145,181352,Other
547,0.0155521775782853,<HDF5 object reference>,447,548,547,0.0,MGm,0.99,131.96063381141317,32291167,0.5494137353433836,313,165,145,4949,Other
548,0.0634783705810009,<HDF5 object reference>,447,549,548,0.2252955087851818,MGm,0.99,132.01413367896106,32299160,0.5494137353433836,313,165,145,7993,Other
550,0.0006276326713744,<HDF5 object reference>,448,551,550,0.0011078637716669,TH,0.99,132.10440012215088,32439647,0.4807370184254607,314,165,145,139601,Thalamus
551,0.0590228771263034,<HDF5 object reference>,448,552,551,0.0779957354466986,TH,0.99,132.11590009367987,32562098,0.5356783919597988,314,165,145,122451,Thalamus
553,6.49741288464354e-05,<HDF5 object reference>,449,554,553,0.0,TH,0.99,132.22546648908792,32685911,0.4532663316582916,314,165,145,123009,Thalamus
554,0.0001425367204827,<HDF5 object reference>,450,555,554,0.0,TH,0.99,132.31693292930686,32753587,0.4670016750418761,314,164,145,67676,Thalamus
556,2.16143828886611e-06,<HDF5 object reference>,451,557,556,0.0,TH,0.99,132.4812991890443,32873882,0.4670016750418761,314,164,145,119727,Thalamus
558,0.0026021665422592,<HDF5 object reference>,452,559,558,0.002117084381147,TH,0.99,132.5128657775601,32982851,0.4944723618090452,314,164,145,82455,Thalamus
559,0.000369464795626,<HDF5 object reference>,453,560,559,0.0017336815875524,TH,0.99,132.53503238934786,33061761,0.4532663316582916,315,163,145,78910,Thalamus
560,0.0830346870608813,<HDF5 object reference>,453,561,560,0.0975293969941496,TH,0.99,132.5779656163894,33218164,0.5356783919597988,315,163,145,156403,Thalamus
561,0.0002811793319033,<HDF5 object reference>,454,562,561,0.0001795764858819,TH,0.99,132.6696320561132,33359721,0.4807370184254607,315,163,145,141557,Thalamus
562,3.4638963567618466e-05,<HDF5 object reference>,455,563,562,0.0,TH,0.99,132.69673198902063,33500261,0.4670016750418761,315,162,144,140540,Thalamus
563,0.0015594593084822,<HDF5 object reference>,456,564,563,0.0843191883951937,TH,0.99,132.8784648724294,33601886,0.4807370184254607,315,162,144,101625,Thalamus
564,0.0009613993754226,<HDF5 object reference>,456,565,564,0.0069267284709039,TH,0.99,132.93479806629603,33657716,0.5219430485762144,315,162,144,55830,Thalamus
565,5.59227182335784e-05,<HDF5 object reference>,456,566,565,0.007913984363646,TH,0.99,132.9658646560497,33743010,0.4257956448911223,315,162,144,85294,Thalamus
566,0.0003006172422991,<HDF5 object reference>,457,567,566,0.0018467693893232,TH,0.99,133.15973084275282,33841714,0.4532663316582913,315,161,144,98704,Thalamus
570,0.000163829956581,<HDF5 object reference>,459,571,570,0.0017442097410595,TH,0.99,133.37263031566766,33985406,0.5494137353433837,316,160,144,128470,Thalamus
571,0.0005491323006645,<HDF5 object reference>,459,572,571,0.0140309102777106,TH,0.99,133.41536354320436,34103088,0.5082077051926298,316,160,144,117682,Thalamus
573,0.0224986829707295,<HDF5 object reference>,460,574,573,0.0680763477604458,TH,0.99,133.49206335331507,34155571,0.5631490787269682,316,160,144,51921,Thalamus
576,0.0029109781832086,<HDF5 object reference>,462,577,576,0.0060336083838187,TH,0.99,134.2727614205045,34302991,0.5082077051926298,316,159,144,129225,Thalamus
577,0.0001218454469788,<HDF5 object reference>,463,578,577,0.0117088107231237,TH,0.99,134.32262796371427,34375272,0.4120603015075377,316,159,144,72281,Thalamus
579,0.0035351796538481,<HDF5 object reference>,463,580,579,0.1268629418084972,TH,0.99,134.58376065054924,34438686,0.4807370184254607,316,159,144,60724,Thalamus
580,0.0050125885540752,<HDF5 object reference>,463,581,580,0.3589348752540484,TH,0.99,134.83309336659795,34445766,0.4670016750418761,316,159,144,7080,Thalamus
581,0.000270628275143,<HDF5 object reference>,464,582,581,0.0073731768342177,TH,0.99,134.92465980656934,34544563,0.4944723618090452,316,158,144,98797,Thalamus
582,0.0962471582346154,<HDF5 object reference>,464,583,582,0.0695919628477277,TH,0.99,134.97369301850887,34633217,0.5631490787269682,316,158,144,88654,Thalamus
583,0.0137409372074551,<HDF5 object reference>,462,584,583,0.0913721986216184,TH,0.99,135.12849263526425,34723941,0.4395309882747069,316,159,144,90724,Thalamus
584,0.0088785554489715,<HDF5 object reference>,465,585,584,0.15820630973157,TH,0.99,135.3044588662831,34819919,0.5356783919597988,316,158,143,95978,Thalamus
586,0.0004009775514153,<HDF5 object reference>,468,587,586,0.0046587839075446,TH,0.99,135.6234580765219,34879317,0.4807370184254606,317,156,143,55584,Thalamus
587,0.0268787005031549,<HDF5 object reference>,466,588,587,0.0532487726980534,TH,0.99,135.66105798343406,34951919,0.4670016750418761,317,157,143,72602,Thalamus
589,4.642517899532269e-05,<HDF5 object reference>,467,590,589,0.0,TH,0.99,135.72415782721484,35064372,0.4944723618090452,317,157,143,110884,Thalamus
590,0.0005081978648229,<HDF5 object reference>,468,591,590,0.0028321012106101,TH,0.99,135.7539910866886,35165192,0.5356783919597988,317,156,143,100820,Thalamus
591,0.0001491400686883,<HDF5 object reference>,468,592,591,0.001201307471123,TH,0.99,135.77769102801355,35287573,0.4944723618090452,317,156,143,122381,Thalamus
592,0.0002500413080316,<HDF5 object reference>,468,593,592,0.0357365688785109,TH,0.99,135.79042432982246,35325119,0.4944723618090452,317,156,143,37546,Thalamus
594,0.0001412003014785,<HDF5 object reference>,471,595,594,0.0004532494273421,MGv,0.99,135.82155758607774,35520916,0.4944723618090451,316,155,143,89102,Other
595,7.825261612337078e-05,<HDF5 object reference>,471,596,595,0.0013243983828572,MGv,0.99,135.8311242290598,35594632,0.5082077051926298,316,155,143,73716,Other
600,6.289606574618992e-05,<HDF5 object reference>,477,601,600,0.0,MGv,0.99,136.00122380793636,35800888,0.4944723618090452,317,153,142,108742,Other
601,0.0033788257633857,<HDF5 object reference>,476,602,601,0.092586647294978,MGv,0.99,136.08082361086744,35902565,0.5631490787269682,317,153,142,101677,Other
602,0.0080675930305,<HDF5 object reference>,476,603,602,0.0417552567011138,MGv,0.99,136.11315686415182,36027113,0.4944723618090452,317,153,142,124548,Other
605,0.0001979925804624,<HDF5 object reference>,480,606,605,0.0018503773817762,MGv,0.99,136.22152326253075,36239641,0.5082077051926298,317,152,142,62365,Other
608,0.0952646792491848,<HDF5 object reference>,481,609,608,0.422980731809769,MGv,0.99,136.30885637964943,36339106,0.4944723618090451,318,151,142,6522,Other
612,0.0199482112326094,<HDF5 object reference>,484,613,612,0.0516148948234805,MGv,0.99,136.38848951583128,36506811,0.5494137353433834,318,150,141,83913,Other
614,0.000827430987547,<HDF5 object reference>,485,615,614,0.0168372715845244,MGv,0.99,136.4867226059644,36629669,0.5219430485762143,318,149,141,75963,Other
615,3.1912607072436373e-06,<HDF5 object reference>,487,616,615,0.0,MGv,0.99,136.5326558255787,36710760,0.4807370184254606,318,149,141,81091,Other
618,0.0130060991014786,<HDF5 object reference>,488,619,618,0.036868593221383,MGv,0.99,136.64962220266628,36831765,0.5906197654941373,319,148,141,101714,Other
620,0.000379248620202,<HDF5 object reference>,488,621,620,0.0331747394035878,MGv,0.99,137.18648754019043,36925527,0.5219430485762143,319,148,141,62489,Other
622,0.0886947032611613,<HDF5 object reference>,488,623,622,0.0058010178436131,MGv,0.99,137.41065365187862,37102528,0.4257956448911223,319,148,141,74718,Other
623,0.0324931665405181,<HDF5 object reference>,488,624,623,0.0806236387942742,MGv,0.99,137.48135347684376,37159216,0.4944723618090452,319,148,141,56688,Other
624,0.0001468267961016,<HDF5 object reference>,492,625,624,0.0046384141407931,MGv,0.99,137.4898867890508,37232908,0.5219430485762143,319,147,141,73692,Other
627,0.0004862478812672,<HDF5 object reference>,492,628,627,0.0,MGv,0.99,137.55775326388704,37291137,0.4670016750418761,319,147,141,42630,Other
631,7.859783905376125e-05,<HDF5 object reference>,493,632,631,0.0,MGv,0.99,137.9790516766683,37485377,0.4670016750418761,319,146,140,76274,Other
632,0.00015862048554,<HDF5 object reference>,494,633,632,0.0,MGv,0.99,137.99028496768082,37552206,0.5082077051926298,319,146,140,66829,Other
633,0.0544889900731044,<HDF5 object reference>,493,634,633,0.0596011344362504,MGv,0.99,137.9955516145057,37628733,0.5356783919597988,319,146,140,76527,Other
635,0.0598941558806749,<HDF5 object reference>,496,636,635,0.217184619917276,MGv,0.99,138.341350311728,37683211,0.4257956448911223,320,145,140,21920,Other
638,0.0378082723913864,<HDF5 object reference>,499,639,638,0.0176600815475422,MGd,0.99,138.57581609505766,37961645,0.4944723618090451,320,144,140,134665,Other
640,0.0001400898090086,<HDF5 object reference>,500,641,640,0.003065967981369,MGd,0.99,138.6038826559851,38026083,0.4670016750418761,320,143,140,59338,Other
642,0.0009628386642673,<HDF5 object reference>,500,643,642,0.0018191173907951,MGd,0.99,138.6641157623935,38101541,0.5219430485762143,320,143,140,44476,Other
643,0.0767728261965675,<HDF5 object reference>,500,644,643,0.0275323243988621,MGd,0.99,138.68141569721695,38220898,0.535678391959799,320,143,140,119357,Other
644,9.509707431978336e-05,<HDF5 object reference>,501,645,644,0.0067328959196514,MGd,0.99,138.70804893021102,38300982,0.4120603015075377,320,143,140,80084,Other
645,0.0621599647411496,<HDF5 object reference>,501,646,645,0.0101458919671526,MGd,0.99,138.73928214587494,38439373,0.7005025125628142,320,143,140,138391,Other
650,0.0214552063238973,<HDF5 object reference>,505,651,650,0.0612708264352591,MGd,0.99,139.15161392577085,38686261,0.4395309882747069,321,141,140,68115,Other
652,8.259842760559797e-05,<HDF5 object reference>,506,653,652,0.0004701162505254,MGd,0.99,139.31384664790127,38932661,0.4807370184254607,321,141,140,174978,Other
654,0.0001315754523288,<HDF5 object reference>,507,655,654,0.0062298867054478,MGd,0.99,139.3476465205621,39122916,0.4944723618090452,321,140,140,122547,Other
655,0.0296833494442189,<HDF5 object reference>,507,656,655,0.0,MGd,0.99,139.36244646480412,39125126,0.6180904522613064,321,140,140,2210,Other
656,0.010308087620464,<HDF5 object reference>,508,657,656,0.0694684050729484,MGd,0.99,139.45331278913687,39271390,0.5082077051926298,321,140,139,146264,Other
657,0.0001460950522455,<HDF5 object reference>,509,658,657,0.0,MGd,0.99,139.47637936890146,39376885,0.4944723618090452,322,139,139,105495,Other
658,0.0930811871877955,<HDF5 object reference>,510,659,658,0.0299106333132585,MGd,0.99,139.5319124930168,39486569,0.4670016750418761,322,139,139,109684,Other
659,0.0019954787544644,<HDF5 object reference>,510,660,659,0.1296485539928478,MGd,0.99,139.62087882450768,39495694,0.4120603015075377,322,139,139,9125,Other
661,0.0003451634230822,<HDF5 object reference>,510,662,661,0.0045947464022281,MGd,0.99,139.8562779376544,39548602,0.4395309882747068,322,139,139,27985,Other
662,0.0023808234801717,<HDF5 object reference>,510,663,662,0.2741605160252158,MGd,0.99,139.89851111187656,39556703,0.4532663316582913,322,139,139,8101,Other
663,0.0182765453236009,<HDF5 object reference>,511,664,663,0.0331341629865601,MGd,0.99,139.91534438179147,39659340,0.5906197654941373,322,138,139,102637,Other
664,0.0586609715070306,<HDF5 object reference>,511,665,664,0.0791899261027992,MGd,0.99,139.9632775345393,39721853,0.4395309882747068,322,138,139,62513,Other
666,0.0222729453208352,<HDF5 object reference>,512,667,666,0.3035114339410208,MGd,0.99,140.27954300969307,39782465,0.4807370184254607,322,138,139,13773,Other
669,0.0005533682288498,<HDF5 object reference>,513,670,669,0.0,LGd-co,0.99,140.6153417445897,40145562,0.4395309882747068,322,138,138,70993,Other
670,0.0002313939905823,<HDF5 object reference>,513,671,670,0.0,LGd-co,0.99,141.0111402534405,40176971,0.4120603015075377,322,138,138,31409,Other
672,0.0102449092984855,<HDF5 object reference>,514,673,672,0.0076113438128904,LGd-co,0.99,141.13483978740925,40271308,0.4120603015075376,322,138,138,92249,Other
674,4.805918696583717e-06,<HDF5 object reference>,515,675,674,0.0073331038027317,LGd-co,0.99,141.2424727152414,40336760,0.4120603015075376,323,137,138,54261,Other
675,0.0001313194197807,<HDF5 object reference>,515,676,675,0.0213443278286568,LGd-co,0.99,141.26610595953778,40406682,0.5082077051926298,323,137,138,69922,Other
677,0.0005706982414822,<HDF5 object reference>,516,678,677,0.0109102792147398,LGd-co,0.99,141.44230529571644,40490471,0.4670016750418761,323,137,138,60233,Other
678,0.0002007677908521,<HDF5 object reference>,516,679,678,0.0304955929430923,LGd-co,0.99,141.7509041330872,40529637,0.4395309882747068,323,137,138,39166,Other
681,0.0403728640912635,<HDF5 object reference>,516,682,681,0.0,LGd-co,0.8,142.89639981749488,40531874,0.5219430485762143,323,137,138,344,Other
682,0.0003795753019675,<HDF5 object reference>,517,683,682,0.0042318075919719,LGd-co,0.99,142.96196623714366,40614352,0.4257956448911223,323,137,138,82478,Other
683,0.001017262461112,<HDF5 object reference>,518,684,683,0.0016793329747396,LGd-co,0.99,143.68769683632664,40760734,0.4532663316582914,323,136,138,146382,Other
684,3.3437890481068894e-06,<HDF5 object reference>,518,685,684,0.0,LGd-co,0.99,144.1667283649349,40838126,0.4807370184254607,323,136,138,77392,Other
686,8.921818121919984e-05,<HDF5 object reference>,519,687,686,0.0111765024760703,LGd-co,0.99,144.38272755116978,40958414,0.4944723618090452,323,136,138,107660,Other
688,0.0008679530785802,<HDF5 object reference>,519,689,688,0.0590835181885745,LGd-co,0.99,144.4558272757706,41061282,0.535678391959799,323,136,138,92009,Other
689,0.0001548201329145,<HDF5 object reference>,520,690,689,0.1756933602234112,LGd-co,0.99,144.4794271868592,41219420,0.4670016750418761,323,135,138,158138,Other
691,0.0177614997466092,<HDF5 object reference>,518,692,691,0.0036455370572457,LGd-co,0.99,144.54409360989865,41402873,0.4120603015075378,323,136,138,153915,Other
693,1.2712213096777587e-05,<HDF5 object reference>,522,694,693,0.0,LGd-co,0.99,144.84259248532047,41424640,0.4532663316582914,324,134,137,20357,Other
694,0.0004029526499838,<HDF5 object reference>,522,695,694,0.0213433861429901,LGd-co,0.99,144.8617924129858,41512705,0.4395309882747068,324,134,137,88065,Other
695,0.0187310271566984,<HDF5 object reference>,522,696,695,0.103784493246415,LGd-co,0.99,144.9067922434514,41564038,0.4532663316582916,324,134,137,51333,Other
696,0.0002409466829933,<HDF5 object reference>,523,697,696,0.0013445496409083,LGd-co,0.97,144.9293588250997,41615771,0.4532663316582913,324,134,137,51733,Other
697,0.0003570816078084,<HDF5 object reference>,523,698,697,0.0112935243175221,LGd-co,0.99,145.10212484087987,41662998,0.4532663316582916,324,134,137,47227,Other
698,0.0027800740501797,<HDF5 object reference>,523,699,698,0.0087456012014257,LGd-co,0.99,145.1454246777501,41774100,0.4120603015075376,324,134,137,111102,Other
702,0.0502879152806472,<HDF5 object reference>,524,703,702,0.0597292790732917,LGd-co,0.99,145.3099907244232,41935690,0.4257956448911223,324,133,137,38809,Other
707,0.0242420088757866,<HDF5 object reference>,527,708,707,0.0039100945707954,LGd-sh,0.99,145.5642564331577,42433158,0.4395309882747069,324,133,138,113508,Other
708,0.0489850035469756,<HDF5 object reference>,527,709,708,0.0337359432008366,LGd-sh,0.99,145.583323027992,42490661,0.4670016750418761,324,133,138,57503,Other
709,0.0002217999376154,<HDF5 object reference>,527,710,709,0.0103438010144434,LGd-sh,0.99,145.5853563536649,42592820,0.4944723618090452,324,133,138,102159,Other
710,0.0025262189156634,<HDF5 object reference>,527,711,710,0.0267182961031924,LGd-sh,0.99,145.65825607901917,42694655,0.5631490787269682,324,133,138,101835,Other
714,0.0475525511494221,<HDF5 object reference>,528,715,714,0.1546680226434354,LGd-sh,0.99,145.87375526713777,42951972,0.4670016750418761,324,132,137,43678,Other
715,0.0019659202859556,<HDF5 object reference>,529,716,715,0.0477572379368548,LGd-sh,0.99,146.15798752964162,43008227,0.5219430485762143,324,132,137,56255,Other
716,0.0019821058956989,<HDF5 object reference>,529,717,716,0.0236887446803765,LGd-sh,0.99,146.24155388147662,43102091,0.4532663316582913,324,132,137,93864,Other
717,0.0027337309076117,<HDF5 object reference>,530,718,717,0.0106495154542036,LGd-sh,0.99,146.25898714913106,43266504,0.4532663316582916,325,131,137,164413,Other
720,0.0450585329966308,<HDF5 object reference>,531,721,720,0.0619214045796465,LGd-sh,0.99,146.4799863165288,43495628,0.4395309882747068,325,131,137,131154,Other
721,0.0002379299415707,<HDF5 object reference>,531,722,721,0.0024241088960446,LGd-sh,0.99,146.51091953332292,43562361,0.4120603015075377,325,131,137,66733,Other
722,0.045108310547784,<HDF5 object reference>,531,723,722,0.0295756440145462,LGd-sh,0.99,146.67588557848904,43649214,0.4532663316582916,325,131,137,86853,Other
724,0.0013462190691671,<HDF5 object reference>,531,725,724,0.0322790855208776,LGd-sh,0.99,146.73258536487572,43724190,0.4395309882747068,325,131,137,50636,Other
727,0.0011715954605448,<HDF5 object reference>,534,728,727,0.0293815291166344,TH,0.99,146.83458498059773,43885291,0.6455611390284758,325,130,137,90585,Thalamus
728,0.0004515185764131,<HDF5 object reference>,534,729,728,0.0017905930307526,TH,0.99,146.92248464944055,44003897,0.4257956448911223,325,130,137,118606,Thalamus
729,0.0002995926955383,<HDF5 object reference>,534,730,729,0.0010643206316618,TH,0.99,146.9367512623585,44062043,0.5219430485762143,325,130,137,58146,Thalamus
730,0.0005312398297195,<HDF5 object reference>,533,731,730,0.001946925315028,LGd-sh,0.99,146.94751788846253,44122842,0.4670016750418761,325,130,137,60799,Other
731,0.0158569839783825,<HDF5 object reference>,535,732,731,0.0711495045086633,TH,0.99,147.0025843476693,44167820,0.4532663316582916,325,129,137,44978,Thalamus
733,0.0027387965296612,<HDF5 object reference>,535,734,733,0.0553117336424021,TH,0.99,147.0459841841628,44285067,0.4395309882747069,325,129,137,40329,Thalamus
734,0.0537070961123043,<HDF5 object reference>,535,735,734,0.0790557766674463,TH,0.99,147.11058394078674,44383068,0.4807370184254607,325,129,137,98001,Thalamus
735,0.0445586370985218,<HDF5 object reference>,536,736,735,0.288450422489509,TH,0.99,147.12275056161633,44388063,0.5082077051926298,325,129,136,4995,Thalamus
746,7.299174602650731e-05,<HDF5 object reference>,571,747,746,0.0,DG-sg,0.99,149.34110887073945,45255841,0.4944723618090452,330,114,134,79955,Other
749,0.0218880028218421,<HDF5 object reference>,576,750,749,0.0529151868532643,DG-sg,0.99,149.82874036694778,45309247,0.5219430485762143,331,112,133,21818,Other
752,0.0007668324590248,<HDF5 object reference>,579,753,752,0.0881825168758011,DG-po,0.99,150.71283703616197,45747154,0.4807370184254607,332,111,133,14284,Other
753,0.0322241168819565,<HDF5 object reference>,579,754,753,0.27234157881591,DG-po,0.99,150.72247033320238,45772074,0.5768844221105527,332,111,133,24920,Other
754,0.0099195654925422,<HDF5 object reference>,580,755,754,0.018946362540617,DG-po,0.99,150.77103681689746,45917270,0.4395309882747068,332,111,133,145196,Other
755,0.0073093445173021,<HDF5 object reference>,582,756,755,0.2558878311955133,DG-po,0.99,150.84666986528742,45921020,0.5356783919597989,332,110,133,3750,Other
756,0.0001364722543145,<HDF5 object reference>,582,757,756,0.0,DG-po,0.99,150.88250306362116,45983229,0.5082077051926298,332,110,133,62209,Other
757,0.0001644326786593,<HDF5 object reference>,583,758,757,0.0018937319426096,DG-po,0.99,151.00813592363954,46026820,0.4257956448911223,332,110,133,43591,Other
758,0.0090605402656818,<HDF5 object reference>,583,759,758,0.1087991327746197,DG-po,0.99,151.0282358479142,46032571,0.8653266331658293,332,110,133,5751,Other
759,0.0036698299455981,<HDF5 object reference>,588,760,759,0.2172958882843177,DG-po,0.99,151.07396900895034,46038326,0.5219430485762144,333,107,132,5755,Other
762,0.0005211894118218,<HDF5 object reference>,587,763,762,0.0,DG-po,0.99,151.45700089923199,46074138,0.5906197654941373,333,108,132,19957,Other
763,0.0133771252742774,<HDF5 object reference>,587,764,763,0.3060392990794049,DG-po,0.99,151.46590086570185,46080996,0.5219430485762143,333,108,132,6858,Other
767,0.0027325843305622,<HDF5 object reference>,588,768,767,0.0,DG-po,0.98,151.5291672940157,46098090,0.6592964824120603,333,107,132,11555,Other
771,0.0083869076995286,<HDF5 object reference>,591,772,771,0.0415514393537196,DG-sg,0.99,151.73833317266138,46248775,0.6180904522613064,333,107,132,9306,Other
772,0.0033439935593385,<HDF5 object reference>,591,773,772,0.0,DG-sg,0.99,151.82929949661738,46260240,0.6180904522613065,333,107,132,11465,Other
773,0.0007406476454005,<HDF5 object reference>,591,774,773,0.1692229008812318,DG-sg,0.99,151.94806571583882,46274074,0.5906197654941373,333,107,132,13834,Other
775,0.0546493357483819,<HDF5 object reference>,592,776,775,0.059975295771016,DG-sg,0.99,152.08439853554572,46388426,0.4257956448911223,333,106,132,98284,Other
776,0.0004890853328472,<HDF5 object reference>,592,777,776,0.0,DG-sg,0.99,152.49109700333148,46396874,0.6318257956448912,333,106,132,8448,Other
782,0.0020126719375733,<HDF5 object reference>,595,783,782,0.0950123647239791,DG-sg,0.99,152.93806198608203,46734157,0.5082077051926298,334,105,131,42637,Other
788,0.0003335827378966,<HDF5 object reference>,599,789,788,0.0,DG-mo,0.9,153.24546082797372,46985126,0.6318257956448909,334,103,131,51418,Other
796,0.0004983699431236,<HDF5 object reference>,642,797,796,0.0008925511498179,CA1,0.99,155.3662195047981,47523436,0.7005025125628139,340,86,127,63495,Other
797,0.0137110884154679,<HDF5 object reference>,642,798,797,0.1463405420110234,CA1,0.99,155.5265855672944,47539117,0.4670016750418761,340,86,127,15681,Other
798,0.0007965172849639,<HDF5 object reference>,643,799,798,0.0166317079181471,CA1,0.99,157.75651049950756,47564594,0.604355108877722,340,85,127,25477,Other
799,5.111164348487118e-05,<HDF5 object reference>,644,800,799,0.0,CA1,0.99,157.84394350344184,47735088,0.535678391959799,340,85,127,170494,Other
801,0.0001367049772905,<HDF5 object reference>,650,802,801,0.0,CA1,0.98,158.1148758160525,47774826,0.7279731993299833,341,82,126,1893,Other
802,0.0017584554711949,<HDF5 object reference>,648,803,802,0.0213515279489464,CA1,0.99,158.14104238413805,47787808,0.4807370184254606,341,83,126,12982,Other
803,0.0008568957682486,<HDF5 object reference>,651,804,803,0.0,CA1,0.69,158.1807089013633,47788110,0.7554438860971524,341,82,126,302,Other
804,0.0134114023076608,<HDF5 object reference>,651,805,804,0.4975473932002984,CA1,0.94,158.19170885992153,47797426,0.6455611390284756,341,82,126,9316,Other
805,0.0006015889275653,<HDF5 object reference>,653,806,805,0.2107341895323389,CA1,0.99,158.24517532515623,47843441,0.7829145728643216,342,81,126,46015,Other
806,0.0329704731742124,<HDF5 object reference>,652,807,806,0.0736744373797609,CA1,0.99,158.28827516277994,47956779,0.8378559463986598,341,82,126,113338,Other
814,0.0015140491004426,<HDF5 object reference>,655,815,814,0.0181050931556067,CA1,0.99,158.64780714159622,48350385,0.5768844221105528,342,80,126,39875,Other
815,0.0021320596432205,<HDF5 object reference>,655,816,815,0.1416468048338993,CA1,0.93,159.4137375893285,48357513,0.8241206030150753,342,80,126,7128,Other
816,0.0004763024221265,<HDF5 object reference>,657,817,816,0.0066126593523767,CA1,0.99,159.69596985936718,48431281,0.6043551088777218,342,79,126,73768,Other
817,0.0916220131920856,<HDF5 object reference>,656,818,817,0.1224472554563833,CA1,0.99,159.72270309198453,48461464,0.6318257956448912,342,80,126,30183,Other
819,0.0082025574948701,<HDF5 object reference>,659,820,819,0.1497345634578157,CA1,0.99,159.88493581411495,48496713,0.6730318257956449,342,79,125,12008,Other
821,0.0004703703029515,<HDF5 object reference>,661,822,821,0.0,CA1,0.99,160.1581347848528,48523997,0.5906197654941373,343,78,125,13772,Other
822,0.0023733245598841,<HDF5 object reference>,656,823,822,0.1319042057662545,CA1,0.98,160.2136012425526,48541320,0.6180904522613064,342,80,126,17323,Other
824,0.0086173660074809,<HDF5 object reference>,659,825,824,0.0,CA1,0.96,160.32716748136468,48542892,0.7691792294807371,342,79,125,1078,Other
825,0.0009368346874675,<HDF5 object reference>,660,826,825,0.0052493621055467,CA1,0.99,160.42533377819518,48569074,0.7554438860971524,343,78,125,26182,Other
829,0.0007987114876885,<HDF5 object reference>,659,830,829,0.0,CA1,0.49,160.6263663541493,48623426,0.6730318257956449,342,79,125,324,Other
830,0.0064528353553525,<HDF5 object reference>,661,831,830,0.0,CA1,0.99,161.0391981321615,48626569,0.6455611390284757,343,78,125,3143,Other
833,0.05183284388652,<HDF5 object reference>,662,834,833,0.0167572960943136,CA1,0.99,161.58012942756577,48844606,0.6180904522613065,343,77,125,63876,Other
837,0.0020524000207319,<HDF5 object reference>,663,838,837,0.0184250440887575,CA1,0.92,162.04412767947773,49032000,0.6867671691792295,343,77,125,13975,Other
838,0.0022092282418451,<HDF5 object reference>,667,839,838,0.0642514072152967,CA1,0.99,162.1213607218398,49048734,0.4532663316582913,344,76,124,16734,Other
839,0.000598909012457,<HDF5 object reference>,665,840,839,0.0391170956785589,ProS,0.99,162.18379381995985,49062298,0.5906197654941374,343,77,124,13564,Other
840,4.777935120769175e-06,<HDF5 object reference>,666,841,840,0.0,ProS,0.99,162.26602684348478,49116460,0.4807370184254606,343,76,124,54162,Other
841,0.0082158705663674,<HDF5 object reference>,666,842,841,0.05079693772583,ProS,0.99,162.29286007572537,49145616,0.604355108877722,343,76,124,29156,Other
844,0.0005803293721356,<HDF5 object reference>,667,845,844,0.065957174179422,CA1,0.99,162.46762608397066,49300173,0.5494137353433837,344,76,124,41125,Other
846,0.0125294014340026,<HDF5 object reference>,668,847,846,0.0864105685329905,CA1,0.99,162.50999259102383,49378268,0.5906197654941373,344,76,124,53604,Other
847,0.000911018324152,<HDF5 object reference>,668,848,847,0.0,CA1,0.99,162.54239246895906,49411536,0.5906197654941373,344,76,124,33268,Other
848,0.0017222010217883,<HDF5 object reference>,668,849,848,0.0050220417822469,CA1,0.99,162.59499227079218,49465073,0.5768844221105527,344,76,124,53537,Other
851,0.0008648217996444,<HDF5 object reference>,669,852,851,0.0,CA1,0.99,164.00108697340733,49493386,0.6043551088777218,344,75,124,22892,Other
858,0.0010570467589723,<HDF5 object reference>,671,859,858,0.0657211022800698,ProS,0.99,164.41005209932024,49858290,0.4807370184254607,344,74,124,46210,Other
862,0.0009399253060121,<HDF5 object reference>,672,863,862,0.0506132046394157,ProS,0.99,164.56861816859794,50302969,0.6180904522613065,344,73,124,39560,Other
863,0.0031414964008101,<HDF5 object reference>,675,864,863,0.0998877936630872,alv,0.99,164.64225122452274,50316390,0.6318257956448912,344,72,124,13421,Other
871,0.0021540303012247,<HDF5 object reference>,692,872,871,0.0313713513831406,VISp6b,0.99,164.918083518673,50678527,0.7829145728643216,346,66,122,10710,Other
873,0.0005637963442507,<HDF5 object reference>,694,874,873,0.0,VISp6b,0.56,165.09621618090128,50738381,0.5906197654941374,347,65,122,459,Other
875,0.0160118131071931,<HDF5 object reference>,695,876,875,0.0551562047985398,VISp6b,0.99,165.21968238241578,50862418,0.9065326633165828,347,64,122,66606,Other
876,0.0116235167729879,<HDF5 object reference>,695,877,876,0.2045831635722132,VISp6b,0.99,165.23818231271832,50881637,0.7829145728643216,347,64,122,19219,Other
878,0.0027157630467134,<HDF5 object reference>,696,879,878,0.0,VISp6a,0.99,165.4891147006776,50910216,0.7142378559463987,347,64,121,12959,Other
879,0.0009779673596636,<HDF5 object reference>,696,880,879,0.0111244533864426,VISp6a,0.99,165.62464752339844,50935651,0.6867671691792295,347,64,121,25435,Other
880,0.0209217372887792,<HDF5 object reference>,696,881,880,0.0953877367882004,VISp6a,0.99,165.75538036420295,50941793,0.7142378559463987,347,64,121,6142,Other
881,3.869716089708812e-06,<HDF5 object reference>,698,882,881,0.0,VISp6a,0.99,165.77131363750854,51008841,0.5494137353433834,347,63,121,67048,Other
882,0.0004917766555804,<HDF5 object reference>,698,883,882,0.0,VISp6a,0.99,165.78801357459244,51060928,0.8653266331658291,347,63,121,52087,Other
885,0.0014527994385407,<HDF5 object reference>,699,886,885,0.0,VISp6a,0.97,165.90891311911003,51207326,0.7829145728643216,347,63,121,5746,Other
889,0.0002219404133885,<HDF5 object reference>,703,890,889,0.0,VISp6a,0.95,166.00561275479944,51262665,0.5768844221105527,348,61,121,1166,Other
891,0.0025684594818074,<HDF5 object reference>,704,892,891,0.153515522991221,VISp6a,0.97,166.231478570529,51322565,0.5768844221105527,348,61,121,9683,Other
892,0.0206453359307589,<HDF5 object reference>,704,893,892,0.0635201340040964,VISp6a,0.99,166.4180445343186,51374711,0.6592964824120603,348,61,121,52146,Other
893,0.0007374930829079,<HDF5 object reference>,704,894,893,0.0,VISp6a,0.99,166.45751105229732,51378194,0.7005025125628142,348,61,121,3483,Other
894,0.0009598622299127,<HDF5 object reference>,705,895,894,0.0262824719852434,VISp6a,0.99,166.48704427436587,51389895,0.6180904522613064,348,60,121,11701,Other
899,0.0024847811628688,<HDF5 object reference>,710,900,899,0.248668657785422,VISp6a,0.99,166.64587700930556,51631530,0.7142378559463987,349,58,120,14733,Other
900,0.0028382270222185,<HDF5 object reference>,713,901,900,0.0,VISp5,0.93,166.91967597778293,51633380,0.7005025125628142,349,58,120,1850,Other
902,0.0054597951999218,<HDF5 object reference>,711,903,902,0.1842960296130826,VISp6a,0.99,167.5409069706625,51720713,0.6180904522613065,349,58,120,27595,Other
907,0.0012081559238171,<HDF5 object reference>,720,908,907,0.0033663425562428,VISp5,0.99,168.17880456741818,52625148,0.5082077051926299,350,55,119,146215,Other
908,0.000780058699052,<HDF5 object reference>,721,909,908,0.0003728764313033,VISp5,0.99,168.1973044977207,52919858,0.6180904522613064,351,54,119,294710,Other
910,0.0001473087676467,<HDF5 object reference>,719,911,910,0.0,VISp5,0.99,168.33380398346637,53062998,0.604355108877722,350,55,119,36632,Other
911,3.5247830506291124e-06,<HDF5 object reference>,719,912,911,0.0186924015092448,VISp5,0.99,168.3968037461182,53136416,0.535678391959799,350,55,119,73418,Other
912,0.0002738485291466,<HDF5 object reference>,725,913,912,0.0004998081771864,VISp5,0.99,168.4161703398223,53306117,0.5356783919597989,351,52,119,169701,Other
913,0.0001753926189395,<HDF5 object reference>,722,914,913,0.0088842840943175,VISp5,0.99,168.43073695161004,53355415,0.6043551088777218,351,54,119,49298,Other
914,0.0047324573387028,<HDF5 object reference>,722,915,914,0.0094508319000612,VISp5,0.99,168.43843692260083,53460496,0.604355108877722,351,54,119,105081,Other
915,0.0304302517023017,<HDF5 object reference>,722,916,915,0.0463298755817678,VISp5,0.99,168.45120354116995,53566619,0.5219430485762143,351,54,119,106123,Other
916,0.0148734472808952,<HDF5 object reference>,723,917,916,0.0610329585440093,VISp5,0.99,168.4607368385871,53622519,0.6318257956448912,351,53,119,55900,Other
917,0.0068290096723158,<HDF5 object reference>,723,918,917,0.0481499871313334,VISp5,0.99,168.49567004031152,53729100,0.5219430485762143,351,53,119,106581,Other
918,0.007103537383828,<HDF5 object reference>,724,919,918,0.0824862147794567,VISp5,0.99,168.51040331944048,53751980,0.7279731993299832,351,53,119,22880,Other
920,0.0962664023496275,<HDF5 object reference>,724,921,920,0.2875400335756518,VISp5,0.99,168.60753631819725,53839083,0.6043551088777218,351,53,119,77181,Other
922,0.0716647567708678,<HDF5 object reference>,724,923,922,0.1025984763867457,VISp5,0.99,168.65756947919033,53938023,0.5494137353433837,351,53,119,48836,Other
923,0.0003044147187943,<HDF5 object reference>,725,924,923,0.008204333030442,VISp5,0.99,168.68346938997757,54067123,0.6180904522613065,351,52,119,129100,Other
924,0.0007073989592458,<HDF5 object reference>,725,925,924,0.0277336458746911,VISp5,0.99,168.71910260057157,54165110,0.5356783919597988,351,52,119,97987,Other
925,8.393360380695944e-05,<HDF5 object reference>,725,926,925,0.0029174693870802,VISp5,0.99,168.75726913577284,54214777,0.6867671691792294,351,52,119,49667,Other
927,0.0003748342821272,<HDF5 object reference>,727,928,927,0.0,VISp5,0.99,168.82016891911326,54432901,0.5631490787269682,352,51,118,87157,Other
929,0.0227770386242335,<HDF5 object reference>,724,930,929,0.0591304233506415,VISp5,0.99,168.87430206598387,54494377,0.6592964824120603,351,53,119,53481,Other
930,0.0153331778839852,<HDF5 object reference>,728,931,930,0.0347561066929401,VISp5,0.99,168.87953538129094,54531064,0.6180904522613065,352,51,118,36687,Other
932,0.084248724827999,<HDF5 object reference>,728,933,932,0.0573284398542032,VISp5,0.99,168.90350196540422,54581858,0.8241206030150753,352,51,118,33613,Other
935,0.0047534699497301,<HDF5 object reference>,729,936,935,0.0012480394092112,VISp5,0.99,169.0102682643122,54643190,0.7005025125628142,352,50,118,53696,Other
936,1.526560417715371e-05,<HDF5 object reference>,731,937,936,0.0,VISp4,0.99,169.06203475266815,54660142,0.6043551088777219,352,50,119,16952,Other
938,0.045698644066084,<HDF5 object reference>,732,939,938,0.0,VISp4,0.99,169.16720105708734,54753135,0.6043551088777219,352,49,118,8047,Other
940,0.0039504610834451,<HDF5 object reference>,732,941,940,0.1913159442699288,VISp4,0.99,169.26693404688837,54852699,0.7279731993299832,352,49,118,27085,Other
944,0.0021538867814732,<HDF5 object reference>,734,945,944,0.0519335518277381,VISp4,0.99,170.08626455802113,55008018,0.7829145728643216,352,49,118,8324,Other
945,0.0012704560217381,<HDF5 object reference>,734,946,945,0.0,VISp4,0.99,170.34259700841213,55028842,0.6592964824120603,352,49,118,20824,Other
946,0.0218553214460262,<HDF5 object reference>,734,947,946,0.1723754715345364,VISp4,0.99,170.49866313750584,55041765,0.6867671691792293,352,49,118,12923,Other
949,0.0675308621221206,<HDF5 object reference>,736,950,949,0.3793342386726112,VISp4,0.99,170.74642895073816,55098296,0.6592964824120603,352,48,118,12699,Other
951,0.0142780674456591,<HDF5 object reference>,737,952,951,0.2888081589501232,VISp4,0.99,171.29076040911073,55167330,0.5768844221105527,353,47,118,18678,Other
958,0.0013047284807194,<HDF5 object reference>,742,959,958,0.0,VISp4,0.99,172.32955683095537,55270850,0.6455611390284757,353,45,117,4797,Other
960,0.0012874752338859,<HDF5 object reference>,747,961,960,0.0,VISp4,0.79,176.83594130862258,55426202,0.6180904522613064,354,43,117,201,Other
962,1.3536861181253628e-05,<HDF5 object reference>,744,963,962,0.0196617160633227,VISp4,0.99,176.9084410588957,55457125,0.7142378559463987,354,44,117,19132,Other
964,0.003482639629391,<HDF5 object reference>,745,965,964,0.1071366999658592,VISp4,0.99,177.0247739915179,55475771,0.6592964824120602,354,44,117,8196,Other
966,0.0025687862853822,<HDF5 object reference>,746,967,966,0.0677605733219547,VISp4,0.99,177.07820714079966,55554426,0.6592964824120603,354,43,117,12622,Other
967,0.0117076895863578,<HDF5 object reference>,747,968,967,0.1153215062292228,VISp4,0.99,177.1329736188221,55560012,0.5906197654941374,354,43,117,5586,Other
970,0.0027450393784849,<HDF5 object reference>,748,971,970,0.01477315682467,VISp2/3,0.99,177.22293997559782,55588645,0.6318257956448912,354,43,117,15607,Other
972,0.0009786414119618,<HDF5 object reference>,748,973,972,0.2352779950925495,VISp2/3,0.99,177.30110637301874,55604438,0.6730318257956449,354,43,117,10347,Other
974,0.0466927113903048,<HDF5 object reference>,750,975,974,0.0069542959464883,VISp2/3,0.99,177.61537195719123,55804716,0.6318257956448909,354,42,117,191672,Other
976,0.0035471704537271,<HDF5 object reference>,751,977,976,0.1694678142305965,VISp2/3,0.99,178.49680225442,55822673,0.6867671691792293,354,42,117,4608,Other
979,0.044264462035428,<HDF5 object reference>,752,980,979,0.382297500270584,VISp2/3,0.99,178.7026682119772,55874177,0.6730318257956448,355,41,117,3068,Other
981,0.0041999119598334,<HDF5 object reference>,753,982,981,0.0,VISp2/3,0.99,178.8160011549329,55888915,0.6455611390284757,355,41,117,4949,Other
983,8.824053366762627e-06,<HDF5 object reference>,754,984,983,0.0,VISp2/3,0.99,179.07343360153496,55956803,0.7005025125628142,355,41,116,29332,Other
986,0.0103048251601826,<HDF5 object reference>,757,987,986,0.053542833704114,VISp2/3,0.99,179.31056611806054,56023313,0.4257956448911223,355,39,116,39316,Other
987,0.0006358462503898,<HDF5 object reference>,755,988,987,0.1363925011502513,VISp2/3,0.99,179.3564326267391,56030577,0.6867671691792293,355,40,116,7264,Other
989,0.002977931446903,<HDF5 object reference>,756,990,989,0.0,VISp2/3,0.99,179.47143223062062,56061459,0.6867671691792295,355,40,116,2439,Other
992,0.0003686097033644,<HDF5 object reference>,760,993,992,0.2399718247071597,VISp2/3,0.99,179.6766315238075,56117239,0.6592964824120603,356,38,116,13962,Other
994,0.0042712197163501,<HDF5 object reference>,761,995,994,0.128685399727114,VISp2/3,0.99,179.9423306086016,56126961,0.7554438860971523,356,38,116,5288,Other
995,0.010184887875582,<HDF5 object reference>,761,996,995,0.0,VISp2/3,0.97,179.9659305273112,56128196,0.6867671691792293,356,38,116,1235,Other
996,0.0019613332045696,<HDF5 object reference>,762,997,996,0.0477279264560955,VISp2/3,0.99,179.97736382126232,56136879,0.6180904522613065,356,37,116,8683,Other
997,0.0460813777769617,<HDF5 object reference>,763,998,997,0.2395215713290345,VISp2/3,0.99,179.9913971062577,56140755,0.7142378559463987,356,37,116,3876,Other
1002,0.0398057853703969,<HDF5 object reference>,440,1003,1002,0.149706013055022,MGm,0.99,180.87902738213054,56253468,0.5631490787269682,312,168,146,38604,Other
1003,0.0876382291997231,<HDF5 object reference>,440,1004,1003,0.2133080553994672,MGm,0.99,181.0500267931196,56308878,0.4944723618090452,312,168,146,55410,Other
1004,0.0018431467952742,<HDF5 object reference>,444,1005,1004,0.0177800817045801,MGm,0.99,181.08469334037665,56356061,0.4257956448911223,313,166,145,47183,Other
1006,0.0017625731794852,<HDF5 object reference>,448,1007,1006,0.0336462742193892,TH,0.99,181.38852562715348,56524035,0.4807370184254607,314,165,145,98109,Thalamus
1007,0.0054901288264613,<HDF5 object reference>,457,1008,1007,0.0072752299265594,TH,0.99,181.6847246068901,56625951,0.5219430485762144,315,161,144,101916,Thalamus
1008,0.0520562287078045,<HDF5 object reference>,459,1009,1008,0.0436219316141394,TH,0.99,181.97835692880093,56737188,0.6867671691792295,316,160,144,111237,Thalamus
1010,0.0215382483826876,<HDF5 object reference>,463,1011,1010,0.0359680511420088,TH,0.99,183.67891773785138,56907254,0.4807370184254606,316,159,144,122093,Thalamus
1012,0.0264362319347107,<HDF5 object reference>,481,1013,1012,0.054430273516338,MGv,0.99,184.06291641516015,57046921,0.5768844221105526,318,151,142,91630,Other
1015,0.0006954526350229,<HDF5 object reference>,491,1016,1015,0.0026525376987831,MGv,0.99,184.15728275678003,57215583,0.5356783919597988,319,147,141,110496,Other
1018,0.0027739267821797,<HDF5 object reference>,499,1019,1018,0.0554576514250216,MGd,0.99,184.27934900298703,57329196,0.5356783919597988,320,144,140,88607,Other
1019,0.0685996464043713,<HDF5 object reference>,501,1020,1019,0.1162857906400643,MGd,0.61,184.32394884936195,57356448,0.5494137353433837,320,143,140,27252,Other
1021,0.0111689115136434,<HDF5 object reference>,504,1022,1021,0.0367362975905538,MGd,0.99,184.45438173341657,57391306,0.4807370184254607,321,142,140,32825,Other
1023,0.0162210222037777,<HDF5 object reference>,513,1024,1023,0.0601732604795279,LGd-co,0.99,184.73288077412099,57493090,0.4120603015075377,322,138,138,42356,Other
1024,0.000555345260701,<HDF5 object reference>,515,1025,1024,0.0223213672955083,LGd-co,0.99,184.75378070213077,57578263,0.4395309882747068,323,137,138,85173,Other
1025,0.0187943816676159,<HDF5 object reference>,516,1026,1025,0.0693123584432124,LGd-co,0.99,184.95348001426242,57645082,0.4532663316582916,323,137,138,66819,Other
1026,0.000796706683569,<HDF5 object reference>,535,1027,1026,0.0369221439334728,TH,0.99,185.674810862957,57685786,0.4670016750418761,325,129,137,40704,Thalamus
1027,0.0108927714207965,<HDF5 object reference>,536,1028,1027,0.042462984384482,TH,0.99,187.40547156832775,57736207,0.5082077051926298,325,129,136,50421,Thalamus
1031,0.0001051961471589,<HDF5 object reference>,584,1032,1031,0.0,DG-po,0.99,189.39326472133388,57741078,0.5082077051926297,332,109,132,2460,Other
1038,0.0026459321051099,<HDF5 object reference>,598,1039,1038,0.1250413545318021,DG-mo,0.99,189.7610634544437,57774289,0.5631490787269681,333,104,131,10729,Other
1043,0.0256309090853399,<HDF5 object reference>,653,1044,1043,0.0,CA1,0.72,190.08832899383756,57782160,0.8103852596314908,342,81,126,225,Other
1044,0.0138638960284416,<HDF5 object reference>,653,1045,1044,0.0,CA1,0.99,190.1185288898134,57783087,0.7142378559463985,342,81,126,927,Other
1045,0.0225209046751531,<HDF5 object reference>,659,1046,1045,0.0,CA1,0.9,190.14919545084848,57783908,0.6867671691792293,342,79,125,821,Other
1051,0.0244499910891301,<HDF5 object reference>,675,1052,1051,0.0434652994026999,alv,0.99,191.72605668598462,57850126,0.7142378559463987,344,72,124,41696,Other
1053,0.0032536879911582,<HDF5 object reference>,703,1054,1053,0.0844795290574516,VISp6a,0.99,191.93378930377872,57864580,0.6592964824120604,348,61,121,13053,Other
1055,0.004478866754751,<HDF5 object reference>,716,1056,1055,0.2540820194667591,VISp5,0.99,192.0409222680904,57876385,0.6867671691792295,350,56,119,8415,Other
1057,0.0001538979343745,<HDF5 object reference>,719,1058,1057,0.0162266323503167,VISp5,0.99,192.33575458586785,57965639,0.5356783919597988,350,55,119,88100,Other
1059,0.0276245970540178,<HDF5 object reference>,728,1060,1059,0.0636094883785167,VISp5,0.99,192.41142099190003,58034276,0.6592964824120602,352,51,118,64701,Other
1061,0.0623724660274154,<HDF5 object reference>,732,1062,1061,0.2285856680181064,VISp4,0.99,192.52982058407022,58150465,0.6180904522613064,352,49,118,94892,Other
1063,0.0031137246834157,<HDF5 object reference>,736,1064,1063,0.2331627658501885,VISp4,0.99,192.5832870665705,58164205,0.6592964824120603,352,48,118,12423,Other
1064,0.0553916136516321,<HDF5 object reference>,740,1065,1064,0.3002059264615037,VISp4,0.99,192.67992006704952,58173365,0.5494137353433837,353,46,118,9160,Other
1065,0.0422656970083138,<HDF5 object reference>,742,1066,1065,0.0,VISp4,0.99,192.69675334240029,58178629,0.6867671691792293,353,45,117,5264,Other
1067,0.0039148406570263,<HDF5 object reference>,744,1068,1067,0.3596092238546586,VISp4,0.99,192.7103866287735,58184186,0.5631490787269682,354,44,117,5479,Other
1070,0.0102160553812861,<HDF5 object reference>,748,1071,1070,0.0,VISp2/3,0.99,192.83641952798394,58199193,0.6318257956448909,354,43,117,3480,Other
1071,0.006422196811014,<HDF5 object reference>,746,1072,1071,0.435347916967792,VISp4,0.99,192.86778608660785,58202068,0.6318257956448912,354,43,117,2875,Other
1072,4.048537578396309e-05,<HDF5 object reference>,752,1073,1072,0.1761443153571827,VISp2/3,0.99,192.99588564536634,58208460,0.6730318257956448,355,41,117,6392,Other
1073,0.0030686232021939,<HDF5 object reference>,751,1074,1073,0.0,VISp2/3,0.99,193.1770516880029,58211116,0.6180904522613064,354,42,117,2656,Other
1075,0.0020814403281311,<HDF5 object reference>,758,1076,1075,0.0,VISp2/3,0.99,193.46075071079585,58218477,0.7417085427135678,355,39,116,3876,Other
1076,7.685848589577807e-05,<HDF5 object reference>,759,1077,1076,0.3174138962607959,VISp2/3,0.99,193.5202505058476,58221844,0.6867671691792293,356,38,116,3367,Other
1077,0.0014183770264173,<HDF5 object reference>,761,1078,1077,0.1623451282234629,VISp2/3,0.98,193.52478382356583,58226552,0.7005025125628142,356,38,116,4708,Other
1082,0.0167797830298071,<HDF5 object reference>,650,1083,1082,0.0,CA1,0.94,194.19084819596026,58230324,0.8241206030150754,341,82,126,1055,Other
1085,0.0606486447366083,<HDF5 object reference>,659,1086,1085,0.0,CA1,0.6,194.33271437396598,58236454,0.8378559463986601,342,79,125,305,Other
1089,0.0540876768056877,<HDF5 object reference>,659,1090,1089,0.0,CA1,0.77,194.76671287904932,58239962,1.2087102177554438,342,79,125,527,Other
1091,0.0356641027707436,<HDF5 object reference>,668,1092,1091,0.0,CA1,0.99,195.25657785836611,58241728,0.6455611390284757,344,76,124,1191,Other
1092,0.098092275528665,<HDF5 object reference>,442,1093,1092,0.0083993852367141,MGm,0.99,198.27886744802828,58343128,0.5082077051926298,312,167,145,101400,Other
1093,0.0642747720938834,<HDF5 object reference>,449,1094,1093,0.021240668896138,TH,0.99,200.1084943424534,58426470,0.4944723618090452,314,165,145,83342,Thalamus
1094,9.777618006526745e-05,<HDF5 object reference>,481,1095,1094,0.003513352609303,MGv,0.99,200.11086100045856,58522480,0.4944723618090451,318,151,142,96010,Other
1095,0.0322315862724839,<HDF5 object reference>,510,1096,1095,0.0,MGd,0.94,200.11312765882968,58523084,0.4257956448911223,322,139,139,604,Other
1096,0.0003281857355063,<HDF5 object reference>,521,1097,1096,0.0023542305150929,LGd-co,0.99,201.23742354412312,58578374,0.4395309882747068,323,135,137,55290,Other
1097,0.041155107523669,<HDF5 object reference>,659,1098,1097,0.4929332220624457,CA1,0.99,201.5713556553292,58582195,0.5768844221105527,342,79,125,3821,Other
1098,0.0023173743405673,<HDF5 object reference>,668,1099,1098,0.0652167720662305,CA1,0.99,201.57362231370033,58600390,0.5494137353433837,344,76,124,18195,Other
1099,7.166505732791413e-05,<HDF5 object reference>,699,1100,1099,0.0,VISp6a,0.98,201.5759223052828,58604001,0.5768844221105527,347,63,121,3611,Other
1100,0.0076758863645979,<HDF5 object reference>,748,1101,1100,0.0,VISp2/3,0.98,203.30464931180802,58604914,0.6180904522613065,354,43,117,913,Other
1101,0.0264800181675117,<HDF5 object reference>,762,1102,1101,0.0,VISp2/3,0.86,203.30854929753482,58605485,0.7142378559463987,356,37,116,571,Other
1103,0.0100763824888394,<HDF5 object reference>,765,1104,1103,0.0,VISp2/3,0.97,203.86024727842639,58650194,0.604355108877722,356,36,115,1292,Other
1105,7.128404857123447e-05,<HDF5 object reference>,798,1106,1105,0.0160585544329344,VPL,0.99,207.13540195865724,58695579,0.5082077051926298,260,179,157,44908,Thalamus
1106,0.0016282158146629,<HDF5 object reference>,798,1107,1106,0.105144257684982,VPL,0.99,207.20240171345105,58759396,0.4670016750418761,260,179,157,63817,Thalamus
1107,0.0307028572641506,<HDF5 object reference>,800,1108,1107,0.1459789149075045,VPL,0.99,207.25166819981186,58846671,0.5219430485762143,260,178,157,87275,Thalamus
1108,0.0016045862215239,<HDF5 object reference>,798,1109,1108,0.1584227226949074,VPL,0.99,207.57693367606947,58892135,0.4807370184254607,260,179,157,45464,Thalamus
1109,0.0599046897254448,<HDF5 object reference>,799,1110,1109,0.1638190633685699,VPL,0.99,208.2655978223579,58958250,0.4532663316582916,260,179,157,66115,Thalamus
1111,0.0001931415618635,<HDF5 object reference>,799,1112,1111,0.0004120879684482,VPL,0.99,209.3129606558782,59103006,0.4532663316582914,260,179,157,93446,Thalamus
1112,0.0006009510522078,<HDF5 object reference>,800,1113,1112,0.0266309392919958,VPL,0.99,209.34786052815136,59175599,0.5356783919597988,260,178,157,72593,Thalamus
1113,8.869787325014631e-05,<HDF5 object reference>,800,1114,1113,0.0197912192577539,VPL,0.99,209.37119377608948,59297702,0.5082077051926298,260,178,157,122103,Thalamus
1114,0.0290680474545015,<HDF5 object reference>,800,1115,1114,0.0115322004013788,VPL,0.99,209.40926030344,59421353,0.4257956448911223,260,178,157,123651,Thalamus
1115,0.0018108261760691,<HDF5 object reference>,800,1116,1115,0.0645621058138846,VPL,0.99,209.4747933969348,59476214,0.4670016750418761,260,178,157,54861,Thalamus
1116,0.0292619274275166,<HDF5 object reference>,800,1117,1116,0.0649268982650587,VPL,0.99,209.49182666792967,59523298,0.4670016750418759,260,178,157,47084,Thalamus
1117,0.0594226596647681,<HDF5 object reference>,801,1118,1117,0.0374043879151392,VPL,0.99,209.559859752275,59591252,0.4395309882747068,261,178,157,67954,Thalamus
1121,0.0024441759238791,<HDF5 object reference>,804,1122,1121,0.0203023326702868,VPL,0.99,209.7338591154708,60091329,0.4532663316582916,261,176,156,78762,Thalamus
1126,0.00415023502277,<HDF5 object reference>,806,1127,1126,0.0053374298777867,VPM,0.99,210.032724688347,60543299,0.4532663316582914,261,176,155,121787,Thalamus
1128,0.0002047359118467,<HDF5 object reference>,808,1129,1128,0.0048818437926097,VPM,0.99,210.27135714833145,60823190,0.4257956448911223,261,175,155,130205,Thalamus
1130,0.0008814995204913,<HDF5 object reference>,809,1131,1130,0.0,VPM,0.99,210.3441902151098,60846650,0.4395309882747068,261,175,155,18383,Thalamus
1131,0.099581133946177,<HDF5 object reference>,811,1132,1131,0.0,VPM,0.99,210.36232348207886,60848376,0.4944723618090452,262,174,155,1726,Thalamus
1132,0.0023160065102281,<HDF5 object reference>,811,1133,1132,0.0656143611385735,VPM,0.99,210.3677567955273,60905739,0.4944723618090452,262,174,155,57363,Thalamus
1133,3.42033416508116e-05,<HDF5 object reference>,812,1134,1133,0.0,VPM,0.99,210.37202344657885,61068786,0.4257956448911223,262,174,154,163047,Thalamus
1134,0.0109638450276917,<HDF5 object reference>,812,1135,1134,0.1749262675429682,VPM,0.99,210.37609009836234,61238126,0.4257956448911223,262,174,154,169340,Thalamus
1138,0.001637220300171,<HDF5 object reference>,812,1139,1138,0.0505918178510964,VPM,0.99,210.39375670037265,61390874,0.4120603015075377,262,174,154,46193,Thalamus
1139,0.0085989453578492,<HDF5 object reference>,814,1140,1139,0.078481347585166,VPM,0.99,210.39775668573347,61475989,0.4257956448911223,262,173,154,85115,Thalamus
1142,0.0001484780182556,<HDF5 object reference>,815,1143,1142,0.0033272546045325,VPM,0.99,210.41208996660976,61560596,0.5082077051926298,262,173,154,46508,Thalamus
1143,0.0307456742617536,<HDF5 object reference>,815,1144,1143,0.0411008679275078,VPM,0.99,210.4169232822541,61626759,0.4807370184254607,262,173,154,66163,Thalamus
1145,0.0026535203975808,<HDF5 object reference>,815,1146,1145,0.2999350467097219,VPM,0.99,210.51235626632106,61701685,0.5631490787269682,262,173,154,41420,Thalamus
1146,0.0001576803437814,<HDF5 object reference>,816,1147,1146,0.0067198777846819,VPM,0.99,210.5938893012592,61753429,0.4532663316582916,262,172,154,51744,Thalamus
1149,0.0003653428781054,<HDF5 object reference>,818,1150,1149,0.0040762358146572,VPM,0.99,211.05685427356315,61839779,0.4120603015075376,262,171,153,51462,Thalamus
1150,0.0003056970842512,<HDF5 object reference>,819,1151,1150,0.0033770217050047,VPM,0.99,211.09728745891883,61926144,0.5219430485762143,263,171,153,86365,Thalamus
1152,0.0008997979596138,<HDF5 object reference>,819,1153,1152,0.0126764574826495,VPM,0.99,211.29898672073833,62416509,0.4807370184254607,263,171,153,37674,Thalamus
1153,6.739849763846813e-05,<HDF5 object reference>,820,1154,1153,0.0368717350847369,VPM,0.99,211.34191989694452,62473259,0.4395309882747068,263,171,153,56750,Thalamus
1154,0.0019639193868464,<HDF5 object reference>,820,1155,1154,0.036611368634053,VPM,0.99,211.3589865011507,62553190,0.4257956448911223,263,171,153,79931,Thalamus
1157,0.0023454869794018,<HDF5 object reference>,823,1158,1157,0.0129346320406922,VPM,0.99,211.46501944642384,62761449,0.4532663316582916,263,169,153,156467,Thalamus
1158,0.0007757376244463,<HDF5 object reference>,823,1159,1158,0.171788919860249,VPM,0.99,211.50341930588775,62812823,0.4670016750418761,263,169,153,51374,Thalamus
1164,0.0008761147017675,<HDF5 object reference>,824,1165,1164,0.0,VPM,0.99,212.15811690982054,62944288,0.4120603015075377,263,169,152,36940,Thalamus
1165,0.0026407232304325,<HDF5 object reference>,827,1166,1165,0.031430544978632,VPM,0.99,212.19538344009885,62998847,0.4532663316582913,263,168,152,54559,Thalamus
1166,0.0005217187616487,<HDF5 object reference>,827,1167,1166,0.0089509302415154,VPM,0.99,212.34164957145964,63058998,0.5082077051926298,263,168,152,60151,Thalamus
1173,0.0009672938571209,<HDF5 object reference>,829,1174,1173,0.0,VPM,0.99,213.56167843972213,63481048,0.4120603015075376,264,167,152,30796,Thalamus
1185,2.239957882768079e-06,<HDF5 object reference>,835,1186,1185,0.001347539397587,VPM,0.99,215.1466726389484,64466340,0.4257956448911223,264,164,151,115550,Thalamus
1187,0.0874368048401235,<HDF5 object reference>,835,1188,1187,0.0,VPM,0.97,215.77357034462344,64501895,0.4257956448911224,264,164,151,1001,Thalamus
1188,0.0009262015626698,<HDF5 object reference>,836,1189,1188,0.0503217503439905,VPM,0.99,217.00116585186015,64569545,0.4807370184254607,265,164,150,67650,Thalamus
1190,0.0001840939558266,<HDF5 object reference>,836,1191,1190,0.0660897729763511,VPM,0.99,217.2845648146745,64630588,0.4257956448911223,265,164,150,54723,Thalamus
1197,0.0003064474717566,<HDF5 object reference>,840,1198,1197,0.0093355088664408,VPM,0.99,219.14795799501408,64847237,0.4257956448911223,265,162,150,62085,Thalamus
1206,0.0003883228081435,<HDF5 object reference>,844,1207,1206,0.0,VPM,0.99,223.4601088800384,65281203,0.4395309882747068,265,161,149,51661,Thalamus
1212,0.0063771012831072,<HDF5 object reference>,845,1213,1212,0.0089449978921954,VPM,0.99,223.9899402742908,65728420,0.5631490787269682,266,160,149,292722,Thalamus
1213,0.0004487964984863,<HDF5 object reference>,846,1214,1213,0.0025588661224869,VPM,0.99,224.07937328031656,65793372,0.4395309882747068,266,160,149,64952,Thalamus
1215,0.0218069557627748,<HDF5 object reference>,847,1216,1215,0.1106079354862835,VPM,0.99,224.15390634087322,65919703,0.4807370184254606,266,159,149,67488,Thalamus
1218,0.0321993293148379,<HDF5 object reference>,848,1219,1218,0.0313606386593158,VPM,0.99,224.56167151519784,66043513,0.4670016750418761,266,159,148,75744,Thalamus
1221,0.0407414824558308,<HDF5 object reference>,849,1222,1221,0.0724067968465643,VPM,0.99,225.1432027202389,66520172,0.4944723618090452,266,159,148,56397,Thalamus
1222,0.0017090503116541,<HDF5 object reference>,850,1223,1222,0.0158837598443159,VPM,0.99,226.63656392149096,66677340,0.4257956448911223,266,158,148,157168,Thalamus
1223,0.0002435948592138,<HDF5 object reference>,851,1224,1223,0.0,VPM,0.99,227.02956248319185,66759028,0.4120603015075377,266,158,148,81688,Thalamus
1226,0.0022154190256263,<HDF5 object reference>,852,1227,1226,0.2321894232644784,VPM,0.99,227.33599469504227,66992267,0.4670016750418761,266,157,148,112041,Thalamus
1231,0.0103001173085315,<HDF5 object reference>,852,1232,1231,0.1308300540164675,VPM,0.99,227.7222266148411,67142787,0.4257956448911223,266,157,148,35181,Thalamus
1235,0.0181950141102072,<HDF5 object reference>,855,1236,1235,0.0420190268433968,VPM,0.99,228.00182559156266,67625961,0.4532663316582916,267,156,147,76311,Thalamus
1236,4.750307873250952e-06,<HDF5 object reference>,856,1237,1236,0.0,VPM,0.99,228.0172922016245,67680438,0.4257956448911223,267,156,147,54477,Thalamus
1240,0.0121339254606949,<HDF5 object reference>,859,1241,1240,0.0982701435317216,VPM,0.99,228.09735857526366,67785207,0.4120603015075377,267,155,147,86217,Thalamus
1243,0.0069253196503251,<HDF5 object reference>,859,1244,1243,0.0520918749791033,VPM,0.99,228.18092493609353,67967902,0.4670016750418761,267,155,147,47016,Thalamus
1246,9.986053273110178e-05,<HDF5 object reference>,860,1247,1246,0.0011980074193162,VPM,0.99,228.3233577481502,68095963,0.4395309882747068,267,154,146,77507,Thalamus
1249,0.0101170850375637,<HDF5 object reference>,861,1250,1249,0.0397770278723298,VPM,0.99,228.39762414301615,68236699,0.4532663316582913,267,154,146,59398,Thalamus
1252,0.0001461391837575,<HDF5 object reference>,861,1253,1252,0.0,VPM,0.99,228.48612381912437,68482497,0.4395309882747069,267,154,146,62251,Thalamus
1256,0.0002823156672435,<HDF5 object reference>,864,1257,1256,0.002461662467766,VPM,0.99,228.55609022972743,68762036,0.4532663316582914,268,153,146,93652,Thalamus
1258,0.0833095928021221,<HDF5 object reference>,864,1259,1258,0.0299319202074864,VPM,0.99,228.5744568291759,68911214,0.5356783919597988,268,153,146,96213,Thalamus
1260,0.000134583731579,<HDF5 object reference>,866,1261,1260,0.0004479381125066,VPM,0.99,228.6250566439903,69291467,0.4395309882747069,268,152,145,126754,Thalamus
1261,2.055297609491692e-05,<HDF5 object reference>,867,1262,1261,0.0,VPM,0.99,228.67378979896966,69304058,0.4807370184254607,268,151,145,12591,Thalamus
1262,0.0011928756962173,<HDF5 object reference>,867,1263,1262,0.0327643079528556,VPM,0.99,228.7597228178047,69363341,0.4532663316582913,268,151,145,59283,Thalamus
1263,0.0244522747570265,<HDF5 object reference>,867,1264,1263,0.0675532322004715,VPM,0.99,228.78385606281498,69480572,0.4532663316582916,268,151,145,117231,Thalamus
1265,3.853797796144517e-06,<HDF5 object reference>,868,1266,1265,0.0,VPM,0.99,228.95228877971698,69548699,0.4532663316582916,268,151,145,67150,Thalamus
1266,0.0300498999221961,<HDF5 object reference>,868,1267,1266,0.0519915958901648,VPM,0.99,229.00082193542832,69633540,0.4670016750418761,268,151,145,84841,Thalamus
1268,0.0002088508075449,<HDF5 object reference>,871,1269,1268,0.0003736335027039,VPM,0.99,229.18155460731487,69747030,0.4944723618090452,269,150,145,98137,Thalamus
1270,0.0018910045307277,<HDF5 object reference>,872,1271,1270,0.0132012276355929,VPM,0.99,229.27698759138184,69965469,0.4670016750418761,269,149,144,174726,Thalamus
1271,0.0031747279759797,<HDF5 object reference>,872,1272,1271,0.0755270082543091,VPM,0.99,229.31148746511894,70080349,0.4670016750418761,269,149,144,114880,Thalamus
1272,0.0015111666437397,<HDF5 object reference>,871,1273,1272,0.0634292024864452,VPM,0.99,229.3335873842375,70200153,0.4944723618090451,269,150,145,119804,Thalamus
1273,0.0001400258019365,<HDF5 object reference>,874,1274,1273,0.0,VPM,0.99,229.4042537922787,70271980,0.4395309882747069,269,148,144,71827,Thalamus
1274,0.000236673599842,<HDF5 object reference>,876,1275,1274,0.0132545688460321,VPL,0.99,229.44235365284055,70377483,0.4532663316582916,269,148,144,105503,Thalamus
1276,0.0068881828300341,<HDF5 object reference>,879,1277,1276,0.074453081614698,VPL,0.99,229.6715194808044,70505130,0.5631490787269681,269,147,143,124168,Thalamus
1277,0.038701014523194,<HDF5 object reference>,879,1278,1277,0.2738471195742681,VPL,0.99,230.21731748328872,70651436,0.6318257956448912,269,147,143,146306,Thalamus
1279,0.0005248625966655,<HDF5 object reference>,879,1280,1279,0.0,VPL,0.99,231.05578134627825,70769393,0.5219430485762143,269,147,143,14270,Thalamus
1280,0.0370085841334894,<HDF5 object reference>,879,1281,1280,0.2644135593915129,VPL,0.99,231.15734768496242,70891967,0.4944723618090452,269,147,143,122574,Thalamus
1281,0.0001474737312183,<HDF5 object reference>,880,1282,1281,0.0320115708789783,VPL,0.99,231.18554759389804,70981305,0.5219430485762143,269,146,143,89338,Thalamus
1282,0.0003875102189828,<HDF5 object reference>,882,1283,1282,0.0,VPL,0.99,231.61527953952205,71014975,0.5219430485762144,269,145,143,33670,Thalamus
1283,0.0168805992873036,<HDF5 object reference>,880,1284,1283,0.1187739521699222,VPL,0.99,231.6586460661476,71062003,0.4670016750418761,269,146,143,47028,Thalamus
1285,0.0002262181071521,<HDF5 object reference>,881,1286,1285,0.0,VPL,0.99,231.76691238319592,71177245,0.5082077051926298,269,146,143,73132,Thalamus
1286,0.0684116601066924,<HDF5 object reference>,881,1287,1286,0.0732768816505366,VPL,0.99,232.7930757361307,71237933,0.5219430485762144,269,146,143,60688,Thalamus
1289,0.0006522368595737,<HDF5 object reference>,884,1290,1289,0.0099663376062117,VPL,0.99,237.80389288831265,71542948,0.4944723618090452,270,145,143,76006,Thalamus
1292,1.8320367707187275e-06,<HDF5 object reference>,884,1293,1292,0.0,VPL,0.99,238.10879190371932,71813278,0.4257956448911223,270,145,143,141254,Thalamus
1294,0.0050657604476483,<HDF5 object reference>,882,1295,1294,0.0252452388889944,VPL,0.99,238.3657244073549,72273385,0.5082077051926298,269,145,143,118791,Thalamus
1295,8.415536086739885e-05,<HDF5 object reference>,885,1296,1295,0.0252311767043215,VPL,0.99,239.18822175131027,72346027,0.5219430485762144,270,144,142,72642,Thalamus
1298,0.0007975160737397,<HDF5 object reference>,888,1299,1298,0.0015670969808637,VPL,0.99,239.93105268586123,72583031,0.5219430485762143,270,143,142,143757,Thalamus
1303,0.0321465846121155,<HDF5 object reference>,894,1304,1303,0.0741086081723077,RT,0.99,240.37391792240797,73489839,0.2747068676716918,271,141,141,484629,RT
1304,0.0003405724044416,<HDF5 object reference>,893,1305,1304,0.0077009269385729,RT,0.99,240.43855104702516,73700530,0.3433835845896147,271,142,141,210691,RT
1305,0.0084409202710977,<HDF5 object reference>,894,1306,1305,0.0111642928066954,RT,0.99,240.44995101021192,74125006,0.2472361809045226,271,141,141,424476,RT
1306,0.0345360969194375,<HDF5 object reference>,894,1307,1306,0.0069491892515237,RT,0.99,240.4541843298748,74377378,0.370854271356784,271,141,141,252372,RT
1307,0.0812685857837624,<HDF5 object reference>,894,1308,1307,0.1272301927076019,RT,0.9,240.50335083777082,74384899,0.2060301507537688,271,141,141,7521,RT
1308,0.0516980882012591,<HDF5 object reference>,894,1309,1308,0.013030149461521,RT,0.97,240.53318407476536,74437450,0.370854271356784,271,141,141,52551,RT
1309,0.020734630859047,<HDF5 object reference>,894,1310,1309,0.0314472296789063,RT,0.99,240.70778351094117,74582552,0.4257956448911221,271,141,141,145102,RT
1310,0.0515758141685056,<HDF5 object reference>,896,1311,1310,0.3305692225471626,RT,0.95,240.73495008988033,74611877,0.3159128978224455,271,141,141,29325,RT
1313,0.0098795015020358,<HDF5 object reference>,920,1314,1313,0.3818750519767695,RT,0.74,240.9049828741363,74720183,0.5768844221105527,274,131,137,31456,RT
1319,0.0093936649176154,<HDF5 object reference>,980,1320,1319,0.0,CA3,0.96,241.248648431023,74840193,0.7005025125628142,281,108,127,1477,Other
1331,0.0054463625915236,<HDF5 object reference>,988,1332,1331,0.0,CA3,0.6,246.6188977558441,75059708,0.7279731993299832,282,104,126,314,Other
1332,0.0329485772623069,<HDF5 object reference>,986,1333,1332,0.1229917645139753,CA3,0.99,246.67419757726748,75080657,0.7829145728643216,281,105,126,20949,Other
1338,0.0010594732887369,<HDF5 object reference>,991,1339,1338,0.0187065548937555,CA3,0.98,248.1073596159042,75551526,0.8378559463986598,282,103,126,31013,Other
1339,0.0006647953492681,<HDF5 object reference>,991,1340,1339,0.0951231658608627,CA3,0.91,248.32029226162604,75571925,0.8241206030150753,282,103,126,20399,Other
1340,0.0089742031627282,<HDF5 object reference>,991,1341,1340,0.2384896065221171,CA3,0.97,248.62959126282408,75588405,0.7554438860971525,282,103,126,16480,Other
1342,0.0217626707070982,<HDF5 object reference>,993,1343,1342,0.0132896504072847,CA3,0.99,249.1864561312382,75727513,0.7691792294807371,282,102,125,94527,Other
1346,0.0043092858224999,<HDF5 object reference>,996,1347,1346,0.014720125032253,CA3,0.99,251.21051626172076,75973634,0.7966499162479062,282,101,125,66334,Other
1347,0.0003029369635788,<HDF5 object reference>,997,1348,1347,0.0065406891153188,CA3,0.99,251.26994940312997,76026083,0.8790619765494135,283,101,125,52449,Other
1348,0.0657256440137507,<HDF5 object reference>,997,1349,1348,0.0,CA3,0.52,251.33388253000763,76026324,0.4532663316582914,283,101,125,241,Other
1349,0.011150477614947,<HDF5 object reference>,997,1350,1349,0.2970514124963697,CA3,0.99,251.35388246542297,76044741,0.7966499162479062,283,101,125,18417,Other
1350,0.0003181747843019,<HDF5 object reference>,999,1351,1350,0.0963946229695323,CA3,0.99,251.48111538789016,76072065,0.7691792294807371,283,100,124,27324,Other
1353,0.0120724961823417,<HDF5 object reference>,1003,1354,1353,0.1823086536624176,CA3,0.99,254.0959069440901,76315140,0.7554438860971525,283,98,124,34699,Other
1355,0.0219754525960256,<HDF5 object reference>,1007,1356,1355,0.3884988787940736,CA3,0.99,256.61583213997005,76476390,0.6730318257956448,284,97,123,35752,Other
1356,0.0050644233101017,<HDF5 object reference>,1007,1357,1356,0.032644155999094,CA3,0.99,256.78083160714647,76491238,0.7966499162479062,284,97,123,14848,Other
1358,0.0073371821013703,<HDF5 object reference>,1011,1359,1358,0.332052390863068,CA3,0.99,256.83493143244493,76524553,0.6867671691792295,284,95,122,33247,Other
1360,0.0009359903287651,<HDF5 object reference>,1011,1361,1360,0.3265133410516658,CA3,0.99,256.8847646048548,76543058,0.7829145728643216,284,95,122,15213,Other
1365,0.0122780183140709,<HDF5 object reference>,1015,1366,1365,0.22736215496906,CA3,0.99,257.24749676683746,76805183,0.7966499162479062,285,94,122,26390,Other
1367,0.0006968190727814,<HDF5 object reference>,1015,1368,1367,0.0,CA3,0.99,257.3482964413307,77230387,0.8515912897822446,285,94,122,25634,Other
1368,0.0656873390941731,<HDF5 object reference>,1015,1369,1368,0.0579820289449835,CA3,0.99,257.36059640161113,77280830,0.5494137353433837,285,94,122,50443,Other
1372,0.0264144846618571,<HDF5 object reference>,1017,1373,1372,0.0,CA3,0.74,259.7399220515213,77388922,0.7554438860971525,285,93,121,792,Other
1373,0.0032286046244423,<HDF5 object reference>,1018,1374,1373,0.1648535036152686,CA3,0.99,260.0855209354982,77399369,0.8515912897822446,285,92,121,10447,Other
1374,0.0374785023668839,<HDF5 object reference>,1018,1375,1374,0.0,CA3,0.98,263.07271272313244,77402548,0.8103852596314909,285,92,121,3179,Other
1376,1.7870486983708154e-05,<HDF5 object reference>,1019,1377,1376,0.017159880518235,CA3,0.99,263.4256452206809,77423761,0.7554438860971525,285,92,121,14481,Other
1377,0.001428212392897,<HDF5 object reference>,1019,1378,1377,0.3675768618008198,CA3,0.98,263.66127799600866,77435468,0.8241206030150753,285,92,121,11707,Other
1383,0.0004829578938501,<HDF5 object reference>,1020,1384,1383,0.0,CA2,0.99,263.9092774087174,77868028,0.6867671691792293,285,92,121,6634,Other
1386,0.0022058196004513,<HDF5 object reference>,1021,1387,1386,0.1645925867903212,CA2,0.99,264.0251104677447,77921951,0.7829145728643216,285,92,121,29200,Other
1391,0.0061694646556127,<HDF5 object reference>,1022,1392,1391,0.0,CA2,0.95,264.31107645721096,77993261,0.7966499162479062,285,91,121,1173,Other
1392,0.0021722605224314,<HDF5 object reference>,1023,1393,1392,0.4773403406259164,CA2,0.99,264.46294276424067,78009977,0.7966499162479062,286,91,121,16716,Other
1393,0.0011174624463762,<HDF5 object reference>,1023,1394,1393,0.0223947854256887,CA2,0.99,265.19857435551353,78022653,0.7417085427135678,286,91,121,12676,Other
1394,0.0015088258928822,<HDF5 object reference>,1024,1395,1394,0.0,CA2,0.99,265.46440705932434,78035539,0.7829145728643216,286,90,121,12886,Other
1396,0.0345545306725205,<HDF5 object reference>,1024,1397,1396,0.3807181020217018,CA2,0.99,266.1686387249559,78078363,0.7005025125628142,286,90,121,14420,Other
1398,0.0061262209710312,<HDF5 object reference>,1025,1399,1398,0.0,CA2,0.99,266.1746720440016,78085519,0.7554438860971523,286,90,120,7076,Other
1399,0.0071527381194541,<HDF5 object reference>,1025,1400,1399,0.1949523587836164,CA2,0.99,266.3167717074932,78134504,0.7005025125628142,286,90,120,48985,Other
1400,1.4718528536017966e-05,<HDF5 object reference>,1024,1401,1400,0.1162206928238667,CA2,0.99,266.7189707550395,78152100,0.6592964824120603,286,90,121,17596,Other
1406,0.0048715087948389,<HDF5 object reference>,1067,1407,1406,0.0158942627361056,SSp-bfd6b,0.99,273.01412251406066,78526473,0.7691792294807371,290,73,114,30093,Somatosensory
1407,0.0336683603918694,<HDF5 object reference>,1067,1408,1407,0.163429709053409,SSp-bfd6b,0.99,273.0160558428156,78560310,0.8241206030150753,290,73,114,33837,Somatosensory
1408,0.0011099777079956,<HDF5 object reference>,1068,1409,1408,0.0029270623171023,SSp-bfd6a,0.99,273.018022504825,78659481,0.8927973199329983,289,73,114,99171,Somatosensory
1410,0.0207133061078446,<HDF5 object reference>,1071,1411,1410,0.141122574405297,SSp-bfd6a,0.99,273.80218731449895,78673735,0.7142378559463987,290,72,113,13360,Somatosensory
1411,0.0010528238714519,<HDF5 object reference>,1072,1412,1411,0.0089757994275685,SSp-bfd6a,0.89,274.0873866391141,78722780,0.8103852596314908,290,71,113,49045,Somatosensory
1412,0.0035437294884323,<HDF5 object reference>,1075,1413,1412,0.0916279123022822,SSp-bfd6a,0.99,274.10668659340956,78746228,0.6730318257956448,290,70,112,23448,Somatosensory
1414,0.0202016496208844,<HDF5 object reference>,1072,1415,1414,0.1508376676129292,SSp-bfd6a,0.99,274.6043854148013,78777228,0.6318257956448912,290,71,113,11964,Somatosensory
1417,0.0126401127008046,<HDF5 object reference>,1079,1418,1417,0.0713000712993479,SSp-bfd6a,0.99,276.4470477178311,79136069,0.4670016750418761,291,69,112,84953,Somatosensory
1420,0.0057844269368051,<HDF5 object reference>,1084,1421,1420,0.0,SSp-bfd6a,0.99,277.8027778406391,79183554,0.7142378559463985,291,66,111,3689,Somatosensory
1426,0.0012974170861252,<HDF5 object reference>,1088,1427,1426,0.0411001099359246,SSp-bfd6a,0.99,289.1294176845161,79488482,0.6318257956448912,292,65,110,64148,Somatosensory
1429,0.0578053684163873,<HDF5 object reference>,1091,1430,1429,0.1271089678479249,SSp-bfd5,0.99,290.69381397984523,79957945,0.6180904522613064,292,64,110,66242,Somatosensory
1432,0.012260440871706,<HDF5 object reference>,1099,1433,1432,0.2312245722724441,SSp-bfd5,0.99,291.3201458299525,80016458,0.4807370184254607,293,61,108,38853,Somatosensory
1433,0.001079603590549,<HDF5 object reference>,1098,1434,1433,0.0266739845237411,SSp-bfd5,0.99,291.39524565210746,80074532,0.5768844221105527,293,61,109,58074,Somatosensory
1435,0.0103252145464663,<HDF5 object reference>,1099,1436,1435,0.0299294315580351,SSp-bfd5,0.99,291.448778858668,80246559,0.5631490787269682,293,61,108,96217,Somatosensory
1436,0.0155045096216903,<HDF5 object reference>,1099,1437,1436,0.0715771216968174,SSp-bfd5,0.99,291.4950120825157,80314936,0.5768844221105527,293,61,108,68377,Somatosensory
1440,0.01626309066344,<HDF5 object reference>,1100,1441,1440,0.0245568001153438,SSp-bfd5,0.99,291.7232782086219,80670397,0.4807370184254607,293,61,108,244213,Somatosensory
1442,0.0018794573614113,<HDF5 object reference>,1107,1443,1442,0.4757316528600423,SSp-bfd5,0.99,291.9261777281324,80736617,0.5768844221105528,294,58,107,23818,Somatosensory
1444,0.0014086294361062,<HDF5 object reference>,1107,1445,1444,0.0368497081241589,SSp-bfd5,0.99,292.0672107274833,80832110,0.5219430485762144,294,58,107,75904,Somatosensory
1445,0.0066996083690887,<HDF5 object reference>,1109,1446,1445,0.1845659525625316,SSp-bfd5,0.84,292.1074439655397,80849773,0.6043551088777219,294,57,107,17663,Somatosensory
1446,0.0258472701600745,<HDF5 object reference>,1107,1447,1446,0.4616558769921463,SSp-bfd5,0.99,292.1356772320134,80900720,0.5494137353433836,294,58,107,50947,Somatosensory
1447,0.0204986147120937,<HDF5 object reference>,1107,1448,1447,0.4101980069932296,SSp-bfd5,0.99,292.1696104849889,80932757,0.6455611390284757,294,58,107,32037,Somatosensory
1451,0.0595429020602193,<HDF5 object reference>,1107,1452,1451,0.1655237119776654,SSp-bfd5,0.99,292.32467678444067,81178695,0.5768844221105527,294,58,107,115722,Somatosensory
1453,0.000420567012758,<HDF5 object reference>,1110,1454,1453,0.0318786544056024,SSp-bfd5,0.99,292.55270946261135,81295152,0.6592964824120603,295,57,107,49833,Somatosensory
1459,0.0028582353586674,<HDF5 object reference>,1112,1460,1459,0.1106256179884887,SSp-bfd5,0.99,292.81450867355716,81467120,0.6455611390284757,295,56,106,39100,Somatosensory
1460,0.0051616194472454,<HDF5 object reference>,1108,1461,1460,0.0732986207084752,SSp-bfd5,0.99,292.8192753258573,81549429,0.535678391959799,294,57,107,82309,Somatosensory
1467,0.0090878056310955,<HDF5 object reference>,1120,1468,1467,0.0,SSp-bfd4,0.99,292.95900823804027,81783755,0.6180904522613065,295,53,105,1336,Somatosensory
1473,0.0203587582322166,<HDF5 object reference>,1125,1474,1473,0.1978498014252609,SSp-bfd4,0.99,293.52157320915467,82266000,0.7279731993299832,296,50,104,22160,Somatosensory
1475,0.0616535491872695,<HDF5 object reference>,1128,1476,1475,0.0,SSp-bfd4,0.46,293.6603394575845,82290152,0.6180904522613064,296,49,104,219,Somatosensory
1477,0.021924410578365,<HDF5 object reference>,1135,1478,1477,0.0,SSp-bfd2/3,0.97,293.76410581150276,82301268,0.6180904522613065,298,47,103,982,Somatosensory
1479,0.0068983424966241,<HDF5 object reference>,803,1480,1479,0.0313744939120377,VPL,0.99,293.797905709631,82461254,0.4395309882747069,261,177,156,77966,Thalamus
1481,0.0629624219230799,<HDF5 object reference>,807,1482,1481,0.0738183418824343,VPM,0.99,293.84273890783857,82550755,0.5219430485762144,261,176,155,31224,Thalamus
1483,0.0786252819240244,<HDF5 object reference>,808,1484,1483,0.2380295794488349,VPM,0.99,293.904272055713,82582012,0.5082077051926298,261,175,155,31105,Thalamus
1484,0.0014748694907381,<HDF5 object reference>,811,1485,1484,0.0233611428537174,VPM,0.99,293.92460532776255,82640225,0.4257956448911221,262,174,155,58213,Thalamus
1485,0.0003794371667603,<HDF5 object reference>,811,1486,1485,0.0320606343272241,VPM,0.99,293.9829384852817,82679865,0.4395309882747068,262,174,155,39640,Thalamus
1491,0.0066214255445987,<HDF5 object reference>,835,1492,1491,0.1752579794752496,VPM,0.99,294.3466040558723,82962656,0.4532663316582913,264,164,151,81939,Thalamus
1505,0.0006159029996437,<HDF5 object reference>,859,1506,1505,0.1089181088056282,VPM,0.99,295.06756854957587,83533232,0.4395309882747068,267,155,147,41845,Thalamus
1507,0.0191324092065099,<HDF5 object reference>,868,1508,1507,0.0,VPM,0.81,295.1297016956419,83666448,0.5082077051926298,268,151,145,1481,Thalamus
1508,0.087115037482072,<HDF5 object reference>,870,1509,1508,0.0294580108327222,VPM,0.99,295.15410162210134,83732762,0.6180904522613065,268,150,145,66314,Thalamus
1509,0.0298131990835431,<HDF5 object reference>,876,1510,1509,0.1277064503777568,VPL,0.99,295.2373013713401,83774559,0.5082077051926298,269,148,144,41797,Thalamus
1514,0.0021758609039539,<HDF5 object reference>,894,1515,1514,0.0735631149570305,RT,0.69,295.5942002956585,83883794,0.2060301507537688,271,141,141,6994,RT
1516,0.00138386375407,<HDF5 object reference>,982,1517,1516,0.0,CA3,0.62,295.8720994580796,83900467,0.6730318257956448,281,107,127,187,Other
1517,0.0377106154347159,<HDF5 object reference>,983,1518,1517,0.0,CA3,0.52,296.09223212794035,83901112,0.535678391959799,281,106,127,645,Other
1518,0.0243086857841274,<HDF5 object reference>,985,1519,1518,0.0,CA3,0.77,296.173431883207,83901700,0.6592964824120603,281,106,127,588,Other
1522,0.0485950287657028,<HDF5 object reference>,988,1523,1522,0.156056238995275,CA3,0.97,296.57279734619937,83943578,0.8103852596314908,282,104,126,39011,Other
1525,0.0595053848025969,<HDF5 object reference>,993,1526,1525,0.0,CA3,0.78,296.8378298807334,83945655,0.7142378559463987,282,102,125,677,Other
1531,0.000643737616943,<HDF5 object reference>,1010,1532,1531,0.0,CA3,0.76,297.2175287363336,83976866,0.7417085427135679,284,96,122,402,Other
1532,0.0180856291579913,<HDF5 object reference>,1011,1533,1532,0.0,CA3,0.4,297.4390614019748,83976941,0.769179229480737,284,95,122,75,Other
1534,0.0194075109376848,<HDF5 object reference>,1024,1535,1534,0.0,CA2,0.98,297.6168275328602,83986568,0.7417085427135678,286,90,121,3103,Other
1535,0.0020558178012496,<HDF5 object reference>,1025,1536,1535,0.1493683589528532,CA2,0.98,297.66836071087425,83999554,0.7554438860971525,286,90,120,12986,Other
1536,0.0152970707903886,<HDF5 object reference>,1072,1537,1536,0.0319437526559983,SSp-bfd6a,0.99,297.72482720735275,84052622,0.6318257956448909,290,71,113,53068,Somatosensory
1537,0.0353187834120851,<HDF5 object reference>,1072,1538,1537,0.2035942612241415,SSp-bfd6a,0.99,297.8016603091137,84063745,0.7279731993299832,290,71,113,11123,Somatosensory
1540,0.0194887596873912,<HDF5 object reference>,1084,1541,1540,0.0,SSp-bfd6a,0.99,298.09022610605257,84086832,0.5906197654941373,291,66,111,1576,Somatosensory
1541,0.0054585038474513,<HDF5 object reference>,1087,1542,1541,0.0,SSp-bfd6a,0.93,298.10865938382864,84087790,0.5906197654941373,292,65,110,958,Somatosensory
1542,0.0020915001870893,<HDF5 object reference>,1088,1543,1542,0.0,SSp-bfd6a,0.98,298.13719263116366,84098459,0.5768844221105527,292,65,110,10669,Somatosensory
1545,0.0524064883497092,<HDF5 object reference>,1107,1546,1545,0.4961126433356299,SSp-bfd5,0.99,298.3080921160783,84203535,0.5768844221105527,294,58,107,63847,Somatosensory
1547,0.0037824008906751,<HDF5 object reference>,1120,1548,1547,0.3372148838992457,SSp-bfd4,0.99,298.39622518378144,84218609,0.6318257956448912,295,53,105,11316,Somatosensory
1551,0.0059365480484895,<HDF5 object reference>,1135,1552,1551,0.0453676187929413,SSp-bfd2/3,0.99,298.8609571164281,84232484,0.6455611390284757,298,47,103,8906,Somatosensory
1552,0.0002247905302394,<HDF5 object reference>,1135,1553,1552,0.0,SSp-bfd2/3,0.99,298.87689040173905,84233691,0.604355108877722,298,47,103,1207,Somatosensory
1557,0.0087449333100842,<HDF5 object reference>,991,1558,1557,0.0,CA3,0.44,298.9531235053083,84262574,0.7142378559463987,282,103,126,487,Other
1558,0.0005009424141581,<HDF5 object reference>,991,1559,1558,0.0,CA3,0.78,298.9838234127798,84263091,0.7829145728643216,282,103,126,517,Other
1559,0.0002418528243094,<HDF5 object reference>,993,1560,1559,0.0,CA3,0.83,299.1037230514063,84264161,0.7005025125628142,282,102,125,1070,Other
1560,0.0327424458396738,<HDF5 object reference>,1010,1561,1560,0.0,CA3,0.71,299.32078906384316,84264507,0.5906197654941373,284,96,122,346,Other
1561,0.0017348479890374,<HDF5 object reference>,1021,1562,1561,0.3875464999973185,CA2,0.99,299.3430889966319,84272569,0.5631490787269682,285,92,121,8062,Other
1562,0.0005951528281632,<HDF5 object reference>,1072,1563,1562,0.0,SSp-bfd6a,0.99,299.35898894870996,84277688,0.6455611390284756,290,71,113,5119,Somatosensory
1566,0.0005498667263689,<HDF5 object reference>,988,1567,1566,0.0,CA3,0.41,299.44252203027736,84299361,0.6867671691792295,282,104,126,471,Other
1572,0.0884867167500142,<HDF5 object reference>,860,1573,1572,0.0604761755102139,VPM,0.99,299.70155458289514,84450689,0.4395309882747068,267,154,146,65906,Thalamus
1573,0.0011067573788647,<HDF5 object reference>,980,1574,1573,0.0082206275306182,CA3,0.99,299.7452211179523,84471611,0.7142378559463987,281,108,127,20922,Other
1574,0.0021659643204623,<HDF5 object reference>,985,1575,1574,0.0146489703333176,CA3,0.99,299.75738774794917,84487284,0.6867671691792293,281,106,127,15673,Other
1575,0.0020018738963503,<HDF5 object reference>,988,1576,1575,0.0,CA3,0.75,299.8037209416358,84493948,0.7554438860971525,282,104,126,6664,Other
1578,0.0751559382605212,<HDF5 object reference>,1010,1579,1578,0.0,CA3,0.75,300.2714528652406,84496272,0.7966499162479062,284,96,122,298,Other
1581,0.0013845935169972,<HDF5 object reference>,1183,1582,1581,0.0533660075389567,TTd,0.99,300.39025250718237,84604376,0.5906197654941373,148,201,246,36723,Other
1582,0.0010814633843706,<HDF5 object reference>,1183,1583,1582,0.0146394826724633,TTd,0.99,300.4322190473633,84688805,0.4807370184254607,148,201,246,84429,Other
1583,0.000368624701644,<HDF5 object reference>,1184,1584,1583,0.0,TTd,0.99,300.476252247982,84727618,0.5768844221105527,148,201,246,38813,Other
1585,0.0023665563312873,<HDF5 object reference>,1184,1586,1585,0.0,TTd,0.99,300.68848494165303,84750304,0.6180904522613064,148,201,246,7065,Other
1586,0.0547213218308803,<HDF5 object reference>,1185,1587,1586,0.2637996457259473,TTd,0.99,300.81005124192285,84765532,0.7417085427135678,148,200,246,15228,Other
1587,0.0035015285910919,<HDF5 object reference>,1185,1588,1587,0.0153933776666265,TTd,0.99,300.83041784720524,84811400,0.5356783919597988,148,200,246,45868,Other
1588,0.0086777916674013,<HDF5 object reference>,1184,1589,1588,0.21599414586847,TTd,0.99,300.86245108399146,84843797,0.7417085427135678,148,201,246,32397,Other
1592,0.000625688990347,<HDF5 object reference>,1188,1593,1592,0.1277038895325227,TTd,0.99,300.94918415591417,85011525,0.6180904522613065,148,199,245,27067,Other
1595,0.0011245830278916,<HDF5 object reference>,1188,1596,1595,0.0,TTd,0.99,301.0479171916694,85123280,0.8241206030150753,148,199,245,65989,Other
1599,0.0371508139300294,<HDF5 object reference>,1195,1600,1599,0.0,TTd,0.98,301.33278299975996,85153852,0.5631490787269682,147,197,244,2129,Other
1601,0.0075544119562168,<HDF5 object reference>,1196,1602,1601,0.0,TTd,0.98,301.3614495800265,85162361,0.5631490787269681,147,196,244,1488,Other
1602,0.0245232064810681,<HDF5 object reference>,1198,1603,1602,0.2073989244986309,TTd,0.99,301.38071618862426,85182767,0.6043551088777218,147,195,243,20406,Other
1608,2.1851095331512983e-05,<HDF5 object reference>,1200,1609,1608,0.0256559183225212,TTd,0.99,301.52468242138144,85470675,0.5906197654941373,147,195,243,11843,Other
1609,0.0004510192444978,<HDF5 object reference>,1200,1610,1609,0.0286658499053684,TTd,0.99,301.5522823381962,85493083,0.6592964824120603,147,195,243,22408,Other
1614,0.000585118893142,<HDF5 object reference>,1204,1615,1614,0.3808289405255149,TTd,0.99,301.675881965671,85663489,0.5356783919597988,147,193,242,27148,Other
1615,4.554426645743254e-05,<HDF5 object reference>,1204,1616,1615,0.0,TTd,0.99,301.681181949697,85669171,0.5494137353433837,147,193,242,5682,Other
1620,0.0079330599077209,<HDF5 object reference>,1207,1621,1620,0.0,TTd,0.9,301.7197151668925,86052079,0.604355108877722,147,192,241,991,Other
1622,0.022679178915204,<HDF5 object reference>,1208,1623,1622,0.0622471341323138,TTd,0.99,301.7747483343577,86126080,0.6592964824120603,146,191,241,43677,Other
1623,0.0016378640633613,<HDF5 object reference>,1208,1624,1623,0.0,TTd,0.63,301.7953149390373,86126238,0.6318257956448909,146,191,241,158,Other
1626,0.075226060118956,<HDF5 object reference>,1208,1627,1626,0.4023951780192424,TTd,0.99,301.9715810744437,86259440,0.6455611390284757,146,191,241,19380,Other
1627,0.0063276270231176,<HDF5 object reference>,1207,1628,1627,0.0,TTd,0.99,302.00921429435175,86261464,0.6180904522613064,147,192,241,2024,Other
1628,0.0002270014796991,<HDF5 object reference>,1210,1629,1628,0.0642307649009606,TTd,0.99,302.09468070342547,86311675,0.4670016750418761,146,191,241,50211,Other
1629,0.0073288542405236,<HDF5 object reference>,1212,1630,1629,0.0311970118231469,TTd,0.99,302.203447042274,86330277,0.7005025125628139,146,190,240,18602,Other
1632,0.047617637659534,<HDF5 object reference>,1211,1633,1632,0.0,TTd,0.9,302.534946043147,86595621,0.6043551088777218,146,190,240,520,Other
1633,0.0265512026175887,<HDF5 object reference>,1212,1634,1633,0.0,TTd,0.96,302.62197911416547,86596357,0.5906197654941373,146,190,240,736,Other
1636,0.0016980421226902,<HDF5 object reference>,1213,1637,1636,0.0097122239724259,TTd,0.99,302.8497784275859,86685543,0.4395309882747068,146,189,240,60869,Other
1640,0.0574020369350371,<HDF5 object reference>,1215,1641,1640,0.0,TTd,0.93,303.07834440536226,86697575,0.6180904522613065,146,189,240,1605,Other
1641,0.0036963427985991,<HDF5 object reference>,1216,1642,1641,0.2682733695508148,TTd,0.99,303.1789107689252,86710780,0.5906197654941374,146,188,239,13205,Other
1643,0.0130717161184543,<HDF5 object reference>,1216,1644,1643,0.0,TTd,0.9,303.2107773395471,86712659,0.6592964824120604,146,188,239,1126,Other
1644,0.0005843604530503,<HDF5 object reference>,1215,1645,1644,0.0199454609199224,TTd,0.99,303.24194391227877,86745561,0.6180904522613065,146,189,240,32902,Other
1646,2.691165994291805e-05,<HDF5 object reference>,1218,1647,1646,0.4669854610384694,TTd,0.99,303.3106770384527,86803983,0.5631490787269682,146,188,239,9616,Other
1647,0.0003590482315038,<HDF5 object reference>,1219,1648,1647,0.2083539534092274,TTd,0.99,303.34967692090834,86824762,0.6455611390284757,146,187,239,20779,Other
1650,0.0056751194710154,<HDF5 object reference>,1221,1651,1650,0.0090202901291033,TTd,0.99,303.4083100775233,86916206,0.4944723618090452,145,186,238,72014,Other
1651,0.0006188472869674,<HDF5 object reference>,1223,1652,1651,0.093784875496094,TTd,0.99,303.4162433869459,86924966,0.5768844221105527,145,186,238,8760,Other
1655,0.0008786187570151,<HDF5 object reference>,1285,1656,1655,0.0,ILA1,0.99,303.5287763811085,86990957,0.5219430485762143,140,162,224,17593,Other
1658,0.043940758448512,<HDF5 object reference>,1295,1659,1658,0.0399247689013854,ILA2/3,0.99,303.69950919985877,87090715,0.6180904522613064,140,159,222,42457,Other
1659,0.0103513350107774,<HDF5 object reference>,1297,1660,1659,0.0,ILA2/3,0.94,303.7264091187833,87091500,0.6318257956448912,140,158,222,785,Other
1662,0.0129699968067013,<HDF5 object reference>,1305,1663,1662,0.3510986637830358,ILA2/3,0.99,303.86060871431016,87123688,0.7005025125628139,139,155,220,5545,Other
1663,0.0191142567923429,<HDF5 object reference>,1303,1664,1663,0.4437988185471477,ILA2/3,0.99,303.9002419281903,87143416,0.5906197654941373,140,156,221,19728,Other
1664,0.031141105543096,<HDF5 object reference>,1308,1665,1664,0.0,ILA2/3,0.97,303.9035752514771,87144353,0.7142378559463985,139,154,220,937,Other
1665,0.0049580805012838,<HDF5 object reference>,1307,1666,1665,0.0,ILA2/3,0.66,303.93717515020813,87144636,0.7142378559463987,139,154,220,283,Other
1666,0.0328105099228182,<HDF5 object reference>,1308,1667,1666,0.1779837660114832,ILA2/3,0.98,303.9707750489391,87152424,0.7005025125628142,139,154,220,7788,Other
1667,0.0358334195955183,<HDF5 object reference>,1310,1668,1667,0.4985933022479031,ILA2/3,0.99,303.97377503989725,87182699,0.5494137353433837,139,153,219,30275,Other
1669,0.0099671530396877,<HDF5 object reference>,1312,1670,1669,0.4520396063624009,ILA5,0.99,303.99327498112507,87210861,0.6455611390284757,139,152,219,11633,Other
1674,0.000140413739561,<HDF5 object reference>,1318,1675,1674,0.0,ILA5,0.99,304.11247462186134,87275047,0.5219430485762143,139,151,218,1843,Other
1676,0.0990872410765444,<HDF5 object reference>,1319,1677,1676,0.0294544340768234,ILA5,0.99,304.21747430539574,87287914,0.7966499162479062,139,150,218,11053,Other
1677,0.0053779206587106,<HDF5 object reference>,1319,1678,1677,0.197821254598804,ILA5,0.99,304.23187426199473,87292179,0.5494137353433836,139,150,218,4265,Other
1679,0.072869087130093,<HDF5 object reference>,1320,1680,1679,0.0,ILA5,0.74,304.29814072893646,87314982,0.7554438860971525,139,150,218,305,Other
1680,0.0001607344857211,<HDF5 object reference>,1320,1681,1680,0.0,ILA5,0.99,304.37520716332745,87316592,0.6730318257956449,139,150,218,1610,Other
1681,0.0072576979609289,<HDF5 object reference>,1322,1682,1681,0.0,ILA5,0.99,304.4186736989874,87323061,0.5906197654941373,138,149,217,6469,Other
1682,0.065000519539692,<HDF5 object reference>,1323,1683,1682,0.0,ILA5,0.96,304.4380736405166,87323795,0.6867671691792295,138,149,217,734,Other
1684,0.0037377457871603,<HDF5 object reference>,1323,1685,1684,0.0,ILA5,0.99,304.4588735778263,87334218,0.7829145728643215,138,149,217,10024,Other
1686,3.3429742298831155e-05,<HDF5 object reference>,1324,1687,1686,0.0,ILA5,0.99,304.508973426827,87387011,0.6455611390284757,138,148,217,29379,Other
1687,4.237473751615045e-05,<HDF5 object reference>,1324,1688,1687,0.0,ILA5,0.99,304.86347235837894,87393118,0.5494137353433834,138,148,217,6107,Other
1688,0.0040879297810132,<HDF5 object reference>,1324,1689,1688,0.2913315724274368,ILA5,0.99,304.9714053664058,87406268,0.5631490787269681,138,148,217,13150,Other
1689,0.0068792589159968,<HDF5 object reference>,1324,1690,1689,0.1052555088610117,ILA5,0.99,304.9970719557142,87412115,0.4807370184254606,138,148,217,5847,Other
1690,0.0006847045785729,<HDF5 object reference>,1327,1691,1690,0.0019674909839533,ILA5,0.99,305.0700050692295,87516870,0.8241206030150753,138,147,216,104755,Other
1691,0.0077017902195449,<HDF5 object reference>,1327,1692,1691,0.0,ILA5,0.99,305.0942716627575,87521200,0.6867671691792293,138,147,216,4330,Other
1692,0.0031531714900038,<HDF5 object reference>,1328,1693,1692,0.0942193441299377,ILA5,0.99,305.130271554255,87542608,0.7966499162479062,138,147,216,21408,Other
1694,0.0095854331445425,<HDF5 object reference>,1328,1695,1694,0.1318700754194347,ILA5,0.99,305.1819713984334,87591027,0.6730318257956448,138,147,216,20895,Other
1696,0.0682594247947492,<HDF5 object reference>,1327,1697,1696,0.0,ILA5,0.92,305.2023380037158,87599540,0.604355108877722,138,147,216,381,Other
1698,0.0047474255580927,<HDF5 object reference>,1329,1699,1698,0.0,ILA5,0.99,305.22560460025767,87633342,0.6592964824120603,138,146,216,2719,Other
1699,0.0029661158269599,<HDF5 object reference>,1329,1700,1699,0.1918667594583338,ILA5,0.99,305.27253779213595,87645591,0.5082077051926298,138,146,216,12249,Other
1700,0.036940974115828,<HDF5 object reference>,1331,1701,1700,0.0,ILA5,0.97,305.4036040637732,87646833,0.5906197654941373,138,146,215,1242,Other
1702,0.0016455185519242,<HDF5 object reference>,1330,1703,1702,0.2803113147831309,ILA5,0.99,305.7864029100301,87666947,0.5631490787269681,138,146,216,13406,Other
1703,4.012132124202806e-05,<HDF5 object reference>,1331,1704,1703,0.0,ILA5,0.99,305.8676026652968,87673397,0.7829145728643216,138,146,215,6450,Other
1705,0.009679880042492,<HDF5 object reference>,1332,1706,1705,0.0,ILA5,0.98,305.95100241393266,87698665,0.6592964824120603,138,145,215,711,Other
1707,4.060161633134504e-06,<HDF5 object reference>,1335,1708,1707,0.0,ILA5,0.99,306.01720221440866,87771658,0.6592964824120602,137,144,214,63737,Other
1710,0.0002284046972737,<HDF5 object reference>,1336,1711,1710,0.0,ILA5,0.97,306.2141016209604,87805155,0.7142378559463987,137,144,214,1133,Other
1711,0.0363272886265268,<HDF5 object reference>,1336,1712,1711,0.2998006462020915,ILA5,0.99,306.2936680478164,87836718,0.6318257956448912,137,144,214,31563,Other
1712,0.0046164268294095,<HDF5 object reference>,1337,1713,1712,0.2278532866079524,ILA5,0.99,306.3466012216109,87840692,0.7417085427135679,137,143,214,3974,Other
1714,0.0294459211158479,<HDF5 object reference>,1339,1715,1714,0.1637016568829974,ILA5,0.99,306.5138340509101,87878560,0.4120603015075377,137,142,214,22485,Other
1719,1.1988998008390044e-05,<HDF5 object reference>,1340,1720,1719,0.00772337135162,ILA5,0.99,306.7717332736103,87935396,0.4257956448911223,137,142,213,21585,Other
1722,0.0635978732190474,<HDF5 object reference>,1343,1723,1722,0.0416111367098545,ILA5,0.99,306.951199399372,88009931,0.4395309882747068,137,141,213,29407,Other
1723,0.0028946586683865,<HDF5 object reference>,1344,1724,1723,0.1043640427789758,ILA5,0.99,306.96669935265567,88059059,0.6318257956448912,137,140,213,49128,Other
1725,0.0005074167098257,<HDF5 object reference>,1344,1726,1725,0.0,ILA5,0.88,306.9935992715802,88079216,0.6455611390284757,137,140,213,510,Other
1726,0.0291128855816353,<HDF5 object reference>,1346,1727,1726,0.4009236702456589,ILA5,0.99,307.0690657107935,88090819,0.5356783919597989,136,140,212,11603,Other
1727,0.0781304164642056,<HDF5 object reference>,1347,1728,1727,0.1453867581499268,ILA5,0.99,307.0824990036393,88095794,0.6730318257956448,136,139,212,4975,Other
1728,0.0001473392793359,<HDF5 object reference>,1347,1729,1728,0.0,ILA5,0.99,307.0995989521007,88142994,0.7279731993299832,136,139,212,47200,Other
1731,0.0247223661127884,<HDF5 object reference>,1348,1732,1731,0.1326083329827361,ILA5,0.99,307.2926317036397,88207869,0.7279731993299832,136,139,212,38984,Other
1733,0.0071189263011183,<HDF5 object reference>,1347,1734,1733,0.0293811011491259,ILA5,0.99,307.3866647535605,88287504,0.8241206030150753,136,139,212,70862,Other
1734,0.0204931563532129,<HDF5 object reference>,1349,1735,1734,0.0255604897027485,ILA5,0.94,307.3925314025453,88387481,0.6730318257956449,136,138,211,99977,Other
1735,0.0014498365093336,<HDF5 object reference>,1350,1736,1735,0.0,ILA5,0.99,307.41039801536255,88394364,0.5082077051926298,136,138,211,6883,Other
1737,0.0660257140466377,<HDF5 object reference>,1351,1738,1737,0.0,ILA5,0.97,307.4679978417586,88398200,0.6730318257956448,136,138,211,581,Other
1738,0.0806220135933965,<HDF5 object reference>,1349,1739,1738,0.0736707280425402,ILA5,0.99,307.54853093236784,88463388,0.6730318257956449,136,138,211,65188,Other
1739,2.909957517273204e-05,<HDF5 object reference>,1352,1740,1739,0.0,ILA5,0.99,307.59293079854814,88472281,0.6867671691792295,136,137,211,8893,Other
1740,0.0044669978700843,<HDF5 object reference>,1352,1741,1740,0.3237064443469547,ILA5,0.99,307.6344306734689,88491434,0.6180904522613065,136,137,211,19153,Other
1742,0.0015186336417299,<HDF5 object reference>,1353,1743,1742,0.0,ILA5,0.99,308.3149286224706,88501598,0.604355108877722,136,137,211,7776,Other
1743,0.031132408954987,<HDF5 object reference>,1353,1744,1743,0.1684935887951438,ILA5,0.99,308.35509516807656,88514669,0.5219430485762143,136,137,211,13071,Other
1744,0.0100646556104781,<HDF5 object reference>,1353,1745,1744,0.0107329336679334,ILA5,0.99,308.42809494805766,88583180,0.7554438860971525,136,137,211,68511,Other
1745,0.0164554058972593,<HDF5 object reference>,1354,1746,1745,0.0,ILA5,0.62,308.45712819388575,88583944,0.7279731993299831,136,136,210,764,Other
1746,0.0002552095877821,<HDF5 object reference>,1354,1747,1746,0.0,ILA5,0.89,308.51842800913016,88584958,0.7279731993299831,136,136,210,1014,Other
1747,0.0119796304408921,<HDF5 object reference>,1354,1748,1747,0.0,ILA5,0.72,308.5531612377787,88585850,0.7279731993299831,136,136,210,892,Other
1748,0.003144292618535,<HDF5 object reference>,1354,1749,1748,0.0,ILA5,0.98,308.58952779483775,88588705,0.7279731993299833,136,136,210,2855,Other
1749,0.0834899253350814,<HDF5 object reference>,1354,1750,1749,0.0,ILA5,0.99,308.6207610340351,88593506,0.6592964824120603,136,136,210,4801,Other
1751,0.0021528910096616,<HDF5 object reference>,1355,1752,1751,0.0,ILA5,0.99,308.6764275329248,88664270,0.7142378559463987,136,136,210,7870,Other
1752,1.4560429978681408e-05,<HDF5 object reference>,1355,1753,1752,0.0,ILA5,0.99,308.72169406315965,88682043,0.7005025125628139,136,136,210,17773,Other
1753,0.0021925525815269,<HDF5 object reference>,1356,1754,1753,0.0,ILA5,0.99,308.78916052648464,88687212,0.7417085427135678,136,136,210,5169,Other
1755,0.0024217779266922,<HDF5 object reference>,1355,1756,1755,0.0,ILA5,0.99,308.8262937478996,88723067,0.7554438860971525,136,136,210,7346,Other
1756,0.0024478428807805,<HDF5 object reference>,1357,1757,1756,0.0,ILA5,0.99,308.84409369425117,88730207,0.8241206030150753,136,135,210,7140,Other
1757,0.0293577146942798,<HDF5 object reference>,1358,1758,1757,0.0,ILA5,0.86,308.87379360473665,88730625,0.7005025125628142,136,135,210,418,Other
1759,0.0007343064666555,<HDF5 object reference>,1359,1760,1759,0.0,ILA5,0.99,309.0229264885884,88748384,0.4670016750418761,135,134,209,6374,Other
1761,0.005914618298394,<HDF5 object reference>,1360,1762,1761,0.0,ILA5,0.89,309.2408924983127,88752675,0.6318257956448909,135,134,209,621,Other
1764,0.0002858191361929,<HDF5 object reference>,1359,1765,1764,0.0484888129487228,ILA5,0.99,309.3892587178085,88821087,0.7554438860971523,135,134,209,46391,Other
1765,0.0002412800704995,<HDF5 object reference>,1361,1766,1765,0.0040732360493487,ILA5,0.99,309.4175586325135,88863121,0.7691792294807371,135,134,209,42034,Other
1766,4.63601795075414e-05,<HDF5 object reference>,1362,1767,1766,0.1154865369626346,ILA5,0.99,309.4569251805307,88868703,0.7279731993299832,135,133,209,5582,Other
1767,0.0030142215540165,<HDF5 object reference>,1362,1768,1767,0.0917959699903613,ILA5,0.99,309.54939156850673,88874964,0.6455611390284757,135,133,209,6261,Other
1768,0.0020137175038838,<HDF5 object reference>,1362,1769,1768,0.0,ILA5,0.91,309.59715809120667,88875772,0.7279731993299832,135,133,209,808,Other
1769,0.0004882689094548,<HDF5 object reference>,1363,1770,1769,0.0,ILA5,0.82,309.6864578220602,88876302,0.7554438860971523,135,133,208,530,Other
1770,0.0446691942478411,<HDF5 object reference>,1363,1771,1770,0.0971829007152043,ILA5,0.99,309.8999905118131,88882387,0.7005025125628142,135,133,208,6085,Other
1772,0.003743058542978,<HDF5 object reference>,1364,1773,1772,0.3767604554790582,ILA5,0.99,310.03639010070924,88907962,0.5082077051926298,135,132,208,25107,Other
1776,0.0031569462066169,<HDF5 object reference>,1366,1777,1776,0.0,PL5,0.99,310.32618922726425,89025521,0.7279731993299832,134,133,208,3894,Other
1777,5.631828553016279e-05,<HDF5 object reference>,1366,1778,1777,0.1704276248102639,PL5,0.99,310.40635565231196,89030116,0.8241206030150753,134,133,208,4595,Other
1778,0.0023734778861771,<HDF5 object reference>,1367,1779,1778,0.0,PL5,0.99,310.45615550221686,89034031,0.7005025125628142,134,132,208,3915,Other
1780,0.015710485586128,<HDF5 object reference>,1368,1781,1780,0.1755034445734296,ILA5,0.99,310.53875525326396,89088048,0.6730318257956448,134,131,208,14319,Other
1782,0.005050649941058,<HDF5 object reference>,1369,1783,1782,0.0605344034300213,PL5,0.99,310.5729551501866,89106986,0.7005025125628142,134,131,208,7710,Other
1784,0.0001389063456849,<HDF5 object reference>,1369,1785,1784,0.0,PL5,0.96,310.64045494674446,89113452,0.6867671691792293,134,131,208,1863,Other
1785,0.0006088972032984,<HDF5 object reference>,1370,1786,1785,0.0636270618055818,PL5,0.99,310.66665486777873,89153950,0.6867671691792293,134,131,207,40498,Other
1787,0.0039875376653312,<HDF5 object reference>,1371,1788,1787,0.1659278898424264,PL5,0.99,310.7109214010275,89222639,0.6043551088777218,134,130,207,11407,Other
1788,0.0976546794228863,<HDF5 object reference>,1371,1789,1788,0.0860560398227388,PL5,0.99,310.7434879695396,89285666,0.6318257956448912,134,130,207,63027,Other
1789,0.0008525868477399,<HDF5 object reference>,1376,1790,1789,0.1982949235209218,PL5,0.99,310.767654563369,89313923,0.6592964824120603,134,128,206,28257,Other
1793,0.0025395924942311,<HDF5 object reference>,1376,1794,1793,0.0191329850700441,PL5,0.98,311.09508690983205,89344760,0.6867671691792293,134,128,206,13714,Other
1794,8.35321246000938e-05,<HDF5 object reference>,1376,1795,1794,0.3749282769881454,PL5,0.99,311.1433200977922,89347858,0.7417085427135678,134,128,206,3098,Other
1796,0.0051355202022981,<HDF5 object reference>,1377,1797,1796,0.3817985475638503,PL5,0.99,311.166353361704,89373215,0.6455611390284757,134,128,206,3070,Other
1797,0.0066608115949272,<HDF5 object reference>,1375,1798,1797,0.0,PL5,0.98,311.22681984612666,89375141,0.7142378559463985,134,129,206,1926,Other
1799,0.0020188679891657,<HDF5 object reference>,1379,1800,1799,0.0420007329434335,PL5,0.99,311.2955863055335,89413729,0.6318257956448912,134,127,205,16032,Other
1801,0.002499621276969,<HDF5 object reference>,1378,1802,1801,0.0,PL5,0.99,311.33045286711354,89579273,0.5631490787269681,134,128,206,3484,Other
1804,5.482680551083078e-05,<HDF5 object reference>,1379,1805,1804,0.0,PL5,0.99,311.3590194476815,89788192,0.7279731993299832,134,127,205,4720,Other
1805,1.7322401720269752e-05,<HDF5 object reference>,1379,1806,1805,0.0,PL5,0.99,311.37141941030836,89803143,0.7691792294807371,134,127,205,14951,Other
1807,0.0134825492127985,<HDF5 object reference>,1378,1808,1807,0.1790496783389308,PL5,0.99,311.40565264046387,89828596,0.6043551088777219,134,128,206,8966,Other
1808,0.0011897625145183,<HDF5 object reference>,1380,1809,1808,0.0069670012653644,PL5,0.99,311.4315525624024,89879414,0.7279731993299832,134,127,205,50818,Other
1810,0.0002910398237594,<HDF5 object reference>,1381,1811,1810,0.0,PL5,0.99,311.5119189868473,89918981,0.5356783919597988,133,126,205,24940,Other
1811,0.033727525675073,<HDF5 object reference>,1381,1812,1811,0.0736916553663259,PL5,0.99,311.56311883253267,89946045,0.7417085427135678,133,126,205,27064,Other
1812,1.5916263116495935e-05,<HDF5 object reference>,1383,1813,1812,0.0272240890345098,PL5,0.99,311.7878514885292,89962304,0.7279731993299832,133,125,205,16259,Other
1813,0.0014472090420848,<HDF5 object reference>,1383,1814,1813,0.0,PL5,0.99,311.80261811068976,89987389,0.6318257956448912,133,125,205,25085,Other
1815,0.0130484882638257,<HDF5 object reference>,1383,1816,1815,0.0392719651292632,PL5,0.99,311.8468179774728,90078802,0.8790619765494136,133,125,205,75372,Other
1821,0.0005512779175322,<HDF5 object reference>,1386,1822,1821,0.0407244582495986,PL5,0.99,312.17978364059195,90396884,0.7005025125628142,133,124,204,18800,Other
1822,2.281487012313497e-05,<HDF5 object reference>,1386,1823,1822,0.0389961500700902,PL5,0.99,312.1878836161789,90410469,0.7142378559463987,133,124,204,13585,Other
1824,0.0002477884394866,<HDF5 object reference>,1387,1825,1824,0.0,PL5,0.99,312.21778352606157,90468169,0.5082077051926298,133,124,204,32871,Other
1826,0.0020991705553658,<HDF5 object reference>,1387,1827,1826,0.029284622361341,PL5,0.99,312.2882499803447,90512294,0.5494137353433837,133,124,204,33255,Other
1827,2.6317758772610348e-05,<HDF5 object reference>,1388,1828,1827,0.1488671711897456,PL5,0.99,312.31924988691196,90522127,0.7142378559463987,133,123,203,9833,Other
1828,2.85694990076258e-05,<HDF5 object reference>,1389,1829,1828,0.0,PL5,0.99,312.3748830525688,90531185,0.7417085427135678,133,123,203,9058,Other
1831,0.0024220754695038,<HDF5 object reference>,1391,1832,1831,0.0,PL5,0.99,312.4899160391965,90662983,0.4395309882747068,133,122,203,6769,Other
1835,0.0119190919072971,<HDF5 object reference>,1392,1836,1835,0.1879987268406613,PL5,0.91,312.7299153158466,90739708,0.6867671691792295,133,122,203,4375,Other
1836,3.41943078767324e-05,<HDF5 object reference>,1393,1837,1836,0.0,PL5,0.99,312.81424839500283,90747276,0.7005025125628142,132,121,202,7568,Other
1838,0.0006595651822429,<HDF5 object reference>,1394,1839,1838,0.067995333367419,PL5,0.99,312.8654482406882,90761877,0.604355108877722,132,121,202,10288,Other
1841,0.0002415532652442,<HDF5 object reference>,1395,1842,1841,0.0213068720206853,PL5,0.99,312.97784790191935,90868537,0.4670016750418761,132,121,202,29059,Other
1843,0.0096659819488445,<HDF5 object reference>,1395,1844,1843,0.1317273199675331,PL5,0.99,313.1002808662438,90929658,0.4395309882747068,132,121,202,14783,Other
1844,3.382778065504482e-05,<HDF5 object reference>,1396,1845,1844,0.122975372922706,PL5,0.99,313.12901411297605,90937308,0.6730318257956448,132,120,202,7650,Other
1846,4.331950400413448e-05,<HDF5 object reference>,1398,1847,1846,0.0027855216813123,PL5,0.99,313.1938139176716,91308365,0.7005025125628142,132,119,201,35942,Other
1847,5.900194300298618e-05,<HDF5 object reference>,1397,1848,1847,0.0,PL5,0.98,313.22818048075857,91312751,0.6867671691792294,132,120,201,4386,Other
1848,0.0011275729127063,<HDF5 object reference>,1399,1849,1848,0.098494502648769,PL5,0.99,313.27234701430876,91321299,0.6318257956448912,132,119,201,8548,Other
1850,0.0071115826287347,<HDF5 object reference>,1400,1851,1850,0.0,PL6a,0.99,313.3059135798069,91387672,0.6867671691792293,133,119,201,3963,Other
1852,0.0027567386877704,<HDF5 object reference>,1399,1853,1852,0.038505927224882,PL5,0.99,313.3265135177194,91423302,0.7829145728643216,132,119,201,9667,Other
1853,0.0762353834192287,<HDF5 object reference>,1401,1854,1853,0.0761393851953091,PL6a,0.99,313.4266132160222,91463973,0.7554438860971523,132,119,201,40671,Other
1856,0.0688703483992661,<HDF5 object reference>,1402,1857,1856,0.1827756089474049,PL6a,0.99,313.47997972184396,91683462,0.7142378559463985,132,118,201,16602,Other
1858,0.0091997571843112,<HDF5 object reference>,1403,1859,1858,0.0,PL6a,0.99,313.4967796712095,91716393,0.6592964824120603,132,118,200,3329,Other
1860,0.0309870944239635,<HDF5 object reference>,1404,1861,1860,0.0513118366450425,PL6a,0.99,313.5203462668472,91810816,0.7005025125628139,132,117,200,82901,Other
1861,0.0001240647554963,<HDF5 object reference>,1405,1862,1861,0.0065799122210556,PL6a,0.99,313.5975460341697,91876960,0.6867671691792293,132,117,200,66144,Other
1862,0.0065877863657543,<HDF5 object reference>,1405,1863,1862,0.026055917676636,PL6a,0.99,313.6115793252071,91920931,0.5494137353433837,132,117,200,43971,Other
1863,0.0267878278071056,<HDF5 object reference>,1403,1864,1863,0.0,PL6a,0.75,313.63611258459804,91921202,0.7005025125628139,132,118,200,271,Other
1864,0.0030769219759231,<HDF5 object reference>,1406,1865,1864,0.0,PL6a,0.99,313.6814124480657,91931094,0.8103852596314908,132,117,200,9892,Other
1865,0.0004159030192025,<HDF5 object reference>,1406,1866,1865,0.1314604043899494,PL6a,0.99,313.9824115408644,91945892,0.7417085427135678,132,117,200,14798,Other
1869,0.0904787096475877,<HDF5 object reference>,1408,1870,1869,0.1570685868120234,PL6a,0.99,314.47407672566845,92459412,0.7279731993299832,132,116,199,45155,Other
1872,0.000214046751043,<HDF5 object reference>,1409,1873,1872,0.0,PL6a,0.96,315.0390750227823,92502244,0.7554438860971525,132,115,199,1209,Other
1873,0.0738950345397278,<HDF5 object reference>,1409,1874,1873,0.0,PL6a,0.54,315.110908139613,92502575,0.7829145728643215,132,115,199,331,Other
1874,0.0002096532278485,<HDF5 object reference>,1410,1875,1874,0.0067426507188185,PL6a,0.99,315.3133075295879,92548778,0.7142378559463987,132,115,199,46203,Other
1875,0.0044577398815498,<HDF5 object reference>,1411,1876,1875,0.0114125771602882,PL6a,0.99,315.86563919821185,92666563,0.7279731993299832,132,115,199,117785,Other
1876,0.0030851346985066,<HDF5 object reference>,1411,1877,1876,0.0069895981390133,PL6a,0.99,315.92470568685405,92748372,0.7142378559463987,132,115,199,81809,Other
1877,0.0069752146805612,<HDF5 object reference>,1413,1878,1877,0.0,PL6a,0.87,315.9572389221333,92749067,0.5356783919597989,132,114,198,695,Other
1878,7.669675528617357e-06,<HDF5 object reference>,1413,1879,1878,0.0410902208465341,PL6a,0.99,315.9859721688656,92782808,0.8515912897822446,132,114,198,33741,Other
1879,0.0050301085668552,<HDF5 object reference>,1413,1880,1879,0.0,PL6a,0.97,316.0964385025904,92784628,0.9202680067001676,132,114,198,1820,Other
1880,0.0021993241792141,<HDF5 object reference>,1414,1881,1880,0.0586931608776952,PL6a,0.99,316.1359050503062,92792458,0.7966499162479062,131,114,198,7830,Other
1882,0.0001867068181504,<HDF5 object reference>,1414,1883,1882,0.0,PL6a,0.99,316.17740492522694,92829597,0.4532663316582913,131,114,198,22810,Other
1884,0.0001164301184413,<HDF5 object reference>,1416,1885,1884,0.0,PL6a,0.99,316.3956709340471,92934263,0.7966499162479062,131,113,198,34104,Other
1886,0.0022230649518538,<HDF5 object reference>,1419,1887,1886,0.0,PL6a,0.98,316.7052366676928,92960708,0.6592964824120603,131,112,197,2930,Other
1890,0.0399835054952531,<HDF5 object reference>,1420,1891,1890,0.1027769302148746,PL6a,0.99,317.03033568785514,93394017,0.7005025125628139,131,111,197,44673,Other
1892,1.125728736780558e-05,<HDF5 object reference>,1420,1893,1892,0.0136187937143536,PL6a,0.99,317.2011351730711,93449090,0.6867671691792295,131,111,197,22988,Other
1893,7.96989596584815e-05,<HDF5 object reference>,1423,1894,1893,0.0,PL6a,0.98,317.2404350546226,93452337,0.7005025125628139,131,110,196,3247,Other
1896,0.0418107846831782,<HDF5 object reference>,1425,1897,1896,0.1036733498720411,PL6a,0.99,317.391667932145,93629269,0.7279731993299831,131,109,196,26998,Other
1897,0.0765866636663623,<HDF5 object reference>,1425,1898,1897,0.0,PL6a,0.84,317.43183447775107,93629929,0.6318257956448912,131,109,196,660,Other
1898,0.0003464965751337,<HDF5 object reference>,1427,1899,1898,0.0002338920811205,PL6a,0.99,317.457367734128,93753965,0.6867671691792295,131,109,195,124036,Other
1899,0.0030898363572112,<HDF5 object reference>,1426,1900,1899,0.0084314652581329,PL6a,0.99,317.4745676822879,93789747,0.7142378559463987,131,109,196,35782,Other
1900,0.0117761915204505,<HDF5 object reference>,1426,1901,1900,0.045425169252094,PL6a,0.98,317.5846006839854,93802334,0.7005025125628142,131,109,196,12587,Other
1901,0.0542650287369203,<HDF5 object reference>,1427,1902,1901,0.2346313067341018,PL6a,0.99,317.6142005947723,93816987,0.6867671691792295,131,109,195,14653,Other
1902,0.0007330285938319,<HDF5 object reference>,1426,1903,1902,0.0,PL6a,0.99,317.6601004564316,93831185,0.6867671691792295,131,109,196,14198,Other
1906,0.0002474904588413,<HDF5 object reference>,1431,1907,1906,0.0067768145825371,PL6a,0.98,317.7662001366507,94063968,0.6455611390284757,130,107,195,32588,Other
1907,0.0001286088696898,<HDF5 object reference>,1432,1908,1907,0.0,PL6a,0.99,317.80560001790076,94156221,0.4944723618090452,130,107,194,92253,Other
1909,0.0005344352956458,<HDF5 object reference>,1432,1910,1909,0.0133990891990978,PL6a,0.99,317.84429990126057,94199252,0.6592964824120603,130,107,194,36644,Other
1913,0.0039185091348444,<HDF5 object reference>,1435,1914,1913,0.0019851416849094,ACAd6a,0.99,317.97949949377346,94304011,0.769179229480737,129,106,194,85151,Other
1916,0.002205957290294,<HDF5 object reference>,1437,1917,1916,0.0301721887626111,ACAd6a,0.99,318.1078991067813,94377621,0.6867671691792293,129,106,193,36220,Other
1919,0.0033577291942339,<HDF5 object reference>,1443,1920,1919,0.1003569466626007,ACAd6a,0.99,318.22643208286013,94717267,0.6455611390284757,128,103,192,5988,Other
1920,0.0006176542228897,<HDF5 object reference>,1442,1921,1920,0.0782916944912213,ACAd6a,0.99,318.2924652171718,94730826,0.6867671691792295,128,103,192,13559,Other
1924,0.0019697333704593,<HDF5 object reference>,1443,1925,1924,0.0642971485689966,ACAd6a,0.93,318.652464132147,95041380,0.8378559463986598,128,103,192,7481,Other
1925,1.7532691193163337e-05,<HDF5 object reference>,1444,1926,1925,0.0,ACAd6a,0.99,318.7177306021026,95056140,0.5494137353433837,128,103,192,14760,Other
1927,0.0445064341066284,<HDF5 object reference>,1446,1928,1927,0.0,ACAd6a,0.77,318.874296796884,95107462,0.7005025125628142,128,102,191,1396,Other
1928,0.0871095560794703,<HDF5 object reference>,1446,1929,1928,0.0,ACAd6a,0.33,319.0123297141907,95107554,0.7005025125628142,128,102,191,92,Other
1929,0.0202962166181471,<HDF5 object reference>,1445,1930,1929,0.0,ACAd6a,0.57,319.04222962407334,95108032,0.7279731993299831,128,102,192,478,Other
1930,6.386538055554991e-05,<HDF5 object reference>,1448,1931,1930,0.0,ACAd6a,0.98,319.1229627140798,95112084,0.7279731993299831,128,101,191,4052,Other
1931,0.0003399866883575,<HDF5 object reference>,1449,1932,1931,0.0918156979241235,MOs6a,0.99,319.5069282234871,95135508,0.6455611390284757,129,101,191,23424,Motor
1934,0.0003352681663377,<HDF5 object reference>,1452,1935,1934,0.0,MOs6a,0.99,320.2023261275808,95241219,0.7966499162479062,129,100,190,41279,Motor
1935,0.0001795853726655,<HDF5 object reference>,1452,1936,1935,0.0,MOs6a,0.98,320.23225937069634,95242660,0.7005025125628139,129,100,190,1441,Motor
1937,3.05672716762432e-05,<HDF5 object reference>,1457,1938,1937,0.0,MOs6a,0.99,321.0553568899076,95297142,0.6043551088777219,128,97,189,8466,Motor
1938,9.10564820587914e-05,<HDF5 object reference>,1456,1939,1938,0.0,MOs6a,0.99,322.4620526501731,95299984,0.6318257956448912,128,98,189,2842,Motor
1943,0.0007780992924818,<HDF5 object reference>,1460,1944,1943,0.0232544019000564,MOs5,0.99,324.5332794842897,95463819,0.6592964824120603,128,97,189,24879,Motor
1944,0.0170166503453496,<HDF5 object reference>,1461,1945,1944,0.0855210979017493,MOs5,0.99,324.5523794226111,95480981,0.7142378559463987,128,96,189,17162,Motor
1945,0.0233939702841043,<HDF5 object reference>,1461,1946,1945,0.0,MOs5,0.62,324.59017930054574,95481284,0.6592964824120602,128,96,189,303,Motor
1946,0.0014667969662156,<HDF5 object reference>,1462,1947,1946,0.0107521284130878,MOs5,0.99,324.6141792230439,95610642,0.6730318257956448,127,96,189,129358,Motor
1948,0.0016864137017609,<HDF5 object reference>,1463,1949,1948,0.0312735241566606,MOs5,0.99,324.68847898311105,95644301,0.6318257956448912,127,95,188,26275,Motor
1950,0.0003417356845738,<HDF5 object reference>,1464,1951,1950,0.0381982127893244,MOs5,0.99,324.74911212064455,95690877,0.6180904522613064,127,95,188,36316,Motor
1951,0.0039759172152745,<HDF5 object reference>,1464,1952,1951,0.0219846649941393,MOs5,0.99,324.82697853586075,95708970,0.6730318257956448,127,95,188,18093,Motor
1952,0.011986268956117,<HDF5 object reference>,1464,1953,1952,0.1793844942319168,MOs5,0.99,324.88911166855036,95715304,0.6592964824120603,127,95,188,6334,Motor
1953,2.9003603113409447e-05,<HDF5 object reference>,1465,1954,1953,0.0002242837288848,MOs5,0.99,325.0152779277941,95841969,0.6318257956448912,127,95,188,126665,Motor
1954,0.0647828094535498,<HDF5 object reference>,1465,1955,1954,0.0352778529937655,MOs5,0.99,325.08257771046596,95856252,0.6043551088777218,127,95,188,14283,Motor
1955,0.0158393038224581,<HDF5 object reference>,1466,1956,1955,0.0,MOs5,0.71,325.1274108990215,95856641,0.7829145728643215,127,94,188,389,Motor
1956,0.0013510032121248,<HDF5 object reference>,1467,1957,1956,0.0866697127469021,MOs5,0.99,325.1623107863209,95882415,0.5768844221105527,127,94,188,25774,Motor
1961,0.0359263117372799,<HDF5 object reference>,1470,1962,1961,0.1260292243184007,MOs5,0.99,325.39647669680625,95937279,0.5768844221105527,127,93,187,38532,Motor
1962,0.0214390721936426,<HDF5 object reference>,1475,1963,1962,0.0,MOs5,0.84,325.6112760031646,95939483,0.6455611390284757,126,91,186,2204,Motor
1963,0.0116285026445819,<HDF5 object reference>,1473,1964,1963,0.0875929092755513,MOs5,0.99,326.1494409319598,95961686,0.5906197654941373,127,91,186,22203,Motor
1964,0.0007174673202863,<HDF5 object reference>,1474,1965,1964,0.0667255555381799,MOs5,0.98,326.4294733609972,95987125,0.6043551088777218,127,91,186,25439,Motor
1967,4.3366499709276106e-05,<HDF5 object reference>,1479,1968,1967,0.0,MOs5,0.96,326.63360603513416,96141990,0.4807370184254607,126,89,185,6089,Motor
1968,0.0086674251025009,<HDF5 object reference>,1480,1969,1968,0.1723896544778982,MOs5,0.99,326.68610586559885,96170522,0.8241206030150753,126,89,185,28532,Motor
1969,0.0901125124609539,<HDF5 object reference>,1480,1970,1969,0.2567590310436554,MOs5,0.99,326.8144387845125,96225798,0.7279731993299833,126,89,185,55276,Motor
1970,0.0023704381011063,<HDF5 object reference>,1482,1971,1970,0.0127587219397369,MOs5,0.99,327.0294380902251,96338455,0.6318257956448912,126,88,184,112657,Motor
1972,0.004431996812774,<HDF5 object reference>,1482,1973,1972,0.0,MOs5,0.68,327.10060452707717,96342488,0.7005025125628142,126,88,184,3933,Motor
1978,0.000463957601503,<HDF5 object reference>,1499,1979,1978,0.0149236943927464,MOs5,0.94,327.4497033997481,96528075,0.7554438860971523,125,81,181,21960,Motor
1979,0.0060369509299214,<HDF5 object reference>,1500,1980,1979,0.4766580310534016,MOs5,0.99,327.6219028436723,96550565,0.6180904522613065,125,81,180,22490,Motor
1981,0.0462613833839449,<HDF5 object reference>,1521,1982,1981,0.4965640390135479,MOs2/3,0.99,327.74730243872506,96591592,0.7966499162479062,123,73,177,7614,Motor
1986,0.0002161925831337,<HDF5 object reference>,1191,1987,1986,0.0,TTd,0.99,327.9382684887138,96613616,0.5906197654941374,148,198,245,1197,Other
1987,0.0012811015941143,<HDF5 object reference>,1196,1988,1987,0.0,TTd,0.62,327.9555684328478,96613818,0.6318257956448912,147,196,244,202,Other
1991,0.0069008672536293,<HDF5 object reference>,1200,1992,1991,0.0,TTd,0.38,328.0729680537346,96621118,0.5906197654941374,147,195,243,75,Other
1992,0.0001333243287022,<HDF5 object reference>,1207,1993,1992,0.0,TTd,0.99,328.15306779507216,96623059,0.5906197654941373,147,192,241,1941,Other
1993,0.0688853095153256,<HDF5 object reference>,1208,1994,1993,0.0,TTd,0.87,328.18713435172924,96623479,0.5494137353433836,146,191,241,420,Other
1994,0.0004516274380647,<HDF5 object reference>,1208,1995,1994,0.0,TTd,0.81,328.2177009196887,96624052,0.5356783919597989,146,191,241,573,Other
1995,0.0015879376796689,<HDF5 object reference>,1209,1996,1995,0.0,TTd,0.99,328.2437675021797,96625516,0.6455611390284757,146,191,241,1464,Other
1997,0.0287578008326934,<HDF5 object reference>,1211,1998,1997,0.0,TTd,0.92,328.37360041624953,96626541,0.5906197654941373,146,190,240,651,Other
1998,0.0003525647438843,<HDF5 object reference>,1211,1999,1998,0.0,TTd,0.86,328.4099336322537,96627275,0.6043551088777218,146,190,240,734,Other
2000,0.0504302775502257,<HDF5 object reference>,1211,2001,2000,0.0,TTd,0.82,328.5344332302128,96631964,0.5768844221105527,146,190,240,764,Other
2001,0.0804548690622483,<HDF5 object reference>,1211,2002,2001,0.0,TTd,0.95,328.7569991781574,96632325,0.535678391959799,146,190,240,361,Other
2002,0.0001501929901399,<HDF5 object reference>,1212,2003,2002,0.0,TTd,0.99,329.049331567475,96634048,0.5906197654941374,146,190,240,1723,Other
2003,0.0027190417427843,<HDF5 object reference>,1212,2004,2003,0.0721101175107484,TTd,0.99,329.0569648761585,96657477,0.6043551088777218,146,190,240,23429,Other
2004,0.0002363310703297,<HDF5 object reference>,1214,2005,2004,0.0,TTd,0.97,329.0661981796751,96658572,0.6043551088777218,146,189,240,1095,Other
2010,0.0059171597633137,<HDF5 object reference>,1216,2011,2010,0.0,TTd,0.95,331.04815844608777,96690004,0.604355108877722,146,188,239,676,Other
2011,0.0002202404442647,<HDF5 object reference>,1216,2012,2011,0.0,TTd,0.88,331.07912501275547,96691179,0.6592964824120603,146,188,239,1175,Other
2015,0.0110201495242226,<HDF5 object reference>,1223,2016,2015,0.0,TTd,0.97,331.3479241447347,96724779,0.5631490787269682,145,186,238,1262,Other
2016,0.0059692777874277,<HDF5 object reference>,1223,2017,2016,0.0,TTd,0.92,331.36075743662605,96725346,0.6455611390284757,145,186,238,567,Other
2021,0.0004454088158538,<HDF5 object reference>,1303,2022,2021,0.0,ILA2/3,0.81,334.85301282591143,96740475,0.6730318257956448,140,156,221,581,Other
2022,0.0020940614679505,<HDF5 object reference>,1308,2023,2022,0.0,ILA2/3,0.81,336.17574188781606,96741020,0.7829145728643216,139,154,220,545,Other
2024,0.0011870757890417,<HDF5 object reference>,1312,2025,2024,0.0,ILA5,0.57,337.7033036215972,96741621,0.7417085427135678,139,152,219,218,Other
2025,0.0034581873815998,<HDF5 object reference>,1318,2026,2025,0.0,ILA5,0.99,337.76887007653306,96743636,0.7966499162479062,139,151,218,2015,Other
2027,0.0012685417745642,<HDF5 object reference>,1320,2028,2027,0.0,ILA5,0.34,337.82226990409146,96747175,0.6592964824120603,139,150,218,204,Other
2028,0.0008579584697215,<HDF5 object reference>,1320,2029,2028,0.0638224948471342,ILA5,0.99,337.8798363848613,96757794,0.4944723618090452,139,150,218,10619,Other
2029,0.0097726483107907,<HDF5 object reference>,1323,2030,2029,0.0,ILA5,0.99,337.894903002874,96760617,0.8241206030150753,138,149,217,2823,Other
2031,0.0289374434290826,<HDF5 object reference>,1323,2032,2031,0.0654291955361125,ILA5,0.99,338.0718357648464,96770421,0.7417085427135678,138,149,217,7416,Other
2036,0.0001559235122492,<HDF5 object reference>,1328,2037,2036,0.0,ILA5,0.99,338.4564678561049,96796553,0.7142378559463987,138,147,216,1664,Other
2037,0.0098056291041243,<HDF5 object reference>,1327,2038,2037,0.0569346644663507,ILA5,0.99,338.4837344347208,96804503,0.7966499162479062,138,147,216,7950,Other
2039,0.0071267808032285,<HDF5 object reference>,1331,2040,2039,0.0,ILA5,0.99,338.64660057545126,96806878,0.604355108877722,138,146,215,1926,Other
2040,0.0237837518723241,<HDF5 object reference>,1333,2041,2040,0.0,ILA5,0.73,339.5572309681273,96807630,0.4395309882747069,137,145,215,752,Other
2041,2.532862112274529e-05,<HDF5 object reference>,1332,2042,2041,0.344718218067613,ILA5,0.99,339.5598309597313,96817847,0.7279731993299832,138,145,215,10217,Other
2043,0.0441890040213343,<HDF5 object reference>,1337,2044,2043,0.0,ILA5,0.94,340.2438287509284,96822395,0.5631490787269681,137,143,214,571,Other
2044,0.0246655145051887,<HDF5 object reference>,1340,2045,2044,0.0,ILA5,0.88,340.26092869570834,96823231,0.5906197654941373,137,142,213,836,Other
2045,0.0005044493606453,<HDF5 object reference>,1340,2046,2045,0.0,ILA5,0.85,340.2774619756515,96823744,0.6730318257956448,137,142,213,513,Other
2046,0.0074596395679541,<HDF5 object reference>,1340,2047,2046,0.0,ILA5,0.96,340.29476191978557,96826236,0.7005025125628142,137,142,213,2492,Other
2047,0.0002704101588412,<HDF5 object reference>,1347,2048,2047,0.0,ILA5,0.99,340.3120951971453,96827193,0.7142378559463985,136,139,212,957,Other
2048,0.0086299280674989,<HDF5 object reference>,1347,2049,2048,0.3102840710536415,ILA5,0.99,340.3371951160913,96836203,0.7005025125628142,136,139,212,9010,Other
2049,0.0641043190771567,<HDF5 object reference>,1347,2050,2049,0.0527861162602559,ILA5,0.99,340.48386130913553,96879105,0.6043551088777218,136,139,212,42902,Other
2050,0.0026406379797048,<HDF5 object reference>,1352,2051,2050,0.0,ILA5,0.49,340.5661610433687,96879203,0.6730318257956448,136,137,211,98,Other
2052,0.0067105189352395,<HDF5 object reference>,1351,2053,2052,0.1232425600974446,ILA5,0.99,340.6998606116188,96893722,0.6730318257956448,136,138,211,10807,Other
2055,0.0498487839244611,<HDF5 object reference>,1353,2056,2055,0.3800714456086287,ILA5,0.99,340.79326031000744,96954470,0.5082077051926298,136,137,211,7537,Other
2056,0.0007164820267705,<HDF5 object reference>,1355,2057,2056,0.1751215468715622,ILA5,0.99,340.8261602037653,96959003,0.6318257956448912,136,136,210,4533,Other
2057,0.0108180640094716,<HDF5 object reference>,1355,2058,2057,0.1747358591857938,ILA5,0.99,340.9493264726967,96963541,0.7279731993299832,136,136,210,4538,Other
2060,0.0180788824556461,<HDF5 object reference>,1358,2061,2060,0.0,ILA5,0.9,341.11942592340233,96971558,0.6455611390284757,136,135,210,841,Other
2061,0.0157993534312601,<HDF5 object reference>,1356,2062,2061,0.1934425936810524,ILA5,0.99,341.15395914521906,96975871,0.5356783919597989,136,136,210,4313,Other
2062,0.0044789166924576,<HDF5 object reference>,1360,2063,2062,0.0,ILA5,0.98,341.18119239060934,96980365,0.6455611390284757,135,134,209,4494,Other
2063,8.323657832456804e-05,<HDF5 object reference>,1363,2064,2063,0.0,ILA5,0.99,341.2108922947008,96983474,0.4944723618090451,135,133,208,3109,Other
2064,0.0001160980358955,<HDF5 object reference>,1368,2065,2064,0.0,ILA5,0.99,341.24255885910804,96985703,0.6867671691792293,134,131,208,2229,Other
2065,0.0633777947761049,<HDF5 object reference>,1369,2066,2065,0.0,PL5,0.97,341.27872540898375,96986214,0.5906197654941373,134,131,208,511,Other
2066,0.0034466889930637,<HDF5 object reference>,1369,2067,2066,0.0,PL5,0.99,341.8754901485452,96989155,0.6867671691792293,134,131,208,2941,Other
2067,0.011479653572856,<HDF5 object reference>,1371,2068,2067,0.0,PL5,0.99,341.94995657474084,96991371,0.7142378559463987,134,130,207,2216,Other
2068,0.0168378632137736,<HDF5 object reference>,1370,2069,2068,0.0,PL5,0.78,341.99502309587626,96991941,0.5494137353433836,134,131,207,570,Other
2069,0.0021784292532759,<HDF5 object reference>,1371,2070,2069,0.0113562923130235,PL5,0.99,342.18112249491395,97017115,0.5906197654941374,134,130,207,25174,Other
2070,0.0001601052974486,<HDF5 object reference>,1375,2071,2070,0.0491092717013294,PL5,0.99,342.2324556624794,97025675,0.6043551088777218,134,129,206,8560,Other
2071,0.0165933332647691,<HDF5 object reference>,1374,2072,2071,0.0,PL5,0.84,342.2514222678981,97026126,0.7142378559463985,134,129,206,451,Other
2073,0.0013996122561257,<HDF5 object reference>,1375,2074,2073,0.0,PL5,0.35,342.30462209610226,97026552,0.535678391959799,134,129,206,204,Other
2075,0.0054382445935999,<HDF5 object reference>,1380,2076,2075,0.0,PL5,0.84,342.76485394322987,97031114,0.6318257956448912,134,127,205,967,Other
2076,0.0123599153896754,<HDF5 object reference>,1381,2077,2076,0.3367383251809924,PL5,0.99,342.8820202315368,97048100,0.6867671691792295,133,126,205,16986,Other
2079,0.0064153254091136,<HDF5 object reference>,1391,2080,2079,0.0,PL5,0.98,343.1760859485904,97058614,0.7829145728643216,133,122,203,5589,Other
2080,0.0110423176660685,<HDF5 object reference>,1391,2081,2080,0.0,PL5,0.96,343.194519222398,97059390,0.6180904522613065,133,122,203,776,Other
2081,0.0065019676899385,<HDF5 object reference>,1391,2082,2081,0.2555086246817419,PL5,0.99,343.2356524229018,97065890,0.7966499162479062,133,122,203,6500,Other
2082,0.0041419104421861,<HDF5 object reference>,1392,2083,2082,0.0,PL5,0.91,343.2493523786611,97068533,0.6867671691792295,133,122,203,2643,Other
2083,0.000424642756764,<HDF5 object reference>,1400,2084,2083,0.0,PL6a,0.71,343.3478520605806,97069144,0.6318257956448912,133,119,201,611,Other
2085,0.000858723991451,<HDF5 object reference>,1403,2086,2085,0.0477651221202472,PL6a,0.99,343.5026515606936,97101287,0.5906197654941373,132,118,200,28787,Other
2087,0.002190815110876,<HDF5 object reference>,1406,2088,2087,0.030449515502702,PL6a,0.99,343.6330511396002,97175152,0.6730318257956448,132,117,200,73730,Other
2089,0.0195674137711143,<HDF5 object reference>,1408,2090,2089,0.2955693305316187,PL6a,0.99,343.76605071011073,97237750,0.7829145728643216,132,116,199,36761,Other
2092,0.0541437914093251,<HDF5 object reference>,1411,2093,2092,0.2873094412899729,PL6a,0.96,344.0949163147867,97262682,0.6455611390284757,132,115,199,3539,Other
2094,0.000801184278672,<HDF5 object reference>,1419,2095,2094,0.0,PL6a,0.3,344.1883160131753,97268446,0.7005025125628142,131,112,197,323,Other
2095,0.0004298712990217,<HDF5 object reference>,1423,2096,2095,0.0,PL6a,0.9,344.51678161914293,97269048,0.6318257956448912,131,110,196,602,Other
2096,0.0062937458964772,<HDF5 object reference>,1430,2097,2096,0.2015704417696342,PL6a,0.99,344.6909477233829,97287465,0.7691792294807369,130,108,195,18417,Other
2097,0.0353940687156398,<HDF5 object reference>,1431,2098,2097,0.0,PL6a,0.18,344.8080140120128,97287711,0.7279731993299833,130,107,195,246,Other
2098,0.0456683056627988,<HDF5 object reference>,1433,2099,2098,0.0,PL6a,0.72,344.8283139464591,97287959,0.6180904522613064,130,106,194,248,Other
2099,0.0011658825972576,<HDF5 object reference>,1431,2100,2099,0.0293163500105437,PL6a,0.96,344.85921384667546,97299038,0.6730318257956449,130,107,195,11079,Other
2101,4.3588095336212574e-05,<HDF5 object reference>,1433,2102,2101,0.0,PL6a,0.99,344.94164691381144,97305171,0.6043551088777218,130,106,194,5937,Other
2102,0.0023567852854111,<HDF5 object reference>,1443,2103,2102,0.0,ACAd6a,0.91,345.04661324151516,97309620,0.6455611390284757,128,103,192,4449,Other
2103,0.0001100265824877,<HDF5 object reference>,1443,2104,2103,0.0,ACAd6a,0.93,345.0732131556173,97311972,0.6592964824120604,128,103,192,2352,Other
2104,0.0031558844147695,<HDF5 object reference>,1442,2105,2104,0.0,ACAd6a,0.45,345.1120463635483,97312054,0.7966499162479062,128,103,192,82,Other
2105,0.0010965361102164,<HDF5 object reference>,1447,2106,2105,0.0,ACAd6a,0.45,345.14554625536863,97312290,0.5906197654941373,128,101,191,236,Other
2106,0.0013921370135879,<HDF5 object reference>,1447,2107,2106,0.0,ACAd6a,0.9,345.18087947460197,97313277,0.5906197654941374,128,101,191,987,Other
2107,0.0245111931507966,<HDF5 object reference>,1452,2108,2107,0.0,MOs6a,0.87,345.3373789692253,97314160,0.6455611390284757,129,100,190,883,Motor
2109,0.0913354206531235,<HDF5 object reference>,1457,2110,2109,0.0867215508011459,MOs6a,0.99,353.21812018697324,97352048,0.6867671691792295,128,97,189,29519,Motor
2110,0.0178549124740905,<HDF5 object reference>,1459,2111,2110,0.0999892472753496,MOs5,0.97,355.5504790544225,97358047,0.6867671691792293,128,97,189,5999,Motor
2111,0.0948082503178014,<HDF5 object reference>,1460,2112,2111,0.1598438672148708,MOs5,0.99,359.93966393568843,97384887,0.6318257956448912,128,97,189,26840,Motor
2113,0.0001640979847882,<HDF5 object reference>,1460,2114,2113,0.0,MOs5,0.96,360.92916052732534,97398741,0.6455611390284757,128,97,189,1577,Motor
2114,0.0181492806936172,<HDF5 object reference>,1464,2115,2114,0.1010984564261323,MOs5,0.98,360.97522703531394,97404707,0.6180904522613064,127,95,188,5966,Motor
2115,0.0972533036361761,<HDF5 object reference>,1468,2116,2115,0.0,MOs5,0.99,360.99712695987876,97406699,0.5356783919597989,127,93,187,1992,Motor
2117,0.0013153516265185,<HDF5 object reference>,1468,2118,2117,0.0,MOs5,0.99,361.0360268258865,97420399,0.6592964824120603,127,93,187,13448,Motor
2118,0.0172915303496188,<HDF5 object reference>,1471,2119,2118,0.0927610970054379,MOs5,0.99,361.04806011777066,97434326,0.6730318257956448,127,92,187,13927,Motor
2120,0.0088516893568017,<HDF5 object reference>,1200,2121,2120,0.0,TTd,0.78,361.1009932687735,97440196,0.6318257956448912,147,195,243,1635,Other
2121,0.012363382108741,<HDF5 object reference>,1207,2122,2121,0.0,TTd,0.95,361.1084932429395,97441271,0.6180904522613065,147,192,241,1075,Other
2122,0.0036647440583177,<HDF5 object reference>,1211,2123,2122,0.0,TTd,0.99,361.1248931864492,97445767,0.5494137353433837,146,190,240,4496,Other
2123,0.0006774411570971,<HDF5 object reference>,1211,2124,2123,0.0,TTd,0.69,361.15605974576135,97446149,0.5768844221105527,146,190,240,382,Other
2129,0.0060182734456719,<HDF5 object reference>,1216,2130,2129,0.0,TTd,0.97,361.3786256457903,97450523,0.5906197654941373,146,188,239,1150,Other
2133,0.007909939972727,<HDF5 object reference>,1219,2134,2133,0.0,TTd,0.99,361.5105585246752,97456105,0.5906197654941373,146,187,239,987,Other
2134,0.0053976931660755,<HDF5 object reference>,1223,2135,2134,0.0,TTd,0.95,361.57665829699175,97457402,0.6318257956448912,145,186,238,1297,Other
2135,0.0008742652770644,<HDF5 object reference>,1302,2136,2135,0.0,ILA2/3,0.73,361.63195810650916,97457698,0.7829145728643216,140,156,221,296,Other
2136,0.0008402029935425,<HDF5 object reference>,1318,2137,2136,0.0,ILA5,0.69,361.6650913257137,97458006,0.6180904522613064,139,151,218,308,Other
2139,0.0053490613624873,<HDF5 object reference>,1324,2140,2139,0.0,ILA5,0.99,361.79632420700983,97462206,0.7554438860971523,138,148,217,2069,Other
2140,0.0039534532695154,<HDF5 object reference>,1324,2141,2140,0.3343228708258526,ILA5,0.99,361.8671572963556,97473087,0.8103852596314909,138,148,217,10881,Other
2144,7.617271415286533e-05,<HDF5 object reference>,1371,2145,2144,0.0,PL5,0.99,362.88598712028625,97489573,0.6455611390284757,134,130,207,3400,Other
2147,0.0001301722947742,<HDF5 object reference>,1405,2148,2147,0.0,PL6a,0.98,363.1567195210703,97492301,0.6867671691792295,132,117,200,1988,Other
2148,0.0003745043733879,<HDF5 object reference>,1405,2149,2148,0.0,PL6a,0.99,363.1701528081321,97492992,0.6867671691792293,132,117,200,691,Other
2150,0.0026547587256272,<HDF5 object reference>,1431,2151,2150,0.0,PL6a,0.92,363.25425251844706,97499519,0.7417085427135679,130,107,195,2700,Other
2153,0.0846360800121086,<HDF5 object reference>,1468,2154,2153,0.1100038417116321,MOs5,0.99,363.30278568460585,97512842,0.6180904522613065,127,93,187,12789,Motor
2154,0.0027232717948604,<HDF5 object reference>,1468,2155,2154,0.0897277300696281,MOs5,0.99,363.34691886592054,97528354,0.5768844221105527,127,93,187,15512,Motor
2156,0.0549658438872494,<HDF5 object reference>,1475,2157,2156,0.0,MOs5,0.44,363.5128516276914,97532970,0.6455611390284756,126,91,186,218,Motor
2158,0.0162113280809721,<HDF5 object reference>,1212,2159,2158,0.0,TTd,0.98,364.41974850384656,97535784,0.5768844221105527,146,190,240,1352,Other
2162,0.0126546120251571,<HDF5 object reference>,1464,2163,2162,0.0455365430913997,MOs5,0.99,368.1969688263838,97552381,0.6180904522613065,127,95,188,15397,Motor
2163,0.0959679172676962,<HDF5 object reference>,1466,2164,2163,0.0,MOs5,0.99,368.2595352775377,97556644,0.6180904522613065,127,94,188,4263,Motor
2164,0.0252387069955497,<HDF5 object reference>,1216,2165,2164,0.0,TTd,0.9,368.30880177450376,97556993,0.6043551088777219,146,188,239,349,Other
2167,0.0083415781275815,<HDF5 object reference>,1211,2168,2167,0.0,TTd,0.97,368.3978348011591,97559702,0.4670016750418761,146,190,240,1713,Other
2168,0.0009549170553915,<HDF5 object reference>,1211,2169,2168,0.0,TTd,0.76,368.48666782850324,97559973,0.5906197654941373,146,190,240,271,Other
2169,0.0038595293185107,<HDF5 object reference>,1215,2170,2169,0.0,TTd,0.99,368.52923434854773,97564305,0.4395309882747068,146,189,240,4332,Other
2170,0.0008402029935424,<HDF5 object reference>,1216,2171,2170,0.0,TTd,0.77,368.62860067294287,97564613,0.5906197654941373,146,188,239,308,Other
2171,0.0040989067663404,<HDF5 object reference>,1219,2172,2171,0.3340176631714478,TTd,0.99,368.66333388663617,97573297,0.6318257956448912,146,187,239,8684,Other
2174,0.0008972224227374,<HDF5 object reference>,1311,2175,2174,0.0,ILA2/3,0.93,375.69047634801166,97574557,0.6592964824120602,139,153,219,583,Other
2175,0.00391660665515,<HDF5 object reference>,1314,2176,2175,0.1422247086441404,ILA2/3,0.99,375.76047610689454,97579587,0.7966499162479062,138,152,219,5030,Other
2176,0.0069774632588825,<HDF5 object reference>,1318,2177,2176,0.0,ILA5,0.99,375.84110916248386,97581268,0.6867671691792293,139,151,218,1681,Other
2177,0.0021943448999423,<HDF5 object reference>,1340,2178,2177,0.3638459348627286,ILA5,0.99,375.8705757276517,97586715,0.6043551088777218,137,142,213,5447,Other
2179,0.0058515599947256,<HDF5 object reference>,1351,2180,2179,0.2298639227833533,ILA5,0.99,376.0934416266473,97598625,0.7691792294807371,136,138,211,6853,Other
2180,7.845623927064631e-05,<HDF5 object reference>,1352,2181,2180,0.0,ILA5,0.99,376.1162748813305,97601924,0.7005025125628139,136,137,211,3299,Other
2181,0.0002892377805948,<HDF5 object reference>,1360,2182,2181,0.0,ILA5,0.99,376.21470787560725,97611493,0.7417085427135678,135,134,209,9569,Other
2182,0.0012747907488231,<HDF5 object reference>,1362,2183,2182,0.0,ILA5,0.72,376.2403411206457,97611696,0.7279731993299832,135,133,209,203,Other
2183,0.0197217824768884,<HDF5 object reference>,1363,2184,2183,0.3407480596957454,ILA5,0.99,376.2443077736491,97621445,0.7417085427135678,135,133,208,9749,Other
2185,0.0005175650440222,<HDF5 object reference>,1386,2186,2185,0.0,PL5,0.85,377.69693610334235,97645281,0.7005025125628139,133,124,204,500,Other
2186,0.0401132679190167,<HDF5 object reference>,1404,2187,2186,0.0,PL6a,0.76,377.69940276151254,97645630,0.6318257956448912,132,117,200,349,Other
2187,1.7503045114040567e-05,<HDF5 object reference>,1409,2188,2187,0.0,PL6a,0.99,377.7021027522123,97660415,0.8241206030150753,132,115,199,14785,Other
2188,0.0001433698182886,<HDF5 object reference>,1409,2189,2188,0.0,PL6a,0.96,385.4282096044809,97662220,0.8378559463986601,132,115,199,1805,Other
2189,0.0050779323314437,<HDF5 object reference>,1410,2190,2189,0.0,PL6a,0.71,385.4871094523184,97663050,0.8790619765494135,132,115,199,830,Other
2192,0.0001944271390015,<HDF5 object reference>,1200,2193,2192,0.0,TTd,0.98,385.7075088829363,97715456,0.6318257956448909,147,195,243,1331,Other
2194,0.0021192760484508,<HDF5 object reference>,1336,2195,2194,0.0,ILA5,0.98,385.87630844685776,97719028,0.7142378559463987,137,144,214,3496,Other
2195,0.0173273924751032,<HDF5 object reference>,1389,2196,2195,0.0,PL5,0.83,385.96994153829843,97719441,0.4395309882747068,133,123,203,413,Other
2196,0.000473960663024,<HDF5 object reference>,1433,2197,2196,0.0,PL6a,0.88,386.01140809783993,97719987,0.5494137353433837,130,106,194,546,Other
2197,0.00068524395641,<HDF5 object reference>,1217,2198,2197,0.0,TTd,0.96,386.0395413584935,97720750,0.6318257956448912,146,188,239,763,Other
2198,0.0004263303492768,<HDF5 object reference>,1215,2199,2198,0.0,TTd,0.86,386.05137466125655,97721357,0.5631490787269682,146,189,240,607,Other
2199,0.0959224843847559,<HDF5 object reference>,1302,2200,2199,0.0,ILA2/3,0.82,386.0571079797784,97721693,0.6730318257956449,140,156,221,336,Other
2200,0.0013136168630004,<HDF5 object reference>,1352,2201,2200,0.0,ILA5,0.66,386.0663412892583,97721890,0.7829145728643216,136,137,211,197,Other
2201,4.2937202922035775e-05,<HDF5 object reference>,1363,2202,2201,0.2971870593392066,ILA5,0.99,386.09234122208983,97727917,0.7005025125628142,135,133,208,6027,Other
