,amplitude_cutoff,electrode_group,electrodes,electrodes_index,id,isi_violations,location,presence_ratio,spike_times,spike_times_index,waveform_duration,x,y,z,spike_count,brain_area
1,0.0001011290583133,<HDF5 object reference>,30,2,1,0.0008336354398957,AMd,0.99,73.27792338875201,200956,0.5219430485762144,245,171,194,166858,Other
2,7.823837019428956e-06,<HDF5 object reference>,31,3,2,0.0,AMd,0.99,75.63295089146465,288344,0.5906197654941373,245,170,194,87388,Other
3,0.0003058439279749,<HDF5 object reference>,31,4,3,0.0009094193378059,AMd,0.99,76.03644989247434,414641,0.6455611390284758,245,170,194,126297,Other
5,0.0010199394581854,<HDF5 object reference>,32,6,5,0.0065918841942889,AMd,0.99,76.44788220717592,677829,0.5768844221105527,245,170,194,224975,Other
6,6.252857230371925e-05,<HDF5 object reference>,33,7,6,0.0,AMd,0.99,76.59244851592265,789398,0.5631490787269682,245,170,194,111569,Other
8,0.0020192328056011,<HDF5 object reference>,36,9,8,0.010915522891802,AMd,0.99,80.82157137871528,939539,0.5082077051926298,245,168,194,106906,Other
9,0.0073752787467724,<HDF5 object reference>,36,10,9,0.0214244282463335,AMd,0.99,80.83123802144908,1074747,0.5356783919597989,245,168,194,135208,Other
10,0.0112487201717001,<HDF5 object reference>,36,11,10,0.0448660842332309,AMd,0.99,80.86703793281501,1132174,0.5494137353433837,245,168,194,57427,Other
11,0.0048280449176355,<HDF5 object reference>,38,12,11,0.1167622616671934,AMd,0.99,82.17420136318225,1147937,0.5768844221105528,246,167,194,15763,Other
12,4.383698827061243e-06,<HDF5 object reference>,35,13,12,0.0,AMd,0.99,82.46796730253777,1330671,0.6730318257956449,245,169,194,182734,Other
13,0.0591840989187532,<HDF5 object reference>,38,14,13,0.022634887720431,AMd,0.99,83.23496540358965,1461237,0.5494137353433837,246,167,194,130566,Other
16,0.0009500599935265,<HDF5 object reference>,39,17,16,0.0,AMd,0.99,84.57706208080185,1488618,0.5494137353433837,246,167,194,4809,Other
17,0.0363284383511935,<HDF5 object reference>,35,18,17,0.0104974937242623,AMd,0.99,84.65012856656915,1550821,0.5631490787269682,245,169,194,62203,Other
20,0.0010210779364956,<HDF5 object reference>,41,21,20,0.0051867461587901,AMd,0.99,86.76039000861147,1882600,0.5494137353433836,246,166,193,120595,Other
21,0.0251145919770877,<HDF5 object reference>,41,22,21,0.0103727705037899,AMd,0.99,86.81255654612326,2017434,0.5631490787269682,246,166,193,134834,Other
23,0.009867397783037,<HDF5 object reference>,42,24,23,0.0340972117286684,AMd,0.99,87.78745413245375,2301120,0.5631490787269682,246,165,193,212358,Other
24,0.0002553610423333,<HDF5 object reference>,42,25,24,0.0097535827275645,AMd,0.99,87.94408707799235,2474448,0.5219430485762143,246,165,193,173328,Other
25,0.000134715602509,<HDF5 object reference>,43,26,25,0.0004872878816148,AMd,0.99,88.00168693538555,2583570,0.6318257956448912,246,165,193,109122,Other
28,0.0001895105925447,<HDF5 object reference>,43,29,28,0.0016797310417226,AMd,0.99,88.30118619387974,2862598,0.5082077051926298,246,165,193,58774,Other
29,0.0009173254008801,<HDF5 object reference>,45,30,29,0.0044566975154518,AMd,0.99,88.5695521961209,2925095,0.5494137353433837,246,164,193,62497,Other
30,0.0304209348817596,<HDF5 object reference>,47,31,30,0.0090038126207639,AMd,0.99,88.65811864351312,3065293,0.5631490787269681,246,163,193,140198,Other
31,0.0001831747849546,<HDF5 object reference>,47,32,31,0.0,AMd,0.99,90.02264859851792,3203088,0.5906197654941373,246,163,193,137795,Other
32,0.0121590847663955,<HDF5 object reference>,47,33,32,0.0081300800971642,AMd,0.99,90.24464804888757,3333965,0.6043551088777218,246,163,193,130877,Other
33,7.357220967687339e-05,<HDF5 object reference>,48,34,33,0.0,AV,0.99,90.3765477223279,3542729,0.4807370184254607,247,163,193,208764,Thalamus
34,0.0003812430911842,<HDF5 object reference>,52,35,34,0.0364463336650063,AV,0.99,90.84431323089206,3681298,0.4944723618090451,247,161,193,138569,Thalamus
35,0.001325539953287,<HDF5 object reference>,52,36,35,0.0015677796396338,AV,0.99,91.14741248047332,3847905,0.5494137353433837,247,161,193,166607,Thalamus
36,0.0003209059641347,<HDF5 object reference>,51,37,36,0.0016679233534238,AV,0.99,91.18197906155942,3992380,0.535678391959799,247,162,193,144475,Thalamus
39,3.4066020142313607e-06,<HDF5 object reference>,52,40,39,0.00351925880114,AV,0.99,92.77327512179914,4181761,0.5219430485762144,247,161,193,75965,Thalamus
41,0.0001553113446841,<HDF5 object reference>,54,42,41,6.500976426020874e-05,AV,0.99,93.60877305325792,4393018,0.535678391959799,247,160,193,211252,Thalamus
42,0.0149911236202786,<HDF5 object reference>,55,43,42,0.0414668793701793,AV,0.99,95.32376880723967,4536195,0.5768844221105527,247,160,193,143177,Thalamus
44,0.0040354149889269,<HDF5 object reference>,54,45,44,0.0064985028897087,AV,0.99,96.35273292637791,4794137,0.5631490787269682,247,160,193,257915,Thalamus
46,0.0042974692579704,<HDF5 object reference>,56,47,46,0.0056260950795432,AV,0.99,96.96276474938315,5009033,0.4532663316582916,247,160,193,55624,Thalamus
47,0.0001292150875876,<HDF5 object reference>,57,48,47,0.0,AV,0.99,97.2732973138942,5118187,0.5494137353433837,247,159,193,109154,Thalamus
49,0.0016398813273259,<HDF5 object reference>,58,50,49,0.0010833456381467,AV,0.99,97.5045967412388,5373912,0.5219430485762144,247,159,192,126760,Thalamus
51,0.0002847384752045,<HDF5 object reference>,59,52,51,0.0179123592544497,AV,0.99,98.4165278167963,5552704,0.5494137353433836,247,158,192,136478,Thalamus
52,0.000175822772579,<HDF5 object reference>,60,53,52,0.0041448908533293,AV,0.99,100.82722184835538,5706973,0.5219430485762143,247,158,192,154269,Thalamus
53,0.0293042624666111,<HDF5 object reference>,60,54,53,0.014444662040535,AV,0.99,101.8341860219615,5855612,0.535678391959799,247,158,192,148639,Thalamus
54,6.187416842269547e-06,<HDF5 object reference>,61,55,54,0.0,AV,0.99,101.91448582315377,5897436,0.5219430485762143,247,157,192,41824,Thalamus
57,0.0016811333504449,<HDF5 object reference>,64,58,57,0.0041442408253148,AV,0.99,105.90830926850504,6271740,0.4670016750418761,247,156,192,177490,Thalamus
58,0.0027157885369726,<HDF5 object reference>,64,59,58,0.0174486995692565,AV,0.99,106.55544099965766,6405123,0.4807370184254607,247,156,192,133383,Thalamus
62,0.0010641586229608,<HDF5 object reference>,69,63,62,0.0067065623980873,AV,0.99,109.35166741004187,6747925,0.6318257956448909,248,154,192,142590,Thalamus
63,6.896058144335087e-05,<HDF5 object reference>,69,64,63,9.275361197811593e-05,AV,0.99,109.84189952964942,6924783,0.4670016750418761,248,154,192,176858,Thalamus
64,1.6889103811898612e-05,<HDF5 object reference>,70,65,64,0.0,AV,0.99,109.84383285819621,7058525,0.4670016750418761,248,153,192,133742,Thalamus
66,0.0004403072751971,<HDF5 object reference>,71,67,66,0.0039730822250151,AV,0.99,111.64832839059275,7185864,0.5082077051926297,248,153,192,126747,Thalamus
67,0.0015030098346557,<HDF5 object reference>,72,68,67,0.0353223813556973,AV,0.99,112.42809312670343,7259491,0.4395309882747069,248,152,192,73627,Thalamus
68,0.0077310318632892,<HDF5 object reference>,72,69,68,0.026435223395936,AV,0.99,112.46322637305323,7501123,0.4532663316582916,248,152,192,241632,Thalamus
70,4.256174519431465e-05,<HDF5 object reference>,74,71,70,4.50313411966364e-05,AV,0.99,113.47552386678834,7791934,0.535678391959799,248,152,191,253824,Thalamus
84,0.0754943475715028,<HDF5 object reference>,78,85,84,0.0508008365506082,AV,0.99,125.96079295552795,9150469,0.4944723618090452,248,150,191,168474,Thalamus
87,2.6443639851473284e-06,<HDF5 object reference>,83,88,87,0.0,AV,0.99,128.88125239166706,9456661,0.535678391959799,248,148,191,98615,Thalamus
91,0.0003933545398094,<HDF5 object reference>,84,92,91,0.003510223456445,AV,0.99,134.39513874028512,9570426,0.4257956448911223,248,147,191,28749,Thalamus
95,0.0006481769965639,<HDF5 object reference>,86,96,95,0.0038730809271964,AV,0.99,136.14826773318924,9930084,0.5356783919597988,248,146,191,139556,Thalamus
96,4.1643147574517386e-05,<HDF5 object reference>,87,97,96,0.0008327366095358,AV,0.99,136.76103288276062,10158687,0.4395309882747068,248,146,191,228603,Thalamus
99,0.0002969868626987,<HDF5 object reference>,88,100,99,0.0059443413966585,AV,0.99,138.3387289766714,10641649,0.4395309882747068,249,145,191,153059,Thalamus
103,0.0124956722841637,<HDF5 object reference>,87,104,103,0.0154260051778929,AV,0.99,138.85146104057318,11153275,0.4670016750418761,248,146,191,102626,Thalamus
104,0.0365214454094476,<HDF5 object reference>,91,105,104,0.0245319952650951,AV,0.99,138.8542610336409,11276310,0.5356783919597988,249,144,190,123035,Thalamus
108,9.358471003033336e-05,<HDF5 object reference>,92,109,108,0.0020988101692569,AV,0.99,141.7334872385327,11458429,0.4944723618090452,249,144,190,74359,Thalamus
110,0.0005812279843917,<HDF5 object reference>,92,111,110,0.0089137207807381,AV,0.99,144.14951459022078,11530547,0.4257956448911223,249,144,190,47732,Thalamus
116,0.0045727378530634,<HDF5 object reference>,94,117,116,0.0375008690290358,AV,0.99,145.63901238213495,12160655,0.4807370184254607,249,143,190,171910,Thalamus
123,0.0003692494041795,<HDF5 object reference>,95,124,123,0.0278635727068274,AV,0.99,148.82790929273423,12520824,0.4120603015075377,249,142,190,74985,Thalamus
125,0.0464796844955447,<HDF5 object reference>,98,126,125,0.0756876001763387,AV,0.99,149.2307755691044,12679664,0.4257956448911223,249,141,190,87776,Thalamus
133,0.0002085115497738,<HDF5 object reference>,101,134,133,0.0028314226167902,AD,0.99,152.4386391279955,13456443,0.4532663316582916,249,140,189,178225,Other
136,0.0030292620491854,<HDF5 object reference>,103,137,136,0.0318241330540249,AD,0.99,152.94530530380436,13657133,0.4532663316582916,249,139,189,126308,Other
137,5.168376537508732e-05,<HDF5 object reference>,104,138,137,0.0004947952446079,AD,0.99,152.98057193630476,13765424,0.4532663316582916,249,139,189,108291,Other
140,0.0001748996746844,<HDF5 object reference>,105,141,140,0.0,AD,0.99,153.32413827012465,13977814,0.4395309882747068,249,138,189,23195,Other
141,0.0046595490684409,<HDF5 object reference>,106,142,141,0.0070394226068606,AD,0.99,153.49267144018316,14051011,0.4807370184254607,249,138,189,73197,Other
143,0.0509185817308928,<HDF5 object reference>,108,144,143,0.0676248360086458,AD,0.99,155.35316963773406,14106768,0.4120603015075377,249,137,189,34659,Other
144,0.000149495191511,<HDF5 object reference>,108,145,144,0.0014369240329906,AD,0.99,156.2180354665194,14170314,0.5219430485762143,249,137,189,63546,Other
145,0.0178011277844613,<HDF5 object reference>,108,146,145,0.0298408876759374,AD,0.99,156.35283533592542,14229475,0.4395309882747068,249,137,189,59161,Other
146,0.03729935621903,<HDF5 object reference>,108,147,146,0.0,AD,0.99,156.91036812912142,14232624,0.5082077051926298,249,137,189,3149,Other
148,0.0403576696689461,<HDF5 object reference>,108,149,148,0.1226217548355849,AD,0.99,158.3866000322825,14412695,0.6318257956448912,249,137,189,40986,Other
150,3.1651482633450924e-05,<HDF5 object reference>,110,151,150,0.0,AD,0.98,158.9049995300575,14527437,0.4807370184254607,249,136,189,8176,Other
152,0.0479020419928195,<HDF5 object reference>,110,153,152,0.1178663198460108,AD,0.99,162.17812969238503,14688612,0.5906197654941374,249,136,189,31378,Other
157,0.0747988601315869,<HDF5 object reference>,111,158,157,0.0419766257537153,AD,0.99,165.28539334873722,15012142,0.4120603015075377,249,136,189,85996,Other
160,0.0422450412053405,<HDF5 object reference>,112,161,160,0.3542963553393833,AD,0.99,165.93685938426412,15102407,0.5631490787269681,250,135,189,17640,Other
162,0.0001513967044031,<HDF5 object reference>,114,163,162,0.0003111001955718,AD,0.99,166.64805869525483,15405807,0.4532663316582914,250,135,188,193139,Other
163,7.13818330135856e-05,<HDF5 object reference>,116,164,163,0.0,AD,0.99,167.0855582714056,15499869,0.5082077051926299,250,134,188,94062,Other
169,0.0051132397185291,<HDF5 object reference>,117,170,169,0.0357870431232652,AD,0.99,168.3803236837046,15683412,0.4944723618090452,250,133,188,49316,Other
171,5.907240634580528e-05,<HDF5 object reference>,119,172,171,0.0,AD,0.99,168.65062342183842,15876988,0.5494137353433837,250,132,188,93586,Other
173,4.078591026038037e-06,<HDF5 object reference>,120,174,173,0.0,AD,0.99,170.40328839052472,15972559,0.4807370184254607,250,132,188,63449,Other
174,0.0001130967457151,<HDF5 object reference>,120,175,174,0.001781145737472,AD,0.99,171.0291877841539,16053277,0.5356783919597989,250,132,188,80718,Other
175,0.0009228424716699,<HDF5 object reference>,121,176,175,0.0018312542116311,AD,0.99,171.5592539372929,16132883,0.4532663316582916,250,131,188,79606,Other
176,1.2942155842592583e-05,<HDF5 object reference>,121,177,176,0.0001475550677067,AD,0.99,171.71222045576573,16273104,0.5494137353433837,250,131,188,140221,Other
177,0.045952278132323,<HDF5 object reference>,122,178,177,0.012750144434629,AD,0.99,173.40931881161825,16434163,0.4532663316582916,250,131,188,161059,Other
178,7.720522881713002e-05,<HDF5 object reference>,123,179,178,0.0,LD,0.99,173.6671518951631,16581471,0.535678391959799,250,131,189,147308,Thalamus
179,0.0987090987202347,<HDF5 object reference>,123,180,179,0.0114853368692366,LD,0.99,173.67371855546799,16669962,0.4395309882747069,250,131,189,88491,Thalamus
181,0.0016342259174137,<HDF5 object reference>,124,182,181,0.0493979058253956,LD,0.99,174.8023174620823,16827130,0.4944723618090452,250,130,189,121173,Thalamus
189,0.0006231325979265,<HDF5 object reference>,129,190,189,0.004379853492043,LD,0.99,177.52574549479164,17915192,0.5082077051926298,250,128,188,180160,Thalamus
190,0.001006908854657,<HDF5 object reference>,129,191,190,0.002078213237917,LD,0.99,178.38611012396296,18073711,0.4944723618090452,250,128,188,158519,Thalamus
191,0.0007681719792212,<HDF5 object reference>,130,192,191,0.0,LD,0.75,178.48454322418934,18117811,0.5494137353433837,250,128,188,44100,Thalamus
192,0.0268871598912577,<HDF5 object reference>,131,193,192,0.0060262437603209,LD,0.99,178.71484267879958,18345834,0.5082077051926297,250,127,188,228023,Thalamus
197,3.3111871690649777e-06,<HDF5 object reference>,131,198,197,0.0,LD,0.99,179.9673063794111,18589772,0.535678391959799,250,127,188,78154,Thalamus
202,5.710226050106834e-05,<HDF5 object reference>,136,203,202,0.0,LD,0.99,181.19973679413167,18807204,0.4944723618090451,250,125,188,44633,Thalamus
204,0.0220911260717088,<HDF5 object reference>,138,205,204,0.054289220650118,LD,0.8,181.6178691372538,18918342,0.4395309882747068,250,124,188,39367,Thalamus
223,0.0432502009385447,<HDF5 object reference>,188,224,223,0.0,CA3,0.93,188.56905267562408,19686109,0.5906197654941373,253,103,185,2853,Other
225,0.007487142179063,<HDF5 object reference>,189,226,225,0.0840204672948773,CA3,0.99,189.04621821227852,19744918,0.7691792294807371,253,102,185,15547,Other
226,0.0202516582704999,<HDF5 object reference>,188,227,226,0.0,CA3,0.51,189.69315001356316,19745222,0.5356783919597988,253,103,185,304,Other
228,0.0844397859854195,<HDF5 object reference>,191,229,228,0.0,CA3,0.58,190.57144793359862,19748087,0.7005025125628142,253,101,185,321,Other
232,0.0016565451510091,<HDF5 object reference>,192,233,232,0.0128343354095042,CA3,0.95,191.25804630761246,19781030,0.6180904522613065,253,101,185,15035,Other
235,0.0894540824125892,<HDF5 object reference>,193,236,235,0.014873222615913,CA3,0.99,191.9494780035135,19918976,0.9614740368509213,253,100,184,111734,Other
236,0.0114087164664873,<HDF5 object reference>,193,237,236,0.1075102362171422,CA3,0.97,192.02527782400614,19938413,0.7417085427135678,253,100,184,19437,Other
244,0.017222783061439,<HDF5 object reference>,199,245,244,0.2153681052257507,CA3,0.99,202.95005195221245,20303426,0.6455611390284756,253,98,184,24625,Other
247,0.068291726062772,<HDF5 object reference>,203,248,247,0.0136781284062943,CA3,0.99,203.59191709882916,20764676,0.5219430485762143,254,96,184,92110,Other
248,0.0424989528536571,<HDF5 object reference>,204,249,248,0.3943785351444505,CA3,0.99,204.0776826151173,20796538,0.6455611390284758,254,95,184,31862,Other
253,0.002628511049908,<HDF5 object reference>,212,254,253,0.0,CA3,0.99,204.70784778944162,21210007,0.4120603015075377,254,92,183,19528,Other
258,0.0607900082303089,<HDF5 object reference>,223,259,258,0.0197293063581114,CA3,0.99,208.88334111107164,21565831,0.4395309882747068,255,87,183,135578,Other
267,0.0880786981941126,<HDF5 object reference>,229,268,267,0.0042983045162222,CA3,0.99,212.4603043123793,21907926,0.4807370184254607,255,84,182,181861,Other
268,0.0020894641871048,<HDF5 object reference>,231,269,268,0.0,CA3,0.86,212.8381039463673,21910890,0.7554438860971523,255,83,182,2964,Other
269,0.0065279568630312,<HDF5 object reference>,231,270,269,0.0843708309616458,CA3,0.99,212.96810382042355,21940210,0.5906197654941373,255,83,182,29320,Other
271,0.0001070676549487,<HDF5 object reference>,232,272,271,0.0,CA3,0.99,213.25343687732646,21963625,0.6730318257956448,255,83,182,2417,Other
273,0.0651359433872068,<HDF5 object reference>,233,274,273,0.0,CA2,0.77,213.85870295761183,21987624,0.6730318257956449,255,84,181,437,Other
277,0.0010753606167749,<HDF5 object reference>,236,278,277,0.2868888312760475,CA2,0.99,216.73380017222001,22103658,0.6730318257956448,256,82,181,5508,Other
281,0.0066996972590707,<HDF5 object reference>,239,282,281,0.4941653073248637,CA2,0.99,218.59689836725204,22293499,0.6730318257956448,256,81,181,10836,Other
283,0.0072710379972499,<HDF5 object reference>,239,284,283,0.1419377240669574,CA2,0.99,218.60633169144637,22392516,0.6455611390284757,256,81,181,56106,Other
287,0.0002126074483561,<HDF5 object reference>,240,288,287,0.0,CA2,0.92,219.01886462511814,22751686,0.6867671691792294,256,80,181,13625,Other
289,0.0009298295535189,<HDF5 object reference>,240,290,289,0.297179735424776,CA2,0.97,221.08399595775393,22793737,0.7279731993299832,256,80,181,6249,Other
291,0.0767552181125661,<HDF5 object reference>,241,292,291,0.4265424785161203,CA2,0.99,223.29516048224622,22862008,0.6455611390284757,256,80,181,39724,Other
293,0.0003385670391611,<HDF5 object reference>,241,294,293,0.1009835584685937,CA2,0.99,225.35265848894386,22883871,0.8927973199329983,256,80,181,5360,Other
294,0.0008193230089752,<HDF5 object reference>,242,295,294,0.0685622270247297,CA2,0.99,225.64455820615166,22895138,0.7279731993299832,256,79,181,11267,Other
300,4.4108236767869496e-05,<HDF5 object reference>,243,301,300,0.0842558451747148,CA1,0.98,227.77535614183637,22912696,0.7417085427135678,255,79,181,5868,Other
301,0.085893503053928,<HDF5 object reference>,243,302,301,0.3466976171101805,CA1,0.99,227.7896894612836,22963464,0.6730318257956448,255,79,181,50768,Other
302,0.0021012195683897,<HDF5 object reference>,243,303,302,0.0400733116618618,CA1,0.99,228.00112258978066,22996419,0.7691792294807371,255,79,181,32955,Other
303,0.0518426543917945,<HDF5 object reference>,243,304,303,0.340896324781896,CA1,0.99,228.03092256091048,23016841,0.6867671691792295,255,79,181,20422,Other
305,0.0015969925967872,<HDF5 object reference>,244,306,305,0.0,CA1,0.99,228.45118882042354,23049110,0.7142378559463987,255,79,181,11200,Other
306,0.0957582011311547,<HDF5 object reference>,244,307,306,0.4626205119069267,CA1,0.99,228.78395516470647,23059127,0.6318257956448912,255,79,181,10017,Other
311,0.0096147587819577,<HDF5 object reference>,243,312,311,0.0558394126401695,CA1,0.99,229.45395451561163,23579753,0.7279731993299832,255,79,181,51476,Other
312,0.0017499644403848,<HDF5 object reference>,245,313,312,0.017997501387459,CA1,0.99,229.53992109899394,23630539,0.604355108877722,256,78,181,50786,Other
313,0.0241262624011638,<HDF5 object reference>,245,314,313,0.2247324649476767,CA1,0.99,229.68422095919635,23634132,0.7142378559463987,256,78,181,3593,Other
314,0.0267773665133546,<HDF5 object reference>,245,315,314,0.1855880405881861,CA1,0.99,229.88775409534696,23689060,0.7142378559463987,256,78,181,54928,Other
325,0.0132396641060753,<HDF5 object reference>,253,326,325,0.003870998080809,CA1,0.99,234.02705008520041,25156098,1.758123953098827,256,74,180,308518,Other
328,0.0420299355605093,<HDF5 object reference>,253,329,328,0.0,CA1,0.99,234.2928164943928,25306010,0.5219430485762143,256,74,180,7170,Other
330,0.0275188885428199,<HDF5 object reference>,255,331,330,0.0529301614675463,alv,0.99,234.34944977285986,25876325,0.5082077051926298,257,74,181,93648,Other
340,0.0006534038876056,<HDF5 object reference>,273,341,340,0.0,cing,0.99,240.0415093195484,26168214,0.4532663316582916,257,66,179,5307,Other
350,0.0054878876811075,<HDF5 object reference>,280,351,350,0.0,SSp-ll6b,0.99,243.31903736076754,26434764,0.7142378559463985,258,63,179,4918,Somatosensory
351,0.0043372370028659,<HDF5 object reference>,280,352,351,0.2382614850778615,SSp-ll6b,0.99,243.4693371180836,26441743,0.5494137353433837,258,63,179,6979,Somatosensory
352,0.0037302246079453,<HDF5 object reference>,280,353,352,0.0457656332797654,SSp-ll6b,0.97,243.73637002024788,26477350,0.8378559463986598,258,63,179,35607,Somatosensory
356,0.0120670519714992,<HDF5 object reference>,283,357,356,0.0523842726739984,SSp-ll6a,0.99,244.49430212977376,26699197,0.8515912897822446,257,62,179,14884,Somatosensory
358,0.0002433488780367,<HDF5 object reference>,284,359,358,0.0015695872147245,SSp-ll6a,0.99,245.12833443935645,26777058,0.7554438860971524,257,61,179,74466,Somatosensory
359,0.0573774239340998,<HDF5 object reference>,284,360,359,0.016022030927647,SSp-ll6a,0.99,245.8097666724041,26842981,0.8241206030150753,257,61,179,65923,Somatosensory
360,0.0001271560134249,<HDF5 object reference>,286,361,360,0.0,SSp-ll6a,0.99,246.2801659128663,26863446,0.6592964824120603,257,61,179,20465,Somatosensory
361,0.0008551065119625,<HDF5 object reference>,287,362,361,0.0105732897439366,SSp-ll6a,0.99,246.4952322322726,26892137,0.5082077051926298,257,60,179,28691,Somatosensory
362,0.0266835801085601,<HDF5 object reference>,287,363,362,0.0513484600583444,SSp-ll6a,0.99,247.06483131256016,26950361,0.6455611390284757,257,60,179,58224,Somatosensory
365,0.0007634767533911,<HDF5 object reference>,291,366,365,0.0,SSp-ll6a,0.99,247.96526319199643,27039562,0.8515912897822446,258,58,178,72850,Somatosensory
366,0.0015223069269042,<HDF5 object reference>,292,367,366,0.0,SSp-ll6a,0.99,248.05862970790733,27050853,0.7142378559463987,258,58,178,11291,Somatosensory
368,0.0926486871279319,<HDF5 object reference>,291,369,368,0.214902348952416,SSp-ll6a,0.99,248.2568627211605,27057302,0.7691792294807369,258,58,178,6364,Somatosensory
369,5.77243060750372e-05,<HDF5 object reference>,293,370,369,0.0,SSp-ll6a,0.97,248.63966210306722,27072190,0.7005025125628139,258,57,178,14888,Somatosensory
370,0.0077248320706499,<HDF5 object reference>,294,371,370,0.0551974765870728,SSp-ll6a,0.99,248.75769524581642,27102082,0.6318257956448909,258,57,178,29892,Somatosensory
371,1.5698060176589614e-05,<HDF5 object reference>,294,372,371,0.0,SSp-ll6a,0.99,248.8581617502632,27118567,0.535678391959799,258,57,178,16485,Somatosensory
372,0.0898640401885258,<HDF5 object reference>,294,373,372,0.1516509168910915,SSp-ll6a,0.99,249.42456083571767,27136601,0.5768844221105527,258,57,178,18034,Somatosensory
375,0.0638396635602868,<HDF5 object reference>,296,376,375,0.4777543835341561,SSp-ll6a,0.99,251.56735737581621,27144418,0.5906197654941373,258,56,178,3485,Somatosensory
377,0.00171578663027,<HDF5 object reference>,297,378,377,0.4573396558986319,SSp-ll6a,0.99,252.56685576195983,27195412,0.6180904522613065,258,55,178,7556,Somatosensory
379,0.0196185570242559,<HDF5 object reference>,301,380,379,0.2485914133027801,SSp-tr6a,0.99,252.89768856110857,27347677,0.6318257956448912,258,54,178,14891,Somatosensory
386,0.0060468921136891,<HDF5 object reference>,303,387,386,0.2798555980562248,SSp-tr6a,0.99,253.94998686199793,28277008,0.6318257956448912,258,53,178,15104,Somatosensory
388,0.071288435141304,<HDF5 object reference>,304,389,388,0.0333341274527105,SSp-tr6a,0.99,255.79601721460818,28330362,0.6318257956448912,258,53,178,33637,Somatosensory
390,0.0036430369900733,<HDF5 object reference>,305,391,390,0.0,SSp-tr6a,0.99,256.34691632509,28337837,0.6318257956448912,259,52,178,5545,Somatosensory
391,0.0001390556270881,<HDF5 object reference>,305,392,391,0.0,SSp-tr6a,0.99,256.39608291236897,28339698,0.6318257956448912,259,52,178,1861,Somatosensory
393,0.0025742943669729,<HDF5 object reference>,308,394,393,0.0,SSp-tr6a,0.99,257.31534809472913,28359150,0.6730318257956448,259,51,177,4587,Somatosensory
396,0.0036354140045107,<HDF5 object reference>,311,397,396,0.2258996218125405,SSp-tr6a,0.99,257.81384728981925,28989073,0.5768844221105527,259,49,177,13409,Somatosensory
397,0.0161775916370714,<HDF5 object reference>,311,398,397,0.0155027436294453,SSp-tr6a,0.99,257.935113760681,29022582,0.6730318257956448,259,49,177,33509,Somatosensory
402,0.005230497608797,<HDF5 object reference>,315,403,402,0.0587923991270231,SSp-tr5,0.99,259.34354481986816,29348898,0.6318257956448912,259,48,176,17207,Somatosensory
404,0.0245191103858354,<HDF5 object reference>,316,405,404,0.0,SSp-tr5,0.99,259.92647721196016,29383481,0.5906197654941374,259,48,176,1448,Somatosensory
405,0.0029600525123553,<HDF5 object reference>,317,406,405,0.318096438151116,SSp-tr5,0.73,259.9980437630707,29415011,0.6730318257956448,259,47,176,31530,Somatosensory
407,0.0003261961553047,<HDF5 object reference>,318,408,407,0.0671615376581243,SSp-tr5,0.99,261.4631413974269,29494843,0.5768844221105526,259,47,176,35999,Somatosensory
409,0.0014284181675707,<HDF5 object reference>,318,410,409,0.0,SSp-tr5,0.5,262.1684735918841,29532111,0.6730318257956449,259,47,176,10678,Somatosensory
410,6.630682510134876e-05,<HDF5 object reference>,319,411,410,0.0002545250764092,SSp-tr5,0.99,262.22254017125124,29638875,0.6180904522613065,260,46,176,106764,Somatosensory
411,0.000634072342714,<HDF5 object reference>,318,412,411,0.0023145326888787,SSp-tr5,0.99,262.4995397239894,29709684,0.5494137353433836,259,47,176,70809,Somatosensory
415,0.0015530943505509,<HDF5 object reference>,325,416,415,0.160686587203163,SSp-tr5,0.99,263.59633795302625,29978330,0.5219430485762143,260,44,176,65690,Somatosensory
417,0.034475169530207,<HDF5 object reference>,319,418,417,0.0413153700633574,SSp-tr5,0.99,263.98273732912014,30224527,0.6318257956448912,260,46,176,134077,Somatosensory
419,0.0016292867554137,<HDF5 object reference>,323,420,419,0.0191241152195133,SSp-tr5,0.99,265.8149343707333,30337575,0.535678391959799,260,45,176,106667,Somatosensory
422,0.0003261200623003,<HDF5 object reference>,324,423,422,0.0016044812332369,SSp-tr5,0.99,266.3573668282192,30667676,0.5631490787269682,260,44,176,112505,Somatosensory
423,0.0006792998305177,<HDF5 object reference>,324,424,423,0.0046475229406273,SSp-tr5,0.99,267.4185984480175,30692661,0.5356783919597988,260,44,176,24985,Somatosensory
425,0.0120975591330356,<HDF5 object reference>,324,426,425,0.1711575630314932,SSp-tr5,0.99,267.9394976069392,30782729,0.5906197654941373,260,44,176,55390,Somatosensory
426,4.0001633994051004e-06,<HDF5 object reference>,325,427,426,0.0,SSp-tr5,0.99,267.9819642050365,30847971,0.535678391959799,260,44,176,65242,Somatosensory
427,0.0022329066794767,<HDF5 object reference>,326,428,427,0.0142873117457891,SSp-tr5,0.99,268.2298304714818,30862221,0.5768844221105527,260,43,175,14250,Somatosensory
429,0.0028876934442733,<HDF5 object reference>,327,430,429,0.0038191962600733,SSp-tr5,0.99,269.1754618557761,31016119,0.7966499162479062,260,43,175,150961,Somatosensory
430,0.0004135235876001,<HDF5 object reference>,328,431,430,0.0,SSp-tr5,0.99,269.2013284639704,31040906,0.5082077051926297,260,42,175,24787,Somatosensory
432,0.000974352461236,<HDF5 object reference>,329,433,432,0.0,SSp-tr5,0.99,270.5445920941435,31130701,0.4807370184254607,260,42,175,33405,Somatosensory
433,0.0008619352817458,<HDF5 object reference>,329,434,433,0.0082834655509494,SSp-tr5,0.99,270.9800244431671,31198178,0.4807370184254607,260,42,175,67477,Somatosensory
434,0.0002641640065531,<HDF5 object reference>,330,435,434,9.271271821384648e-05,SSp-tr5,0.99,271.3387569655732,31375075,0.6318257956448912,260,41,175,176897,Somatosensory
436,0.0005379286601935,<HDF5 object reference>,331,437,436,0.0059649065811014,SSp-tr5,0.99,271.56642311759276,31470309,0.5082077051926298,260,41,175,73145,Somatosensory
440,0.0889548101247975,<HDF5 object reference>,332,441,440,0.2989733051317601,SSp-tr5,0.99,272.66142064231326,31669559,0.535678391959799,260,41,175,47448,Somatosensory
441,0.0005559431490664,<HDF5 object reference>,332,442,441,0.1830727878593711,SSp-tr5,0.99,273.2941525453344,31746956,0.4944723618090452,260,41,175,77397,Somatosensory
442,0.0010133481641623,<HDF5 object reference>,333,443,442,0.0066412080762573,SSp-tr5,0.99,273.5535852922111,31926753,0.5768844221105527,260,40,175,179797,Somatosensory
444,0.0007054423954654,<HDF5 object reference>,334,445,444,0.0500051091486355,SSp-tr5,0.99,273.7008516259772,31967952,0.6730318257956448,260,40,175,26386,Somatosensory
445,0.0001966205813748,<HDF5 object reference>,335,446,445,0.005790801176823,SSp-tr5,0.99,273.97708433487696,32051702,0.5494137353433837,260,39,175,83750,Somatosensory
446,0.0167108097089961,<HDF5 object reference>,335,447,446,0.1169826793672404,SSp-tr5,0.88,274.16091725264965,32056682,0.5906197654941373,260,39,175,4980,Somatosensory
450,1.3036902872095776e-05,<HDF5 object reference>,336,451,450,0.0,SSp-tr5,0.99,276.28177912503526,32076679,0.5494137353433837,260,39,175,19850,Somatosensory
451,0.000682472361874,<HDF5 object reference>,336,452,451,0.3701264381760221,SSp-tr5,0.99,276.35721228784934,32090107,0.7005025125628142,260,39,175,13428,Somatosensory
454,0.0027665290381739,<HDF5 object reference>,339,455,454,0.0775741019314605,SSp-tr5,0.99,278.14810823946755,32317839,0.7142378559463987,261,37,175,82048,Somatosensory
455,0.0002070132640835,<HDF5 object reference>,340,456,455,0.0,SSp-tr5,0.99,278.16474153520073,32440319,0.4257956448911223,261,37,175,122480,Somatosensory
457,0.0379342301353298,<HDF5 object reference>,341,458,457,0.314180095590319,SSp-tr5,0.99,278.5316740390706,32479705,0.7005025125628142,261,37,175,19219,Somatosensory
465,0.0023802909838876,<HDF5 object reference>,348,466,465,0.0,SSp-tr5,0.99,281.32996771343164,32740271,0.4395309882747068,261,33,174,6631,Somatosensory
476,0.0032121063448223,<HDF5 object reference>,353,477,476,0.0,SSp-tr4,0.99,287.16148786441346,33084000,0.5494137353433837,261,31,174,3734,Somatosensory
479,0.0018391585462817,<HDF5 object reference>,355,480,479,0.0256125090830359,SSp-tr2/3,0.99,287.9261528025288,33141521,0.604355108877722,261,31,175,10643,Somatosensory
501,0.0580539682678929,<HDF5 object reference>,55,502,501,0.072553712266496,AV,0.99,295.94613467308443,33777014,0.5219430485762143,247,160,193,61309,Thalamus
502,0.0052490011234292,<HDF5 object reference>,60,503,502,0.0042776182818453,AV,0.99,295.97283461272826,33845917,0.4807370184254607,247,158,192,68903,Thalamus
506,0.0186274987965733,<HDF5 object reference>,108,507,506,0.0288185956550202,AD,0.99,297.96679677197505,34099877,0.5082077051926298,249,137,189,77071,Other
513,0.0294816911011795,<HDF5 object reference>,191,514,513,0.0,CA3,0.98,303.99018654837266,34231064,0.5494137353433837,253,101,185,1242,Other
515,0.003696893171587,<HDF5 object reference>,193,516,515,0.0,CA3,0.41,305.2584513037347,34243616,0.4944723618090452,253,100,184,70,Other
517,0.0097577323962525,<HDF5 object reference>,231,518,517,0.0,CA3,0.96,307.0549152630882,34246129,0.6318257956448909,255,83,182,2019,Other
519,0.0202451513825904,<HDF5 object reference>,243,520,519,0.323249639884248,CA1,0.99,307.1547484459706,34278981,0.7554438860971523,255,79,181,28891,Other
520,0.0090249583083238,<HDF5 object reference>,244,521,520,0.4755659540063167,CA1,0.99,307.21954834831564,34288547,0.6455611390284758,255,79,181,9566,Other
527,0.003164996795976,<HDF5 object reference>,280,528,527,0.0290848877856838,SSp-ll6b,0.99,308.72137941835445,34348181,0.7005025125628142,258,63,179,55608,Somatosensory
531,0.0067650433415825,<HDF5 object reference>,292,532,531,0.0,SSp-ll6a,0.57,309.8031444547759,34427577,0.5631490787269682,258,58,178,3741,Somatosensory
533,0.0011885713871556,<HDF5 object reference>,295,534,533,0.011680904321716,SSp-ll6a,0.99,310.2453104550881,34527362,0.6730318257956448,258,56,178,99674,Somatosensory
534,0.0019115782441907,<HDF5 object reference>,296,535,534,0.061862322142868,SSp-ll6a,0.99,311.3050421913809,34553885,0.5494137353433837,258,56,178,26523,Somatosensory
538,0.0042582365499356,<HDF5 object reference>,315,539,538,0.0,SSp-tr5,0.99,316.97763364265296,34601003,0.5631490787269682,259,48,176,4675,Somatosensory
539,0.0116533277687129,<HDF5 object reference>,316,540,539,0.068623119802958,SSp-tr5,0.99,317.24503323967554,34623527,0.7279731993299832,259,48,176,22524,Somatosensory
541,0.0064084528682523,<HDF5 object reference>,335,542,541,0.0299413037045574,SSp-tr5,0.99,318.07243199276627,34667473,0.5768844221105527,260,39,175,22011,Somatosensory
544,0.0250283972184007,<HDF5 object reference>,338,545,544,0.0321705303124866,SSp-tr5,0.99,318.33059827037033,34699851,0.6455611390284757,260,38,175,26860,Somatosensory
545,0.0030223172496693,<HDF5 object reference>,341,546,545,0.0,SSp-tr5,0.99,318.6297978194696,34703100,0.8103852596314908,261,37,175,3249,Somatosensory
547,0.0724643312657439,<HDF5 object reference>,360,548,547,0.0812908140569674,SSp-tr2/3,0.99,319.18869697719555,34742435,0.4120603015075377,261,29,174,35343,Somatosensory
550,0.0730322721759194,<HDF5 object reference>,193,551,550,0.0,CA3,0.9,320.6265281436837,34761528,0.6180904522613065,253,100,184,751,Other
552,0.0181297740580606,<HDF5 object reference>,244,553,552,0.0,CA1,0.99,320.6724614077945,34769917,0.6318257956448909,255,79,181,7903,Other
558,0.0118885393117444,<HDF5 object reference>,53,559,558,0.0113943636220668,AV,0.99,322.7098250041066,34893579,0.5494137353433837,247,161,193,120471,Thalamus
561,0.0007647883317497,<HDF5 object reference>,146,562,561,0.2870972881856299,LD,0.99,323.11009106756296,34906534,0.4670016750418761,251,120,187,11012,Thalamus
568,0.0046843170214081,<HDF5 object reference>,417,569,568,0.0080198753984149,ZI,0.99,326.0335533285037,35581385,1.3185929648241208,312,186,138,117246,Other
603,0.0308638410343162,<HDF5 object reference>,441,604,603,0.0211948634273683,ZI,0.99,338.0833409179275,38095098,0.4395309882747068,315,176,135,59657,Other
614,0.0225812812226864,<HDF5 object reference>,446,615,614,0.097383100715986,ZI,0.99,339.8628729103623,38453105,0.4395309882747068,316,174,135,14441,Other
615,0.0041875269921658,<HDF5 object reference>,446,616,615,0.0072844685736455,ZI,0.99,340.27537259953885,38550873,0.4120603015075377,316,174,135,97768,Other
642,0.0009869674183892,<HDF5 object reference>,474,643,642,0.3561379176893277,IntG,0.89,347.51596714366445,40192372,0.6318257956448912,318,163,131,16396,Other
643,0.0008045930903987,<HDF5 object reference>,471,644,643,0.0276726516866286,TH,0.72,347.6679336958225,40318193,2.046566164154104,318,164,132,125821,Thalamus
648,0.0710836336325922,<HDF5 object reference>,478,649,648,0.0032398603374584,IntG,0.99,349.8805986952197,40895501,0.5494137353433837,318,161,131,119698,Other
651,0.0005581621295684,<HDF5 object reference>,483,652,651,0.0,IntG,0.05,350.6875647538278,40896693,0.7279731993299833,319,159,130,464,Other
655,0.0819874817507353,<HDF5 object reference>,487,656,655,0.0067313686217561,IntG,0.99,351.7315973004702,41221695,0.5082077051926299,320,157,129,194751,Other
660,0.0915532776294454,<HDF5 object reference>,492,661,660,0.044101629487504,IGL,0.99,353.29849611979324,41489278,0.4532663316582913,320,155,129,55010,Other
686,0.0105869081539694,<HDF5 object reference>,505,687,686,0.0048190825400409,LGd-sh,0.99,361.6575227457386,43106735,0.5906197654941373,321,150,128,169992,Other
688,0.00092115156718,<HDF5 object reference>,511,689,688,0.0156168473942509,LGd-sh,0.99,362.43168749570765,43234833,0.4120603015075376,322,148,127,127860,Other
689,0.0003358113892099,<HDF5 object reference>,511,690,689,0.0,LGd-sh,0.35,365.08881425045615,43254052,0.4532663316582913,322,148,127,19219,Other
690,0.0095373410225525,<HDF5 object reference>,511,691,690,0.0190372712877053,LGd-sh,0.85,365.2064472925505,43275434,0.4807370184254607,322,148,127,21382,Other
699,0.0008785461501681,<HDF5 object reference>,519,700,699,0.0049688622883435,LGd-sh,0.99,368.2580730705878,43815391,0.4532663316582914,323,144,126,152824,Other
704,0.0064842519215032,<HDF5 object reference>,548,705,704,0.0314090990411138,CA3,0.99,370.1776016515014,44289834,0.5219430485762143,327,133,123,33293,Other
707,0.041041659324607,<HDF5 object reference>,553,708,707,0.0,CA3,0.68,370.72440029772275,44334906,0.7005025125628142,327,131,122,282,Other
711,0.0004963298758422,<HDF5 object reference>,554,712,711,0.0297436746469536,CA3,0.99,373.72455953651564,44383360,0.7005025125628142,327,131,122,22084,Other
712,0.011043290111636,<HDF5 object reference>,555,713,712,0.1517349893110982,CA3,0.99,373.76425943822557,44401389,0.6180904522613065,328,130,122,18029,Other
713,2.042482415241484e-05,<HDF5 object reference>,555,714,713,0.0903642959117579,CA3,0.99,374.2929581292593,44414059,0.6455611390284757,328,130,122,12670,Other
722,0.0023930546595213,<HDF5 object reference>,558,723,722,0.1804400121804216,CA3,0.99,376.1800534571387,44632378,0.6043551088777218,328,129,121,23381,Other
723,0.0065472684214568,<HDF5 object reference>,560,724,723,0.2128060056341962,CA3,0.99,376.6689522467101,44668930,0.4257956448911223,328,128,121,36552,Other
724,0.0063124938954387,<HDF5 object reference>,560,725,724,0.2454596898586763,CA3,0.99,376.7173187936296,44678654,0.6730318257956448,328,128,121,9724,Other
726,0.0667233197998176,<HDF5 object reference>,560,727,726,0.0815273890443726,CA3,0.99,377.33395060028954,45015106,0.4395309882747068,328,128,121,120937,Other
727,0.0017674115462584,<HDF5 object reference>,561,728,727,0.0,CA3,0.99,377.4049170912555,45024204,0.5631490787269682,328,128,121,9098,Other
730,0.0201169609198134,<HDF5 object reference>,562,731,730,0.3191756851444066,CA3,0.96,378.23624836635685,45154715,0.4120603015075377,328,127,121,9534,Other
733,6.138105360794701e-05,<HDF5 object reference>,563,734,733,0.1632220732934466,CA3,0.93,379.68224478632055,45330258,0.6592964824120603,328,127,121,4216,Other
736,0.0032783193432882,<HDF5 object reference>,565,737,736,0.0,CA3,0.2,379.8534443624601,45397421,0.6318257956448912,329,126,120,79,Other
737,0.0218105550068906,<HDF5 object reference>,563,738,737,0.0930441933845281,CA3,0.58,379.9924773515719,45403005,0.7142378559463985,328,127,121,5584,Other
738,0.0109855365556832,<HDF5 object reference>,564,739,738,0.2948898710432908,CA3,0.98,380.06451050656364,45424046,0.6455611390284757,329,126,121,21041,Other
746,0.0028168406438217,<HDF5 object reference>,565,747,746,0.0144749535671731,CA3,0.98,382.5367710523421,45770791,0.8653266331658291,329,126,120,42472,Other
747,0.0113753313646706,<HDF5 object reference>,567,748,747,0.3314475569481292,CA3,0.99,383.06996973223465,45778038,0.6592964824120604,329,125,120,7247,Other
748,0.0019887006828428,<HDF5 object reference>,564,749,748,0.0191281264743383,CA3,0.99,383.66353492933683,45856896,0.4257956448911224,329,126,121,78858,Other
752,0.0124883988660039,<HDF5 object reference>,567,753,752,0.1281847590792802,CA3,0.99,384.4507329803711,46193544,0.4532663316582916,329,125,120,94792,Other
753,0.0306832716746576,<HDF5 object reference>,568,754,753,0.4214560218221092,CA3,0.99,384.7136989959795,46208617,0.6867671691792293,329,125,120,15073,Other
759,0.0006469563050278,<HDF5 object reference>,569,760,759,0.0,CA3,0.56,386.388761515482,46230369,0.6867671691792294,329,124,120,400,Other
761,0.002861294150705,<HDF5 object reference>,571,762,761,0.0,CA3,0.66,387.48252547417883,46293803,0.6318257956448909,329,124,120,699,Other
762,0.0013589021874947,<HDF5 object reference>,572,763,762,0.3967954832964151,CA3,0.91,388.32009006718084,46296507,0.5768844221105527,330,123,120,2704,Other
765,6.347376061101118e-05,<HDF5 object reference>,573,766,765,0.0,CA3,0.97,389.5351870588115,46330215,0.604355108877722,330,123,119,4077,Other
771,0.0024547224387998,<HDF5 object reference>,577,772,771,0.0,CA3,0.91,391.7070483483264,46578968,0.7691792294807369,330,121,119,2164,Other
773,0.0227532063107023,<HDF5 object reference>,579,774,773,0.13835549420647,CA3,0.98,392.9221460898358,46598740,0.7691792294807371,330,120,119,6476,Other
774,0.002962700676066,<HDF5 object reference>,580,775,774,0.0,CA3,0.94,392.9505127259673,46606195,0.7829145728643216,331,120,119,7455,Other
777,0.0006028982001913,<HDF5 object reference>,584,778,777,0.0,CA3,0.99,393.2830790346443,46684985,0.4532663316582916,331,118,118,7581,Other
778,0.0019123945552001,<HDF5 object reference>,587,779,778,0.0147225758323384,DG-po,0.99,393.32987898426666,46763144,0.4257956448911223,331,117,117,78159,Other
780,0.003113904916,<HDF5 object reference>,588,781,780,0.0349206728409799,DG-sg,0.99,393.6883785983612,47043714,0.4257956448911223,331,117,117,32864,Other
785,3.5668828752962826e-05,<HDF5 object reference>,589,786,785,0.0002755072312491,DG-sg,0.84,395.041643808311,47393963,0.5219430485762143,331,116,117,102618,Other
788,0.0341905196784466,<HDF5 object reference>,588,789,788,0.0,DG-sg,0.65,395.972209473274,47403664,0.7005025125628142,331,117,117,776,Other
789,0.0041247767493037,<HDF5 object reference>,590,790,789,0.0,DG-sg,0.99,396.13504263132626,47405797,0.5494137353433836,331,116,117,2133,Other
791,0.0010693492645086,<HDF5 object reference>,590,792,791,0.0,DG-sg,0.64,396.47190893537453,47411916,0.5494137353433837,331,116,117,242,Other
802,0.0006421402531292,<HDF5 object reference>,593,803,802,0.0,DG-sg,0.89,400.4585379773172,47469651,0.6730318257956448,332,114,116,403,Other
805,0.0027561816606503,<HDF5 object reference>,596,806,805,0.0640735870479894,DG-mo,0.99,401.73733660075953,47886601,0.604355108877722,333,113,116,6729,Other
807,0.0820620330115946,<HDF5 object reference>,598,808,807,0.3646502888744075,DG-mo,0.99,402.3764025795062,47906092,0.604355108877722,333,112,116,8462,Other
814,0.0068593718844355,<HDF5 object reference>,632,815,814,0.0237725541565859,CA1,0.99,404.1985339514136,48408268,0.5494137353433837,337,99,112,147388,Other
817,0.0026298585333042,<HDF5 object reference>,639,818,817,0.0118838161773743,CA1,0.99,404.722500054059,48545139,0.6180904522613064,338,96,111,109373,Other
819,0.0387824429211757,<HDF5 object reference>,640,820,819,0.3659840111798838,CA1,0.99,405.45033260391995,48561648,0.5356783919597989,338,96,111,15927,Other
821,0.0882050029074708,<HDF5 object reference>,643,822,821,0.2210487435572273,CA1,0.99,405.85046550653186,48631719,0.6318257956448912,338,95,110,41465,Other
823,0.0302438082041877,<HDF5 object reference>,644,824,823,0.4773036401280242,CA1,0.99,406.15736517617097,48667671,0.5906197654941373,338,94,110,34162,Other
825,0.0003371268599138,<HDF5 object reference>,645,826,825,0.024966811039485,CA1,0.99,407.134630790864,48724922,0.6455611390284756,338,94,110,49399,Other
826,0.0032163776219697,<HDF5 object reference>,645,827,826,0.1133760703498964,CA1,0.99,407.4003971714475,48743161,0.6592964824120603,338,94,110,18239,Other
827,0.0165502200570045,<HDF5 object reference>,645,828,827,0.29569133774442,CA1,0.94,408.36182946985093,48761155,0.6180904522613064,338,94,110,17994,Other
828,0.006148602575315,<HDF5 object reference>,655,829,828,0.1799800493700618,CA1,0.99,408.68476245556434,48860731,0.8790619765494136,339,90,109,99576,Other
830,0.0424895607848366,<HDF5 object reference>,648,831,830,0.0946983555126551,CA1,0.99,408.9737954777693,49007300,0.7417085427135678,339,93,110,78081,Other
832,0.0326189560719351,<HDF5 object reference>,650,833,832,0.0633690185657453,CA1,0.99,409.17096193219686,49068718,0.6318257956448912,339,92,109,9569,Other
834,0.0004350148200774,<HDF5 object reference>,650,835,834,0.2140652388560786,CA1,0.73,410.61552704386725,49150298,0.7966499162479062,339,92,109,15619,Other
837,0.0023512692681638,<HDF5 object reference>,651,838,837,0.0071277590092829,CA1,0.99,412.4900916926664,49214800,0.7554438860971523,339,92,109,20175,Other
838,0.0003691594034196,<HDF5 object reference>,652,839,838,0.0,CA1,0.43,412.5394249728951,49230924,0.7554438860971523,339,91,109,16124,Other
839,0.0125725751188843,<HDF5 object reference>,652,840,839,0.1040092207328522,CA1,0.99,412.59979157458037,49256253,0.8790619765494136,339,91,109,25329,Other
840,0.028968578438344,<HDF5 object reference>,652,841,840,0.4602575218083081,CA1,0.98,412.98222449624535,49272524,0.7279731993299832,339,91,109,16271,Other
841,0.003540090273837,<HDF5 object reference>,652,842,841,0.1269696226486403,CA1,0.99,413.70032372325034,49296898,0.7966499162479063,339,91,109,24374,Other
843,0.0024761880653273,<HDF5 object reference>,652,844,843,0.1379153057448245,CA1,0.99,413.94409012751566,49355428,0.7142378559463987,339,91,109,57470,Other
844,0.0101162311411231,<HDF5 object reference>,652,845,844,0.2215599651786603,CA1,0.99,414.353923019686,49365002,0.7554438860971524,339,91,109,9574,Other
845,0.0003870703270457,<HDF5 object reference>,654,846,845,0.0,CA1,0.99,414.4522895804664,49400415,0.7829145728643216,339,90,109,35413,Other
846,1.3960323785461674e-05,<HDF5 object reference>,652,847,846,0.2870649118868888,CA1,0.94,414.72202262344666,49418952,0.7966499162479059,339,91,109,18537,Other
848,0.0366429119146359,<HDF5 object reference>,656,849,848,0.3850307337265372,CA1,0.79,414.80085587192025,49595272,0.7966499162479062,340,89,109,2745,Other
850,0.0015520258468611,<HDF5 object reference>,654,851,850,0.0673098306087083,CA1,0.99,414.9304890657105,49645892,0.6592964824120603,339,90,109,17370,Other
851,0.0005961753925,<HDF5 object reference>,663,852,851,0.0,CA1,0.99,414.9731556864488,49656176,0.6730318257956449,340,87,108,10284,Other
852,0.0149573882243094,<HDF5 object reference>,658,853,852,0.2488922712222796,CA1,0.99,415.02768896108006,49678823,0.6730318257956448,340,89,108,22647,Other
856,0.0007084509509229,<HDF5 object reference>,656,857,856,0.0,CA1,0.99,416.89492028443976,49833226,0.6867671691792294,340,89,109,40920,Other
857,0.0493744531983185,<HDF5 object reference>,656,858,857,0.2234939551054558,CA1,0.99,417.73861937624326,49856013,0.7417085427135678,340,89,109,22787,Other
861,0.0206160079860158,<HDF5 object reference>,662,862,861,0.2369353137245844,CA1,0.98,418.38265201631026,50047042,0.6730318257956448,340,87,108,13093,Other
864,0.0030083718198543,<HDF5 object reference>,663,865,864,0.186615385098303,CA1,0.99,418.8379181929075,50137884,0.7142378559463987,340,87,108,59012,Other
865,0.0011961223300866,<HDF5 object reference>,664,866,865,0.0064658941881674,CA1,0.99,418.88451814274515,50286161,0.4120603015075377,341,86,108,148277,Other
866,0.0273009621797966,<HDF5 object reference>,664,867,866,0.0,CA1,0.95,418.98855136409236,50287695,0.5631490787269682,341,86,108,1534,Other
867,0.0121814166188898,<HDF5 object reference>,664,868,867,0.0,CA1,0.76,419.8190838034024,50288663,0.9065326633165828,341,86,108,968,Other
868,0.0069646025134301,<HDF5 object reference>,664,869,868,0.2533705188079858,CA1,0.99,420.1050834955392,50302615,0.6455611390284757,341,86,108,13952,Other
870,0.0057142603940032,<HDF5 object reference>,663,871,870,0.0050179292278632,CA1,0.99,420.2428833472051,50365897,0.6592964824120602,340,87,108,34005,Other
872,9.765188185445826e-05,<HDF5 object reference>,667,873,872,0.0,CA1,0.99,421.3815821214574,50389265,0.6730318257956448,341,85,107,23177,Other
877,0.0482250951967628,<HDF5 object reference>,670,878,877,0.2318353848101248,CA1,0.99,422.8429472150435,50658862,0.4532663316582913,341,84,107,85048,Other
880,0.0031641352462569,<HDF5 object reference>,684,881,880,0.0557787347010736,fp,0.91,423.25031344320246,50698705,0.7829145728643216,343,78,105,7212,Other
885,0.00024626664797,<HDF5 object reference>,687,886,885,0.2658468215057351,fp,0.87,424.902777830404,50849756,0.6455611390284757,343,77,105,6607,Other
887,0.0300702585640122,<HDF5 object reference>,687,888,887,0.2777218534678686,fp,0.99,425.1212775246398,50955689,0.7691792294807371,343,77,105,7917,Other
889,2.4369763820613343e-05,<HDF5 object reference>,688,890,889,0.0,or,0.99,426.1898426959775,50978240,0.7279731993299832,342,77,105,10619,Other
894,0.0507914491253382,<HDF5 object reference>,690,895,894,0.0,or,0.74,428.42030624137766,51174995,0.4670016750418761,343,76,105,367,Other
895,0.0033142846080606,<HDF5 object reference>,690,896,895,0.033782556004415,or,0.99,428.6459725922513,51208408,0.6043551088777218,343,76,105,33413,Other
897,1.5839302363269214e-05,<HDF5 object reference>,691,898,897,0.0652129071832969,or,0.99,429.187471834488,51248088,0.7142378559463987,343,75,104,16338,Other
901,0.016550595821591,<HDF5 object reference>,692,902,901,0.0640383955285517,or,0.99,429.9367041193605,51357270,0.5906197654941373,343,75,104,27752,Other
902,0.0002234237454756,<HDF5 object reference>,694,903,902,0.0173788084584993,VISp6b,0.99,430.30640360201033,51379649,0.5906197654941374,343,74,105,22379,Other
903,0.0080770325600129,<HDF5 object reference>,694,904,903,0.0222508400662526,VISp6b,0.99,430.36983684657645,51407619,0.6730318257956448,343,74,105,27970,Other
904,0.0760199763172806,<HDF5 object reference>,696,905,904,0.0,VISp6b,0.98,430.53613661385987,51409353,0.7829145728643216,344,73,104,1734,Other
906,0.0015730511652942,<HDF5 object reference>,695,907,906,0.0,VISp6b,0.99,431.0983691604161,51453242,0.6455611390284757,344,74,104,30682,Other
908,0.0221137212534785,<HDF5 object reference>,692,909,908,0.4973542321263896,or,0.99,431.28883556054785,51476528,0.6318257956448912,343,75,104,11583,Other
910,0.0239396746063399,<HDF5 object reference>,696,911,910,0.2417659922429651,VISp6b,0.99,431.61896843189976,51510016,0.604355108877722,344,73,104,14697,Other
911,0.0019410292419621,<HDF5 object reference>,697,912,911,0.1885139433975167,VISp6b,0.99,431.8631347568849,51513939,0.7142378559463987,344,73,104,3923,Other
912,0.0010246998733903,<HDF5 object reference>,697,913,912,0.152969122649464,VISp6b,0.99,432.5717670985722,51531359,0.6043551088777218,344,73,104,17420,Other
913,0.0008134825042639,<HDF5 object reference>,698,914,913,0.27067497673617,VISp6b,0.99,432.68510027330933,51535989,0.6318257956448912,344,72,104,4630,Other
914,0.0067773997738002,<HDF5 object reference>,699,915,914,0.1006883253875684,VISp6a,0.98,433.0172664751492,51550191,0.6592964824120603,344,72,104,14202,Other
917,0.0031025200801749,<HDF5 object reference>,700,918,917,0.1479369961787003,VISp6a,0.99,433.55613238773753,51589913,0.5494137353433837,344,72,104,15967,Other
918,0.0005748701025408,<HDF5 object reference>,700,919,918,0.0,VISp6a,0.99,433.6907655326679,51596578,0.5768844221105527,344,72,104,6665,Other
920,0.0122776437077293,<HDF5 object reference>,700,921,920,0.3141384092919488,VISp6a,0.99,433.84126532206153,51785063,0.5906197654941373,344,72,104,25607,Other
923,0.0033835739355158,<HDF5 object reference>,701,924,923,0.0,VISp6a,0.98,434.6015975914009,51906602,0.7417085427135678,345,71,104,4295,Other
924,0.0329011503466738,<HDF5 object reference>,702,925,924,0.0,VISp6a,0.79,434.75936403729236,51907030,0.6730318257956449,345,71,103,428,Other
925,1.1045864863031586e-05,<HDF5 object reference>,703,926,925,0.0,VISp6a,0.96,435.24809668670287,51930458,0.5631490787269682,345,70,103,23428,Other
927,0.0841121565133345,<HDF5 object reference>,704,928,927,0.1379524824900843,VISp6a,0.99,435.59349620335763,51985823,0.7829145728643215,345,70,103,34010,Other
928,0.0191369583631099,<HDF5 object reference>,704,929,928,0.3488105262471844,VISp6a,0.99,435.77826261146583,52000243,0.604355108877722,345,70,103,14420,Other
929,0.000866989512553,<HDF5 object reference>,706,930,929,0.0127779158629418,VISp6a,0.99,435.8000625809594,52054572,0.6730318257956448,345,69,103,54329,Other
933,0.0135394646951492,<HDF5 object reference>,708,934,933,0.0257672140641255,VISp6a,0.99,436.6115947786506,52173739,0.5631490787269681,345,68,103,21222,Other
935,4.764087585813796e-05,<HDF5 object reference>,708,936,935,0.0,VISp6a,0.99,436.7282946153432,52276517,0.6180904522613064,345,68,103,83436,Other
936,0.0167315691487068,<HDF5 object reference>,709,937,936,0.0910495558541608,VISp6a,0.99,436.94619431041866,52284500,0.5494137353433837,346,67,102,7983,Other
939,0.0180779784683004,<HDF5 object reference>,712,940,939,0.0379814927961192,VISp6a,0.99,437.28856049798486,52444522,0.5631490787269681,346,66,102,84736,Other
942,0.0001965803336805,<HDF5 object reference>,713,943,942,0.0,VISp5,0.99,437.7334598754015,52710962,0.5631490787269682,345,66,102,139337,Other
943,0.000901178284872,<HDF5 object reference>,714,944,943,0.007645956342802,VISp5,0.99,437.7972597861212,52783847,0.5356783919597989,346,66,102,72885,Other
944,0.0631011076050927,<HDF5 object reference>,715,945,944,0.0651558057022867,VISp5,0.99,437.91805961707627,52811360,0.8103852596314909,346,65,101,27513,Other
945,0.0335313779824646,<HDF5 object reference>,715,946,945,0.0,VISp5,0.47,438.27412578547097,52813494,0.6180904522613065,346,65,101,2134,Other
946,0.0902355880845241,<HDF5 object reference>,715,947,946,0.0,VISp5,0.34,438.32849237605814,52813934,0.6867671691792293,346,65,101,440,Other
947,0.0003096048184677,<HDF5 object reference>,716,948,947,0.0008651431305092,VISp5,0.99,438.6381252760973,52929752,0.5906197654941373,346,65,101,115818,Other
949,0.0041192459434938,<HDF5 object reference>,717,950,949,0.0114069001641126,VISp5,0.8,438.7952583895417,52947094,0.604355108877722,346,64,101,15948,Other
950,0.0003504292628428,<HDF5 object reference>,714,951,950,0.0010787357446818,VISp5,0.99,438.8633916275307,53102674,0.5356783919597988,346,66,102,155580,Other
953,0.0075154317323948,<HDF5 object reference>,716,954,953,0.0166107323671566,VISp5,0.99,439.040258046694,53402066,0.5356783919597988,346,65,101,203040,Other
954,5.4980128495436326e-06,<HDF5 object reference>,720,955,954,0.0052110078227097,VISp5,0.99,439.11415794327996,53449257,0.6318257956448912,346,63,101,47191,Other
957,0.0045201336975346,<HDF5 object reference>,720,958,957,0.0506311965915347,VISp5,0.99,439.7539570479578,53552275,0.6592964824120603,346,63,101,18542,Other
960,0.0002527379267776,<HDF5 object reference>,721,961,960,0.0,VISp5,0.99,440.41442279038176,53663241,0.6455611390284757,346,63,101,30144,Other
962,0.0006450880161177,<HDF5 object reference>,722,963,962,0.0,VISp5,0.99,441.24348829687057,53720804,0.6592964824120603,347,62,101,31741,Other
963,0.0073301589065235,<HDF5 object reference>,724,964,963,0.1288544965810947,VISp5,0.99,441.3740214475384,53755021,0.6592964824120602,347,61,100,34217,Other
964,0.0756857137638739,<HDF5 object reference>,724,965,964,0.2481038210789536,VISp5,0.99,441.470454645925,53822379,0.6318257956448912,347,61,100,67358,Other
966,0.0062098600954371,<HDF5 object reference>,726,967,966,0.0177229139520188,VISp5,0.99,441.66895436814843,53896561,0.6592964824120603,347,61,100,33851,Other
967,0.0005965091666728,<HDF5 object reference>,726,968,967,0.0096013131406801,VISp5,0.99,441.73478760935603,53913944,0.7005025125628142,347,61,100,17383,Other
970,0.0191830290275226,<HDF5 object reference>,728,971,970,0.0462738236895464,VISp5,0.99,442.64141967396637,54257971,0.6592964824120603,347,60,100,63345,Other
971,0.0211245191396018,<HDF5 object reference>,728,972,971,0.1672606454536526,VISp5,0.99,442.7135529063579,54268990,0.6180904522613064,347,60,100,11019,Other
972,0.0076011353285023,<HDF5 object reference>,728,973,972,0.1967430797373724,VISp5,0.99,444.40278387581486,54323161,0.6318257956448912,347,60,100,54171,Other
975,0.0516746333755003,<HDF5 object reference>,729,976,975,0.1664628755433481,VISp5,0.99,444.7531167188993,54335146,0.604355108877722,347,59,100,11808,Other
977,0.0002265277944732,<HDF5 object reference>,730,978,977,0.0,VISp5,0.99,445.27428265625673,54374025,0.6180904522613065,347,59,100,35567,Other
980,0.0010178958100167,<HDF5 object reference>,732,981,980,0.0,VISp5,0.99,446.33484783878947,54417482,0.5906197654941373,348,58,99,24304,Other
985,0.0048194453696462,<HDF5 object reference>,734,986,985,0.0911949003269392,VISp5,0.99,447.16474667744546,54575810,0.7966499162479062,348,57,99,16921,Other
991,0.0090464478637562,<HDF5 object reference>,740,992,991,0.2306189733838797,VISp4,0.99,450.03460932808315,54749737,0.6867671691792294,349,55,99,5016,Other
996,0.0090659706780276,<HDF5 object reference>,744,997,996,0.0,VISp4,0.97,450.93017474151327,54842847,0.6455611390284757,350,53,98,1774,Other
1007,7.644978493680739e-05,<HDF5 object reference>,749,1008,1007,0.0,VISp2/3,0.8,453.4774711768771,54881687,0.6730318257956448,350,52,97,3385,Other
1008,0.0004993067042295,<HDF5 object reference>,749,1009,1008,0.3812493030089513,VISp2/3,0.99,453.6855042190931,54886465,0.4807370184254606,350,52,97,4778,Other
1010,0.0413504018125607,<HDF5 object reference>,752,1011,1010,0.0,VISp2/3,0.41,453.9393038639309,54890411,0.4670016750418761,350,50,97,310,Other
1053,0.0051242082350677,<HDF5 object reference>,553,1054,1053,0.3114662800232623,CA3,0.99,464.6278233496953,55947818,0.6455611390284757,327,131,122,9156,Other
1055,0.0077916919328848,<HDF5 object reference>,561,1056,1055,0.44041528906413,CA3,0.99,465.527622187392,55960992,0.6318257956448909,328,128,121,12309,Other
1056,0.0002280022220362,<HDF5 object reference>,558,1057,1056,0.0,CA3,0.75,465.5924887702681,55962127,0.6318257956448909,328,129,121,1135,Other
1057,0.0011740217729403,<HDF5 object reference>,560,1058,1057,0.0589910529461425,CA3,0.99,465.6169220720401,55979305,0.6730318257956448,328,128,121,17178,Other
1058,0.0435044722859014,<HDF5 object reference>,560,1059,1058,0.0,CA3,0.68,465.9439883162232,55980149,0.5768844221105527,328,128,121,844,Other
1061,0.0276001532908935,<HDF5 object reference>,569,1062,1061,0.0,CA3,0.54,466.21232130294095,55981974,0.7417085427135678,329,124,120,510,Other
1062,0.0011709616380592,<HDF5 object reference>,571,1063,1062,0.0,CA3,0.4,467.2057533530215,55982195,0.6180904522613064,329,124,120,221,Other
1063,0.00278260776356,<HDF5 object reference>,573,1064,1063,0.0,CA3,0.1,467.30898655300473,55982288,0.8653266331658291,330,123,119,93,Other
1064,0.0006568084315002,<HDF5 object reference>,590,1065,1064,0.0,DG-sg,0.69,467.82055255886274,55982682,0.6730318257956448,331,116,117,394,Other
1065,0.0151669745227116,<HDF5 object reference>,591,1066,1065,0.0,DG-sg,0.95,468.47045171936406,55983482,0.5631490787269682,331,115,117,800,Other
1066,0.0011613777045729,<HDF5 object reference>,592,1067,1066,0.0,DG-sg,0.65,468.5849849047507,55983705,0.5494137353433836,332,115,117,223,Other
1069,0.0621857908371078,<HDF5 object reference>,596,1070,1069,0.0,DG-mo,0.75,469.1126508898118,55986436,0.5494137353433836,333,113,116,477,Other
1076,0.0103837274905628,<HDF5 object reference>,640,1077,1076,0.0939214952637375,CA1,0.99,469.964716455834,56008636,0.4807370184254607,338,96,111,7860,Other
1078,0.0036124994034347,<HDF5 object reference>,644,1079,1078,0.0,CA1,0.95,470.0676496562047,56028279,0.5494137353433836,338,94,110,1742,Other
1079,0.0548990180323488,<HDF5 object reference>,646,1080,1079,0.0,CA1,0.5,470.6835821939153,56028991,0.4120603015075377,338,94,110,712,Other
1083,0.0094018227418206,<HDF5 object reference>,650,1084,1083,0.0,CA1,0.65,474.209077639903,56036937,0.7691792294807371,339,92,109,4787,Other
1086,0.0104925501135219,<HDF5 object reference>,652,1087,1086,0.0,CA1,0.89,474.54771053581175,56040314,0.8241206030150754,339,91,109,2409,Other
1088,0.0093569962238344,<HDF5 object reference>,656,1089,1088,0.2244995102989998,CA1,0.99,475.56980921552923,56056670,0.7554438860971523,340,89,109,14822,Other
1089,8.414139964904825e-05,<HDF5 object reference>,650,1090,1089,0.0,CA1,0.89,475.6713424177084,56059748,0.7005025125628142,339,92,109,3078,Other
1090,0.0038776935720356,<HDF5 object reference>,656,1091,1090,0.0,CA1,0.92,476.26637498241627,56067891,0.6730318257956448,340,89,109,8143,Other
1091,0.0344345851777177,<HDF5 object reference>,664,1092,1091,0.0,CA1,0.88,476.3652081880831,56068520,0.6592964824120602,341,86,108,629,Other
1092,0.0041870266254567,<HDF5 object reference>,662,1093,1092,0.23790117046437,CA1,0.99,476.36757485169267,56084523,0.6318257956448912,340,87,108,16003,Other
1093,0.0009759924622811,<HDF5 object reference>,666,1094,1093,0.0,CA1,0.98,476.3707748475591,56089608,0.5356783919597989,341,85,107,5085,Other
1097,0.0891220033136387,<HDF5 object reference>,684,1098,1097,0.0,fp,0.89,477.0173406790329,56238345,0.8378559463986598,343,78,105,2273,Other
1101,0.0167827795292844,<HDF5 object reference>,691,1102,1101,0.0,or,0.98,477.66880650417716,56343217,0.6730318257956448,343,75,104,3312,Other
1103,0.0103392254172017,<HDF5 object reference>,696,1104,1103,0.0,VISp6b,0.93,477.8776729010434,56346207,0.4944723618090452,344,73,104,1311,Other
1104,0.0917775384545599,<HDF5 object reference>,699,1105,1104,0.1654523451887956,VISp6a,0.95,477.88837288722186,56372691,0.6318257956448912,344,72,104,26484,Other
1105,0.0120141755667861,<HDF5 object reference>,702,1106,1105,0.0,VISp6a,0.69,478.3985722281786,56373305,0.6730318257956448,345,71,103,614,Other
1106,0.0328046368384957,<HDF5 object reference>,713,1107,1106,0.0539866287114018,VISp5,0.99,478.52727206193225,56389697,0.6043551088777219,345,66,102,16392,Other
1107,0.0148235613514331,<HDF5 object reference>,715,1108,1107,0.0762543173080196,VISp5,0.99,479.8466703576169,56422337,0.6180904522613065,346,65,101,32640,Other
1110,0.0003480565048034,<HDF5 object reference>,719,1111,1110,0.036501072179219,VISp5,0.99,480.92363563312784,56444327,0.5631490787269682,346,64,101,21838,Other
1112,0.0118146464756756,<HDF5 object reference>,726,1113,1112,0.2171391690856552,VISp5,0.99,481.2855684989392,56480735,0.5768844221105527,347,61,100,20998,Other
1113,0.0880899157640484,<HDF5 object reference>,734,1114,1113,0.0,VISp5,0.86,482.16773402608015,56481283,0.5906197654941373,348,57,99,548,Other
1118,0.0159959969936062,<HDF5 object reference>,748,1119,1118,0.0,VISp2/3,0.82,484.48696436357824,56495001,0.4395309882747069,350,52,97,499,Other
1132,0.0151271820689059,<HDF5 object reference>,558,1133,1132,0.0,CA3,0.72,488.7177566810911,56534217,0.5631490787269682,328,129,121,552,Other
1133,0.0108354238739902,<HDF5 object reference>,563,1134,1133,0.0922125280588784,CA3,0.86,489.15368916975876,56550082,0.6318257956448912,328,127,121,15865,Other
1134,0.0534612987857177,<HDF5 object reference>,595,1135,1134,0.0,DG-sg,0.85,489.39415537049655,56550705,0.7829145728643215,332,113,116,623,Other
1135,0.0258750227397502,<HDF5 object reference>,632,1136,1135,0.0,CA1,0.8,489.41555532903186,56551400,0.5219430485762143,337,99,112,695,Other
1137,0.0156511224880458,<HDF5 object reference>,651,1138,1137,0.1565771497617032,CA1,0.99,489.582721671796,56596162,0.7691792294807371,339,92,109,44734,Other
1138,0.006014690802886,<HDF5 object reference>,651,1139,1138,0.1381031487283871,CA1,0.99,489.6098549525557,56610656,0.7417085427135678,339,92,109,14494,Other
1139,0.0030586043027588,<HDF5 object reference>,650,1140,1139,0.0977834472880429,CA1,0.98,489.6998547781714,56616103,0.7279731993299831,339,92,109,5447,Other
1140,0.015377741468207,<HDF5 object reference>,664,1141,1140,0.1230863567985847,CA1,0.99,490.50658654837605,56628948,0.6318257956448912,341,86,108,12845,Other
1141,0.02181998677796,<HDF5 object reference>,664,1142,1141,0.0,CA1,0.7,490.6384529595375,56629422,0.7005025125628139,341,86,108,474,Other
1142,0.0444396036069205,<HDF5 object reference>,684,1143,1142,0.2888460186522082,fp,0.78,490.69988617383746,56633904,0.8241206030150753,343,78,105,4482,Other
1144,0.0575969479416446,<HDF5 object reference>,734,1145,1144,0.0,VISp5,0.97,491.4502513865916,56636466,0.6730318257956448,348,57,99,2506,Other
1156,0.0087229371589903,<HDF5 object reference>,555,1157,1156,0.0,CA3,0.89,494.95321126590045,57038148,0.5768844221105526,328,130,122,1326,Other
1157,0.0180426664418282,<HDF5 object reference>,555,1158,1157,0.0,CA3,0.47,495.50991018723704,57038460,0.6180904522613065,328,130,122,312,Other
1163,0.0003805625323692,<HDF5 object reference>,580,1164,1163,0.0,CA3,0.8,496.81217433062824,57114672,0.6180904522613064,331,120,119,680,Other
1166,0.0478901667745271,<HDF5 object reference>,590,1167,1166,0.0,DG-sg,0.57,498.36140466216284,57117023,0.6592964824120602,331,116,117,400,Other
1170,0.0007824726134584,<HDF5 object reference>,593,1171,1170,0.0,DG-sg,0.98,499.878601722432,57121145,0.7279731993299831,332,114,116,2556,Other
1172,0.0010505590061583,<HDF5 object reference>,662,1173,1172,0.0137480175348027,CA1,0.99,501.23703242366116,57142939,0.7142378559463987,340,87,108,20544,Other
1173,0.0021963200004776,<HDF5 object reference>,666,1174,1173,0.0,CA1,0.99,501.32603225121454,57153586,0.6730318257956448,341,85,107,10647,Other
1175,0.0073203533111942,<HDF5 object reference>,688,1176,1175,0.0,or,0.76,502.1412640049495,57155705,0.6592964824120603,342,77,105,513,Other
1176,0.0068284407382019,<HDF5 object reference>,690,1177,1176,0.0,or,0.62,502.2379304843146,57156550,0.4944723618090452,343,76,105,845,Other
1178,0.0855159440723354,<HDF5 object reference>,716,1179,1178,0.0214159903083324,VISp5,0.99,502.564729851106,57276356,0.6043551088777218,346,65,101,64804,Other
1183,0.0005921796842358,<HDF5 object reference>,592,1184,1183,0.0,DG-sg,0.76,503.76722752113875,57379241,0.5494137353433837,332,115,117,437,Other
1186,0.0294221229443445,<HDF5 object reference>,598,1187,1186,0.0,DG-mo,0.97,504.1877600396455,57383684,0.5356783919597989,333,112,116,675,Other
1188,0.0114743693861484,<HDF5 object reference>,644,1189,1188,0.1837401897436006,CA1,0.99,506.55618878389595,57403271,0.6592964824120603,338,94,110,18639,Other
1190,0.0010310060637891,<HDF5 object reference>,692,1191,1190,0.0,or,0.67,506.73198844326544,57403833,0.5356783919597989,343,75,104,251,Other
1196,0.0003414605980921,<HDF5 object reference>,555,1197,1196,0.0,CA3,0.58,507.43425374921827,57405827,0.6180904522613064,328,130,122,758,Other
1201,0.0012036396372609,<HDF5 object reference>,592,1202,1201,0.0,DG-sg,0.65,510.1000485839569,57411388,0.5356783919597988,332,115,117,215,Other
1208,4.66028857133668e-05,<HDF5 object reference>,804,1209,1208,0.0,int,0.99,511.3692461247515,58865212,0.5082077051926298,236,176,157,213446,Other
1214,0.0002273902951435,<HDF5 object reference>,812,1215,1214,0.0,GPe,0.99,512.2720777087525,61037032,0.5906197654941373,237,174,155,55804,Other
1215,0.0654355215466428,<HDF5 object reference>,816,1216,1215,0.0101824152882645,int,0.99,513.1339427054639,61272139,0.6592964824120603,237,172,155,235107,Other
1226,2.053504940440517e-05,<HDF5 object reference>,829,1227,1226,6.547891500882912e-05,int,0.99,517.6561683356406,62984740,0.4395309882747069,238,167,152,364586,Other
1238,0.0349281643316948,<HDF5 object reference>,842,1239,1238,0.0037720211565588,int,0.99,521.8318967245222,63897281,0.5494137353433837,240,162,149,203798,Other
1243,0.0029104292165031,<HDF5 object reference>,847,1244,1243,0.0053514951641145,int,0.99,523.5996612979907,64062068,0.4257956448911223,240,160,148,52064,Other
1288,0.0067074230327819,<HDF5 object reference>,878,1289,1288,0.007267971881255,int,0.99,537.5826447408346,66938561,0.6867671691792293,244,149,142,131014,Other
1297,0.0041370692372863,<HDF5 object reference>,886,1298,1297,0.0416867163905864,int,0.99,539.2621760854462,67442939,0.6730318257956448,245,146,140,26381,Other
1332,0.0628596516900606,<HDF5 object reference>,917,1333,1332,0.0510046259910563,int,0.99,546.1758012324027,68977528,1.3597989949748743,248,134,133,18474,Other
1337,0.0130526317933363,<HDF5 object reference>,923,1338,1337,0.0,int,0.78,547.5754996136627,69065280,0.6592964824120603,249,132,132,606,Other
1338,0.0025316330421148,<HDF5 object reference>,925,1339,1338,0.0044578225737859,CP,0.99,547.985132506047,69347059,0.2747068676716918,249,131,132,281779,STR
1339,0.001288742582811,<HDF5 object reference>,925,1340,1339,0.0067263626219674,CP,0.99,548.1556323225125,69421940,0.2747068676716918,249,131,132,74881,STR
1342,0.007635892235739,<HDF5 object reference>,932,1343,1342,0.0,CP,0.99,549.1769312231359,69532100,0.6592964824120603,250,129,130,7173,STR
1343,0.0482205861589046,<HDF5 object reference>,933,1344,1343,0.0778031715928073,CP,0.99,549.1891312100032,69570236,0.3845896147403685,250,129,130,38136,STR
1344,0.0001297690457232,<HDF5 object reference>,934,1345,1344,0.0004659014845956,CP,0.99,549.215531181585,69728060,0.4120603015075377,250,128,130,157824,STR
1348,1.6507004889875986e-05,<HDF5 object reference>,941,1349,1348,0.0065799763509161,CP,0.99,549.6438640538396,69805481,0.6867671691792293,251,126,129,20998,STR
1349,0.0020120147405405,<HDF5 object reference>,943,1350,1349,0.1184170154718559,CP,0.99,550.0009970027373,69812481,0.6730318257956448,251,125,128,7000,STR
1352,0.000455223781126,<HDF5 object reference>,940,1353,1352,0.0053456295100109,CP,0.99,550.4243298803743,70044706,0.164824120603015,251,126,129,147345,STR
1353,0.0040174616062453,<HDF5 object reference>,945,1354,1353,0.0059209992668984,CP,0.99,550.4295632080742,70179352,0.4395309882747068,251,124,128,134646,STR
1356,0.0001235828662899,<HDF5 object reference>,950,1357,1356,0.0,CP,0.99,551.7798617545461,70184892,0.6867671691792293,252,122,127,2094,STR
1359,0.0346843937488282,<HDF5 object reference>,954,1360,1359,0.0034781189436736,CP,0.99,551.8691616584192,70393673,0.1785594639865997,252,121,126,125894,STR
1360,0.0038103273019182,<HDF5 object reference>,954,1361,1360,0.0,CP,0.91,552.1463946933252,70398776,0.7005025125628142,252,121,126,5103,STR
1363,0.0030430164229564,<HDF5 object reference>,956,1364,1363,0.3376018421908466,CP,0.99,554.1337258873971,70408608,0.6180904522613065,252,120,126,6555,STR
1364,0.0087888383762256,<HDF5 object reference>,958,1365,1364,0.0,CP,0.78,554.2094924725048,70409354,0.6180904522613065,253,119,125,746,STR
1372,0.0567068470946179,<HDF5 object reference>,964,1373,1372,0.4174121237782329,CP,0.99,556.7266230962742,70478252,0.7005025125628142,253,117,124,37655,STR
1374,0.0041708485640955,<HDF5 object reference>,964,1375,1374,0.2066851591262764,CP,0.99,556.9254228822764,70593146,0.6455611390284757,253,117,124,27017,STR
1376,0.0015495959401861,<HDF5 object reference>,967,1377,1376,0.0,CP,0.42,557.3008558114751,70593675,0.6318257956448912,254,116,123,167,STR
1379,0.0265501117551691,<HDF5 object reference>,969,1380,1379,0.0,CP,0.77,557.8294219091671,70685358,0.6318257956448912,254,115,123,478,STR
1381,0.0889526870813824,<HDF5 object reference>,971,1382,1381,0.4409560940169357,CP,0.99,557.9024218305864,70707766,0.6318257956448912,254,115,122,7255,STR
1382,4.1096160395600347e-05,<HDF5 object reference>,971,1383,1382,0.0,CP,0.99,558.0204217035655,70714063,0.6730318257956449,254,115,122,6297,STR
1386,0.0160944265686898,<HDF5 object reference>,972,1387,1386,0.0939167619487592,CP,0.94,558.6295210479009,70737696,0.6455611390284757,254,114,122,5558,STR
1387,0.0020915523761824,<HDF5 object reference>,973,1388,1387,0.0,CP,0.99,558.6355877080371,70741900,0.6867671691792293,254,114,122,4204,STR
1390,0.0002290187482478,<HDF5 object reference>,973,1391,1390,0.0,CP,0.69,558.6752876653021,70757732,0.5906197654941373,254,114,122,1153,STR
1395,0.0257769127636707,<HDF5 object reference>,975,1396,1395,0.1857222855031907,CP,0.99,558.7211876158931,70782248,0.6730318257956448,255,113,122,20914,STR
1396,2.6023939198165557e-05,<HDF5 object reference>,976,1397,1396,0.3818518535790194,CP,0.99,558.9434207100037,70797595,0.6730318257956448,255,113,121,15347,STR
1397,7.911419199360602e-05,<HDF5 object reference>,976,1398,1397,0.0,CP,0.97,558.9537873655112,70800866,0.7691792294807371,255,113,121,3271,STR
1400,0.0003846451102769,<HDF5 object reference>,977,1401,1400,0.0295415233474679,CP,0.98,559.1278871781016,70814562,0.164824120603015,255,112,121,9910,STR
1406,0.0045348473331789,<HDF5 object reference>,980,1407,1406,0.1778412446375291,CP,0.97,560.105719458848,70829265,0.6180904522613064,255,111,121,8078,STR
1408,0.0144157461547515,<HDF5 object reference>,980,1409,1408,0.0,CP,0.7,560.2281859936855,70830157,0.604355108877722,255,111,121,459,STR
1409,0.0081256542863806,<HDF5 object reference>,981,1410,1409,0.1206761719213849,CP,0.99,560.3462191999621,70849147,0.6455611390284757,255,111,120,18990,STR
1410,0.0022364189663249,<HDF5 object reference>,983,1411,1410,0.0054119354563098,CP,0.99,560.3571858548237,70910405,0.6318257956448912,255,110,120,61258,STR
1417,0.0005448924980854,<HDF5 object reference>,990,1418,1417,0.0010182527714436,CP,0.99,561.6945177485869,71209334,0.2197654941373534,256,108,118,53378,STR
1420,0.0194489717070161,<HDF5 object reference>,994,1421,1420,0.0992513989701427,CP,0.99,563.1215495457926,71338339,0.3571189279731993,257,106,118,29613,STR
1421,0.0699404500722607,<HDF5 object reference>,995,1422,1421,0.0101500283181608,CP,0.99,563.2981493556919,71639829,0.5768844221105527,257,106,117,301490,STR
1422,0.0579991845132383,<HDF5 object reference>,997,1423,1422,0.0062421044036448,CP,0.99,563.3035493498791,71747623,0.3433835845896147,257,105,117,107794,STR
1425,0.0597569154523447,<HDF5 object reference>,999,1426,1425,0.0070453024302812,ccb,0.99,563.7815155020393,71971836,0.604355108877722,258,105,117,126728,Other
1431,0.0021900013173937,<HDF5 object reference>,1003,1432,1431,0.0264117125386184,ccb,0.99,566.5911791442451,72341181,0.7279731993299832,258,103,116,33143,Other
1433,0.0379350683603208,<HDF5 object reference>,1003,1434,1433,0.0105156669302726,ccb,0.99,567.1066119227411,72404342,0.7554438860971525,258,103,116,57539,Other
1434,0.0424976360795289,<HDF5 object reference>,1004,1435,1434,0.2599868563244641,ccb,0.99,567.6779446410637,72418903,0.7142378559463987,258,103,115,14561,Other
1436,0.000203596421021,<HDF5 object reference>,1005,1437,1436,0.056536080112252,ccb,0.99,567.8169778247349,72453044,0.7554438860971523,258,102,115,17547,Other
1437,0.0001618932156256,<HDF5 object reference>,1005,1438,1437,0.0,ccb,0.99,568.1767774374288,72484040,0.9202680067001676,258,102,115,30996,Other
1438,0.0045515841896084,<HDF5 object reference>,1006,1439,1438,0.1384294899791636,ccb,0.99,568.4539104724423,72488618,0.6867671691792293,258,102,115,4578,Other
1440,0.0024851031261067,<HDF5 object reference>,1007,1441,1440,0.0291069105717277,ccb,0.99,569.5898092497048,72537544,0.7554438860971525,259,101,115,24455,Other
1441,0.0003009113268024,<HDF5 object reference>,1005,1442,1441,0.0005639874698794,ccb,0.99,569.818209003844,72661771,0.9065326633165828,258,102,115,124227,Other
1442,0.0021811017110243,<HDF5 object reference>,1007,1443,1442,0.1129819987447825,ccb,0.99,570.3616750854969,72679325,0.5219430485762143,259,101,115,17554,Other
1443,0.0580197100441987,<HDF5 object reference>,1007,1444,1443,0.0053529799517308,ccb,0.99,570.8234079217982,72856624,0.4944723618090452,259,101,115,177299,Other
1444,0.0031465156684282,<HDF5 object reference>,1008,1445,1444,0.0233307642338125,ccb,0.99,570.9061744993708,72902602,0.7966499162479062,259,101,114,45978,Other
1446,0.0653885793366827,<HDF5 object reference>,1009,1447,1446,0.1694681152050977,ccb,0.99,571.8185735172194,72936195,1.0026800670016751,259,100,114,10947,Other
1453,0.0290871516907947,<HDF5 object reference>,1017,1454,1453,0.2585006177375034,scwm,0.99,573.3944051542496,73049027,0.5906197654941374,260,98,113,24158,Other
1454,0.0033514182531778,<HDF5 object reference>,1015,1455,1454,0.0456379008572183,scwm,0.99,573.5687716332196,73098820,0.4944723618090452,259,98,113,49793,Other
1457,0.0339593668965485,<HDF5 object reference>,1020,1458,1457,0.3053331969445777,scwm,0.99,574.1079043862038,73308243,0.7005025125628139,260,96,112,6165,Other
1458,0.0007023421052224,<HDF5 object reference>,1017,1459,1458,0.0596610430790586,scwm,0.99,574.1270043656436,73323836,0.7279731993299832,260,98,113,15593,Other
1459,0.0142255495348162,<HDF5 object reference>,1019,1460,1459,0.3346724860327617,scwm,0.99,574.1562376675088,73331048,0.5356783919597989,260,97,112,7212,Other
1461,0.0013651362920843,<HDF5 object reference>,1020,1462,1461,0.3282223709079997,scwm,0.99,574.5441372499545,73369766,0.5768844221105527,260,96,112,6648,Other
1462,3.642059531276491e-05,<HDF5 object reference>,1020,1463,1462,0.0001799722349003,scwm,0.99,574.603503852716,73549323,0.4120603015075377,260,96,112,179557,Other
1464,4.105703982406585e-05,<HDF5 object reference>,1021,1465,1464,0.4381641402465165,scwm,0.99,574.8263369461808,73559772,0.5768844221105527,260,96,112,6303,Other
1467,0.0006539372221296,<HDF5 object reference>,1023,1468,1467,0.0028483312714685,SSp-bfd6b,0.99,575.3566030420428,73731773,0.6455611390284757,260,96,111,31915,Somatosensory
1474,0.0011085349240436,<HDF5 object reference>,1028,1475,1474,0.3621332387937743,SSp-bfd6a,0.99,576.9466346637874,73787934,0.7142378559463987,261,94,111,13276,Somatosensory
1478,0.0005554866485732,<HDF5 object reference>,1031,1479,1478,0.0371006010482415,SSp-bfd6a,0.99,578.1630000210984,73897649,0.7005025125628142,261,93,110,8843,Somatosensory
1484,0.0034000110523443,<HDF5 object reference>,1032,1485,1484,0.0,SSp-bfd6a,0.99,580.9582940242115,73973038,0.7279731993299832,261,92,110,6505,Somatosensory
1488,0.0341383580436516,<HDF5 object reference>,1036,1489,1488,0.0750360895030555,SSp-bfd6a,0.99,581.9238252788537,74208655,0.5768844221105527,262,91,109,79143,Somatosensory
1491,0.0279911485661256,<HDF5 object reference>,1037,1492,1491,0.1207938364229677,SSp-bfd6a,0.99,582.6112237989541,74246494,0.5768844221105526,262,90,109,28154,Somatosensory
1492,0.0715965732881893,<HDF5 object reference>,1037,1493,1492,0.0306383413447729,SSp-bfd6a,0.99,583.0289895662133,74275687,0.5356783919597988,262,90,109,29193,Somatosensory
1494,0.0034418163282167,<HDF5 object reference>,1037,1495,1494,0.0,SSp-bfd6a,0.99,583.2898890045232,74365184,0.5631490787269682,262,90,109,2851,Somatosensory
1497,0.0001351001399402,<HDF5 object reference>,1039,1498,1497,0.0,SSp-bfd6a,0.99,584.1824537495883,74673613,0.6180904522613065,262,90,108,29615,Somatosensory
1499,7.432008099112503e-05,<HDF5 object reference>,1040,1500,1499,0.0,SSp-bfd6a,0.99,584.4477198451639,74716370,0.5494137353433837,262,89,108,3482,Somatosensory
1504,0.0243624152488084,<HDF5 object reference>,1044,1505,1504,0.0046097523773165,SSp-bfd6a,0.99,585.7858836308992,75013070,0.4944723618090452,263,88,107,90453,Somatosensory
1508,0.0015630269008565,<HDF5 object reference>,1045,1509,1508,0.0,SSp-bfd6a,0.99,586.7375482487282,75419929,0.5219430485762143,263,87,107,12713,Somatosensory
1510,0.0004759565410722,<HDF5 object reference>,1047,1511,1510,0.0,SSp-bfd6a,0.99,587.478279987341,75518302,0.5356783919597989,263,86,107,32950,Somatosensory
1511,3.004557320458536e-05,<HDF5 object reference>,1047,1512,1511,0.0,SSp-bfd6a,0.99,589.6958418798212,75526915,0.5219430485762143,263,86,107,8613,Somatosensory
1512,0.0169492230227942,<HDF5 object reference>,1047,1513,1512,0.0154326124111921,SSp-bfd6a,0.99,589.8002749883206,75563191,0.6730318257956448,263,86,107,36276,Somatosensory
1517,4.226965415452409e-05,<HDF5 object reference>,1051,1518,1517,0.0,SSp-bfd6a,0.99,590.3663071030439,75932472,0.4532663316582914,263,85,106,98360,Somatosensory
1518,0.0105023418273861,<HDF5 object reference>,1049,1519,1518,0.006683807788331,SSp-bfd6a,0.99,590.6664731234836,76007591,0.5219430485762143,263,86,106,75119,Somatosensory
1519,0.0112876233260194,<HDF5 object reference>,1050,1520,1519,0.0,SSp-bfd6a,0.99,591.1934719889083,76011141,0.5219430485762144,263,85,106,3550,Somatosensory
1521,0.006063308379654,<HDF5 object reference>,1051,1522,1521,0.0232023459205925,SSp-bfd6a,0.99,592.4148026928401,76035907,0.4944723618090452,263,85,106,19368,Somatosensory
1524,4.686458001899395e-05,<HDF5 object reference>,1052,1525,1524,0.0,SSp-bfd6a,0.99,593.2645341967874,76243034,0.4944723618090452,264,85,106,152378,Somatosensory
1526,0.0002752795151348,<HDF5 object reference>,1053,1527,1526,0.0028265572121078,SSp-bfd6a,0.99,593.3133340917262,76349391,0.5494137353433836,264,84,105,106257,Somatosensory
1527,3.84675162414487e-06,<HDF5 object reference>,1053,1528,1527,0.0,SSp-bfd6a,0.99,593.5027003507065,76416664,0.6043551088777218,264,84,105,67273,Somatosensory
1529,0.0055064178585521,<HDF5 object reference>,1055,1530,1529,0.0418593306103009,SSp-bfd6a,0.99,593.7688997776061,76507131,0.4670016750418761,264,83,105,89665,Somatosensory
1531,0.0047341082962557,<HDF5 object reference>,1059,1532,1531,0.004258741485315,SSp-bfd6a,0.99,594.0196992376601,76677546,0.5219430485762144,264,82,104,63933,Somatosensory
1532,0.0988706512407365,<HDF5 object reference>,1055,1533,1532,0.0992682652161254,SSp-bfd6a,0.99,594.0490991743651,76741740,0.4395309882747068,264,83,105,64194,Somatosensory
1533,0.0008926204497295,<HDF5 object reference>,1056,1534,1533,0.0128309909935762,SSp-bfd6a,0.99,594.111065707624,76810648,0.4944723618090452,264,83,105,68908,Somatosensory
1534,0.0003629138515141,<HDF5 object reference>,1056,1535,1534,0.0,SSp-bfd6a,0.99,594.306198620856,76835747,0.535678391959799,264,83,105,25099,Somatosensory
1535,0.0006246090320846,<HDF5 object reference>,1060,1536,1535,0.0009915855162165,SSp-bfd6a,0.99,594.8561641035026,76889838,0.4807370184254606,265,82,104,54091,Somatosensory
1540,0.000108263155301,<HDF5 object reference>,1058,1541,1540,0.0035581643650629,SSp-bfd6a,0.99,595.9834283432833,77539431,0.5219430485762143,264,82,104,85664,Somatosensory
1542,0.0017516812993189,<HDF5 object reference>,1060,1543,1542,0.0111299990706214,SSp-bfd6a,0.99,596.6572935591863,77795604,0.5082077051926298,265,82,104,102111,Somatosensory
1545,3.536610358475154e-05,<HDF5 object reference>,1061,1546,1545,0.000249976287098,SSp-bfd6a,0.99,597.2123256975915,78005615,0.4807370184254607,265,81,104,107731,Somatosensory
1546,0.0022553112468357,<HDF5 object reference>,1061,1547,1546,0.0255255436675702,SSp-bfd6a,0.99,597.3145921440889,78171125,0.604355108877722,265,81,104,165510,Somatosensory
1549,0.0048986584035062,<HDF5 object reference>,1059,1550,1549,0.0055742748005482,SSp-bfd6a,0.99,598.103457112409,78266893,0.5768844221105527,264,82,104,82256,Somatosensory
1550,0.0019846318995823,<HDF5 object reference>,1063,1551,1550,0.0430176550792249,SSp-bfd6a,0.99,598.1861902676262,78296503,0.5494137353433837,265,80,103,29610,Somatosensory
1552,1.3201169311385791e-05,<HDF5 object reference>,1064,1553,1552,0.0,SSp-bfd6a,0.99,598.435856396787,78429924,0.5219430485762144,265,80,103,19603,Somatosensory
1554,1.0068492447694446e-05,<HDF5 object reference>,1064,1555,1554,0.0086498915611289,SSp-bfd6a,0.99,598.7826223169017,78602902,0.5768844221105527,265,80,103,25900,Somatosensory
1557,0.0005557089415021,<HDF5 object reference>,1065,1558,1557,0.0,SSp-bfd5,0.99,599.9470864765948,78713974,0.5082077051926298,265,80,103,61622,Somatosensory
1561,0.0237472752780841,<HDF5 object reference>,1067,1562,1561,0.0750901704205262,SSp-bfd5,0.99,600.7463180892632,78873045,0.6592964824120604,265,79,102,13899,Somatosensory
1562,9.181568990990712e-06,<HDF5 object reference>,1064,1563,1562,0.0036521122482486,SSp-bfd6a,0.99,600.9510509818274,78901230,0.6180904522613065,265,80,103,28185,Somatosensory
1563,0.0005541667564884,<HDF5 object reference>,1068,1564,1563,0.0,SSp-bfd5,0.99,601.2705169607161,78917266,0.6318257956448909,265,79,102,16036,Somatosensory
1566,0.0028309103520415,<HDF5 object reference>,1069,1567,1566,0.0453494799238115,SSp-bfd5,0.99,602.3069480627181,79012591,0.7005025125628142,265,79,102,17885,Somatosensory
1567,9.797172787578289e-06,<HDF5 object reference>,1071,1568,1567,0.0,SSp-bfd5,0.99,602.3156813772495,79039005,0.6318257956448912,266,78,101,26414,Somatosensory
1568,0.0002309013373185,<HDF5 object reference>,1071,1569,1568,0.0177642008212129,SSp-bfd5,0.99,602.3404479905962,79102903,0.6592964824120604,266,78,101,63898,Somatosensory
1570,0.0380790354317835,<HDF5 object reference>,1071,1571,1570,0.0148179217538523,SSp-bfd5,0.99,602.4341144556084,79260980,0.8378559463986601,266,78,101,94902,Somatosensory
1571,0.0006991031127264,<HDF5 object reference>,1072,1572,1571,0.0,SSp-bfd5,0.99,602.5646475079172,79280185,0.6455611390284756,266,77,101,19205,Somatosensory
1572,0.0010860740814839,<HDF5 object reference>,1072,1573,1572,0.0,SSp-bfd5,0.99,602.57234749134,79295457,0.6455611390284757,266,77,101,15272,Somatosensory
1574,0.0005946901542239,<HDF5 object reference>,1072,1575,1574,0.2573893973510973,SSp-bfd5,0.99,602.9655799780835,79310163,0.6592964824120603,266,77,101,12562,Somatosensory
1577,9.691675133565052e-05,<HDF5 object reference>,1073,1578,1577,0.0650289631939544,SSp-bfd5,0.99,603.0195131953041,79523588,0.7554438860971525,266,77,101,17672,Somatosensory
1578,0.0040197152803746,<HDF5 object reference>,1074,1579,1578,0.0178373255156751,SSp-bfd5,0.99,603.3424125001345,79541624,0.6592964824120603,266,77,101,18036,Somatosensory
1580,0.0011227939832813,<HDF5 object reference>,1075,1581,1580,0.0581300857405054,SSp-bfd5,0.99,603.4399122902273,79581611,0.6592964824120603,266,76,101,15797,Somatosensory
1581,0.0018144313774149,<HDF5 object reference>,1075,1582,1581,0.1052336771466859,SSp-bfd5,0.99,603.615211912825,79598215,0.6180904522613065,266,76,101,16604,Somatosensory
1583,0.0070005650923842,<HDF5 object reference>,1076,1584,1583,0.123846263349242,SSp-bfd5,0.99,603.8641780434928,79628731,0.604355108877722,266,76,100,23212,Somatosensory
1587,0.0014251048305037,<HDF5 object reference>,1078,1588,1587,0.3872509785290979,SSp-bfd5,0.99,605.5814743463275,79681415,0.4944723618090452,266,75,100,9078,Somatosensory
1592,0.0022241807004655,<HDF5 object reference>,1079,1593,1592,0.1062684367043913,SSp-bfd5,0.99,607.0647711529394,79827574,0.4395309882747068,267,75,100,9050,Somatosensory
1602,0.0924381709286855,<HDF5 object reference>,1082,1603,1602,0.0,SSp-bfd5,0.79,608.9642337302553,80111507,0.4670016750418761,267,74,99,324,Somatosensory
1605,0.0166928949876594,<HDF5 object reference>,1083,1606,1605,0.0,SSp-bfd5,0.99,610.1775652267485,80120928,0.4807370184254607,267,73,99,775,Somatosensory
1608,0.0075192511406697,<HDF5 object reference>,1084,1609,1608,0.0,SSp-bfd5,0.99,611.4223968180835,80180667,0.5219430485762143,267,73,99,3076,Somatosensory
1623,0.0001124846298799,<HDF5 object reference>,1089,1624,1623,0.0,SSp-bfd5,0.99,613.5956604435182,80656412,0.5631490787269681,268,71,97,2301,Somatosensory
1630,7.271214442570613e-05,<HDF5 object reference>,1093,1631,1630,0.0,SSp-bfd4,0.99,615.437891198862,80742353,0.5082077051926298,268,69,97,3559,Somatosensory
1631,0.0003438527564389,<HDF5 object reference>,1094,1632,1631,0.0,SSp-bfd4,0.99,615.6251242701842,80764593,0.5356783919597989,268,69,97,22240,Somatosensory
1632,0.025771679799808,<HDF5 object reference>,1094,1633,1632,0.0234481444418463,SSp-bfd4,0.99,616.7508893614724,80838377,0.6318257956448912,268,69,97,73784,Somatosensory
1633,0.0027929075775109,<HDF5 object reference>,1095,1634,1633,0.2269376904558789,SSp-bfd4,0.99,617.3217218959915,80845528,0.6180904522613064,268,69,97,7151,Somatosensory
1634,0.0005652302022668,<HDF5 object reference>,1095,1635,1634,0.0070701713495978,SSp-bfd4,0.99,617.3606885081288,80865785,0.5631490787269682,268,69,97,20257,Somatosensory
1642,0.0007111282757025,<HDF5 object reference>,1097,1643,1642,0.0,SSp-bfd4,0.99,617.962620999127,80940503,0.5494137353433837,269,68,96,6690,Somatosensory
1643,0.0117380587114287,<HDF5 object reference>,1098,1644,1643,0.0,SSp-bfd4,0.99,618.1566540609334,80940924,0.4944723618090451,269,68,96,421,Somatosensory
1644,6.97702661960556e-05,<HDF5 object reference>,1103,1645,1644,0.2105543704263889,SSp-bfd4,0.99,618.3241871598235,80944636,0.6043551088777219,269,66,95,3712,Somatosensory
1647,0.0072096958451573,<HDF5 object reference>,1100,1648,1647,0.0,SSp-bfd4,0.64,619.403352316323,81026556,0.5906197654941373,269,67,96,452,Somatosensory
1649,0.0008892870172202,<HDF5 object reference>,1103,1650,1649,0.0,SSp-bfd4,0.86,620.2497177985987,81034258,0.5768844221105526,269,66,95,291,Somatosensory
1651,2.267833862160115e-05,<HDF5 object reference>,1103,1652,1651,0.0222809028365636,SSp-bfd4,0.99,620.6582172269508,81111704,0.6318257956448912,269,66,95,11411,Somatosensory
1653,2.0705914707240133e-05,<HDF5 object reference>,1105,1654,1653,0.1671635803001914,SSp-bfd4,0.99,622.2220817051694,81132774,0.5356783919597988,269,65,95,12498,Somatosensory
1654,7.5601087353519e-05,<HDF5 object reference>,1106,1655,1654,0.0,SSp-bfd4,0.99,622.3182815705488,81136197,0.5631490787269682,270,65,95,3423,Somatosensory
1657,0.0069104035438096,<HDF5 object reference>,1107,1658,1657,0.3741041004315466,SSp-bfd4,0.99,622.5075479723589,81152267,0.5768844221105527,270,64,94,6227,Somatosensory
1664,0.0018048423608623,<HDF5 object reference>,1110,1665,1664,0.0644542972428914,SSp-bfd4,0.99,623.4767132827905,81260957,0.6180904522613065,270,63,94,15002,Somatosensory
1670,0.009773320610454,<HDF5 object reference>,1112,1671,1670,0.0,SSp-bfd4,0.99,624.3755453583119,81357557,0.5906197654941373,270,63,93,2497,Somatosensory
1671,0.015173394407551,<HDF5 object reference>,1112,1672,1671,0.0,SSp-bfd4,0.99,624.8799446524633,81359356,0.6318257956448912,270,63,93,1799,Somatosensory
1672,0.0003044500258954,<HDF5 object reference>,1113,1673,1672,0.0,SSp-bfd4,0.98,625.0021444814587,81360206,0.5631490787269681,270,62,93,850,Somatosensory
1674,0.0032821864137081,<HDF5 object reference>,1114,1675,1674,0.0,SSp-bfd4,0.99,625.246810805743,81402139,0.6180904522613065,270,62,93,3729,Somatosensory
1675,0.0744641936366861,<HDF5 object reference>,1115,1676,1675,0.0,SSp-bfd4,0.69,625.7170768143267,81402332,0.5219430485762144,271,61,93,193,Somatosensory
1677,0.0088057297042058,<HDF5 object reference>,1115,1678,1677,0.2932042065590753,SSp-bfd4,0.99,626.2426760788111,81439816,0.6455611390284757,271,61,93,14415,Somatosensory
1680,7.938114172119625e-05,<HDF5 object reference>,1116,1681,1680,0.0,SSp-bfd4,0.99,628.0723401850738,81507849,0.6043551088777218,271,61,93,3260,Somatosensory
1682,0.0013098037681168,<HDF5 object reference>,1117,1683,1682,0.0,SSp-bfd4,0.99,628.4581396451919,81517557,0.4944723618090453,271,61,92,6724,Somatosensory
1685,0.0019331858240295,<HDF5 object reference>,1119,1686,1685,0.0,SSp-bfd4,0.99,629.0967054182594,81568308,0.6318257956448912,271,60,92,4410,Somatosensory
1686,0.0039154902359156,<HDF5 object reference>,1119,1687,1686,0.1626754178622577,SSp-bfd4,0.99,629.2031386026517,81610959,0.7142378559463987,271,60,92,42651,Somatosensory
1693,0.0085311468379705,<HDF5 object reference>,1123,1694,1693,0.0,SSp-bfd2/3,0.99,630.8515362959092,81707705,0.6867671691792294,271,59,91,1292,Somatosensory
1698,0.0005652311992382,<HDF5 object reference>,1125,1699,1698,0.0267924576166922,SSp-bfd2/3,0.99,632.3633341803223,81844457,0.6730318257956448,272,58,90,10406,Somatosensory
1699,4.227781767866201e-05,<HDF5 object reference>,1125,1700,1699,0.0,SSp-bfd2/3,0.99,632.4050007886814,81850578,0.6867671691792293,272,58,90,6121,Somatosensory
1701,0.0076593046814135,<HDF5 object reference>,1126,1702,1701,0.0,SSp-bfd2/3,0.89,632.6377337963316,81851404,0.7554438860971525,272,58,90,629,Somatosensory
1703,0.0057974638285599,<HDF5 object reference>,1126,1704,1703,0.1798512744904576,SSp-bfd2/3,0.99,633.0077999451335,81861848,0.6043551088777219,272,58,90,5680,Somatosensory
1704,0.0016501905554356,<HDF5 object reference>,1128,1705,1704,0.0288734101112285,SSp-bfd2/3,0.99,633.1001664825438,81871872,0.5906197654941373,272,57,90,10024,Somatosensory
1706,0.0051711808582264,<HDF5 object reference>,1132,1707,1706,0.1954597435693411,SSp-bfd2/3,0.99,633.4466993309444,81885297,0.6043551088777219,273,56,89,11558,Somatosensory
1709,0.0440151472663985,<HDF5 object reference>,808,1710,1709,0.0074001382923885,GPe,0.99,633.9907652362535,81980418,0.5082077051926298,236,174,156,68590,Other
1729,0.0096087095074519,<HDF5 object reference>,949,1730,1729,0.0,CP,0.25,638.6858586660115,82307858,0.7005025125628142,252,123,127,442,STR
1730,0.0231742136373433,<HDF5 object reference>,955,1731,1730,0.0,CP,0.62,638.9704582677472,82308213,0.5768844221105527,252,120,126,355,STR
1731,0.0069198189627984,<HDF5 object reference>,958,1732,1731,0.0,CP,0.61,639.3109577912574,82308446,0.6180904522613065,253,119,125,233,STR
1732,0.0156544746469612,<HDF5 object reference>,958,1733,1732,0.0,CP,0.98,639.402324330067,82309214,0.6730318257956448,253,119,125,768,STR
1735,0.0002661739240696,<HDF5 object reference>,963,1736,1735,0.0,CP,0.84,639.9723901989922,82312671,0.6730318257956448,253,118,124,973,STR
1740,0.0177364800977708,<HDF5 object reference>,969,1741,1740,0.0,CP,0.66,640.7728888661986,82321023,0.5906197654941373,254,115,123,452,STR
1742,0.0007457709568043,<HDF5 object reference>,970,1743,1742,0.0,CP,0.83,640.9365219177034,82323537,0.6043551088777218,254,115,123,347,STR
1743,0.0159744408945684,<HDF5 object reference>,970,1744,1743,0.0,CP,0.66,641.5354208862076,82323850,0.5906197654941374,254,115,123,313,STR
1748,0.0005425210105054,<HDF5 object reference>,971,1749,1748,0.0,CP,0.56,643.43831760881,82328155,0.5082077051926299,254,115,122,477,STR
1750,0.0043130420335183,<HDF5 object reference>,973,1751,1750,0.0,CP,0.21,644.0631165327063,82328640,0.7279731993299833,254,114,122,60,STR
1751,0.0088594738414347,<HDF5 object reference>,975,1752,1751,0.0,CP,0.92,645.1954145825265,82329458,0.6318257956448912,255,113,122,818,STR
1752,0.0003058895059232,<HDF5 object reference>,975,1753,1752,0.0,CP,0.75,645.9401466331927,82330304,0.6455611390284758,255,113,122,846,STR
1754,0.0001453267015574,<HDF5 object reference>,976,1755,1754,0.0,CP,0.88,646.8229451127311,82334257,0.6455611390284757,255,113,121,1817,STR
1756,0.0095931106695388,<HDF5 object reference>,976,1757,1756,0.0,CP,0.99,647.4497773664585,82336473,0.5631490787269682,255,113,121,2181,STR
1758,0.0053326390805975,<HDF5 object reference>,979,1759,1758,0.0,CP,0.97,647.6077770943324,82359313,0.6318257956448912,255,112,121,4201,STR
1761,0.0280183060658624,<HDF5 object reference>,980,1762,1761,0.0,CP,0.43,648.3511758139617,82362828,0.5768844221105527,255,111,121,152,STR
1762,0.0641173907625718,<HDF5 object reference>,982,1763,1762,0.0,CP,0.45,648.3877757509249,82362988,0.6730318257956448,255,111,120,160,STR
1763,0.0185475048099502,<HDF5 object reference>,982,1764,1763,0.1951219578490377,CP,0.99,648.5391088236142,82366844,0.2472361809045225,255,111,120,3856,STR
1767,0.0028193993382187,<HDF5 object reference>,985,1768,1767,0.1244234162314947,CP,0.99,649.3920073546499,82382374,0.3296482412060302,256,109,119,15270,STR
1770,0.0278156478289667,<HDF5 object reference>,1003,1771,1770,0.066089338753455,ccb,0.99,650.3369390605083,82418766,0.7966499162479062,258,103,116,33784,Other
1771,0.0846313326729784,<HDF5 object reference>,1003,1772,1771,0.3567511962012074,ccb,0.99,650.546772032442,82437466,0.7417085427135678,258,103,116,18700,Other
1774,0.0027627881505134,<HDF5 object reference>,1015,1775,1774,0.0,scwm,0.99,651.1049377377686,82467619,0.6180904522613065,259,98,113,5949,Other
1775,0.0014607029550692,<HDF5 object reference>,1019,1776,1775,0.0783033478737839,scwm,0.99,651.2029709022574,82496811,0.5906197654941373,260,97,112,29192,Other
1783,0.0005325018567236,<HDF5 object reference>,1027,1784,1783,0.3396051810219984,SSp-bfd6a,0.99,653.7596664988089,82513394,0.5219430485762143,261,94,111,8267,Somatosensory
1787,0.04219532650293,<HDF5 object reference>,1033,1788,1787,0.0,SSp-bfd6a,0.87,654.3579988016224,82524216,0.4944723618090453,261,92,110,349,Somatosensory
1789,0.0004305865590866,<HDF5 object reference>,1035,1790,1789,0.0,SSp-bfd6a,0.95,654.9544644409842,82524889,0.5082077051926298,262,91,109,601,Somatosensory
1791,7.906584846046133e-05,<HDF5 object reference>,1042,1792,1791,0.0,SSp-bfd6a,0.99,655.3904636900539,82541985,0.4807370184254607,262,88,108,3273,Somatosensory
1792,0.0127876872965692,<HDF5 object reference>,1047,1793,1792,0.0,SSp-bfd6a,0.99,655.8468295707124,82544459,0.5631490787269682,263,86,107,2474,Somatosensory
1793,0.0089453426866959,<HDF5 object reference>,1051,1794,1793,0.0,SSp-bfd6a,0.99,655.995029315465,82552542,0.535678391959799,263,85,106,8083,Somatosensory
1794,0.0789660849388217,<HDF5 object reference>,1057,1795,1794,0.0173657195391262,SSp-bfd6a,0.99,656.0180292758517,82614530,0.5631490787269682,264,83,105,61988,Somatosensory
1796,0.0011984564251672,<HDF5 object reference>,1063,1797,1796,0.0198583929997198,SSp-bfd6a,0.99,656.9551276618682,82680427,0.604355108877722,265,80,103,40088,Somatosensory
1797,0.0545461265180285,<HDF5 object reference>,1063,1798,1797,0.0152475389760738,SSp-bfd6a,0.99,657.1180940478546,82708015,0.6180904522613064,265,80,103,27588,Somatosensory
1798,0.0011697160837094,<HDF5 object reference>,1067,1799,1798,0.0412346914566636,SSp-bfd5,0.99,657.6365598215572,82753958,0.6592964824120603,265,79,102,45943,Somatosensory
1799,0.0791715034111201,<HDF5 object reference>,1067,1800,1799,0.0,SSp-bfd5,0.99,657.7580262790196,82754995,0.6455611390284757,265,79,102,1037,Somatosensory
1800,0.0013922959908072,<HDF5 object reference>,1068,1801,1800,0.0237175717761193,SSp-bfd5,0.99,657.9862592192628,82784257,0.6318257956448912,265,79,102,29262,Somatosensory
1801,0.0034233995532998,<HDF5 object reference>,1072,1802,1801,0.0321513714716559,SSp-bfd5,0.99,658.19115886636,82797691,0.6318257956448912,266,77,101,13434,Somatosensory
1802,0.0363251392354344,<HDF5 object reference>,1072,1803,1802,0.0,SSp-bfd5,0.92,658.5050583257246,82798095,0.6180904522613064,266,77,101,404,Somatosensory
1804,0.0052357617831196,<HDF5 object reference>,1071,1805,1804,0.0,SSp-bfd5,0.99,658.9431909044533,82811262,0.6180904522613064,266,78,101,12703,Somatosensory
1805,0.0046329921031284,<HDF5 object reference>,1075,1806,1805,0.1001674798342726,SSp-bfd5,0.99,659.0561907098315,82818873,0.5631490787269682,266,76,101,7611,Somatosensory
1806,0.0033280439652339,<HDF5 object reference>,1075,1807,1806,0.3004789571767642,SSp-bfd5,0.99,659.2550570339866,82824255,0.5356783919597988,266,76,101,5382,Somatosensory
1807,0.0009632141420425,<HDF5 object reference>,1076,1808,1807,0.1076658907358059,SSp-bfd5,0.99,659.2671903464226,82829446,0.5631490787269682,266,76,100,5191,Somatosensory
1809,0.0219498097068044,<HDF5 object reference>,1077,1810,1809,0.0322244172026601,SSp-bfd5,0.99,659.9505891693909,82995829,0.6180904522613065,266,75,100,18977,Somatosensory
1810,0.0031159291423579,<HDF5 object reference>,1078,1811,1810,0.3026762129367215,SSp-bfd5,0.99,660.3480218182181,82998925,0.4532663316582916,266,75,100,3096,Somatosensory
1811,0.0784649019116531,<HDF5 object reference>,1078,1812,1811,0.1874612395230808,SSp-bfd5,0.99,660.4612549565276,83002859,0.5082077051926298,266,75,100,3934,Somatosensory
1813,0.0078039811700659,<HDF5 object reference>,1080,1814,1813,0.1462655946520135,SSp-bfd5,0.99,660.8338543147922,83078582,0.535678391959799,267,74,99,7714,Somatosensory
1814,0.0054976981464403,<HDF5 object reference>,1082,1815,1814,0.0,SSp-bfd5,0.85,661.989185658275,83079470,0.4670016750418761,267,74,99,888,Somatosensory
1815,0.0120098340555656,<HDF5 object reference>,1082,1816,1815,0.0,SSp-bfd5,0.69,662.1386187342367,83080280,0.4670016750418761,267,74,99,810,Somatosensory
1816,0.0128720407313208,<HDF5 object reference>,1083,1817,1816,0.0,SSp-bfd5,0.99,662.4995181126525,83082090,0.4807370184254607,267,73,99,1810,Somatosensory
1827,0.0006389691901508,<HDF5 object reference>,1100,1828,1827,0.0,SSp-bfd4,0.75,665.3911131323999,83109139,0.5906197654941373,269,67,96,405,Somatosensory
1829,0.0124499603887274,<HDF5 object reference>,1103,1830,1829,0.0,SSp-bfd4,0.99,665.5056129351946,83111547,0.6180904522613065,269,66,95,1148,Somatosensory
1831,0.030939125718639,<HDF5 object reference>,1104,1832,1831,0.0,SSp-bfd4,0.99,665.6843459606924,83115689,0.5494137353433836,269,65,95,1164,Somatosensory
1833,0.0112186839610578,<HDF5 object reference>,1107,1834,1833,0.0,SSp-bfd4,0.99,666.0275120363171,83120233,0.5906197654941373,270,64,94,1670,Somatosensory
1834,0.0005990336157664,<HDF5 object reference>,1109,1835,1834,0.0,SSp-bfd4,0.84,666.2037450661209,83120665,0.6318257956448909,270,64,94,432,Somatosensory
1835,0.0503141790536693,<HDF5 object reference>,1109,1836,1835,0.0,SSp-bfd4,0.93,667.0312103076274,83121158,0.6592964824120603,270,64,94,493,Somatosensory
1838,0.0304765615216068,<HDF5 object reference>,1113,1839,1838,0.0,SSp-bfd4,0.93,667.701542486434,83126593,0.5494137353433837,270,62,93,989,Somatosensory
1840,0.0160653453372283,<HDF5 object reference>,1115,1841,1840,0.0,SSp-bfd4,0.99,668.0682418548603,83129090,0.6318257956448909,271,61,93,1921,Somatosensory
1842,0.0422636826651047,<HDF5 object reference>,1118,1843,1842,0.0,SSp-bfd4,0.98,668.8882737758361,83130581,0.6592964824120602,271,60,92,556,Somatosensory
1847,0.0037312835690716,<HDF5 object reference>,1121,1848,1847,0.0,SSp-bfd2/3,0.99,670.3395046096852,83153565,0.6592964824120603,271,60,91,5411,Somatosensory
1851,0.0487153816594732,<HDF5 object reference>,1126,1852,1851,0.0,SSp-bfd2/3,0.78,671.0064034610718,83161971,0.7279731993299833,272,58,90,462,Somatosensory
1857,0.0052970425584667,<HDF5 object reference>,925,1858,1857,0.0131818334371762,CP,0.99,671.5534027225559,83194051,0.3433835845896146,249,131,132,29671,STR
1862,0.00069565194089,<HDF5 object reference>,959,1863,1862,0.0,CP,0.77,671.7431024775129,83201286,0.6592964824120603,253,119,125,372,STR
1863,0.0006585196050324,<HDF5 object reference>,960,1864,1863,0.0,CP,0.56,671.8137023863161,83201680,0.6318257956448912,253,119,125,394,STR
1866,0.0270605088278654,<HDF5 object reference>,967,1867,1866,0.0,CP,0.74,672.1542019464789,83202932,0.6455611390284757,254,116,123,468,STR
1867,0.0043861444408659,<HDF5 object reference>,975,1868,1867,0.0,CP,0.21,672.4355015831127,83202991,0.6455611390284757,255,113,122,59,STR
1869,0.0294785769845438,<HDF5 object reference>,976,1870,1869,0.0,CP,0.79,672.7943011196365,83206531,0.5356783919597989,255,113,121,412,STR
1870,0.0002382896151115,<HDF5 object reference>,979,1871,1870,0.0,CP,0.9,672.8966009874916,83207617,0.6180904522613065,255,112,121,1086,STR
1871,0.0006882513883273,<HDF5 object reference>,980,1872,1871,0.0,CP,0.5,673.1214340303989,83207993,0.604355108877722,255,111,121,376,STR
1876,0.0001287475233886,<HDF5 object reference>,1027,1877,1876,0.0,SSp-bfd6a,0.97,673.6302667064522,83215885,0.535678391959799,261,94,111,2010,Somatosensory
1881,0.0017279851062962,<HDF5 object reference>,1091,1882,1881,0.0,SSp-bfd5,0.99,675.045864877866,83224998,0.535678391959799,268,70,97,6374,Somatosensory
1882,0.0855578939747222,<HDF5 object reference>,1097,1883,1882,0.0,SSp-bfd4,0.97,675.0560648646903,83225437,0.4670016750418761,269,68,96,439,Somatosensory
1883,0.0193985424968261,<HDF5 object reference>,1103,1884,1883,0.0,SSp-bfd4,0.99,675.1827647010269,83226953,0.5631490787269682,269,66,95,1516,Somatosensory
1888,0.04057363210785,<HDF5 object reference>,1128,1889,1888,0.0,SSp-bfd2/3,0.94,676.1036301781738,83232333,0.4944723618090452,272,57,90,714,Somatosensory
1889,0.0008772288881731,<HDF5 object reference>,1128,1890,1889,0.0,SSp-bfd2/3,0.81,676.1739300873646,83232628,0.6455611390284757,272,57,90,295,Somatosensory
1893,0.048373571794807,<HDF5 object reference>,941,1894,1893,0.0,CP,0.84,676.7358626948266,83234209,0.7691792294807371,251,126,129,472,STR
1894,0.0010649486502512,<HDF5 object reference>,959,1895,1894,0.0,CP,0.36,676.9559624105148,83234452,0.7005025125628142,253,119,125,243,STR
1903,0.0021824589618595,<HDF5 object reference>,945,1904,1903,0.1490665567390513,CP,0.98,679.3328593401795,83809889,0.7005025125628139,251,124,128,6239,STR
1906,2.105977555428729e-05,<HDF5 object reference>,1028,1907,1906,0.0,SSp-bfd6a,0.99,679.8043920644147,83828285,0.6318257956448912,261,94,111,12288,Somatosensory
1907,5.38905710143928e-05,<HDF5 object reference>,1032,1908,1907,0.0,SSp-bfd6a,0.99,679.9234919105686,83833087,0.7005025125628142,261,92,110,4802,Somatosensory
1908,0.0004820017854429,<HDF5 object reference>,1053,1909,1908,0.0044151579871978,SSp-bfd6a,0.99,680.1319916412409,83869339,0.4807370184254606,264,84,105,36252,Somatosensory
1910,0.0154436744161421,<HDF5 object reference>,1068,1911,1910,0.0142512827188034,SSp-bfd5,0.99,680.7479575122392,83889650,0.4120603015075377,265,79,102,20178,Somatosensory
1911,0.093159253291546,<HDF5 object reference>,1068,1912,1911,0.0,SSp-bfd5,0.88,681.2614901822213,83889955,0.5082077051926298,265,79,102,305,Somatosensory
1915,0.0023517249613049,<HDF5 object reference>,1091,1916,1915,0.0,SSp-bfd5,0.99,681.7145895969343,83911215,0.535678391959799,268,70,97,5461,Somatosensory
1916,0.0012783304575269,<HDF5 object reference>,1095,1917,1916,0.1789679508498873,SSp-bfd4,0.99,681.8529894181576,83916909,0.5631490787269682,268,69,97,5694,Somatosensory
1917,0.0124158238981415,<HDF5 object reference>,1128,1918,1917,0.0,SSp-bfd2/3,0.98,682.1632890173308,83917948,0.6730318257956448,272,57,90,1039,Somatosensory
1919,0.0297045118659829,<HDF5 object reference>,976,1920,1919,0.0,CP,0.73,682.3580220991195,83918413,0.6318257956448912,255,113,121,433,STR
1920,0.0005054346133029,<HDF5 object reference>,1086,1921,1920,0.0,SSp-bfd5,0.94,682.3898220580421,83918925,0.535678391959799,267,72,98,512,Somatosensory
1921,0.0464110748819518,<HDF5 object reference>,1100,1922,1921,0.0,SSp-bfd4,0.78,682.6129217698551,83919270,0.5906197654941373,269,67,96,345,Somatosensory
1925,9.35922321920745e-05,<HDF5 object reference>,976,1926,1925,0.0,CP,0.89,683.7684202772502,83922666,0.7554438860971523,255,113,121,2765,STR
1926,0.0148940641341252,<HDF5 object reference>,1182,1927,1926,0.055189085120581,ACB,0.99,683.8661868176279,83959636,0.7142378559463987,177,209,207,36970,STR
1927,0.0049036170964808,<HDF5 object reference>,1185,1928,1927,0.0344618152878511,ACB,0.99,684.1288198117074,84028908,0.7554438860971524,177,208,207,69272,STR
1930,0.0051560254041259,<HDF5 object reference>,1184,1931,1930,0.0992421157378693,ACB,0.99,684.7604189958448,84185146,0.6180904522613065,177,208,207,80197,STR
1931,0.0003046508240474,<HDF5 object reference>,1185,1932,1931,0.0,ACB,0.99,684.8500522133953,84189892,0.1648241206030151,177,208,207,4746,STR
1933,0.0013563139827197,<HDF5 object reference>,1187,1934,1933,0.0255551424332668,ACB,0.99,685.0028186827273,84336332,0.6730318257956448,177,207,206,90410,STR
1934,0.0346861874037855,<HDF5 object reference>,1187,1935,1934,0.1884765688543525,ACB,0.99,685.2926849749617,84418536,0.6318257956448912,177,207,206,82204,STR
1935,0.0128780566583315,<HDF5 object reference>,1187,1936,1935,0.1563246117270729,ACB,0.99,685.3398849139917,84422845,0.7829145728643216,177,207,206,4309,STR
1936,0.0697693687165574,<HDF5 object reference>,1188,1937,1936,0.1460477645851159,ACB,0.99,685.3614515527998,84465362,0.7142378559463987,177,206,206,42517,STR
1938,0.0018355782550879,<HDF5 object reference>,1189,1939,1938,0.0139361367841751,ACB,0.99,685.7524177144395,84561529,0.7554438860971525,177,206,206,72142,STR
1939,0.0080568871835956,<HDF5 object reference>,1191,1940,1939,0.0436459412030148,ACB,0.99,685.9529841220262,84577835,0.6867671691792293,176,205,206,16306,STR
1941,8.79046577706739e-06,<HDF5 object reference>,1192,1942,1941,0.0100427787627394,ACB,0.99,686.2043171307024,84656107,0.7417085427135678,176,205,205,29439,STR
1943,0.0145767188300812,<HDF5 object reference>,1192,1944,1943,0.0186635212634849,ACB,0.98,686.3895168914723,84678030,0.1510887772194304,176,205,205,21596,STR
1944,0.0061705978992768,<HDF5 object reference>,1193,1945,1944,0.0,ACB,0.97,686.4760167797368,84680298,0.8241206030150753,176,204,205,2268,STR
1945,1.631792473394634e-05,<HDF5 object reference>,1193,1946,1945,0.0,ACB,0.99,686.621416591918,84961004,0.3296482412060302,176,204,205,280706,STR
1946,0.0025373708460032,<HDF5 object reference>,1195,1947,1946,0.0147965812130528,ACB,0.99,687.1424825855023,85031017,0.8241206030150753,176,204,205,70013,STR
1947,0.0001813651535693,<HDF5 object reference>,1196,1948,1947,0.0001267496648946,ACB,0.99,688.2907477689077,85182309,0.6180904522613065,176,203,205,151292,STR
1948,0.0041888789882735,<HDF5 object reference>,1197,1949,1948,0.0588504616711588,ACB,0.99,688.4026142910719,85210394,0.7691792294807371,176,203,205,28085,STR
1949,0.0194146888720973,<HDF5 object reference>,1197,1950,1949,0.0,ACB,0.67,689.0542467826648,85213841,0.2472361809045225,176,203,205,3447,STR
1950,0.0085906364109612,<HDF5 object reference>,1197,1951,1950,0.0255672582512839,ACB,0.94,690.2380452535039,85249171,0.2472361809045225,176,203,205,35330,STR
1953,0.0987177383310474,<HDF5 object reference>,1200,1954,1953,0.0731282273187228,ACB,0.99,691.7742766024242,85340857,0.6318257956448912,175,202,204,39335,STR
1954,0.0179005157239255,<HDF5 object reference>,1200,1955,1954,0.014148359848172,ACB,0.99,692.3020425873539,85404897,0.7142378559463985,175,202,204,64040,STR
1957,0.0076976750338855,<HDF5 object reference>,1201,1958,1957,0.04413917992063,ACB,0.99,692.7698086497879,85517625,0.7966499162479062,175,201,204,46573,STR
1959,0.0093561306794735,<HDF5 object reference>,1203,1960,1959,0.0645125005149555,ACB,0.99,693.3362745847273,85706918,0.6455611390284757,175,201,203,89470,STR
1960,0.0001335907143826,<HDF5 object reference>,1203,1961,1960,0.0,ACB,0.99,693.4538744328188,85795173,0.7142378559463987,175,201,203,88255,STR
1961,0.0068139382450598,<HDF5 object reference>,1203,1962,1961,0.3063009487726447,ACB,0.99,693.4887077211565,85831976,0.6592964824120603,175,201,203,36803,STR
1963,0.0610243067343286,<HDF5 object reference>,1204,1964,1963,0.0618617827224417,ACB,0.99,693.5994409114512,86047533,0.7142378559463987,175,200,203,90852,STR
1964,0.0089166658990418,<HDF5 object reference>,1205,1965,1964,0.0073949036659164,ACB,0.99,693.609340898663,86142525,0.769179229480737,175,200,203,94992,STR
1965,0.0019166278439429,<HDF5 object reference>,1206,1966,1965,0.0,ACB,0.99,693.641907523262,86160718,0.6592964824120603,174,200,203,18193,STR
1966,0.0001000975073409,<HDF5 object reference>,1207,1967,1966,0.0,ACB,0.96,693.7522407140734,86190805,0.7554438860971525,174,199,203,30087,STR
1967,0.0032412982675762,<HDF5 object reference>,1207,1968,1967,0.0041162604645567,ACB,0.99,693.7690740256626,86278856,0.8103852596314908,174,199,203,88051,STR
1968,0.042010410190819,<HDF5 object reference>,1207,1969,1968,0.1729732145660143,ACB,0.99,694.0119403786088,86293043,0.6180904522613065,174,199,203,14187,STR
1970,0.004013811673931,<HDF5 object reference>,1207,1971,1970,0.0524936388769058,ACB,0.99,694.709739477233,86421273,0.6592964824120603,174,199,203,53609,STR
1971,0.0003898604035702,<HDF5 object reference>,1208,1972,1971,0.0015946731366259,ACB,0.99,694.8204393342376,86541915,0.3159128978224456,174,199,202,120642,STR
1972,0.0094780972406399,<HDF5 object reference>,1208,1973,1972,0.0832843499945077,ACB,0.99,695.4811718140757,86572010,0.3296482412060302,174,199,202,30095,STR
1974,0.0006464254291731,<HDF5 object reference>,1211,1975,1974,0.0050179352991321,LSv,0.99,695.7892714160907,86962654,0.3159128978224455,173,198,201,221685,STR
1975,0.0086624858535166,<HDF5 object reference>,1211,1976,1975,0.0,LSv,0.99,696.0585044016448,86976467,0.6455611390284757,173,198,201,13813,STR
1980,0.0007272862591049,<HDF5 object reference>,1215,1981,1980,0.0,LSv,0.99,698.0824351205838,87052625,0.5494137353433837,173,197,200,4142,STR
1981,0.0032721781117443,<HDF5 object reference>,1215,1982,1981,0.061227733961679,LSv,0.99,698.3522681053628,87128031,0.7279731993299832,173,197,200,75406,STR
1983,0.0003182211786214,<HDF5 object reference>,1216,1984,1983,0.0,LSv,0.99,698.54440119051,87242101,0.7691792294807371,173,196,200,93202,STR
1986,0.0157146935722467,<HDF5 object reference>,1220,1987,1986,0.1381244363485573,LSv,0.99,698.9515673312235,87310169,0.6730318257956449,172,195,199,10248,STR
1987,0.0002323728654054,<HDF5 object reference>,1219,1988,1987,0.0046448618668511,LSv,0.99,699.1259337726539,87389201,0.8103852596314908,172,195,200,79032,STR
1988,0.0064881715729498,<HDF5 object reference>,1219,1989,1988,0.0786418014380943,LSv,0.99,699.1866670275356,87472037,0.7142378559463987,172,195,200,82836,STR
1990,0.0648858727561492,<HDF5 object reference>,1220,1991,1990,0.0291552863233202,LSv,0.99,699.3108002005209,87680620,0.3159128978224456,172,195,199,162694,STR
1991,0.0431820419754504,<HDF5 object reference>,1220,1992,1991,0.1116846849204022,LSv,0.99,699.3537334783956,87792284,0.6730318257956448,172,195,199,111664,STR
1993,0.0135047684110546,<HDF5 object reference>,1223,1994,1993,0.0251424403039488,LSv,0.99,699.5825665161359,87945998,0.6318257956448912,172,194,199,91149,STR
1995,0.0001088019474595,<HDF5 object reference>,1224,1996,1995,0.0,LSv,0.99,700.3495655253719,88043315,0.8241206030150753,172,193,199,75204,STR
1998,0.003839768055943,<HDF5 object reference>,1227,1999,1998,0.0683640483059118,LSv,0.99,700.9229647846886,88292219,0.7829145728643216,171,192,198,138038,STR
2003,0.015104565357838,<HDF5 object reference>,1229,2004,2003,0.0365276436563525,LSv,0.99,701.5531306373441,88454569,0.8653266331658291,171,191,198,54210,STR
2004,0.0001873220967574,<HDF5 object reference>,1231,2005,2004,0.1476399152004997,LSv,0.99,701.5820972665935,88469925,0.6730318257956449,171,190,197,15356,STR
2006,0.0275249967324277,<HDF5 object reference>,1231,2007,2006,0.035770546795654,LSv,0.99,701.7824303411484,88585003,0.4257956448911223,171,190,197,81053,STR
2010,0.0007383120983032,<HDF5 object reference>,1235,2011,2010,0.0,LSv,0.99,702.319762980387,88649723,0.6730318257956448,170,189,196,17562,STR
2016,0.0648478854460804,<HDF5 object reference>,1240,2017,2016,0.2659175903639125,LSv,0.99,702.757362415122,88786147,0.3433835845896147,169,187,196,40454,STR
2017,0.0003533802475514,<HDF5 object reference>,1240,2018,2017,0.0145257968253453,LSv,0.99,702.8214289990311,88888058,0.3433835845896147,169,187,196,101911,STR
2018,0.0120462733932542,<HDF5 object reference>,1240,2019,2018,0.1025596967495736,LSv,0.99,702.9065955556847,88963275,0.4670016750418761,169,187,196,75217,STR
2019,0.0053571489106134,<HDF5 object reference>,1242,2020,2019,0.0,LSv,0.98,703.0748286717044,88969078,0.7005025125628142,169,186,195,5803,STR
2020,0.0024516601931738,<HDF5 object reference>,1242,2021,2020,0.0,LSv,0.66,703.1287286020797,88970022,0.7005025125628139,169,186,195,944,STR
2021,0.0006661532086411,<HDF5 object reference>,1243,2022,2021,0.0195690376618154,LSv,0.99,703.6208946329953,88994374,0.7554438860971525,169,186,195,24352,STR
2025,0.0004313042033518,<HDF5 object reference>,1248,2026,2025,0.0,VL,0.52,704.5455601052337,89088359,0.6318257956448912,169,184,194,600,Other
2026,0.027615992004183,<HDF5 object reference>,1247,2027,2026,0.0,VL,0.49,704.7775931388404,89089898,0.7279731993299831,169,184,194,1539,Other
2027,0.0025713649157515,<HDF5 object reference>,1250,2028,2027,0.0955431138101017,CP,0.99,704.832626401085,89097691,0.6455611390284757,168,183,194,7793,STR
2028,0.0004627495155424,<HDF5 object reference>,1251,2029,2028,0.005857920849452,CP,0.99,704.9294596093349,89255054,0.6455611390284757,168,183,194,157363,STR
2029,0.0007092717717262,<HDF5 object reference>,1251,2030,2029,0.0687182736468112,CP,0.99,705.0883594040776,89291810,0.6730318257956448,168,183,194,36756,STR
2031,1.1340163103027866e-05,<HDF5 object reference>,1252,2032,2031,0.0,CP,0.99,705.3391924133996,89323639,0.7417085427135678,168,183,194,22820,STR
2032,0.0148556331104781,<HDF5 object reference>,1252,2033,2032,0.2683253521665751,CP,0.99,705.4398256167409,89340725,0.6455611390284757,168,183,194,17086,STR
2034,0.0001779986824758,<HDF5 object reference>,1254,2035,2034,0.000780849257342,CP,0.99,705.7429918917952,89475017,0.3845896147403685,168,182,194,121909,STR
2036,0.0076833363644294,<HDF5 object reference>,1255,2037,2036,0.0825007412697575,CP,0.99,706.4524909753062,89518868,0.7142378559463987,168,182,193,43577,STR
2038,0.0003638472085203,<HDF5 object reference>,1258,2039,2038,0.0008054265622755,CP,0.99,706.8530571245452,89650749,0.2884422110552764,167,180,193,103953,STR
2040,0.0035940837379083,<HDF5 object reference>,1259,2041,2040,0.1462588773191398,CP,0.99,706.9858902862925,89735071,0.7417085427135678,167,180,193,29543,STR
2042,0.002816693576212,<HDF5 object reference>,1260,2043,2042,0.0132612259191065,CP,0.91,707.3827564403108,89749978,0.6592964824120603,167,180,193,14791,STR
2043,0.0190284783408573,<HDF5 object reference>,1261,2044,2043,0.1571096575696778,CP,0.99,707.4129230680101,89803479,0.6730318257956449,167,179,192,53501,STR
2045,0.0008938963183464,<HDF5 object reference>,1263,2046,2045,0.0087149963462315,CP,0.99,707.476589652436,89853963,0.6592964824120603,167,179,192,36491,STR
2046,0.0413316322747738,<HDF5 object reference>,1263,2047,2046,0.3258000125535625,CP,0.99,707.8281558649702,89869179,0.6180904522613065,167,179,192,15216,STR
2049,3.249811905200481e-05,<HDF5 object reference>,1265,2050,2049,0.0,CP,0.98,709.9375198068849,89942909,0.6592964824120603,167,178,192,7963,STR
2050,0.0456696894271681,<HDF5 object reference>,1265,2051,2050,0.248438041472636,CP,0.99,709.9614197760123,89971500,0.6455611390284757,167,178,192,28591,STR
2051,0.0026503577166665,<HDF5 object reference>,1266,2052,2051,0.0,CP,0.92,710.0224196972163,89980384,0.6592964824120603,166,177,191,8884,STR
2052,0.0156569229489101,<HDF5 object reference>,1266,2053,2052,0.0,CP,0.91,710.1952861405842,89983146,0.7279731993299832,166,177,191,2762,STR
2053,0.0016619796251125,<HDF5 object reference>,1267,2054,2053,0.3592234005492628,CP,0.99,710.2141194495898,90024622,0.6730318257956448,166,177,191,41476,STR
2054,0.0080256573664421,<HDF5 object reference>,1268,2055,2054,0.0126997229386655,CP,0.99,710.4402524908179,90083160,0.7417085427135678,166,177,191,58538,STR
2057,0.0417548227235566,<HDF5 object reference>,1271,2058,2057,0.012413018419345,CP,0.99,710.9141518786626,90180805,0.2472361809045226,166,175,190,61152,STR
2059,0.0297147900666767,<HDF5 object reference>,1272,2060,2059,0.2951697224262677,CP,0.99,711.2613180968804,90280591,0.6730318257956448,166,175,190,20796,STR
2060,0.0016259041643589,<HDF5 object reference>,1274,2061,2060,0.0,CP,0.93,711.4491845208723,90287141,0.7005025125628139,165,174,190,6550,STR
2064,0.0013924369194006,<HDF5 object reference>,1277,2065,2064,0.002501287703797,CP,0.99,712.0449170846734,90470537,0.2060301507537688,165,173,189,96329,STR
2065,0.0429898221085325,<HDF5 object reference>,1279,2066,2065,0.1666867110536566,CP,0.99,712.2711834590626,90486147,0.6730318257956448,165,172,189,15610,STR
2068,0.000275507976633,<HDF5 object reference>,1287,2069,2068,0.0,CP,0.99,712.4697832025231,90549830,0.7417085427135678,164,169,187,56899,STR
2069,0.0085992776503431,<HDF5 object reference>,1288,2070,2069,0.0760871870466496,CP,0.99,712.7749161417038,90570310,0.6318257956448912,164,169,187,20480,STR
2071,0.0213558731789525,<HDF5 object reference>,1292,2072,2071,0.2151288354040854,CP,0.99,713.329748758337,90650331,0.7005025125628142,163,167,186,50486,STR
2072,0.0018854122703968,<HDF5 object reference>,1289,2073,2072,0.0046298243550591,CP,0.99,713.4484486050076,90725429,0.8378559463986598,164,169,187,75098,STR
2073,0.0004431611476286,<HDF5 object reference>,1290,2074,2073,0.2892967711394632,CP,0.99,713.5649484545199,90734386,0.7417085427135678,164,168,187,8957,STR
2074,2.983083827217248e-05,<HDF5 object reference>,1290,2075,2074,0.0771027337530065,CP,0.99,713.6560483368426,90743061,0.6592964824120602,164,168,187,8675,STR
2075,0.0179784630436844,<HDF5 object reference>,1292,2076,2075,0.2634759273123153,CP,0.99,714.1416143762837,90757901,0.7279731993299832,163,167,186,14840,STR
2076,0.0020150061987885,<HDF5 object reference>,1292,2077,2076,0.0027863434758438,CP,0.99,714.6498803864023,90790169,0.6180904522613065,163,167,186,32268,STR
2085,0.0675895887262626,<HDF5 object reference>,1297,2086,2085,0.2650030298098771,CP,0.99,717.1621438078753,90882726,0.7554438860971523,163,166,185,13235,STR
2087,0.0161148404414783,<HDF5 object reference>,1299,2088,2087,0.1531924298415661,CP,0.99,717.2269770574609,90933282,0.6180904522613065,162,165,185,30772,STR
2091,0.0885417139399034,<HDF5 object reference>,1303,2092,2091,0.4689175962765403,CP,0.99,717.6616098293612,91041608,0.7691792294807369,162,163,184,25488,STR
2092,0.0010354349412356,<HDF5 object reference>,1303,2093,2092,0.041081054728414,CP,0.99,717.7038097748498,91063842,0.7005025125628142,162,163,184,22234,STR
2093,0.0017078419232367,<HDF5 object reference>,1304,2094,2093,0.1926793801850155,CP,0.99,718.0609093135697,91097892,0.7417085427135678,162,163,184,34050,STR
2095,0.0259589825156527,<HDF5 object reference>,1304,2096,2095,0.2107479923511203,CP,0.99,718.1847091536523,91134510,0.6730318257956449,162,163,184,19633,STR
2096,0.0244883420207941,<HDF5 object reference>,1306,2097,2096,0.492417043096382,CP,0.99,718.5340753690283,91164534,0.6592964824120603,162,162,184,30024,STR
2097,0.0215448763660438,<HDF5 object reference>,1306,2098,2097,0.0,CP,0.35,718.6938751626084,91164807,0.6043551088777219,162,162,184,273,STR
2098,0.0030995241995033,<HDF5 object reference>,1303,2099,2098,0.0185948567102967,CP,0.99,718.7261084543047,91254880,0.6867671691792293,162,163,184,90073,STR
2100,0.0654938953024607,<HDF5 object reference>,1307,2101,2100,0.3457046423676521,CP,0.99,719.6953072023509,91274052,0.6180904522613065,161,162,184,10445,STR
2102,0.0014683363968155,<HDF5 object reference>,1308,2103,2102,0.2737425483289714,CP,0.99,719.7486404667915,91381970,0.6318257956448912,161,161,183,25006,STR
2103,0.000298605904286,<HDF5 object reference>,1308,2104,2103,0.0019344387355676,CP,0.99,720.0947400197205,91436738,0.6318257956448912,161,161,183,54768,STR
2104,0.0037546578460832,<HDF5 object reference>,1309,2105,2104,0.0723064301835489,CP,0.99,720.465472874163,91455741,0.6455611390284757,161,161,183,19003,STR
2105,0.0038920201912614,<HDF5 object reference>,1310,2106,2105,0.0405747583575172,CP,0.99,720.5005394955327,91482481,0.6867671691792295,161,161,183,26740,STR
2106,0.0020596632129196,<HDF5 object reference>,1311,2107,2106,0.1558458803080588,CP,0.99,720.9849388698142,91496125,0.6592964824120603,161,160,183,13644,STR
2108,0.0071563808534396,<HDF5 object reference>,1311,2109,2108,0.3218794980283526,CP,0.99,721.8987376894228,91527370,0.6318257956448912,161,160,183,5200,STR
2114,0.0003233799046459,<HDF5 object reference>,1314,2115,2114,0.0,CP,0.99,722.4944369199336,91572097,0.4807370184254606,161,159,182,21637,STR
2115,0.0339540959564713,<HDF5 object reference>,1316,2116,2115,0.0160254909673617,CP,0.99,722.5037369079205,91612462,0.9889447236180902,160,158,182,40365,STR
2116,0.0011649057499156,<HDF5 object reference>,1317,2117,2116,0.0199511450465102,CP,0.99,723.2115693269177,91671538,0.5356783919597988,160,158,182,59076,STR
2121,0.0865021433523524,<HDF5 object reference>,1321,2122,2121,0.0324237727184279,CP,0.99,724.005734967728,91745951,0.8515912897822446,160,156,181,41232,STR
2122,0.0013442950229307,<HDF5 object reference>,1321,2123,2122,0.0570680217852524,CP,0.99,724.0164016206161,91763416,0.7142378559463987,160,156,181,17465,STR
2124,0.0468152221511745,<HDF5 object reference>,1322,2125,2124,0.0365411067103323,CP,0.99,725.5436329811621,91821534,0.2747068676716918,160,156,181,43652,STR
2125,0.0131236095738858,<HDF5 object reference>,1323,2126,2125,0.1192559074843759,CP,0.99,725.7465993856488,91850294,0.6730318257956449,159,156,180,28760,STR
2127,0.0002504029763562,<HDF5 object reference>,1324,2128,2127,0.0078463079471046,CP,0.9,725.9619991074081,91873556,0.7005025125628139,159,155,180,19229,STR
2128,0.0063118695650895,<HDF5 object reference>,1325,2129,2128,0.242964798623773,CP,0.99,726.0094990460505,91946287,0.7417085427135678,159,155,180,72731,STR
2129,0.0006538425711824,<HDF5 object reference>,1327,2130,2129,0.0024753583740587,CP,0.99,726.126632228078,91980522,0.2747068676716918,159,154,180,34235,STR
2136,0.0058286561370054,<HDF5 object reference>,1332,2137,2136,0.0,CP,0.97,729.2019949221726,92013998,0.5906197654941373,158,152,179,5451,STR
2140,0.0281550413027653,<HDF5 object reference>,1331,2141,2140,0.1345678342168606,CP,0.99,729.56726111701,92093790,0.6592964824120603,158,153,179,34435,STR
2141,0.0305801566471617,<HDF5 object reference>,1335,2142,2141,0.0,CP,0.99,729.6820943020086,92103857,0.6730318257956448,158,151,178,10067,STR
2145,0.0026612366965781,<HDF5 object reference>,1340,2146,2145,0.0347673351395432,CP,0.99,730.3927267173889,92209184,0.3708542713567838,157,149,177,72506,STR
2148,0.0033127233993226,<HDF5 object reference>,1341,2149,2148,0.0322472095361998,CP,0.99,730.6308930764063,92253155,0.5768844221105527,157,149,177,13414,STR
2150,0.0013421557354568,<HDF5 object reference>,1343,2151,2150,0.0358811332801897,CP,0.99,731.2685589193738,92340415,0.7005025125628142,157,148,177,26976,STR
2152,0.0041264218754789,<HDF5 object reference>,1348,2153,2152,0.2377020720074139,CP,0.99,731.4482586872483,92420646,0.7142378559463987,156,146,176,20371,STR
2153,0.0429041289086324,<HDF5 object reference>,1349,2154,2153,0.0,CP,0.72,731.7223583331826,92421054,0.1922948073701842,156,146,175,408,STR
2154,0.0275439789580053,<HDF5 object reference>,1350,2155,2154,0.0058497511376338,CP,0.99,731.8432915103016,92603342,0.5494137353433837,156,145,175,182288,STR
2155,0.0587033156603168,<HDF5 object reference>,1351,2156,2155,0.3201946845585327,CP,0.99,731.8824247930849,92615754,0.3708542713567838,156,145,175,12412,STR
2157,0.0433585752412703,<HDF5 object reference>,1352,2158,2157,0.2357870088703285,CP,0.99,732.4738573624405,92638067,0.6867671691792293,156,145,175,22185,STR
2158,0.0006222364397807,<HDF5 object reference>,1355,2159,2158,0.0285647142833005,CP,0.99,732.5364239482873,92720559,0.7966499162479062,155,144,174,82492,STR
2159,0.0487871334745409,<HDF5 object reference>,1356,2160,2159,0.0865345280656005,CP,0.99,732.9005234779651,92761502,0.7829145728643216,155,143,174,40943,STR
2160,0.0900383719507237,<HDF5 object reference>,1359,2161,2160,0.0,CP,0.47,732.9256234455423,92761781,0.5906197654941373,155,142,174,279,STR
2166,0.0263629386379257,<HDF5 object reference>,1367,2167,2166,0.0133066495077524,CP,0.99,733.5086557052896,93322847,0.2060301507537688,154,139,172,25575,STR
2168,7.537449908969091e-05,<HDF5 object reference>,1366,2169,2168,0.0,CP,0.99,734.3592207238906,93553348,0.1510887772194304,154,139,172,142755,STR
2172,0.0350995812219189,<HDF5 object reference>,1376,2173,2172,0.0036654086678736,fa,0.99,735.0118194594071,93664281,0.6730318257956448,154,136,170,74435,Other
2179,0.0597563480155828,<HDF5 object reference>,1386,2180,2179,0.1009348596345671,fa,0.99,736.1661838893625,93764046,0.5631490787269682,153,132,168,7582,Other
2188,0.0203444389501596,<HDF5 object reference>,1400,2189,2188,0.0,scwm,0.97,738.39204624317,94045190,0.9477386934673366,151,127,166,29932,Other
2191,0.0005095330023024,<HDF5 object reference>,1403,2192,2191,0.0419890428211339,scwm,0.99,738.8277453989537,94281321,0.5494137353433837,151,126,165,116076,Other
2192,0.0041477996922156,<HDF5 object reference>,1403,2193,2192,0.0095829254456741,scwm,0.99,738.9345118587482,94411530,0.7279731993299832,151,126,165,130209,Other
2193,0.0058187477419885,<HDF5 object reference>,1404,2194,2193,0.0700155979948188,scwm,0.99,739.1924780255764,94459269,0.6180904522613065,150,125,165,47739,Other
2195,0.0551392094450175,<HDF5 object reference>,1406,2196,2195,0.1439821610422135,scwm,0.9,739.5303440375895,94505573,0.7417085427135678,150,124,164,18508,Other
2197,0.0069826837654409,<HDF5 object reference>,1407,2198,2197,0.1159790087233521,scwm,0.99,740.4525755839953,94558610,0.8103852596314908,150,124,164,52694,Other
2198,0.0002918006013008,<HDF5 object reference>,1407,2199,2198,0.0,scwm,0.34,740.5331087612865,94559497,0.7279731993299831,150,124,164,887,Other
2200,0.0999151272105919,<HDF5 object reference>,1408,2201,2200,0.09133976467642,MOs6b,0.99,741.0358411205192,94600454,1.0850921273031824,149,124,165,18692,Motor
2203,1.3429992319845563e-05,<HDF5 object reference>,1410,2204,2203,0.0,MOs6b,0.99,741.4530403121488,94733659,0.7829145728643216,149,123,164,19269,Motor
2206,0.0047474718737694,<HDF5 object reference>,1411,2207,2206,0.0579924466664121,MOs6a,0.99,741.8400395622941,94816426,0.7279731993299832,149,123,164,7073,Motor
2209,0.0028393319081202,<HDF5 object reference>,1412,2210,2209,0.0,MOs6a,0.99,742.0276391987986,94864102,0.7417085427135678,149,123,164,7282,Motor
2212,0.0165301047878169,<HDF5 object reference>,1414,2213,2212,0.2233126538644416,MOs6a,0.99,742.152705623135,94893021,0.5906197654941373,148,122,164,6243,Motor
2213,0.0011390035980504,<HDF5 object reference>,1415,2214,2213,0.0,MOs6a,0.98,742.1729722505328,94900224,0.6730318257956448,148,121,163,7203,Motor
2214,0.0011890691309603,<HDF5 object reference>,1416,2215,2214,0.0104439534012049,MOs6a,0.99,742.2640054074791,95049299,0.5494137353433836,148,121,163,149075,Motor
2222,0.0081866395727772,<HDF5 object reference>,1420,2223,2222,0.4507169334570506,MOs6a,0.98,745.155866470839,95477477,0.6455611390284757,148,120,162,3588,Motor
2223,0.0071124583397961,<HDF5 object reference>,1421,2224,2223,0.295883090095422,MOs6a,0.99,745.2144996905638,95486871,0.7279731993299832,148,119,162,9394,Motor
2225,0.0034164226599826,<HDF5 object reference>,1424,2226,2225,0.2049395275651652,MOs6a,0.99,745.5331990730479,95527181,0.7005025125628142,147,118,162,7525,Motor
2226,0.0034131792445701,<HDF5 object reference>,1425,2227,2226,0.0,MOs6a,0.57,745.6175655762449,95528223,0.4120603015075377,147,118,161,1042,Motor
2227,0.019220187517159,<HDF5 object reference>,1425,2228,2227,0.0,MOs6a,0.72,745.9319316337919,95528684,0.6455611390284757,147,118,161,461,Motor
2228,0.0005695619484409,<HDF5 object reference>,1426,2229,2228,0.014576521061956,MOs6a,0.98,745.9904981869793,95566010,0.5356783919597988,147,117,161,37326,Motor
2236,0.0431079920520875,<HDF5 object reference>,1430,2237,2236,0.0,MOs6a,0.72,746.7461300561906,95671787,0.6318257956448912,146,116,160,378,Motor
2239,0.0007731945454868,<HDF5 object reference>,1433,2240,2239,0.0,MOs6a,0.99,747.4833952943228,95688642,0.6592964824120603,146,115,160,9924,Motor
2240,0.0034151066817361,<HDF5 object reference>,1433,2241,2240,0.0587040545375651,MOs6a,0.98,747.9444610676226,95695672,0.6455611390284757,146,115,160,7030,Motor
2241,1.6742092386043883e-05,<HDF5 object reference>,1434,2242,2241,0.0,MOs6a,0.99,748.0439942080992,95711129,0.4532663316582916,146,114,160,15457,Motor
2245,0.0004335463110921,<HDF5 object reference>,1436,2246,2245,0.0291440304299361,MOs6a,0.99,748.1423273509009,95748279,0.5631490787269681,146,113,159,22310,Motor
2247,0.0044391252571549,<HDF5 object reference>,1437,2248,2247,0.09698606635135,MOs6a,0.99,749.2629585128851,96022762,0.5494137353433837,146,113,159,34156,Motor
2249,0.0327266942671156,<HDF5 object reference>,1438,2250,2249,0.0415160115735981,MOs6a,0.99,749.3781916229412,96071671,0.5494137353433837,145,113,159,45787,Motor
2251,0.0123565862460749,<HDF5 object reference>,1435,2252,2251,0.0,MOs6a,0.99,750.1378901509397,96081532,0.5906197654941373,146,114,159,4230,Motor
2252,0.0002285463942001,<HDF5 object reference>,1439,2253,2252,0.0010844892898045,MOs6a,0.99,750.2668232344506,96218376,0.6043551088777218,145,112,159,136844,Motor
2253,0.0028396516008205,<HDF5 object reference>,1440,2254,2253,0.0130134952530341,MOs6a,0.99,750.3043564950591,96251766,0.5082077051926298,145,112,158,33390,Motor
2255,0.0003038102358873,<HDF5 object reference>,1443,2256,2255,0.0027781605327965,MOs6a,0.99,750.6182558868436,96568527,0.4944723618090452,145,111,158,45701,Motor
2257,0.0049354613744059,<HDF5 object reference>,1443,2258,2257,0.0466603308357409,MOs6a,0.99,751.2597546438675,96668683,0.5219430485762143,145,111,158,31541,Motor
2259,0.0472186542351988,<HDF5 object reference>,1443,2260,2259,0.0065614009944491,MOs6a,0.99,751.7499870273202,96733337,0.5219430485762143,145,111,158,63083,Motor
2261,0.0001999369469641,<HDF5 object reference>,1444,2262,2261,0.0,MOs6a,0.99,751.9825532433637,97003409,0.4532663316582913,145,110,158,81129,Motor
2262,0.0002419185167645,<HDF5 object reference>,1451,2263,2262,0.0,MOs6a,0.99,752.4807856113156,97081684,0.5356783919597988,144,108,156,78275,Motor
2263,0.0055849736156677,<HDF5 object reference>,1445,2264,2263,0.0318780034697279,MOs6a,0.99,752.7034185132726,97156193,0.5631490787269682,145,110,158,74509,Motor
2267,0.0015897245250547,<HDF5 object reference>,1447,2268,2267,0.1484217796502454,MOs6a,0.99,753.0510511730284,97260413,0.5356783919597988,144,109,157,30631,Motor
2271,0.0245485317417571,<HDF5 object reference>,1448,2272,2271,0.0277488975072219,MOs6a,0.99,753.4484837362915,97605153,0.5082077051926299,144,109,157,97541,Motor
2272,0.0009872343375162,<HDF5 object reference>,1449,2273,2272,0.0034164644895938,MOs6a,0.99,753.5632168473164,97676533,0.5906197654941374,144,108,157,71380,Motor
2274,0.0174812595397749,<HDF5 object reference>,1449,2275,2274,0.3923948664240613,MOs6a,0.99,753.7071499017632,97693392,0.5768844221105526,144,108,157,10174,Motor
2275,0.0086541761237669,<HDF5 object reference>,1451,2276,2275,0.1157883643198296,MOs6a,0.99,753.7539164778144,97700471,0.7142378559463987,144,108,156,7079,Motor
2278,0.0004968413167281,<HDF5 object reference>,1453,2279,2278,0.012584213783519,MOs6a,0.99,754.5435482811471,97835323,0.5219430485762143,144,107,156,112605,Motor
2280,0.027481255243795,<HDF5 object reference>,1455,2281,2280,0.0856388043128592,MOs6a,0.99,754.8917809397403,97917711,0.5356783919597988,143,106,156,53345,Motor
2283,0.0075518242424335,<HDF5 object reference>,1455,2284,2283,0.1041453721366214,MOs6a,0.98,755.5226797173028,97959686,0.5906197654941373,143,106,156,5278,Motor
2284,0.0253892145913028,<HDF5 object reference>,1456,2285,2284,0.0254632702432852,MOs6a,0.99,755.6711127630305,98045080,0.4944723618090452,143,106,155,85394,Motor
2285,0.0031595665140127,<HDF5 object reference>,1457,2286,2285,0.4282843330621661,MOs6a,0.99,755.8821123541949,98049588,0.4944723618090452,143,105,155,4508,Motor
2288,0.0005853814040014,<HDF5 object reference>,1459,2289,2288,0.0395320439162629,MOs5,0.99,756.6546775239294,98080763,0.604355108877722,143,105,154,14838,Motor
2292,0.0030766079961299,<HDF5 object reference>,1461,2293,2292,0.1408575919701028,MOs5,0.99,757.9276083908157,98293533,0.535678391959799,143,105,154,16981,Motor
2294,0.0002198081301683,<HDF5 object reference>,1462,2295,2294,0.0,MOs5,0.99,758.5455738601046,98313733,0.6730318257956448,143,104,154,19375,Motor
2295,9.080019190063336e-05,<HDF5 object reference>,1462,2296,2295,0.0,MOs5,0.99,758.7026735557063,98383215,0.5768844221105527,143,104,154,69482,Motor
2296,0.0002042693659161,<HDF5 object reference>,1463,2297,2296,0.009633600989979,MOs5,0.99,759.4632720819609,98425723,0.6180904522613065,143,104,153,42508,Motor
2297,0.028585563308404,<HDF5 object reference>,1463,2298,2297,0.4940053531915982,MOs5,0.99,760.0861708750242,98443858,0.6592964824120603,143,104,153,18135,Motor
2298,0.0053517574800854,<HDF5 object reference>,1464,2299,2298,0.3450080313459866,MOs5,0.92,760.1363374444875,98447959,0.6318257956448912,143,103,153,4101,Motor
2299,0.0004697528306095,<HDF5 object reference>,1464,2300,2299,0.0,MOs5,0.99,760.3558703524511,98482294,0.6455611390284757,143,103,153,34335,Motor
2300,0.0009808816819619,<HDF5 object reference>,1464,2301,2300,0.0887036971954481,MOs5,0.99,761.6301012168185,98500379,0.6180904522613065,143,103,153,18085,Motor
2303,0.0066722079514061,<HDF5 object reference>,1466,2304,2303,0.0567990208778318,MOs5,0.99,762.1775334894401,98630876,0.7005025125628139,142,103,153,15981,Motor
2304,8.240431856167821e-06,<HDF5 object reference>,1467,2305,2304,0.0029417706489514,MOs5,0.99,762.3246665376865,98662280,0.6455611390284757,142,102,153,31404,Motor
2305,0.0037491601815117,<HDF5 object reference>,1467,2306,2305,0.0473341850174479,MOs5,0.99,762.5427327818252,98679786,0.604355108877722,142,102,153,17506,Motor
2306,0.0077527943714527,<HDF5 object reference>,1468,2307,2306,0.1581029784563457,MOs5,0.99,762.8389322079055,98704394,0.6592964824120603,142,102,152,24608,Motor
2307,0.0755442858131725,<HDF5 object reference>,1468,2308,2307,0.293080093469866,MOs5,0.95,762.8618321635342,98722192,0.6318257956448912,142,102,152,17798,Motor
2308,0.0191867966626427,<HDF5 object reference>,1466,2309,2308,0.1411659188373282,MOs5,0.99,762.9168987235032,98742466,0.6318257956448912,142,103,153,20274,Motor
2311,0.0006841297737953,<HDF5 object reference>,1471,2312,2311,0.0094917962930926,MOs5,0.99,764.0156299839824,98876538,0.5494137353433837,142,101,152,55286,Motor
2313,0.0030558813564288,<HDF5 object reference>,1471,2314,2313,0.0,MOs5,0.99,764.672363034539,98927773,0.5768844221105527,142,101,152,4335,Motor
2314,0.0004105020542874,<HDF5 object reference>,1472,2315,2314,0.0293271128890042,MOs5,0.99,764.7334296749116,98968782,0.5082077051926298,142,100,152,41009,Motor
2315,0.0630599523124883,<HDF5 object reference>,1472,2316,2315,0.0,MOs5,0.99,764.7598629968633,98974455,0.604355108877722,142,100,152,5673,Motor
2316,0.0049652179537975,<HDF5 object reference>,1472,2317,2316,0.1063062165786115,MOs5,0.99,764.8702296160081,99007495,0.535678391959799,142,100,152,33040,Motor
2317,0.0153705382594303,<HDF5 object reference>,1473,2318,2317,0.0706535099524361,MOs5,0.99,765.0406628759562,99013903,0.5631490787269681,142,100,151,6408,Motor
2318,0.0003381422272121,<HDF5 object reference>,1473,2319,2318,0.0026267136285129,MOs5,0.99,765.3265294195342,99133730,0.5631490787269682,142,100,151,119827,Motor
2320,0.000133684727793,<HDF5 object reference>,1474,2321,2320,0.0130823072368966,MOs5,0.99,766.1271290748113,99175365,0.5631490787269682,141,99,151,39400,Motor
2322,0.0065253681315459,<HDF5 object reference>,1475,2323,2322,0.0521158848588186,MOs5,0.99,766.4420289392214,99239657,0.5082077051926298,141,99,151,59689,Motor
2323,0.0002992503576218,<HDF5 object reference>,1475,2324,2323,0.0,MOs5,0.99,766.4677289281555,99281510,0.5631490787269682,141,99,151,41853,Motor
2325,0.0011265441209172,<HDF5 object reference>,1476,2326,2325,0.0052185688299778,MOs5,0.99,766.7150288216728,99366969,0.5082077051926298,141,99,151,85013,Motor
2327,0.0251667554589598,<HDF5 object reference>,1474,2328,2327,0.1646806701983071,MOs5,0.79,766.9082287384847,99420898,1.1400335008375209,141,99,151,16256,Motor
2330,0.0680246619082314,<HDF5 object reference>,1479,2331,2330,0.1628424983530955,MOs5,0.99,767.367328540805,99493529,0.7005025125628142,141,98,150,23501,Motor
2331,0.0156303826902755,<HDF5 object reference>,1480,2332,2331,0.0806070008076855,MOs5,0.99,767.5070284806529,99511527,0.6180904522613065,141,97,150,17998,Motor
2338,0.0007772244150033,<HDF5 object reference>,1483,2339,2338,0.006876790118522,MOs5,0.99,770.752993749669,99837892,0.5768844221105527,140,96,150,35576,Motor
2339,7.131726979922912e-05,<HDF5 object reference>,1484,2340,2339,0.0041669527390133,MOs5,0.99,770.8919270231803,99875208,0.7142378559463987,140,96,149,37316,Motor
2340,0.0010485556977244,<HDF5 object reference>,1484,2341,2340,0.0178165429219715,MOs5,0.99,771.0690936135625,99903742,0.7005025125628142,140,96,149,28534,Motor
2343,0.0008750478405353,<HDF5 object reference>,1485,2344,2343,0.0,MOs5,0.99,771.2163268835,100099329,0.5768844221105527,140,95,149,63689,Motor
2345,0.0128356832582302,<HDF5 object reference>,1485,2346,2345,0.0413923714399332,MOs5,0.99,771.8776932653949,100320807,0.7829145728643216,140,95,149,25116,Motor
2346,0.0033377461892768,<HDF5 object reference>,1485,2347,2346,0.0106825088024454,MOs5,0.99,771.9227265793377,100344113,0.6455611390284757,140,95,149,23306,Motor
2348,0.0865757231141789,<HDF5 object reference>,1486,2349,2348,0.0145832247248236,MOs5,0.99,772.2646264321222,100374310,0.6867671691792295,140,95,149,19947,Motor
2350,0.0481294425539485,<HDF5 object reference>,1486,2351,2350,0.2831741199189982,MOs5,0.99,772.5578263058759,100396061,0.6730318257956449,140,95,149,5544,Motor
2351,7.995505221871085e-06,<HDF5 object reference>,1487,2352,2351,0.0,MOs5,0.99,772.9587927998941,100428427,0.7279731993299832,140,94,149,32366,Motor
2353,0.0001818056704045,<HDF5 object reference>,1488,2354,2353,0.0017934720603658,MOs5,0.99,773.451459254428,100484350,0.6592964824120603,140,94,149,40220,Motor
2354,0.0655903139108903,<HDF5 object reference>,1488,2355,2354,0.1803322593667434,MOs5,0.99,774.0585256597035,100488361,0.7829145728643216,140,94,149,4011,Motor
2355,0.0006201064316088,<HDF5 object reference>,1488,2356,2355,0.0184357754613335,MOs5,0.99,774.1060589725698,100519089,0.7417085427135678,140,94,149,30728,Motor
2357,0.0046531355228165,<HDF5 object reference>,1488,2358,2357,0.0882772469677583,MOs5,0.99,774.741325365703,100573966,0.5906197654941373,140,94,149,30335,Motor
2359,0.0001436067367981,<HDF5 object reference>,1490,2360,2359,0.0,MOs5,0.99,775.3260917805803,100782533,0.7554438860971523,139,93,148,61317,Motor
2362,0.0024116330279729,<HDF5 object reference>,1491,2363,2362,0.0055058471894843,MOs5,0.99,776.2182913964162,100810267,0.7829145728643216,139,93,148,22955,Motor
2363,0.0016533126893282,<HDF5 object reference>,1491,2364,2363,0.017271545504562,MOs5,0.99,776.5529245856629,100828596,0.6867671691792295,139,93,148,18329,Motor
2364,0.0015446236125788,<HDF5 object reference>,1491,2365,2364,0.0112038548737798,MOs5,0.99,776.626757887205,100871171,0.7417085427135678,139,93,148,42575,Motor
2365,0.0002081467910679,<HDF5 object reference>,1491,2366,2365,0.0113052614523546,MOs5,0.99,776.9340244215687,100893826,0.5219430485762143,139,93,148,22655,Motor
2368,3.656153179020769e-05,<HDF5 object reference>,1493,2369,2368,0.0,MOs5,0.99,777.574024145997,100924191,0.6180904522613065,139,92,148,7078,Motor
2370,0.0003934708820611,<HDF5 object reference>,1494,2371,2370,0.0022631620447827,MOs5,0.99,778.2597238507478,100965472,0.6867671691792294,139,92,147,35804,Motor
2371,0.0005539515261486,<HDF5 object reference>,1493,2372,2371,0.0,MOs5,0.99,778.4704570933434,100987850,0.7005025125628139,139,92,148,22378,Motor
2372,0.0366216133852051,<HDF5 object reference>,1494,2373,2372,0.0,MOs5,0.97,778.5340903992775,100989749,0.6592964824120603,139,92,147,1899,Motor
2375,0.0381066459093394,<HDF5 object reference>,1496,2376,2375,0.1597700655105324,MOs5,0.99,778.8612569250724,101123815,0.5906197654941373,139,91,147,31314,Motor
2376,0.0030852141555671,<HDF5 object reference>,1497,2377,2376,0.0343929032512706,MOs5,0.99,779.1289234764871,101139723,0.6318257956448912,139,91,147,15908,Motor
2381,0.0042833561802649,<HDF5 object reference>,1501,2382,2381,0.2142694161416309,MOs5,0.99,779.4225900167065,102215150,0.6730318257956448,138,89,146,8228,Motor
2382,9.417122343925792e-05,<HDF5 object reference>,1502,2383,2382,0.3841893229342858,MOs2/3,0.99,779.4434900077074,102217898,0.6730318257956448,138,89,146,2748,Motor
2384,0.0037423777244154,<HDF5 object reference>,1502,2385,2384,0.0,MOs2/3,0.99,780.8267227454471,102230817,0.6867671691792295,138,89,146,6300,Motor
2388,0.0012524973056096,<HDF5 object reference>,1504,2389,2388,0.0,MOs2/3,0.99,782.113322191462,102263142,0.6318257956448912,138,88,146,8760,Motor
2399,0.0032294840675652,<HDF5 object reference>,1506,2400,2399,0.1343531429050048,MOs2/3,0.99,784.1599546435546,103189900,0.7005025125628142,137,87,145,21796,Motor
2404,0.0022130829803411,<HDF5 object reference>,1508,2405,2404,0.0408369958065641,MOs2/3,0.99,784.6280877753187,103274668,0.7142378559463987,137,87,145,14599,Motor
2406,0.0006191954029831,<HDF5 object reference>,1509,2407,2406,0.141977094984748,MOs2/3,0.99,785.3606207932373,103290488,0.6592964824120603,137,86,145,10108,Motor
2415,0.078838129139554,<HDF5 object reference>,1512,2416,2415,0.1369619519383628,MOs2/3,0.99,786.7306868699796,103578590,0.6867671691792293,137,85,144,23468,Motor
2418,0.0014140480550236,<HDF5 object reference>,1513,2419,2418,0.0,MOs2/3,0.99,786.8623201466343,103612476,0.6730318257956448,137,85,144,18318,Motor
2419,0.0128207694367784,<HDF5 object reference>,1521,2420,2419,0.0,MOs2/3,0.96,786.9615867705586,103613980,0.7691792294807369,136,82,142,1504,Motor
2420,0.0201904074497962,<HDF5 object reference>,1514,2421,2420,0.2859469320230212,MOs2/3,0.99,787.0586200621112,103632278,0.7142378559463987,136,84,144,18298,Motor
2422,0.0587285277502709,<HDF5 object reference>,1514,2423,2422,0.0,MOs2/3,0.96,787.5973198301574,103634190,0.6180904522613065,136,84,144,1172,Motor
2433,5.450347978329192e-05,<HDF5 object reference>,1519,2434,2433,0.3860811356870989,MOs2/3,0.99,789.3672190680727,103738969,0.7142378559463987,136,82,143,4748,Motor
2436,0.0116057036980831,<HDF5 object reference>,1520,2437,2436,0.0722186111852865,MOs2/3,0.99,790.1866853818927,103781476,0.6730318257956448,136,82,143,26133,Motor
2443,0.015086772320264,<HDF5 object reference>,1521,2444,2443,0.0,MOs2/3,0.99,791.116284981625,104091259,0.6730318257956448,136,82,142,2402,Motor
2447,0.0290133168605703,<HDF5 object reference>,1523,2448,2447,0.0,MOs2/3,0.96,791.5930847763241,104108509,0.7279731993299833,135,81,142,1067,Motor
2449,0.0012594887705659,<HDF5 object reference>,1523,2450,2449,0.0,MOs2/3,0.98,791.9301512978564,104137922,0.7554438860971525,135,81,142,11143,Motor
2451,0.0100280097454059,<HDF5 object reference>,1524,2452,2451,0.1002646429656503,MOs2/3,0.99,792.2422511634721,104182532,0.6730318257956449,135,80,142,27951,Motor
2452,0.0132020732675556,<HDF5 object reference>,1524,2453,2452,0.0,MOs2/3,0.98,792.4262177509263,104184314,0.7005025125628142,135,80,142,1782,Motor
2455,0.0045858622199475,<HDF5 object reference>,1525,2456,2455,0.0957395781999473,MOs2/3,0.99,793.1496507727632,104217699,0.6867671691792294,135,80,142,7785,Motor
2459,0.0142888072933539,<HDF5 object reference>,1525,2460,2459,0.3640466103100464,MOs2/3,0.99,793.8784837922749,104233021,0.7417085427135679,135,80,142,5646,Motor
2466,0.0061065205856148,<HDF5 object reference>,1527,2467,2466,0.32292468006051,MOs2/3,0.99,794.7866167345836,104362892,0.7417085427135678,135,79,141,7342,Motor
2467,0.0167249151801639,<HDF5 object reference>,1531,2468,2467,0.0,MOs2/3,0.95,794.8173167213647,104364193,0.6730318257956449,134,78,140,1301,Motor
2468,0.0002993660291664,<HDF5 object reference>,1187,2469,2468,0.0211864679483504,ACB,0.99,794.9333500047363,104387597,0.6867671691792293,177,207,206,23404,STR
2472,0.0777838124599115,<HDF5 object reference>,1200,2473,2472,0.0579082697301809,ACB,0.99,795.2355495611527,104425777,0.6867671691792295,175,202,204,30030,STR
2477,0.0047184997887356,<HDF5 object reference>,1239,2478,2477,0.0,VL,0.99,795.6523822663053,104476283,0.7279731993299832,170,187,196,6637,Other
2478,0.0005990336157664,<HDF5 object reference>,1240,2479,2478,0.0,LSv,0.62,795.9101152112265,104476715,0.6592964824120604,169,187,196,432,STR
2480,0.0105770338230284,<HDF5 object reference>,1248,2481,2480,0.0439100443391404,VL,0.99,796.1638148288928,104508891,0.6867671691792295,169,184,194,26959,Other
2481,0.0006449926031905,<HDF5 object reference>,1247,2482,2481,0.0,VL,0.71,796.2550146914516,104514765,0.6867671691792293,169,184,194,5874,Other
2482,0.0020308038662233,<HDF5 object reference>,1249,2483,2482,0.1577532890886377,CP,0.99,796.4971143265994,104537859,0.6867671691792293,169,184,195,23094,STR
2483,0.0019904568959583,<HDF5 object reference>,1250,2484,2483,0.0,CP,0.99,796.811213853241,104543792,0.6730318257956448,168,183,194,5933,STR
2484,0.007492015397104,<HDF5 object reference>,1251,2485,2484,0.0,CP,0.94,796.9611469606202,104552485,0.6867671691792295,168,183,194,8693,STR
2488,0.0117706569318636,<HDF5 object reference>,1262,2489,2488,0.1523383558638439,CP,0.99,798.1911117736892,104623901,0.6592964824120604,167,179,192,4364,STR
2489,0.0006220733702189,<HDF5 object reference>,1262,2490,2489,0.0,CP,0.44,798.2155117369176,104624317,0.6455611390284756,167,179,192,416,STR
2491,0.0001379437750592,<HDF5 object reference>,1265,2492,2491,0.0,CP,0.84,798.3225115756653,104628769,0.7142378559463987,167,178,192,1876,STR
2492,0.0182983455491113,<HDF5 object reference>,1266,2493,2492,0.1055505818138049,CP,0.99,798.380011489011,104647672,0.7279731993299832,166,177,191,18903,STR
2493,0.0066579197104246,<HDF5 object reference>,1267,2494,2493,0.0,CP,0.88,798.408944778741,104650144,0.6455611390284757,166,177,191,2472,STR
2494,0.0062838246679459,<HDF5 object reference>,1267,2495,2494,0.1673114391816356,CP,0.97,798.5179779477577,104656033,0.6180904522613065,166,177,191,5889,STR
2495,0.0101648149373118,<HDF5 object reference>,1272,2496,2495,0.1818458011795109,CP,0.99,798.7417776104842,104668664,0.6730318257956448,166,175,190,12631,STR
2496,0.0327374859011716,<HDF5 object reference>,1275,2497,2496,0.0,CP,0.97,798.9556772881302,104671479,0.5906197654941374,165,174,190,2815,STR
2497,0.013967020129106,<HDF5 object reference>,1274,2498,2497,0.0,CP,0.99,799.0500104793003,104676918,0.6318257956448909,165,174,190,5439,STR
2499,0.008490198381849,<HDF5 object reference>,1294,2500,2499,0.4398626272486657,CP,0.99,799.2258435476474,104683748,0.6730318257956448,163,167,186,3632,STR
2501,0.0057868199772995,<HDF5 object reference>,1297,2502,2501,0.0,CP,0.87,800.8236744729967,104685982,0.6730318257956449,163,166,185,1448,STR
2504,0.031439940635393,<HDF5 object reference>,1304,2505,2504,0.177570933285617,CP,0.99,801.8364729466758,104706370,0.6592964824120603,162,163,184,9901,STR
2507,0.0109318421144202,<HDF5 object reference>,1312,2508,2507,0.3069505753770167,CP,0.99,802.2547723162849,104730950,0.7829145728643216,161,160,183,16268,STR
2509,0.0261435264137263,<HDF5 object reference>,1316,2510,2509,0.0960967800060576,CP,0.99,802.6530050494682,104759832,0.7417085427135678,160,158,182,28017,STR
2510,0.0023658915718378,<HDF5 object reference>,1319,2511,2510,0.315581453891801,CP,0.99,802.7765715299162,104767854,0.6455611390284757,160,157,181,8022,STR
2511,0.0008036724286058,<HDF5 object reference>,1319,2512,2511,0.0,CP,0.53,803.0269711525557,104768176,0.7142378559463987,160,157,181,322,STR
2512,0.009780417437558,<HDF5 object reference>,1320,2513,2512,0.0788913473412048,CP,0.99,803.3557706570439,104781737,0.6867671691792295,160,157,181,13561,STR
2515,0.0001304347389168,<HDF5 object reference>,1327,2516,2515,0.0,CP,0.92,804.595902121458,104789657,0.6730318257956448,159,154,180,1984,STR
2518,5.587445147599908e-06,<HDF5 object reference>,1332,2519,2518,0.0351648491823346,CP,0.99,805.0654014139071,104839008,0.6867671691792293,158,152,179,46315,STR
2521,0.0318018310467832,<HDF5 object reference>,1336,2522,2521,0.0,CP,0.62,805.882100183115,104844326,0.6867671691792293,158,151,178,341,STR
2523,0.0071788587112466,<HDF5 object reference>,1340,2524,2523,0.1518138162796351,CP,0.99,806.2578329502066,104860993,0.6318257956448912,157,149,177,13824,STR
2524,0.0681721278194481,<HDF5 object reference>,1350,2525,2524,0.0,CP,0.99,806.3209328551129,104869253,0.5906197654941373,156,145,175,8260,STR
2525,0.0805352296957905,<HDF5 object reference>,1352,2526,2525,0.0122251822617544,CP,0.99,806.4842326090148,104884658,0.6180904522613065,156,145,175,15405,STR
2526,0.0022983870266977,<HDF5 object reference>,1352,2527,2526,0.0,CP,0.99,806.5408325237169,104891530,0.6455611390284756,156,145,175,6872,STR
2528,0.0002557139545564,<HDF5 object reference>,1359,2529,2528,0.0,CP,0.88,806.9022986456421,104892700,0.6180904522613064,155,142,174,1012,STR
2537,0.0177767876910751,<HDF5 object reference>,1407,2538,2537,0.4322129883010716,scwm,0.66,808.520562873531,104938352,0.7829145728643216,150,124,164,18320,Other
2538,0.0011383574365504,<HDF5 object reference>,1409,2539,2538,0.0830424384217262,MOs6b,0.66,808.6571626676706,104955070,0.7279731993299833,149,124,164,16718,Motor
2539,0.0372189621170006,<HDF5 object reference>,1409,2540,2539,0.0,MOs6b,0.62,808.699062604526,104955864,0.7966499162479059,149,124,164,794,Motor
2540,0.0019122350849782,<HDF5 object reference>,1411,2541,2540,0.0152468787042859,MOs6a,0.99,808.7120959182178,105009289,0.8653266331658291,149,123,164,53425,Motor
2541,0.0001102075230752,<HDF5 object reference>,1419,2542,2541,0.3397684266325344,MOs6a,0.99,808.7781624853199,105017554,0.7554438860971525,148,120,163,8265,Motor
2542,0.0006084317704892,<HDF5 object reference>,1419,2543,2542,0.0,MOs6a,0.62,808.7874958045876,105017980,0.6867671691792294,148,120,163,426,Motor
2543,0.0008163486498772,<HDF5 object reference>,1419,2544,2543,0.0,MOs6a,0.6,808.8404290581487,105018297,0.7554438860971523,148,120,163,317,Motor
2544,0.0127320353542608,<HDF5 object reference>,1422,2545,2544,0.0,MOs6a,0.68,808.9440622353035,105018587,0.7417085427135678,147,119,162,290,Motor
2545,0.0371012359290811,<HDF5 object reference>,1421,2546,2545,0.1580003695068731,MOs6a,0.99,808.9629288735375,105026009,0.7142378559463987,148,119,162,7422,Motor
2546,0.041293042088666,<HDF5 object reference>,1425,2547,2546,0.0,MOs6a,0.93,809.2227951485771,105027450,0.535678391959799,147,118,161,1441,Motor
2547,0.0861355179485122,<HDF5 object reference>,1427,2548,2547,0.3187338051885137,MOs6a,0.67,809.314028344419,105030467,0.6318257956448912,147,117,161,3017,Motor
2548,0.0081688367863343,<HDF5 object reference>,1424,2549,2548,0.0,MOs6a,0.78,809.5412280020215,105030890,0.6455611390284757,147,118,162,423,Motor
2549,0.039853449977195,<HDF5 object reference>,1428,2550,2549,0.0,MOs6a,0.69,809.5897945954968,105031265,0.6730318257956449,147,116,161,375,Motor
2550,0.0339703901075344,<HDF5 object reference>,1429,2551,2550,0.0,MOs6a,0.76,811.1164922947128,105031512,0.6180904522613064,147,116,161,247,Motor
2551,0.0209520530929152,<HDF5 object reference>,1429,2552,2551,0.0,MOs6a,0.92,811.5286250069485,105033112,0.6043551088777218,147,116,161,1600,Motor
2552,0.0079223034963549,<HDF5 object reference>,1430,2553,2552,0.0,MOs6a,0.97,812.1943240037181,105035093,0.7279731993299833,146,116,160,1981,Motor
2553,0.0391465398180072,<HDF5 object reference>,1430,2554,2553,0.0,MOs6a,0.68,812.3083238319165,105035376,0.5631490787269683,146,116,160,283,Motor
2555,0.0021102488311486,<HDF5 object reference>,1437,2556,2555,0.0457643350803153,MOs6a,0.99,812.6694566210108,105056390,0.535678391959799,146,113,159,19503,Motor
2556,0.0517504031193671,<HDF5 object reference>,1439,2557,2556,0.0,MOs6a,0.72,812.7809231196937,105056702,0.5906197654941373,145,112,159,312,Motor
2559,0.0839651474324221,<HDF5 object reference>,1444,2560,2559,0.0,MOs6a,0.99,813.5554886190646,105071349,0.5219430485762143,145,110,158,1312,Motor
2560,0.0023248776732419,<HDF5 object reference>,1452,2561,2560,0.3095658447385436,MOs6a,0.99,813.8012215820702,105085708,0.4944723618090452,144,107,156,14359,Motor
2561,0.0055395313427412,<HDF5 object reference>,1458,2562,2561,0.0,MOs6a,0.96,813.8289215403254,105087996,0.5219430485762144,143,105,155,2288,Motor
2564,0.0274011695277191,<HDF5 object reference>,1466,2565,2564,0.2961519186648101,MOs5,0.99,814.2935875067251,105120889,0.5906197654941373,142,103,153,25999,Motor
2565,0.0038502829104388,<HDF5 object reference>,1467,2566,2565,0.0980256707319725,MOs5,0.99,814.7789867752124,105154425,0.5768844221105527,142,102,153,33536,Motor
2566,0.0701070243688345,<HDF5 object reference>,1466,2567,2566,0.3630913308963212,MOs5,0.99,814.7929534208308,105161349,0.6455611390284757,142,103,153,6924,Motor
2567,0.0088537589367872,<HDF5 object reference>,1472,2568,2567,0.0186985090810245,MOs5,0.99,814.9643198292426,105251172,0.5906197654941373,142,100,152,89823,Motor
2568,0.0249903744654196,<HDF5 object reference>,1477,2569,2568,0.0287411404370426,MOs5,0.99,814.9986531108345,105385592,0.6455611390284757,141,98,151,134420,Motor
2569,0.073076516596865,<HDF5 object reference>,1475,2570,2569,0.2417246464758881,MOs5,0.99,815.0810196533721,105400693,0.6455611390284757,141,99,151,15101,Motor
2571,0.0121631443705765,<HDF5 object reference>,1489,2572,2571,0.0992016566791268,MOs5,0.99,815.3761192086473,105427836,0.6180904522613065,140,94,148,14308,Motor
2572,0.0675577604754506,<HDF5 object reference>,1488,2573,2572,0.0941704257605705,MOs5,0.99,815.5171856627221,105450038,0.6730318257956448,140,94,149,22202,Motor
2573,0.0049417826345622,<HDF5 object reference>,1490,2574,2573,0.0124520837560797,MOs5,0.99,815.5584522671987,105465302,0.7142378559463987,139,93,148,15264,Motor
2576,0.0029407104773989,<HDF5 object reference>,1493,2577,2576,0.0,MOs5,0.5,816.3879843503997,105466941,0.7417085427135679,139,92,148,88,Motor
2577,0.0014321677646142,<HDF5 object reference>,1494,2578,2577,0.0,MOs5,0.99,816.8017837267904,105481049,0.6180904522613065,139,92,147,14108,Motor
2580,0.0012034251231304,<HDF5 object reference>,1503,2581,2580,0.0701906373706832,MOs2/3,0.99,817.6031825190558,105549546,0.6592964824120603,138,89,146,47244,Motor
2584,0.0014799607233346,<HDF5 object reference>,1512,2585,2584,0.4054855687257642,MOs2/3,0.99,819.0314136999975,105561768,0.7142378559463987,137,85,144,4633,Motor
2587,8.874572085429535e-05,<HDF5 object reference>,1516,2588,2587,0.341195825229841,MOs2/3,0.98,819.4272464367978,105576694,0.6867671691792294,136,84,143,2916,Motor
2588,5.959984385331361e-05,<HDF5 object reference>,1517,2589,2588,0.1538859995115649,MOs2/3,0.99,819.5513795830584,105581036,0.7142378559463987,136,83,143,4342,Motor
2597,0.0631712750189778,<HDF5 object reference>,1525,2598,2597,0.0,MOs2/3,0.91,823.1958740906845,105607649,0.5082077051926298,135,80,142,368,Motor
2599,0.0001639939936698,<HDF5 object reference>,1527,2600,2599,0.0,MOs2/3,0.96,824.2528724977528,105609690,0.7417085427135678,135,79,141,1578,Motor
2601,0.0058707749663203,<HDF5 object reference>,1211,2602,2601,0.0,LSv,0.58,824.9964380438416,105613204,0.6455611390284757,173,198,201,1607,STR
2602,0.0442123429780369,<HDF5 object reference>,1212,2603,2602,0.0,ACB,0.85,825.7811368612746,105613591,0.6455611390284757,173,198,201,387,STR
2603,0.0002198662039176,<HDF5 object reference>,1267,2604,2603,0.0,CP,0.87,825.9575699439922,105614768,0.6592964824120602,166,177,191,1177,STR
2604,0.0018096679860913,<HDF5 object reference>,1292,2605,2604,0.0,CP,0.28,825.9866032429474,105614911,0.6867671691792294,163,167,186,143,STR
2606,0.0002717599455611,<HDF5 object reference>,1328,2607,2606,0.0,CP,0.69,826.2636695815405,105621203,0.6592964824120603,159,154,179,953,STR
2608,0.0214616416077043,<HDF5 object reference>,1335,2609,2608,0.1230710944052065,CP,0.99,826.394902759481,105646048,0.6730318257956448,158,151,178,24757,STR
2609,0.004442231870052,<HDF5 object reference>,1335,2610,2609,0.4668035938084401,CP,0.98,826.4183360650671,105648541,0.7279731993299832,158,151,178,2493,STR
2610,0.0028753613556786,<HDF5 object reference>,1363,2611,2610,0.0,CP,0.45,826.6029025131892,105648631,0.2472361809045225,154,141,173,90,STR
2612,0.0008484672852822,<HDF5 object reference>,1419,2613,2612,0.0,MOs6a,0.42,826.7766023075118,105649033,0.7279731993299832,148,120,163,305,Motor
2613,0.0127875399390488,<HDF5 object reference>,1424,2614,2613,0.0,MOs6a,0.84,826.865902201772,105650128,0.6043551088777218,147,118,162,1095,Motor
2616,0.0166697456631629,<HDF5 object reference>,1429,2617,2616,0.1134918348396516,MOs6a,0.99,827.8590010258466,105655580,0.7279731993299832,147,116,161,5056,Motor
2619,0.0335070266661118,<HDF5 object reference>,1431,2620,2619,0.0,MOs6a,0.91,828.3466337817755,105659519,0.5906197654941373,146,115,160,774,Motor
2620,0.0030383267269629,<HDF5 object reference>,1435,2621,2620,0.0,MOs6a,0.99,828.3667337579751,105675144,0.5906197654941374,146,114,159,15625,Motor
2624,0.0013067711824236,<HDF5 object reference>,1464,2625,2624,0.0,MOs5,0.88,829.3838658869253,105679658,0.604355108877722,143,103,153,3394,Motor
2628,0.0274163142555377,<HDF5 object reference>,1424,2629,2628,0.0,MOs6a,0.76,830.4057980101918,105689404,0.6180904522613065,147,118,162,450,Motor
2630,0.0003281590210345,<HDF5 object reference>,1213,2631,2630,0.0021186609234388,ACB,0.99,830.9255973946989,105780185,0.7417085427135678,173,197,201,90643,STR
2631,0.0206272697582711,<HDF5 object reference>,1294,2632,2631,0.0,CP,0.91,830.9868306555261,105780926,0.6730318257956448,163,167,186,741,STR
2632,0.0025220646241646,<HDF5 object reference>,1295,2633,2632,0.3113885155279404,CP,0.99,831.2964302889301,105794231,0.6455611390284757,163,166,186,13305,STR
2635,0.0007314202836574,<HDF5 object reference>,1332,2636,2635,0.0311108440180361,CP,0.99,831.836996315514,105860426,0.3296482412060302,158,152,179,64056,STR
2636,0.0018767602958299,<HDF5 object reference>,1348,2637,2636,0.149095357935662,CP,0.99,831.9653961634763,105898882,0.7142378559463987,156,146,176,38456,STR
2639,0.0003039407509017,<HDF5 object reference>,1433,2640,2639,0.0,MOs6a,0.99,832.4673289024724,105956636,0.7279731993299831,146,115,160,11299,Motor
2640,0.0321774958483344,<HDF5 object reference>,1432,2641,2640,0.0,MOs6a,0.58,832.5060955232357,105957120,0.5631490787269682,146,115,160,484,Motor
2641,0.0001423874852239,<HDF5 object reference>,1435,2642,2641,0.2492379142652357,MOs6a,0.99,832.9830616251282,105966770,0.604355108877722,146,114,159,9650,Motor
2644,0.0101534545901429,<HDF5 object reference>,1457,2645,2644,0.0,MOs6a,0.99,833.112528138494,105997284,0.5906197654941374,143,105,155,10398,Motor
2645,0.0083317673185898,<HDF5 object reference>,1521,2646,2645,0.1522375131858829,MOs2/3,0.99,833.4033944607467,106013619,0.6455611390284757,136,82,142,16335,Motor
2646,0.0346279273752761,<HDF5 object reference>,1192,2647,2646,0.0653409285756992,ACB,0.99,833.4477610748789,106055232,0.7554438860971525,176,205,205,41613,STR
2648,0.0383848797121533,<HDF5 object reference>,1493,2649,2648,0.0310870518991727,MOs5,0.99,835.1726923657262,106074945,0.6180904522613065,139,92,148,19321,Motor
2649,0.0007911192087211,<HDF5 object reference>,1525,2650,2649,0.0,MOs2/3,0.99,835.3926254386374,106086114,0.5494137353433837,135,80,142,11169,Motor
2651,0.0329753341001567,<HDF5 object reference>,1420,2652,2651,0.0,MOs6a,0.88,835.9194581481497,106086865,0.4532663316582913,148,120,162,518,Motor
2652,0.0001426585016599,<HDF5 object reference>,1431,2653,2652,0.0,MOs6a,0.98,836.0407580045189,106088679,0.6180904522613065,146,115,160,1814,Motor
2653,0.0237767549034665,<HDF5 object reference>,1432,2654,2653,0.0,MOs6a,0.83,836.2222577896056,106089325,0.6318257956448912,146,115,160,646,Motor
