,unit_id,brain_area,location,total_spikes,firing_rate,rest_duration,bin
0,0,Thalamus,MD,113,2.3070363178557,48.98059000000012,baseline_0-5
1,1,Thalamus,MD,456,9.309810273824771,48.98059000000012,baseline_0-5
2,2,Thalamus,MD,773,15.781761714181028,48.98059000000012,baseline_0-5
3,3,Thalamus,MD,484,9.881465290638573,48.98059000000012,baseline_0-5
4,4,Thalamus,MD,62,1.265807537230561,48.98059000000012,baseline_0-5
5,5,Thalamus,IAD,740,15.108025444364761,48.98059000000012,baseline_0-5
6,6,Thalamus,IAD,410,8.370662746202097,48.98059000000012,baseline_0-5
7,7,Thalamus,MD,100,2.041625060049292,48.98059000000012,baseline_0-5
8,8,Thalamus,MD,400,8.166500240197168,48.98059000000012,baseline_0-5
9,11,Thalamus,MD,206,4.205747623701542,48.98059000000012,baseline_0-5
10,13,Thalamus,MD,938,19.150443063262358,48.98059000000012,baseline_0-5
11,14,Thalamus,MD,20,0.40832501200985843,48.98059000000012,baseline_0-5
12,16,Thalamus,MD,444,9.064815266618856,48.98059000000012,baseline_0-5
13,17,Thalamus,MD,14,0.2858275084069009,48.98059000000012,baseline_0-5
14,18,Thalamus,MD,151,3.082853840674431,48.98059000000012,baseline_0-5
15,19,Thalamus,MD,857,17.496726764622434,48.98059000000012,baseline_0-5
16,21,Thalamus,MD,560,11.433100336276036,48.98059000000012,baseline_0-5
17,22,Thalamus,MD,88,1.796630052843377,48.98059000000012,baseline_0-5
18,23,Thalamus,MD,518,10.575617811055332,48.98059000000012,baseline_0-5
19,25,Thalamus,MD,901,18.39504179104412,48.98059000000012,baseline_0-5
20,26,Thalamus,MD,332,6.778195199363649,48.98059000000012,baseline_0-5
21,28,Thalamus,MD,981,20.028341839083556,48.98059000000012,baseline_0-5
22,29,Thalamus,MD,398,8.125667738996182,48.98059000000012,baseline_0-5
23,31,Thalamus,MD,431,8.799404008812449,48.98059000000012,baseline_0-5
24,33,Thalamus,MD,319,6.512783941557242,48.98059000000012,baseline_0-5
25,35,Thalamus,MD,375,7.656093975184845,48.98059000000012,baseline_0-5
26,37,Thalamus,MD,130,2.6541125780640797,48.98059000000012,baseline_0-5
27,39,Thalamus,MD,200,4.083250120098584,48.98059000000012,baseline_0-5
28,40,Thalamus,MD,184,3.7565901104906976,48.98059000000012,baseline_0-5
29,43,Thalamus,MD,495,10.106044047243996,48.98059000000012,baseline_0-5
30,44,Thalamus,MD,323,6.594448943959214,48.98059000000012,baseline_0-5
31,46,Thalamus,MD,660,13.474725396325328,48.98059000000012,baseline_0-5
32,47,Thalamus,MD,463,9.452724028028221,48.98059000000012,baseline_0-5
33,48,Thalamus,MD,831,16.96590424900962,48.98059000000012,baseline_0-5
34,49,Thalamus,MD,396,8.084835237795197,48.98059000000012,baseline_0-5
35,50,Thalamus,MD,129,2.633696327463587,48.98059000000012,baseline_0-5
36,53,Thalamus,MD,946,19.313773068066304,48.98059000000012,baseline_0-5
37,54,Thalamus,MD,396,8.084835237795197,48.98059000000012,baseline_0-5
38,57,Thalamus,MD,320,6.533200192157735,48.98059000000012,baseline_0-5
39,58,Thalamus,MD,1018,20.783743111301792,48.98059000000012,baseline_0-5
40,60,Thalamus,MD,187,3.817838862292176,48.98059000000012,baseline_0-5
41,63,Thalamus,MD,58,1.1841425348285894,48.98059000000012,baseline_0-5
42,65,Thalamus,MD,1306,26.663623284243755,48.98059000000012,baseline_0-5
43,66,Thalamus,MD,520,10.616450312256319,48.98059000000012,baseline_0-5
44,67,Thalamus,MD,243,4.96114889591978,48.98059000000012,baseline_0-5
45,68,Thalamus,MD,460,9.391475276226744,48.98059000000012,baseline_0-5
46,70,Thalamus,MD,48,0.9799800288236602,48.98059000000012,baseline_0-5
47,71,Thalamus,MD,169,3.4503463514833035,48.98059000000012,baseline_0-5
48,73,Thalamus,MD,486,9.92229779183956,48.98059000000012,baseline_0-5
49,74,Thalamus,MD,1516,30.95103591034727,48.98059000000012,baseline_0-5
50,75,Thalamus,MD,477,9.738551536435123,48.98059000000012,baseline_0-5
51,76,Thalamus,MD,561,11.453516586876528,48.98059000000012,baseline_0-5
52,77,Thalamus,MD,926,18.905448056056443,48.98059000000012,baseline_0-5
53,78,Thalamus,MD,488,9.963130293040546,48.98059000000012,baseline_0-5
54,79,Thalamus,MD,657,13.413476644523849,48.98059000000012,baseline_0-5
55,80,Thalamus,MD,9,0.1837462554044363,48.98059000000012,baseline_0-5
56,83,Thalamus,MD,423,8.636074004008506,48.98059000000012,baseline_0-5
57,84,Thalamus,MD,452,9.2281452714228,48.98059000000012,baseline_0-5
58,86,Thalamus,MD,171,3.4911788526842895,48.98059000000012,baseline_0-5
59,89,Thalamus,MD,497,10.14687654844498,48.98059000000012,baseline_0-5
60,90,Thalamus,MD,196,4.001585117696613,48.98059000000012,baseline_0-5
61,91,Thalamus,MD,91,1.8578788046448558,48.98059000000012,baseline_0-5
62,92,Thalamus,MD,545,11.126856577268642,48.98059000000012,baseline_0-5
63,93,Thalamus,MD,54,1.1024775324266176,48.98059000000012,baseline_0-5
64,95,Thalamus,MD,26,0.5308225156128159,48.98059000000012,baseline_0-5
65,96,Thalamus,MD,121,2.4703663226596433,48.98059000000012,baseline_0-5
66,99,Thalamus,MD,101,2.062041310649785,48.98059000000012,baseline_0-5
67,101,Thalamus,MD,33,0.6737362698162663,48.98059000000012,baseline_0-5
68,104,Thalamus,MD,141,2.8786913346695018,48.98059000000012,baseline_0-5
69,127,Other,DG-mo,839,17.12923425381356,48.98059000000012,baseline_0-5
70,129,Other,DG-mo,56,1.1433100336276036,48.98059000000012,baseline_0-5
71,131,Other,DG-mo,160,3.2666000960788675,48.98059000000012,baseline_0-5
72,132,Other,DG-sg,586,11.963922851888851,48.98059000000012,baseline_0-5
73,133,Other,DG-sg,708,14.454705425148989,48.98059000000012,baseline_0-5
74,135,Other,DG-sg,20,0.40832501200985843,48.98059000000012,baseline_0-5
75,137,Other,DG-sg,12,0.24499500720591505,48.98059000000012,baseline_0-5
76,139,Other,DG-sg,153,3.123686341875417,48.98059000000012,baseline_0-5
77,141,Other,DG-sg,4,0.08166500240197168,48.98059000000012,baseline_0-5
78,143,Other,DG-sg,238,4.859067642917315,48.98059000000012,baseline_0-5
79,145,Other,DG-sg,141,2.8786913346695018,48.98059000000012,baseline_0-5
80,149,Other,DG-po,22,0.44915751321084424,48.98059000000012,baseline_0-5
81,152,Other,CA3,1,0.02041625060049292,48.98059000000012,baseline_0-5
82,157,Other,CA3,284,5.798215170539989,48.98059000000012,baseline_0-5
83,164,Other,CA3,76,1.551635045637462,48.98059000000012,baseline_0-5
84,166,Other,CA3,8,0.16333000480394336,48.98059000000012,baseline_0-5
85,181,Other,CA1,282,5.7573826693390036,48.98059000000012,baseline_0-5
86,182,Other,CA1,877,17.90505177663229,48.98059000000012,baseline_0-5
87,188,Other,CA1,131,2.6745288286645725,48.98059000000012,baseline_0-5
88,201,Other,RSPd6a,58,1.1841425348285894,48.98059000000012,baseline_0-5
89,202,Other,RSPagl6a,551,11.2493540808716,48.98059000000012,baseline_0-5
90,204,Other,RSPagl6a,66,1.3474725396325327,48.98059000000012,baseline_0-5
91,210,Other,RSPagl5,389,7.941921483591746,48.98059000000012,baseline_0-5
92,211,Other,RSPagl5,450,9.187312770221814,48.98059000000012,baseline_0-5
93,213,Other,RSPagl5,340,6.941525204167593,48.98059000000012,baseline_0-5
94,214,Other,RSPagl5,30,0.6124875180147876,48.98059000000012,baseline_0-5
95,215,Other,RSPagl5,936,19.109610562061373,48.98059000000012,baseline_0-5
96,216,Other,RSPagl5,258,5.267392654927174,48.98059000000012,baseline_0-5
97,217,Other,RSPagl5,550,11.228937830271107,48.98059000000012,baseline_0-5
98,219,Other,RSPagl5,498,10.167292799045475,48.98059000000012,baseline_0-5
99,220,Other,RSPagl5,217,4.430326380306964,48.98059000000012,baseline_0-5
100,222,Other,RSPagl5,226,4.6140726357114,48.98059000000012,baseline_0-5
101,224,Other,RSPagl5,250,5.10406265012323,48.98059000000012,baseline_0-5
102,225,Other,RSPagl5,580,11.841425348285894,48.98059000000012,baseline_0-5
103,227,Other,RSPagl5,141,2.8786913346695018,48.98059000000012,baseline_0-5
104,232,Other,RSPagl2/3,115,2.347868819056686,48.98059000000012,baseline_0-5
105,233,Thalamus,MD,703,14.352624172146523,48.98059000000012,baseline_0-5
106,234,Thalamus,MD,145,2.9603563370714734,48.98059000000012,baseline_0-5
107,235,Thalamus,MD,489,9.983546543641038,48.98059000000012,baseline_0-5
108,236,Thalamus,MD,309,6.308621435552313,48.98059000000012,baseline_0-5
109,237,Thalamus,MD,471,9.616054032832166,48.98059000000012,baseline_0-5
110,238,Thalamus,MD,296,6.043210177745904,48.98059000000012,baseline_0-5
111,239,Thalamus,MD,78,1.5924675468384477,48.98059000000012,baseline_0-5
112,241,Thalamus,MD,236,4.818235141716329,48.98059000000012,baseline_0-5
113,242,Thalamus,MD,373,7.6152614739838596,48.98059000000012,baseline_0-5
114,244,Thalamus,MD,166,3.3890975996818247,48.98059000000012,baseline_0-5
115,245,Thalamus,MD,78,1.5924675468384477,48.98059000000012,baseline_0-5
116,250,Other,DG-mo,37,0.755401272218238,48.98059000000012,baseline_0-5
117,252,Other,DG-sg,62,1.265807537230561,48.98059000000012,baseline_0-5
118,253,Other,DG-sg,4,0.08166500240197168,48.98059000000012,baseline_0-5
119,254,Other,DG-sg,67,1.3678887902330257,48.98059000000012,baseline_0-5
120,256,Other,DG-sg,2,0.04083250120098584,48.98059000000012,baseline_0-5
121,258,Other,CA3,1005,20.518331853495386,48.98059000000012,baseline_0-5
122,259,Other,CA3,10,0.20416250600492922,48.98059000000012,baseline_0-5
123,260,Other,CA3,1,0.02041625060049292,48.98059000000012,baseline_0-5
124,263,Other,RSPagl5,108,2.2049550648532352,48.98059000000012,baseline_0-5
125,265,Other,RSPagl5,8,0.16333000480394336,48.98059000000012,baseline_0-5
126,268,Thalamus,MD,313,6.390286437954284,48.98059000000012,baseline_0-5
127,270,Other,DG-sg,0,0.0,48.98059000000012,baseline_0-5
128,273,Other,RSPagl5,23,0.4695737638113372,48.98059000000012,baseline_0-5
129,274,Other,RSPagl5,1,0.02041625060049292,48.98059000000012,baseline_0-5
130,276,Other,CA3,3,0.06124875180147876,48.98059000000012,baseline_0-5
131,277,Other,DG-po,45,0.9187312770221814,48.98059000000012,baseline_0-5
132,280,Other,SPFp,24,0.4899900144118301,48.98059000000012,baseline_0-5
133,292,Other,MB,177,3.613676356287247,48.98059000000012,baseline_0-5
134,293,Other,MB,161,3.2870163466793603,48.98059000000012,baseline_0-5
135,335,Other,APN,1971,40.24042993357155,48.98059000000012,baseline_0-5
136,358,Other,APN,31,0.6329037686152805,48.98059000000012,baseline_0-5
137,359,Other,APN,2428,49.57065645799681,48.98059000000012,baseline_0-5
138,384,Other,APN,12,0.24499500720591505,48.98059000000012,baseline_0-5
139,386,Other,APN,3,0.06124875180147876,48.98059000000012,baseline_0-5
140,388,Other,APN,26,0.5308225156128159,48.98059000000012,baseline_0-5
141,390,Other,APN,1461,29.828142127320156,48.98059000000012,baseline_0-5
142,395,Other,MB,84,1.7149650504414053,48.98059000000012,baseline_0-5
143,396,Other,APN,361,7.370266466777944,48.98059000000012,baseline_0-5
144,399,Other,MB,152,3.103270091274924,48.98059000000012,baseline_0-5
145,400,Other,DG-mo,43,0.8778987758211956,48.98059000000012,baseline_0-5
146,402,Other,POST,12,0.24499500720591505,48.98059000000012,baseline_0-5
147,410,Other,SUB,231,4.7161538887138645,48.98059000000012,baseline_0-5
148,425,Other,VISp6a,47,0.9595637782231673,48.98059000000012,baseline_0-5
149,426,Other,VISp6a,183,3.7361738598902043,48.98059000000012,baseline_0-5
150,427,Other,VISp6a,363,7.41109896797893,48.98059000000012,baseline_0-5
151,430,Other,VISp6a,17,0.34707626020837967,48.98059000000012,baseline_0-5
152,431,Other,VISp6a,199,4.062833869498091,48.98059000000012,baseline_0-5
153,432,Other,VISp5,531,10.84102906886174,48.98059000000012,baseline_0-5
154,433,Other,VISp6a,206,4.205747623701542,48.98059000000012,baseline_0-5
155,436,Other,VISp6a,499,10.187709049645967,48.98059000000012,baseline_0-5
156,437,Other,VISp5,15,0.3062437590073938,48.98059000000012,baseline_0-5
157,439,Other,VISp5,97,1.9803763082478134,48.98059000000012,baseline_0-5
158,440,Other,VISp5,365,7.451931469179916,48.98059000000012,baseline_0-5
159,442,Other,VISp5,281,5.73696641873851,48.98059000000012,baseline_0-5
160,443,Other,VISp5,569,11.616846591680472,48.98059000000012,baseline_0-5
161,444,Other,VISp5,542,11.065607825467163,48.98059000000012,baseline_0-5
162,445,Other,VISp5,191,3.899503864694148,48.98059000000012,baseline_0-5
163,446,Other,VISp5,407,8.309413994400618,48.98059000000012,baseline_0-5
164,447,Other,VISp5,89,1.81704630344387,48.98059000000012,baseline_0-5
165,449,Other,VISp5,386,7.880672731790267,48.98059000000012,baseline_0-5
166,452,Other,VISp5,141,2.8786913346695018,48.98059000000012,baseline_0-5
167,453,Other,VISp5,221,4.511991382708936,48.98059000000012,baseline_0-5
168,455,Other,VISp5,498,10.167292799045475,48.98059000000012,baseline_0-5
169,456,Other,VISp5,309,6.308621435552313,48.98059000000012,baseline_0-5
170,457,Other,VISp5,53,1.0820612818261248,48.98059000000012,baseline_0-5
171,458,Other,VISp5,127,2.592863826262601,48.98059000000012,baseline_0-5
172,459,Other,VISp5,222,4.532407633309428,48.98059000000012,baseline_0-5
173,460,Other,VISp5,211,4.307828876704006,48.98059000000012,baseline_0-5
174,466,Other,VISp5,137,2.79702633226753,48.98059000000012,baseline_0-5
175,469,Other,VISp5,88,1.796630052843377,48.98059000000012,baseline_0-5
176,472,Other,VISp5,45,0.9187312770221814,48.98059000000012,baseline_0-5
177,478,Other,VISp5,44,0.8983150264216885,48.98059000000012,baseline_0-5
178,479,Other,VISp5,58,1.1841425348285894,48.98059000000012,baseline_0-5
179,485,Other,VISp4,18,0.3674925108088726,48.98059000000012,baseline_0-5
180,488,Other,VISp4,22,0.44915751321084424,48.98059000000012,baseline_0-5
181,489,Other,VISp4,68,1.3883050408335187,48.98059000000012,baseline_0-5
182,492,Other,VISp4,27,0.5512387662133088,48.98059000000012,baseline_0-5
183,493,Other,VISp4,30,0.6124875180147876,48.98059000000012,baseline_0-5
184,494,Other,VISp4,23,0.4695737638113372,48.98059000000012,baseline_0-5
185,495,Other,VISp4,2,0.04083250120098584,48.98059000000012,baseline_0-5
186,497,Other,VISp2/3,11,0.22457875660542212,48.98059000000012,baseline_0-5
187,498,Other,VISp2/3,21,0.42874126261035134,48.98059000000012,baseline_0-5
188,500,Other,VISp4,404,8.24816524259914,48.98059000000012,baseline_0-5
189,502,Other,VISp2/3,0,0.0,48.98059000000012,baseline_0-5
190,504,Other,VISp2/3,10,0.20416250600492922,48.98059000000012,baseline_0-5
191,520,Other,APN,144,2.9399400864709806,48.98059000000012,baseline_0-5
192,521,Other,APN,36,0.7349850216177451,48.98059000000012,baseline_0-5
193,523,Other,APN,774,15.80217796478152,48.98059000000012,baseline_0-5
194,525,Other,APN,67,1.3678887902330257,48.98059000000012,baseline_0-5
195,530,Other,VISp4,20,0.40832501200985843,48.98059000000012,baseline_0-5
196,533,Other,VISp4,1,0.02041625060049292,48.98059000000012,baseline_0-5
197,535,Other,VISp2/3,23,0.4695737638113372,48.98059000000012,baseline_0-5
198,536,Other,VISp2/3,12,0.24499500720591505,48.98059000000012,baseline_0-5
199,537,Other,VISp2/3,18,0.3674925108088726,48.98059000000012,baseline_0-5
200,538,Other,VISp2/3,0,0.0,48.98059000000012,baseline_0-5
201,545,Other,VISp4,1,0.02041625060049292,48.98059000000012,baseline_0-5
202,547,Thalamus,VPL,496,10.126460297844488,48.98059000000012,baseline_0-5
203,550,Thalamus,VPL,131,2.6745288286645725,48.98059000000012,baseline_0-5
204,552,Thalamus,VPL,401,8.18691649079766,48.98059000000012,baseline_0-5
205,553,Thalamus,VPL,607,12.392664114499203,48.98059000000012,baseline_0-5
206,558,Thalamus,VPL,1014,20.702078108899823,48.98059000000012,baseline_0-5
207,561,Thalamus,VPL,1125,22.968281925554535,48.98059000000012,baseline_0-5
208,562,Thalamus,VPL,1102,22.4987081617432,48.98059000000012,baseline_0-5
209,564,Thalamus,VPL,660,13.474725396325328,48.98059000000012,baseline_0-5
210,565,Thalamus,VPL,467,9.534389030430194,48.98059000000012,baseline_0-5
211,567,Thalamus,VPL,675,13.780969155332722,48.98059000000012,baseline_0-5
212,568,Thalamus,VPL,0,0.0,48.98059000000012,baseline_0-5
213,572,Thalamus,VPL,1030,21.028738118507707,48.98059000000012,baseline_0-5
214,575,Thalamus,VPL,300,6.1248751801478765,48.98059000000012,baseline_0-5
215,576,Thalamus,VPL,313,6.390286437954284,48.98059000000012,baseline_0-5
216,579,Thalamus,VPL,855,17.45589426342145,48.98059000000012,baseline_0-5
217,581,Thalamus,VPL,430,8.778987758211956,48.98059000000012,baseline_0-5
218,583,Thalamus,VPL,307,6.2677889343513264,48.98059000000012,baseline_0-5
219,584,Thalamus,VPL,467,9.534389030430194,48.98059000000012,baseline_0-5
220,585,Thalamus,VPL,891,18.19087928503919,48.98059000000012,baseline_0-5
221,586,Thalamus,VPL,61,1.2453912866300683,48.98059000000012,baseline_0-5
222,589,Thalamus,VPL,530,10.820612818261248,48.98059000000012,baseline_0-5
223,590,Thalamus,VPL,969,19.78334683187764,48.98059000000012,baseline_0-5
224,591,Thalamus,VPL,206,4.205747623701542,48.98059000000012,baseline_0-5
225,593,Thalamus,VPL,419,8.554409001606533,48.98059000000012,baseline_0-5
226,594,Thalamus,VPL,227,4.634488886311893,48.98059000000012,baseline_0-5
227,595,Thalamus,VPL,294,6.002377676544919,48.98059000000012,baseline_0-5
228,596,Thalamus,VPL,77,1.572051296237955,48.98059000000012,baseline_0-5
229,597,Thalamus,VPL,516,10.534785309854348,48.98059000000012,baseline_0-5
230,598,Thalamus,VPL,233,4.75698638991485,48.98059000000012,baseline_0-5
231,599,Thalamus,VPL,249,5.0836463995227374,48.98059000000012,baseline_0-5
232,600,Thalamus,VPL,410,8.370662746202097,48.98059000000012,baseline_0-5
233,601,Thalamus,VPL,790,16.12883797438941,48.98059000000012,baseline_0-5
234,602,Thalamus,VPL,788,16.08800547318842,48.98059000000012,baseline_0-5
235,603,Thalamus,VPL,915,18.68086929945102,48.98059000000012,baseline_0-5
236,607,Thalamus,VPL,636,12.984735381913497,48.98059000000012,baseline_0-5
237,610,Thalamus,VPL,511,10.432704056851883,48.98059000000012,baseline_0-5
238,611,Thalamus,VPL,397,8.10525148839569,48.98059000000012,baseline_0-5
239,612,Thalamus,VPL,257,5.246976404326681,48.98059000000012,baseline_0-5
240,616,Thalamus,VPL,148,3.021605088872952,48.98059000000012,baseline_0-5
241,617,Thalamus,VPL,255,5.206143903125695,48.98059000000012,baseline_0-5
242,618,Thalamus,VPL,114,2.327452568456193,48.98059000000012,baseline_0-5
243,620,Thalamus,VPL,397,8.10525148839569,48.98059000000012,baseline_0-5
244,621,Thalamus,VPL,177,3.613676356287247,48.98059000000012,baseline_0-5
245,622,Thalamus,VPL,387,7.90108898239076,48.98059000000012,baseline_0-5
246,623,Thalamus,VPL,243,4.96114889591978,48.98059000000012,baseline_0-5
247,626,Thalamus,VPL,325,6.635281445160199,48.98059000000012,baseline_0-5
248,629,Thalamus,VPL,252,5.144895151324216,48.98059000000012,baseline_0-5
249,630,Thalamus,VPL,691,14.107629164940608,48.98059000000012,baseline_0-5
250,632,Thalamus,VPL,51,1.041228780625139,48.98059000000012,baseline_0-5
251,633,Thalamus,VPL,512,10.453120307452375,48.98059000000012,baseline_0-5
252,634,Thalamus,VPL,818,16.70049299120321,48.98059000000012,baseline_0-5
253,635,Thalamus,VPL,795,16.230919227391873,48.98059000000012,baseline_0-5
254,664,RT,RT,1475,30.11396963572706,48.98059000000012,baseline_0-5
255,667,RT,RT,677,13.821801656533708,48.98059000000012,baseline_0-5
256,670,Other,CA3,1241,25.336566995211715,48.98059000000012,baseline_0-5
257,672,Other,or,207,4.226163874302035,48.98059000000012,baseline_0-5
258,676,Somatosensory,SSp-bfd6a,83,1.6945487998409123,48.98059000000012,baseline_0-5
259,680,Somatosensory,SSp-bfd6a,5,0.10208125300246461,48.98059000000012,baseline_0-5
260,681,Somatosensory,SSp-bfd6a,7,0.14291375420345045,48.98059000000012,baseline_0-5
261,683,Somatosensory,SSp-bfd6a,1,0.02041625060049292,48.98059000000012,baseline_0-5
262,685,Somatosensory,SSp-bfd6a,194,3.960752616495627,48.98059000000012,baseline_0-5
263,686,Somatosensory,SSp-bfd6a,115,2.347868819056686,48.98059000000012,baseline_0-5
264,687,Somatosensory,SSp-bfd6a,79,1.6128837974389407,48.98059000000012,baseline_0-5
265,690,Somatosensory,SSp-bfd6a,73,1.4903862938359833,48.98059000000012,baseline_0-5
266,692,Somatosensory,SSp-bfd5,378,7.717342726986324,48.98059000000012,baseline_0-5
267,695,Somatosensory,SSp-bfd5,135,2.756193831066544,48.98059000000012,baseline_0-5
268,696,Somatosensory,SSp-bfd5,3,0.06124875180147876,48.98059000000012,baseline_0-5
269,697,Somatosensory,SSp-bfd5,305,6.226956433150341,48.98059000000012,baseline_0-5
270,698,Somatosensory,SSp-bfd5,190,3.8790876140936548,48.98059000000012,baseline_0-5
271,699,Somatosensory,SSp-bfd5,70,1.4291375420345045,48.98059000000012,baseline_0-5
272,700,Somatosensory,SSp-bfd5,34,0.6941525204167593,48.98059000000012,baseline_0-5
273,702,Somatosensory,SSp-bfd5,261,5.328641406728653,48.98059000000012,baseline_0-5
274,705,Somatosensory,SSp-bfd5,20,0.40832501200985843,48.98059000000012,baseline_0-5
275,706,Somatosensory,SSp-bfd5,464,9.473140278628716,48.98059000000012,baseline_0-5
276,707,Somatosensory,SSp-bfd5,190,3.8790876140936548,48.98059000000012,baseline_0-5
277,714,Somatosensory,SSp-bfd5,20,0.40832501200985843,48.98059000000012,baseline_0-5
278,715,Somatosensory,SSp-bfd5,41,0.8370662746202098,48.98059000000012,baseline_0-5
279,716,Somatosensory,SSp-bfd5,45,0.9187312770221814,48.98059000000012,baseline_0-5
280,718,Somatosensory,SSp-bfd5,230,4.695737638113372,48.98059000000012,baseline_0-5
281,719,Somatosensory,SSp-bfd5,199,4.062833869498091,48.98059000000012,baseline_0-5
282,729,Thalamus,VPL,781,15.94509171898497,48.98059000000012,baseline_0-5
283,730,Thalamus,VPL,199,4.062833869498091,48.98059000000012,baseline_0-5
284,732,Thalamus,VPL,127,2.592863826262601,48.98059000000012,baseline_0-5
285,733,Thalamus,VPL,349,7.125271459572029,48.98059000000012,baseline_0-5
286,734,Thalamus,VPL,14,0.2858275084069009,48.98059000000012,baseline_0-5
287,735,Thalamus,VPL,232,4.736570139314358,48.98059000000012,baseline_0-5
288,738,Thalamus,VPL,91,1.8578788046448558,48.98059000000012,baseline_0-5
289,739,Thalamus,VPL,213,4.3486613779049925,48.98059000000012,baseline_0-5
290,741,Other,or,63,1.286223787831054,48.98059000000012,baseline_0-5
291,743,Somatosensory,SSp-bfd6a,148,3.021605088872952,48.98059000000012,baseline_0-5
292,744,Somatosensory,SSp-bfd6a,7,0.14291375420345045,48.98059000000012,baseline_0-5
293,746,Somatosensory,SSp-bfd6a,248,5.063230148922244,48.98059000000012,baseline_0-5
294,747,Somatosensory,SSp-bfd5,11,0.22457875660542212,48.98059000000012,baseline_0-5
295,750,Somatosensory,SSp-bfd5,5,0.10208125300246461,48.98059000000012,baseline_0-5
296,751,Somatosensory,SSp-bfd4,11,0.22457875660542212,48.98059000000012,baseline_0-5
297,752,Somatosensory,SSp-bfd6a,2,0.04083250120098584,48.98059000000012,baseline_0-5
298,757,Somatosensory,SSp-bfd5,3,0.06124875180147876,48.98059000000012,baseline_0-5
299,761,STR,LSr,509,10.391871555650896,48.98059000000012,baseline_0-5
300,763,STR,LSr,231,4.7161538887138645,48.98059000000012,baseline_0-5
301,766,STR,LSr,25,0.510406265012323,48.98059000000012,baseline_0-5
302,768,STR,LSr,296,6.043210177745904,48.98059000000012,baseline_0-5
303,769,STR,LSr,86,1.7557975516423912,48.98059000000012,baseline_0-5
304,771,STR,LSr,108,2.2049550648532352,48.98059000000012,baseline_0-5
305,773,STR,LSr,1556,31.767685934366984,48.98059000000012,baseline_0-5
306,774,STR,LSr,127,2.592863826262601,48.98059000000012,baseline_0-5
307,775,STR,LSr,387,7.90108898239076,48.98059000000012,baseline_0-5
308,777,STR,LSr,60,1.2249750360295752,48.98059000000012,baseline_0-5
309,778,STR,LSr,73,1.4903862938359833,48.98059000000012,baseline_0-5
310,779,STR,LSr,175,3.572843855086261,48.98059000000012,baseline_0-5
311,780,STR,LSr,58,1.1841425348285894,48.98059000000012,baseline_0-5
312,781,STR,LSr,392,8.003170235393226,48.98059000000012,baseline_0-5
313,783,STR,LSr,233,4.75698638991485,48.98059000000012,baseline_0-5
314,784,STR,LSr,131,2.6745288286645725,48.98059000000012,baseline_0-5
315,785,STR,LSr,118,2.4091175708581645,48.98059000000012,baseline_0-5
316,786,STR,LSr,1162,23.723683197772775,48.98059000000012,baseline_0-5
317,787,STR,LSr,51,1.041228780625139,48.98059000000012,baseline_0-5
318,788,STR,LSr,140,2.858275084069009,48.98059000000012,baseline_0-5
319,791,STR,LSr,353,7.206936461974001,48.98059000000012,baseline_0-5
320,792,STR,LSr,292,5.961545175343933,48.98059000000012,baseline_0-5
321,793,STR,LSr,53,1.0820612818261248,48.98059000000012,baseline_0-5
322,795,STR,LSr,89,1.81704630344387,48.98059000000012,baseline_0-5
323,797,STR,LSr,8,0.16333000480394336,48.98059000000012,baseline_0-5
324,799,STR,LSr,355,7.247768963174987,48.98059000000012,baseline_0-5
325,801,STR,LSr,75,1.5312187950369691,48.98059000000012,baseline_0-5
326,802,STR,LSr,15,0.3062437590073938,48.98059000000012,baseline_0-5
327,804,STR,LSr,220,4.4915751321084425,48.98059000000012,baseline_0-5
328,805,STR,LSr,349,7.125271459572029,48.98059000000012,baseline_0-5
329,807,STR,LSr,266,5.430722659731117,48.98059000000012,baseline_0-5
330,808,STR,LSr,297,6.063626428346398,48.98059000000012,baseline_0-5
331,810,STR,LSr,169,3.4503463514833035,48.98059000000012,baseline_0-5
332,811,STR,LSr,249,5.0836463995227374,48.98059000000012,baseline_0-5
333,812,STR,LSr,225,4.593656385110907,48.98059000000012,baseline_0-5
334,813,STR,LSr,490,10.00396279424153,48.98059000000012,baseline_0-5
335,815,STR,LSr,179,3.6545088574882327,48.98059000000012,baseline_0-5
336,817,STR,LSr,457,9.330226524425266,48.98059000000012,baseline_0-5
337,818,STR,LSr,333,6.798611449964143,48.98059000000012,baseline_0-5
338,819,STR,LSr,62,1.265807537230561,48.98059000000012,baseline_0-5
339,820,STR,LSr,207,4.226163874302035,48.98059000000012,baseline_0-5
340,821,STR,LSr,34,0.6941525204167593,48.98059000000012,baseline_0-5
341,822,STR,LSr,386,7.880672731790267,48.98059000000012,baseline_0-5
342,824,STR,LSr,132,2.6949450792650653,48.98059000000012,baseline_0-5
343,826,STR,LSr,148,3.021605088872952,48.98059000000012,baseline_0-5
344,828,STR,LSr,61,1.2453912866300683,48.98059000000012,baseline_0-5
345,829,STR,LSr,239,4.879483893517808,48.98059000000012,baseline_0-5
346,831,STR,LSr,309,6.308621435552313,48.98059000000012,baseline_0-5
347,832,STR,LSr,172,3.5115951032847823,48.98059000000012,baseline_0-5
348,834,STR,LSr,395,8.064418987194705,48.98059000000012,baseline_0-5
349,835,STR,LSr,196,4.001585117696613,48.98059000000012,baseline_0-5
350,838,STR,LSr,194,3.960752616495627,48.98059000000012,baseline_0-5
351,839,STR,LSr,213,4.3486613779049925,48.98059000000012,baseline_0-5
352,840,STR,LSr,98,2.0007925588483064,48.98059000000012,baseline_0-5
353,841,STR,LSr,206,4.205747623701542,48.98059000000012,baseline_0-5
354,842,STR,LSr,235,4.797818891115837,48.98059000000012,baseline_0-5
355,843,STR,LSr,285,5.818631421140482,48.98059000000012,baseline_0-5
356,845,STR,LSr,488,9.963130293040546,48.98059000000012,baseline_0-5
357,846,STR,LSr,305,6.226956433150341,48.98059000000012,baseline_0-5
358,849,STR,LSr,335,6.839443951165128,48.98059000000012,baseline_0-5
359,851,STR,LSr,16,0.3266600096078867,48.98059000000012,baseline_0-5
360,852,STR,LSr,264,5.389890158530131,48.98059000000012,baseline_0-5
361,853,STR,LSr,139,2.837858833468516,48.98059000000012,baseline_0-5
362,854,STR,LSr,182,3.7157576092897115,48.98059000000012,baseline_0-5
363,855,STR,LSr,313,6.390286437954284,48.98059000000012,baseline_0-5
364,856,STR,LSr,513,10.473536558052869,48.98059000000012,baseline_0-5
365,857,STR,LSr,215,4.389493879105978,48.98059000000012,baseline_0-5
366,858,STR,LSr,225,4.593656385110907,48.98059000000012,baseline_0-5
367,859,STR,LSr,353,7.206936461974001,48.98059000000012,baseline_0-5
368,861,STR,LSr,302,6.165707681348862,48.98059000000012,baseline_0-5
369,862,STR,LSr,126,2.572447575662108,48.98059000000012,baseline_0-5
370,863,STR,LSr,53,1.0820612818261248,48.98059000000012,baseline_0-5
371,864,STR,LSr,55,1.1228937830271106,48.98059000000012,baseline_0-5
372,865,STR,LSr,242,4.940732645319287,48.98059000000012,baseline_0-5
373,866,STR,LSr,91,1.8578788046448558,48.98059000000012,baseline_0-5
374,868,STR,LSr,166,3.3890975996818247,48.98059000000012,baseline_0-5
375,871,STR,LSr,483,9.86104904003808,48.98059000000012,baseline_0-5
376,872,STR,LSr,348,7.104855208971537,48.98059000000012,baseline_0-5
377,873,STR,LSr,70,1.4291375420345045,48.98059000000012,baseline_0-5
378,874,STR,LSr,88,1.796630052843377,48.98059000000012,baseline_0-5
379,876,STR,LSr,586,11.963922851888851,48.98059000000012,baseline_0-5
380,877,STR,STR,105,2.143706313051757,48.98059000000012,baseline_0-5
381,879,STR,STR,341,6.961941454768086,48.98059000000012,baseline_0-5
382,880,STR,STR,106,2.1641225636522496,48.98059000000012,baseline_0-5
383,881,STR,STR,210,4.287412626103514,48.98059000000012,baseline_0-5
384,882,STR,STR,287,5.859463922341468,48.98059000000012,baseline_0-5
385,883,STR,STR,88,1.796630052843377,48.98059000000012,baseline_0-5
386,884,STR,STR,284,5.798215170539989,48.98059000000012,baseline_0-5
387,885,STR,STR,156,3.1849350936768954,48.98059000000012,baseline_0-5
388,886,STR,STR,10,0.20416250600492922,48.98059000000012,baseline_0-5
389,887,STR,STR,156,3.1849350936768954,48.98059000000012,baseline_0-5
390,888,STR,STR,17,0.34707626020837967,48.98059000000012,baseline_0-5
391,889,STR,STR,641,13.086816634915962,48.98059000000012,baseline_0-5
392,890,STR,STR,16,0.3266600096078867,48.98059000000012,baseline_0-5
393,891,STR,STR,153,3.123686341875417,48.98059000000012,baseline_0-5
394,892,STR,STR,57,1.1637262842280964,48.98059000000012,baseline_0-5
395,895,STR,STR,75,1.5312187950369691,48.98059000000012,baseline_0-5
396,897,STR,STR,4,0.08166500240197168,48.98059000000012,baseline_0-5
397,898,STR,STR,109,2.2253713154537285,48.98059000000012,baseline_0-5
398,900,STR,STR,216,4.4099101297064704,48.98059000000012,baseline_0-5
399,902,STR,STR,149,3.042021339473445,48.98059000000012,baseline_0-5
400,903,STR,STR,716,14.618035429952931,48.98059000000012,baseline_0-5
401,904,STR,STR,83,1.6945487998409123,48.98059000000012,baseline_0-5
402,909,STR,LSr,169,3.4503463514833035,48.98059000000012,baseline_0-5
403,910,STR,LSr,304,6.206540182549848,48.98059000000012,baseline_0-5
404,911,STR,LSr,71,1.4495537926349973,48.98059000000012,baseline_0-5
405,914,STR,LSr,280,5.716550168138018,48.98059000000012,baseline_0-5
406,916,STR,LSr,285,5.818631421140482,48.98059000000012,baseline_0-5
407,917,STR,LSr,320,6.533200192157735,48.98059000000012,baseline_0-5
408,919,STR,LSr,299,6.104458929547383,48.98059000000012,baseline_0-5
409,920,STR,LSr,127,2.592863826262601,48.98059000000012,baseline_0-5
410,921,STR,LSr,40,0.8166500240197169,48.98059000000012,baseline_0-5
411,922,STR,LSr,41,0.8370662746202098,48.98059000000012,baseline_0-5
412,923,STR,SH,133,2.7153613298655586,48.98059000000012,baseline_0-5
413,924,STR,SH,204,4.164915122500556,48.98059000000012,baseline_0-5
414,925,STR,SH,286,5.839047671740976,48.98059000000012,baseline_0-5
415,927,STR,SH,196,4.001585117696613,48.98059000000012,baseline_0-5
416,928,STR,SH,289,5.900296423542454,48.98059000000012,baseline_0-5
417,929,STR,SH,151,3.082853840674431,48.98059000000012,baseline_0-5
418,930,STR,SH,294,6.002377676544919,48.98059000000012,baseline_0-5
419,932,STR,LSr,208,4.246580124902527,48.98059000000012,baseline_0-5
420,933,STR,LSr,189,3.858671363493162,48.98059000000012,baseline_0-5
421,935,STR,LSr,190,3.8790876140936548,48.98059000000012,baseline_0-5
422,937,STR,LSr,138,2.817442582868023,48.98059000000012,baseline_0-5
423,938,STR,LSr,164,3.348265098480839,48.98059000000012,baseline_0-5
424,940,STR,LSr,52,1.0616450312256318,48.98059000000012,baseline_0-5
425,941,STR,LSr,294,6.002377676544919,48.98059000000012,baseline_0-5
426,943,STR,LSr,115,2.347868819056686,48.98059000000012,baseline_0-5
427,945,STR,LSr,751,15.332604200970183,48.98059000000012,baseline_0-5
428,946,STR,LSr,200,4.083250120098584,48.98059000000012,baseline_0-5
429,947,STR,LSr,118,2.4091175708581645,48.98059000000012,baseline_0-5
430,949,STR,SH,47,0.9595637782231673,48.98059000000012,baseline_0-5
431,950,STR,SH,648,13.229730389119412,48.98059000000012,baseline_0-5
432,952,STR,SH,46,0.9391475276226744,48.98059000000012,baseline_0-5
433,953,STR,SH,15,0.3062437590073938,48.98059000000012,baseline_0-5
434,955,STR,SH,264,5.389890158530131,48.98059000000012,baseline_0-5
435,958,STR,STR,138,2.817442582868023,48.98059000000012,baseline_0-5
436,959,STR,STR,283,5.777798919939497,48.98059000000012,baseline_0-5
437,960,STR,STR,231,4.7161538887138645,48.98059000000012,baseline_0-5
438,964,STR,STR,363,7.41109896797893,48.98059000000012,baseline_0-5
439,965,STR,STR,135,2.756193831066544,48.98059000000012,baseline_0-5
440,968,STR,STR,24,0.4899900144118301,48.98059000000012,baseline_0-5
441,971,STR,STR,300,6.1248751801478765,48.98059000000012,baseline_0-5
442,973,STR,STR,190,3.8790876140936548,48.98059000000012,baseline_0-5
443,974,STR,STR,127,2.592863826262601,48.98059000000012,baseline_0-5
444,976,STR,STR,58,1.1841425348285894,48.98059000000012,baseline_0-5
445,977,STR,STR,322,6.5740326933587205,48.98059000000012,baseline_0-5
446,979,STR,STR,197,4.022001368297105,48.98059000000012,baseline_0-5
447,980,STR,STR,8,0.16333000480394336,48.98059000000012,baseline_0-5
448,981,STR,STR,56,1.1433100336276036,48.98059000000012,baseline_0-5
449,982,STR,STR,21,0.42874126261035134,48.98059000000012,baseline_0-5
450,983,STR,STR,178,3.63409260688774,48.98059000000012,baseline_0-5
451,984,STR,STR,19,0.3879087614093655,48.98059000000012,baseline_0-5
452,985,STR,STR,21,0.42874126261035134,48.98059000000012,baseline_0-5
453,989,Other,ccg,751,15.332604200970183,48.98059000000012,baseline_0-5
454,991,Other,ccg,712,14.53637042755096,48.98059000000012,baseline_0-5
455,992,Other,ccg,37,0.755401272218238,48.98059000000012,baseline_0-5
456,993,STR,STR,127,2.592863826262601,48.98059000000012,baseline_0-5
457,994,Other,ccg,125,2.552031325061615,48.98059000000012,baseline_0-5
458,995,Other,ccg,1,0.02041625060049292,48.98059000000012,baseline_0-5
459,996,Other,ccg,174,3.5524276044857683,48.98059000000012,baseline_0-5
460,1005,Other,ACAv6a,33,0.6737362698162663,48.98059000000012,baseline_0-5
461,1008,Other,ACAv5,267,5.4511389103316095,48.98059000000012,baseline_0-5
462,1009,Other,ACAv6a,287,5.859463922341468,48.98059000000012,baseline_0-5
463,1011,Other,ACAv5,274,5.59405266453506,48.98059000000012,baseline_0-5
464,1013,Other,ACAv5,5,0.10208125300246461,48.98059000000012,baseline_0-5
465,1014,Other,ACAv5,487,9.942714042440052,48.98059000000012,baseline_0-5
466,1015,Other,ACAv5,153,3.123686341875417,48.98059000000012,baseline_0-5
467,1016,Other,ACAv6a,0,0.0,48.98059000000012,baseline_0-5
468,1017,Other,ACAv6a,27,0.5512387662133088,48.98059000000012,baseline_0-5
469,1020,Other,ACAv5,969,19.78334683187764,48.98059000000012,baseline_0-5
470,1021,Other,ACAv5,186,3.797422611691683,48.98059000000012,baseline_0-5
471,1025,Other,ACAv6a,55,1.1228937830271106,48.98059000000012,baseline_0-5
472,1028,Other,ACAv6a,92,1.8782950552453488,48.98059000000012,baseline_0-5
473,1030,Other,ACAv6a,8,0.16333000480394336,48.98059000000012,baseline_0-5
474,1032,Other,ACAv5,405,8.268581493199633,48.98059000000012,baseline_0-5
475,1033,Other,ACAv5,337,6.880276452366115,48.98059000000012,baseline_0-5
476,1035,Other,ACAv5,776,15.843010465982507,48.98059000000012,baseline_0-5
477,1036,Other,ACAv6a,86,1.7557975516423912,48.98059000000012,baseline_0-5
478,1038,Other,ACAv5,14,0.2858275084069009,48.98059000000012,baseline_0-5
479,1039,Other,ACAv6a,23,0.4695737638113372,48.98059000000012,baseline_0-5
480,1043,Other,ACAv6a,361,7.370266466777944,48.98059000000012,baseline_0-5
481,1045,Other,ACAv6a,476,9.71813528583463,48.98059000000012,baseline_0-5
482,1052,Other,ACAv6a,493,10.06521154604301,48.98059000000012,baseline_0-5
483,1055,Other,ACAv6a,93,1.8987113058458416,48.98059000000012,baseline_0-5
484,1057,Other,ACAv6a,913,18.640036798250037,48.98059000000012,baseline_0-5
485,1058,Other,ACAv6a,149,3.042021339473445,48.98059000000012,baseline_0-5
486,1061,Other,ACAv6a,162,3.307432597279853,48.98059000000012,baseline_0-5
487,1062,Other,ACAv6a,237,4.838651392316822,48.98059000000012,baseline_0-5
488,1066,Other,ACAv6a,164,3.348265098480839,48.98059000000012,baseline_0-5
489,1069,Other,ACAv6a,135,2.756193831066544,48.98059000000012,baseline_0-5
490,1073,Other,ACAv6a,144,2.9399400864709806,48.98059000000012,baseline_0-5
491,1074,Other,ACAv6a,27,0.5512387662133088,48.98059000000012,baseline_0-5
492,1075,Other,ACAv6a,3634,74.19265468219128,48.98059000000012,baseline_0-5
493,1083,Other,ACAv6a,174,3.5524276044857683,48.98059000000012,baseline_0-5
494,1085,Other,ACAv6a,2,0.04083250120098584,48.98059000000012,baseline_0-5
495,1086,Other,ACAv6a,683,13.944299160136666,48.98059000000012,baseline_0-5
496,1090,Other,ACAv6a,407,8.309413994400618,48.98059000000012,baseline_0-5
497,1091,Other,ACAv6a,37,0.755401272218238,48.98059000000012,baseline_0-5
498,1092,Other,ACAv6a,114,2.327452568456193,48.98059000000012,baseline_0-5
499,1093,Other,ACAv6a,0,0.0,48.98059000000012,baseline_0-5
500,1094,Other,ACAv6a,0,0.0,48.98059000000012,baseline_0-5
501,1095,Other,ACAv6a,75,1.5312187950369691,48.98059000000012,baseline_0-5
502,1098,Other,ACAv6a,237,4.838651392316822,48.98059000000012,baseline_0-5
503,1100,Other,ACAv6a,508,10.371455305050404,48.98059000000012,baseline_0-5
504,1102,Other,ACAv6a,260,5.3082251561281595,48.98059000000012,baseline_0-5
505,1104,Other,ACAv6a,137,2.79702633226753,48.98059000000012,baseline_0-5
506,1105,Other,ACAd6a,72,1.4699700432354903,48.98059000000012,baseline_0-5
507,1107,Other,ACAd6a,67,1.3678887902330257,48.98059000000012,baseline_0-5
508,1109,Other,ACAd6a,2,0.04083250120098584,48.98059000000012,baseline_0-5
509,1110,Other,ACAd6a,60,1.2249750360295752,48.98059000000012,baseline_0-5
510,1112,Other,ACAd6a,411,8.391078996802591,48.98059000000012,baseline_0-5
511,1113,Other,ACAd6a,1,0.02041625060049292,48.98059000000012,baseline_0-5
512,1115,Other,ACAd6a,73,1.4903862938359833,48.98059000000012,baseline_0-5
513,1118,Other,ACAd6a,1,0.02041625060049292,48.98059000000012,baseline_0-5
514,1119,Other,ACAd6a,1,0.02041625060049292,48.98059000000012,baseline_0-5
515,1120,Other,ACAd6a,93,1.8987113058458416,48.98059000000012,baseline_0-5
516,1121,Other,ACAd6a,37,0.755401272218238,48.98059000000012,baseline_0-5
517,1124,Other,ACAd6a,66,1.3474725396325327,48.98059000000012,baseline_0-5
518,1126,Other,ACAd6a,22,0.44915751321084424,48.98059000000012,baseline_0-5
519,1127,Other,ACAd6a,44,0.8983150264216885,48.98059000000012,baseline_0-5
520,1128,Other,ACAd6a,89,1.81704630344387,48.98059000000012,baseline_0-5
521,1129,Other,ACAd6a,88,1.796630052843377,48.98059000000012,baseline_0-5
522,1130,Other,ACAd6a,167,3.409513850282318,48.98059000000012,baseline_0-5
523,1131,Other,ACAd6a,71,1.4495537926349973,48.98059000000012,baseline_0-5
524,1132,Other,ACAd6a,19,0.3879087614093655,48.98059000000012,baseline_0-5
525,1134,Other,ACAd6a,56,1.1433100336276036,48.98059000000012,baseline_0-5
526,1142,Other,ACAd6a,4,0.08166500240197168,48.98059000000012,baseline_0-5
527,1143,Other,ACAd6a,0,0.0,48.98059000000012,baseline_0-5
528,1145,Other,ACAd6a,25,0.510406265012323,48.98059000000012,baseline_0-5
529,1148,Other,ACAd6a,165,3.368681349081332,48.98059000000012,baseline_0-5
530,1149,Other,ACAd6a,0,0.0,48.98059000000012,baseline_0-5
531,1152,Other,ACAd6a,102,2.082457561250278,48.98059000000012,baseline_0-5
532,1154,Other,ACAd6a,91,1.8578788046448558,48.98059000000012,baseline_0-5
533,1156,Other,ACAd6a,61,1.2453912866300683,48.98059000000012,baseline_0-5
534,1161,Other,ACAd6a,189,3.858671363493162,48.98059000000012,baseline_0-5
535,1163,Other,ACAd6a,0,0.0,48.98059000000012,baseline_0-5
536,1164,Other,ACAd6a,16,0.3266600096078867,48.98059000000012,baseline_0-5
537,1165,Other,ACAd6a,16,0.3266600096078867,48.98059000000012,baseline_0-5
538,1167,Motor,MOs6a,42,0.8574825252207027,48.98059000000012,baseline_0-5
539,1168,Motor,MOs6a,135,2.756193831066544,48.98059000000012,baseline_0-5
540,1169,Motor,MOs6a,28,0.5716550168138018,48.98059000000012,baseline_0-5
541,1176,Motor,MOs6a,17,0.34707626020837967,48.98059000000012,baseline_0-5
542,1178,Motor,MOs6a,62,1.265807537230561,48.98059000000012,baseline_0-5
543,1180,Motor,MOs6a,207,4.226163874302035,48.98059000000012,baseline_0-5
544,1182,Motor,MOs6a,0,0.0,48.98059000000012,baseline_0-5
545,1185,Motor,MOs6a,29,0.5920712674142947,48.98059000000012,baseline_0-5
546,1187,Motor,MOs6a,0,0.0,48.98059000000012,baseline_0-5
547,1200,Motor,MOs6a,440,8.983150264216885,48.98059000000012,baseline_0-5
548,1201,Motor,MOs6a,35,0.7145687710172522,48.98059000000012,baseline_0-5
549,1202,Motor,MOs6a,15,0.3062437590073938,48.98059000000012,baseline_0-5
550,1203,Motor,MOs6a,316,6.451535189755763,48.98059000000012,baseline_0-5
551,1204,Motor,MOs6a,244,4.981565146520273,48.98059000000012,baseline_0-5
552,1207,Motor,MOs6a,782,15.965507969585463,48.98059000000012,baseline_0-5
553,1208,Motor,MOs5,1137,23.21327693276045,48.98059000000012,baseline_0-5
554,1209,Motor,MOs5,440,8.983150264216885,48.98059000000012,baseline_0-5
555,1215,Motor,MOs5,0,0.0,48.98059000000012,baseline_0-5
556,1221,Motor,MOs5,0,0.0,48.98059000000012,baseline_0-5
557,1224,Motor,MOs5,314,6.410702688554777,48.98059000000012,baseline_0-5
558,1228,Motor,MOs5,551,11.2493540808716,48.98059000000012,baseline_0-5
559,1230,Motor,MOs5,141,2.8786913346695018,48.98059000000012,baseline_0-5
560,1233,Motor,MOs5,152,3.103270091274924,48.98059000000012,baseline_0-5
561,1235,Motor,MOs5,582,11.88225784948688,48.98059000000012,baseline_0-5
562,1236,Motor,MOs5,157,3.2053513442773887,48.98059000000012,baseline_0-5
563,1237,Motor,MOs5,0,0.0,48.98059000000012,baseline_0-5
564,1239,Motor,MOs5,20,0.40832501200985843,48.98059000000012,baseline_0-5
565,1240,Motor,MOs5,0,0.0,48.98059000000012,baseline_0-5
566,1246,Motor,MOs5,72,1.4699700432354903,48.98059000000012,baseline_0-5
567,1248,Motor,MOs5,1,0.02041625060049292,48.98059000000012,baseline_0-5
568,1249,Motor,MOs5,0,0.0,48.98059000000012,baseline_0-5
569,1250,Motor,MOs5,0,0.0,48.98059000000012,baseline_0-5
570,1254,STR,LSr,213,4.3486613779049925,48.98059000000012,baseline_0-5
571,1255,STR,LSr,2,0.04083250120098584,48.98059000000012,baseline_0-5
572,1256,STR,LSr,73,1.4903862938359833,48.98059000000012,baseline_0-5
573,1259,STR,LSr,85,1.7353813010418984,48.98059000000012,baseline_0-5
574,1261,STR,LSr,57,1.1637262842280964,48.98059000000012,baseline_0-5
575,1263,STR,LSr,37,0.755401272218238,48.98059000000012,baseline_0-5
576,1264,STR,LSr,40,0.8166500240197169,48.98059000000012,baseline_0-5
577,1267,STR,LSr,60,1.2249750360295752,48.98059000000012,baseline_0-5
578,1269,STR,LSr,223,4.552823883909921,48.98059000000012,baseline_0-5
579,1270,STR,LSr,150,3.0624375900739382,48.98059000000012,baseline_0-5
580,1271,STR,LSr,311,6.3494539367532985,48.98059000000012,baseline_0-5
581,1272,STR,LSr,35,0.7145687710172522,48.98059000000012,baseline_0-5
582,1274,STR,LSr,140,2.858275084069009,48.98059000000012,baseline_0-5
583,1275,STR,STR,20,0.40832501200985843,48.98059000000012,baseline_0-5
584,1280,STR,LSr,12,0.24499500720591505,48.98059000000012,baseline_0-5
585,1281,STR,LSr,62,1.265807537230561,48.98059000000012,baseline_0-5
586,1282,STR,LSr,23,0.4695737638113372,48.98059000000012,baseline_0-5
587,1283,STR,LSr,7,0.14291375420345045,48.98059000000012,baseline_0-5
588,1284,STR,LSr,106,2.1641225636522496,48.98059000000012,baseline_0-5
589,1286,STR,STR,112,2.2866200672552073,48.98059000000012,baseline_0-5
590,1287,STR,STR,162,3.307432597279853,48.98059000000012,baseline_0-5
591,1289,STR,STR,97,1.9803763082478134,48.98059000000012,baseline_0-5
592,1290,STR,STR,37,0.755401272218238,48.98059000000012,baseline_0-5
593,1291,STR,STR,0,0.0,48.98059000000012,baseline_0-5
594,1295,Other,ACAv6a,52,1.0616450312256318,48.98059000000012,baseline_0-5
595,1296,Other,ACAv6a,0,0.0,48.98059000000012,baseline_0-5
596,1298,Other,ACAv6a,96,1.9599600576473204,48.98059000000012,baseline_0-5
597,1301,Other,ACAv6a,0,0.0,48.98059000000012,baseline_0-5
598,1303,Other,ACAv6a,86,1.7557975516423912,48.98059000000012,baseline_0-5
599,1304,Other,ACAv6a,1,0.02041625060049292,48.98059000000012,baseline_0-5
600,1306,Other,ACAv6a,5,0.10208125300246461,48.98059000000012,baseline_0-5
601,1307,Other,ACAv6a,10,0.20416250600492922,48.98059000000012,baseline_0-5
602,1308,Other,ACAv6a,258,5.267392654927174,48.98059000000012,baseline_0-5
603,1311,Other,ACAd6a,15,0.3062437590073938,48.98059000000012,baseline_0-5
604,1312,Other,ACAd6a,8,0.16333000480394336,48.98059000000012,baseline_0-5
605,1313,Other,ACAd6a,3,0.06124875180147876,48.98059000000012,baseline_0-5
606,1314,Other,ACAd6a,260,5.3082251561281595,48.98059000000012,baseline_0-5
607,1317,Motor,MOs6a,1,0.02041625060049292,48.98059000000012,baseline_0-5
608,1318,Motor,MOs6a,62,1.265807537230561,48.98059000000012,baseline_0-5
609,1321,Motor,MOs6a,184,3.7565901104906976,48.98059000000012,baseline_0-5
610,1322,Motor,MOs5,1,0.02041625060049292,48.98059000000012,baseline_0-5
611,1323,Motor,MOs5,1,0.02041625060049292,48.98059000000012,baseline_0-5
612,1328,Motor,MOs5,11,0.22457875660542212,48.98059000000012,baseline_0-5
613,1329,Motor,MOs5,0,0.0,48.98059000000012,baseline_0-5
614,1330,Motor,MOs5,26,0.5308225156128159,48.98059000000012,baseline_0-5
615,1331,STR,LSr,235,4.797818891115837,48.98059000000012,baseline_0-5
616,1332,STR,LSr,13,0.26541125780640795,48.98059000000012,baseline_0-5
617,1334,STR,STR,396,8.084835237795197,48.98059000000012,baseline_0-5
618,1335,STR,STR,140,2.858275084069009,48.98059000000012,baseline_0-5
619,1336,STR,LSr,121,2.4703663226596433,48.98059000000012,baseline_0-5
620,1337,Other,ccg,6,0.12249750360295752,48.98059000000012,baseline_0-5
621,1339,Other,ACAd6a,323,6.594448943959214,48.98059000000012,baseline_0-5
622,1340,Other,ACAd6a,10,0.20416250600492922,48.98059000000012,baseline_0-5
623,1341,Other,ACAd6a,1,0.02041625060049292,48.98059000000012,baseline_0-5
624,1342,Motor,MOs6a,10,0.20416250600492922,48.98059000000012,baseline_0-5
625,1345,Motor,MOs5,32,0.6533200192157734,48.98059000000012,baseline_0-5
626,1347,STR,STR,7,0.14291375420345045,48.98059000000012,baseline_0-5
627,1348,STR,LSr,25,0.510406265012323,48.98059000000012,baseline_0-5
628,1349,STR,STR,12,0.24499500720591505,48.98059000000012,baseline_0-5
629,1350,Other,ACAv6a,124,2.531615074461122,48.98059000000012,baseline_0-5
630,1351,Other,ACAv6a,10,0.20416250600492922,48.98059000000012,baseline_0-5
631,1354,Motor,MOs5,3,0.06124875180147876,48.98059000000012,baseline_0-5
632,1356,Motor,MOs5,1,0.02041625060049292,48.98059000000012,baseline_0-5
633,1358,STR,LSr,6,0.12249750360295752,48.98059000000012,baseline_0-5
634,1360,Motor,MOs5,1,0.02041625060049292,48.98059000000012,baseline_0-5
635,1361,Motor,MOs5,0,0.0,48.98059000000012,baseline_0-5
636,1362,Motor,MOs5,2,0.04083250120098584,48.98059000000012,baseline_0-5
637,0,Thalamus,MD,150,2.79433681073012,53.680000000002565,baseline_5-10
638,1,Thalamus,MD,463,8.625186289120304,53.680000000002565,baseline_5-10
639,2,Thalamus,MD,640,11.922503725781844,53.680000000002565,baseline_5-10
640,3,Thalamus,MD,575,10.711624441132127,53.680000000002565,baseline_5-10
641,4,Thalamus,MD,79,1.4716840536511964,53.680000000002565,baseline_5-10
642,5,Thalamus,IAD,646,12.034277198211049,53.680000000002565,baseline_5-10
643,6,Thalamus,IAD,588,10.95380029806207,53.680000000002565,baseline_5-10
644,7,Thalamus,MD,61,1.136363636363582,53.680000000002565,baseline_5-10
645,8,Thalamus,MD,305,5.681818181817911,53.680000000002565,baseline_5-10
646,11,Thalamus,MD,238,4.433681073025124,53.680000000002565,baseline_5-10
647,13,Thalamus,MD,705,13.133383010431563,53.680000000002565,baseline_5-10
648,14,Thalamus,MD,66,1.2295081967212527,53.680000000002565,baseline_5-10
649,16,Thalamus,MD,300,5.58867362146024,53.680000000002565,baseline_5-10
650,17,Thalamus,MD,34,0.6333830104321605,53.680000000002565,baseline_5-10
651,18,Thalamus,MD,56,1.0432190760059115,53.680000000002565,baseline_5-10
652,19,Thalamus,MD,323,6.017138599105524,53.680000000002565,baseline_5-10
653,21,Thalamus,MD,361,6.725037257823821,53.680000000002565,baseline_5-10
654,22,Thalamus,MD,99,1.844262295081879,53.680000000002565,baseline_5-10
655,23,Thalamus,MD,295,5.495529061102569,53.680000000002565,baseline_5-10
656,25,Thalamus,MD,829,15.443368107301795,53.680000000002565,baseline_5-10
657,26,Thalamus,MD,275,5.122950819671886,53.680000000002565,baseline_5-10
658,28,Thalamus,MD,560,10.432190760059115,53.680000000002565,baseline_5-10
659,29,Thalamus,MD,453,8.438897168404962,53.680000000002565,baseline_5-10
660,31,Thalamus,MD,281,5.234724292101091,53.680000000002565,baseline_5-10
661,33,Thalamus,MD,116,2.160953800297959,53.680000000002565,baseline_5-10
662,35,Thalamus,MD,223,4.1542473919521115,53.680000000002565,baseline_5-10
663,37,Thalamus,MD,159,2.961997019373927,53.680000000002565,baseline_5-10
664,39,Thalamus,MD,178,3.3159463487330756,53.680000000002565,baseline_5-10
665,40,Thalamus,MD,151,2.812965722801654,53.680000000002565,baseline_5-10
666,43,Thalamus,MD,415,7.730998509686665,53.680000000002565,baseline_5-10
667,44,Thalamus,MD,319,5.942622950819389,53.680000000002565,baseline_5-10
668,46,Thalamus,MD,239,4.452309985096657,53.680000000002565,baseline_5-10
669,47,Thalamus,MD,381,7.097615499254505,53.680000000002565,baseline_5-10
670,48,Thalamus,MD,669,12.462742175856334,53.680000000002565,baseline_5-10
671,49,Thalamus,MD,149,2.775707898658586,53.680000000002565,baseline_5-10
672,50,Thalamus,MD,156,2.906110283159325,53.680000000002565,baseline_5-10
673,53,Thalamus,MD,753,14.027570789865202,53.680000000002565,baseline_5-10
674,54,Thalamus,MD,359,6.6877794336807534,53.680000000002565,baseline_5-10
675,57,Thalamus,MD,159,2.961997019373927,53.680000000002565,baseline_5-10
676,58,Thalamus,MD,736,13.71087928464912,53.680000000002565,baseline_5-10
677,60,Thalamus,MD,238,4.433681073025124,53.680000000002565,baseline_5-10
678,63,Thalamus,MD,9,0.16766020864380718,53.680000000002565,baseline_5-10
679,65,Thalamus,MD,1034,19.262295081966293,53.680000000002565,baseline_5-10
680,66,Thalamus,MD,433,8.06631892697428,53.680000000002565,baseline_5-10
681,67,Thalamus,MD,90,1.676602086438072,53.680000000002565,baseline_5-10
682,68,Thalamus,MD,141,2.6266766020863126,53.680000000002565,baseline_5-10
683,70,Thalamus,MD,37,0.6892697466467629,53.680000000002565,baseline_5-10
684,71,Thalamus,MD,126,2.347242921013301,53.680000000002565,baseline_5-10
685,73,Thalamus,MD,295,5.495529061102569,53.680000000002565,baseline_5-10
686,74,Thalamus,MD,1428,26.602086438150742,53.680000000002565,baseline_5-10
687,75,Thalamus,MD,283,5.27198211624416,53.680000000002565,baseline_5-10
688,76,Thalamus,MD,284,5.290611028315694,53.680000000002565,baseline_5-10
689,77,Thalamus,MD,701,13.058867362145426,53.680000000002565,baseline_5-10
690,78,Thalamus,MD,293,5.458271236959501,53.680000000002565,baseline_5-10
691,79,Thalamus,MD,448,8.345752608047292,53.680000000002565,baseline_5-10
692,80,Thalamus,MD,30,0.558867362146024,53.680000000002565,baseline_5-10
693,83,Thalamus,MD,113,2.105067064083357,53.680000000002565,baseline_5-10
694,84,Thalamus,MD,444,8.271236959761154,53.680000000002565,baseline_5-10
695,86,Thalamus,MD,161,2.9992548435169955,53.680000000002565,baseline_5-10
696,89,Thalamus,MD,405,7.544709388971324,53.680000000002565,baseline_5-10
697,90,Thalamus,MD,126,2.347242921013301,53.680000000002565,baseline_5-10
698,91,Thalamus,MD,122,2.272727272727164,53.680000000002565,baseline_5-10
699,92,Thalamus,MD,251,4.675856929955067,53.680000000002565,baseline_5-10
700,93,Thalamus,MD,52,0.9687034277197749,53.680000000002565,baseline_5-10
701,95,Thalamus,MD,16,0.29806259314454614,53.680000000002565,baseline_5-10
702,96,Thalamus,MD,169,3.1482861400892683,53.680000000002565,baseline_5-10
703,99,Thalamus,MD,104,1.9374068554395498,53.680000000002565,baseline_5-10
704,101,Thalamus,MD,29,0.5402384500744898,53.680000000002565,baseline_5-10
705,104,Thalamus,MD,121,2.25409836065563,53.680000000002565,baseline_5-10
706,127,Other,DG-mo,1139,21.218330849477375,53.680000000002565,baseline_5-10
707,129,Other,DG-mo,34,0.6333830104321605,53.680000000002565,baseline_5-10
708,131,Other,DG-mo,185,3.4463487332338145,53.680000000002565,baseline_5-10
709,132,Other,DG-sg,454,8.457526080476496,53.680000000002565,baseline_5-10
710,133,Other,DG-sg,573,10.674366616989058,53.680000000002565,baseline_5-10
711,135,Other,DG-sg,52,0.9687034277197749,53.680000000002565,baseline_5-10
712,137,Other,DG-sg,33,0.6147540983606263,53.680000000002565,baseline_5-10
713,139,Other,DG-sg,143,2.663934426229381,53.680000000002565,baseline_5-10
714,141,Other,DG-sg,1,0.018628912071534134,53.680000000002565,baseline_5-10
715,143,Other,DG-sg,126,2.347242921013301,53.680000000002565,baseline_5-10
716,145,Other,DG-sg,122,2.272727272727164,53.680000000002565,baseline_5-10
717,149,Other,DG-po,16,0.29806259314454614,53.680000000002565,baseline_5-10
718,152,Other,CA3,1,0.018628912071534134,53.680000000002565,baseline_5-10
719,157,Other,CA3,978,18.219076005960382,53.680000000002565,baseline_5-10
720,164,Other,CA3,131,2.4403874813709714,53.680000000002565,baseline_5-10
721,166,Other,CA3,6,0.1117734724292048,53.680000000002565,baseline_5-10
722,181,Other,CA1,358,6.669150521609219,53.680000000002565,baseline_5-10
723,182,Other,CA1,1001,18.647540983605666,53.680000000002565,baseline_5-10
724,188,Other,CA1,92,1.71385991058114,53.680000000002565,baseline_5-10
725,201,Other,RSPd6a,168,3.1296572280177344,53.680000000002565,baseline_5-10
726,202,Other,RSPagl6a,504,9.388971684053203,53.680000000002565,baseline_5-10
727,204,Other,RSPagl6a,64,1.1922503725781846,53.680000000002565,baseline_5-10
728,210,Other,RSPagl5,336,6.259314456035469,53.680000000002565,baseline_5-10
729,211,Other,RSPagl5,566,10.54396423248832,53.680000000002565,baseline_5-10
730,213,Other,RSPagl5,236,4.396423248882055,53.680000000002565,baseline_5-10
731,214,Other,RSPagl5,16,0.29806259314454614,53.680000000002565,baseline_5-10
732,215,Other,RSPagl5,140,2.6080476900147787,53.680000000002565,baseline_5-10
733,216,Other,RSPagl5,34,0.6333830104321605,53.680000000002565,baseline_5-10
734,217,Other,RSPagl5,458,8.532041728762632,53.680000000002565,baseline_5-10
735,219,Other,RSPagl5,484,9.01639344262252,53.680000000002565,baseline_5-10
736,220,Other,RSPagl5,113,2.105067064083357,53.680000000002565,baseline_5-10
737,222,Other,RSPagl5,485,9.035022354694053,53.680000000002565,baseline_5-10
738,224,Other,RSPagl5,199,3.7071535022352924,53.680000000002565,baseline_5-10
739,225,Other,RSPagl5,708,13.189269746646165,53.680000000002565,baseline_5-10
740,227,Other,RSPagl5,97,1.807004470938811,53.680000000002565,baseline_5-10
741,232,Other,RSPagl2/3,356,6.631892697466151,53.680000000002565,baseline_5-10
742,233,Thalamus,MD,620,11.549925484351162,53.680000000002565,baseline_5-10
743,234,Thalamus,MD,152,2.831594634873188,53.680000000002565,baseline_5-10
744,235,Thalamus,MD,216,4.0238450074513725,53.680000000002565,baseline_5-10
745,236,Thalamus,MD,136,2.533532041728642,53.680000000002565,baseline_5-10
746,237,Thalamus,MD,181,3.371833084947678,53.680000000002565,baseline_5-10
747,238,Thalamus,MD,278,5.1788375558864885,53.680000000002565,baseline_5-10
748,239,Thalamus,MD,72,1.3412816691504574,53.680000000002565,baseline_5-10
749,241,Thalamus,MD,305,5.681818181817911,53.680000000002565,baseline_5-10
750,242,Thalamus,MD,249,4.638599105811999,53.680000000002565,baseline_5-10
751,244,Thalamus,MD,120,2.235469448584096,53.680000000002565,baseline_5-10
752,245,Thalamus,MD,100,1.8628912071534132,53.680000000002565,baseline_5-10
753,250,Other,DG-mo,133,2.4776453055140397,53.680000000002565,baseline_5-10
754,252,Other,DG-sg,65,1.2108792846497185,53.680000000002565,baseline_5-10
755,253,Other,DG-sg,2,0.03725782414306827,53.680000000002565,baseline_5-10
756,254,Other,DG-sg,55,1.0245901639343773,53.680000000002565,baseline_5-10
757,256,Other,DG-sg,4,0.07451564828613653,53.680000000002565,baseline_5-10
758,258,Other,CA3,640,11.922503725781844,53.680000000002565,baseline_5-10
759,259,Other,CA3,18,0.33532041728761436,53.680000000002565,baseline_5-10
760,260,Other,CA3,21,0.3912071535022168,53.680000000002565,baseline_5-10
761,263,Other,RSPagl5,136,2.533532041728642,53.680000000002565,baseline_5-10
762,265,Other,RSPagl5,5,0.09314456035767066,53.680000000002565,baseline_5-10
763,268,Thalamus,MD,384,7.153502235469107,53.680000000002565,baseline_5-10
764,270,Other,DG-sg,3,0.0558867362146024,53.680000000002565,baseline_5-10
765,273,Other,RSPagl5,10,0.18628912071534132,53.680000000002565,baseline_5-10
766,274,Other,RSPagl5,4,0.07451564828613653,53.680000000002565,baseline_5-10
767,276,Other,CA3,17,0.31669150521608025,53.680000000002565,baseline_5-10
768,277,Other,DG-po,82,1.5275707898657989,53.680000000002565,baseline_5-10
769,280,Other,SPFp,22,0.4098360655737509,53.680000000002565,baseline_5-10
770,292,Other,MB,238,4.433681073025124,53.680000000002565,baseline_5-10
771,293,Other,MB,254,4.7317436661696695,53.680000000002565,baseline_5-10
772,335,Other,APN,1924,35.84202682563167,53.680000000002565,baseline_5-10
773,358,Other,APN,101,1.8815201192249473,53.680000000002565,baseline_5-10
774,359,Other,APN,2407,44.83979135618266,53.680000000002565,baseline_5-10
775,384,Other,APN,8,0.14903129657227307,53.680000000002565,baseline_5-10
776,386,Other,APN,2,0.03725782414306827,53.680000000002565,baseline_5-10
777,388,Other,APN,26,0.48435171385988746,53.680000000002565,baseline_5-10
778,390,Other,APN,1286,23.956780923992895,53.680000000002565,baseline_5-10
779,395,Other,MB,109,2.03055141579722,53.680000000002565,baseline_5-10
780,396,Other,APN,462,8.60655737704877,53.680000000002565,baseline_5-10
781,399,Other,MB,92,1.71385991058114,53.680000000002565,baseline_5-10
782,400,Other,DG-mo,47,0.8755588673621042,53.680000000002565,baseline_5-10
783,402,Other,POST,110,2.0491803278687546,53.680000000002565,baseline_5-10
784,410,Other,SUB,99,1.844262295081879,53.680000000002565,baseline_5-10
785,425,Other,VISp6a,63,1.1736214605066504,53.680000000002565,baseline_5-10
786,426,Other,VISp6a,136,2.533532041728642,53.680000000002565,baseline_5-10
787,427,Other,VISp6a,545,10.152757078986102,53.680000000002565,baseline_5-10
788,430,Other,VISp6a,9,0.16766020864380718,53.680000000002565,baseline_5-10
789,431,Other,VISp6a,285,5.3092399403872275,53.680000000002565,baseline_5-10
790,432,Other,VISp5,396,7.377049180327516,53.680000000002565,baseline_5-10
791,433,Other,VISp6a,92,1.71385991058114,53.680000000002565,baseline_5-10
792,436,Other,VISp6a,445,8.289865871832689,53.680000000002565,baseline_5-10
793,437,Other,VISp5,9,0.16766020864380718,53.680000000002565,baseline_5-10
794,439,Other,VISp5,44,0.8196721311475018,53.680000000002565,baseline_5-10
795,440,Other,VISp5,262,4.880774962741943,53.680000000002565,baseline_5-10
796,442,Other,VISp5,149,2.775707898658586,53.680000000002565,baseline_5-10
797,443,Other,VISp5,483,8.997764530550986,53.680000000002565,baseline_5-10
798,444,Other,VISp5,371,6.911326378539163,53.680000000002565,baseline_5-10
799,445,Other,VISp5,181,3.371833084947678,53.680000000002565,baseline_5-10
800,446,Other,VISp5,377,7.023099850968368,53.680000000002565,baseline_5-10
801,447,Other,VISp5,97,1.807004470938811,53.680000000002565,baseline_5-10
802,449,Other,VISp5,330,6.147540983606263,53.680000000002565,baseline_5-10
803,452,Other,VISp5,104,1.9374068554395498,53.680000000002565,baseline_5-10
804,453,Other,VISp5,142,2.645305514157847,53.680000000002565,baseline_5-10
805,455,Other,VISp5,503,9.370342771981669,53.680000000002565,baseline_5-10
806,456,Other,VISp5,334,6.2220566318924,53.680000000002565,baseline_5-10
807,457,Other,VISp5,22,0.4098360655737509,53.680000000002565,baseline_5-10
808,458,Other,VISp5,78,1.4530551415796624,53.680000000002565,baseline_5-10
809,459,Other,VISp5,192,3.5767511177345535,53.680000000002565,baseline_5-10
810,460,Other,VISp5,181,3.371833084947678,53.680000000002565,baseline_5-10
811,466,Other,VISp5,128,2.384500745156369,53.680000000002565,baseline_5-10
812,469,Other,VISp5,100,1.8628912071534132,53.680000000002565,baseline_5-10
813,472,Other,VISp5,42,0.7824143070044336,53.680000000002565,baseline_5-10
814,478,Other,VISp5,39,0.7265275707898312,53.680000000002565,baseline_5-10
815,479,Other,VISp5,36,0.6706408345752287,53.680000000002565,baseline_5-10
816,485,Other,VISp4,19,0.3539493293591485,53.680000000002565,baseline_5-10
817,488,Other,VISp4,11,0.20491803278687545,53.680000000002565,baseline_5-10
818,489,Other,VISp4,70,1.3040238450073893,53.680000000002565,baseline_5-10
819,492,Other,VISp4,36,0.6706408345752287,53.680000000002565,baseline_5-10
820,493,Other,VISp4,88,1.6393442622950036,53.680000000002565,baseline_5-10
821,494,Other,VISp4,26,0.48435171385988746,53.680000000002565,baseline_5-10
822,495,Other,VISp4,17,0.31669150521608025,53.680000000002565,baseline_5-10
823,497,Other,VISp2/3,36,0.6706408345752287,53.680000000002565,baseline_5-10
824,498,Other,VISp2/3,40,0.7451564828613653,53.680000000002565,baseline_5-10
825,500,Other,VISp4,516,9.612518628911612,53.680000000002565,baseline_5-10
826,502,Other,VISp2/3,37,0.6892697466467629,53.680000000002565,baseline_5-10
827,504,Other,VISp2/3,21,0.3912071535022168,53.680000000002565,baseline_5-10
828,520,Other,APN,89,1.6579731743665378,53.680000000002565,baseline_5-10
829,521,Other,APN,26,0.48435171385988746,53.680000000002565,baseline_5-10
830,523,Other,APN,957,17.827868852458163,53.680000000002565,baseline_5-10
831,525,Other,APN,86,1.6020864381519353,53.680000000002565,baseline_5-10
832,530,Other,VISp4,42,0.7824143070044336,53.680000000002565,baseline_5-10
833,533,Other,VISp4,5,0.09314456035767066,53.680000000002565,baseline_5-10
834,535,Other,VISp2/3,9,0.16766020864380718,53.680000000002565,baseline_5-10
835,536,Other,VISp2/3,47,0.8755588673621042,53.680000000002565,baseline_5-10
836,537,Other,VISp2/3,24,0.4470938897168192,53.680000000002565,baseline_5-10
837,538,Other,VISp2/3,3,0.0558867362146024,53.680000000002565,baseline_5-10
838,545,Other,VISp4,5,0.09314456035767066,53.680000000002565,baseline_5-10
839,547,Thalamus,VPL,387,7.209388971683709,53.680000000002565,baseline_5-10
840,550,Thalamus,VPL,13,0.24217585692994373,53.680000000002565,baseline_5-10
841,552,Thalamus,VPL,416,7.749627421758199,53.680000000002565,baseline_5-10
842,553,Thalamus,VPL,111,2.0678092399402885,53.680000000002565,baseline_5-10
843,558,Thalamus,VPL,299,5.570044709388705,53.680000000002565,baseline_5-10
844,561,Thalamus,VPL,851,15.853204172875547,53.680000000002565,baseline_5-10
845,562,Thalamus,VPL,488,9.090909090908657,53.680000000002565,baseline_5-10
846,564,Thalamus,VPL,247,4.6013412816689305,53.680000000002565,baseline_5-10
847,565,Thalamus,VPL,315,5.868107302533252,53.680000000002565,baseline_5-10
848,567,Thalamus,VPL,255,4.750372578241204,53.680000000002565,baseline_5-10
849,568,Thalamus,VPL,0,0.0,53.680000000002565,baseline_5-10
850,572,Thalamus,VPL,753,14.027570789865202,53.680000000002565,baseline_5-10
851,575,Thalamus,VPL,32,0.5961251862890923,53.680000000002565,baseline_5-10
852,576,Thalamus,VPL,131,2.4403874813709714,53.680000000002565,baseline_5-10
853,579,Thalamus,VPL,1086,20.230998509686067,53.680000000002565,baseline_5-10
854,581,Thalamus,VPL,515,9.593889716840078,53.680000000002565,baseline_5-10
855,583,Thalamus,VPL,44,0.8196721311475018,53.680000000002565,baseline_5-10
856,584,Thalamus,VPL,253,4.713114754098135,53.680000000002565,baseline_5-10
857,585,Thalamus,VPL,539,10.040983606556898,53.680000000002565,baseline_5-10
858,586,Thalamus,VPL,11,0.20491803278687545,53.680000000002565,baseline_5-10
859,589,Thalamus,VPL,445,8.289865871832689,53.680000000002565,baseline_5-10
860,590,Thalamus,VPL,708,13.189269746646165,53.680000000002565,baseline_5-10
861,591,Thalamus,VPL,110,2.0491803278687546,53.680000000002565,baseline_5-10
862,593,Thalamus,VPL,163,3.036512667660064,53.680000000002565,baseline_5-10
863,594,Thalamus,VPL,71,1.3226527570789235,53.680000000002565,baseline_5-10
864,595,Thalamus,VPL,124,2.3099850968702325,53.680000000002565,baseline_5-10
865,596,Thalamus,VPL,61,1.136363636363582,53.680000000002565,baseline_5-10
866,597,Thalamus,VPL,799,14.884500745155771,53.680000000002565,baseline_5-10
867,598,Thalamus,VPL,168,3.1296572280177344,53.680000000002565,baseline_5-10
868,599,Thalamus,VPL,38,0.707898658718297,53.680000000002565,baseline_5-10
869,600,Thalamus,VPL,267,4.973919523099613,53.680000000002565,baseline_5-10
870,601,Thalamus,VPL,374,6.967213114753766,53.680000000002565,baseline_5-10
871,602,Thalamus,VPL,630,11.736214605066504,53.680000000002565,baseline_5-10
872,603,Thalamus,VPL,221,4.116989567809044,53.680000000002565,baseline_5-10
873,607,Thalamus,VPL,127,2.3658718330848347,53.680000000002565,baseline_5-10
874,610,Thalamus,VPL,48,0.8941877794336384,53.680000000002565,baseline_5-10
875,611,Thalamus,VPL,532,9.910581222056159,53.680000000002565,baseline_5-10
876,612,Thalamus,VPL,163,3.036512667660064,53.680000000002565,baseline_5-10
877,616,Thalamus,VPL,30,0.558867362146024,53.680000000002565,baseline_5-10
878,617,Thalamus,VPL,65,1.2108792846497185,53.680000000002565,baseline_5-10
879,618,Thalamus,VPL,44,0.8196721311475018,53.680000000002565,baseline_5-10
880,620,Thalamus,VPL,363,6.76229508196689,53.680000000002565,baseline_5-10
881,621,Thalamus,VPL,125,2.3286140089417664,53.680000000002565,baseline_5-10
882,622,Thalamus,VPL,220,4.098360655737509,53.680000000002565,baseline_5-10
883,623,Thalamus,VPL,103,1.9187779433680157,53.680000000002565,baseline_5-10
884,626,Thalamus,VPL,109,2.03055141579722,53.680000000002565,baseline_5-10
885,629,Thalamus,VPL,256,4.769001490312738,53.680000000002565,baseline_5-10
886,630,Thalamus,VPL,437,8.140834575260415,53.680000000002565,baseline_5-10
887,632,Thalamus,VPL,27,0.5029806259314216,53.680000000002565,baseline_5-10
888,633,Thalamus,VPL,215,4.005216095379838,53.680000000002565,baseline_5-10
889,634,Thalamus,VPL,570,10.618479880774455,53.680000000002565,baseline_5-10
890,635,Thalamus,VPL,670,12.481371087927869,53.680000000002565,baseline_5-10
891,664,RT,RT,1802,33.5692995529045,53.680000000002565,baseline_5-10
892,667,RT,RT,975,18.16318926974578,53.680000000002565,baseline_5-10
893,670,Other,CA3,1200,22.35469448584096,53.680000000002565,baseline_5-10
894,672,Other,or,145,2.7011922503724493,53.680000000002565,baseline_5-10
895,676,Somatosensory,SSp-bfd6a,114,2.1236959761548913,53.680000000002565,baseline_5-10
896,680,Somatosensory,SSp-bfd6a,4,0.07451564828613653,53.680000000002565,baseline_5-10
897,681,Somatosensory,SSp-bfd6a,22,0.4098360655737509,53.680000000002565,baseline_5-10
898,683,Somatosensory,SSp-bfd6a,0,0.0,53.680000000002565,baseline_5-10
899,685,Somatosensory,SSp-bfd6a,171,3.1855439642323367,53.680000000002565,baseline_5-10
900,686,Somatosensory,SSp-bfd6a,177,3.297317436661541,53.680000000002565,baseline_5-10
901,687,Somatosensory,SSp-bfd6a,49,0.9128166915051725,53.680000000002565,baseline_5-10
902,690,Somatosensory,SSp-bfd6a,53,0.987332339791309,53.680000000002565,baseline_5-10
903,692,Somatosensory,SSp-bfd5,78,1.4530551415796624,53.680000000002565,baseline_5-10
904,695,Somatosensory,SSp-bfd5,158,2.9433681073023927,53.680000000002565,baseline_5-10
905,696,Somatosensory,SSp-bfd5,4,0.07451564828613653,53.680000000002565,baseline_5-10
906,697,Somatosensory,SSp-bfd5,190,3.539493293591485,53.680000000002565,baseline_5-10
907,698,Somatosensory,SSp-bfd5,211,3.930700447093702,53.680000000002565,baseline_5-10
908,699,Somatosensory,SSp-bfd5,96,1.7883755588672767,53.680000000002565,baseline_5-10
909,700,Somatosensory,SSp-bfd5,34,0.6333830104321605,53.680000000002565,baseline_5-10
910,702,Somatosensory,SSp-bfd5,242,4.50819672131126,53.680000000002565,baseline_5-10
911,705,Somatosensory,SSp-bfd5,36,0.6706408345752287,53.680000000002565,baseline_5-10
912,706,Somatosensory,SSp-bfd5,363,6.76229508196689,53.680000000002565,baseline_5-10
913,707,Somatosensory,SSp-bfd5,197,3.669895678092224,53.680000000002565,baseline_5-10
914,714,Somatosensory,SSp-bfd5,19,0.3539493293591485,53.680000000002565,baseline_5-10
915,715,Somatosensory,SSp-bfd5,40,0.7451564828613653,53.680000000002565,baseline_5-10
916,716,Somatosensory,SSp-bfd5,22,0.4098360655737509,53.680000000002565,baseline_5-10
917,718,Somatosensory,SSp-bfd5,130,2.421758569299437,53.680000000002565,baseline_5-10
918,719,Somatosensory,SSp-bfd5,34,0.6333830104321605,53.680000000002565,baseline_5-10
919,729,Thalamus,VPL,406,7.563338301042858,53.680000000002565,baseline_5-10
920,730,Thalamus,VPL,35,0.6520119225036947,53.680000000002565,baseline_5-10
921,732,Thalamus,VPL,69,1.2853949329358552,53.680000000002565,baseline_5-10
922,733,Thalamus,VPL,176,3.2786885245900073,53.680000000002565,baseline_5-10
923,734,Thalamus,VPL,24,0.4470938897168192,53.680000000002565,baseline_5-10
924,735,Thalamus,VPL,73,1.3599105812219916,53.680000000002565,baseline_5-10
925,738,Thalamus,VPL,80,1.4903129657227305,53.680000000002565,baseline_5-10
926,739,Thalamus,VPL,119,2.216840536512562,53.680000000002565,baseline_5-10
927,741,Other,or,28,0.5216095380029557,53.680000000002565,baseline_5-10
928,743,Somatosensory,SSp-bfd6a,134,2.4962742175855737,53.680000000002565,baseline_5-10
929,744,Somatosensory,SSp-bfd6a,16,0.29806259314454614,53.680000000002565,baseline_5-10
930,746,Somatosensory,SSp-bfd6a,221,4.116989567809044,53.680000000002565,baseline_5-10
931,747,Somatosensory,SSp-bfd5,3,0.0558867362146024,53.680000000002565,baseline_5-10
932,750,Somatosensory,SSp-bfd5,1,0.018628912071534134,53.680000000002565,baseline_5-10
933,751,Somatosensory,SSp-bfd4,24,0.4470938897168192,53.680000000002565,baseline_5-10
934,752,Somatosensory,SSp-bfd6a,7,0.13040238450073893,53.680000000002565,baseline_5-10
935,757,Somatosensory,SSp-bfd5,12,0.2235469448584096,53.680000000002565,baseline_5-10
936,761,STR,LSr,561,10.450819672130649,53.680000000002565,baseline_5-10
937,763,STR,LSr,184,3.42771982116228,53.680000000002565,baseline_5-10
938,766,STR,LSr,44,0.8196721311475018,53.680000000002565,baseline_5-10
939,768,STR,LSr,277,5.160208643814955,53.680000000002565,baseline_5-10
940,769,STR,LSr,73,1.3599105812219916,53.680000000002565,baseline_5-10
941,771,STR,LSr,96,1.7883755588672767,53.680000000002565,baseline_5-10
942,773,STR,LSr,1642,30.588673621459044,53.680000000002565,baseline_5-10
943,774,STR,LSr,71,1.3226527570789235,53.680000000002565,baseline_5-10
944,775,STR,LSr,338,6.296572280178537,53.680000000002565,baseline_5-10
945,777,STR,LSr,58,1.0804769001489796,53.680000000002565,baseline_5-10
946,778,STR,LSr,55,1.0245901639343773,53.680000000002565,baseline_5-10
947,779,STR,LSr,149,2.775707898658586,53.680000000002565,baseline_5-10
948,780,STR,LSr,47,0.8755588673621042,53.680000000002565,baseline_5-10
949,781,STR,LSr,423,7.880029806258938,53.680000000002565,baseline_5-10
950,783,STR,LSr,152,2.831594634873188,53.680000000002565,baseline_5-10
951,784,STR,LSr,46,0.85692995529057,53.680000000002565,baseline_5-10
952,785,STR,LSr,99,1.844262295081879,53.680000000002565,baseline_5-10
953,786,STR,LSr,803,14.959016393441908,53.680000000002565,baseline_5-10
954,787,STR,LSr,11,0.20491803278687545,53.680000000002565,baseline_5-10
955,788,STR,LSr,148,2.7570789865870515,53.680000000002565,baseline_5-10
956,791,STR,LSr,325,6.054396423248593,53.680000000002565,baseline_5-10
957,792,STR,LSr,248,4.619970193740465,53.680000000002565,baseline_5-10
958,793,STR,LSr,44,0.8196721311475018,53.680000000002565,baseline_5-10
959,795,STR,LSr,68,1.266766020864321,53.680000000002565,baseline_5-10
960,797,STR,LSr,5,0.09314456035767066,53.680000000002565,baseline_5-10
961,799,STR,LSr,342,6.371087928464673,53.680000000002565,baseline_5-10
962,801,STR,LSr,44,0.8196721311475018,53.680000000002565,baseline_5-10
963,802,STR,LSr,18,0.33532041728761436,53.680000000002565,baseline_5-10
964,804,STR,LSr,185,3.4463487332338145,53.680000000002565,baseline_5-10
965,805,STR,LSr,261,4.862146050670408,53.680000000002565,baseline_5-10
966,807,STR,LSr,194,3.614008941877622,53.680000000002565,baseline_5-10
967,808,STR,LSr,253,4.713114754098135,53.680000000002565,baseline_5-10
968,810,STR,LSr,118,2.1982116244410275,53.680000000002565,baseline_5-10
969,811,STR,LSr,179,3.3345752608046095,53.680000000002565,baseline_5-10
970,812,STR,LSr,142,2.645305514157847,53.680000000002565,baseline_5-10
971,813,STR,LSr,468,8.718330849477974,53.680000000002565,baseline_5-10
972,815,STR,LSr,193,3.5953800298060874,53.680000000002565,baseline_5-10
973,817,STR,LSr,479,8.923248882264849,53.680000000002565,baseline_5-10
974,818,STR,LSr,292,5.439642324887966,53.680000000002565,baseline_5-10
975,819,STR,LSr,68,1.266766020864321,53.680000000002565,baseline_5-10
976,820,STR,LSr,161,2.9992548435169955,53.680000000002565,baseline_5-10
977,821,STR,LSr,18,0.33532041728761436,53.680000000002565,baseline_5-10
978,822,STR,LSr,362,6.743666169895356,53.680000000002565,baseline_5-10
979,824,STR,LSr,98,1.825633383010345,53.680000000002565,baseline_5-10
980,826,STR,LSr,162,3.0178837555885294,53.680000000002565,baseline_5-10
981,828,STR,LSr,70,1.3040238450073893,53.680000000002565,baseline_5-10
982,829,STR,LSr,163,3.036512667660064,53.680000000002565,baseline_5-10
983,831,STR,LSr,283,5.27198211624416,53.680000000002565,baseline_5-10
984,832,STR,LSr,170,3.1669150521608023,53.680000000002565,baseline_5-10
985,834,STR,LSr,591,11.009687034276672,53.680000000002565,baseline_5-10
986,835,STR,LSr,126,2.347242921013301,53.680000000002565,baseline_5-10
987,838,STR,LSr,110,2.0491803278687546,53.680000000002565,baseline_5-10
988,839,STR,LSr,234,4.359165424738987,53.680000000002565,baseline_5-10
989,840,STR,LSr,151,2.812965722801654,53.680000000002565,baseline_5-10
990,841,STR,LSr,125,2.3286140089417664,53.680000000002565,baseline_5-10
991,842,STR,LSr,354,6.594634873323082,53.680000000002565,baseline_5-10
992,843,STR,LSr,239,4.452309985096657,53.680000000002565,baseline_5-10
993,845,STR,LSr,530,9.87332339791309,53.680000000002565,baseline_5-10
994,846,STR,LSr,283,5.27198211624416,53.680000000002565,baseline_5-10
995,849,STR,LSr,242,4.50819672131126,53.680000000002565,baseline_5-10
996,851,STR,LSr,16,0.29806259314454614,53.680000000002565,baseline_5-10
997,852,STR,LSr,294,5.476900149031035,53.680000000002565,baseline_5-10
998,853,STR,LSr,127,2.3658718330848347,53.680000000002565,baseline_5-10
999,854,STR,LSr,161,2.9992548435169955,53.680000000002565,baseline_5-10
1000,855,STR,LSr,254,4.7317436661696695,53.680000000002565,baseline_5-10
1001,856,STR,LSr,590,10.991058122205137,53.680000000002565,baseline_5-10
1002,857,STR,LSr,186,3.4649776453053485,53.680000000002565,baseline_5-10
1003,858,STR,LSr,181,3.371833084947678,53.680000000002565,baseline_5-10
1004,859,STR,LSr,397,7.39567809239905,53.680000000002565,baseline_5-10
1005,861,STR,LSr,299,5.570044709388705,53.680000000002565,baseline_5-10
1006,862,STR,LSr,157,2.924739195230859,53.680000000002565,baseline_5-10
1007,863,STR,LSr,91,1.6952309985096061,53.680000000002565,baseline_5-10
1008,864,STR,LSr,109,2.03055141579722,53.680000000002565,baseline_5-10
1009,865,STR,LSr,294,5.476900149031035,53.680000000002565,baseline_5-10
1010,866,STR,LSr,60,1.117734724292048,53.680000000002565,baseline_5-10
1011,868,STR,LSr,223,4.1542473919521115,53.680000000002565,baseline_5-10
1012,871,STR,LSr,433,8.06631892697428,53.680000000002565,baseline_5-10
1013,872,STR,LSr,356,6.631892697466151,53.680000000002565,baseline_5-10
1014,873,STR,LSr,91,1.6952309985096061,53.680000000002565,baseline_5-10
1015,874,STR,LSr,78,1.4530551415796624,53.680000000002565,baseline_5-10
1016,876,STR,LSr,539,10.040983606556898,53.680000000002565,baseline_5-10
1017,877,STR,STR,122,2.272727272727164,53.680000000002565,baseline_5-10
1018,879,STR,STR,232,4.321907600595918,53.680000000002565,baseline_5-10
1019,880,STR,STR,142,2.645305514157847,53.680000000002565,baseline_5-10
1020,881,STR,STR,195,3.6326378539491557,53.680000000002565,baseline_5-10
1021,882,STR,STR,375,6.985842026825299,53.680000000002565,baseline_5-10
1022,883,STR,STR,107,1.993293591654152,53.680000000002565,baseline_5-10
1023,884,STR,STR,205,3.818926974664497,53.680000000002565,baseline_5-10
1024,885,STR,STR,203,3.781669150521429,53.680000000002565,baseline_5-10
1025,886,STR,STR,53,0.987332339791309,53.680000000002565,baseline_5-10
1026,887,STR,STR,166,3.092399403874666,53.680000000002565,baseline_5-10
1027,888,STR,STR,20,0.37257824143068263,53.680000000002565,baseline_5-10
1028,889,STR,STR,575,10.711624441132127,53.680000000002565,baseline_5-10
1029,890,STR,STR,15,0.279433681073012,53.680000000002565,baseline_5-10
1030,891,STR,STR,241,4.489567809239726,53.680000000002565,baseline_5-10
1031,892,STR,STR,70,1.3040238450073893,53.680000000002565,baseline_5-10
1032,895,STR,STR,123,2.291356184798698,53.680000000002565,baseline_5-10
1033,897,STR,STR,2,0.03725782414306827,53.680000000002565,baseline_5-10
1034,898,STR,STR,73,1.3599105812219916,53.680000000002565,baseline_5-10
1035,900,STR,STR,97,1.807004470938811,53.680000000002565,baseline_5-10
1036,902,STR,STR,200,3.7257824143068263,53.680000000002565,baseline_5-10
1037,903,STR,STR,919,17.119970193739867,53.680000000002565,baseline_5-10
1038,904,STR,STR,39,0.7265275707898312,53.680000000002565,baseline_5-10
1039,909,STR,LSr,214,3.986587183308304,53.680000000002565,baseline_5-10
1040,910,STR,LSr,341,6.352459016393139,53.680000000002565,baseline_5-10
1041,911,STR,LSr,45,0.838301043219036,53.680000000002565,baseline_5-10
1042,914,STR,LSr,318,5.923994038747854,53.680000000002565,baseline_5-10
1043,916,STR,LSr,191,3.558122205663019,53.680000000002565,baseline_5-10
1044,917,STR,LSr,260,4.843517138598874,53.680000000002565,baseline_5-10
1045,919,STR,LSr,394,7.339791356184448,53.680000000002565,baseline_5-10
1046,920,STR,LSr,75,1.39716840536506,53.680000000002565,baseline_5-10
1047,921,STR,LSr,23,0.428464977645285,53.680000000002565,baseline_5-10
1048,922,STR,LSr,39,0.7265275707898312,53.680000000002565,baseline_5-10
1049,923,STR,SH,186,3.4649776453053485,53.680000000002565,baseline_5-10
1050,924,STR,SH,298,5.551415797317172,53.680000000002565,baseline_5-10
1051,925,STR,SH,263,4.899403874813477,53.680000000002565,baseline_5-10
1052,927,STR,SH,256,4.769001490312738,53.680000000002565,baseline_5-10
1053,928,STR,SH,427,7.954545454545075,53.680000000002565,baseline_5-10
1054,929,STR,SH,79,1.4716840536511964,53.680000000002565,baseline_5-10
1055,930,STR,SH,343,6.389716840536208,53.680000000002565,baseline_5-10
1056,932,STR,LSr,298,5.551415797317172,53.680000000002565,baseline_5-10
1057,933,STR,LSr,315,5.868107302533252,53.680000000002565,baseline_5-10
1058,935,STR,LSr,257,4.787630402384272,53.680000000002565,baseline_5-10
1059,937,STR,LSr,209,3.8934426229506336,53.680000000002565,baseline_5-10
1060,938,STR,LSr,247,4.6013412816689305,53.680000000002565,baseline_5-10
1061,940,STR,LSr,74,1.3785394932935258,53.680000000002565,baseline_5-10
1062,941,STR,LSr,289,5.383755588673364,53.680000000002565,baseline_5-10
1063,943,STR,LSr,116,2.160953800297959,53.680000000002565,baseline_5-10
1064,945,STR,LSr,673,12.53725782414247,53.680000000002565,baseline_5-10
1065,946,STR,LSr,296,5.514157973174103,53.680000000002565,baseline_5-10
1066,947,STR,LSr,130,2.421758569299437,53.680000000002565,baseline_5-10
1067,949,STR,SH,101,1.8815201192249473,53.680000000002565,baseline_5-10
1068,950,STR,SH,635,11.829359165424174,53.680000000002565,baseline_5-10
1069,952,STR,SH,213,3.9679582712367703,53.680000000002565,baseline_5-10
1070,953,STR,SH,34,0.6333830104321605,53.680000000002565,baseline_5-10
1071,955,STR,SH,231,4.303278688524385,53.680000000002565,baseline_5-10
1072,958,STR,STR,25,0.4657228017883533,53.680000000002565,baseline_5-10
1073,959,STR,STR,336,6.259314456035469,53.680000000002565,baseline_5-10
1074,960,STR,STR,217,4.042473919522907,53.680000000002565,baseline_5-10
1075,964,STR,STR,355,6.613263785394617,53.680000000002565,baseline_5-10
1076,965,STR,STR,217,4.042473919522907,53.680000000002565,baseline_5-10
1077,968,STR,STR,48,0.8941877794336384,53.680000000002565,baseline_5-10
1078,971,STR,STR,337,6.277943368107002,53.680000000002565,baseline_5-10
1079,973,STR,STR,214,3.986587183308304,53.680000000002565,baseline_5-10
1080,974,STR,STR,220,4.098360655737509,53.680000000002565,baseline_5-10
1081,976,STR,STR,86,1.6020864381519353,53.680000000002565,baseline_5-10
1082,977,STR,STR,193,3.5953800298060874,53.680000000002565,baseline_5-10
1083,979,STR,STR,204,3.800298062592963,53.680000000002565,baseline_5-10
1084,980,STR,STR,5,0.09314456035767066,53.680000000002565,baseline_5-10
1085,981,STR,STR,84,1.5648286140088672,53.680000000002565,baseline_5-10
1086,982,STR,STR,52,0.9687034277197749,53.680000000002565,baseline_5-10
1087,983,STR,STR,116,2.160953800297959,53.680000000002565,baseline_5-10
1088,984,STR,STR,129,2.403129657227903,53.680000000002565,baseline_5-10
1089,985,STR,STR,37,0.6892697466467629,53.680000000002565,baseline_5-10
1090,989,Other,ccg,833,15.517883755587933,53.680000000002565,baseline_5-10
1091,991,Other,ccg,761,14.176602086437475,53.680000000002565,baseline_5-10
1092,992,Other,ccg,5,0.09314456035767066,53.680000000002565,baseline_5-10
1093,993,STR,STR,145,2.7011922503724493,53.680000000002565,baseline_5-10
1094,994,Other,ccg,137,2.552160953800176,53.680000000002565,baseline_5-10
1095,995,Other,ccg,5,0.09314456035767066,53.680000000002565,baseline_5-10
1096,996,Other,ccg,251,4.675856929955067,53.680000000002565,baseline_5-10
1097,1005,Other,ACAv6a,6,0.1117734724292048,53.680000000002565,baseline_5-10
1098,1008,Other,ACAv5,221,4.116989567809044,53.680000000002565,baseline_5-10
1099,1009,Other,ACAv6a,95,1.7697466467957426,53.680000000002565,baseline_5-10
1100,1011,Other,ACAv5,202,3.7630402384498947,53.680000000002565,baseline_5-10
1101,1013,Other,ACAv5,1,0.018628912071534134,53.680000000002565,baseline_5-10
1102,1014,Other,ACAv5,450,8.383010432190359,53.680000000002565,baseline_5-10
1103,1015,Other,ACAv5,170,3.1669150521608023,53.680000000002565,baseline_5-10
1104,1016,Other,ACAv6a,0,0.0,53.680000000002565,baseline_5-10
1105,1017,Other,ACAv6a,34,0.6333830104321605,53.680000000002565,baseline_5-10
1106,1020,Other,ACAv5,1016,18.926974664678678,53.680000000002565,baseline_5-10
1107,1021,Other,ACAv5,64,1.1922503725781846,53.680000000002565,baseline_5-10
1108,1025,Other,ACAv6a,160,2.980625931445461,53.680000000002565,baseline_5-10
1109,1028,Other,ACAv6a,117,2.1795827123694935,53.680000000002565,baseline_5-10
1110,1030,Other,ACAv6a,13,0.24217585692994373,53.680000000002565,baseline_5-10
1111,1032,Other,ACAv5,199,3.7071535022352924,53.680000000002565,baseline_5-10
1112,1033,Other,ACAv5,288,5.36512667660183,53.680000000002565,baseline_5-10
1113,1035,Other,ACAv5,807,15.033532041728044,53.680000000002565,baseline_5-10
1114,1036,Other,ACAv6a,92,1.71385991058114,53.680000000002565,baseline_5-10
1115,1038,Other,ACAv5,6,0.1117734724292048,53.680000000002565,baseline_5-10
1116,1039,Other,ACAv6a,72,1.3412816691504574,53.680000000002565,baseline_5-10
1117,1043,Other,ACAv6a,171,3.1855439642323367,53.680000000002565,baseline_5-10
1118,1045,Other,ACAv6a,476,8.867362146050247,53.680000000002565,baseline_5-10
1119,1052,Other,ACAv6a,447,8.327123695975757,53.680000000002565,baseline_5-10
1120,1055,Other,ACAv6a,120,2.235469448584096,53.680000000002565,baseline_5-10
1121,1057,Other,ACAv6a,858,15.983606557376286,53.680000000002565,baseline_5-10
1122,1058,Other,ACAv6a,149,2.775707898658586,53.680000000002565,baseline_5-10
1123,1061,Other,ACAv6a,19,0.3539493293591485,53.680000000002565,baseline_5-10
1124,1062,Other,ACAv6a,146,2.719821162443983,53.680000000002565,baseline_5-10
1125,1066,Other,ACAv6a,267,4.973919523099613,53.680000000002565,baseline_5-10
1126,1069,Other,ACAv6a,102,1.9001490312964815,53.680000000002565,baseline_5-10
1127,1073,Other,ACAv6a,216,4.0238450074513725,53.680000000002565,baseline_5-10
1128,1074,Other,ACAv6a,20,0.37257824143068263,53.680000000002565,baseline_5-10
1129,1075,Other,ACAv6a,3423,63.76676602086133,53.680000000002565,baseline_5-10
1130,1083,Other,ACAv6a,189,3.520864381519951,53.680000000002565,baseline_5-10
1131,1085,Other,ACAv6a,6,0.1117734724292048,53.680000000002565,baseline_5-10
1132,1086,Other,ACAv6a,739,13.766766020863724,53.680000000002565,baseline_5-10
1133,1090,Other,ACAv6a,244,4.545454545454328,53.680000000002565,baseline_5-10
1134,1091,Other,ACAv6a,123,2.291356184798698,53.680000000002565,baseline_5-10
1135,1092,Other,ACAv6a,111,2.0678092399402885,53.680000000002565,baseline_5-10
1136,1093,Other,ACAv6a,2,0.03725782414306827,53.680000000002565,baseline_5-10
1137,1094,Other,ACAv6a,11,0.20491803278687545,53.680000000002565,baseline_5-10
1138,1095,Other,ACAv6a,102,1.9001490312964815,53.680000000002565,baseline_5-10
1139,1098,Other,ACAv6a,225,4.191505216095179,53.680000000002565,baseline_5-10
1140,1100,Other,ACAv6a,53,0.987332339791309,53.680000000002565,baseline_5-10
1141,1102,Other,ACAv6a,272,5.067064083457284,53.680000000002565,baseline_5-10
1142,1104,Other,ACAv6a,156,2.906110283159325,53.680000000002565,baseline_5-10
1143,1105,Other,ACAd6a,47,0.8755588673621042,53.680000000002565,baseline_5-10
1144,1107,Other,ACAd6a,92,1.71385991058114,53.680000000002565,baseline_5-10
1145,1109,Other,ACAd6a,150,2.79433681073012,53.680000000002565,baseline_5-10
1146,1110,Other,ACAd6a,3,0.0558867362146024,53.680000000002565,baseline_5-10
1147,1112,Other,ACAd6a,509,9.482116244410873,53.680000000002565,baseline_5-10
1148,1113,Other,ACAd6a,8,0.14903129657227307,53.680000000002565,baseline_5-10
1149,1115,Other,ACAd6a,51,0.9500745156482407,53.680000000002565,baseline_5-10
1150,1118,Other,ACAd6a,0,0.0,53.680000000002565,baseline_5-10
1151,1119,Other,ACAd6a,0,0.0,53.680000000002565,baseline_5-10
1152,1120,Other,ACAd6a,221,4.116989567809044,53.680000000002565,baseline_5-10
1153,1121,Other,ACAd6a,170,3.1669150521608023,53.680000000002565,baseline_5-10
1154,1124,Other,ACAd6a,266,4.955290611028079,53.680000000002565,baseline_5-10
1155,1126,Other,ACAd6a,39,0.7265275707898312,53.680000000002565,baseline_5-10
1156,1127,Other,ACAd6a,46,0.85692995529057,53.680000000002565,baseline_5-10
1157,1128,Other,ACAd6a,7,0.13040238450073893,53.680000000002565,baseline_5-10
1158,1129,Other,ACAd6a,113,2.105067064083357,53.680000000002565,baseline_5-10
1159,1130,Other,ACAd6a,142,2.645305514157847,53.680000000002565,baseline_5-10
1160,1131,Other,ACAd6a,28,0.5216095380029557,53.680000000002565,baseline_5-10
1161,1132,Other,ACAd6a,66,1.2295081967212527,53.680000000002565,baseline_5-10
1162,1134,Other,ACAd6a,53,0.987332339791309,53.680000000002565,baseline_5-10
1163,1142,Other,ACAd6a,0,0.0,53.680000000002565,baseline_5-10
1164,1143,Other,ACAd6a,29,0.5402384500744898,53.680000000002565,baseline_5-10
1165,1145,Other,ACAd6a,76,1.415797317436594,53.680000000002565,baseline_5-10
1166,1148,Other,ACAd6a,77,1.4344262295081283,53.680000000002565,baseline_5-10
1167,1149,Other,ACAd6a,0,0.0,53.680000000002565,baseline_5-10
1168,1152,Other,ACAd6a,55,1.0245901639343773,53.680000000002565,baseline_5-10
1169,1154,Other,ACAd6a,189,3.520864381519951,53.680000000002565,baseline_5-10
1170,1156,Other,ACAd6a,225,4.191505216095179,53.680000000002565,baseline_5-10
1171,1161,Other,ACAd6a,51,0.9500745156482407,53.680000000002565,baseline_5-10
1172,1163,Other,ACAd6a,18,0.33532041728761436,53.680000000002565,baseline_5-10
1173,1164,Other,ACAd6a,6,0.1117734724292048,53.680000000002565,baseline_5-10
1174,1165,Other,ACAd6a,121,2.25409836065563,53.680000000002565,baseline_5-10
1175,1167,Motor,MOs6a,235,4.377794336810521,53.680000000002565,baseline_5-10
1176,1168,Motor,MOs6a,160,2.980625931445461,53.680000000002565,baseline_5-10
1177,1169,Motor,MOs6a,64,1.1922503725781846,53.680000000002565,baseline_5-10
1178,1176,Motor,MOs6a,46,0.85692995529057,53.680000000002565,baseline_5-10
1179,1178,Motor,MOs6a,33,0.6147540983606263,53.680000000002565,baseline_5-10
1180,1180,Motor,MOs6a,120,2.235469448584096,53.680000000002565,baseline_5-10
1181,1182,Motor,MOs6a,16,0.29806259314454614,53.680000000002565,baseline_5-10
1182,1185,Motor,MOs6a,19,0.3539493293591485,53.680000000002565,baseline_5-10
1183,1187,Motor,MOs6a,2,0.03725782414306827,53.680000000002565,baseline_5-10
1184,1200,Motor,MOs6a,271,5.04843517138575,53.680000000002565,baseline_5-10
1185,1201,Motor,MOs6a,66,1.2295081967212527,53.680000000002565,baseline_5-10
1186,1202,Motor,MOs6a,0,0.0,53.680000000002565,baseline_5-10
1187,1203,Motor,MOs6a,335,6.240685543963934,53.680000000002565,baseline_5-10
1188,1204,Motor,MOs6a,0,0.0,53.680000000002565,baseline_5-10
1189,1207,Motor,MOs6a,602,11.214605067063548,53.680000000002565,baseline_5-10
1190,1208,Motor,MOs5,1001,18.647540983605666,53.680000000002565,baseline_5-10
1191,1209,Motor,MOs5,371,6.911326378539163,53.680000000002565,baseline_5-10
1192,1215,Motor,MOs5,67,1.2481371087927868,53.680000000002565,baseline_5-10
1193,1221,Motor,MOs5,2,0.03725782414306827,53.680000000002565,baseline_5-10
1194,1224,Motor,MOs5,280,5.216095380029557,53.680000000002565,baseline_5-10
1195,1228,Motor,MOs5,491,9.14679582712326,53.680000000002565,baseline_5-10
1196,1230,Motor,MOs5,10,0.18628912071534132,53.680000000002565,baseline_5-10
1197,1233,Motor,MOs5,405,7.544709388971324,53.680000000002565,baseline_5-10
1198,1235,Motor,MOs5,131,2.4403874813709714,53.680000000002565,baseline_5-10
1199,1236,Motor,MOs5,232,4.321907600595918,53.680000000002565,baseline_5-10
1200,1237,Motor,MOs5,30,0.558867362146024,53.680000000002565,baseline_5-10
1201,1239,Motor,MOs5,66,1.2295081967212527,53.680000000002565,baseline_5-10
1202,1240,Motor,MOs5,11,0.20491803278687545,53.680000000002565,baseline_5-10
1203,1246,Motor,MOs5,31,0.5774962742175581,53.680000000002565,baseline_5-10
1204,1248,Motor,MOs5,5,0.09314456035767066,53.680000000002565,baseline_5-10
1205,1249,Motor,MOs5,8,0.14903129657227307,53.680000000002565,baseline_5-10
1206,1250,Motor,MOs5,42,0.7824143070044336,53.680000000002565,baseline_5-10
1207,1254,STR,LSr,281,5.234724292101091,53.680000000002565,baseline_5-10
1208,1255,STR,LSr,5,0.09314456035767066,53.680000000002565,baseline_5-10
1209,1256,STR,LSr,64,1.1922503725781846,53.680000000002565,baseline_5-10
1210,1259,STR,LSr,77,1.4344262295081283,53.680000000002565,baseline_5-10
1211,1261,STR,LSr,67,1.2481371087927868,53.680000000002565,baseline_5-10
1212,1263,STR,LSr,18,0.33532041728761436,53.680000000002565,baseline_5-10
1213,1264,STR,LSr,37,0.6892697466467629,53.680000000002565,baseline_5-10
1214,1267,STR,LSr,48,0.8941877794336384,53.680000000002565,baseline_5-10
1215,1269,STR,LSr,202,3.7630402384498947,53.680000000002565,baseline_5-10
1216,1270,STR,LSr,164,3.0551415797315977,53.680000000002565,baseline_5-10
1217,1271,STR,LSr,238,4.433681073025124,53.680000000002565,baseline_5-10
1218,1272,STR,LSr,54,1.0059612518628431,53.680000000002565,baseline_5-10
1219,1274,STR,LSr,203,3.781669150521429,53.680000000002565,baseline_5-10
1220,1275,STR,STR,38,0.707898658718297,53.680000000002565,baseline_5-10
1221,1280,STR,LSr,15,0.279433681073012,53.680000000002565,baseline_5-10
1222,1281,STR,LSr,86,1.6020864381519353,53.680000000002565,baseline_5-10
1223,1282,STR,LSr,37,0.6892697466467629,53.680000000002565,baseline_5-10
1224,1283,STR,LSr,15,0.279433681073012,53.680000000002565,baseline_5-10
1225,1284,STR,LSr,250,4.657228017883533,53.680000000002565,baseline_5-10
1226,1286,STR,STR,90,1.676602086438072,53.680000000002565,baseline_5-10
1227,1287,STR,STR,136,2.533532041728642,53.680000000002565,baseline_5-10
1228,1289,STR,STR,63,1.1736214605066504,53.680000000002565,baseline_5-10
1229,1290,STR,STR,59,1.0991058122205137,53.680000000002565,baseline_5-10
1230,1291,STR,STR,0,0.0,53.680000000002565,baseline_5-10
1231,1295,Other,ACAv6a,34,0.6333830104321605,53.680000000002565,baseline_5-10
1232,1296,Other,ACAv6a,0,0.0,53.680000000002565,baseline_5-10
1233,1298,Other,ACAv6a,27,0.5029806259314216,53.680000000002565,baseline_5-10
1234,1301,Other,ACAv6a,0,0.0,53.680000000002565,baseline_5-10
1235,1303,Other,ACAv6a,52,0.9687034277197749,53.680000000002565,baseline_5-10
1236,1304,Other,ACAv6a,1,0.018628912071534134,53.680000000002565,baseline_5-10
1237,1306,Other,ACAv6a,10,0.18628912071534132,53.680000000002565,baseline_5-10
1238,1307,Other,ACAv6a,2,0.03725782414306827,53.680000000002565,baseline_5-10
1239,1308,Other,ACAv6a,165,3.0737704918031317,53.680000000002565,baseline_5-10
1240,1311,Other,ACAd6a,31,0.5774962742175581,53.680000000002565,baseline_5-10
1241,1312,Other,ACAd6a,14,0.26080476900147787,53.680000000002565,baseline_5-10
1242,1313,Other,ACAd6a,1,0.018628912071534134,53.680000000002565,baseline_5-10
1243,1314,Other,ACAd6a,337,6.277943368107002,53.680000000002565,baseline_5-10
1244,1317,Motor,MOs6a,4,0.07451564828613653,53.680000000002565,baseline_5-10
1245,1318,Motor,MOs6a,77,1.4344262295081283,53.680000000002565,baseline_5-10
1246,1321,Motor,MOs6a,146,2.719821162443983,53.680000000002565,baseline_5-10
1247,1322,Motor,MOs5,11,0.20491803278687545,53.680000000002565,baseline_5-10
1248,1323,Motor,MOs5,1,0.018628912071534134,53.680000000002565,baseline_5-10
1249,1328,Motor,MOs5,3,0.0558867362146024,53.680000000002565,baseline_5-10
1250,1329,Motor,MOs5,0,0.0,53.680000000002565,baseline_5-10
1251,1330,Motor,MOs5,13,0.24217585692994373,53.680000000002565,baseline_5-10
1252,1331,STR,LSr,189,3.520864381519951,53.680000000002565,baseline_5-10
1253,1332,STR,LSr,24,0.4470938897168192,53.680000000002565,baseline_5-10
1254,1334,STR,STR,417,7.768256333829733,53.680000000002565,baseline_5-10
1255,1335,STR,STR,110,2.0491803278687546,53.680000000002565,baseline_5-10
1256,1336,STR,LSr,198,3.688524590163758,53.680000000002565,baseline_5-10
1257,1337,Other,ccg,4,0.07451564828613653,53.680000000002565,baseline_5-10
1258,1339,Other,ACAd6a,210,3.912071535022168,53.680000000002565,baseline_5-10
1259,1340,Other,ACAd6a,17,0.31669150521608025,53.680000000002565,baseline_5-10
1260,1341,Other,ACAd6a,0,0.0,53.680000000002565,baseline_5-10
1261,1342,Motor,MOs6a,0,0.0,53.680000000002565,baseline_5-10
1262,1345,Motor,MOs5,12,0.2235469448584096,53.680000000002565,baseline_5-10
1263,1347,STR,STR,5,0.09314456035767066,53.680000000002565,baseline_5-10
1264,1348,STR,LSr,33,0.6147540983606263,53.680000000002565,baseline_5-10
1265,1349,STR,STR,22,0.4098360655737509,53.680000000002565,baseline_5-10
1266,1350,Other,ACAv6a,46,0.85692995529057,53.680000000002565,baseline_5-10
1267,1351,Other,ACAv6a,28,0.5216095380029557,53.680000000002565,baseline_5-10
1268,1354,Motor,MOs5,60,1.117734724292048,53.680000000002565,baseline_5-10
1269,1356,Motor,MOs5,11,0.20491803278687545,53.680000000002565,baseline_5-10
1270,1358,STR,LSr,8,0.14903129657227307,53.680000000002565,baseline_5-10
1271,1360,Motor,MOs5,16,0.29806259314454614,53.680000000002565,baseline_5-10
1272,1361,Motor,MOs5,2,0.03725782414306827,53.680000000002565,baseline_5-10
1273,1362,Motor,MOs5,20,0.37257824143068263,53.680000000002565,baseline_5-10
1274,0,Thalamus,MD,634,3.211427413635902,197.42000000000007,effect_0-5
1275,1,Thalamus,MD,1525,7.724647958666799,197.42000000000007,effect_0-5
1276,2,Thalamus,MD,2899,14.684429135852492,197.42000000000007,effect_0-5
1277,3,Thalamus,MD,772,3.9104447371087008,197.42000000000007,effect_0-5
1278,4,Thalamus,MD,390,1.9754837402492142,197.42000000000007,effect_0-5
1279,5,Thalamus,IAD,2951,14.947826967885721,197.42000000000007,effect_0-5
1280,6,Thalamus,IAD,2560,12.96727788471279,197.42000000000007,effect_0-5
1281,7,Thalamus,MD,1033,5.2324992401985595,197.42000000000007,effect_0-5
1282,8,Thalamus,MD,1890,9.573498125823114,197.42000000000007,effect_0-5
1283,11,Thalamus,MD,656,3.3228649579576524,197.42000000000007,effect_0-5
1284,13,Thalamus,MD,2309,11.69587681086009,197.42000000000007,effect_0-5
1285,14,Thalamus,MD,233,1.1802249012258126,197.42000000000007,effect_0-5
1286,16,Thalamus,MD,1304,6.605207172525578,197.42000000000007,effect_0-5
1287,17,Thalamus,MD,14,0.07091480093202307,197.42000000000007,effect_0-5
1288,18,Thalamus,MD,908,4.599331374734068,197.42000000000007,effect_0-5
1289,19,Thalamus,MD,2497,12.648161280518686,197.42000000000007,effect_0-5
1290,21,Thalamus,MD,1624,8.226116908114676,197.42000000000007,effect_0-5
1291,22,Thalamus,MD,1363,6.904062405024818,197.42000000000007,effect_0-5
1292,23,Thalamus,MD,2205,11.169081146793634,197.42000000000007,effect_0-5
1293,25,Thalamus,MD,3392,17.181643197244448,197.42000000000007,effect_0-5
1294,26,Thalamus,MD,1413,7.157329551210615,197.42000000000007,effect_0-5
1295,28,Thalamus,MD,3230,16.361057643602464,197.42000000000007,effect_0-5
1296,29,Thalamus,MD,1345,6.812886232397931,197.42000000000007,effect_0-5
1297,31,Thalamus,MD,967,4.898186607233308,197.42000000000007,effect_0-5
1298,33,Thalamus,MD,1378,6.980042548880557,197.42000000000007,effect_0-5
1299,35,Thalamus,MD,2530,12.815317597001313,197.42000000000007,effect_0-5
1300,37,Thalamus,MD,540,2.7352851788066044,197.42000000000007,effect_0-5
1301,39,Thalamus,MD,850,4.305541485158543,197.42000000000007,effect_0-5
1302,40,Thalamus,MD,745,3.773680478168371,197.42000000000007,effect_0-5
1303,43,Thalamus,MD,2420,12.258129875392559,197.42000000000007,effect_0-5
1304,44,Thalamus,MD,1402,7.101610779049739,197.42000000000007,effect_0-5
1305,46,Thalamus,MD,3216,16.29014284267044,197.42000000000007,effect_0-5
1306,47,Thalamus,MD,1618,8.19572485057238,197.42000000000007,effect_0-5
1307,48,Thalamus,MD,2914,14.760409279708231,197.42000000000007,effect_0-5
1308,49,Thalamus,MD,1237,6.26582919663661,197.42000000000007,effect_0-5
1309,50,Thalamus,MD,1748,8.854219430655451,197.42000000000007,effect_0-5
1310,53,Thalamus,MD,3157,15.991287610171202,197.42000000000007,effect_0-5
1311,54,Thalamus,MD,1353,6.853408975787659,197.42000000000007,effect_0-5
1312,57,Thalamus,MD,1213,6.144260966467428,197.42000000000007,effect_0-5
1313,58,Thalamus,MD,3285,16.639651504406842,197.42000000000007,effect_0-5
1314,60,Thalamus,MD,1242,6.291155911255189,197.42000000000007,effect_0-5
1315,63,Thalamus,MD,338,1.7120859082159856,197.42000000000007,effect_0-5
1316,65,Thalamus,MD,4822,24.425083578158233,197.42000000000007,effect_0-5
1317,66,Thalamus,MD,1847,9.355688380103329,197.42000000000007,effect_0-5
1318,67,Thalamus,MD,1629,8.251443622733255,197.42000000000007,effect_0-5
1319,68,Thalamus,MD,1705,8.636409684935668,197.42000000000007,effect_0-5
1320,70,Thalamus,MD,247,1.2511397021578357,197.42000000000007,effect_0-5
1321,71,Thalamus,MD,208,1.0535913281329141,197.42000000000007,effect_0-5
1322,73,Thalamus,MD,1743,8.828892716036872,197.42000000000007,effect_0-5
1323,74,Thalamus,MD,5634,28.53814203221557,197.42000000000007,effect_0-5
1324,75,Thalamus,MD,1831,9.274642893323875,197.42000000000007,effect_0-5
1325,76,Thalamus,MD,1766,8.94539560328234,197.42000000000007,effect_0-5
1326,77,Thalamus,MD,2195,11.118427717556475,197.42000000000007,effect_0-5
1327,78,Thalamus,MD,2140,10.839833856752097,197.42000000000007,effect_0-5
1328,79,Thalamus,MD,1873,9.487387296119945,197.42000000000007,effect_0-5
1329,80,Thalamus,MD,113,0.5723837503799005,197.42000000000007,effect_0-5
1330,83,Thalamus,MD,1394,7.061088035660012,197.42000000000007,effect_0-5
1331,84,Thalamus,MD,1998,10.120555161584436,197.42000000000007,effect_0-5
1332,86,Thalamus,MD,705,3.571066761219733,197.42000000000007,effect_0-5
1333,89,Thalamus,MD,2101,10.642285482727177,197.42000000000007,effect_0-5
1334,90,Thalamus,MD,1008,5.105865667105661,197.42000000000007,effect_0-5
1335,91,Thalamus,MD,331,1.676628507749974,197.42000000000007,effect_0-5
1336,92,Thalamus,MD,1026,5.197041839732548,197.42000000000007,effect_0-5
1337,93,Thalamus,MD,393,1.990679769020362,197.42000000000007,effect_0-5
1338,95,Thalamus,MD,179,0.9066963833451521,197.42000000000007,effect_0-5
1339,96,Thalamus,MD,708,3.586262789990881,197.42000000000007,effect_0-5
1340,99,Thalamus,MD,460,2.3300577449093294,197.42000000000007,effect_0-5
1341,101,Thalamus,MD,181,0.916827069192584,197.42000000000007,effect_0-5
1342,104,Thalamus,MD,770,3.900314051261269,197.42000000000007,effect_0-5
1343,127,Other,DG-mo,2060,10.434606422854824,197.42000000000007,effect_0-5
1344,129,Other,DG-mo,25,0.12663357309289835,197.42000000000007,effect_0-5
1345,131,Other,DG-mo,258,1.3068584743187108,197.42000000000007,effect_0-5
1346,132,Other,DG-sg,2195,11.118427717556475,197.42000000000007,effect_0-5
1347,133,Other,DG-sg,1832,9.27970823624759,197.42000000000007,effect_0-5
1348,135,Other,DG-sg,185,0.9370884408874477,197.42000000000007,effect_0-5
1349,137,Other,DG-sg,7,0.035457400466011535,197.42000000000007,effect_0-5
1350,139,Other,DG-sg,40,0.20261371694863733,197.42000000000007,effect_0-5
1351,141,Other,DG-sg,12,0.0607841150845912,197.42000000000007,effect_0-5
1352,143,Other,DG-sg,400,2.0261371694863737,197.42000000000007,effect_0-5
1353,145,Other,DG-sg,164,0.8307162394894131,197.42000000000007,effect_0-5
1354,149,Other,DG-po,9,0.0455880863134434,197.42000000000007,effect_0-5
1355,152,Other,CA3,7,0.035457400466011535,197.42000000000007,effect_0-5
1356,157,Other,CA3,2221,11.250126633573089,197.42000000000007,effect_0-5
1357,164,Other,CA3,249,1.2612703880052676,197.42000000000007,effect_0-5
1358,166,Other,CA3,8,0.04052274338972747,197.42000000000007,effect_0-5
1359,181,Other,CA1,1063,5.384459527910037,197.42000000000007,effect_0-5
1360,182,Other,CA1,4466,22.62182149731536,197.42000000000007,effect_0-5
1361,188,Other,CA1,131,0.6635599230067873,197.42000000000007,effect_0-5
1362,201,Other,RSPd6a,768,3.890183365413837,197.42000000000007,effect_0-5
1363,202,Other,RSPagl6a,1614,8.175463478877518,197.42000000000007,effect_0-5
1364,204,Other,RSPagl6a,95,0.4812075777530137,197.42000000000007,effect_0-5
1365,210,Other,RSPagl5,1213,6.144260966467428,197.42000000000007,effect_0-5
1366,211,Other,RSPagl5,2881,14.593252963225606,197.42000000000007,effect_0-5
1367,213,Other,RSPagl5,1378,6.980042548880557,197.42000000000007,effect_0-5
1368,214,Other,RSPagl5,129,0.6534292371593554,197.42000000000007,effect_0-5
1369,215,Other,RSPagl5,2807,14.218417586870626,197.42000000000007,effect_0-5
1370,216,Other,RSPagl5,189,0.9573498125823114,197.42000000000007,effect_0-5
1371,217,Other,RSPagl5,1674,8.479384054300473,197.42000000000007,effect_0-5
1372,219,Other,RSPagl5,2202,11.153885118022487,197.42000000000007,effect_0-5
1373,220,Other,RSPagl5,1001,5.0704082666396495,197.42000000000007,effect_0-5
1374,222,Other,RSPagl5,1795,9.092290548070102,197.42000000000007,effect_0-5
1375,224,Other,RSPagl5,1471,7.4511194407861385,197.42000000000007,effect_0-5
1376,225,Other,RSPagl5,1933,9.7913078715429,197.42000000000007,effect_0-5
1377,227,Other,RSPagl5,324,1.6411711072839625,197.42000000000007,effect_0-5
1378,232,Other,RSPagl2/3,3393,17.186708540168162,197.42000000000007,effect_0-5
1379,233,Thalamus,MD,2304,11.670550096241511,197.42000000000007,effect_0-5
1380,234,Thalamus,MD,765,3.8749873366426892,197.42000000000007,effect_0-5
1381,235,Thalamus,MD,1822,9.229054807010431,197.42000000000007,effect_0-5
1382,236,Thalamus,MD,840,4.254888055921384,197.42000000000007,effect_0-5
1383,237,Thalamus,MD,947,4.79687974875899,197.42000000000007,effect_0-5
1384,238,Thalamus,MD,1436,7.273832438456081,197.42000000000007,effect_0-5
1385,239,Thalamus,MD,602,3.049336440076992,197.42000000000007,effect_0-5
1386,241,Thalamus,MD,746,3.7787458210920866,197.42000000000007,effect_0-5
1387,242,Thalamus,MD,1610,8.155202107182653,197.42000000000007,effect_0-5
1388,244,Thalamus,MD,356,1.8032620808428723,197.42000000000007,effect_0-5
1389,245,Thalamus,MD,600,3.03920575422956,197.42000000000007,effect_0-5
1390,250,Other,DG-mo,76,0.384966062202411,197.42000000000007,effect_0-5
1391,252,Other,DG-sg,2,0.010130685847431868,197.42000000000007,effect_0-5
1392,253,Other,DG-sg,11,0.05571877216087527,197.42000000000007,effect_0-5
1393,254,Other,DG-sg,66,0.3343126329652516,197.42000000000007,effect_0-5
1394,256,Other,DG-sg,74,0.3748353763549791,197.42000000000007,effect_0-5
1395,258,Other,CA3,1757,8.899807516968895,197.42000000000007,effect_0-5
1396,259,Other,CA3,379,1.9197649680883389,197.42000000000007,effect_0-5
1397,260,Other,CA3,3,0.0151960287711478,197.42000000000007,effect_0-5
1398,263,Other,RSPagl5,1070,5.419916928376049,197.42000000000007,effect_0-5
1399,265,Other,RSPagl5,79,0.40016209097355876,197.42000000000007,effect_0-5
1400,268,Thalamus,MD,979,4.958970722317899,197.42000000000007,effect_0-5
1401,270,Other,DG-sg,0,0.0,197.42000000000007,effect_0-5
1402,273,Other,RSPagl5,112,0.5673184074561846,197.42000000000007,effect_0-5
1403,274,Other,RSPagl5,21,0.1063722013980346,197.42000000000007,effect_0-5
1404,276,Other,CA3,17,0.08611082970317087,197.42000000000007,effect_0-5
1405,277,Other,DG-po,183,0.9269577550400159,197.42000000000007,effect_0-5
1406,280,Other,SPFp,65,0.3292472900415357,197.42000000000007,effect_0-5
1407,292,Other,MB,688,3.4849559315165624,197.42000000000007,effect_0-5
1408,293,Other,MB,486,2.4617566609259436,197.42000000000007,effect_0-5
1409,335,Other,APN,6946,35.18387194813088,197.42000000000007,effect_0-5
1410,358,Other,APN,1052,5.328740755749163,197.42000000000007,effect_0-5
1411,359,Other,APN,11170,56.57988045790698,197.42000000000007,effect_0-5
1412,384,Other,APN,44,0.22287508864350108,197.42000000000007,effect_0-5
1413,386,Other,APN,11,0.05571877216087527,197.42000000000007,effect_0-5
1414,388,Other,APN,270,1.3676425894033022,197.42000000000007,effect_0-5
1415,390,Other,APN,4584,23.21953196231384,197.42000000000007,effect_0-5
1416,395,Other,MB,215,1.0890487285989257,197.42000000000007,effect_0-5
1417,396,Other,APN,2544,12.886232397933336,197.42000000000007,effect_0-5
1418,399,Other,MB,314,1.590517678046803,197.42000000000007,effect_0-5
1419,400,Other,DG-mo,221,1.1194407861412214,197.42000000000007,effect_0-5
1420,402,Other,POST,222,1.1245061290649372,197.42000000000007,effect_0-5
1421,410,Other,SUB,1168,5.91632053490021,197.42000000000007,effect_0-5
1422,425,Other,VISp6a,42,0.2127444027960692,197.42000000000007,effect_0-5
1423,426,Other,VISp6a,183,0.9269577550400159,197.42000000000007,effect_0-5
1424,427,Other,VISp6a,821,4.158646540370782,197.42000000000007,effect_0-5
1425,430,Other,VISp6a,596,3.0189443825346967,197.42000000000007,effect_0-5
1426,431,Other,VISp6a,181,0.916827069192584,197.42000000000007,effect_0-5
1427,432,Other,VISp5,1722,8.722520514638838,197.42000000000007,effect_0-5
1428,433,Other,VISp6a,801,4.057339681896463,197.42000000000007,effect_0-5
1429,436,Other,VISp6a,1845,9.345557694255898,197.42000000000007,effect_0-5
1430,437,Other,VISp5,207,1.0485259852091984,197.42000000000007,effect_0-5
1431,439,Other,VISp5,400,2.0261371694863737,197.42000000000007,effect_0-5
1432,440,Other,VISp5,14,0.07091480093202307,197.42000000000007,effect_0-5
1433,442,Other,VISp5,1559,7.896869618073141,197.42000000000007,effect_0-5
1434,443,Other,VISp5,1753,8.879546145274032,197.42000000000007,effect_0-5
1435,444,Other,VISp5,2222,11.255191976496805,197.42000000000007,effect_0-5
1436,445,Other,VISp5,1112,5.632661331172118,197.42000000000007,effect_0-5
1437,446,Other,VISp5,1493,7.562556985107889,197.42000000000007,effect_0-5
1438,447,Other,VISp5,351,1.7779353662242927,197.42000000000007,effect_0-5
1439,449,Other,VISp5,1241,6.286090568331474,197.42000000000007,effect_0-5
1440,452,Other,VISp5,57,0.28872454665180824,197.42000000000007,effect_0-5
1441,453,Other,VISp5,664,3.36338770134738,197.42000000000007,effect_0-5
1442,455,Other,VISp5,2215,11.219734576030794,197.42000000000007,effect_0-5
1443,456,Other,VISp5,1167,5.911255191976495,197.42000000000007,effect_0-5
1444,457,Other,VISp5,213,1.078918042751494,197.42000000000007,effect_0-5
1445,458,Other,VISp5,330,1.671563164826258,197.42000000000007,effect_0-5
1446,459,Other,VISp5,1070,5.419916928376049,197.42000000000007,effect_0-5
1447,460,Other,VISp5,709,3.591328132914597,197.42000000000007,effect_0-5
1448,466,Other,VISp5,527,2.669435720798297,197.42000000000007,effect_0-5
1449,469,Other,VISp5,137,0.6939519805490829,197.42000000000007,effect_0-5
1450,472,Other,VISp5,159,0.8053895248708335,197.42000000000007,effect_0-5
1451,478,Other,VISp5,116,0.5875797791510483,197.42000000000007,effect_0-5
1452,479,Other,VISp5,357,1.8083274237665883,197.42000000000007,effect_0-5
1453,485,Other,VISp4,30,0.15196028771147801,197.42000000000007,effect_0-5
1454,488,Other,VISp4,13,0.06584945800830713,197.42000000000007,effect_0-5
1455,489,Other,VISp4,156,0.7901934960996857,197.42000000000007,effect_0-5
1456,492,Other,VISp4,128,0.6483638942356396,197.42000000000007,effect_0-5
1457,493,Other,VISp4,64,0.3241819471178198,197.42000000000007,effect_0-5
1458,494,Other,VISp4,4,0.020261371694863736,197.42000000000007,effect_0-5
1459,495,Other,VISp4,28,0.14182960186404614,197.42000000000007,effect_0-5
1460,497,Other,VISp2/3,56,0.2836592037280923,197.42000000000007,effect_0-5
1461,498,Other,VISp2/3,26,0.13169891601661426,197.42000000000007,effect_0-5
1462,500,Other,VISp4,1486,7.527099584641878,197.42000000000007,effect_0-5
1463,502,Other,VISp2/3,16,0.08104548677945494,197.42000000000007,effect_0-5
1464,504,Other,VISp2/3,77,0.3900314051261269,197.42000000000007,effect_0-5
1465,520,Other,APN,380,1.9248303110120548,197.42000000000007,effect_0-5
1466,521,Other,APN,65,0.3292472900415357,197.42000000000007,effect_0-5
1467,523,Other,APN,3745,18.96970924931617,197.42000000000007,effect_0-5
1468,525,Other,APN,247,1.2511397021578357,197.42000000000007,effect_0-5
1469,530,Other,VISp4,30,0.15196028771147801,197.42000000000007,effect_0-5
1470,533,Other,VISp4,2,0.010130685847431868,197.42000000000007,effect_0-5
1471,535,Other,VISp2/3,23,0.11650288724546648,197.42000000000007,effect_0-5
1472,536,Other,VISp2/3,157,0.7952588390234016,197.42000000000007,effect_0-5
1473,537,Other,VISp2/3,60,0.30392057542295603,197.42000000000007,effect_0-5
1474,538,Other,VISp2/3,11,0.05571877216087527,197.42000000000007,effect_0-5
1475,545,Other,VISp4,25,0.12663357309289835,197.42000000000007,effect_0-5
1476,547,Thalamus,VPL,2252,11.407152264208282,197.42000000000007,effect_0-5
1477,550,Thalamus,VPL,162,0.8205855536419813,197.42000000000007,effect_0-5
1478,552,Thalamus,VPL,1984,10.049640360652413,197.42000000000007,effect_0-5
1479,553,Thalamus,VPL,3533,17.895856549488393,197.42000000000007,effect_0-5
1480,558,Thalamus,VPL,2440,12.359436733866879,197.42000000000007,effect_0-5
1481,561,Thalamus,VPL,3945,19.98277783405936,197.42000000000007,effect_0-5
1482,562,Thalamus,VPL,3193,16.173639955424978,197.42000000000007,effect_0-5
1483,564,Thalamus,VPL,1638,8.2970317090467,197.42000000000007,effect_0-5
1484,565,Thalamus,VPL,1469,7.440988754938707,197.42000000000007,effect_0-5
1485,567,Thalamus,VPL,2742,13.88917029682909,197.42000000000007,effect_0-5
1486,568,Thalamus,VPL,3,0.0151960287711478,197.42000000000007,effect_0-5
1487,572,Thalamus,VPL,2927,14.826258737716538,197.42000000000007,effect_0-5
1488,575,Thalamus,VPL,8,0.04052274338972747,197.42000000000007,effect_0-5
1489,576,Thalamus,VPL,1414,7.16239489413433,197.42000000000007,effect_0-5
1490,579,Thalamus,VPL,3354,16.989160166143243,197.42000000000007,effect_0-5
1491,581,Thalamus,VPL,1329,6.7318407456184755,197.42000000000007,effect_0-5
1492,583,Thalamus,VPL,855,4.3308681997771235,197.42000000000007,effect_0-5
1493,584,Thalamus,VPL,2319,11.74653024009725,197.42000000000007,effect_0-5
1494,585,Thalamus,VPL,1701,8.616148313240803,197.42000000000007,effect_0-5
1495,586,Thalamus,VPL,74,0.3748353763549791,197.42000000000007,effect_0-5
1496,589,Thalamus,VPL,2690,13.625772464795862,197.42000000000007,effect_0-5
1497,590,Thalamus,VPL,3557,18.017424779657578,197.42000000000007,effect_0-5
1498,591,Thalamus,VPL,1307,6.6204032012967255,197.42000000000007,effect_0-5
1499,593,Thalamus,VPL,1335,6.762232803160772,197.42000000000007,effect_0-5
1500,594,Thalamus,VPL,1944,9.847026643703774,197.42000000000007,effect_0-5
1501,595,Thalamus,VPL,1703,8.626278999088235,197.42000000000007,effect_0-5
1502,596,Thalamus,VPL,682,3.4545638739742666,197.42000000000007,effect_0-5
1503,597,Thalamus,VPL,2328,11.792118326410694,197.42000000000007,effect_0-5
1504,598,Thalamus,VPL,1222,6.189849052780871,197.42000000000007,effect_0-5
1505,599,Thalamus,VPL,1612,8.165332793030085,197.42000000000007,effect_0-5
1506,600,Thalamus,VPL,1847,9.355688380103329,197.42000000000007,effect_0-5
1507,601,Thalamus,VPL,2784,14.10191469962516,197.42000000000007,effect_0-5
1508,602,Thalamus,VPL,2669,13.519400263397827,197.42000000000007,effect_0-5
1509,603,Thalamus,VPL,2753,13.944889068989966,197.42000000000007,effect_0-5
1510,607,Thalamus,VPL,2082,10.546043967176574,197.42000000000007,effect_0-5
1511,610,Thalamus,VPL,3006,15.226420828690097,197.42000000000007,effect_0-5
1512,611,Thalamus,VPL,1281,6.488704285280111,197.42000000000007,effect_0-5
1513,612,Thalamus,VPL,1169,5.921385877823926,197.42000000000007,effect_0-5
1514,616,Thalamus,VPL,1626,8.236247593962108,197.42000000000007,effect_0-5
1515,617,Thalamus,VPL,991,5.01975483740249,197.42000000000007,effect_0-5
1516,618,Thalamus,VPL,1232,6.24050248201803,197.42000000000007,effect_0-5
1517,620,Thalamus,VPL,1707,8.646540370783098,197.42000000000007,effect_0-5
1518,621,Thalamus,VPL,1151,5.830209705197039,197.42000000000007,effect_0-5
1519,622,Thalamus,VPL,2145,10.865160571370678,197.42000000000007,effect_0-5
1520,623,Thalamus,VPL,1198,6.068280822611689,197.42000000000007,effect_0-5
1521,626,Thalamus,VPL,1695,8.585756255698508,197.42000000000007,effect_0-5
1522,629,Thalamus,VPL,1794,9.087225205146385,197.42000000000007,effect_0-5
1523,630,Thalamus,VPL,1926,9.755850471076888,197.42000000000007,effect_0-5
1524,632,Thalamus,VPL,644,3.262080842873061,197.42000000000007,effect_0-5
1525,633,Thalamus,VPL,1876,9.502583324891091,197.42000000000007,effect_0-5
1526,634,Thalamus,VPL,2933,14.856650795258833,197.42000000000007,effect_0-5
1527,635,Thalamus,VPL,3545,17.956640664572983,197.42000000000007,effect_0-5
1528,664,RT,RT,7403,37.49873366426906,197.42000000000007,effect_0-5
1529,667,RT,RT,1023,5.1818458109614,197.42000000000007,effect_0-5
1530,670,Other,CA3,3624,18.356802755546543,197.42000000000007,effect_0-5
1531,672,Other,or,130,0.6584945800830714,197.42000000000007,effect_0-5
1532,676,Somatosensory,SSp-bfd6a,247,1.2511397021578357,197.42000000000007,effect_0-5
1533,680,Somatosensory,SSp-bfd6a,21,0.1063722013980346,197.42000000000007,effect_0-5
1534,681,Somatosensory,SSp-bfd6a,21,0.1063722013980346,197.42000000000007,effect_0-5
1535,683,Somatosensory,SSp-bfd6a,20,0.10130685847431867,197.42000000000007,effect_0-5
1536,685,Somatosensory,SSp-bfd6a,1151,5.830209705197039,197.42000000000007,effect_0-5
1537,686,Somatosensory,SSp-bfd6a,1033,5.2324992401985595,197.42000000000007,effect_0-5
1538,687,Somatosensory,SSp-bfd6a,198,1.002937898895755,197.42000000000007,effect_0-5
1539,690,Somatosensory,SSp-bfd6a,747,3.7838111640158023,197.42000000000007,effect_0-5
1540,692,Somatosensory,SSp-bfd5,1108,5.612399959477255,197.42000000000007,effect_0-5
1541,695,Somatosensory,SSp-bfd5,861,4.361260257319419,197.42000000000007,effect_0-5
1542,696,Somatosensory,SSp-bfd5,217,1.0991794144463576,197.42000000000007,effect_0-5
1543,697,Somatosensory,SSp-bfd5,1540,7.800628102522538,197.42000000000007,effect_0-5
1544,698,Somatosensory,SSp-bfd5,607,3.0746631546955716,197.42000000000007,effect_0-5
1545,699,Somatosensory,SSp-bfd5,932,4.72089960490325,197.42000000000007,effect_0-5
1546,700,Somatosensory,SSp-bfd5,337,1.7070205652922696,197.42000000000007,effect_0-5
1547,702,Somatosensory,SSp-bfd5,1036,5.247695268969707,197.42000000000007,effect_0-5
1548,705,Somatosensory,SSp-bfd5,242,1.225812987539256,197.42000000000007,effect_0-5
1549,706,Somatosensory,SSp-bfd5,1852,9.38101509472191,197.42000000000007,effect_0-5
1550,707,Somatosensory,SSp-bfd5,1174,5.946712592442506,197.42000000000007,effect_0-5
1551,714,Somatosensory,SSp-bfd5,70,0.35457400466011535,197.42000000000007,effect_0-5
1552,715,Somatosensory,SSp-bfd5,150,0.75980143855739,197.42000000000007,effect_0-5
1553,716,Somatosensory,SSp-bfd5,143,0.7243440380913785,197.42000000000007,effect_0-5
1554,718,Somatosensory,SSp-bfd5,499,2.527606118934251,197.42000000000007,effect_0-5
1555,719,Somatosensory,SSp-bfd5,1141,5.77955627595988,197.42000000000007,effect_0-5
1556,729,Thalamus,VPL,2209,11.189342518488498,197.42000000000007,effect_0-5
1557,730,Thalamus,VPL,717,3.6318508763043247,197.42000000000007,effect_0-5
1558,732,Thalamus,VPL,466,2.360449802451625,197.42000000000007,effect_0-5
1559,733,Thalamus,VPL,1333,6.752102117313339,197.42000000000007,effect_0-5
1560,734,Thalamus,VPL,1291,6.53935771451727,197.42000000000007,effect_0-5
1561,735,Thalamus,VPL,1055,5.34393678452031,197.42000000000007,effect_0-5
1562,738,Thalamus,VPL,693,3.510282646135142,197.42000000000007,effect_0-5
1563,739,Thalamus,VPL,692,3.505217303211426,197.42000000000007,effect_0-5
1564,741,Other,or,634,3.211427413635902,197.42000000000007,effect_0-5
1565,743,Somatosensory,SSp-bfd6a,146,0.7395400668625263,197.42000000000007,effect_0-5
1566,744,Somatosensory,SSp-bfd6a,2,0.010130685847431868,197.42000000000007,effect_0-5
1567,746,Somatosensory,SSp-bfd6a,1199,6.073346165535405,197.42000000000007,effect_0-5
1568,747,Somatosensory,SSp-bfd5,201,1.0181339276669026,197.42000000000007,effect_0-5
1569,750,Somatosensory,SSp-bfd5,57,0.28872454665180824,197.42000000000007,effect_0-5
1570,751,Somatosensory,SSp-bfd4,49,0.24820180326208074,197.42000000000007,effect_0-5
1571,752,Somatosensory,SSp-bfd6a,13,0.06584945800830713,197.42000000000007,effect_0-5
1572,757,Somatosensory,SSp-bfd5,1067,5.404720899604901,197.42000000000007,effect_0-5
1573,761,STR,LSr,2138,10.829703170904667,197.42000000000007,effect_0-5
1574,763,STR,LSr,831,4.209299969607941,197.42000000000007,effect_0-5
1575,766,STR,LSr,329,1.6664978219025421,197.42000000000007,effect_0-5
1576,768,STR,LSr,1084,5.490831729308072,197.42000000000007,effect_0-5
1577,769,STR,LSr,343,1.7374126228345652,197.42000000000007,effect_0-5
1578,771,STR,LSr,162,0.8205855536419813,197.42000000000007,effect_0-5
1579,773,STR,LSr,6092,30.858069091277468,197.42000000000007,effect_0-5
1580,774,STR,LSr,343,1.7374126228345652,197.42000000000007,effect_0-5
1581,775,STR,LSr,953,4.827271806301285,197.42000000000007,effect_0-5
1582,777,STR,LSr,73,0.36977003343126313,197.42000000000007,effect_0-5
1583,778,STR,LSr,117,0.5926451220747643,197.42000000000007,effect_0-5
1584,779,STR,LSr,665,3.368453044271096,197.42000000000007,effect_0-5
1585,780,STR,LSr,86,0.4356194914395703,197.42000000000007,effect_0-5
1586,781,STR,LSr,1629,8.251443622733255,197.42000000000007,effect_0-5
1587,783,STR,LSr,838,4.244757370073953,197.42000000000007,effect_0-5
1588,784,STR,LSr,295,1.4942761624962004,197.42000000000007,effect_0-5
1589,785,STR,LSr,320,1.6209097355890987,197.42000000000007,effect_0-5
1590,786,STR,LSr,2950,14.942761624962005,197.42000000000007,effect_0-5
1591,787,STR,LSr,119,0.6027758079221961,197.42000000000007,effect_0-5
1592,788,STR,LSr,709,3.591328132914597,197.42000000000007,effect_0-5
1593,791,STR,LSr,1150,5.825144362273324,197.42000000000007,effect_0-5
1594,792,STR,LSr,775,3.9256407658798484,197.42000000000007,effect_0-5
1595,793,STR,LSr,332,1.68169385067369,197.42000000000007,effect_0-5
1596,795,STR,LSr,359,1.8184581096140202,197.42000000000007,effect_0-5
1597,797,STR,LSr,9,0.0455880863134434,197.42000000000007,effect_0-5
1598,799,STR,LSr,1577,7.988045790700028,197.42000000000007,effect_0-5
1599,801,STR,LSr,90,0.45588086313443404,197.42000000000007,effect_0-5
1600,802,STR,LSr,66,0.3343126329652516,197.42000000000007,effect_0-5
1601,804,STR,LSr,1032,5.227433897274843,197.42000000000007,effect_0-5
1602,805,STR,LSr,969,4.9083172930807395,197.42000000000007,effect_0-5
1603,807,STR,LSr,805,4.0776010535913265,197.42000000000007,effect_0-5
1604,808,STR,LSr,1117,5.657988045790698,197.42000000000007,effect_0-5
1605,810,STR,LSr,439,2.2236855435112948,197.42000000000007,effect_0-5
1606,811,STR,LSr,918,4.649984803971227,197.42000000000007,effect_0-5
1607,812,STR,LSr,464,2.3503191166041932,197.42000000000007,effect_0-5
1608,813,STR,LSr,3009,15.241616857461244,197.42000000000007,effect_0-5
1609,815,STR,LSr,975,4.938709350623036,197.42000000000007,effect_0-5
1610,817,STR,LSr,1319,6.681187316381316,197.42000000000007,effect_0-5
1611,818,STR,LSr,1171,5.931516563671359,197.42000000000007,effect_0-5
1612,819,STR,LSr,426,2.157836085502988,197.42000000000007,effect_0-5
1613,820,STR,LSr,431,2.1831628001215675,197.42000000000007,effect_0-5
1614,821,STR,LSr,101,0.5115996352953093,197.42000000000007,effect_0-5
1615,822,STR,LSr,1422,7.202917637524058,197.42000000000007,effect_0-5
1616,824,STR,LSr,454,2.299665687367034,197.42000000000007,effect_0-5
1617,826,STR,LSr,565,2.8619187518995024,197.42000000000007,effect_0-5
1618,828,STR,LSr,155,0.7851281531759697,197.42000000000007,effect_0-5
1619,829,STR,LSr,408,2.066659912876101,197.42000000000007,effect_0-5
1620,831,STR,LSr,919,4.6550501468949435,197.42000000000007,effect_0-5
1621,832,STR,LSr,411,2.0818559416472486,197.42000000000007,effect_0-5
1622,834,STR,LSr,2414,12.227737817850263,197.42000000000007,effect_0-5
1623,835,STR,LSr,509,2.57825954817141,197.42000000000007,effect_0-5
1624,838,STR,LSr,394,1.9957451119440779,197.42000000000007,effect_0-5
1625,839,STR,LSr,703,3.5609360753723016,197.42000000000007,effect_0-5
1626,840,STR,LSr,241,1.22074764461554,197.42000000000007,effect_0-5
1627,841,STR,LSr,420,2.127444027960692,197.42000000000007,effect_0-5
1628,842,STR,LSr,850,4.305541485158543,197.42000000000007,effect_0-5
1629,843,STR,LSr,946,4.791814405835273,197.42000000000007,effect_0-5
1630,845,STR,LSr,1408,7.132002836592035,197.42000000000007,effect_0-5
1631,846,STR,LSr,936,4.741160976598114,197.42000000000007,effect_0-5
1632,849,STR,LSr,876,4.437240401175158,197.42000000000007,effect_0-5
1633,851,STR,LSr,38,0.1924830311012055,197.42000000000007,effect_0-5
1634,852,STR,LSr,735,3.723027048931211,197.42000000000007,effect_0-5
1635,853,STR,LSr,434,2.198358828892715,197.42000000000007,effect_0-5
1636,854,STR,LSr,513,2.598520919866274,197.42000000000007,effect_0-5
1637,855,STR,LSr,1130,5.723837503799005,197.42000000000007,effect_0-5
1638,856,STR,LSr,2150,10.890487285989257,197.42000000000007,effect_0-5
1639,857,STR,LSr,151,0.764866781481106,197.42000000000007,effect_0-5
1640,858,STR,LSr,614,3.110120555161583,197.42000000000007,effect_0-5
1641,859,STR,LSr,1267,6.417789484348088,197.42000000000007,effect_0-5
1642,861,STR,LSr,963,4.877925235538444,197.42000000000007,effect_0-5
1643,862,STR,LSr,508,2.5731942052476944,197.42000000000007,effect_0-5
1644,863,STR,LSr,170,0.8611082970317088,197.42000000000007,effect_0-5
1645,864,STR,LSr,436,2.208489514740147,197.42000000000007,effect_0-5
1646,865,STR,LSr,1267,6.417789484348088,197.42000000000007,effect_0-5
1647,866,STR,LSr,305,1.5449295917333599,197.42000000000007,effect_0-5
1648,868,STR,LSr,569,2.8821801235943663,197.42000000000007,effect_0-5
1649,871,STR,LSr,1121,5.678249417485562,197.42000000000007,effect_0-5
1650,872,STR,LSr,966,4.893121264309592,197.42000000000007,effect_0-5
1651,873,STR,LSr,57,0.28872454665180824,197.42000000000007,effect_0-5
1652,874,STR,LSr,74,0.3748353763549791,197.42000000000007,effect_0-5
1653,876,STR,LSr,2332,11.812379698105557,197.42000000000007,effect_0-5
1654,877,STR,STR,165,0.835781582413129,197.42000000000007,effect_0-5
1655,879,STR,STR,574,2.907506838212946,197.42000000000007,effect_0-5
1656,880,STR,STR,177,0.8965656974977203,197.42000000000007,effect_0-5
1657,881,STR,STR,377,1.909634282240907,197.42000000000007,effect_0-5
1658,882,STR,STR,219,1.1093101002937895,197.42000000000007,effect_0-5
1659,883,STR,STR,213,1.078918042751494,197.42000000000007,effect_0-5
1660,884,STR,STR,658,3.3329956438050843,197.42000000000007,effect_0-5
1661,885,STR,STR,783,3.966163509269576,197.42000000000007,effect_0-5
1662,886,STR,STR,26,0.13169891601661426,197.42000000000007,effect_0-5
1663,887,STR,STR,338,1.7120859082159856,197.42000000000007,effect_0-5
1664,888,STR,STR,32,0.1620909735589099,197.42000000000007,effect_0-5
1665,889,STR,STR,1631,8.261574308580688,197.42000000000007,effect_0-5
1666,890,STR,STR,40,0.20261371694863733,197.42000000000007,effect_0-5
1667,891,STR,STR,447,2.2642082869010225,197.42000000000007,effect_0-5
1668,892,STR,STR,824,4.17384256914193,197.42000000000007,effect_0-5
1669,895,STR,STR,301,1.524668220038496,197.42000000000007,effect_0-5
1670,897,STR,STR,1,0.005065342923715934,197.42000000000007,effect_0-5
1671,898,STR,STR,616,3.120251241009015,197.42000000000007,effect_0-5
1672,900,STR,STR,658,3.3329956438050843,197.42000000000007,effect_0-5
1673,902,STR,STR,1414,7.16239489413433,197.42000000000007,effect_0-5
1674,903,STR,STR,2041,10.338364907304221,197.42000000000007,effect_0-5
1675,904,STR,STR,333,1.686759193597406,197.42000000000007,effect_0-5
1676,909,STR,LSr,418,2.11731334211326,197.42000000000007,effect_0-5
1677,910,STR,LSr,1097,5.5566811873163795,197.42000000000007,effect_0-5
1678,911,STR,LSr,160,0.8104548677945493,197.42000000000007,effect_0-5
1679,914,STR,LSr,1070,5.419916928376049,197.42000000000007,effect_0-5
1680,916,STR,LSr,711,3.601458818762029,197.42000000000007,effect_0-5
1681,917,STR,LSr,754,3.819268564481814,197.42000000000007,effect_0-5
1682,919,STR,LSr,958,4.852598520919864,197.42000000000007,effect_0-5
1683,920,STR,LSr,182,0.9218924121162999,197.42000000000007,effect_0-5
1684,921,STR,LSr,76,0.384966062202411,197.42000000000007,effect_0-5
1685,922,STR,LSr,49,0.24820180326208074,197.42000000000007,effect_0-5
1686,923,STR,SH,821,4.158646540370782,197.42000000000007,effect_0-5
1687,924,STR,SH,1183,5.992300678755949,197.42000000000007,effect_0-5
1688,925,STR,SH,658,3.3329956438050843,197.42000000000007,effect_0-5
1689,927,STR,SH,268,1.3575119035558703,197.42000000000007,effect_0-5
1690,928,STR,SH,1520,7.699321244048219,197.42000000000007,effect_0-5
1691,929,STR,SH,745,3.773680478168371,197.42000000000007,effect_0-5
1692,930,STR,SH,1132,5.733968189646437,197.42000000000007,effect_0-5
1693,932,STR,LSr,308,1.5601256205045075,197.42000000000007,effect_0-5
1694,933,STR,LSr,1396,7.071218721507443,197.42000000000007,effect_0-5
1695,935,STR,LSr,591,2.9936176679161166,197.42000000000007,effect_0-5
1696,937,STR,LSr,313,1.5854523351230871,197.42000000000007,effect_0-5
1697,938,STR,LSr,420,2.127444027960692,197.42000000000007,effect_0-5
1698,940,STR,LSr,37,0.18741768817748955,197.42000000000007,effect_0-5
1699,941,STR,LSr,1394,7.061088035660012,197.42000000000007,effect_0-5
1700,943,STR,LSr,316,1.600648363894235,197.42000000000007,effect_0-5
1701,945,STR,LSr,2326,11.781987640563262,197.42000000000007,effect_0-5
1702,946,STR,LSr,1057,5.354067470367742,197.42000000000007,effect_0-5
1703,947,STR,LSr,643,3.2570154999493455,197.42000000000007,effect_0-5
1704,949,STR,SH,107,0.541991692837605,197.42000000000007,effect_0-5
1705,950,STR,SH,1433,7.258636409684933,197.42000000000007,effect_0-5
1706,952,STR,SH,685,3.4697599027454147,197.42000000000007,effect_0-5
1707,953,STR,SH,701,3.5508053895248697,197.42000000000007,effect_0-5
1708,955,STR,SH,124,0.6281025225407758,197.42000000000007,effect_0-5
1709,958,STR,STR,270,1.3676425894033022,197.42000000000007,effect_0-5
1710,959,STR,STR,1072,5.430047614223481,197.42000000000007,effect_0-5
1711,960,STR,STR,879,4.452436429946306,197.42000000000007,effect_0-5
1712,964,STR,STR,1207,6.113868908925132,197.42000000000007,effect_0-5
1713,965,STR,STR,951,4.817141120453853,197.42000000000007,effect_0-5
1714,968,STR,STR,181,0.916827069192584,197.42000000000007,effect_0-5
1715,971,STR,STR,1107,5.607334616553539,197.42000000000007,effect_0-5
1716,973,STR,STR,341,1.7272819369871333,197.42000000000007,effect_0-5
1717,974,STR,STR,547,2.770742579272616,197.42000000000007,effect_0-5
1718,976,STR,STR,140,0.7091480093202307,197.42000000000007,effect_0-5
1719,977,STR,STR,919,4.6550501468949435,197.42000000000007,effect_0-5
1720,979,STR,STR,784,3.971228852193292,197.42000000000007,effect_0-5
1721,980,STR,STR,5,0.025326714618579667,197.42000000000007,effect_0-5
1722,981,STR,STR,378,1.9146996251646229,197.42000000000007,effect_0-5
1723,982,STR,STR,302,1.529733562962212,197.42000000000007,effect_0-5
1724,983,STR,STR,346,1.752608651605713,197.42000000000007,effect_0-5
1725,984,STR,STR,1119,5.668118731638129,197.42000000000007,effect_0-5
1726,985,STR,STR,26,0.13169891601661426,197.42000000000007,effect_0-5
1727,989,Other,ccg,2525,12.789990882382732,197.42000000000007,effect_0-5
1728,991,Other,ccg,2387,12.090973558909933,197.42000000000007,effect_0-5
1729,992,Other,ccg,47,0.2380711174146489,197.42000000000007,effect_0-5
1730,993,STR,STR,344,1.7424779657582812,197.42000000000007,effect_0-5
1731,994,Other,ccg,693,3.510282646135142,197.42000000000007,effect_0-5
1732,995,Other,ccg,25,0.12663357309289835,197.42000000000007,effect_0-5
1733,996,Other,ccg,768,3.890183365413837,197.42000000000007,effect_0-5
1734,1005,Other,ACAv6a,1,0.005065342923715934,197.42000000000007,effect_0-5
1735,1008,Other,ACAv5,40,0.20261371694863733,197.42000000000007,effect_0-5
1736,1009,Other,ACAv6a,964,4.88299057846216,197.42000000000007,effect_0-5
1737,1011,Other,ACAv5,778,3.9408367946509966,197.42000000000007,effect_0-5
1738,1013,Other,ACAv5,15,0.07598014385573901,197.42000000000007,effect_0-5
1739,1014,Other,ACAv5,1863,9.436733866882784,197.42000000000007,effect_0-5
1740,1015,Other,ACAv5,1317,6.671056630533885,197.42000000000007,effect_0-5
1741,1016,Other,ACAv6a,2,0.010130685847431868,197.42000000000007,effect_0-5
1742,1017,Other,ACAv6a,520,2.6339783203322855,197.42000000000007,effect_0-5
1743,1020,Other,ACAv5,4083,20.681795157532157,197.42000000000007,effect_0-5
1744,1021,Other,ACAv5,24,0.1215682301691824,197.42000000000007,effect_0-5
1745,1025,Other,ACAv6a,671,3.3988451018133916,197.42000000000007,effect_0-5
1746,1028,Other,ACAv6a,154,0.7800628102522538,197.42000000000007,effect_0-5
1747,1030,Other,ACAv6a,27,0.1367642589403302,197.42000000000007,effect_0-5
1748,1032,Other,ACAv5,977,4.948840036470467,197.42000000000007,effect_0-5
1749,1033,Other,ACAv5,1251,6.336743997568633,197.42000000000007,effect_0-5
1750,1035,Other,ACAv5,3102,15.712693749366826,197.42000000000007,effect_0-5
1751,1036,Other,ACAv6a,64,0.3241819471178198,197.42000000000007,effect_0-5
1752,1038,Other,ACAv5,5,0.025326714618579667,197.42000000000007,effect_0-5
1753,1039,Other,ACAv6a,174,0.8813696687265725,197.42000000000007,effect_0-5
1754,1043,Other,ACAv6a,550,2.7859386080437636,197.42000000000007,effect_0-5
1755,1045,Other,ACAv6a,1155,5.850471076891903,197.42000000000007,effect_0-5
1756,1052,Other,ACAv6a,1368,6.929389119643397,197.42000000000007,effect_0-5
1757,1055,Other,ACAv6a,543,2.750481207577752,197.42000000000007,effect_0-5
1758,1057,Other,ACAv6a,3762,19.05582007901934,197.42000000000007,effect_0-5
1759,1058,Other,ACAv6a,3046,15.429034545638734,197.42000000000007,effect_0-5
1760,1061,Other,ACAv6a,11,0.05571877216087527,197.42000000000007,effect_0-5
1761,1062,Other,ACAv6a,1274,6.453246884814099,197.42000000000007,effect_0-5
1762,1066,Other,ACAv6a,220,1.1143754432175055,197.42000000000007,effect_0-5
1763,1069,Other,ACAv6a,308,1.5601256205045075,197.42000000000007,effect_0-5
1764,1073,Other,ACAv6a,1101,5.576942559011243,197.42000000000007,effect_0-5
1765,1074,Other,ACAv6a,667,3.3785837301185278,197.42000000000007,effect_0-5
1766,1075,Other,ACAv6a,11513,58.31729308074154,197.42000000000007,effect_0-5
1767,1083,Other,ACAv6a,579,2.9328335528315255,197.42000000000007,effect_0-5
1768,1085,Other,ACAv6a,11,0.05571877216087527,197.42000000000007,effect_0-5
1769,1086,Other,ACAv6a,2681,13.580184378482418,197.42000000000007,effect_0-5
1770,1090,Other,ACAv6a,1727,8.747847229257417,197.42000000000007,effect_0-5
1771,1091,Other,ACAv6a,154,0.7800628102522538,197.42000000000007,effect_0-5
1772,1092,Other,ACAv6a,495,2.507344747239387,197.42000000000007,effect_0-5
1773,1093,Other,ACAv6a,0,0.0,197.42000000000007,effect_0-5
1774,1094,Other,ACAv6a,30,0.15196028771147801,197.42000000000007,effect_0-5
1775,1095,Other,ACAv6a,214,1.08398338567521,197.42000000000007,effect_0-5
1776,1098,Other,ACAv6a,886,4.487893830412317,197.42000000000007,effect_0-5
1777,1100,Other,ACAv6a,19,0.09624151555060274,197.42000000000007,effect_0-5
1778,1102,Other,ACAv6a,1501,7.603079728497616,197.42000000000007,effect_0-5
1779,1104,Other,ACAv6a,373,1.8893729105460433,197.42000000000007,effect_0-5
1780,1105,Other,ACAd6a,149,0.7547360956336742,197.42000000000007,effect_0-5
1781,1107,Other,ACAd6a,304,1.539864248809644,197.42000000000007,effect_0-5
1782,1109,Other,ACAd6a,872,4.416979029480294,197.42000000000007,effect_0-5
1783,1110,Other,ACAd6a,5,0.025326714618579667,197.42000000000007,effect_0-5
1784,1112,Other,ACAd6a,996,5.04508155202107,197.42000000000007,effect_0-5
1785,1113,Other,ACAd6a,13,0.06584945800830713,197.42000000000007,effect_0-5
1786,1115,Other,ACAd6a,109,0.5521223786850368,197.42000000000007,effect_0-5
1787,1118,Other,ACAd6a,64,0.3241819471178198,197.42000000000007,effect_0-5
1788,1119,Other,ACAd6a,40,0.20261371694863733,197.42000000000007,effect_0-5
1789,1120,Other,ACAd6a,1188,6.0176273933745295,197.42000000000007,effect_0-5
1790,1121,Other,ACAd6a,434,2.198358828892715,197.42000000000007,effect_0-5
1791,1124,Other,ACAd6a,110,0.5571877216087527,197.42000000000007,effect_0-5
1792,1126,Other,ACAd6a,306,1.5499949346570756,197.42000000000007,effect_0-5
1793,1127,Other,ACAd6a,126,0.6382332083882076,197.42000000000007,effect_0-5
1794,1128,Other,ACAd6a,414,2.0970519704183967,197.42000000000007,effect_0-5
1795,1129,Other,ACAd6a,37,0.18741768817748955,197.42000000000007,effect_0-5
1796,1130,Other,ACAd6a,841,4.2599533988451,197.42000000000007,effect_0-5
1797,1131,Other,ACAd6a,154,0.7800628102522538,197.42000000000007,effect_0-5
1798,1132,Other,ACAd6a,112,0.5673184074561846,197.42000000000007,effect_0-5
1799,1134,Other,ACAd6a,262,1.3271198460135747,197.42000000000007,effect_0-5
1800,1142,Other,ACAd6a,92,0.4660115489818659,197.42000000000007,effect_0-5
1801,1143,Other,ACAd6a,6,0.0303920575422956,197.42000000000007,effect_0-5
1802,1145,Other,ACAd6a,293,1.4841454766487685,197.42000000000007,effect_0-5
1803,1148,Other,ACAd6a,717,3.6318508763043247,197.42000000000007,effect_0-5
1804,1149,Other,ACAd6a,10,0.050653429237159334,197.42000000000007,effect_0-5
1805,1152,Other,ACAd6a,520,2.6339783203322855,197.42000000000007,effect_0-5
1806,1154,Other,ACAd6a,36,0.1823523452537736,197.42000000000007,effect_0-5
1807,1156,Other,ACAd6a,729,3.692634991388916,197.42000000000007,effect_0-5
1808,1161,Other,ACAd6a,417,2.1122479991895444,197.42000000000007,effect_0-5
1809,1163,Other,ACAd6a,7,0.035457400466011535,197.42000000000007,effect_0-5
1810,1164,Other,ACAd6a,3,0.0151960287711478,197.42000000000007,effect_0-5
1811,1165,Other,ACAd6a,52,0.26339783203322853,197.42000000000007,effect_0-5
1812,1167,Motor,MOs6a,234,1.1852902441495285,197.42000000000007,effect_0-5
1813,1168,Motor,MOs6a,227,1.149832843683517,197.42000000000007,effect_0-5
1814,1169,Motor,MOs6a,308,1.5601256205045075,197.42000000000007,effect_0-5
1815,1176,Motor,MOs6a,204,1.0333299564380505,197.42000000000007,effect_0-5
1816,1178,Motor,MOs6a,232,1.1751595583020966,197.42000000000007,effect_0-5
1817,1180,Motor,MOs6a,839,4.249822712997668,197.42000000000007,effect_0-5
1818,1182,Motor,MOs6a,913,4.624658089352647,197.42000000000007,effect_0-5
1819,1185,Motor,MOs6a,61,0.30898591834667194,197.42000000000007,effect_0-5
1820,1187,Motor,MOs6a,87,0.44068483436328626,197.42000000000007,effect_0-5
1821,1200,Motor,MOs6a,1349,6.833147604092795,197.42000000000007,effect_0-5
1822,1201,Motor,MOs6a,262,1.3271198460135747,197.42000000000007,effect_0-5
1823,1202,Motor,MOs6a,1,0.005065342923715934,197.42000000000007,effect_0-5
1824,1203,Motor,MOs6a,969,4.9083172930807395,197.42000000000007,effect_0-5
1825,1204,Motor,MOs6a,1,0.005065342923715934,197.42000000000007,effect_0-5
1826,1207,Motor,MOs6a,2837,14.370377874582104,197.42000000000007,effect_0-5
1827,1208,Motor,MOs5,5088,25.77246479586667,197.42000000000007,effect_0-5
1828,1209,Motor,MOs5,1293,6.5494884003647025,197.42000000000007,effect_0-5
1829,1215,Motor,MOs5,11,0.05571877216087527,197.42000000000007,effect_0-5
1830,1221,Motor,MOs5,11,0.05571877216087527,197.42000000000007,effect_0-5
1831,1224,Motor,MOs5,852,4.315672171005976,197.42000000000007,effect_0-5
1832,1228,Motor,MOs5,2083,10.55110931010029,197.42000000000007,effect_0-5
1833,1230,Motor,MOs5,173,0.8763043258028566,197.42000000000007,effect_0-5
1834,1233,Motor,MOs5,620,3.140512612703879,197.42000000000007,effect_0-5
1835,1235,Motor,MOs5,1286,6.514030999898691,197.42000000000007,effect_0-5
1836,1236,Motor,MOs5,366,1.8539155100800317,197.42000000000007,effect_0-5
1837,1237,Motor,MOs5,1228,6.220241110323166,197.42000000000007,effect_0-5
1838,1239,Motor,MOs5,442,2.238881572282443,197.42000000000007,effect_0-5
1839,1240,Motor,MOs5,2747,13.91449701144767,197.42000000000007,effect_0-5
1840,1246,Motor,MOs5,116,0.5875797791510483,197.42000000000007,effect_0-5
1841,1248,Motor,MOs5,14,0.07091480093202307,197.42000000000007,effect_0-5
1842,1249,Motor,MOs5,936,4.741160976598114,197.42000000000007,effect_0-5
1843,1250,Motor,MOs5,238,1.2055516158443922,197.42000000000007,effect_0-5
1844,1254,STR,LSr,611,3.0949245263904355,197.42000000000007,effect_0-5
1845,1255,STR,LSr,55,0.27859386080437637,197.42000000000007,effect_0-5
1846,1256,STR,LSr,278,1.4081653327930295,197.42000000000007,effect_0-5
1847,1259,STR,LSr,253,1.2815317597001312,197.42000000000007,effect_0-5
1848,1261,STR,LSr,178,0.9016310404214362,197.42000000000007,effect_0-5
1849,1263,STR,LSr,77,0.3900314051261269,197.42000000000007,effect_0-5
1850,1264,STR,LSr,44,0.22287508864350108,197.42000000000007,effect_0-5
1851,1267,STR,LSr,293,1.4841454766487685,197.42000000000007,effect_0-5
1852,1269,STR,LSr,705,3.571066761219733,197.42000000000007,effect_0-5
1853,1270,STR,LSr,477,2.4161685746125006,197.42000000000007,effect_0-5
1854,1271,STR,LSr,923,4.675311518589806,197.42000000000007,effect_0-5
1855,1272,STR,LSr,57,0.28872454665180824,197.42000000000007,effect_0-5
1856,1274,STR,LSr,916,4.639854118123795,197.42000000000007,effect_0-5
1857,1275,STR,STR,23,0.11650288724546648,197.42000000000007,effect_0-5
1858,1280,STR,LSr,92,0.4660115489818659,197.42000000000007,effect_0-5
1859,1281,STR,LSr,574,2.907506838212946,197.42000000000007,effect_0-5
1860,1282,STR,LSr,81,0.41029277682099063,197.42000000000007,effect_0-5
1861,1283,STR,LSr,32,0.1620909735589099,197.42000000000007,effect_0-5
1862,1284,STR,LSr,385,1.9501570256306344,197.42000000000007,effect_0-5
1863,1286,STR,STR,40,0.20261371694863733,197.42000000000007,effect_0-5
1864,1287,STR,STR,702,3.5558707324485854,197.42000000000007,effect_0-5
1865,1289,STR,STR,377,1.909634282240907,197.42000000000007,effect_0-5
1866,1290,STR,STR,15,0.07598014385573901,197.42000000000007,effect_0-5
1867,1291,STR,STR,0,0.0,197.42000000000007,effect_0-5
1868,1295,Other,ACAv6a,442,2.238881572282443,197.42000000000007,effect_0-5
1869,1296,Other,ACAv6a,1,0.005065342923715934,197.42000000000007,effect_0-5
1870,1298,Other,ACAv6a,416,2.1071826562658282,197.42000000000007,effect_0-5
1871,1301,Other,ACAv6a,0,0.0,197.42000000000007,effect_0-5
1872,1303,Other,ACAv6a,689,3.4900212744402785,197.42000000000007,effect_0-5
1873,1304,Other,ACAv6a,3,0.0151960287711478,197.42000000000007,effect_0-5
1874,1306,Other,ACAv6a,6,0.0303920575422956,197.42000000000007,effect_0-5
1875,1307,Other,ACAv6a,82,0.41535811974470654,197.42000000000007,effect_0-5
1876,1308,Other,ACAv6a,994,5.034950866173638,197.42000000000007,effect_0-5
1877,1311,Other,ACAd6a,65,0.3292472900415357,197.42000000000007,effect_0-5
1878,1312,Other,ACAd6a,26,0.13169891601661426,197.42000000000007,effect_0-5
1879,1313,Other,ACAd6a,4,0.020261371694863736,197.42000000000007,effect_0-5
1880,1314,Other,ACAd6a,491,2.4870833755445236,197.42000000000007,effect_0-5
1881,1317,Motor,MOs6a,2,0.010130685847431868,197.42000000000007,effect_0-5
1882,1318,Motor,MOs6a,1579,7.998176476547459,197.42000000000007,effect_0-5
1883,1321,Motor,MOs6a,267,1.3524465606321543,197.42000000000007,effect_0-5
1884,1322,Motor,MOs5,0,0.0,197.42000000000007,effect_0-5
1885,1323,Motor,MOs5,4,0.020261371694863736,197.42000000000007,effect_0-5
1886,1328,Motor,MOs5,311,1.5753216492756554,197.42000000000007,effect_0-5
1887,1329,Motor,MOs5,11,0.05571877216087527,197.42000000000007,effect_0-5
1888,1330,Motor,MOs5,6,0.0303920575422956,197.42000000000007,effect_0-5
1889,1331,STR,LSr,621,3.1455779556275947,197.42000000000007,effect_0-5
1890,1332,STR,LSr,37,0.18741768817748955,197.42000000000007,effect_0-5
1891,1334,STR,STR,1050,5.31861006990173,197.42000000000007,effect_0-5
1892,1335,STR,STR,517,2.618782291561138,197.42000000000007,effect_0-5
1893,1336,STR,LSr,930,4.710768919055818,197.42000000000007,effect_0-5
1894,1337,Other,ccg,0,0.0,197.42000000000007,effect_0-5
1895,1339,Other,ACAd6a,747,3.7838111640158023,197.42000000000007,effect_0-5
1896,1340,Other,ACAd6a,40,0.20261371694863733,197.42000000000007,effect_0-5
1897,1341,Other,ACAd6a,25,0.12663357309289835,197.42000000000007,effect_0-5
1898,1342,Motor,MOs6a,0,0.0,197.42000000000007,effect_0-5
1899,1345,Motor,MOs5,46,0.23300577449093296,197.42000000000007,effect_0-5
1900,1347,STR,STR,6,0.0303920575422956,197.42000000000007,effect_0-5
1901,1348,STR,LSr,41,0.20767905987235327,197.42000000000007,effect_0-5
1902,1349,STR,STR,41,0.20767905987235327,197.42000000000007,effect_0-5
1903,1350,Other,ACAv6a,616,3.120251241009015,197.42000000000007,effect_0-5
1904,1351,Other,ACAv6a,145,0.7344747239388104,197.42000000000007,effect_0-5
1905,1354,Motor,MOs5,807,4.087731739438759,197.42000000000007,effect_0-5
1906,1356,Motor,MOs5,12,0.0607841150845912,197.42000000000007,effect_0-5
1907,1358,STR,LSr,13,0.06584945800830713,197.42000000000007,effect_0-5
1908,1360,Motor,MOs5,3,0.0151960287711478,197.42000000000007,effect_0-5
1909,1361,Motor,MOs5,56,0.2836592037280923,197.42000000000007,effect_0-5
1910,1362,Motor,MOs5,8,0.04052274338972747,197.42000000000007,effect_0-5
1911,0,Thalamus,MD,783,3.5985109609816903,217.58999999999833,effect_5-10
1912,1,Thalamus,MD,359,1.6498919987131888,217.58999999999833,effect_5-10
1913,2,Thalamus,MD,3366,15.469460912725888,217.58999999999833,effect_5-10
1914,3,Thalamus,MD,670,3.0791856243393774,217.58999999999833,effect_5-10
1915,4,Thalamus,MD,568,2.6104140815295023,217.58999999999833,effect_5-10
1916,5,Thalamus,IAD,3205,14.729537202996575,217.58999999999833,effect_5-10
1917,6,Thalamus,IAD,3360,15.441886116090012,217.58999999999833,effect_5-10
1918,7,Thalamus,MD,1263,5.804494691851692,217.58999999999833,effect_5-10
1919,8,Thalamus,MD,1845,8.479249965531569,217.58999999999833,effect_5-10
1920,11,Thalamus,MD,165,0.7583069074865632,217.58999999999833,effect_5-10
1921,13,Thalamus,MD,1843,8.470058366652944,217.58999999999833,effect_5-10
1922,14,Thalamus,MD,150,0.6893699158968756,217.58999999999833,effect_5-10
1923,16,Thalamus,MD,1082,4.972654993336129,217.58999999999833,effect_5-10
1924,17,Thalamus,MD,7,0.032170596075187526,217.58999999999833,effect_5-10
1925,18,Thalamus,MD,933,4.287880876878566,217.58999999999833,effect_5-10
1926,19,Thalamus,MD,2550,11.719288570246885,217.58999999999833,effect_5-10
1927,21,Thalamus,MD,1563,7.183234523645443,217.58999999999833,effect_5-10
1928,22,Thalamus,MD,1399,6.429523415598193,217.58999999999833,effect_5-10
1929,23,Thalamus,MD,1920,8.823934923480007,217.58999999999833,effect_5-10
1930,25,Thalamus,MD,3427,15.749804678523951,217.58999999999833,effect_5-10
1931,26,Thalamus,MD,962,4.421159060618629,217.58999999999833,effect_5-10
1932,28,Thalamus,MD,3835,17.624890849763453,217.58999999999833,effect_5-10
1933,29,Thalamus,MD,1086,4.991038191093379,217.58999999999833,effect_5-10
1934,31,Thalamus,MD,686,3.1527184153683776,217.58999999999833,effect_5-10
1935,33,Thalamus,MD,1628,7.481961487200756,217.58999999999833,effect_5-10
1936,35,Thalamus,MD,2361,10.850682476216821,217.58999999999833,effect_5-10
1937,37,Thalamus,MD,345,1.5855508065628139,217.58999999999833,effect_5-10
1938,39,Thalamus,MD,552,2.536881290500502,217.58999999999833,effect_5-10
1939,40,Thalamus,MD,774,3.5571487660278778,217.58999999999833,effect_5-10
1940,43,Thalamus,MD,2642,12.142102118663635,217.58999999999833,effect_5-10
1941,44,Thalamus,MD,1308,6.011305666620755,217.58999999999833,effect_5-10
1942,46,Thalamus,MD,3576,16.434578794981512,217.58999999999833,effect_5-10
1943,47,Thalamus,MD,1622,7.454386690564881,217.58999999999833,effect_5-10
1944,48,Thalamus,MD,3244,14.908773381129762,217.58999999999833,effect_5-10
1945,49,Thalamus,MD,1027,4.719886024173942,217.58999999999833,effect_5-10
1946,50,Thalamus,MD,2098,9.641987223677633,217.58999999999833,effect_5-10
1947,53,Thalamus,MD,3135,14.407831242244699,217.58999999999833,effect_5-10
1948,54,Thalamus,MD,1047,4.811802012960191,217.58999999999833,effect_5-10
1949,57,Thalamus,MD,1762,8.097798612068631,217.58999999999833,effect_5-10
1950,58,Thalamus,MD,3559,16.3564502045132,217.58999999999833,effect_5-10
1951,60,Thalamus,MD,1328,6.103221655407005,217.58999999999833,effect_5-10
1952,63,Thalamus,MD,353,1.6223172020773138,217.58999999999833,effect_5-10
1953,65,Thalamus,MD,4826,22.179328094122145,217.58999999999833,effect_5-10
1954,66,Thalamus,MD,2056,9.448963647226508,217.58999999999833,effect_5-10
1955,67,Thalamus,MD,1800,8.272438990762506,217.58999999999833,effect_5-10
1956,68,Thalamus,MD,1886,8.667677742543383,217.58999999999833,effect_5-10
1957,70,Thalamus,MD,246,1.1305666620708759,217.58999999999833,effect_5-10
1958,71,Thalamus,MD,504,2.316282917413502,217.58999999999833,effect_5-10
1959,73,Thalamus,MD,1359,6.245691438025693,217.58999999999833,effect_5-10
1960,74,Thalamus,MD,5549,25.502091088745082,217.58999999999833,effect_5-10
1961,75,Thalamus,MD,2002,9.200790477503633,217.58999999999833,effect_5-10
1962,76,Thalamus,MD,1554,7.141872328691631,217.58999999999833,effect_5-10
1963,77,Thalamus,MD,3326,15.285628935153387,217.58999999999833,effect_5-10
1964,78,Thalamus,MD,2383,10.951790063881697,217.58999999999833,effect_5-10
1965,79,Thalamus,MD,2484,11.41596580725226,217.58999999999833,effect_5-10
1966,80,Thalamus,MD,82,0.3768555540236253,217.58999999999833,effect_5-10
1967,83,Thalamus,MD,1308,6.011305666620755,217.58999999999833,effect_5-10
1968,84,Thalamus,MD,1929,8.86529711843382,217.58999999999833,effect_5-10
1969,86,Thalamus,MD,681,3.1297394181718152,217.58999999999833,effect_5-10
1970,89,Thalamus,MD,2252,10.349740337331758,217.58999999999833,effect_5-10
1971,90,Thalamus,MD,832,3.8237051335080032,217.58999999999833,effect_5-10
1972,91,Thalamus,MD,659,3.02863183050694,217.58999999999833,effect_5-10
1973,92,Thalamus,MD,1338,6.14917964980013,217.58999999999833,effect_5-10
1974,93,Thalamus,MD,387,1.7785743830139389,217.58999999999833,effect_5-10
1975,95,Thalamus,MD,176,0.8088607013190007,217.58999999999833,effect_5-10
1976,96,Thalamus,MD,1025,4.7106944252953165,217.58999999999833,effect_5-10
1977,99,Thalamus,MD,495,2.2749207224596892,217.58999999999833,effect_5-10
1978,101,Thalamus,MD,251,1.1535456592674385,217.58999999999833,effect_5-10
1979,104,Thalamus,MD,898,4.127027896502629,217.58999999999833,effect_5-10
1980,127,Other,DG-mo,2159,9.922330989475695,217.58999999999833,effect_5-10
1981,129,Other,DG-mo,61,0.28034376579806275,217.58999999999833,effect_5-10
1982,131,Other,DG-mo,301,1.3833356312330636,217.58999999999833,effect_5-10
1983,132,Other,DG-sg,2489,11.438944804448822,217.58999999999833,effect_5-10
1984,133,Other,DG-sg,1229,5.6482375109150675,217.58999999999833,effect_5-10
1985,135,Other,DG-sg,97,0.4457925456133129,217.58999999999833,effect_5-10
1986,137,Other,DG-sg,12,0.05514959327175004,217.58999999999833,effect_5-10
1987,139,Other,DG-sg,30,0.1378739831793751,217.58999999999833,effect_5-10
1988,141,Other,DG-sg,46,0.21140677420837517,217.58999999999833,effect_5-10
1989,143,Other,DG-sg,196,0.9007766901052507,217.58999999999833,effect_5-10
1990,145,Other,DG-sg,101,0.4641757433705629,217.58999999999833,effect_5-10
1991,149,Other,DG-po,53,0.2435773702835627,217.58999999999833,effect_5-10
1992,152,Other,CA3,5,0.022978997196562517,217.58999999999833,effect_5-10
1993,157,Other,CA3,1941,8.92044671170557,217.58999999999833,effect_5-10
1994,164,Other,CA3,362,1.6636793970311263,217.58999999999833,effect_5-10
1995,166,Other,CA3,9,0.041362194953812534,217.58999999999833,effect_5-10
1996,181,Other,CA1,914,4.200560687531628,217.58999999999833,effect_5-10
1997,182,Other,CA1,4788,22.00468771542827,217.58999999999833,effect_5-10
1998,188,Other,CA1,151,0.6939657153361881,217.58999999999833,effect_5-10
1999,201,Other,RSPd6a,463,2.127855140401689,217.58999999999833,effect_5-10
2000,202,Other,RSPagl6a,1640,7.537111080472506,217.58999999999833,effect_5-10
2001,204,Other,RSPagl6a,103,0.47336734224918786,217.58999999999833,effect_5-10
2002,210,Other,RSPagl5,1657,7.615239670940818,217.58999999999833,effect_5-10
2003,211,Other,RSPagl5,1947,8.948021508341444,217.58999999999833,effect_5-10
2004,213,Other,RSPagl5,1870,8.594144951514382,217.58999999999833,effect_5-10
2005,214,Other,RSPagl5,175,0.8042649018796881,217.58999999999833,effect_5-10
2006,215,Other,RSPagl5,3105,14.269957259065324,217.58999999999833,effect_5-10
2007,216,Other,RSPagl5,28,0.1286823843007501,217.58999999999833,effect_5-10
2008,217,Other,RSPagl5,1386,6.369778022887131,217.58999999999833,effect_5-10
2009,219,Other,RSPagl5,1719,7.900179236178194,217.58999999999833,effect_5-10
2010,220,Other,RSPagl5,1015,4.664736430902192,217.58999999999833,effect_5-10
2011,222,Other,RSPagl5,2180,10.018842777701257,217.58999999999833,effect_5-10
2012,224,Other,RSPagl5,1309,6.015901466060067,217.58999999999833,effect_5-10
2013,225,Other,RSPagl5,2070,9.513304839376882,217.58999999999833,effect_5-10
2014,227,Other,RSPagl5,134,0.6158371248678755,217.58999999999833,effect_5-10
2015,232,Other,RSPagl2/3,3614,16.60921917367539,217.58999999999833,effect_5-10
2016,233,Thalamus,MD,3133,14.398639643366074,217.58999999999833,effect_5-10
2017,234,Thalamus,MD,1019,4.683119628659441,217.58999999999833,effect_5-10
2018,235,Thalamus,MD,1819,8.359759180109444,217.58999999999833,effect_5-10
2019,236,Thalamus,MD,1094,5.027804586607879,217.58999999999833,effect_5-10
2020,237,Thalamus,MD,1160,5.331127349602505,217.58999999999833,effect_5-10
2021,238,Thalamus,MD,1350,6.20432924307188,217.58999999999833,effect_5-10
2022,239,Thalamus,MD,494,2.270324923020377,217.58999999999833,effect_5-10
2023,241,Thalamus,MD,924,4.246518681924753,217.58999999999833,effect_5-10
2024,242,Thalamus,MD,1653,7.596856473183569,217.58999999999833,effect_5-10
2025,244,Thalamus,MD,536,2.463348499471502,217.58999999999833,effect_5-10
2026,245,Thalamus,MD,638,2.9321200422813773,217.58999999999833,effect_5-10
2027,250,Other,DG-mo,132,0.6066455259892505,217.58999999999833,effect_5-10
2028,252,Other,DG-sg,13,0.05974539271106255,217.58999999999833,effect_5-10
2029,253,Other,DG-sg,6,0.02757479663587502,217.58999999999833,effect_5-10
2030,254,Other,DG-sg,172,0.7904775035617506,217.58999999999833,effect_5-10
2031,256,Other,DG-sg,168,0.7720943058045007,217.58999999999833,effect_5-10
2032,258,Other,CA3,1265,5.813686290730317,217.58999999999833,effect_5-10
2033,259,Other,CA3,275,1.2638448458109386,217.58999999999833,effect_5-10
2034,260,Other,CA3,6,0.02757479663587502,217.58999999999833,effect_5-10
2035,263,Other,RSPagl5,857,3.9386001194908156,217.58999999999833,effect_5-10
2036,265,Other,RSPagl5,24,0.11029918654350009,217.58999999999833,effect_5-10
2037,268,Thalamus,MD,1086,4.991038191093379,217.58999999999833,effect_5-10
2038,270,Other,DG-sg,0,0.0,217.58999999999833,effect_5-10
2039,273,Other,RSPagl5,46,0.21140677420837517,217.58999999999833,effect_5-10
2040,274,Other,RSPagl5,69,0.31711016131256275,217.58999999999833,effect_5-10
2041,276,Other,CA3,9,0.041362194953812534,217.58999999999833,effect_5-10
2042,277,Other,DG-po,61,0.28034376579806275,217.58999999999833,effect_5-10
2043,280,Other,SPFp,46,0.21140677420837517,217.58999999999833,effect_5-10
2044,292,Other,MB,694,3.1894848108828775,217.58999999999833,effect_5-10
2045,293,Other,MB,554,2.546072889379127,217.58999999999833,effect_5-10
2046,335,Other,APN,8057,37.028356082540846,217.58999999999833,effect_5-10
2047,358,Other,APN,485,2.2289627280665645,217.58999999999833,effect_5-10
2048,359,Other,APN,8367,38.45305390872772,217.58999999999833,effect_5-10
2049,384,Other,APN,17,0.07812859046831257,217.58999999999833,effect_5-10
2050,386,Other,APN,3,0.01378739831793751,217.58999999999833,effect_5-10
2051,388,Other,APN,304,1.397123029551001,217.58999999999833,effect_5-10
2052,390,Other,APN,5292,24.32097063284177,217.58999999999833,effect_5-10
2053,395,Other,MB,371,1.7050415919849389,217.58999999999833,effect_5-10
2054,396,Other,APN,3518,16.168022427501388,217.58999999999833,effect_5-10
2055,399,Other,MB,94,0.43200514729537537,217.58999999999833,effect_5-10
2056,400,Other,DG-mo,240,1.1029918654350008,217.58999999999833,effect_5-10
2057,402,Other,POST,217,0.9972884783308134,217.58999999999833,effect_5-10
2058,410,Other,SUB,1025,4.7106944252953165,217.58999999999833,effect_5-10
2059,425,Other,VISp6a,23,0.10570338710418758,217.58999999999833,effect_5-10
2060,426,Other,VISp6a,142,0.6526035203823756,217.58999999999833,effect_5-10
2061,427,Other,VISp6a,566,2.601222482650877,217.58999999999833,effect_5-10
2062,430,Other,VISp6a,39,0.17923617813318765,217.58999999999833,effect_5-10
2063,431,Other,VISp6a,94,0.43200514729537537,217.58999999999833,effect_5-10
2064,432,Other,VISp5,1827,8.396525575623944,217.58999999999833,effect_5-10
2065,433,Other,VISp6a,789,3.6260857576175654,217.58999999999833,effect_5-10
2066,436,Other,VISp6a,2019,9.278919067971945,217.58999999999833,effect_5-10
2067,437,Other,VISp5,374,1.7188289903028764,217.58999999999833,effect_5-10
2068,439,Other,VISp5,209,0.9605220828163132,217.58999999999833,effect_5-10
2069,440,Other,VISp5,32,0.14706558205800013,217.58999999999833,effect_5-10
2070,442,Other,VISp5,1477,6.787995771864568,217.58999999999833,effect_5-10
2071,443,Other,VISp5,1833,8.424100372259819,217.58999999999833,effect_5-10
2072,444,Other,VISp5,2407,11.062089250425197,217.58999999999833,effect_5-10
2073,445,Other,VISp5,967,4.4441380578151914,217.58999999999833,effect_5-10
2074,446,Other,VISp5,1395,6.411140217840943,217.58999999999833,effect_5-10
2075,447,Other,VISp5,511,2.3484535134886895,217.58999999999833,effect_5-10
2076,449,Other,VISp5,1508,6.930465554483256,217.58999999999833,effect_5-10
2077,452,Other,VISp5,237,1.0892044671170633,217.58999999999833,effect_5-10
2078,453,Other,VISp5,808,3.713405946964503,217.58999999999833,effect_5-10
2079,455,Other,VISp5,2609,11.990440737166322,217.58999999999833,effect_5-10
2080,456,Other,VISp5,1272,5.845856886805505,217.58999999999833,effect_5-10
2081,457,Other,VISp5,497,2.2841123213383145,217.58999999999833,effect_5-10
2082,458,Other,VISp5,871,4.002941311641191,217.58999999999833,effect_5-10
2083,459,Other,VISp5,975,4.480904453329691,217.58999999999833,effect_5-10
2084,460,Other,VISp5,1011,4.646353233144941,217.58999999999833,effect_5-10
2085,466,Other,VISp5,387,1.7785743830139389,217.58999999999833,effect_5-10
2086,469,Other,VISp5,293,1.3465692357185637,217.58999999999833,effect_5-10
2087,472,Other,VISp5,162,0.7445195091686256,217.58999999999833,effect_5-10
2088,478,Other,VISp5,151,0.6939657153361881,217.58999999999833,effect_5-10
2089,479,Other,VISp5,309,1.4201020267475637,217.58999999999833,effect_5-10
2090,485,Other,VISp4,46,0.21140677420837517,217.58999999999833,effect_5-10
2091,488,Other,VISp4,23,0.10570338710418758,217.58999999999833,effect_5-10
2092,489,Other,VISp4,279,1.2822280435681885,217.58999999999833,effect_5-10
2093,492,Other,VISp4,204,0.9375430856197507,217.58999999999833,effect_5-10
2094,493,Other,VISp4,198,0.9099682889838757,217.58999999999833,effect_5-10
2095,494,Other,VISp4,7,0.032170596075187526,217.58999999999833,effect_5-10
2096,495,Other,VISp4,101,0.4641757433705629,217.58999999999833,effect_5-10
2097,497,Other,VISp2/3,142,0.6526035203823756,217.58999999999833,effect_5-10
2098,498,Other,VISp2/3,46,0.21140677420837517,217.58999999999833,effect_5-10
2099,500,Other,VISp4,1910,8.777976929086883,217.58999999999833,effect_5-10
2100,502,Other,VISp2/3,32,0.14706558205800013,217.58999999999833,effect_5-10
2101,504,Other,VISp2/3,156,0.7169447125327506,217.58999999999833,effect_5-10
2102,520,Other,APN,238,1.093800266556376,217.58999999999833,effect_5-10
2103,521,Other,APN,39,0.17923617813318765,217.58999999999833,effect_5-10
2104,523,Other,APN,3713,17.064203318167326,217.58999999999833,effect_5-10
2105,525,Other,APN,296,1.3603566340365012,217.58999999999833,effect_5-10
2106,530,Other,VISp4,33,0.15166138149731262,217.58999999999833,effect_5-10
2107,533,Other,VISp4,1,0.004595799439312504,217.58999999999833,effect_5-10
2108,535,Other,VISp2/3,17,0.07812859046831257,217.58999999999833,effect_5-10
2109,536,Other,VISp2/3,217,0.9972884783308134,217.58999999999833,effect_5-10
2110,537,Other,VISp2/3,91,0.41821774897743785,217.58999999999833,effect_5-10
2111,538,Other,VISp2/3,42,0.19302357645112517,217.58999999999833,effect_5-10
2112,545,Other,VISp4,44,0.20221517532975017,217.58999999999833,effect_5-10
2113,547,Thalamus,VPL,2356,10.82770347902026,217.58999999999833,effect_5-10
2114,550,Thalamus,VPL,169,0.7766901052438131,217.58999999999833,effect_5-10
2115,552,Thalamus,VPL,2359,10.841490877338197,217.58999999999833,effect_5-10
2116,553,Thalamus,VPL,3133,14.398639643366074,217.58999999999833,effect_5-10
2117,558,Thalamus,VPL,3169,14.564088423181325,217.58999999999833,effect_5-10
2118,561,Thalamus,VPL,3970,18.24532377407064,217.58999999999833,effect_5-10
2119,562,Thalamus,VPL,2822,12.969346017739886,217.58999999999833,effect_5-10
2120,564,Thalamus,VPL,1945,8.93882990946282,217.58999999999833,effect_5-10
2121,565,Thalamus,VPL,2030,9.329472861804383,217.58999999999833,effect_5-10
2122,567,Thalamus,VPL,2800,12.86823843007501,217.58999999999833,effect_5-10
2123,568,Thalamus,VPL,3,0.01378739831793751,217.58999999999833,effect_5-10
2124,572,Thalamus,VPL,3205,14.729537202996575,217.58999999999833,effect_5-10
2125,575,Thalamus,VPL,0,0.0,217.58999999999833,effect_5-10
2126,576,Thalamus,VPL,1212,5.570108920446755,217.58999999999833,effect_5-10
2127,579,Thalamus,VPL,3508,16.122064433108264,217.58999999999833,effect_5-10
2128,581,Thalamus,VPL,1302,5.98373086998488,217.58999999999833,effect_5-10
2129,583,Thalamus,VPL,949,4.361413667907566,217.58999999999833,effect_5-10
2130,584,Thalamus,VPL,2806,12.895813226710885,217.58999999999833,effect_5-10
2131,585,Thalamus,VPL,1787,8.212693598051445,217.58999999999833,effect_5-10
2132,586,Thalamus,VPL,45,0.20681097476906266,217.58999999999833,effect_5-10
2133,589,Thalamus,VPL,2960,13.603566340365012,217.58999999999833,effect_5-10
2134,590,Thalamus,VPL,3292,15.129371754216763,217.58999999999833,effect_5-10
2135,591,Thalamus,VPL,1230,5.65283331035438,217.58999999999833,effect_5-10
2136,593,Thalamus,VPL,1415,6.503056206627193,217.58999999999833,effect_5-10
2137,594,Thalamus,VPL,2002,9.200790477503633,217.58999999999833,effect_5-10
2138,595,Thalamus,VPL,1798,8.263247391883882,217.58999999999833,effect_5-10
2139,596,Thalamus,VPL,739,3.3962957856519402,217.58999999999833,effect_5-10
2140,597,Thalamus,VPL,1999,9.187003079185695,217.58999999999833,effect_5-10
2141,598,Thalamus,VPL,1815,8.341375982352194,217.58999999999833,effect_5-10
2142,599,Thalamus,VPL,2111,9.701732616388695,217.58999999999833,effect_5-10
2143,600,Thalamus,VPL,1378,6.33301162737263,217.58999999999833,effect_5-10
2144,601,Thalamus,VPL,3580,16.452961992738764,217.58999999999833,effect_5-10
2145,602,Thalamus,VPL,3094,14.219403465232887,217.58999999999833,effect_5-10
2146,603,Thalamus,VPL,3006,13.814973114573386,217.58999999999833,effect_5-10
2147,607,Thalamus,VPL,2672,12.27997610184301,217.58999999999833,effect_5-10
2148,610,Thalamus,VPL,3112,14.302127855140512,217.58999999999833,effect_5-10
2149,611,Thalamus,VPL,1507,6.925869755043943,217.58999999999833,effect_5-10
2150,612,Thalamus,VPL,1217,5.5930879176433175,217.58999999999833,effect_5-10
2151,616,Thalamus,VPL,1750,8.042649018796881,217.58999999999833,effect_5-10
2152,617,Thalamus,VPL,910,4.182177489774379,217.58999999999833,effect_5-10
2153,618,Thalamus,VPL,1461,6.714462980835568,217.58999999999833,effect_5-10
2154,620,Thalamus,VPL,1752,8.051840617675506,217.58999999999833,effect_5-10
2155,621,Thalamus,VPL,941,4.324647272393066,217.58999999999833,effect_5-10
2156,622,Thalamus,VPL,1499,6.889103359529443,217.58999999999833,effect_5-10
2157,623,Thalamus,VPL,931,4.278689277999941,217.58999999999833,effect_5-10
2158,626,Thalamus,VPL,1300,5.974539271106255,217.58999999999833,effect_5-10
2159,629,Thalamus,VPL,2036,9.357047658440258,217.58999999999833,effect_5-10
2160,630,Thalamus,VPL,1907,8.764189530768945,217.58999999999833,effect_5-10
2161,632,Thalamus,VPL,727,3.34114619238019,217.58999999999833,effect_5-10
2162,633,Thalamus,VPL,2878,13.226710786341386,217.58999999999833,effect_5-10
2163,634,Thalamus,VPL,3152,14.485959832713013,217.58999999999833,effect_5-10
2164,635,Thalamus,VPL,4308,19.798703984558266,217.58999999999833,effect_5-10
2165,664,RT,RT,8998,41.35300335493391,217.58999999999833,effect_5-10
2166,667,RT,RT,304,1.397123029551001,217.58999999999833,effect_5-10
2167,670,Other,CA3,3894,17.89604301668289,217.58999999999833,effect_5-10
2168,672,Other,or,83,0.3814513534629378,217.58999999999833,effect_5-10
2169,676,Somatosensory,SSp-bfd6a,276,1.268440645250251,217.58999999999833,effect_5-10
2170,680,Somatosensory,SSp-bfd6a,60,0.2757479663587502,217.58999999999833,effect_5-10
2171,681,Somatosensory,SSp-bfd6a,40,0.18383197757250014,217.58999999999833,effect_5-10
2172,683,Somatosensory,SSp-bfd6a,31,0.14246978261868762,217.58999999999833,effect_5-10
2173,685,Somatosensory,SSp-bfd6a,1151,5.289765154648692,217.58999999999833,effect_5-10
2174,686,Somatosensory,SSp-bfd6a,1024,4.706098625856004,217.58999999999833,effect_5-10
2175,687,Somatosensory,SSp-bfd6a,193,0.8869892917873132,217.58999999999833,effect_5-10
2176,690,Somatosensory,SSp-bfd6a,660,3.0332276299462526,217.58999999999833,effect_5-10
2177,692,Somatosensory,SSp-bfd5,822,3.777747139114878,217.58999999999833,effect_5-10
2178,695,Somatosensory,SSp-bfd5,932,4.2832850774392535,217.58999999999833,effect_5-10
2179,696,Somatosensory,SSp-bfd5,44,0.20221517532975017,217.58999999999833,effect_5-10
2180,697,Somatosensory,SSp-bfd5,1284,5.901006480077255,217.58999999999833,effect_5-10
2181,698,Somatosensory,SSp-bfd5,433,1.989981157222314,217.58999999999833,effect_5-10
2182,699,Somatosensory,SSp-bfd5,760,3.492807573877503,217.58999999999833,effect_5-10
2183,700,Somatosensory,SSp-bfd5,285,1.3098028402040636,217.58999999999833,effect_5-10
2184,702,Somatosensory,SSp-bfd5,968,4.448733857254504,217.58999999999833,effect_5-10
2185,705,Somatosensory,SSp-bfd5,104,0.4779631416885004,217.58999999999833,effect_5-10
2186,706,Somatosensory,SSp-bfd5,2010,9.237556873018132,217.58999999999833,effect_5-10
2187,707,Somatosensory,SSp-bfd5,869,3.9937497127625656,217.58999999999833,effect_5-10
2188,714,Somatosensory,SSp-bfd5,41,0.18842777701181265,217.58999999999833,effect_5-10
2189,715,Somatosensory,SSp-bfd5,169,0.7766901052438131,217.58999999999833,effect_5-10
2190,716,Somatosensory,SSp-bfd5,922,4.237327083046129,217.58999999999833,effect_5-10
2191,718,Somatosensory,SSp-bfd5,398,1.8291281768463765,217.58999999999833,effect_5-10
2192,719,Somatosensory,SSp-bfd5,1474,6.774208373546631,217.58999999999833,effect_5-10
2193,729,Thalamus,VPL,2249,10.33595293901382,217.58999999999833,effect_5-10
2194,730,Thalamus,VPL,475,2.1830047336734393,217.58999999999833,effect_5-10
2195,732,Thalamus,VPL,536,2.463348499471502,217.58999999999833,effect_5-10
2196,733,Thalamus,VPL,1869,8.589549152075069,217.58999999999833,effect_5-10
2197,734,Thalamus,VPL,1159,5.326531550163192,217.58999999999833,effect_5-10
2198,735,Thalamus,VPL,1050,4.825589411278129,217.58999999999833,effect_5-10
2199,738,Thalamus,VPL,913,4.195964888092316,217.58999999999833,effect_5-10
2200,739,Thalamus,VPL,835,3.8374925318259407,217.58999999999833,effect_5-10
2201,741,Other,or,438,2.0129601544188764,217.58999999999833,effect_5-10
2202,743,Somatosensory,SSp-bfd6a,450,2.0681097476906265,217.58999999999833,effect_5-10
2203,744,Somatosensory,SSp-bfd6a,2,0.009191598878625008,217.58999999999833,effect_5-10
2204,746,Somatosensory,SSp-bfd6a,1149,5.280573555770067,217.58999999999833,effect_5-10
2205,747,Somatosensory,SSp-bfd5,26,0.1194907854221251,217.58999999999833,effect_5-10
2206,750,Somatosensory,SSp-bfd5,56,0.2573647686015002,217.58999999999833,effect_5-10
2207,751,Somatosensory,SSp-bfd4,90,0.4136219495381253,217.58999999999833,effect_5-10
2208,752,Somatosensory,SSp-bfd6a,32,0.14706558205800013,217.58999999999833,effect_5-10
2209,757,Somatosensory,SSp-bfd5,81,0.3722597545843128,217.58999999999833,effect_5-10
2210,761,STR,LSr,2406,11.057493450985884,217.58999999999833,effect_5-10
2211,763,STR,LSr,798,3.667447952571378,217.58999999999833,effect_5-10
2212,766,STR,LSr,347,1.5947424054414387,217.58999999999833,effect_5-10
2213,768,STR,LSr,1038,4.770439818006379,217.58999999999833,effect_5-10
2214,769,STR,LSr,329,1.5120180155338137,217.58999999999833,effect_5-10
2215,771,STR,LSr,178,0.8180523001976256,217.58999999999833,effect_5-10
2216,773,STR,LSr,6595,30.30929730226596,217.58999999999833,effect_5-10
2217,774,STR,LSr,384,1.7647869846960014,217.58999999999833,effect_5-10
2218,775,STR,LSr,1117,5.133507973712066,217.58999999999833,effect_5-10
2219,777,STR,LSr,77,0.3538765568270628,217.58999999999833,effect_5-10
2220,778,STR,LSr,206,0.9467346844983757,217.58999999999833,effect_5-10
2221,779,STR,LSr,760,3.492807573877503,217.58999999999833,effect_5-10
2222,780,STR,LSr,66,0.30332276299462524,217.58999999999833,effect_5-10
2223,781,STR,LSr,1715,7.881796038420944,217.58999999999833,effect_5-10
2224,783,STR,LSr,771,3.5433613677099403,217.58999999999833,effect_5-10
2225,784,STR,LSr,243,1.1167792637529383,217.58999999999833,effect_5-10
2226,785,STR,LSr,410,1.8842777701181266,217.58999999999833,effect_5-10
2227,786,STR,LSr,3105,14.269957259065324,217.58999999999833,effect_5-10
2228,787,STR,LSr,190,0.8732018934693757,217.58999999999833,effect_5-10
2229,788,STR,LSr,705,3.2400386047153154,217.58999999999833,effect_5-10
2230,791,STR,LSr,1014,4.660140631462879,217.58999999999833,effect_5-10
2231,792,STR,LSr,397,1.824532377407064,217.58999999999833,effect_5-10
2232,793,STR,LSr,446,2.0497265499333768,217.58999999999833,effect_5-10
2233,795,STR,LSr,449,2.0635139482513143,217.58999999999833,effect_5-10
2234,797,STR,LSr,12,0.05514959327175004,217.58999999999833,effect_5-10
2235,799,STR,LSr,1613,7.413024495611069,217.58999999999833,effect_5-10
2236,801,STR,LSr,78,0.3584723562663753,217.58999999999833,effect_5-10
2237,802,STR,LSr,79,0.3630681557056878,217.58999999999833,effect_5-10
2238,804,STR,LSr,988,4.540649846040754,217.58999999999833,effect_5-10
2239,805,STR,LSr,940,4.320051472953754,217.58999999999833,effect_5-10
2240,807,STR,LSr,930,4.274093478560628,217.58999999999833,effect_5-10
2241,808,STR,LSr,1135,5.2162323636196914,217.58999999999833,effect_5-10
2242,810,STR,LSr,474,2.1784089342341266,217.58999999999833,effect_5-10
2243,811,STR,LSr,606,2.7850544602233773,217.58999999999833,effect_5-10
2244,812,STR,LSr,532,2.444965301714252,217.58999999999833,effect_5-10
2245,813,STR,LSr,3480,15.993382048807513,217.58999999999833,effect_5-10
2246,815,STR,LSr,1070,4.917505400064379,217.58999999999833,effect_5-10
2247,817,STR,LSr,1540,7.077531136541256,217.58999999999833,effect_5-10
2248,818,STR,LSr,931,4.278689277999941,217.58999999999833,effect_5-10
2249,819,STR,LSr,301,1.3833356312330636,217.58999999999833,effect_5-10
2250,820,STR,LSr,624,2.8677788501310024,217.58999999999833,effect_5-10
2251,821,STR,LSr,62,0.28493956523737524,217.58999999999833,effect_5-10
2252,822,STR,LSr,1596,7.334895905142756,217.58999999999833,effect_5-10
2253,824,STR,LSr,593,2.7253090675123146,217.58999999999833,effect_5-10
2254,826,STR,LSr,639,2.93671584172069,217.58999999999833,effect_5-10
2255,828,STR,LSr,221,1.0156716760880633,217.58999999999833,effect_5-10
2256,829,STR,LSr,514,2.362240911806627,217.58999999999833,effect_5-10
2257,831,STR,LSr,1249,5.740153499701317,217.58999999999833,effect_5-10
2258,832,STR,LSr,444,2.0405349510547515,217.58999999999833,effect_5-10
2259,834,STR,LSr,3010,13.833356312330636,217.58999999999833,effect_5-10
2260,835,STR,LSr,593,2.7253090675123146,217.58999999999833,effect_5-10
2261,838,STR,LSr,293,1.3465692357185637,217.58999999999833,effect_5-10
2262,839,STR,LSr,672,3.0883772232180027,217.58999999999833,effect_5-10
2263,840,STR,LSr,93,0.4274093478560628,217.58999999999833,effect_5-10
2264,841,STR,LSr,431,1.9807895583436892,217.58999999999833,effect_5-10
2265,842,STR,LSr,968,4.448733857254504,217.58999999999833,effect_5-10
2266,843,STR,LSr,884,4.062686704352253,217.58999999999833,effect_5-10
2267,845,STR,LSr,1493,6.861528562893568,217.58999999999833,effect_5-10
2268,846,STR,LSr,905,4.159198492577816,217.58999999999833,effect_5-10
2269,849,STR,LSr,997,4.582012040994567,217.58999999999833,effect_5-10
2270,851,STR,LSr,21,0.09651178822556258,217.58999999999833,effect_5-10
2271,852,STR,LSr,776,3.566340364906503,217.58999999999833,effect_5-10
2272,853,STR,LSr,585,2.6885426719978147,217.58999999999833,effect_5-10
2273,854,STR,LSr,612,2.8126292568592524,217.58999999999833,effect_5-10
2274,855,STR,LSr,1073,4.931292798382317,217.58999999999833,effect_5-10
2275,856,STR,LSr,2144,9.853393997886007,217.58999999999833,effect_5-10
2276,857,STR,LSr,107,0.4917505400064379,217.58999999999833,effect_5-10
2277,858,STR,LSr,643,2.9550990394779397,217.58999999999833,effect_5-10
2278,859,STR,LSr,1471,6.760420975228693,217.58999999999833,effect_5-10
2279,861,STR,LSr,964,4.430350659497254,217.58999999999833,effect_5-10
2280,862,STR,LSr,548,2.518498092743252,217.58999999999833,effect_5-10
2281,863,STR,LSr,126,0.5790707293533754,217.58999999999833,effect_5-10
2282,864,STR,LSr,292,1.341973436279251,217.58999999999833,effect_5-10
2283,865,STR,LSr,1134,5.211636564180379,217.58999999999833,effect_5-10
2284,866,STR,LSr,219,1.0064800772094382,217.58999999999833,effect_5-10
2285,868,STR,LSr,566,2.601222482650877,217.58999999999833,effect_5-10
2286,871,STR,LSr,1293,5.942368675031068,217.58999999999833,effect_5-10
2287,872,STR,LSr,1225,5.629854313157817,217.58999999999833,effect_5-10
2288,873,STR,LSr,85,0.3906429523415628,217.58999999999833,effect_5-10
2289,874,STR,LSr,94,0.43200514729537537,217.58999999999833,effect_5-10
2290,876,STR,LSr,2424,11.14021784089351,217.58999999999833,effect_5-10
2291,877,STR,STR,148,0.6801783170182506,217.58999999999833,effect_5-10
2292,879,STR,STR,458,2.104876143205127,217.58999999999833,effect_5-10
2293,880,STR,STR,101,0.4641757433705629,217.58999999999833,effect_5-10
2294,881,STR,STR,312,1.4338894250655012,217.58999999999833,effect_5-10
2295,882,STR,STR,135,0.620432924307188,217.58999999999833,effect_5-10
2296,883,STR,STR,298,1.369548232915126,217.58999999999833,effect_5-10
2297,884,STR,STR,691,3.17569741256494,217.58999999999833,effect_5-10
2298,885,STR,STR,765,3.5157865710740652,217.58999999999833,effect_5-10
2299,886,STR,STR,31,0.14246978261868762,217.58999999999833,effect_5-10
2300,887,STR,STR,335,1.5395928121696887,217.58999999999833,effect_5-10
2301,888,STR,STR,26,0.1194907854221251,217.58999999999833,effect_5-10
2302,889,STR,STR,1489,6.843145365136318,217.58999999999833,effect_5-10
2303,890,STR,STR,31,0.14246978261868762,217.58999999999833,effect_5-10
2304,891,STR,STR,452,2.077301346569252,217.58999999999833,effect_5-10
2305,892,STR,STR,804,3.695022749207253,217.58999999999833,effect_5-10
2306,895,STR,STR,277,1.2730364446895635,217.58999999999833,effect_5-10
2307,897,STR,STR,6,0.02757479663587502,217.58999999999833,effect_5-10
2308,898,STR,STR,741,3.405487384530565,217.58999999999833,effect_5-10
2309,900,STR,STR,775,3.5617445654671904,217.58999999999833,effect_5-10
2310,902,STR,STR,1714,7.877200238981631,217.58999999999833,effect_5-10
2311,903,STR,STR,2118,9.733903212463883,217.58999999999833,effect_5-10
2312,904,STR,STR,403,1.8521071740429391,217.58999999999833,effect_5-10
2313,909,STR,LSr,397,1.824532377407064,217.58999999999833,effect_5-10
2314,910,STR,LSr,1223,5.6206627142791925,217.58999999999833,effect_5-10
2315,911,STR,LSr,179,0.8226480996369382,217.58999999999833,effect_5-10
2316,914,STR,LSr,1026,4.715290224734629,217.58999999999833,effect_5-10
2317,916,STR,LSr,815,3.7455765430396903,217.58999999999833,effect_5-10
2318,917,STR,LSr,660,3.0332276299462526,217.58999999999833,effect_5-10
2319,919,STR,LSr,1040,4.779631416885004,217.58999999999833,effect_5-10
2320,920,STR,LSr,182,0.8364354979548757,217.58999999999833,effect_5-10
2321,921,STR,LSr,76,0.3492807573877503,217.58999999999833,effect_5-10
2322,922,STR,LSr,81,0.3722597545843128,217.58999999999833,effect_5-10
2323,923,STR,SH,758,3.483615974998878,217.58999999999833,effect_5-10
2324,924,STR,SH,948,4.356817868468253,217.58999999999833,effect_5-10
2325,925,STR,SH,637,2.9275242428420647,217.58999999999833,effect_5-10
2326,927,STR,SH,447,2.054322349372689,217.58999999999833,effect_5-10
2327,928,STR,SH,1420,6.5260352038237555,217.58999999999833,effect_5-10
2328,929,STR,SH,673,3.092973022657315,217.58999999999833,effect_5-10
2329,930,STR,SH,1298,5.9653476722276295,217.58999999999833,effect_5-10
2330,932,STR,LSr,346,1.5901466060021263,217.58999999999833,effect_5-10
2331,933,STR,LSr,1250,5.744749299140629,217.58999999999833,effect_5-10
2332,935,STR,LSr,521,2.3944115078818147,217.58999999999833,effect_5-10
2333,937,STR,LSr,371,1.7050415919849389,217.58999999999833,effect_5-10
2334,938,STR,LSr,362,1.6636793970311263,217.58999999999833,effect_5-10
2335,940,STR,LSr,65,0.29872696355531275,217.58999999999833,effect_5-10
2336,941,STR,LSr,1363,6.264074635782943,217.58999999999833,effect_5-10
2337,943,STR,LSr,347,1.5947424054414387,217.58999999999833,effect_5-10
2338,945,STR,LSr,2543,11.687117974171697,217.58999999999833,effect_5-10
2339,946,STR,LSr,1134,5.211636564180379,217.58999999999833,effect_5-10
2340,947,STR,LSr,662,3.0424192288248775,217.58999999999833,effect_5-10
2341,949,STR,SH,99,0.45498414449193786,217.58999999999833,effect_5-10
2342,950,STR,SH,1610,7.399237097293131,217.58999999999833,effect_5-10
2343,952,STR,SH,801,3.6812353508893154,217.58999999999833,effect_5-10
2344,953,STR,SH,1491,6.852336964014943,217.58999999999833,effect_5-10
2345,955,STR,SH,629,2.890757847327565,217.58999999999833,effect_5-10
2346,958,STR,STR,383,1.760191185256689,217.58999999999833,effect_5-10
2347,959,STR,STR,1243,5.712578703065442,217.58999999999833,effect_5-10
2348,960,STR,STR,975,4.480904453329691,217.58999999999833,effect_5-10
2349,964,STR,STR,1364,6.268670435222255,217.58999999999833,effect_5-10
2350,965,STR,STR,963,4.425754860057941,217.58999999999833,effect_5-10
2351,968,STR,STR,74,0.3400891585091253,217.58999999999833,effect_5-10
2352,971,STR,STR,1039,4.775035617445692,217.58999999999833,effect_5-10
2353,973,STR,STR,180,0.8272438990762506,217.58999999999833,effect_5-10
2354,974,STR,STR,579,2.6609678753619397,217.58999999999833,effect_5-10
2355,976,STR,STR,93,0.4274093478560628,217.58999999999833,effect_5-10
2356,977,STR,STR,921,4.232731283606816,217.58999999999833,effect_5-10
2357,979,STR,STR,865,3.975366515005316,217.58999999999833,effect_5-10
2358,980,STR,STR,8,0.03676639551450003,217.58999999999833,effect_5-10
2359,981,STR,STR,813,3.7363849441610655,217.58999999999833,effect_5-10
2360,982,STR,STR,196,0.9007766901052507,217.58999999999833,effect_5-10
2361,983,STR,STR,452,2.077301346569252,217.58999999999833,effect_5-10
2362,984,STR,STR,1079,4.958867595018192,217.58999999999833,effect_5-10
2363,985,STR,STR,84,0.38604715290225033,217.58999999999833,effect_5-10
2364,989,Other,ccg,2863,13.157773794751698,217.58999999999833,effect_5-10
2365,991,Other,ccg,2699,12.404062686704448,217.58999999999833,effect_5-10
2366,992,Other,ccg,42,0.19302357645112517,217.58999999999833,effect_5-10
2367,993,STR,STR,372,1.7096373914242513,217.58999999999833,effect_5-10
2368,994,Other,ccg,740,3.400891585091253,217.58999999999833,effect_5-10
2369,995,Other,ccg,26,0.1194907854221251,217.58999999999833,effect_5-10
2370,996,Other,ccg,712,3.2722092007905026,217.58999999999833,effect_5-10
2371,1005,Other,ACAv6a,0,0.0,217.58999999999833,effect_5-10
2372,1008,Other,ACAv5,13,0.05974539271106255,217.58999999999833,effect_5-10
2373,1009,Other,ACAv6a,855,3.9294085206121907,217.58999999999833,effect_5-10
2374,1011,Other,ACAv5,988,4.540649846040754,217.58999999999833,effect_5-10
2375,1013,Other,ACAv5,24,0.11029918654350009,217.58999999999833,effect_5-10
2376,1014,Other,ACAv5,1979,9.095087090399446,217.58999999999833,effect_5-10
2377,1015,Other,ACAv5,1212,5.570108920446755,217.58999999999833,effect_5-10
2378,1016,Other,ACAv6a,59,0.2711521669194377,217.58999999999833,effect_5-10
2379,1017,Other,ACAv6a,573,2.6333930787260647,217.58999999999833,effect_5-10
2380,1020,Other,ACAv5,4340,19.945769566616267,217.58999999999833,effect_5-10
2381,1021,Other,ACAv5,5,0.022978997196562517,217.58999999999833,effect_5-10
2382,1025,Other,ACAv6a,970,4.457925456133129,217.58999999999833,effect_5-10
2383,1028,Other,ACAv6a,227,1.0432464727239383,217.58999999999833,effect_5-10
2384,1030,Other,ACAv6a,45,0.20681097476906266,217.58999999999833,effect_5-10
2385,1032,Other,ACAv5,616,2.8310124546165025,217.58999999999833,effect_5-10
2386,1033,Other,ACAv5,1710,7.858817041224381,217.58999999999833,effect_5-10
2387,1035,Other,ACAv5,3437,15.795762672917075,217.58999999999833,effect_5-10
2388,1036,Other,ACAv6a,41,0.18842777701181265,217.58999999999833,effect_5-10
2389,1038,Other,ACAv5,0,0.0,217.58999999999833,effect_5-10
2390,1039,Other,ACAv6a,281,1.2914196424468136,217.58999999999833,effect_5-10
2391,1043,Other,ACAv6a,478,2.196792131991377,217.58999999999833,effect_5-10
2392,1045,Other,ACAv6a,1287,5.9147938783951926,217.58999999999833,effect_5-10
2393,1052,Other,ACAv6a,1206,5.54253412381088,217.58999999999833,effect_5-10
2394,1055,Other,ACAv6a,308,1.4155062273082513,217.58999999999833,effect_5-10
2395,1057,Other,ACAv6a,4324,19.872236775587265,217.58999999999833,effect_5-10
2396,1058,Other,ACAv6a,3000,13.78739831793751,217.58999999999833,effect_5-10
2397,1061,Other,ACAv6a,32,0.14706558205800013,217.58999999999833,effect_5-10
2398,1062,Other,ACAv6a,1494,6.86612436233288,217.58999999999833,effect_5-10
2399,1066,Other,ACAv6a,79,0.3630681557056878,217.58999999999833,effect_5-10
2400,1069,Other,ACAv6a,349,1.6039340043200638,217.58999999999833,effect_5-10
2401,1073,Other,ACAv6a,1226,5.63445011259713,217.58999999999833,effect_5-10
2402,1074,Other,ACAv6a,341,1.5671676088055637,217.58999999999833,effect_5-10
2403,1075,Other,ACAv6a,12467,57.29583160990899,217.58999999999833,effect_5-10
2404,1083,Other,ACAv6a,541,2.4863274966680646,217.58999999999833,effect_5-10
2405,1085,Other,ACAv6a,4,0.018383197757250017,217.58999999999833,effect_5-10
2406,1086,Other,ACAv6a,2773,12.744151845213572,217.58999999999833,effect_5-10
2407,1090,Other,ACAv6a,1723,7.918562433935444,217.58999999999833,effect_5-10
2408,1091,Other,ACAv6a,198,0.9099682889838757,217.58999999999833,effect_5-10
2409,1092,Other,ACAv6a,402,1.8475113746036265,217.58999999999833,effect_5-10
2410,1093,Other,ACAv6a,7,0.032170596075187526,217.58999999999833,effect_5-10
2411,1094,Other,ACAv6a,30,0.1378739831793751,217.58999999999833,effect_5-10
2412,1095,Other,ACAv6a,194,0.8915850912266258,217.58999999999833,effect_5-10
2413,1098,Other,ACAv6a,600,2.7574796635875023,217.58999999999833,effect_5-10
2414,1100,Other,ACAv6a,5,0.022978997196562517,217.58999999999833,effect_5-10
2415,1102,Other,ACAv6a,1565,7.192426122524068,217.58999999999833,effect_5-10
2416,1104,Other,ACAv6a,666,3.0608024265821276,217.58999999999833,effect_5-10
2417,1105,Other,ACAd6a,143,0.657199319821688,217.58999999999833,effect_5-10
2418,1107,Other,ACAd6a,244,1.121375063192251,217.58999999999833,effect_5-10
2419,1109,Other,ACAd6a,980,4.503883450526254,217.58999999999833,effect_5-10
2420,1110,Other,ACAd6a,63,0.2895353646766877,217.58999999999833,effect_5-10
2421,1112,Other,ACAd6a,1318,6.05726366101388,217.58999999999833,effect_5-10
2422,1113,Other,ACAd6a,17,0.07812859046831257,217.58999999999833,effect_5-10
2423,1115,Other,ACAd6a,88,0.40443035065950034,217.58999999999833,effect_5-10
2424,1118,Other,ACAd6a,68,0.31251436187325027,217.58999999999833,effect_5-10
2425,1119,Other,ACAd6a,15,0.06893699158968755,217.58999999999833,effect_5-10
2426,1120,Other,ACAd6a,1374,6.3146284296153805,217.58999999999833,effect_5-10
2427,1121,Other,ACAd6a,969,4.453329656693816,217.58999999999833,effect_5-10
2428,1124,Other,ACAd6a,369,1.6958499931063138,217.58999999999833,effect_5-10
2429,1126,Other,ACAd6a,348,1.5993382048807514,217.58999999999833,effect_5-10
2430,1127,Other,ACAd6a,121,0.556091732156813,217.58999999999833,effect_5-10
2431,1128,Other,ACAd6a,332,1.5258054138517512,217.58999999999833,effect_5-10
2432,1129,Other,ACAd6a,237,1.0892044671170633,217.58999999999833,effect_5-10
2433,1130,Other,ACAd6a,960,4.411967461740003,217.58999999999833,effect_5-10
2434,1131,Other,ACAd6a,763,3.5065949721954404,217.58999999999833,effect_5-10
2435,1132,Other,ACAd6a,209,0.9605220828163132,217.58999999999833,effect_5-10
2436,1134,Other,ACAd6a,197,0.9053724895445633,217.58999999999833,effect_5-10
2437,1142,Other,ACAd6a,334,1.5349970127303763,217.58999999999833,effect_5-10
2438,1143,Other,ACAd6a,88,0.40443035065950034,217.58999999999833,effect_5-10
2439,1145,Other,ACAd6a,424,1.9486189622685015,217.58999999999833,effect_5-10
2440,1148,Other,ACAd6a,865,3.975366515005316,217.58999999999833,effect_5-10
2441,1149,Other,ACAd6a,24,0.11029918654350009,217.58999999999833,effect_5-10
2442,1152,Other,ACAd6a,792,3.639873155935503,217.58999999999833,effect_5-10
2443,1154,Other,ACAd6a,44,0.20221517532975017,217.58999999999833,effect_5-10
2444,1156,Other,ACAd6a,558,2.564456087136377,217.58999999999833,effect_5-10
2445,1161,Other,ACAd6a,339,1.5579760099269389,217.58999999999833,effect_5-10
2446,1163,Other,ACAd6a,9,0.041362194953812534,217.58999999999833,effect_5-10
2447,1164,Other,ACAd6a,9,0.041362194953812534,217.58999999999833,effect_5-10
2448,1165,Other,ACAd6a,25,0.1148949859828126,217.58999999999833,effect_5-10
2449,1167,Motor,MOs6a,225,1.0340548738453132,217.58999999999833,effect_5-10
2450,1168,Motor,MOs6a,310,1.4246978261868761,217.58999999999833,effect_5-10
2451,1169,Motor,MOs6a,59,0.2711521669194377,217.58999999999833,effect_5-10
2452,1176,Motor,MOs6a,283,1.3006112413254385,217.58999999999833,effect_5-10
2453,1178,Motor,MOs6a,242,1.112183464313626,217.58999999999833,effect_5-10
2454,1180,Motor,MOs6a,899,4.131623695941941,217.58999999999833,effect_5-10
2455,1182,Motor,MOs6a,317,1.4568684222620636,217.58999999999833,effect_5-10
2456,1185,Motor,MOs6a,40,0.18383197757250014,217.58999999999833,effect_5-10
2457,1187,Motor,MOs6a,625,2.8723746495703146,217.58999999999833,effect_5-10
2458,1200,Motor,MOs6a,1427,6.558205799898943,217.58999999999833,effect_5-10
2459,1201,Motor,MOs6a,63,0.2895353646766877,217.58999999999833,effect_5-10
2460,1202,Motor,MOs6a,942,4.329243071832378,217.58999999999833,effect_5-10
2461,1203,Motor,MOs6a,315,1.4476768233834387,217.58999999999833,effect_5-10
2462,1204,Motor,MOs6a,994,4.568224642676629,217.58999999999833,effect_5-10
2463,1207,Motor,MOs6a,2761,12.689002251941822,217.58999999999833,effect_5-10
2464,1208,Motor,MOs5,4915,22.588354244220955,217.58999999999833,effect_5-10
2465,1209,Motor,MOs5,1740,7.996691024403757,217.58999999999833,effect_5-10
2466,1215,Motor,MOs5,25,0.1148949859828126,217.58999999999833,effect_5-10
2467,1221,Motor,MOs5,15,0.06893699158968755,217.58999999999833,effect_5-10
2468,1224,Motor,MOs5,523,2.4036031067604395,217.58999999999833,effect_5-10
2469,1228,Motor,MOs5,1964,9.026150098809758,217.58999999999833,effect_5-10
2470,1230,Motor,MOs5,4,0.018383197757250017,217.58999999999833,effect_5-10
2471,1233,Motor,MOs5,1769,8.12996920814382,217.58999999999833,effect_5-10
2472,1235,Motor,MOs5,1573,7.229192518038569,217.58999999999833,effect_5-10
2473,1236,Motor,MOs5,1324,6.084838457649755,217.58999999999833,effect_5-10
2474,1237,Motor,MOs5,1769,8.12996920814382,217.58999999999833,effect_5-10
2475,1239,Motor,MOs5,480,2.2059837308700017,217.58999999999833,effect_5-10
2476,1240,Motor,MOs5,1503,6.907486557286693,217.58999999999833,effect_5-10
2477,1246,Motor,MOs5,79,0.3630681557056878,217.58999999999833,effect_5-10
2478,1248,Motor,MOs5,12,0.05514959327175004,217.58999999999833,effect_5-10
2479,1249,Motor,MOs5,86,0.3952387517808753,217.58999999999833,effect_5-10
2480,1250,Motor,MOs5,105,0.4825589411278129,217.58999999999833,effect_5-10
2481,1254,STR,LSr,673,3.092973022657315,217.58999999999833,effect_5-10
2482,1255,STR,LSr,62,0.28493956523737524,217.58999999999833,effect_5-10
2483,1256,STR,LSr,252,1.158141458706751,217.58999999999833,effect_5-10
2484,1259,STR,LSr,216,0.9926926788915008,217.58999999999833,effect_5-10
2485,1261,STR,LSr,206,0.9467346844983757,217.58999999999833,effect_5-10
2486,1263,STR,LSr,38,0.17464037869387514,217.58999999999833,effect_5-10
2487,1264,STR,LSr,63,0.2895353646766877,217.58999999999833,effect_5-10
2488,1267,STR,LSr,339,1.5579760099269389,217.58999999999833,effect_5-10
2489,1269,STR,LSr,685,3.148122615929065,217.58999999999833,effect_5-10
2490,1270,STR,LSr,280,1.286823843007501,217.58999999999833,effect_5-10
2491,1271,STR,LSr,1099,5.050783583804441,217.58999999999833,effect_5-10
2492,1272,STR,LSr,58,0.26655636748012523,217.58999999999833,effect_5-10
2493,1274,STR,LSr,748,3.437657980605753,217.58999999999833,effect_5-10
2494,1275,STR,STR,15,0.06893699158968755,217.58999999999833,effect_5-10
2495,1280,STR,LSr,126,0.5790707293533754,217.58999999999833,effect_5-10
2496,1281,STR,LSr,986,4.531458247162129,217.58999999999833,effect_5-10
2497,1282,STR,LSr,103,0.47336734224918786,217.58999999999833,effect_5-10
2498,1283,STR,LSr,38,0.17464037869387514,217.58999999999833,effect_5-10
2499,1284,STR,LSr,439,2.017555953858189,217.58999999999833,effect_5-10
2500,1286,STR,STR,37,0.17004457925456265,217.58999999999833,effect_5-10
2501,1287,STR,STR,574,2.6379888781653773,217.58999999999833,effect_5-10
2502,1289,STR,STR,256,1.176524656464001,217.58999999999833,effect_5-10
2503,1290,STR,STR,18,0.08272438990762507,217.58999999999833,effect_5-10
2504,1291,STR,STR,0,0.0,217.58999999999833,effect_5-10
2505,1295,Other,ACAv6a,432,1.9853853577830016,217.58999999999833,effect_5-10
2506,1296,Other,ACAv6a,6,0.02757479663587502,217.58999999999833,effect_5-10
2507,1298,Other,ACAv6a,268,1.231674249735751,217.58999999999833,effect_5-10
2508,1301,Other,ACAv6a,1,0.004595799439312504,217.58999999999833,effect_5-10
2509,1303,Other,ACAv6a,744,3.4192747828485026,217.58999999999833,effect_5-10
2510,1304,Other,ACAv6a,0,0.0,217.58999999999833,effect_5-10
2511,1306,Other,ACAv6a,0,0.0,217.58999999999833,effect_5-10
2512,1307,Other,ACAv6a,21,0.09651178822556258,217.58999999999833,effect_5-10
2513,1308,Other,ACAv6a,1088,5.000229789972004,217.58999999999833,effect_5-10
2514,1311,Other,ACAd6a,91,0.41821774897743785,217.58999999999833,effect_5-10
2515,1312,Other,ACAd6a,96,0.44119674617400034,217.58999999999833,effect_5-10
2516,1313,Other,ACAd6a,8,0.03676639551450003,217.58999999999833,effect_5-10
2517,1314,Other,ACAd6a,280,1.286823843007501,217.58999999999833,effect_5-10
2518,1317,Motor,MOs6a,0,0.0,217.58999999999833,effect_5-10
2519,1318,Motor,MOs6a,1016,4.669332230341504,217.58999999999833,effect_5-10
2520,1321,Motor,MOs6a,316,1.4522726228227512,217.58999999999833,effect_5-10
2521,1322,Motor,MOs5,3,0.01378739831793751,217.58999999999833,effect_5-10
2522,1323,Motor,MOs5,15,0.06893699158968755,217.58999999999833,effect_5-10
2523,1328,Motor,MOs5,441,2.026747552736814,217.58999999999833,effect_5-10
2524,1329,Motor,MOs5,11,0.05055379383243754,217.58999999999833,effect_5-10
2525,1330,Motor,MOs5,4,0.018383197757250017,217.58999999999833,effect_5-10
2526,1331,STR,LSr,687,3.1573142148076903,217.58999999999833,effect_5-10
2527,1332,STR,LSr,46,0.21140677420837517,217.58999999999833,effect_5-10
2528,1334,STR,STR,1183,5.436830736706692,217.58999999999833,effect_5-10
2529,1335,STR,STR,596,2.739096465830252,217.58999999999833,effect_5-10
2530,1336,STR,LSr,882,4.053495105473628,217.58999999999833,effect_5-10
2531,1337,Other,ccg,2,0.009191598878625008,217.58999999999833,effect_5-10
2532,1339,Other,ACAd6a,941,4.324647272393066,217.58999999999833,effect_5-10
2533,1340,Other,ACAd6a,55,0.2527689691621877,217.58999999999833,effect_5-10
2534,1341,Other,ACAd6a,17,0.07812859046831257,217.58999999999833,effect_5-10
2535,1342,Motor,MOs6a,0,0.0,217.58999999999833,effect_5-10
2536,1345,Motor,MOs5,57,0.2619605680408127,217.58999999999833,effect_5-10
2537,1347,STR,STR,1,0.004595799439312504,217.58999999999833,effect_5-10
2538,1348,STR,LSr,40,0.18383197757250014,217.58999999999833,effect_5-10
2539,1349,STR,STR,32,0.14706558205800013,217.58999999999833,effect_5-10
2540,1350,Other,ACAv6a,598,2.7482880647088774,217.58999999999833,effect_5-10
2541,1351,Other,ACAv6a,63,0.2895353646766877,217.58999999999833,effect_5-10
2542,1354,Motor,MOs5,728,3.345741991819503,217.58999999999833,effect_5-10
2543,1356,Motor,MOs5,1,0.004595799439312504,217.58999999999833,effect_5-10
2544,1358,STR,LSr,5,0.022978997196562517,217.58999999999833,effect_5-10
2545,1360,Motor,MOs5,13,0.05974539271106255,217.58999999999833,effect_5-10
2546,1361,Motor,MOs5,15,0.06893699158968755,217.58999999999833,effect_5-10
2547,1362,Motor,MOs5,0,0.0,217.58999999999833,effect_5-10
2548,0,Thalamus,MD,784,3.307521726283447,237.03547999999228,effect_10-15
2549,1,Thalamus,MD,358,1.5103224209304518,237.03547999999228,effect_10-15
2550,2,Thalamus,MD,2588,10.918196718905053,237.03547999999228,effect_10-15
2551,3,Thalamus,MD,941,3.969869827082556,237.03547999999228,effect_10-15
2552,4,Thalamus,MD,409,1.7254800842473597,237.03547999999228,effect_10-15
2553,5,Thalamus,IAD,3102,13.086648462922517,237.03547999999228,effect_10-15
2554,6,Thalamus,IAD,3674,15.499789314241562,237.03547999999228,effect_10-15
2555,7,Thalamus,MD,1406,5.931601463207305,237.03547999999228,effect_10-15
2556,8,Thalamus,MD,1615,6.813326005035417,237.03547999999228,effect_10-15
2557,11,Thalamus,MD,211,0.8901620972523053,237.03547999999228,effect_10-15
2558,13,Thalamus,MD,2267,9.563969073322163,237.03547999999228,effect_10-15
2559,14,Thalamus,MD,57,0.24047032958948533,237.03547999999228,effect_10-15
2560,16,Thalamus,MD,1022,4.311590821762351,237.03547999999228,effect_10-15
2561,17,Thalamus,MD,18,0.07593799881773221,237.03547999999228,effect_10-15
2562,18,Thalamus,MD,825,3.4804916124793928,237.03547999999228,effect_10-15
2563,19,Thalamus,MD,2311,9.749595292654396,237.03547999999228,effect_10-15
2564,21,Thalamus,MD,1424,6.007539462025037,237.03547999999228,effect_10-15
2565,22,Thalamus,MD,1652,6.969420780382978,237.03547999999228,effect_10-15
2566,23,Thalamus,MD,1448,6.108790127115347,237.03547999999228,effect_10-15
2567,25,Thalamus,MD,3305,13.943060338478054,237.03547999999228,effect_10-15
2568,26,Thalamus,MD,1084,4.573155039912318,237.03547999999228,effect_10-15
2569,28,Thalamus,MD,3672,15.49135175881737,237.03547999999228,effect_10-15
2570,29,Thalamus,MD,1108,4.674405705002627,237.03547999999228,effect_10-15
2571,31,Thalamus,MD,740,3.121895506951213,237.03547999999228,effect_10-15
2572,33,Thalamus,MD,1285,5.42112936004366,237.03547999999228,effect_10-15
2573,35,Thalamus,MD,2626,11.07851027196471,237.03547999999228,effect_10-15
2574,37,Thalamus,MD,430,1.8140744162013804,237.03547999999228,effect_10-15
2575,39,Thalamus,MD,693,2.92361295448269,237.03547999999228,effect_10-15
2576,40,Thalamus,MD,614,2.5903295152270878,237.03547999999228,effect_10-15
2577,43,Thalamus,MD,3097,13.065554574362036,237.03547999999228,effect_10-15
2578,44,Thalamus,MD,1331,5.615193134800087,237.03547999999228,effect_10-15
2579,46,Thalamus,MD,2707,11.420231266644505,237.03547999999228,effect_10-15
2580,47,Thalamus,MD,1582,6.674106340536242,237.03547999999228,effect_10-15
2581,48,Thalamus,MD,3207,13.529620122692622,237.03547999999228,effect_10-15
2582,49,Thalamus,MD,1042,4.395966376004275,237.03547999999228,effect_10-15
2583,50,Thalamus,MD,2079,8.77083886344807,237.03547999999228,effect_10-15
2584,53,Thalamus,MD,2953,12.458050583820178,237.03547999999228,effect_10-15
2585,54,Thalamus,MD,1207,5.092064698500154,237.03547999999228,effect_10-15
2586,57,Thalamus,MD,1557,6.568636897733836,237.03547999999228,effect_10-15
2587,58,Thalamus,MD,3587,15.132755653289191,237.03547999999228,effect_10-15
2588,60,Thalamus,MD,1123,4.73768737068407,237.03547999999228,effect_10-15
2589,63,Thalamus,MD,277,1.1686014262506568,237.03547999999228,effect_10-15
2590,65,Thalamus,MD,4428,18.680747709162123,237.03547999999228,effect_10-15
2591,66,Thalamus,MD,2163,9.125216191264153,237.03547999999228,effect_10-15
2592,67,Thalamus,MD,1313,5.539255135982355,237.03547999999228,effect_10-15
2593,68,Thalamus,MD,1652,6.969420780382978,237.03547999999228,effect_10-15
2594,70,Thalamus,MD,319,1.3457900901586985,237.03547999999228,effect_10-15
2595,71,Thalamus,MD,668,2.818143511680284,237.03547999999228,effect_10-15
2596,73,Thalamus,MD,1905,8.036771541543326,237.03547999999228,effect_10-15
2597,74,Thalamus,MD,5804,24.485785841006543,237.03547999999228,effect_10-15
2598,75,Thalamus,MD,1894,7.990364986710267,237.03547999999228,effect_10-15
2599,76,Thalamus,MD,1159,4.889563368319535,237.03547999999228,effect_10-15
2600,77,Thalamus,MD,2740,11.559450931143681,237.03547999999228,effect_10-15
2601,78,Thalamus,MD,2335,9.850845957744706,237.03547999999228,effect_10-15
2602,79,Thalamus,MD,2979,12.567738804334681,237.03547999999228,effect_10-15
2603,80,Thalamus,MD,91,0.3839087718007573,237.03547999999228,effect_10-15
2604,83,Thalamus,MD,932,3.9319008276736898,237.03547999999228,effect_10-15
2605,84,Thalamus,MD,2314,9.762251625790684,237.03547999999228,effect_10-15
2606,86,Thalamus,MD,582,2.455328628440008,237.03547999999228,effect_10-15
2607,89,Thalamus,MD,2043,8.618962865812605,237.03547999999228,effect_10-15
2608,90,Thalamus,MD,1136,4.792531480941322,237.03547999999228,effect_10-15
2609,91,Thalamus,MD,684,2.885643955073824,237.03547999999228,effect_10-15
2610,92,Thalamus,MD,1038,4.379091265155891,237.03547999999228,effect_10-15
2611,93,Thalamus,MD,391,1.6495420854296274,237.03547999999228,effect_10-15
2612,95,Thalamus,MD,148,0.6243791013902426,237.03547999999228,effect_10-15
2613,96,Thalamus,MD,712,3.0037697310125187,237.03547999999228,effect_10-15
2614,99,Thalamus,MD,535,2.257046075971485,237.03547999999228,effect_10-15
2615,101,Thalamus,MD,222,0.9365686520853639,237.03547999999228,effect_10-15
2616,104,Thalamus,MD,796,3.358147058828602,237.03547999999228,effect_10-15
2617,127,Other,DG-mo,3057,12.896803465878186,237.03547999999228,effect_10-15
2618,129,Other,DG-mo,21,0.08859433195402092,237.03547999999228,effect_10-15
2619,131,Other,DG-mo,232,0.9787564292063262,237.03547999999228,effect_10-15
2620,132,Other,DG-sg,2189,9.234904411778656,237.03547999999228,effect_10-15
2621,133,Other,DG-sg,1476,6.226915903054041,237.03547999999228,effect_10-15
2622,135,Other,DG-sg,80,0.3375022169676987,237.03547999999228,effect_10-15
2623,137,Other,DG-sg,5,0.02109388856048117,237.03547999999228,effect_10-15
2624,139,Other,DG-sg,216,0.9112559858127866,237.03547999999228,effect_10-15
2625,141,Other,DG-sg,57,0.24047032958948533,237.03547999999228,effect_10-15
2626,143,Other,DG-sg,169,0.7129734333442636,237.03547999999228,effect_10-15
2627,145,Other,DG-sg,65,0.2742205512862552,237.03547999999228,effect_10-15
2628,149,Other,DG-po,45,0.18984499704433053,237.03547999999228,effect_10-15
2629,152,Other,CA3,24,0.10125066509030961,237.03547999999228,effect_10-15
2630,157,Other,CA3,2369,9.994284399955978,237.03547999999228,effect_10-15
2631,164,Other,CA3,331,1.3964154227038534,237.03547999999228,effect_10-15
2632,166,Other,CA3,29,0.12234455365079078,237.03547999999228,effect_10-15
2633,181,Other,CA1,1155,4.87268825747115,237.03547999999228,effect_10-15
2634,182,Other,CA1,5412,22.83202497786482,237.03547999999228,effect_10-15
2635,188,Other,CA1,368,1.552510198051414,237.03547999999228,effect_10-15
2636,201,Other,RSPd6a,698,2.9447068430431713,237.03547999999228,effect_10-15
2637,202,Other,RSPagl6a,381,1.607354308308665,237.03547999999228,effect_10-15
2638,204,Other,RSPagl6a,5,0.02109388856048117,237.03547999999228,effect_10-15
2639,210,Other,RSPagl5,700,2.9531443984673635,237.03547999999228,effect_10-15
2640,211,Other,RSPagl5,2379,10.03647217707694,237.03547999999228,effect_10-15
2641,213,Other,RSPagl5,1504,6.345041678992736,237.03547999999228,effect_10-15
2642,214,Other,RSPagl5,129,0.5442223248604141,237.03547999999228,effect_10-15
2643,215,Other,RSPagl5,1531,6.458948677219334,237.03547999999228,effect_10-15
2644,216,Other,RSPagl5,538,2.269702409107774,237.03547999999228,effect_10-15
2645,217,Other,RSPagl5,1538,6.488480121204008,237.03547999999228,effect_10-15
2646,219,Other,RSPagl5,1879,7.927083321028824,237.03547999999228,effect_10-15
2647,220,Other,RSPagl5,411,1.733917639671552,237.03547999999228,effect_10-15
2648,222,Other,RSPagl5,1900,8.015677652982845,237.03547999999228,effect_10-15
2649,224,Other,RSPagl5,1661,7.007389779791844,237.03547999999228,effect_10-15
2650,225,Other,RSPagl5,2657,11.209292381039694,237.03547999999228,effect_10-15
2651,227,Other,RSPagl5,723,3.050176285845577,237.03547999999228,effect_10-15
2652,232,Other,RSPagl2/3,3555,14.997754766502112,237.03547999999228,effect_10-15
2653,233,Thalamus,MD,2589,10.92241549661715,237.03547999999228,effect_10-15
2654,234,Thalamus,MD,845,3.5648671667213176,237.03547999999228,effect_10-15
2655,235,Thalamus,MD,1442,6.0834774608427695,237.03547999999228,effect_10-15
2656,236,Thalamus,MD,818,3.4509601684947193,237.03547999999228,effect_10-15
2657,237,Thalamus,MD,978,4.125964602430117,237.03547999999228,effect_10-15
2658,238,Thalamus,MD,1567,6.610824674854799,237.03547999999228,effect_10-15
2659,239,Thalamus,MD,321,1.354227645582891,237.03547999999228,effect_10-15
2660,241,Thalamus,MD,986,4.159714824126887,237.03547999999228,effect_10-15
2661,242,Thalamus,MD,1706,7.197234776836175,237.03547999999228,effect_10-15
2662,244,Thalamus,MD,412,1.7381364173836484,237.03547999999228,effect_10-15
2663,245,Thalamus,MD,557,2.349859185637602,237.03547999999228,effect_10-15
2664,250,Other,DG-mo,98,0.4134402157854309,237.03547999999228,effect_10-15
2665,252,Other,DG-sg,8,0.03375022169676987,237.03547999999228,effect_10-15
2666,253,Other,DG-sg,26,0.10968822051450208,237.03547999999228,effect_10-15
2667,254,Other,DG-sg,126,0.5315659917241254,237.03547999999228,effect_10-15
2668,256,Other,DG-sg,40,0.16875110848384936,237.03547999999228,effect_10-15
2669,258,Other,CA3,1185,4.999251588834037,237.03547999999228,effect_10-15
2670,259,Other,CA3,571,2.4089220736069494,237.03547999999228,effect_10-15
2671,260,Other,CA3,8,0.03375022169676987,237.03547999999228,effect_10-15
2672,263,Other,RSPagl5,1329,5.6067555793758945,237.03547999999228,effect_10-15
2673,265,Other,RSPagl5,59,0.2489078850136778,237.03547999999228,effect_10-15
2674,268,Thalamus,MD,1341,5.65738091192105,237.03547999999228,effect_10-15
2675,270,Other,DG-sg,6,0.025312666272577403,237.03547999999228,effect_10-15
2676,273,Other,RSPagl5,94,0.396565104937046,237.03547999999228,effect_10-15
2677,274,Other,RSPagl5,151,0.6370354345265313,237.03547999999228,effect_10-15
2678,276,Other,CA3,6,0.025312666272577403,237.03547999999228,effect_10-15
2679,277,Other,DG-po,102,0.43031532663381583,237.03547999999228,effect_10-15
2680,280,Other,SPFp,59,0.2489078850136778,237.03547999999228,effect_10-15
2681,292,Other,MB,1288,5.433785693179949,237.03547999999228,effect_10-15
2682,293,Other,MB,621,2.619860959211761,237.03547999999228,effect_10-15
2683,335,Other,APN,7699,32.480369605428905,237.03547999999228,effect_10-15
2684,358,Other,APN,90,0.37968999408866105,237.03547999999228,effect_10-15
2685,359,Other,APN,7979,33.66162736481585,237.03547999999228,effect_10-15
2686,384,Other,APN,28,0.11812577593869454,237.03547999999228,effect_10-15
2687,386,Other,APN,4,0.016875110848384934,237.03547999999228,effect_10-15
2688,388,Other,APN,287,1.210789203371619,237.03547999999228,effect_10-15
2689,390,Other,APN,4702,19.83669280227649,237.03547999999228,effect_10-15
2690,395,Other,MB,724,3.0543950635576733,237.03547999999228,effect_10-15
2691,396,Other,APN,3902,16.461670632599503,237.03547999999228,effect_10-15
2692,399,Other,MB,133,0.5610974357087991,237.03547999999228,effect_10-15
2693,400,Other,DG-mo,166,0.7003171002079748,237.03547999999228,effect_10-15
2694,402,Other,POST,174,0.7340673219047447,237.03547999999228,effect_10-15
2695,410,Other,SUB,968,4.083776825309155,237.03547999999228,effect_10-15
2696,425,Other,VISp6a,16,0.06750044339353974,237.03547999999228,effect_10-15
2697,426,Other,VISp6a,154,0.64969176766282,237.03547999999228,effect_10-15
2698,427,Other,VISp6a,391,1.6495420854296274,237.03547999999228,effect_10-15
2699,430,Other,VISp6a,17,0.07171922110563597,237.03547999999228,effect_10-15
2700,431,Other,VISp6a,151,0.6370354345265313,237.03547999999228,effect_10-15
2701,432,Other,VISp5,1811,7.640206436606279,237.03547999999228,effect_10-15
2702,433,Other,VISp6a,607,2.560798071242414,237.03547999999228,effect_10-15
2703,436,Other,VISp6a,2419,10.20522328556079,237.03547999999228,effect_10-15
2704,437,Other,VISp5,481,2.0292320795182883,237.03547999999228,effect_10-15
2705,439,Other,VISp5,347,1.4639158660973932,237.03547999999228,effect_10-15
2706,440,Other,VISp5,29,0.12234455365079078,237.03547999999228,effect_10-15
2707,442,Other,VISp5,1774,7.484111661258718,237.03547999999228,effect_10-15
2708,443,Other,VISp5,2057,8.678025753781952,237.03547999999228,effect_10-15
2709,444,Other,VISp5,2355,9.935221511986631,237.03547999999228,effect_10-15
2710,445,Other,VISp5,1020,4.303153266338159,237.03547999999228,effect_10-15
2711,446,Other,VISp5,1585,6.686762673672531,237.03547999999228,effect_10-15
2712,447,Other,VISp5,514,2.168451744017464,237.03547999999228,effect_10-15
2713,449,Other,VISp5,1479,6.239572236190329,237.03547999999228,effect_10-15
2714,452,Other,VISp5,456,1.9237626367158827,237.03547999999228,effect_10-15
2715,453,Other,VISp5,865,3.649242720963242,237.03547999999228,effect_10-15
2716,455,Other,VISp5,2051,8.652713087509376,237.03547999999228,effect_10-15
2717,456,Other,VISp5,1282,5.408473026907371,237.03547999999228,effect_10-15
2718,457,Other,VISp5,428,1.805636860777188,237.03547999999228,effect_10-15
2719,458,Other,VISp5,992,4.185027490399464,237.03547999999228,effect_10-15
2720,459,Other,VISp5,731,3.0839265075423468,237.03547999999228,effect_10-15
2721,460,Other,VISp5,761,3.210489838905234,237.03547999999228,effect_10-15
2722,466,Other,VISp5,550,2.3203277416529287,237.03547999999228,effect_10-15
2723,469,Other,VISp5,413,1.7423551950957445,237.03547999999228,effect_10-15
2724,472,Other,VISp5,312,1.3162586461740249,237.03547999999228,effect_10-15
2725,478,Other,VISp5,177,0.7467236550410333,237.03547999999228,effect_10-15
2726,479,Other,VISp5,494,2.0840761897755393,237.03547999999228,effect_10-15
2727,485,Other,VISp4,44,0.18562621933223428,237.03547999999228,effect_10-15
2728,488,Other,VISp4,50,0.2109388856048117,237.03547999999228,effect_10-15
2729,489,Other,VISp4,276,1.1643826485385604,237.03547999999228,effect_10-15
2730,492,Other,VISp4,227,0.9576625406458451,237.03547999999228,effect_10-15
2731,493,Other,VISp4,264,1.1137573159934058,237.03547999999228,effect_10-15
2732,494,Other,VISp4,21,0.08859433195402092,237.03547999999228,effect_10-15
2733,495,Other,VISp4,93,0.3923463272249497,237.03547999999228,effect_10-15
2734,497,Other,VISp2/3,146,0.6159415459660501,237.03547999999228,effect_10-15
2735,498,Other,VISp2/3,35,0.1476572199233682,237.03547999999228,effect_10-15
2736,500,Other,VISp4,1882,7.939739654165112,237.03547999999228,effect_10-15
2737,502,Other,VISp2/3,64,0.27000177357415894,237.03547999999228,effect_10-15
2738,504,Other,VISp2/3,285,1.2023516479474265,237.03547999999228,effect_10-15
2739,520,Other,APN,221,0.9323498743732677,237.03547999999228,effect_10-15
2740,521,Other,APN,25,0.10546944280240585,237.03547999999228,effect_10-15
2741,523,Other,APN,3657,15.428070093135927,237.03547999999228,effect_10-15
2742,525,Other,APN,311,1.3120398684619288,237.03547999999228,effect_10-15
2743,530,Other,VISp4,57,0.24047032958948533,237.03547999999228,effect_10-15
2744,533,Other,VISp4,1,0.0042187777120962335,237.03547999999228,effect_10-15
2745,535,Other,VISp2/3,14,0.05906288796934727,237.03547999999228,effect_10-15
2746,536,Other,VISp2/3,185,0.7804738767378032,237.03547999999228,effect_10-15
2747,537,Other,VISp2/3,86,0.3628148832402761,237.03547999999228,effect_10-15
2748,538,Other,VISp2/3,59,0.2489078850136778,237.03547999999228,effect_10-15
2749,545,Other,VISp4,72,0.30375199527092883,237.03547999999228,effect_10-15
2750,547,Thalamus,VPL,2444,10.310692728363195,237.03547999999228,effect_10-15
2751,550,Thalamus,VPL,463,1.9532940807005563,237.03547999999228,effect_10-15
2752,552,Thalamus,VPL,2552,10.766320721269588,237.03547999999228,effect_10-15
2753,553,Thalamus,VPL,2188,9.23068563406656,237.03547999999228,effect_10-15
2754,558,Thalamus,VPL,2443,10.3064739506511,237.03547999999228,effect_10-15
2755,561,Thalamus,VPL,3900,16.453233077175312,237.03547999999228,effect_10-15
2756,562,Thalamus,VPL,2132,8.994434082189171,237.03547999999228,effect_10-15
2757,564,Thalamus,VPL,1283,5.412691804619468,237.03547999999228,effect_10-15
2758,565,Thalamus,VPL,1752,7.391298551592602,237.03547999999228,effect_10-15
2759,567,Thalamus,VPL,2583,10.897102830344572,237.03547999999228,effect_10-15
2760,568,Thalamus,VPL,4,0.016875110848384934,237.03547999999228,effect_10-15
2761,572,Thalamus,VPL,2942,12.41164402898712,237.03547999999228,effect_10-15
2762,575,Thalamus,VPL,1,0.0042187777120962335,237.03547999999228,effect_10-15
2763,576,Thalamus,VPL,951,4.012057604203519,237.03547999999228,effect_10-15
2764,579,Thalamus,VPL,4695,19.80716135829182,237.03547999999228,effect_10-15
2765,581,Thalamus,VPL,1968,8.302554537405388,237.03547999999228,effect_10-15
2766,583,Thalamus,VPL,737,3.1092391738149243,237.03547999999228,effect_10-15
2767,584,Thalamus,VPL,2201,9.28552974432381,237.03547999999228,effect_10-15
2768,585,Thalamus,VPL,2647,11.16710460391873,237.03547999999228,effect_10-15
2769,586,Thalamus,VPL,221,0.9323498743732677,237.03547999999228,effect_10-15
2770,589,Thalamus,VPL,2826,11.922265814383957,237.03547999999228,effect_10-15
2771,590,Thalamus,VPL,3846,16.225419080722116,237.03547999999228,effect_10-15
2772,591,Thalamus,VPL,1161,4.898000923743727,237.03547999999228,effect_10-15
2773,593,Thalamus,VPL,1076,4.539404818215548,237.03547999999228,effect_10-15
2774,594,Thalamus,VPL,2437,10.281161284378522,237.03547999999228,effect_10-15
2775,595,Thalamus,VPL,1672,7.053796334624903,237.03547999999228,effect_10-15
2776,596,Thalamus,VPL,983,4.147058490990598,237.03547999999228,effect_10-15
2777,597,Thalamus,VPL,1176,4.961282589425171,237.03547999999228,effect_10-15
2778,598,Thalamus,VPL,3309,13.959935449326437,237.03547999999228,effect_10-15
2779,599,Thalamus,VPL,1545,6.518011565188681,237.03547999999228,effect_10-15
2780,600,Thalamus,VPL,1817,7.665519102878857,237.03547999999228,effect_10-15
2781,601,Thalamus,VPL,2813,11.867421704126706,237.03547999999228,effect_10-15
2782,602,Thalamus,VPL,3646,15.381663538302869,237.03547999999228,effect_10-15
2783,603,Thalamus,VPL,2143,9.04084063702223,237.03547999999228,effect_10-15
2784,607,Thalamus,VPL,2321,9.79178306977536,237.03547999999228,effect_10-15
2785,610,Thalamus,VPL,1345,5.674256022769434,237.03547999999228,effect_10-15
2786,611,Thalamus,VPL,2006,8.462868090465046,237.03547999999228,effect_10-15
2787,612,Thalamus,VPL,826,3.484710390191489,237.03547999999228,effect_10-15
2788,616,Thalamus,VPL,759,3.2020522834810414,237.03547999999228,effect_10-15
2789,617,Thalamus,VPL,971,4.096433158445443,237.03547999999228,effect_10-15
2790,618,Thalamus,VPL,1098,4.632217927881665,237.03547999999228,effect_10-15
2791,620,Thalamus,VPL,1681,7.091765334033769,237.03547999999228,effect_10-15
2792,621,Thalamus,VPL,830,3.501585501039874,237.03547999999228,effect_10-15
2793,622,Thalamus,VPL,1309,5.52238002513397,237.03547999999228,effect_10-15
2794,623,Thalamus,VPL,987,4.163933601838983,237.03547999999228,effect_10-15
2795,626,Thalamus,VPL,1102,4.64909303873005,237.03547999999228,effect_10-15
2796,629,Thalamus,VPL,2168,9.146310079824636,237.03547999999228,effect_10-15
2797,630,Thalamus,VPL,1582,6.674106340536242,237.03547999999228,effect_10-15
2798,632,Thalamus,VPL,700,2.9531443984673635,237.03547999999228,effect_10-15
2799,633,Thalamus,VPL,2412,10.175691841576116,237.03547999999228,effect_10-15
2800,634,Thalamus,VPL,3031,12.787115245363685,237.03547999999228,effect_10-15
2801,635,Thalamus,VPL,3754,15.837291531209262,237.03547999999228,effect_10-15
2802,664,RT,RT,8887,37.49227752739923,237.03547999999228,effect_10-15
2803,667,RT,RT,676,2.851893733377054,237.03547999999228,effect_10-15
2804,670,Other,CA3,4128,17.41511439553325,237.03547999999228,effect_10-15
2805,672,Other,or,338,1.425946866688527,237.03547999999228,effect_10-15
2806,676,Somatosensory,SSp-bfd6a,226,0.9534437629337489,237.03547999999228,effect_10-15
2807,680,Somatosensory,SSp-bfd6a,55,0.23203277416529286,237.03547999999228,effect_10-15
2808,681,Somatosensory,SSp-bfd6a,45,0.18984499704433053,237.03547999999228,effect_10-15
2809,683,Somatosensory,SSp-bfd6a,38,0.1603135530596569,237.03547999999228,effect_10-15
2810,685,Somatosensory,SSp-bfd6a,1094,4.61534281703328,237.03547999999228,effect_10-15
2811,686,Somatosensory,SSp-bfd6a,1136,4.792531480941322,237.03547999999228,effect_10-15
2812,687,Somatosensory,SSp-bfd6a,110,0.4640655483305857,237.03547999999228,effect_10-15
2813,690,Somatosensory,SSp-bfd6a,744,3.1387706177995978,237.03547999999228,effect_10-15
2814,692,Somatosensory,SSp-bfd5,542,2.286577519956159,237.03547999999228,effect_10-15
2815,695,Somatosensory,SSp-bfd5,881,3.716743164356782,237.03547999999228,effect_10-15
2816,696,Somatosensory,SSp-bfd5,63,0.2657829958620627,237.03547999999228,effect_10-15
2817,697,Somatosensory,SSp-bfd5,1208,5.096283476212251,237.03547999999228,effect_10-15
2818,698,Somatosensory,SSp-bfd5,468,1.9743879692610373,237.03547999999228,effect_10-15
2819,699,Somatosensory,SSp-bfd5,759,3.2020522834810414,237.03547999999228,effect_10-15
2820,700,Somatosensory,SSp-bfd5,371,1.5651665311877028,237.03547999999228,effect_10-15
2821,702,Somatosensory,SSp-bfd5,1082,4.564717484488125,237.03547999999228,effect_10-15
2822,705,Somatosensory,SSp-bfd5,178,0.7509424327531297,237.03547999999228,effect_10-15
2823,706,Somatosensory,SSp-bfd5,2407,10.154597953015635,237.03547999999228,effect_10-15
2824,707,Somatosensory,SSp-bfd5,1040,4.3875288205800835,237.03547999999228,effect_10-15
2825,714,Somatosensory,SSp-bfd5,34,0.14343844221127194,237.03547999999228,effect_10-15
2826,715,Somatosensory,SSp-bfd5,173,0.7298485441926484,237.03547999999228,effect_10-15
2827,716,Somatosensory,SSp-bfd5,364,1.535635087203029,237.03547999999228,effect_10-15
2828,718,Somatosensory,SSp-bfd5,438,1.8478246378981504,237.03547999999228,effect_10-15
2829,719,Somatosensory,SSp-bfd5,1939,8.180209983754597,237.03547999999228,effect_10-15
2830,729,Thalamus,VPL,2766,11.669139151658182,237.03547999999228,effect_10-15
2831,730,Thalamus,VPL,263,1.1095385382813094,237.03547999999228,effect_10-15
2832,732,Thalamus,VPL,851,3.5901798329938948,237.03547999999228,effect_10-15
2833,733,Thalamus,VPL,1471,6.20582201449356,237.03547999999228,effect_10-15
2834,734,Thalamus,VPL,563,2.3751718519101797,237.03547999999228,effect_10-15
2835,735,Thalamus,VPL,625,2.636736070060146,237.03547999999228,effect_10-15
2836,738,Thalamus,VPL,697,2.940488065331075,237.03547999999228,effect_10-15
2837,739,Thalamus,VPL,819,3.4551789462068156,237.03547999999228,effect_10-15
2838,741,Other,or,322,1.3584464232949873,237.03547999999228,effect_10-15
2839,743,Somatosensory,SSp-bfd6a,658,2.775955734559322,237.03547999999228,effect_10-15
2840,744,Somatosensory,SSp-bfd6a,25,0.10546944280240585,237.03547999999228,effect_10-15
2841,746,Somatosensory,SSp-bfd6a,1190,5.020345477394518,237.03547999999228,effect_10-15
2842,747,Somatosensory,SSp-bfd5,26,0.10968822051450208,237.03547999999228,effect_10-15
2843,750,Somatosensory,SSp-bfd5,63,0.2657829958620627,237.03547999999228,effect_10-15
2844,751,Somatosensory,SSp-bfd4,314,1.3246962015982173,237.03547999999228,effect_10-15
2845,752,Somatosensory,SSp-bfd6a,32,0.13500088678707947,237.03547999999228,effect_10-15
2846,757,Somatosensory,SSp-bfd5,627,2.6451736254843388,237.03547999999228,effect_10-15
2847,761,STR,LSr,2508,10.580694501937355,237.03547999999228,effect_10-15
2848,763,STR,LSr,874,3.687211720372108,237.03547999999228,effect_10-15
2849,766,STR,LSr,188,0.793130209874092,237.03547999999228,effect_10-15
2850,768,STR,LSr,1083,4.568936262200221,237.03547999999228,effect_10-15
2851,769,STR,LSr,394,1.6621984185659162,237.03547999999228,effect_10-15
2852,771,STR,LSr,161,0.6792232116474937,237.03547999999228,effect_10-15
2853,773,STR,LSr,7114,30.012384643852606,237.03547999999228,effect_10-15
2854,774,STR,LSr,428,1.805636860777188,237.03547999999228,effect_10-15
2855,775,STR,LSr,1166,4.919094812304208,237.03547999999228,effect_10-15
2856,777,STR,LSr,98,0.4134402157854309,237.03547999999228,effect_10-15
2857,778,STR,LSr,165,0.6960983224958786,237.03547999999228,effect_10-15
2858,779,STR,LSr,694,2.9278317321947864,237.03547999999228,effect_10-15
2859,780,STR,LSr,77,0.32484588383141,237.03547999999228,effect_10-15
2860,781,STR,LSr,1722,7.264735220229714,237.03547999999228,effect_10-15
2861,783,STR,LSr,823,3.4720540570552005,237.03547999999228,effect_10-15
2862,784,STR,LSr,313,1.3204774238861212,237.03547999999228,effect_10-15
2863,785,STR,LSr,408,1.7212613065352633,237.03547999999228,effect_10-15
2864,786,STR,LSr,3401,14.348062998839291,237.03547999999228,effect_10-15
2865,787,STR,LSr,130,0.5484411025725104,237.03547999999228,effect_10-15
2866,788,STR,LSr,729,3.0754889521181545,237.03547999999228,effect_10-15
2867,791,STR,LSr,1041,4.391747598292179,237.03547999999228,effect_10-15
2868,792,STR,LSr,509,2.147357855456983,237.03547999999228,effect_10-15
2869,793,STR,LSr,361,1.5229787540667403,237.03547999999228,effect_10-15
2870,795,STR,LSr,389,1.641104530005435,237.03547999999228,effect_10-15
2871,797,STR,LSr,18,0.07593799881773221,237.03547999999228,effect_10-15
2872,799,STR,LSr,1643,6.931451780974112,237.03547999999228,effect_10-15
2873,801,STR,LSr,89,0.37547121637656483,237.03547999999228,effect_10-15
2874,802,STR,LSr,91,0.3839087718007573,237.03547999999228,effect_10-15
2875,804,STR,LSr,1100,4.640655483305857,237.03547999999228,effect_10-15
2876,805,STR,LSr,1121,4.7292498152598785,237.03547999999228,effect_10-15
2877,807,STR,LSr,857,3.6154924992664723,237.03547999999228,effect_10-15
2878,808,STR,LSr,1217,5.134252475621117,237.03547999999228,effect_10-15
2879,810,STR,LSr,565,2.383609407334372,237.03547999999228,effect_10-15
2880,811,STR,LSr,716,3.0206448418609035,237.03547999999228,effect_10-15
2881,812,STR,LSr,554,2.3372028525013135,237.03547999999228,effect_10-15
2882,813,STR,LSr,3942,16.630421741083353,237.03547999999228,effect_10-15
2883,815,STR,LSr,1112,4.691280815851012,237.03547999999228,effect_10-15
2884,817,STR,LSr,2017,8.509274645298104,237.03547999999228,effect_10-15
2885,818,STR,LSr,1081,4.560498706776029,237.03547999999228,effect_10-15
2886,819,STR,LSr,416,1.7550115282320333,237.03547999999228,effect_10-15
2887,820,STR,LSr,769,3.244240060602004,237.03547999999228,effect_10-15
2888,821,STR,LSr,63,0.2657829958620627,237.03547999999228,effect_10-15
2889,822,STR,LSr,1660,7.003171002079748,237.03547999999228,effect_10-15
2890,824,STR,LSr,511,2.1557954108811757,237.03547999999228,effect_10-15
2891,826,STR,LSr,636,2.683142624893205,237.03547999999228,effect_10-15
2892,828,STR,LSr,285,1.2023516479474265,237.03547999999228,effect_10-15
2893,829,STR,LSr,463,1.9532940807005563,237.03547999999228,effect_10-15
2894,831,STR,LSr,1114,4.699718371275204,237.03547999999228,effect_10-15
2895,832,STR,LSr,471,1.987044302397326,237.03547999999228,effect_10-15
2896,834,STR,LSr,3246,13.694152453464374,237.03547999999228,effect_10-15
2897,835,STR,LSr,703,2.9658007316036525,237.03547999999228,effect_10-15
2898,838,STR,LSr,399,1.6832923071263972,237.03547999999228,effect_10-15
2899,839,STR,LSr,865,3.649242720963242,237.03547999999228,effect_10-15
2900,840,STR,LSr,28,0.11812577593869454,237.03547999999228,effect_10-15
2901,841,STR,LSr,493,2.0798574120634434,237.03547999999228,effect_10-15
2902,842,STR,LSr,1003,4.231434045232523,237.03547999999228,effect_10-15
2903,843,STR,LSr,935,3.9445571608099788,237.03547999999228,effect_10-15
2904,845,STR,LSr,1255,5.294566028680774,237.03547999999228,effect_10-15
2905,846,STR,LSr,1011,4.2651842669292925,237.03547999999228,effect_10-15
2906,849,STR,LSr,1085,4.577373817624414,237.03547999999228,effect_10-15
2907,851,STR,LSr,25,0.10546944280240585,237.03547999999228,effect_10-15
2908,852,STR,LSr,879,3.7083056089325894,237.03547999999228,effect_10-15
2909,853,STR,LSr,582,2.455328628440008,237.03547999999228,effect_10-15
2910,854,STR,LSr,729,3.0754889521181545,237.03547999999228,effect_10-15
2911,855,STR,LSr,1073,4.526748485079259,237.03547999999228,effect_10-15
2912,856,STR,LSr,2440,10.29381761751481,237.03547999999228,effect_10-15
2913,857,STR,LSr,171,0.721410988768456,237.03547999999228,effect_10-15
2914,858,STR,LSr,640,2.7000177357415898,237.03547999999228,effect_10-15
2915,859,STR,LSr,1458,6.150977904236309,237.03547999999228,effect_10-15
2916,861,STR,LSr,1022,4.311590821762351,237.03547999999228,effect_10-15
2917,862,STR,LSr,687,2.8983002882101125,237.03547999999228,effect_10-15
2918,863,STR,LSr,124,0.523128436299933,237.03547999999228,effect_10-15
2919,864,STR,LSr,284,1.1981328702353304,237.03547999999228,effect_10-15
2920,865,STR,LSr,1330,5.610974357087991,237.03547999999228,effect_10-15
2921,866,STR,LSr,208,0.8775057641160167,237.03547999999228,effect_10-15
2922,868,STR,LSr,640,2.7000177357415898,237.03547999999228,effect_10-15
2923,871,STR,LSr,1280,5.4000354714831795,237.03547999999228,effect_10-15
2924,872,STR,LSr,1137,4.796750258653418,237.03547999999228,effect_10-15
2925,873,STR,LSr,88,0.37125243866446855,237.03547999999228,effect_10-15
2926,874,STR,LSr,153,0.6454729899507238,237.03547999999228,effect_10-15
2927,876,STR,LSr,2570,10.84225872008732,237.03547999999228,effect_10-15
2928,877,STR,STR,141,0.594847657405569,237.03547999999228,effect_10-15
2929,879,STR,STR,594,2.505953960985163,237.03547999999228,effect_10-15
2930,880,STR,STR,38,0.1603135530596569,237.03547999999228,effect_10-15
2931,881,STR,STR,311,1.3120398684619288,237.03547999999228,effect_10-15
2932,882,STR,STR,174,0.7340673219047447,237.03547999999228,effect_10-15
2933,883,STR,STR,319,1.3457900901586985,237.03547999999228,effect_10-15
2934,884,STR,STR,635,2.6789238471811085,237.03547999999228,effect_10-15
2935,885,STR,STR,865,3.649242720963242,237.03547999999228,effect_10-15
2936,886,STR,STR,28,0.11812577593869454,237.03547999999228,effect_10-15
2937,887,STR,STR,473,1.9954818578215185,237.03547999999228,effect_10-15
2938,888,STR,STR,63,0.2657829958620627,237.03547999999228,effect_10-15
2939,889,STR,STR,1432,6.041289683721807,237.03547999999228,effect_10-15
2940,890,STR,STR,27,0.11390699822659832,237.03547999999228,effect_10-15
2941,891,STR,STR,351,1.480790976945778,237.03547999999228,effect_10-15
2942,892,STR,STR,814,3.4340850576463344,237.03547999999228,effect_10-15
2943,895,STR,STR,333,1.4048529781280459,237.03547999999228,effect_10-15
2944,897,STR,STR,8,0.03375022169676987,237.03547999999228,effect_10-15
2945,898,STR,STR,941,3.969869827082556,237.03547999999228,effect_10-15
2946,900,STR,STR,722,3.0459575081334807,237.03547999999228,effect_10-15
2947,902,STR,STR,1829,7.716144435424011,237.03547999999228,effect_10-15
2948,903,STR,STR,1998,8.429117868768275,237.03547999999228,effect_10-15
2949,904,STR,STR,352,1.4850097546578742,237.03547999999228,effect_10-15
2950,909,STR,LSr,456,1.9237626367158827,237.03547999999228,effect_10-15
2951,910,STR,LSr,1447,6.10457134940325,237.03547999999228,effect_10-15
2952,911,STR,LSr,197,0.8310992092829581,237.03547999999228,effect_10-15
2953,914,STR,LSr,1211,5.108939809348539,237.03547999999228,effect_10-15
2954,916,STR,LSr,852,3.594398610705991,237.03547999999228,effect_10-15
2955,917,STR,LSr,668,2.818143511680284,237.03547999999228,effect_10-15
2956,919,STR,LSr,954,4.024713937339807,237.03547999999228,effect_10-15
2957,920,STR,LSr,456,1.9237626367158827,237.03547999999228,effect_10-15
2958,921,STR,LSr,58,0.24468910730158155,237.03547999999228,effect_10-15
2959,922,STR,LSr,149,0.6285978791023389,237.03547999999228,effect_10-15
2960,923,STR,SH,899,3.7926811631745143,237.03547999999228,effect_10-15
2961,924,STR,SH,1109,4.678624482714723,237.03547999999228,effect_10-15
2962,925,STR,SH,642,2.708455291165782,237.03547999999228,effect_10-15
2963,927,STR,SH,448,1.8900124150191127,237.03547999999228,effect_10-15
2964,928,STR,SH,1414,5.965351684904075,237.03547999999228,effect_10-15
2965,929,STR,SH,517,2.1811080771537528,237.03547999999228,effect_10-15
2966,930,STR,SH,1399,5.902070019222631,237.03547999999228,effect_10-15
2967,932,STR,LSr,442,1.8646997487465353,237.03547999999228,effect_10-15
2968,933,STR,LSr,1434,6.049727239145999,237.03547999999228,effect_10-15
2969,935,STR,LSr,684,2.885643955073824,237.03547999999228,effect_10-15
2970,937,STR,LSr,427,1.8014180830650919,237.03547999999228,effect_10-15
2971,938,STR,LSr,430,1.8140744162013804,237.03547999999228,effect_10-15
2972,940,STR,LSr,59,0.2489078850136778,237.03547999999228,effect_10-15
2973,941,STR,LSr,1514,6.387229456113698,237.03547999999228,effect_10-15
2974,943,STR,LSr,457,1.9279814144279788,237.03547999999228,effect_10-15
2975,945,STR,LSr,2959,12.483363250092756,237.03547999999228,effect_10-15
2976,946,STR,LSr,1277,5.3873791383468905,237.03547999999228,effect_10-15
2977,947,STR,LSr,727,3.067051396693962,237.03547999999228,effect_10-15
2978,949,STR,SH,242,1.0209442063272887,237.03547999999228,effect_10-15
2979,950,STR,SH,2408,10.15881673072773,237.03547999999228,effect_10-15
2980,952,STR,SH,601,2.5354854049698363,237.03547999999228,effect_10-15
2981,953,STR,SH,934,3.9403383830978824,237.03547999999228,effect_10-15
2982,955,STR,SH,1092,4.6069052616090875,237.03547999999228,effect_10-15
2983,958,STR,STR,504,2.1262639668965018,237.03547999999228,effect_10-15
2984,959,STR,STR,981,4.138620935566405,237.03547999999228,effect_10-15
2985,960,STR,STR,1038,4.379091265155891,237.03547999999228,effect_10-15
2986,964,STR,STR,1383,5.834569575829091,237.03547999999228,effect_10-15
2987,965,STR,STR,1076,4.539404818215548,237.03547999999228,effect_10-15
2988,968,STR,STR,141,0.594847657405569,237.03547999999228,effect_10-15
2989,971,STR,STR,1156,4.876907035183247,237.03547999999228,effect_10-15
2990,973,STR,STR,342,1.442821977536912,237.03547999999228,effect_10-15
2991,974,STR,STR,491,2.0714198566392508,237.03547999999228,effect_10-15
2992,976,STR,STR,211,0.8901620972523053,237.03547999999228,effect_10-15
2993,977,STR,STR,928,3.915025716825305,237.03547999999228,effect_10-15
2994,979,STR,STR,858,3.6197112769785686,237.03547999999228,effect_10-15
2995,980,STR,STR,12,0.050625332545154805,237.03547999999228,effect_10-15
2996,981,STR,STR,714,3.012207286436711,237.03547999999228,effect_10-15
2997,982,STR,STR,266,1.1221948714175982,237.03547999999228,effect_10-15
2998,983,STR,STR,462,1.94907530298846,237.03547999999228,effect_10-15
2999,984,STR,STR,1213,5.117377364772731,237.03547999999228,effect_10-15
3000,985,STR,STR,53,0.2235952187411004,237.03547999999228,effect_10-15
3001,989,Other,ccg,3485,14.702440326655374,237.03547999999228,effect_10-15
3002,991,Other,ccg,3061,12.913678576726571,237.03547999999228,effect_10-15
3003,992,Other,ccg,71,0.2995332175588326,237.03547999999228,effect_10-15
3004,993,STR,STR,333,1.4048529781280459,237.03547999999228,effect_10-15
3005,994,Other,ccg,369,1.5567289757635103,237.03547999999228,effect_10-15
3006,995,Other,ccg,58,0.24468910730158155,237.03547999999228,effect_10-15
3007,996,Other,ccg,1022,4.311590821762351,237.03547999999228,effect_10-15
3008,1005,Other,ACAv6a,0,0.0,237.03547999999228,effect_10-15
3009,1008,Other,ACAv5,42,0.17718866390804183,237.03547999999228,effect_10-15
3010,1009,Other,ACAv6a,742,3.1303330623754055,237.03547999999228,effect_10-15
3011,1011,Other,ACAv5,770,3.2484588383141,237.03547999999228,effect_10-15
3012,1013,Other,ACAv5,66,0.27843932899835144,237.03547999999228,effect_10-15
3013,1014,Other,ACAv5,2238,9.441624519671372,237.03547999999228,effect_10-15
3014,1015,Other,ACAv5,1172,4.944407478576786,237.03547999999228,effect_10-15
3015,1016,Other,ACAv6a,333,1.4048529781280459,237.03547999999228,effect_10-15
3016,1017,Other,ACAv6a,702,2.961581953891556,237.03547999999228,effect_10-15
3017,1020,Other,ACAv5,4306,18.166056828286383,237.03547999999228,effect_10-15
3018,1021,Other,ACAv5,0,0.0,237.03547999999228,effect_10-15
3019,1025,Other,ACAv6a,2093,8.829901751417417,237.03547999999228,effect_10-15
3020,1028,Other,ACAv6a,241,1.0167254286151923,237.03547999999228,effect_10-15
3021,1030,Other,ACAv6a,32,0.13500088678707947,237.03547999999228,effect_10-15
3022,1032,Other,ACAv5,940,3.96565104937046,237.03547999999228,effect_10-15
3023,1033,Other,ACAv5,1629,6.872388893004765,237.03547999999228,effect_10-15
3024,1035,Other,ACAv5,3527,14.879628990563416,237.03547999999228,effect_10-15
3025,1036,Other,ACAv6a,52,0.21937644102900417,237.03547999999228,effect_10-15
3026,1038,Other,ACAv5,4,0.016875110848384934,237.03547999999228,effect_10-15
3027,1039,Other,ACAv6a,422,1.7803241945046107,237.03547999999228,effect_10-15
3028,1043,Other,ACAv6a,469,1.9786067469731337,237.03547999999228,effect_10-15
3029,1045,Other,ACAv6a,1582,6.674106340536242,237.03547999999228,effect_10-15
3030,1052,Other,ACAv6a,1148,4.843156813486476,237.03547999999228,effect_10-15
3031,1055,Other,ACAv6a,182,0.7678175436015146,237.03547999999228,effect_10-15
3032,1057,Other,ACAv6a,4598,19.397939920218484,237.03547999999228,effect_10-15
3033,1058,Other,ACAv6a,2973,12.542426138062103,237.03547999999228,effect_10-15
3034,1061,Other,ACAv6a,33,0.13921966449917572,237.03547999999228,effect_10-15
3035,1062,Other,ACAv6a,1811,7.640206436606279,237.03547999999228,effect_10-15
3036,1066,Other,ACAv6a,132,0.5568786579967029,237.03547999999228,effect_10-15
3037,1069,Other,ACAv6a,440,1.8562621933223429,237.03547999999228,effect_10-15
3038,1073,Other,ACAv6a,765,3.227364949753619,237.03547999999228,effect_10-15
3039,1074,Other,ACAv6a,169,0.7129734333442636,237.03547999999228,effect_10-15
3040,1075,Other,ACAv6a,12052,50.84470898618381,237.03547999999228,effect_10-15
3041,1083,Other,ACAv6a,487,2.054544745790866,237.03547999999228,effect_10-15
3042,1085,Other,ACAv6a,5,0.02109388856048117,237.03547999999228,effect_10-15
3043,1086,Other,ACAv6a,3065,12.930553687574957,237.03547999999228,effect_10-15
3044,1090,Other,ACAv6a,1820,7.678175436015145,237.03547999999228,effect_10-15
3045,1091,Other,ACAv6a,182,0.7678175436015146,237.03547999999228,effect_10-15
3046,1092,Other,ACAv6a,435,1.8351683047618617,237.03547999999228,effect_10-15
3047,1093,Other,ACAv6a,2,0.008437555424192467,237.03547999999228,effect_10-15
3048,1094,Other,ACAv6a,47,0.198282552468523,237.03547999999228,effect_10-15
3049,1095,Other,ACAv6a,244,1.029381761751481,237.03547999999228,effect_10-15
3050,1098,Other,ACAv6a,708,2.9868946201641333,237.03547999999228,effect_10-15
3051,1100,Other,ACAv6a,16,0.06750044339353974,237.03547999999228,effect_10-15
3052,1102,Other,ACAv6a,1997,8.42489909105618,237.03547999999228,effect_10-15
3053,1104,Other,ACAv6a,547,2.30767140851664,237.03547999999228,effect_10-15
3054,1105,Other,ACAd6a,108,0.4556279929063933,237.03547999999228,effect_10-15
3055,1107,Other,ACAd6a,329,1.387977867279661,237.03547999999228,effect_10-15
3056,1109,Other,ACAd6a,446,1.8815748595949202,237.03547999999228,effect_10-15
3057,1110,Other,ACAd6a,123,0.5189096585878368,237.03547999999228,effect_10-15
3058,1112,Other,ACAd6a,1821,7.682394213727242,237.03547999999228,effect_10-15
3059,1113,Other,ACAd6a,4,0.016875110848384934,237.03547999999228,effect_10-15
3060,1115,Other,ACAd6a,385,1.62422941915705,237.03547999999228,effect_10-15
3061,1118,Other,ACAd6a,45,0.18984499704433053,237.03547999999228,effect_10-15
3062,1119,Other,ACAd6a,15,0.06328166568144351,237.03547999999228,effect_10-15
3063,1120,Other,ACAd6a,1302,5.492848581149296,237.03547999999228,effect_10-15
3064,1121,Other,ACAd6a,1105,4.661749371866338,237.03547999999228,effect_10-15
3065,1124,Other,ACAd6a,535,2.257046075971485,237.03547999999228,effect_10-15
3066,1126,Other,ACAd6a,185,0.7804738767378032,237.03547999999228,effect_10-15
3067,1127,Other,ACAd6a,221,0.9323498743732677,237.03547999999228,effect_10-15
3068,1128,Other,ACAd6a,396,1.6706359739901087,237.03547999999228,effect_10-15
3069,1129,Other,ACAd6a,189,0.7973489875861882,237.03547999999228,effect_10-15
3070,1130,Other,ACAd6a,1132,4.775656370092936,237.03547999999228,effect_10-15
3071,1131,Other,ACAd6a,615,2.5945482929391837,237.03547999999228,effect_10-15
3072,1132,Other,ACAd6a,224,0.9450062075095563,237.03547999999228,effect_10-15
3073,1134,Other,ACAd6a,118,0.4978157700273556,237.03547999999228,effect_10-15
3074,1142,Other,ACAd6a,201,0.847974320131343,237.03547999999228,effect_10-15
3075,1143,Other,ACAd6a,549,2.3161089639408323,237.03547999999228,effect_10-15
3076,1145,Other,ACAd6a,333,1.4048529781280459,237.03547999999228,effect_10-15
3077,1148,Other,ACAd6a,954,4.024713937339807,237.03547999999228,effect_10-15
3078,1149,Other,ACAd6a,0,0.0,237.03547999999228,effect_10-15
3079,1152,Other,ACAd6a,871,3.6745553872358196,237.03547999999228,effect_10-15
3080,1154,Other,ACAd6a,121,0.5104721031636443,237.03547999999228,effect_10-15
3081,1156,Other,ACAd6a,782,3.299084170859255,237.03547999999228,effect_10-15
3082,1161,Other,ACAd6a,404,1.7043861956868784,237.03547999999228,effect_10-15
3083,1163,Other,ACAd6a,2,0.008437555424192467,237.03547999999228,effect_10-15
3084,1164,Other,ACAd6a,3,0.012656333136288701,237.03547999999228,effect_10-15
3085,1165,Other,ACAd6a,51,0.21515766331690792,237.03547999999228,effect_10-15
3086,1167,Motor,MOs6a,266,1.1221948714175982,237.03547999999228,effect_10-15
3087,1168,Motor,MOs6a,508,2.1431390777448867,237.03547999999228,effect_10-15
3088,1169,Motor,MOs6a,63,0.2657829958620627,237.03547999999228,effect_10-15
3089,1176,Motor,MOs6a,389,1.641104530005435,237.03547999999228,effect_10-15
3090,1178,Motor,MOs6a,404,1.7043861956868784,237.03547999999228,effect_10-15
3091,1180,Motor,MOs6a,168,0.7087546556321673,237.03547999999228,effect_10-15
3092,1182,Motor,MOs6a,1051,4.433935375413141,237.03547999999228,effect_10-15
3093,1185,Motor,MOs6a,290,1.2234455365079078,237.03547999999228,effect_10-15
3094,1187,Motor,MOs6a,75,0.31640832840721755,237.03547999999228,effect_10-15
3095,1200,Motor,MOs6a,1489,6.281760013311292,237.03547999999228,effect_10-15
3096,1201,Motor,MOs6a,78,0.3290646615435062,237.03547999999228,effect_10-15
3097,1202,Motor,MOs6a,14,0.05906288796934727,237.03547999999228,effect_10-15
3098,1203,Motor,MOs6a,561,2.366734296485987,237.03547999999228,effect_10-15
3099,1204,Motor,MOs6a,401,1.6917298625505897,237.03547999999228,effect_10-15
3100,1207,Motor,MOs6a,2521,10.635538612194605,237.03547999999228,effect_10-15
3101,1208,Motor,MOs5,3329,14.044311003568362,237.03547999999228,effect_10-15
3102,1209,Motor,MOs5,1335,5.6320682456484725,237.03547999999228,effect_10-15
3103,1215,Motor,MOs5,86,0.3628148832402761,237.03547999999228,effect_10-15
3104,1221,Motor,MOs5,11,0.04640655483305857,237.03547999999228,effect_10-15
3105,1224,Motor,MOs5,390,1.645323307717531,237.03547999999228,effect_10-15
3106,1228,Motor,MOs5,1380,5.821913242692803,237.03547999999228,effect_10-15
3107,1230,Motor,MOs5,124,0.523128436299933,237.03547999999228,effect_10-15
3108,1233,Motor,MOs5,834,3.518460611888259,237.03547999999228,effect_10-15
3109,1235,Motor,MOs5,1033,4.357997376595409,237.03547999999228,effect_10-15
3110,1236,Motor,MOs5,1282,5.408473026907371,237.03547999999228,effect_10-15
3111,1237,Motor,MOs5,1436,6.0581647945701915,237.03547999999228,effect_10-15
3112,1239,Motor,MOs5,339,1.4301656444006232,237.03547999999228,effect_10-15
3113,1240,Motor,MOs5,707,2.9826758424520374,237.03547999999228,effect_10-15
3114,1246,Motor,MOs5,776,3.2737715045866773,237.03547999999228,effect_10-15
3115,1248,Motor,MOs5,9,0.037968999408866104,237.03547999999228,effect_10-15
3116,1249,Motor,MOs5,92,0.3881275495128535,237.03547999999228,effect_10-15
3117,1250,Motor,MOs5,810,3.4172099467979495,237.03547999999228,effect_10-15
3118,1254,STR,LSr,608,2.56501684895451,237.03547999999228,effect_10-15
3119,1255,STR,LSr,72,0.30375199527092883,237.03547999999228,effect_10-15
3120,1256,STR,LSr,267,1.1264136491296943,237.03547999999228,effect_10-15
3121,1259,STR,LSr,261,1.101100982857117,237.03547999999228,effect_10-15
3122,1261,STR,LSr,227,0.9576625406458451,237.03547999999228,effect_10-15
3123,1263,STR,LSr,57,0.24047032958948533,237.03547999999228,effect_10-15
3124,1264,STR,LSr,77,0.32484588383141,237.03547999999228,effect_10-15
3125,1267,STR,LSr,273,1.1517263154022719,237.03547999999228,effect_10-15
3126,1269,STR,LSr,791,3.337053170268121,237.03547999999228,effect_10-15
3127,1270,STR,LSr,285,1.2023516479474265,237.03547999999228,effect_10-15
3128,1271,STR,LSr,992,4.185027490399464,237.03547999999228,effect_10-15
3129,1272,STR,LSr,82,0.34593977239189116,237.03547999999228,effect_10-15
3130,1274,STR,LSr,999,4.214558934384137,237.03547999999228,effect_10-15
3131,1275,STR,STR,12,0.050625332545154805,237.03547999999228,effect_10-15
3132,1280,STR,LSr,183,0.7720363213136108,237.03547999999228,effect_10-15
3133,1281,STR,LSr,1432,6.041289683721807,237.03547999999228,effect_10-15
3134,1282,STR,LSr,125,0.5273472140120292,237.03547999999228,effect_10-15
3135,1283,STR,LSr,108,0.4556279929063933,237.03547999999228,effect_10-15
3136,1284,STR,LSr,459,1.9364189698521712,237.03547999999228,effect_10-15
3137,1286,STR,STR,47,0.198282552468523,237.03547999999228,effect_10-15
3138,1287,STR,STR,685,2.8898627327859203,237.03547999999228,effect_10-15
3139,1289,STR,STR,383,1.6157918637328574,237.03547999999228,effect_10-15
3140,1290,STR,STR,3,0.012656333136288701,237.03547999999228,effect_10-15
3141,1291,STR,STR,0,0.0,237.03547999999228,effect_10-15
3142,1295,Other,ACAv6a,342,1.442821977536912,237.03547999999228,effect_10-15
3143,1296,Other,ACAv6a,9,0.037968999408866104,237.03547999999228,effect_10-15
3144,1298,Other,ACAv6a,230,0.9703188737821338,237.03547999999228,effect_10-15
3145,1301,Other,ACAv6a,11,0.04640655483305857,237.03547999999228,effect_10-15
3146,1303,Other,ACAv6a,587,2.4764225170004894,237.03547999999228,effect_10-15
3147,1304,Other,ACAv6a,1,0.0042187777120962335,237.03547999999228,effect_10-15
3148,1306,Other,ACAv6a,3,0.012656333136288701,237.03547999999228,effect_10-15
3149,1307,Other,ACAv6a,22,0.09281310966611714,237.03547999999228,effect_10-15
3150,1308,Other,ACAv6a,1320,5.568786579967028,237.03547999999228,effect_10-15
3151,1311,Other,ACAd6a,120,0.5062533254515481,237.03547999999228,effect_10-15
3152,1312,Other,ACAd6a,96,0.40500266036123844,237.03547999999228,effect_10-15
3153,1313,Other,ACAd6a,3,0.012656333136288701,237.03547999999228,effect_10-15
3154,1314,Other,ACAd6a,624,2.6325172923480498,237.03547999999228,effect_10-15
3155,1317,Motor,MOs6a,15,0.06328166568144351,237.03547999999228,effect_10-15
3156,1318,Motor,MOs6a,582,2.455328628440008,237.03547999999228,effect_10-15
3157,1321,Motor,MOs6a,252,1.0631319834482509,237.03547999999228,effect_10-15
3158,1322,Motor,MOs5,11,0.04640655483305857,237.03547999999228,effect_10-15
3159,1323,Motor,MOs5,5,0.02109388856048117,237.03547999999228,effect_10-15
3160,1328,Motor,MOs5,173,0.7298485441926484,237.03547999999228,effect_10-15
3161,1329,Motor,MOs5,5,0.02109388856048117,237.03547999999228,effect_10-15
3162,1330,Motor,MOs5,3,0.012656333136288701,237.03547999999228,effect_10-15
3163,1331,STR,LSr,720,3.0375199527092884,237.03547999999228,effect_10-15
3164,1332,STR,LSr,73,0.30797077298302505,237.03547999999228,effect_10-15
3165,1334,STR,STR,1124,4.741906148396167,237.03547999999228,effect_10-15
3166,1335,STR,STR,586,2.472203739288393,237.03547999999228,effect_10-15
3167,1336,STR,LSr,1399,5.902070019222631,237.03547999999228,effect_10-15
3168,1337,Other,ccg,1,0.0042187777120962335,237.03547999999228,effect_10-15
3169,1339,Other,ACAd6a,1112,4.691280815851012,237.03547999999228,effect_10-15
3170,1340,Other,ACAd6a,149,0.6285978791023389,237.03547999999228,effect_10-15
3171,1341,Other,ACAd6a,19,0.08015677652982844,237.03547999999228,effect_10-15
3172,1342,Motor,MOs6a,0,0.0,237.03547999999228,effect_10-15
3173,1345,Motor,MOs5,36,0.15187599763546442,237.03547999999228,effect_10-15
3174,1347,STR,STR,3,0.012656333136288701,237.03547999999228,effect_10-15
3175,1348,STR,LSr,70,0.2953144398467364,237.03547999999228,effect_10-15
3176,1349,STR,STR,19,0.08015677652982844,237.03547999999228,effect_10-15
3177,1350,Other,ACAv6a,399,1.6832923071263972,237.03547999999228,effect_10-15
3178,1351,Other,ACAv6a,157,0.6623481007991087,237.03547999999228,effect_10-15
3179,1354,Motor,MOs5,709,2.9911133978762297,237.03547999999228,effect_10-15
3180,1356,Motor,MOs5,11,0.04640655483305857,237.03547999999228,effect_10-15
3181,1358,STR,LSr,3,0.012656333136288701,237.03547999999228,effect_10-15
3182,1360,Motor,MOs5,14,0.05906288796934727,237.03547999999228,effect_10-15
3183,1361,Motor,MOs5,7,0.029531443984673635,237.03547999999228,effect_10-15
3184,1362,Motor,MOs5,17,0.07171922110563597,237.03547999999228,effect_10-15
3185,0,Thalamus,MD,647,3.2532499187319575,198.87804999997843,effect_15-20
3186,1,Thalamus,MD,297,1.49337747428654,198.87804999997843,effect_15-20
3187,2,Thalamus,MD,1477,7.4266617155596615,198.87804999997843,effect_15-20
3188,3,Thalamus,MD,794,3.9923963453990328,198.87804999997843,effect_15-20
3189,4,Thalamus,MD,1308,6.576894735241732,198.87804999997843,effect_15-20
3190,5,Thalamus,IAD,2844,14.30022066286505,198.87804999997843,effect_15-20
3191,6,Thalamus,IAD,2181,10.966519432387015,198.87804999997843,effect_15-20
3192,7,Thalamus,MD,958,4.817022290796314,198.87804999997843,effect_15-20
3193,8,Thalamus,MD,1772,8.909982775877943,198.87804999997843,effect_15-20
3194,11,Thalamus,MD,218,1.0961491225402886,198.87804999997843,effect_15-20
3195,13,Thalamus,MD,1927,9.689354858418056,198.87804999997843,effect_15-20
3196,14,Thalamus,MD,36,0.1810154514286715,198.87804999997843,effect_15-20
3197,16,Thalamus,MD,1088,5.470689198733184,198.87804999997843,effect_15-20
3198,17,Thalamus,MD,52,0.26146676317474776,198.87804999997843,effect_15-20
3199,18,Thalamus,MD,712,3.580083372700392,198.87804999997843,effect_15-20
3200,19,Thalamus,MD,1883,9.468113751116347,198.87804999997843,effect_15-20
3201,21,Thalamus,MD,939,4.721486358097849,198.87804999997843,effect_15-20
3202,22,Thalamus,MD,1164,5.852832929527046,198.87804999997843,effect_15-20
3203,23,Thalamus,MD,1000,5.028206984129764,198.87804999997843,effect_15-20
3204,25,Thalamus,MD,2878,14.471179700325461,198.87804999997843,effect_15-20
3205,26,Thalamus,MD,882,4.434878560002452,198.87804999997843,effect_15-20
3206,28,Thalamus,MD,2934,14.752759291436728,198.87804999997843,effect_15-20
3207,29,Thalamus,MD,992,4.987981328256726,198.87804999997843,effect_15-20
3208,31,Thalamus,MD,659,3.3135884025415145,198.87804999997843,effect_15-20
3209,33,Thalamus,MD,620,3.117488330160454,198.87804999997843,effect_15-20
3210,35,Thalamus,MD,2310,11.615158133339756,198.87804999997843,effect_15-20
3211,37,Thalamus,MD,339,1.70456216761999,198.87804999997843,effect_15-20
3212,39,Thalamus,MD,506,2.544272733969661,198.87804999997843,effect_15-20
3213,40,Thalamus,MD,646,3.248221711747828,198.87804999997843,effect_15-20
3214,43,Thalamus,MD,2506,12.60068670222919,198.87804999997843,effect_15-20
3215,44,Thalamus,MD,1187,5.96848169016203,198.87804999997843,effect_15-20
3216,46,Thalamus,MD,1852,9.312239334608323,198.87804999997843,effect_15-20
3217,47,Thalamus,MD,1319,6.632205012067159,198.87804999997843,effect_15-20
3218,48,Thalamus,MD,2321,11.670468410165183,198.87804999997843,effect_15-20
3219,49,Thalamus,MD,959,4.8220504977804435,198.87804999997843,effect_15-20
3220,50,Thalamus,MD,1721,8.653544219687324,198.87804999997843,effect_15-20
3221,53,Thalamus,MD,2241,11.2682118514348,198.87804999997843,effect_15-20
3222,54,Thalamus,MD,1103,5.54611230349513,198.87804999997843,effect_15-20
3223,57,Thalamus,MD,953,4.791881255875666,198.87804999997843,effect_15-20
3224,58,Thalamus,MD,2748,13.817512792388593,198.87804999997843,effect_15-20
3225,60,Thalamus,MD,828,4.163355382859445,198.87804999997843,effect_15-20
3226,63,Thalamus,MD,363,1.8252391352391044,198.87804999997843,effect_15-20
3227,65,Thalamus,MD,3646,18.33284266413712,198.87804999997843,effect_15-20
3228,66,Thalamus,MD,1759,8.844616085084255,198.87804999997843,effect_15-20
3229,67,Thalamus,MD,553,2.7805984622237596,198.87804999997843,effect_15-20
3230,68,Thalamus,MD,953,4.791881255875666,198.87804999997843,effect_15-20
3231,70,Thalamus,MD,283,1.4229825765087232,198.87804999997843,effect_15-20
3232,71,Thalamus,MD,405,2.0364238285725547,198.87804999997843,effect_15-20
3233,73,Thalamus,MD,1348,6.778023014606922,198.87804999997843,effect_15-20
3234,74,Thalamus,MD,4524,22.747608396203052,198.87804999997843,effect_15-20
3235,75,Thalamus,MD,1263,6.350625420955892,198.87804999997843,effect_15-20
3236,76,Thalamus,MD,945,4.7516556000026275,198.87804999997843,effect_15-20
3237,77,Thalamus,MD,2106,10.589403908577284,198.87804999997843,effect_15-20
3238,78,Thalamus,MD,2006,10.086583210164306,198.87804999997843,effect_15-20
3239,79,Thalamus,MD,2337,11.75091972191126,198.87804999997843,effect_15-20
3240,80,Thalamus,MD,155,0.7793720825401135,198.87804999997843,effect_15-20
3241,83,Thalamus,MD,699,3.5147166819067053,198.87804999997843,effect_15-20
3242,84,Thalamus,MD,1948,9.79494720508478,198.87804999997843,effect_15-20
3243,86,Thalamus,MD,386,1.940887895874089,198.87804999997843,effect_15-20
3244,89,Thalamus,MD,1669,8.392077456512576,198.87804999997843,effect_15-20
3245,90,Thalamus,MD,851,4.279004143494429,198.87804999997843,effect_15-20
3246,91,Thalamus,MD,436,2.1922982450805772,198.87804999997843,effect_15-20
3247,92,Thalamus,MD,811,4.077875864129239,198.87804999997843,effect_15-20
3248,93,Thalamus,MD,560,2.815795911112668,198.87804999997843,effect_15-20
3249,95,Thalamus,MD,157,0.789428496508373,198.87804999997843,effect_15-20
3250,96,Thalamus,MD,777,3.906916826668827,198.87804999997843,effect_15-20
3251,99,Thalamus,MD,386,1.940887895874089,198.87804999997843,effect_15-20
3252,101,Thalamus,MD,109,0.5480745612701443,198.87804999997843,effect_15-20
3253,104,Thalamus,MD,605,3.0420652253985074,198.87804999997843,effect_15-20
3254,127,Other,DG-mo,2884,14.50134894223024,198.87804999997843,effect_15-20
3255,129,Other,DG-mo,10,0.05028206984129764,198.87804999997843,effect_15-20
3256,131,Other,DG-mo,153,0.769315668571854,198.87804999997843,effect_15-20
3257,132,Other,DG-sg,1708,8.588177528893638,198.87804999997843,effect_15-20
3258,133,Other,DG-sg,1118,5.621535408257077,198.87804999997843,effect_15-20
3259,135,Other,DG-sg,69,0.34694628190495375,198.87804999997843,effect_15-20
3260,137,Other,DG-sg,4,0.020112827936519057,198.87804999997843,effect_15-20
3261,139,Other,DG-sg,155,0.7793720825401135,198.87804999997843,effect_15-20
3262,141,Other,DG-sg,14,0.0703948977778167,198.87804999997843,effect_15-20
3263,143,Other,DG-sg,179,0.9000490501592278,198.87804999997843,effect_15-20
3264,145,Other,DG-sg,28,0.1407897955556334,198.87804999997843,effect_15-20
3265,149,Other,DG-po,8,0.04022565587303811,198.87804999997843,effect_15-20
3266,152,Other,CA3,31,0.1558744165080227,198.87804999997843,effect_15-20
3267,157,Other,CA3,2252,11.32352212826023,198.87804999997843,effect_15-20
3268,164,Other,CA3,236,1.1866568482546243,198.87804999997843,effect_15-20
3269,166,Other,CA3,30,0.15084620952389294,198.87804999997843,effect_15-20
3270,181,Other,CA1,804,4.042678415240331,198.87804999997843,effect_15-20
3271,182,Other,CA1,4150,20.86705898413852,198.87804999997843,effect_15-20
3272,188,Other,CA1,255,1.28219278095309,198.87804999997843,effect_15-20
3273,201,Other,RSPd6a,314,1.578856993016746,198.87804999997843,effect_15-20
3274,202,Other,RSPagl6a,15,0.07542310476194647,198.87804999997843,effect_15-20
3275,204,Other,RSPagl6a,14,0.0703948977778167,198.87804999997843,effect_15-20
3276,210,Other,RSPagl5,162,0.8145695314290218,198.87804999997843,effect_15-20
3277,211,Other,RSPagl5,1440,7.24061805714686,198.87804999997843,effect_15-20
3278,213,Other,RSPagl5,1564,7.864115723178951,198.87804999997843,effect_15-20
3279,214,Other,RSPagl5,91,0.45756683555580857,198.87804999997843,effect_15-20
3280,215,Other,RSPagl5,533,2.6800343225411645,198.87804999997843,effect_15-20
3281,216,Other,RSPagl5,777,3.906916826668827,198.87804999997843,effect_15-20
3282,217,Other,RSPagl5,1199,6.028820173971587,198.87804999997843,effect_15-20
3283,219,Other,RSPagl5,1510,7.592592546035944,198.87804999997843,effect_15-20
3284,220,Other,RSPagl5,263,1.322418436826128,198.87804999997843,effect_15-20
3285,222,Other,RSPagl5,1731,8.703826289528623,198.87804999997843,effect_15-20
3286,224,Other,RSPagl5,1272,6.39587928381306,198.87804999997843,effect_15-20
3287,225,Other,RSPagl5,2253,11.328550335244358,198.87804999997843,effect_15-20
3288,227,Other,RSPagl5,383,1.9258032749216998,198.87804999997843,effect_15-20
3289,232,Other,RSPagl2/3,4317,21.706769550488193,198.87804999997843,effect_15-20
3290,233,Thalamus,MD,1359,6.83333329143235,198.87804999997843,effect_15-20
3291,234,Thalamus,MD,662,3.328673023493904,198.87804999997843,effect_15-20
3292,235,Thalamus,MD,1241,6.2400048673050375,198.87804999997843,effect_15-20
3293,236,Thalamus,MD,450,2.262693142858394,198.87804999997843,effect_15-20
3294,237,Thalamus,MD,842,4.2337502806372616,198.87804999997843,effect_15-20
3295,238,Thalamus,MD,1263,6.350625420955892,198.87804999997843,effect_15-20
3296,239,Thalamus,MD,413,2.0766494844455927,198.87804999997843,effect_15-20
3297,241,Thalamus,MD,668,3.3588422653986827,198.87804999997843,effect_15-20
3298,242,Thalamus,MD,1323,6.652317840003678,198.87804999997843,effect_15-20
3299,244,Thalamus,MD,397,1.9961981726995164,198.87804999997843,effect_15-20
3300,245,Thalamus,MD,720,3.62030902857343,198.87804999997843,effect_15-20
3301,250,Other,DG-mo,57,0.28660779809539655,198.87804999997843,effect_15-20
3302,252,Other,DG-sg,6,0.030169241904778585,198.87804999997843,effect_15-20
3303,253,Other,DG-sg,26,0.13073338158737388,198.87804999997843,effect_15-20
3304,254,Other,DG-sg,40,0.20112827936519057,198.87804999997843,effect_15-20
3305,256,Other,DG-sg,0,0.0,198.87804999997843,effect_15-20
3306,258,Other,CA3,950,4.776796634923276,198.87804999997843,effect_15-20
3307,259,Other,CA3,890,4.47510421587549,198.87804999997843,effect_15-20
3308,260,Other,CA3,13,0.06536669079368694,198.87804999997843,effect_15-20
3309,263,Other,RSPagl5,1188,5.97350989714616,198.87804999997843,effect_15-20
3310,265,Other,RSPagl5,37,0.18604365841280127,198.87804999997843,effect_15-20
3311,268,Thalamus,MD,1432,7.200392401273822,198.87804999997843,effect_15-20
3312,270,Other,DG-sg,1,0.005028206984129764,198.87804999997843,effect_15-20
3313,273,Other,RSPagl5,121,0.6084130450797015,198.87804999997843,effect_15-20
3314,274,Other,RSPagl5,199,1.0006131898418231,198.87804999997843,effect_15-20
3315,276,Other,CA3,7,0.03519744888890835,198.87804999997843,effect_15-20
3316,277,Other,DG-po,170,0.8547951873020599,198.87804999997843,effect_15-20
3317,280,Other,SPFp,71,0.35700269587321326,198.87804999997843,effect_15-20
3318,292,Other,MB,1277,6.421020318733709,198.87804999997843,effect_15-20
3319,293,Other,MB,498,2.5040470780966224,198.87804999997843,effect_15-20
3320,335,Other,APN,6742,33.90017148700287,198.87804999997843,effect_15-20
3321,358,Other,APN,107,0.5380181473018848,198.87804999997843,effect_15-20
3322,359,Other,APN,6420,32.281088838113085,198.87804999997843,effect_15-20
3323,384,Other,APN,35,0.17598724444454175,198.87804999997843,effect_15-20
3324,386,Other,APN,3,0.015084620952389292,198.87804999997843,effect_15-20
3325,388,Other,APN,211,1.0609516736513802,198.87804999997843,effect_15-20
3326,390,Other,APN,3294,16.562913805723444,198.87804999997843,effect_15-20
3327,395,Other,MB,357,1.7950698933343259,198.87804999997843,effect_15-20
3328,396,Other,APN,3221,16.19585469588197,198.87804999997843,effect_15-20
3329,399,Other,MB,99,0.4977924914288467,198.87804999997843,effect_15-20
3330,400,Other,DG-mo,227,1.1414029853974565,198.87804999997843,effect_15-20
3331,402,Other,POST,188,0.9453029130163957,198.87804999997843,effect_15-20
3332,410,Other,SUB,724,3.640421856509949,198.87804999997843,effect_15-20
3333,425,Other,VISp6a,32,0.16090262349215245,198.87804999997843,effect_15-20
3334,426,Other,VISp6a,62,0.3117488330160454,198.87804999997843,effect_15-20
3335,427,Other,VISp6a,207,1.0408388457148612,198.87804999997843,effect_15-20
3336,430,Other,VISp6a,478,2.4034829384140273,198.87804999997843,effect_15-20
3337,431,Other,VISp6a,339,1.70456216761999,198.87804999997843,effect_15-20
3338,432,Other,VISp5,1455,7.316041161908807,198.87804999997843,effect_15-20
3339,433,Other,VISp6a,397,1.9961981726995164,198.87804999997843,effect_15-20
3340,436,Other,VISp6a,1844,9.272013678735286,198.87804999997843,effect_15-20
3341,437,Other,VISp5,218,1.0961491225402886,198.87804999997843,effect_15-20
3342,439,Other,VISp5,427,2.1470443822234095,198.87804999997843,effect_15-20
3343,440,Other,VISp5,10,0.05028206984129764,198.87804999997843,effect_15-20
3344,442,Other,VISp5,1226,6.164581762543091,198.87804999997843,effect_15-20
3345,443,Other,VISp5,1505,7.567451511115295,198.87804999997843,effect_15-20
3346,444,Other,VISp5,1789,8.995462294608148,198.87804999997843,effect_15-20
3347,445,Other,VISp5,891,4.4801324228596195,198.87804999997843,effect_15-20
3348,446,Other,VISp5,1267,6.370738248892411,198.87804999997843,effect_15-20
3349,447,Other,VISp5,390,1.961000723810608,198.87804999997843,effect_15-20
3350,449,Other,VISp5,1247,6.270174109209816,198.87804999997843,effect_15-20
3351,452,Other,VISp5,372,1.8704929980962723,198.87804999997843,effect_15-20
3352,453,Other,VISp5,858,4.314201592383338,198.87804999997843,effect_15-20
3353,455,Other,VISp5,1377,6.923841017146685,198.87804999997843,effect_15-20
3354,456,Other,VISp5,1181,5.938312448257252,198.87804999997843,effect_15-20
3355,457,Other,VISp5,272,1.367672299683296,198.87804999997843,effect_15-20
3356,458,Other,VISp5,493,2.4789060431759737,198.87804999997843,effect_15-20
3357,459,Other,VISp5,493,2.4789060431759737,198.87804999997843,effect_15-20
3358,460,Other,VISp5,836,4.203581038732483,198.87804999997843,effect_15-20
3359,466,Other,VISp5,358,1.8000981003184555,198.87804999997843,effect_15-20
3360,469,Other,VISp5,313,1.5738287860326161,198.87804999997843,effect_15-20
3361,472,Other,VISp5,331,1.664336511746952,198.87804999997843,effect_15-20
3362,478,Other,VISp5,154,0.7743438755559837,198.87804999997843,effect_15-20
3363,479,Other,VISp5,597,3.0018395695254694,198.87804999997843,effect_15-20
3364,485,Other,VISp4,29,0.14581800253976315,198.87804999997843,effect_15-20
3365,488,Other,VISp4,47,0.23632572825409892,198.87804999997843,effect_15-20
3366,489,Other,VISp4,292,1.468236439365891,198.87804999997843,effect_15-20
3367,492,Other,VISp4,177,0.8899926361909682,198.87804999997843,effect_15-20
3368,493,Other,VISp4,250,1.257051746032441,198.87804999997843,effect_15-20
3369,494,Other,VISp4,11,0.055310276825427405,198.87804999997843,effect_15-20
3370,495,Other,VISp4,73,0.3670591098414728,198.87804999997843,effect_15-20
3371,497,Other,VISp2/3,104,0.5229335263494955,198.87804999997843,effect_15-20
3372,498,Other,VISp2/3,51,0.25643855619061795,198.87804999997843,effect_15-20
3373,500,Other,VISp4,1530,7.693156685718539,198.87804999997843,effect_15-20
3374,502,Other,VISp2/3,46,0.23129752126996916,198.87804999997843,effect_15-20
3375,504,Other,VISp2/3,200,1.0056413968259528,198.87804999997843,effect_15-20
3376,520,Other,APN,185,0.9302182920640064,198.87804999997843,effect_15-20
3377,521,Other,APN,13,0.06536669079368694,198.87804999997843,effect_15-20
3378,523,Other,APN,2595,13.048197123816738,198.87804999997843,effect_15-20
3379,525,Other,APN,254,1.27716457396896,198.87804999997843,effect_15-20
3380,530,Other,VISp4,102,0.5128771123812359,198.87804999997843,effect_15-20
3381,533,Other,VISp4,4,0.020112827936519057,198.87804999997843,effect_15-20
3382,535,Other,VISp2/3,23,0.11564876063498458,198.87804999997843,effect_15-20
3383,536,Other,VISp2/3,177,0.8899926361909682,198.87804999997843,effect_15-20
3384,537,Other,VISp2/3,61,0.30672062603191563,198.87804999997843,effect_15-20
3385,538,Other,VISp2/3,24,0.12067696761911434,198.87804999997843,effect_15-20
3386,545,Other,VISp4,74,0.37208731682560253,198.87804999997843,effect_15-20
3387,547,Thalamus,VPL,2100,10.559234666672506,198.87804999997843,effect_15-20
3388,550,Thalamus,VPL,516,2.5945548038109583,198.87804999997843,effect_15-20
3389,552,Thalamus,VPL,2066,10.388275629212092,198.87804999997843,effect_15-20
3390,553,Thalamus,VPL,1643,8.261344074925203,198.87804999997843,effect_15-20
3391,558,Thalamus,VPL,1665,8.371964628576057,198.87804999997843,effect_15-20
3392,561,Thalamus,VPL,3414,17.166298643819015,198.87804999997843,effect_15-20
3393,562,Thalamus,VPL,1254,6.305371558098725,198.87804999997843,effect_15-20
3394,564,Thalamus,VPL,770,3.8717193777799186,198.87804999997843,effect_15-20
3395,565,Thalamus,VPL,1726,8.678685254607974,198.87804999997843,effect_15-20
3396,567,Thalamus,VPL,2140,10.760362946037695,198.87804999997843,effect_15-20
3397,568,Thalamus,VPL,4,0.020112827936519057,198.87804999997843,effect_15-20
3398,572,Thalamus,VPL,2520,12.671081600007007,198.87804999997843,effect_15-20
3399,575,Thalamus,VPL,4,0.020112827936519057,198.87804999997843,effect_15-20
3400,576,Thalamus,VPL,658,3.308560195557385,198.87804999997843,effect_15-20
3401,579,Thalamus,VPL,4255,21.395020717472146,198.87804999997843,effect_15-20
3402,581,Thalamus,VPL,1829,9.196590573973339,198.87804999997843,effect_15-20
3403,583,Thalamus,VPL,487,2.448736801271195,198.87804999997843,effect_15-20
3404,584,Thalamus,VPL,1804,9.070885399370095,198.87804999997843,effect_15-20
3405,585,Thalamus,VPL,1806,9.080941813338354,198.87804999997843,effect_15-20
3406,586,Thalamus,VPL,160,0.8045131174607623,198.87804999997843,effect_15-20
3407,589,Thalamus,VPL,1665,8.371964628576057,198.87804999997843,effect_15-20
3408,590,Thalamus,VPL,3536,17.779739895882848,198.87804999997843,effect_15-20
3409,591,Thalamus,VPL,374,1.8805494120645319,198.87804999997843,effect_15-20
3410,593,Thalamus,VPL,769,3.8666911707957885,198.87804999997843,effect_15-20
3411,594,Thalamus,VPL,2260,11.363747784133267,198.87804999997843,effect_15-20
3412,595,Thalamus,VPL,2027,10.192175556831032,198.87804999997843,effect_15-20
3413,596,Thalamus,VPL,912,4.585724769526345,198.87804999997843,effect_15-20
3414,597,Thalamus,VPL,742,3.730929582224285,198.87804999997843,effect_15-20
3415,598,Thalamus,VPL,3466,17.427765406993764,198.87804999997843,effect_15-20
3416,599,Thalamus,VPL,961,4.832106911748704,198.87804999997843,effect_15-20
3417,600,Thalamus,VPL,1829,9.196590573973339,198.87804999997843,effect_15-20
3418,601,Thalamus,VPL,1831,9.206646987941598,198.87804999997843,effect_15-20
3419,602,Thalamus,VPL,3259,16.3869265612789,198.87804999997843,effect_15-20
3420,603,Thalamus,VPL,2375,11.94199158730819,198.87804999997843,effect_15-20
3421,607,Thalamus,VPL,1578,7.934510620956768,198.87804999997843,effect_15-20
3422,610,Thalamus,VPL,2179,10.956463018418756,198.87804999997843,effect_15-20
3423,611,Thalamus,VPL,2116,10.639685978418582,198.87804999997843,effect_15-20
3424,612,Thalamus,VPL,783,3.9370860685736053,198.87804999997843,effect_15-20
3425,616,Thalamus,VPL,427,2.1470443822234095,198.87804999997843,effect_15-20
3426,617,Thalamus,VPL,584,2.936472878731782,198.87804999997843,effect_15-20
3427,618,Thalamus,VPL,346,1.7397596165088984,198.87804999997843,effect_15-20
3428,620,Thalamus,VPL,1399,7.03446157079754,198.87804999997843,effect_15-20
3429,621,Thalamus,VPL,676,3.3990679212717207,198.87804999997843,effect_15-20
3430,622,Thalamus,VPL,917,4.610865804446994,198.87804999997843,effect_15-20
3431,623,Thalamus,VPL,565,2.8409369460333167,198.87804999997843,effect_15-20
3432,626,Thalamus,VPL,829,4.168383589843574,198.87804999997843,effect_15-20
3433,629,Thalamus,VPL,1803,9.065857192385964,198.87804999997843,effect_15-20
3434,630,Thalamus,VPL,1567,7.87920034413134,198.87804999997843,effect_15-20
3435,632,Thalamus,VPL,549,2.7604856342872406,198.87804999997843,effect_15-20
3436,633,Thalamus,VPL,1411,7.094800054607098,198.87804999997843,effect_15-20
3437,634,Thalamus,VPL,1956,9.835172860957819,198.87804999997843,effect_15-20
3438,635,Thalamus,VPL,2465,12.394530215879868,198.87804999997843,effect_15-20
3439,664,RT,RT,7670,38.56634756827529,198.87804999997843,effect_15-20
3440,667,RT,RT,789,3.967255310478384,198.87804999997843,effect_15-20
3441,670,Other,CA3,3321,16.69867539429495,198.87804999997843,effect_15-20
3442,672,Other,or,752,3.7812116520655827,198.87804999997843,effect_15-20
3443,676,Somatosensory,SSp-bfd6a,206,1.0358106387307315,198.87804999997843,effect_15-20
3444,680,Somatosensory,SSp-bfd6a,50,0.2514103492064882,198.87804999997843,effect_15-20
3445,681,Somatosensory,SSp-bfd6a,30,0.15084620952389294,198.87804999997843,effect_15-20
3446,683,Somatosensory,SSp-bfd6a,21,0.10559234666672505,198.87804999997843,effect_15-20
3447,685,Somatosensory,SSp-bfd6a,899,4.5203580787326585,198.87804999997843,effect_15-20
3448,686,Somatosensory,SSp-bfd6a,696,3.499632060954316,198.87804999997843,effect_15-20
3449,687,Somatosensory,SSp-bfd6a,84,0.4223693866669002,198.87804999997843,effect_15-20
3450,690,Somatosensory,SSp-bfd6a,688,3.459406405081278,198.87804999997843,effect_15-20
3451,692,Somatosensory,SSp-bfd5,435,2.1872700380964476,198.87804999997843,effect_15-20
3452,695,Somatosensory,SSp-bfd5,881,4.429850353018322,198.87804999997843,effect_15-20
3453,696,Somatosensory,SSp-bfd5,38,0.19107186539693105,198.87804999997843,effect_15-20
3454,697,Somatosensory,SSp-bfd5,855,4.299116971430949,198.87804999997843,effect_15-20
3455,698,Somatosensory,SSp-bfd5,447,2.2476085219060047,198.87804999997843,effect_15-20
3456,699,Somatosensory,SSp-bfd5,680,3.4191807492082398,198.87804999997843,effect_15-20
3457,700,Somatosensory,SSp-bfd5,316,1.5889134069850055,198.87804999997843,effect_15-20
3458,702,Somatosensory,SSp-bfd5,942,4.736570979050238,198.87804999997843,effect_15-20
3459,705,Somatosensory,SSp-bfd5,182,0.9151336711116171,198.87804999997843,effect_15-20
3460,706,Somatosensory,SSp-bfd5,1656,8.32671076571889,198.87804999997843,effect_15-20
3461,707,Somatosensory,SSp-bfd5,839,4.218665659684873,198.87804999997843,effect_15-20
3462,714,Somatosensory,SSp-bfd5,55,0.27655138412713703,198.87804999997843,effect_15-20
3463,715,Somatosensory,SSp-bfd5,136,0.683836149841648,198.87804999997843,effect_15-20
3464,716,Somatosensory,SSp-bfd5,106,0.532989940317755,198.87804999997843,effect_15-20
3465,718,Somatosensory,SSp-bfd5,419,2.106818726350371,198.87804999997843,effect_15-20
3466,719,Somatosensory,SSp-bfd5,1565,7.869143930163081,198.87804999997843,effect_15-20
3467,729,Thalamus,VPL,2541,12.77667394667373,198.87804999997843,effect_15-20
3468,730,Thalamus,VPL,308,1.5486877511119674,198.87804999997843,effect_15-20
3469,732,Thalamus,VPL,614,3.087319088255675,198.87804999997843,effect_15-20
3470,733,Thalamus,VPL,1125,5.656732857145985,198.87804999997843,effect_15-20
3471,734,Thalamus,VPL,553,2.7805984622237596,198.87804999997843,effect_15-20
3472,735,Thalamus,VPL,462,2.323031626667951,198.87804999997843,effect_15-20
3473,738,Thalamus,VPL,584,2.936472878731782,198.87804999997843,effect_15-20
3474,739,Thalamus,VPL,151,0.7592592546035944,198.87804999997843,effect_15-20
3475,741,Other,or,334,1.6794211326993413,198.87804999997843,effect_15-20
3476,743,Somatosensory,SSp-bfd6a,197,0.9905567758735636,198.87804999997843,effect_15-20
3477,744,Somatosensory,SSp-bfd6a,12,0.06033848380955717,198.87804999997843,effect_15-20
3478,746,Somatosensory,SSp-bfd6a,1039,5.224307056510825,198.87804999997843,effect_15-20
3479,747,Somatosensory,SSp-bfd5,14,0.0703948977778167,198.87804999997843,effect_15-20
3480,750,Somatosensory,SSp-bfd5,52,0.26146676317474776,198.87804999997843,effect_15-20
3481,751,Somatosensory,SSp-bfd4,73,0.3670591098414728,198.87804999997843,effect_15-20
3482,752,Somatosensory,SSp-bfd6a,32,0.16090262349215245,198.87804999997843,effect_15-20
3483,757,Somatosensory,SSp-bfd5,337,1.6945057536517305,198.87804999997843,effect_15-20
3484,761,STR,LSr,2322,11.675496617149312,198.87804999997843,effect_15-20
3485,763,STR,LSr,787,3.9571988965101244,198.87804999997843,effect_15-20
3486,766,STR,LSr,92,0.46259504253993833,198.87804999997843,effect_15-20
3487,768,STR,LSr,845,4.2488349015896505,198.87804999997843,effect_15-20
3488,769,STR,LSr,265,1.3324748507943875,198.87804999997843,effect_15-20
3489,771,STR,LSr,133,0.6687515288892586,198.87804999997843,effect_15-20
3490,773,STR,LSr,5887,29.60105451557192,198.87804999997843,effect_15-20
3491,774,STR,LSr,330,1.659308304762822,198.87804999997843,effect_15-20
3492,775,STR,LSr,830,4.173411796827704,198.87804999997843,effect_15-20
3493,777,STR,LSr,31,0.1558744165080227,198.87804999997843,effect_15-20
3494,778,STR,LSr,88,0.44248221460341924,198.87804999997843,effect_15-20
3495,779,STR,LSr,510,2.56438556190618,198.87804999997843,effect_15-20
3496,780,STR,LSr,52,0.26146676317474776,198.87804999997843,effect_15-20
3497,781,STR,LSr,1343,6.752881979686274,198.87804999997843,effect_15-20
3498,783,STR,LSr,478,2.4034829384140273,198.87804999997843,effect_15-20
3499,784,STR,LSr,218,1.0961491225402886,198.87804999997843,effect_15-20
3500,785,STR,LSr,326,1.639195476826303,198.87804999997843,effect_15-20
3501,786,STR,LSr,2700,13.576158857150363,198.87804999997843,effect_15-20
3502,787,STR,LSr,77,0.38717193777799186,198.87804999997843,effect_15-20
3503,788,STR,LSr,515,2.5895265968268286,198.87804999997843,effect_15-20
3504,791,STR,LSr,818,4.113073313018147,198.87804999997843,effect_15-20
3505,792,STR,LSr,462,2.323031626667951,198.87804999997843,effect_15-20
3506,793,STR,LSr,479,2.408511145398157,198.87804999997843,effect_15-20
3507,795,STR,LSr,244,1.2268825041276625,198.87804999997843,effect_15-20
3508,797,STR,LSr,14,0.0703948977778167,198.87804999997843,effect_15-20
3509,799,STR,LSr,1390,6.9892077079403725,198.87804999997843,effect_15-20
3510,801,STR,LSr,56,0.2815795911112668,198.87804999997843,effect_15-20
3511,802,STR,LSr,62,0.3117488330160454,198.87804999997843,effect_15-20
3512,804,STR,LSr,862,4.334314420319857,198.87804999997843,effect_15-20
3513,805,STR,LSr,843,4.238778487621391,198.87804999997843,effect_15-20
3514,807,STR,LSr,667,3.3538140584145526,198.87804999997843,effect_15-20
3515,808,STR,LSr,1066,5.360068645082329,198.87804999997843,effect_15-20
3516,810,STR,LSr,348,1.749816030477158,198.87804999997843,effect_15-20
3517,811,STR,LSr,670,3.368898679366942,198.87804999997843,effect_15-20
3518,812,STR,LSr,405,2.0364238285725547,198.87804999997843,effect_15-20
3519,813,STR,LSr,3740,18.805494120645317,198.87804999997843,effect_15-20
3520,815,STR,LSr,898,4.515329871748528,198.87804999997843,effect_15-20
3521,817,STR,LSr,1766,8.879813533973163,198.87804999997843,effect_15-20
3522,818,STR,LSr,878,4.414765732065933,198.87804999997843,effect_15-20
3523,819,STR,LSr,290,1.4581800253976316,198.87804999997843,effect_15-20
3524,820,STR,LSr,482,2.4235957663505463,198.87804999997843,effect_15-20
3525,821,STR,LSr,117,0.5883002171431824,198.87804999997843,effect_15-20
3526,822,STR,LSr,1340,6.737797358733884,198.87804999997843,effect_15-20
3527,824,STR,LSr,354,1.7799852723819365,198.87804999997843,effect_15-20
3528,826,STR,LSr,348,1.749816030477158,198.87804999997843,effect_15-20
3529,828,STR,LSr,175,0.8799362222227087,198.87804999997843,effect_15-20
3530,829,STR,LSr,404,2.0313956215884246,198.87804999997843,effect_15-20
3531,831,STR,LSr,633,3.1828550209541406,198.87804999997843,effect_15-20
3532,832,STR,LSr,366,1.8403237561914938,198.87804999997843,effect_15-20
3533,834,STR,LSr,2758,13.86779486222989,198.87804999997843,effect_15-20
3534,835,STR,LSr,435,2.1872700380964476,198.87804999997843,effect_15-20
3535,838,STR,LSr,309,1.553715958096097,198.87804999997843,effect_15-20
3536,839,STR,LSr,649,3.263306332700217,198.87804999997843,effect_15-20
3537,840,STR,LSr,9,0.04525386285716788,198.87804999997843,effect_15-20
3538,841,STR,LSr,335,1.684449339683471,198.87804999997843,effect_15-20
3539,842,STR,LSr,692,3.479519233017797,198.87804999997843,effect_15-20
3540,843,STR,LSr,834,4.1935246247642235,198.87804999997843,effect_15-20
3541,845,STR,LSr,1020,5.12877112381236,198.87804999997843,effect_15-20
3542,846,STR,LSr,775,3.8968604127005673,198.87804999997843,effect_15-20
3543,849,STR,LSr,898,4.515329871748528,198.87804999997843,effect_15-20
3544,851,STR,LSr,35,0.17598724444454175,198.87804999997843,effect_15-20
3545,852,STR,LSr,767,3.856634756827529,198.87804999997843,effect_15-20
3546,853,STR,LSr,367,1.8453519631756234,198.87804999997843,effect_15-20
3547,854,STR,LSr,620,3.117488330160454,198.87804999997843,effect_15-20
3548,855,STR,LSr,922,4.636006839367643,198.87804999997843,effect_15-20
3549,856,STR,LSr,2338,11.755947928895388,198.87804999997843,effect_15-20
3550,857,STR,LSr,126,0.6335540800003503,198.87804999997843,effect_15-20
3551,858,STR,LSr,624,3.137601158096973,198.87804999997843,effect_15-20
3552,859,STR,LSr,1340,6.737797358733884,198.87804999997843,effect_15-20
3553,861,STR,LSr,952,4.786853048891536,198.87804999997843,effect_15-20
3554,862,STR,LSr,519,2.6096394247633476,198.87804999997843,effect_15-20
3555,863,STR,LSr,123,0.618469459047961,198.87804999997843,effect_15-20
3556,864,STR,LSr,244,1.2268825041276625,198.87804999997843,effect_15-20
3557,865,STR,LSr,1180,5.933284241273122,198.87804999997843,effect_15-20
3558,866,STR,LSr,193,0.9704439479370445,198.87804999997843,effect_15-20
3559,868,STR,LSr,420,2.111846933334501,198.87804999997843,effect_15-20
3560,871,STR,LSr,931,4.681260702224811,198.87804999997843,effect_15-20
3561,872,STR,LSr,834,4.1935246247642235,198.87804999997843,effect_15-20
3562,873,STR,LSr,58,0.2916360050795263,198.87804999997843,effect_15-20
3563,874,STR,LSr,143,0.7190335987305563,198.87804999997843,effect_15-20
3564,876,STR,LSr,2131,10.715109083180527,198.87804999997843,effect_15-20
3565,877,STR,STR,126,0.6335540800003503,198.87804999997843,effect_15-20
3566,879,STR,STR,413,2.0766494844455927,198.87804999997843,effect_15-20
3567,880,STR,STR,46,0.23129752126996916,198.87804999997843,effect_15-20
3568,881,STR,STR,171,0.8598233942861897,198.87804999997843,effect_15-20
3569,882,STR,STR,153,0.769315668571854,198.87804999997843,effect_15-20
3570,883,STR,STR,230,1.1564876063498457,198.87804999997843,effect_15-20
3571,884,STR,STR,422,2.1219033473027604,198.87804999997843,effect_15-20
3572,885,STR,STR,664,3.3387294374621637,198.87804999997843,effect_15-20
3573,886,STR,STR,31,0.1558744165080227,198.87804999997843,effect_15-20
3574,887,STR,STR,351,1.7649006514295473,198.87804999997843,effect_15-20
3575,888,STR,STR,80,0.40225655873038113,198.87804999997843,effect_15-20
3576,889,STR,STR,1159,5.827691894606397,198.87804999997843,effect_15-20
3577,890,STR,STR,22,0.11062055365085481,198.87804999997843,effect_15-20
3578,891,STR,STR,287,1.4430954044452424,198.87804999997843,effect_15-20
3579,892,STR,STR,813,4.087932278097498,198.87804999997843,effect_15-20
3580,895,STR,STR,245,1.2319107111117922,198.87804999997843,effect_15-20
3581,897,STR,STR,7,0.03519744888890835,198.87804999997843,effect_15-20
3582,898,STR,STR,826,4.153298968891185,198.87804999997843,effect_15-20
3583,900,STR,STR,554,2.7856266692078893,198.87804999997843,effect_15-20
3584,902,STR,STR,1236,6.214863832384388,198.87804999997843,effect_15-20
3585,903,STR,STR,1921,9.659185616513277,198.87804999997843,effect_15-20
3586,904,STR,STR,233,1.171572227302235,198.87804999997843,effect_15-20
3587,909,STR,LSr,520,2.6146676317474773,198.87804999997843,effect_15-20
3588,910,STR,LSr,1105,5.55616871746339,198.87804999997843,effect_15-20
3589,911,STR,LSr,165,0.829654152381411,198.87804999997843,effect_15-20
3590,914,STR,LSr,1025,5.153912158733008,198.87804999997843,effect_15-20
3591,916,STR,LSr,755,3.796296273017972,198.87804999997843,effect_15-20
3592,917,STR,LSr,526,2.644836873652256,198.87804999997843,effect_15-20
3593,919,STR,LSr,711,3.5750551657162624,198.87804999997843,effect_15-20
3594,920,STR,LSr,251,1.2620799530165707,198.87804999997843,effect_15-20
3595,921,STR,LSr,67,0.33688986793669423,198.87804999997843,effect_15-20
3596,922,STR,LSr,191,0.960387533968785,198.87804999997843,effect_15-20
3597,923,STR,SH,863,4.339342627303987,198.87804999997843,effect_15-20
3598,924,STR,SH,1056,5.309786575241031,198.87804999997843,effect_15-20
3599,925,STR,SH,386,1.940887895874089,198.87804999997843,effect_15-20
3600,927,STR,SH,274,1.3777287136515555,198.87804999997843,effect_15-20
3601,928,STR,SH,1158,5.822663687622267,198.87804999997843,effect_15-20
3602,929,STR,SH,494,2.4839342501601034,198.87804999997843,effect_15-20
3603,930,STR,SH,1179,5.928256034288992,198.87804999997843,effect_15-20
3604,932,STR,LSr,316,1.5889134069850055,198.87804999997843,effect_15-20
3605,933,STR,LSr,1178,5.923227827304863,198.87804999997843,effect_15-20
3606,935,STR,LSr,453,2.277777763810783,198.87804999997843,effect_15-20
3607,937,STR,LSr,251,1.2620799530165707,198.87804999997843,effect_15-20
3608,938,STR,LSr,395,1.9861417587312569,198.87804999997843,effect_15-20
3609,940,STR,LSr,42,0.2111846933334501,198.87804999997843,effect_15-20
3610,941,STR,LSr,1435,7.215477022226212,198.87804999997843,effect_15-20
3611,943,STR,LSr,340,1.7095903746041199,198.87804999997843,effect_15-20
3612,945,STR,LSr,2044,10.277655075561238,198.87804999997843,effect_15-20
3613,946,STR,LSr,1129,5.676845685082504,198.87804999997843,effect_15-20
3614,947,STR,LSr,629,3.1627421930176216,198.87804999997843,effect_15-20
3615,949,STR,SH,150,0.7542310476194647,198.87804999997843,effect_15-20
3616,950,STR,SH,1727,8.683713461592102,198.87804999997843,effect_15-20
3617,952,STR,SH,786,3.9521706895259947,198.87804999997843,effect_15-20
3618,953,STR,SH,911,4.580696562542215,198.87804999997843,effect_15-20
3619,955,STR,SH,1040,5.229335263494955,198.87804999997843,effect_15-20
3620,958,STR,STR,264,1.3274466438102577,198.87804999997843,effect_15-20
3621,959,STR,STR,983,4.9427274653995585,198.87804999997843,effect_15-20
3622,960,STR,STR,888,4.465047801907231,198.87804999997843,effect_15-20
3623,964,STR,STR,1160,5.832720101590526,198.87804999997843,effect_15-20
3624,965,STR,STR,862,4.334314420319857,198.87804999997843,effect_15-20
3625,968,STR,STR,83,0.41734117968277046,198.87804999997843,effect_15-20
3626,971,STR,STR,955,4.801937669843925,198.87804999997843,effect_15-20
3627,973,STR,STR,342,1.7196467885723794,198.87804999997843,effect_15-20
3628,974,STR,STR,438,2.2023546590488365,198.87804999997843,effect_15-20
3629,976,STR,STR,105,0.5279617333336253,198.87804999997843,effect_15-20
3630,977,STR,STR,842,4.2337502806372616,198.87804999997843,effect_15-20
3631,979,STR,STR,755,3.796296273017972,198.87804999997843,effect_15-20
3632,980,STR,STR,15,0.07542310476194647,198.87804999997843,effect_15-20
3633,981,STR,STR,797,4.007480966351422,198.87804999997843,effect_15-20
3634,982,STR,STR,399,2.006254586667776,198.87804999997843,effect_15-20
3635,983,STR,STR,450,2.262693142858394,198.87804999997843,effect_15-20
3636,984,STR,STR,823,4.138214347938796,198.87804999997843,effect_15-20
3637,985,STR,STR,80,0.40225655873038113,198.87804999997843,effect_15-20
3638,989,Other,ccg,2857,14.365587353658736,198.87804999997843,effect_15-20
3639,991,Other,ccg,2502,12.58057387429267,198.87804999997843,effect_15-20
3640,992,Other,ccg,60,0.3016924190477859,198.87804999997843,effect_15-20
3641,993,STR,STR,289,1.453151818413502,198.87804999997843,effect_15-20
3642,994,Other,ccg,209,1.0508952596831207,198.87804999997843,effect_15-20
3643,995,Other,ccg,59,0.29666421206365606,198.87804999997843,effect_15-20
3644,996,Other,ccg,868,4.364483662224635,198.87804999997843,effect_15-20
3645,1005,Other,ACAv6a,0,0.0,198.87804999997843,effect_15-20
3646,1008,Other,ACAv5,22,0.11062055365085481,198.87804999997843,effect_15-20
3647,1009,Other,ACAv6a,432,2.172185417144058,198.87804999997843,effect_15-20
3648,1011,Other,ACAv5,668,3.3588422653986827,198.87804999997843,effect_15-20
3649,1013,Other,ACAv5,14,0.0703948977778167,198.87804999997843,effect_15-20
3650,1014,Other,ACAv5,1555,7.818861860321784,198.87804999997843,effect_15-20
3651,1015,Other,ACAv5,1278,6.426048525717839,198.87804999997843,effect_15-20
3652,1016,Other,ACAv6a,0,0.0,198.87804999997843,effect_15-20
3653,1017,Other,ACAv6a,694,3.4895756469860566,198.87804999997843,effect_15-20
3654,1020,Other,ACAv5,3515,17.674147549216123,198.87804999997843,effect_15-20
3655,1021,Other,ACAv5,0,0.0,198.87804999997843,effect_15-20
3656,1025,Other,ACAv6a,1512,7.6026489600042035,198.87804999997843,effect_15-20
3657,1028,Other,ACAv6a,218,1.0961491225402886,198.87804999997843,effect_15-20
3658,1030,Other,ACAv6a,35,0.17598724444454175,198.87804999997843,effect_15-20
3659,1032,Other,ACAv5,1040,5.229335263494955,198.87804999997843,effect_15-20
3660,1033,Other,ACAv5,1177,5.918199620320732,198.87804999997843,effect_15-20
3661,1035,Other,ACAv5,2910,14.632082323817613,198.87804999997843,effect_15-20
3662,1036,Other,ACAv6a,248,1.2469953320641816,198.87804999997843,effect_15-20
3663,1038,Other,ACAv5,1,0.005028206984129764,198.87804999997843,effect_15-20
3664,1039,Other,ACAv6a,110,0.5531027682542741,198.87804999997843,effect_15-20
3665,1043,Other,ACAv6a,155,0.7793720825401135,198.87804999997843,effect_15-20
3666,1045,Other,ACAv6a,1108,5.5712533384157785,198.87804999997843,effect_15-20
3667,1052,Other,ACAv6a,728,3.6605346844464686,198.87804999997843,effect_15-20
3668,1055,Other,ACAv6a,48,0.24135393523822868,198.87804999997843,effect_15-20
3669,1057,Other,ACAv6a,3849,19.353568681915462,198.87804999997843,effect_15-20
3670,1058,Other,ACAv6a,2079,10.45364232000578,198.87804999997843,effect_15-20
3671,1061,Other,ACAv6a,3,0.015084620952389292,198.87804999997843,effect_15-20
3672,1062,Other,ACAv6a,1336,6.717684530797365,198.87804999997843,effect_15-20
3673,1066,Other,ACAv6a,34,0.170959037460412,198.87804999997843,effect_15-20
3674,1069,Other,ACAv6a,245,1.2319107111117922,198.87804999997843,effect_15-20
3675,1073,Other,ACAv6a,124,0.6234976660320908,198.87804999997843,effect_15-20
3676,1074,Other,ACAv6a,194,0.9754721549211742,198.87804999997843,effect_15-20
3677,1075,Other,ACAv6a,10627,53.434755620347005,198.87804999997843,effect_15-20
3678,1083,Other,ACAv6a,473,2.3783419034933786,198.87804999997843,effect_15-20
3679,1085,Other,ACAv6a,7,0.03519744888890835,198.87804999997843,effect_15-20
3680,1086,Other,ACAv6a,2558,12.862153465403937,198.87804999997843,effect_15-20
3681,1090,Other,ACAv6a,1564,7.864115723178951,198.87804999997843,effect_15-20
3682,1091,Other,ACAv6a,294,1.4782928533341506,198.87804999997843,effect_15-20
3683,1092,Other,ACAv6a,610,3.067206260319156,198.87804999997843,effect_15-20
3684,1093,Other,ACAv6a,24,0.12067696761911434,198.87804999997843,effect_15-20
3685,1094,Other,ACAv6a,42,0.2111846933334501,198.87804999997843,effect_15-20
3686,1095,Other,ACAv6a,92,0.46259504253993833,198.87804999997843,effect_15-20
3687,1098,Other,ACAv6a,618,3.107431916192194,198.87804999997843,effect_15-20
3688,1100,Other,ACAv6a,11,0.055310276825427405,198.87804999997843,effect_15-20
3689,1102,Other,ACAv6a,1868,9.3926906463544,198.87804999997843,effect_15-20
3690,1104,Other,ACAv6a,493,2.4789060431759737,198.87804999997843,effect_15-20
3691,1105,Other,ACAd6a,34,0.170959037460412,198.87804999997843,effect_15-20
3692,1107,Other,ACAd6a,352,1.769928858413677,198.87804999997843,effect_15-20
3693,1109,Other,ACAd6a,484,2.433652180318806,198.87804999997843,effect_15-20
3694,1110,Other,ACAd6a,132,0.6637233219051288,198.87804999997843,effect_15-20
3695,1112,Other,ACAd6a,1728,8.688741668576233,198.87804999997843,effect_15-20
3696,1113,Other,ACAd6a,1,0.005028206984129764,198.87804999997843,effect_15-20
3697,1115,Other,ACAd6a,224,1.1263183644450672,198.87804999997843,effect_15-20
3698,1118,Other,ACAd6a,1,0.005028206984129764,198.87804999997843,effect_15-20
3699,1119,Other,ACAd6a,9,0.04525386285716788,198.87804999997843,effect_15-20
3700,1120,Other,ACAd6a,1102,5.541084096511,198.87804999997843,effect_15-20
3701,1121,Other,ACAd6a,442,2.222467486985356,198.87804999997843,effect_15-20
3702,1124,Other,ACAd6a,806,4.05273482920859,198.87804999997843,effect_15-20
3703,1126,Other,ACAd6a,185,0.9302182920640064,198.87804999997843,effect_15-20
3704,1127,Other,ACAd6a,207,1.0408388457148612,198.87804999997843,effect_15-20
3705,1128,Other,ACAd6a,472,2.3733136965092485,198.87804999997843,effect_15-20
3706,1129,Other,ACAd6a,9,0.04525386285716788,198.87804999997843,effect_15-20
3707,1130,Other,ACAd6a,800,4.022565587303811,198.87804999997843,effect_15-20
3708,1131,Other,ACAd6a,113,0.5681873892066633,198.87804999997843,effect_15-20
3709,1132,Other,ACAd6a,99,0.4977924914288467,198.87804999997843,effect_15-20
3710,1134,Other,ACAd6a,219,1.1011773295244183,198.87804999997843,effect_15-20
3711,1142,Other,ACAd6a,52,0.26146676317474776,198.87804999997843,effect_15-20
3712,1143,Other,ACAd6a,228,1.1464311923815862,198.87804999997843,effect_15-20
3713,1145,Other,ACAd6a,357,1.7950698933343259,198.87804999997843,effect_15-20
3714,1148,Other,ACAd6a,821,4.128157933970536,198.87804999997843,effect_15-20
3715,1149,Other,ACAd6a,1,0.005028206984129764,198.87804999997843,effect_15-20
3716,1152,Other,ACAd6a,683,3.434265370160629,198.87804999997843,effect_15-20
3717,1154,Other,ACAd6a,228,1.1464311923815862,198.87804999997843,effect_15-20
3718,1156,Other,ACAd6a,770,3.8717193777799186,198.87804999997843,effect_15-20
3719,1161,Other,ACAd6a,362,1.8202109282549745,198.87804999997843,effect_15-20
3720,1163,Other,ACAd6a,6,0.030169241904778585,198.87804999997843,effect_15-20
3721,1164,Other,ACAd6a,17,0.085479518730206,198.87804999997843,effect_15-20
3722,1165,Other,ACAd6a,153,0.769315668571854,198.87804999997843,effect_15-20
3723,1167,Motor,MOs6a,278,1.3978415415880745,198.87804999997843,effect_15-20
3724,1168,Motor,MOs6a,657,3.3035319885732553,198.87804999997843,effect_15-20
3725,1169,Motor,MOs6a,250,1.257051746032441,198.87804999997843,effect_15-20
3726,1176,Motor,MOs6a,151,0.7592592546035944,198.87804999997843,effect_15-20
3727,1178,Motor,MOs6a,77,0.38717193777799186,198.87804999997843,effect_15-20
3728,1180,Motor,MOs6a,384,1.9308314819058294,198.87804999997843,effect_15-20
3729,1182,Motor,MOs6a,626,3.1476575720652322,198.87804999997843,effect_15-20
3730,1185,Motor,MOs6a,170,0.8547951873020599,198.87804999997843,effect_15-20
3731,1187,Motor,MOs6a,1,0.005028206984129764,198.87804999997843,effect_15-20
3732,1200,Motor,MOs6a,1184,5.9533970692096405,198.87804999997843,effect_15-20
3733,1201,Motor,MOs6a,114,0.5732155961907931,198.87804999997843,effect_15-20
3734,1202,Motor,MOs6a,0,0.0,198.87804999997843,effect_15-20
3735,1203,Motor,MOs6a,733,3.6856757193671172,198.87804999997843,effect_15-20
3736,1204,Motor,MOs6a,968,4.867304360637612,198.87804999997843,effect_15-20
3737,1207,Motor,MOs6a,2088,10.498896182862948,198.87804999997843,effect_15-20
3738,1208,Motor,MOs5,2570,12.922491949213494,198.87804999997843,effect_15-20
3739,1209,Motor,MOs5,969,4.872332567621742,198.87804999997843,effect_15-20
3740,1215,Motor,MOs5,54,0.2715231771430073,198.87804999997843,effect_15-20
3741,1221,Motor,MOs5,11,0.055310276825427405,198.87804999997843,effect_15-20
3742,1224,Motor,MOs5,313,1.5738287860326161,198.87804999997843,effect_15-20
3743,1228,Motor,MOs5,1191,5.988594518098549,198.87804999997843,effect_15-20
3744,1230,Motor,MOs5,272,1.367672299683296,198.87804999997843,effect_15-20
3745,1233,Motor,MOs5,1419,7.135025710480136,198.87804999997843,effect_15-20
3746,1235,Motor,MOs5,1360,6.8383614984164796,198.87804999997843,effect_15-20
3747,1236,Motor,MOs5,832,4.183468210795964,198.87804999997843,effect_15-20
3748,1237,Motor,MOs5,1523,7.6579592368296305,198.87804999997843,effect_15-20
3749,1239,Motor,MOs5,142,0.7140053917464265,198.87804999997843,effect_15-20
3750,1240,Motor,MOs5,1808,9.090998227306613,198.87804999997843,effect_15-20
3751,1246,Motor,MOs5,1108,5.5712533384157785,198.87804999997843,effect_15-20
3752,1248,Motor,MOs5,4,0.020112827936519057,198.87804999997843,effect_15-20
3753,1249,Motor,MOs5,67,0.33688986793669423,198.87804999997843,effect_15-20
3754,1250,Motor,MOs5,383,1.9258032749216998,198.87804999997843,effect_15-20
3755,1254,STR,LSr,427,2.1470443822234095,198.87804999997843,effect_15-20
3756,1255,STR,LSr,62,0.3117488330160454,198.87804999997843,effect_15-20
3757,1256,STR,LSr,184,0.9251900850798767,198.87804999997843,effect_15-20
3758,1259,STR,LSr,125,0.6285258730162205,198.87804999997843,effect_15-20
3759,1261,STR,LSr,216,1.086092708572029,198.87804999997843,effect_15-20
3760,1263,STR,LSr,38,0.19107186539693105,198.87804999997843,effect_15-20
3761,1264,STR,LSr,71,0.35700269587321326,198.87804999997843,effect_15-20
3762,1267,STR,LSr,150,0.7542310476194647,198.87804999997843,effect_15-20
3763,1269,STR,LSr,579,2.9113318438111335,198.87804999997843,effect_15-20
3764,1270,STR,LSr,266,1.3375030577785172,198.87804999997843,effect_15-20
3765,1271,STR,LSr,932,4.68628890920894,198.87804999997843,effect_15-20
3766,1272,STR,LSr,52,0.26146676317474776,198.87804999997843,effect_15-20
3767,1274,STR,LSr,818,4.113073313018147,198.87804999997843,effect_15-20
3768,1275,STR,STR,1,0.005028206984129764,198.87804999997843,effect_15-20
3769,1280,STR,LSr,173,0.8698798082544492,198.87804999997843,effect_15-20
3770,1281,STR,LSr,1169,5.877973964447694,198.87804999997843,effect_15-20
3771,1282,STR,LSr,112,0.5631591822225336,198.87804999997843,effect_15-20
3772,1283,STR,LSr,107,0.5380181473018848,198.87804999997843,effect_15-20
3773,1284,STR,LSr,462,2.323031626667951,198.87804999997843,effect_15-20
3774,1286,STR,STR,47,0.23632572825409892,198.87804999997843,effect_15-20
3775,1287,STR,STR,471,2.368285489525119,198.87804999997843,effect_15-20
3776,1289,STR,STR,437,2.197326452064707,198.87804999997843,effect_15-20
3777,1290,STR,STR,2,0.010056413968259528,198.87804999997843,effect_15-20
3778,1291,STR,STR,0,0.0,198.87804999997843,effect_15-20
3779,1295,Other,ACAv6a,118,0.5933284241273121,198.87804999997843,effect_15-20
3780,1296,Other,ACAv6a,13,0.06536669079368694,198.87804999997843,effect_15-20
3781,1298,Other,ACAv6a,98,0.49276428444471687,198.87804999997843,effect_15-20
3782,1301,Other,ACAv6a,11,0.055310276825427405,198.87804999997843,effect_15-20
3783,1303,Other,ACAv6a,508,2.55432914793792,198.87804999997843,effect_15-20
3784,1304,Other,ACAv6a,0,0.0,198.87804999997843,effect_15-20
3785,1306,Other,ACAv6a,14,0.0703948977778167,198.87804999997843,effect_15-20
3786,1307,Other,ACAv6a,12,0.06033848380955717,198.87804999997843,effect_15-20
3787,1308,Other,ACAv6a,951,4.781824841907405,198.87804999997843,effect_15-20
3788,1311,Other,ACAd6a,153,0.769315668571854,198.87804999997843,effect_15-20
3789,1312,Other,ACAd6a,7,0.03519744888890835,198.87804999997843,effect_15-20
3790,1313,Other,ACAd6a,1,0.005028206984129764,198.87804999997843,effect_15-20
3791,1314,Other,ACAd6a,687,3.454378198097148,198.87804999997843,effect_15-20
3792,1317,Motor,MOs6a,7,0.03519744888890835,198.87804999997843,effect_15-20
3793,1318,Motor,MOs6a,540,2.715231771430073,198.87804999997843,effect_15-20
3794,1321,Motor,MOs6a,71,0.35700269587321326,198.87804999997843,effect_15-20
3795,1322,Motor,MOs5,12,0.06033848380955717,198.87804999997843,effect_15-20
3796,1323,Motor,MOs5,3,0.015084620952389292,198.87804999997843,effect_15-20
3797,1328,Motor,MOs5,344,1.729703202540639,198.87804999997843,effect_15-20
3798,1329,Motor,MOs5,5,0.02514103492064882,198.87804999997843,effect_15-20
3799,1330,Motor,MOs5,7,0.03519744888890835,198.87804999997843,effect_15-20
3800,1331,STR,LSr,463,2.328059833652081,198.87804999997843,effect_15-20
3801,1332,STR,LSr,95,0.4776796634923276,198.87804999997843,effect_15-20
3802,1334,STR,STR,817,4.108045106034018,198.87804999997843,effect_15-20
3803,1335,STR,STR,474,2.3833701104775082,198.87804999997843,effect_15-20
3804,1336,STR,LSr,1291,6.491415216511526,198.87804999997843,effect_15-20
3805,1337,Other,ccg,2,0.010056413968259528,198.87804999997843,effect_15-20
3806,1339,Other,ACAd6a,727,3.6555064774623385,198.87804999997843,effect_15-20
3807,1340,Other,ACAd6a,202,1.0156978107942123,198.87804999997843,effect_15-20
3808,1341,Other,ACAd6a,4,0.020112827936519057,198.87804999997843,effect_15-20
3809,1342,Motor,MOs6a,0,0.0,198.87804999997843,effect_15-20
3810,1345,Motor,MOs5,19,0.09553593269846553,198.87804999997843,effect_15-20
3811,1347,STR,STR,0,0.0,198.87804999997843,effect_15-20
3812,1348,STR,LSr,28,0.1407897955556334,198.87804999997843,effect_15-20
3813,1349,STR,STR,36,0.1810154514286715,198.87804999997843,effect_15-20
3814,1350,Other,ACAv6a,542,2.725288185398332,198.87804999997843,effect_15-20
3815,1351,Other,ACAv6a,111,0.5581309752384038,198.87804999997843,effect_15-20
3816,1354,Motor,MOs5,783,3.9370860685736053,198.87804999997843,effect_15-20
3817,1356,Motor,MOs5,15,0.07542310476194647,198.87804999997843,effect_15-20
3818,1358,STR,LSr,2,0.010056413968259528,198.87804999997843,effect_15-20
3819,1360,Motor,MOs5,27,0.13576158857150364,198.87804999997843,effect_15-20
3820,1361,Motor,MOs5,0,0.0,198.87804999997843,effect_15-20
3821,1362,Motor,MOs5,6,0.030169241904778585,198.87804999997843,effect_15-20
3822,0,Thalamus,MD,369,2.0206913316232114,182.61076999998022,effect_20-25
3823,1,Thalamus,MD,223,1.2211766042058974,182.61076999998022,effect_20-25
3824,2,Thalamus,MD,1303,7.135395135786028,182.61076999998022,effect_20-25
3825,3,Thalamus,MD,776,4.249475537505724,182.61076999998022,effect_20-25
3826,4,Thalamus,MD,1519,8.318238842102055,182.61076999998022,effect_20-25
3827,5,Thalamus,IAD,2578,14.117458680012572,182.61076999998022,effect_20-25
3828,6,Thalamus,IAD,1776,9.725603807487326,182.61076999998022,effect_20-25
3829,7,Thalamus,MD,912,4.9942289822232215,182.61076999998022,effect_20-25
3830,8,Thalamus,MD,1505,8.241573046322312,182.61076999998022,effect_20-25
3831,11,Thalamus,MD,73,0.399757363708657,182.61076999998022,effect_20-25
3832,13,Thalamus,MD,1703,9.32584644377867,182.61076999998022,effect_20-25
3833,14,Thalamus,MD,22,0.12047482193959526,182.61076999998022,effect_20-25
3834,16,Thalamus,MD,960,5.257083139182338,182.61076999998022,effect_20-25
3835,17,Thalamus,MD,21,0.11499869366961366,182.61076999998022,effect_20-25
3836,18,Thalamus,MD,775,4.243999409235742,182.61076999998022,effect_20-25
3837,19,Thalamus,MD,1945,10.651069485114217,182.61076999998022,effect_20-25
3838,21,Thalamus,MD,898,4.917563186443479,182.61076999998022,effect_20-25
3839,22,Thalamus,MD,1257,6.883493235366874,182.61076999998022,effect_20-25
3840,23,Thalamus,MD,1753,9.59965285727775,182.61076999998022,effect_20-25
3841,25,Thalamus,MD,3047,16.68576283863394,182.61076999998022,effect_20-25
3842,26,Thalamus,MD,743,4.068763304596331,182.61076999998022,effect_20-25
3843,28,Thalamus,MD,2794,15.300302386328598,182.61076999998022,effect_20-25
3844,29,Thalamus,MD,963,5.273511523992283,182.61076999998022,effect_20-25
3845,31,Thalamus,MD,314,1.7195042767742232,182.61076999998022,effect_20-25
3846,33,Thalamus,MD,895,4.9011348016335345,182.61076999998022,effect_20-25
3847,35,Thalamus,MD,2133,11.680581599870758,182.61076999998022,effect_20-25
3848,37,Thalamus,MD,231,1.26498563036575,182.61076999998022,effect_20-25
3849,39,Thalamus,MD,235,1.2868901434456765,182.61076999998022,effect_20-25
3850,40,Thalamus,MD,658,3.603292401647894,182.61076999998022,effect_20-25
3851,43,Thalamus,MD,2197,12.031053809149581,182.61076999998022,effect_20-25
3852,44,Thalamus,MD,966,5.289939908802228,182.61076999998022,effect_20-25
3853,46,Thalamus,MD,2416,13.230325900275552,182.61076999998022,effect_20-25
3854,47,Thalamus,MD,1092,5.97993207081991,182.61076999998022,effect_20-25
3855,48,Thalamus,MD,2217,12.140576374549212,182.61076999998022,effect_20-25
3856,49,Thalamus,MD,822,4.501377437924877,182.61076999998022,effect_20-25
3857,50,Thalamus,MD,1424,7.7980066564538015,182.61076999998022,effect_20-25
3858,53,Thalamus,MD,2000,10.952256539963205,182.61076999998022,effect_20-25
3859,54,Thalamus,MD,938,5.136608317242743,182.61076999998022,effect_20-25
3860,57,Thalamus,MD,1274,6.976587415956562,182.61076999998022,effect_20-25
3861,58,Thalamus,MD,2545,13.936746447103179,182.61076999998022,effect_20-25
3862,60,Thalamus,MD,692,3.789480762827269,182.61076999998022,effect_20-25
3863,63,Thalamus,MD,336,1.8399790987138185,182.61076999998022,effect_20-25
3864,65,Thalamus,MD,3454,18.914547044516453,182.61076999998022,effect_20-25
3865,66,Thalamus,MD,1933,10.585355945874438,182.61076999998022,effect_20-25
3866,67,Thalamus,MD,831,4.550662592354712,182.61076999998022,effect_20-25
3867,68,Thalamus,MD,1100,6.023741096979763,182.61076999998022,effect_20-25
3868,70,Thalamus,MD,236,1.292366271715658,182.61076999998022,effect_20-25
3869,71,Thalamus,MD,330,1.807122329093929,182.61076999998022,effect_20-25
3870,73,Thalamus,MD,848,4.643756772944399,182.61076999998022,effect_20-25
3871,74,Thalamus,MD,4312,23.61306510016067,182.61076999998022,effect_20-25
3872,75,Thalamus,MD,1518,8.312762713832072,182.61076999998022,effect_20-25
3873,76,Thalamus,MD,949,5.196845728212541,182.61076999998022,effect_20-25
3874,77,Thalamus,MD,2020,11.061779105362836,182.61076999998022,effect_20-25
3875,78,Thalamus,MD,1683,9.216323878379036,182.61076999998022,effect_20-25
3876,79,Thalamus,MD,1866,10.21845535178567,182.61076999998022,effect_20-25
3877,80,Thalamus,MD,61,0.33404382446887776,182.61076999998022,effect_20-25
3878,83,Thalamus,MD,1013,5.547317937491363,182.61076999998022,effect_20-25
3879,84,Thalamus,MD,1927,10.552499176254548,182.61076999998022,effect_20-25
3880,86,Thalamus,MD,414,2.2671171037723834,182.61076999998022,effect_20-25
3881,89,Thalamus,MD,1704,9.33132257204865,182.61076999998022,effect_20-25
3882,90,Thalamus,MD,865,4.736850953534086,182.61076999998022,effect_20-25
3883,91,Thalamus,MD,553,3.0282989332998262,182.61076999998022,effect_20-25
3884,92,Thalamus,MD,978,5.355653448042007,182.61076999998022,effect_20-25
3885,93,Thalamus,MD,320,1.7523610463941128,182.61076999998022,effect_20-25
3886,95,Thalamus,MD,128,0.7009444185576451,182.61076999998022,effect_20-25
3887,96,Thalamus,MD,643,3.5211504775981703,182.61076999998022,effect_20-25
3888,99,Thalamus,MD,387,2.1192616404828803,182.61076999998022,effect_20-25
3889,101,Thalamus,MD,95,0.5202321856482522,182.61076999998022,effect_20-25
3890,104,Thalamus,MD,694,3.800433019367232,182.61076999998022,effect_20-25
3891,127,Other,DG-mo,2186,11.970816398179783,182.61076999998022,effect_20-25
3892,129,Other,DG-mo,14,0.07666579577974243,182.61076999998022,effect_20-25
3893,131,Other,DG-mo,167,0.9145134210869276,182.61076999998022,effect_20-25
3894,132,Other,DG-sg,1765,9.665366396517529,182.61076999998022,effect_20-25
3895,133,Other,DG-sg,1163,6.368737177988604,182.61076999998022,effect_20-25
3896,135,Other,DG-sg,335,1.834502970443837,182.61076999998022,effect_20-25
3897,137,Other,DG-sg,13,0.07118966750976083,182.61076999998022,effect_20-25
3898,139,Other,DG-sg,33,0.1807122329093929,182.61076999998022,effect_20-25
3899,141,Other,DG-sg,18,0.09857030885966885,182.61076999998022,effect_20-25
3900,143,Other,DG-sg,346,1.8947403814136345,182.61076999998022,effect_20-25
3901,145,Other,DG-sg,44,0.24094964387919052,182.61076999998022,effect_20-25
3902,149,Other,DG-po,18,0.09857030885966885,182.61076999998022,effect_20-25
3903,152,Other,CA3,20,0.10952256539963205,182.61076999998022,effect_20-25
3904,157,Other,CA3,1818,9.955601194826553,182.61076999998022,effect_20-25
3905,164,Other,CA3,174,0.9528463189767988,182.61076999998022,effect_20-25
3906,166,Other,CA3,9,0.04928515442983442,182.61076999998022,effect_20-25
3907,181,Other,CA1,836,4.578043233704619,182.61076999998022,effect_20-25
3908,182,Other,CA1,3873,21.209044789638746,182.61076999998022,effect_20-25
3909,188,Other,CA1,220,1.2047482193959524,182.61076999998022,effect_20-25
3910,201,Other,RSPd6a,465,2.5463996455414453,182.61076999998022,effect_20-25
3911,202,Other,RSPagl6a,18,0.09857030885966885,182.61076999998022,effect_20-25
3912,204,Other,RSPagl6a,211,1.1554630649661182,182.61076999998022,effect_20-25
3913,210,Other,RSPagl5,869,4.758755466614012,182.61076999998022,effect_20-25
3914,211,Other,RSPagl5,983,5.3830340893919155,182.61076999998022,effect_20-25
3915,213,Other,RSPagl5,1818,9.955601194826553,182.61076999998022,effect_20-25
3916,214,Other,RSPagl5,77,0.4216618767885834,182.61076999998022,effect_20-25
3917,215,Other,RSPagl5,705,3.86067043033703,182.61076999998022,effect_20-25
3918,216,Other,RSPagl5,77,0.4216618767885834,182.61076999998022,effect_20-25
3919,217,Other,RSPagl5,1288,7.053253211736304,182.61076999998022,effect_20-25
3920,219,Other,RSPagl5,1194,6.5384971543580335,182.61076999998022,effect_20-25
3921,220,Other,RSPagl5,346,1.8947403814136345,182.61076999998022,effect_20-25
3922,222,Other,RSPagl5,1599,8.756329103700581,182.61076999998022,effect_20-25
3923,224,Other,RSPagl5,786,4.304236820205539,182.61076999998022,effect_20-25
3924,225,Other,RSPagl5,1615,8.843947156020288,182.61076999998022,effect_20-25
3925,227,Other,RSPagl5,138,0.7557057012574612,182.61076999998022,effect_20-25
3926,232,Other,RSPagl2/3,2716,14.873164381270032,182.61076999998022,effect_20-25
3927,233,Thalamus,MD,1506,8.247049174592293,182.61076999998022,effect_20-25
3928,234,Thalamus,MD,374,2.048071972973119,182.61076999998022,effect_20-25
3929,235,Thalamus,MD,1190,6.516592641278107,182.61076999998022,effect_20-25
3930,236,Thalamus,MD,600,3.2856769619889614,182.61076999998022,effect_20-25
3931,237,Thalamus,MD,932,5.103751547622854,182.61076999998022,effect_20-25
3932,238,Thalamus,MD,1141,6.2482623560490085,182.61076999998022,effect_20-25
3933,239,Thalamus,MD,370,2.026167459893193,182.61076999998022,effect_20-25
3934,241,Thalamus,MD,639,3.499245964518244,182.61076999998022,effect_20-25
3935,242,Thalamus,MD,1143,6.259214612588972,182.61076999998022,effect_20-25
3936,244,Thalamus,MD,458,2.508066747651574,182.61076999998022,effect_20-25
3937,245,Thalamus,MD,499,2.7325880067208197,182.61076999998022,effect_20-25
3938,250,Other,DG-mo,48,0.2628541569591169,182.61076999998022,effect_20-25
3939,252,Other,DG-sg,5,0.027380641349908013,182.61076999998022,effect_20-25
3940,253,Other,DG-sg,4,0.02190451307992641,182.61076999998022,effect_20-25
3941,254,Other,DG-sg,55,0.3011870548489881,182.61076999998022,effect_20-25
3942,256,Other,DG-sg,0,0.0,182.61076999998022,effect_20-25
3943,258,Other,CA3,1234,6.757542285157298,182.61076999998022,effect_20-25
3944,259,Other,CA3,435,2.382115797441997,182.61076999998022,effect_20-25
3945,260,Other,CA3,18,0.09857030885966885,182.61076999998022,effect_20-25
3946,263,Other,RSPagl5,1282,7.0203964421164144,182.61076999998022,effect_20-25
3947,265,Other,RSPagl5,27,0.14785546328950327,182.61076999998022,effect_20-25
3948,268,Thalamus,MD,1245,6.817779696127095,182.61076999998022,effect_20-25
3949,270,Other,DG-sg,0,0.0,182.61076999998022,effect_20-25
3950,273,Other,RSPagl5,71,0.38880510716869376,182.61076999998022,effect_20-25
3951,274,Other,RSPagl5,227,1.2430811172858238,182.61076999998022,effect_20-25
3952,276,Other,CA3,7,0.038332897889871216,182.61076999998022,effect_20-25
3953,277,Other,DG-po,83,0.454518646408473,182.61076999998022,effect_20-25
3954,280,Other,SPFp,66,0.3614244658187858,182.61076999998022,effect_20-25
3955,292,Other,MB,836,4.578043233704619,182.61076999998022,effect_20-25
3956,293,Other,MB,532,2.9133002396302126,182.61076999998022,effect_20-25
3957,335,Other,APN,5986,32.78010382410987,182.61076999998022,effect_20-25
3958,358,Other,APN,133,0.7283250599075531,182.61076999998022,effect_20-25
3959,359,Other,APN,7985,43.7268842358031,182.61076999998022,effect_20-25
3960,384,Other,APN,36,0.1971406177193377,182.61076999998022,effect_20-25
3961,386,Other,APN,3,0.016428384809944806,182.61076999998022,effect_20-25
3962,388,Other,APN,220,1.2047482193959524,182.61076999998022,effect_20-25
3963,390,Other,APN,3430,18.783119966036896,182.61076999998022,effect_20-25
3964,395,Other,MB,350,1.9166448944935608,182.61076999998022,effect_20-25
3965,396,Other,APN,2788,15.267445616708708,182.61076999998022,effect_20-25
3966,399,Other,MB,122,0.6680876489377555,182.61076999998022,effect_20-25
3967,400,Other,DG-mo,245,1.3416514261454926,182.61076999998022,effect_20-25
3968,402,Other,POST,205,1.1226062953462286,182.61076999998022,effect_20-25
3969,410,Other,SUB,618,3.3842472708486304,182.61076999998022,effect_20-25
3970,425,Other,VISp6a,7,0.038332897889871216,182.61076999998022,effect_20-25
3971,426,Other,VISp6a,60,0.32856769619889614,182.61076999998022,effect_20-25
3972,427,Other,VISp6a,556,3.044727318109771,182.61076999998022,effect_20-25
3973,430,Other,VISp6a,550,3.0118705484898816,182.61076999998022,effect_20-25
3974,431,Other,VISp6a,85,0.4654709029484362,182.61076999998022,effect_20-25
3975,432,Other,VISp5,1301,7.124442879246065,182.61076999998022,effect_20-25
3976,433,Other,VISp6a,306,1.6756952506143703,182.61076999998022,effect_20-25
3977,436,Other,VISp6a,1710,9.36417934166854,182.61076999998022,effect_20-25
3978,437,Other,VISp5,241,1.3197469130655661,182.61076999998022,effect_20-25
3979,439,Other,VISp5,322,1.763313302934076,182.61076999998022,effect_20-25
3980,440,Other,VISp5,24,0.13142707847955845,182.61076999998022,effect_20-25
3981,442,Other,VISp5,1223,6.6973048741875,182.61076999998022,effect_20-25
3982,443,Other,VISp5,1411,7.726816988944041,182.61076999998022,effect_20-25
3983,444,Other,VISp5,1768,9.681794781327474,182.61076999998022,effect_20-25
3984,445,Other,VISp5,953,5.218750241292467,182.61076999998022,effect_20-25
3985,446,Other,VISp5,1351,7.398249292745145,182.61076999998022,effect_20-25
3986,447,Other,VISp5,361,1.9768823054633584,182.61076999998022,effect_20-25
3987,449,Other,VISp5,1242,6.80135131131715,182.61076999998022,effect_20-25
3988,452,Other,VISp5,382,2.091880999132972,182.61076999998022,effect_20-25
3989,453,Other,VISp5,815,4.463044540035006,182.61076999998022,effect_20-25
3990,455,Other,VISp5,1525,8.351095611721943,182.61076999998022,effect_20-25
3991,456,Other,VISp5,1175,6.4344507172283825,182.61076999998022,effect_20-25
3992,457,Other,VISp5,447,2.4478293366817763,182.61076999998022,effect_20-25
3993,458,Other,VISp5,463,2.535447389001482,182.61076999998022,effect_20-25
3994,459,Other,VISp5,745,4.079715561136294,182.61076999998022,effect_20-25
3995,460,Other,VISp5,646,3.537578862408115,182.61076999998022,effect_20-25
3996,466,Other,VISp5,486,2.661398339211059,182.61076999998022,effect_20-25
3997,469,Other,VISp5,263,1.4402217350051614,182.61076999998022,effect_20-25
3998,472,Other,VISp5,180,0.9857030885966884,182.61076999998022,effect_20-25
3999,478,Other,VISp5,142,0.7776102143373875,182.61076999998022,effect_20-25
4000,479,Other,VISp5,361,1.9768823054633584,182.61076999998022,effect_20-25
4001,485,Other,VISp4,37,0.20261674598931928,182.61076999998022,effect_20-25
4002,488,Other,VISp4,49,0.2683302852290985,182.61076999998022,effect_20-25
4003,489,Other,VISp4,228,1.2485572455558054,182.61076999998022,effect_20-25
4004,492,Other,VISp4,223,1.2211766042058974,182.61076999998022,effect_20-25
4005,493,Other,VISp4,192,1.0514166278364676,182.61076999998022,effect_20-25
4006,494,Other,VISp4,19,0.10404643712965045,182.61076999998022,effect_20-25
4007,495,Other,VISp4,117,0.6407070075878475,182.61076999998022,effect_20-25
4008,497,Other,VISp2/3,118,0.646183135857829,182.61076999998022,effect_20-25
4009,498,Other,VISp2/3,39,0.2135690025292825,182.61076999998022,effect_20-25
4010,500,Other,VISp4,1435,7.858244067423599,182.61076999998022,effect_20-25
4011,502,Other,VISp2/3,34,0.18618836117937448,182.61076999998022,effect_20-25
4012,504,Other,VISp2/3,179,0.9802269603267069,182.61076999998022,effect_20-25
4013,520,Other,APN,193,1.0568927561064492,182.61076999998022,effect_20-25
4014,521,Other,APN,30,0.16428384809944807,182.61076999998022,effect_20-25
4015,523,Other,APN,2683,14.692452148360639,182.61076999998022,effect_20-25
4016,525,Other,APN,231,1.26498563036575,182.61076999998022,effect_20-25
4017,530,Other,VISp4,73,0.399757363708657,182.61076999998022,effect_20-25
4018,533,Other,VISp4,3,0.016428384809944806,182.61076999998022,effect_20-25
4019,535,Other,VISp2/3,30,0.16428384809944807,182.61076999998022,effect_20-25
4020,536,Other,VISp2/3,235,1.2868901434456765,182.61076999998022,effect_20-25
4021,537,Other,VISp2/3,65,0.3559483375488042,182.61076999998022,effect_20-25
4022,538,Other,VISp2/3,18,0.09857030885966885,182.61076999998022,effect_20-25
4023,545,Other,VISp4,83,0.454518646408473,182.61076999998022,effect_20-25
4024,547,Thalamus,VPL,1981,10.848210102833555,182.61076999998022,effect_20-25
4025,550,Thalamus,VPL,481,2.6340176978611507,182.61076999998022,effect_20-25
4026,552,Thalamus,VPL,2433,13.323420080865239,182.61076999998022,effect_20-25
4027,553,Thalamus,VPL,2149,11.768199652190464,182.61076999998022,effect_20-25
4028,558,Thalamus,VPL,1915,10.48678563701477,182.61076999998022,effect_20-25
4029,561,Thalamus,VPL,3165,17.33194597449177,182.61076999998022,effect_20-25
4030,562,Thalamus,VPL,2458,13.460323287614779,182.61076999998022,effect_20-25
4031,564,Thalamus,VPL,1244,6.812303567857113,182.61076999998022,effect_20-25
4032,565,Thalamus,VPL,1633,8.942517464879957,182.61076999998022,effect_20-25
4033,567,Thalamus,VPL,1974,10.809877204943684,182.61076999998022,effect_20-25
4034,568,Thalamus,VPL,2,0.010952256539963205,182.61076999998022,effect_20-25
4035,572,Thalamus,VPL,2280,12.485572455558053,182.61076999998022,effect_20-25
4036,575,Thalamus,VPL,3,0.016428384809944806,182.61076999998022,effect_20-25
4037,576,Thalamus,VPL,958,5.246130882642375,182.61076999998022,effect_20-25
4038,579,Thalamus,VPL,2901,15.886248111216629,182.61076999998022,effect_20-25
4039,581,Thalamus,VPL,1325,7.255869957725623,182.61076999998022,effect_20-25
4040,583,Thalamus,VPL,528,2.8913957265502863,182.61076999998022,effect_20-25
4041,584,Thalamus,VPL,1747,9.56679608765786,182.61076999998022,effect_20-25
4042,585,Thalamus,VPL,1292,7.07515772481623,182.61076999998022,effect_20-25
4043,586,Thalamus,VPL,70,0.38332897889871215,182.61076999998022,effect_20-25
4044,589,Thalamus,VPL,2090,11.44510808426155,182.61076999998022,effect_20-25
4045,590,Thalamus,VPL,2448,13.405562004914962,182.61076999998022,effect_20-25
4046,591,Thalamus,VPL,494,2.7052073653709114,182.61076999998022,effect_20-25
4047,593,Thalamus,VPL,1049,5.744458555210701,182.61076999998022,effect_20-25
4048,594,Thalamus,VPL,1565,8.570140742521207,182.61076999998022,effect_20-25
4049,595,Thalamus,VPL,1195,6.543973282628015,182.61076999998022,effect_20-25
4050,596,Thalamus,VPL,722,3.953764610926717,182.61076999998022,effect_20-25
4051,597,Thalamus,VPL,574,3.14329762696944,182.61076999998022,effect_20-25
4052,598,Thalamus,VPL,2791,15.283874001518653,182.61076999998022,effect_20-25
4053,599,Thalamus,VPL,1050,5.749934683480682,182.61076999998022,effect_20-25
4054,600,Thalamus,VPL,1914,10.481309508744786,182.61076999998022,effect_20-25
4055,601,Thalamus,VPL,2223,12.173433144169103,182.61076999998022,effect_20-25
4056,602,Thalamus,VPL,2641,14.462454761021412,182.61076999998022,effect_20-25
4057,603,Thalamus,VPL,2437,13.345324593945165,182.61076999998022,effect_20-25
4058,607,Thalamus,VPL,1713,9.380607726478486,182.61076999998022,effect_20-25
4059,610,Thalamus,VPL,3622,19.834536593873363,182.61076999998022,effect_20-25
4060,611,Thalamus,VPL,1801,9.862507014236867,182.61076999998022,effect_20-25
4061,612,Thalamus,VPL,824,4.512329694464841,182.61076999998022,effect_20-25
4062,616,Thalamus,VPL,1537,8.416809150961724,182.61076999998022,effect_20-25
4063,617,Thalamus,VPL,564,3.088536344269624,182.61076999998022,effect_20-25
4064,618,Thalamus,VPL,990,5.421366987281786,182.61076999998022,effect_20-25
4065,620,Thalamus,VPL,1489,8.153954994002605,182.61076999998022,effect_20-25
4066,621,Thalamus,VPL,855,4.68208967083427,182.61076999998022,effect_20-25
4067,622,Thalamus,VPL,1458,7.984195017633176,182.61076999998022,effect_20-25
4068,623,Thalamus,VPL,674,3.6909104539676,182.61076999998022,effect_20-25
4069,626,Thalamus,VPL,820,4.490425181384914,182.61076999998022,effect_20-25
4070,629,Thalamus,VPL,1371,7.507771858144777,182.61076999998022,effect_20-25
4071,630,Thalamus,VPL,1458,7.984195017633176,182.61076999998022,effect_20-25
4072,632,Thalamus,VPL,609,3.334962116418796,182.61076999998022,effect_20-25
4073,633,Thalamus,VPL,1458,7.984195017633176,182.61076999998022,effect_20-25
4074,634,Thalamus,VPL,2738,14.993639203209627,182.61076999998022,effect_20-25
4075,635,Thalamus,VPL,2784,15.245541103628781,182.61076999998022,effect_20-25
4076,664,RT,RT,6682,36.59148910001707,182.61076999998022,effect_20-25
4077,667,RT,RT,315,1.7249804050442048,182.61076999998022,effect_20-25
4078,670,Other,CA3,3421,18.73383481160706,182.61076999998022,effect_20-25
4079,672,Other,or,1076,5.892314018500204,182.61076999998022,effect_20-25
4080,676,Somatosensory,SSp-bfd6a,352,1.9275971510335241,182.61076999998022,effect_20-25
4081,680,Somatosensory,SSp-bfd6a,45,0.2464257721491721,182.61076999998022,effect_20-25
4082,681,Somatosensory,SSp-bfd6a,38,0.2080928742593009,182.61076999998022,effect_20-25
4083,683,Somatosensory,SSp-bfd6a,43,0.2354735156092089,182.61076999998022,effect_20-25
4084,685,Somatosensory,SSp-bfd6a,882,4.829945134123774,182.61076999998022,effect_20-25
4085,686,Somatosensory,SSp-bfd6a,963,5.273511523992283,182.61076999998022,effect_20-25
4086,687,Somatosensory,SSp-bfd6a,239,1.308794656525603,182.61076999998022,effect_20-25
4087,690,Somatosensory,SSp-bfd6a,707,3.871622686876993,182.61076999998022,effect_20-25
4088,692,Somatosensory,SSp-bfd5,356,1.9495016641134504,182.61076999998022,effect_20-25
4089,695,Somatosensory,SSp-bfd5,764,4.183761998265944,182.61076999998022,effect_20-25
4090,696,Somatosensory,SSp-bfd5,415,2.272593232042365,182.61076999998022,effect_20-25
4091,697,Somatosensory,SSp-bfd5,1008,5.519937296141455,182.61076999998022,effect_20-25
4092,698,Somatosensory,SSp-bfd5,658,3.603292401647894,182.61076999998022,effect_20-25
4093,699,Somatosensory,SSp-bfd5,680,3.7237672235874895,182.61076999998022,effect_20-25
4094,700,Somatosensory,SSp-bfd5,363,1.9878345620033218,182.61076999998022,effect_20-25
4095,702,Somatosensory,SSp-bfd5,891,4.879230288553607,182.61076999998022,effect_20-25
4096,705,Somatosensory,SSp-bfd5,154,0.8433237535771668,182.61076999998022,effect_20-25
4097,706,Somatosensory,SSp-bfd5,875,4.791612236233902,182.61076999998022,effect_20-25
4098,707,Somatosensory,SSp-bfd5,808,4.424711642145135,182.61076999998022,effect_20-25
4099,714,Somatosensory,SSp-bfd5,50,0.27380641349908014,182.61076999998022,effect_20-25
4100,715,Somatosensory,SSp-bfd5,127,0.6954682902876635,182.61076999998022,effect_20-25
4101,716,Somatosensory,SSp-bfd5,64,0.35047220927882256,182.61076999998022,effect_20-25
4102,718,Somatosensory,SSp-bfd5,428,2.3437828995521257,182.61076999998022,effect_20-25
4103,719,Somatosensory,SSp-bfd5,1167,6.39064169106853,182.61076999998022,effect_20-25
4104,729,Thalamus,VPL,2471,13.53151295512454,182.61076999998022,effect_20-25
4105,730,Thalamus,VPL,196,1.073321140916394,182.61076999998022,effect_20-25
4106,732,Thalamus,VPL,638,3.4937698362482625,182.61076999998022,effect_20-25
4107,733,Thalamus,VPL,1305,7.146347392325991,182.61076999998022,effect_20-25
4108,734,Thalamus,VPL,685,3.7511478649373977,182.61076999998022,effect_20-25
4109,735,Thalamus,VPL,384,2.102833255672935,182.61076999998022,effect_20-25
4110,738,Thalamus,VPL,635,3.4773414514383174,182.61076999998022,effect_20-25
4111,739,Thalamus,VPL,18,0.09857030885966885,182.61076999998022,effect_20-25
4112,741,Other,or,418,2.2890216168523096,182.61076999998022,effect_20-25
4113,743,Somatosensory,SSp-bfd6a,293,1.6045055831046096,182.61076999998022,effect_20-25
4114,744,Somatosensory,SSp-bfd6a,21,0.11499869366961366,182.61076999998022,effect_20-25
4115,746,Somatosensory,SSp-bfd6a,942,5.158512830322669,182.61076999998022,effect_20-25
4116,747,Somatosensory,SSp-bfd5,40,0.2190451307992641,182.61076999998022,effect_20-25
4117,750,Somatosensory,SSp-bfd5,29,0.15880771982946648,182.61076999998022,effect_20-25
4118,751,Somatosensory,SSp-bfd4,140,0.7666579577974243,182.61076999998022,effect_20-25
4119,752,Somatosensory,SSp-bfd6a,36,0.1971406177193377,182.61076999998022,effect_20-25
4120,757,Somatosensory,SSp-bfd5,382,2.091880999132972,182.61076999998022,effect_20-25
4121,761,STR,LSr,2029,11.111064259792672,182.61076999998022,effect_20-25
4122,763,STR,LSr,709,3.882574943416956,182.61076999998022,effect_20-25
4123,766,STR,LSr,128,0.7009444185576451,182.61076999998022,effect_20-25
4124,768,STR,LSr,877,4.8025644927738655,182.61076999998022,effect_20-25
4125,769,STR,LSr,250,1.3690320674954006,182.61076999998022,effect_20-25
4126,771,STR,LSr,68,0.37237672235874897,182.61076999998022,effect_20-25
4127,773,STR,LSr,5436,29.76823327561999,182.61076999998022,effect_20-25
4128,774,STR,LSr,262,1.4347456067351798,182.61076999998022,effect_20-25
4129,775,STR,LSr,668,3.6580536843477103,182.61076999998022,effect_20-25
4130,777,STR,LSr,43,0.2354735156092089,182.61076999998022,effect_20-25
4131,778,STR,LSr,82,0.4490425181384914,182.61076999998022,effect_20-25
4132,779,STR,LSr,548,3.000918291949918,182.61076999998022,effect_20-25
4133,780,STR,LSr,43,0.2354735156092089,182.61076999998022,effect_20-25
4134,781,STR,LSr,1018,5.5746985788412715,182.61076999998022,effect_20-25
4135,783,STR,LSr,500,2.7380641349908013,182.61076999998022,effect_20-25
4136,784,STR,LSr,233,1.2759378869057134,182.61076999998022,effect_20-25
4137,785,STR,LSr,272,1.4895068894349959,182.61076999998022,effect_20-25
4138,786,STR,LSr,2433,13.323420080865239,182.61076999998022,effect_20-25
4139,787,STR,LSr,95,0.5202321856482522,182.61076999998022,effect_20-25
4140,788,STR,LSr,526,2.8804434700103227,182.61076999998022,effect_20-25
4141,791,STR,LSr,771,4.222094896155816,182.61076999998022,effect_20-25
4142,792,STR,LSr,340,1.8618836117937447,182.61076999998022,effect_20-25
4143,793,STR,LSr,492,2.6942551088309483,182.61076999998022,effect_20-25
4144,795,STR,LSr,241,1.3197469130655661,182.61076999998022,effect_20-25
4145,797,STR,LSr,3,0.016428384809944806,182.61076999998022,effect_20-25
4146,799,STR,LSr,1363,7.463962831984924,182.61076999998022,effect_20-25
4147,801,STR,LSr,50,0.27380641349908014,182.61076999998022,effect_20-25
4148,802,STR,LSr,52,0.2847586700390433,182.61076999998022,effect_20-25
4149,804,STR,LSr,784,4.293284563665576,182.61076999998022,effect_20-25
4150,805,STR,LSr,698,3.8223375324471585,182.61076999998022,effect_20-25
4151,807,STR,LSr,595,3.2582963206390536,182.61076999998022,effect_20-25
4152,808,STR,LSr,849,4.649232901214381,182.61076999998022,effect_20-25
4153,810,STR,LSr,370,2.026167459893193,182.61076999998022,effect_20-25
4154,811,STR,LSr,662,3.625196914727821,182.61076999998022,effect_20-25
4155,812,STR,LSr,723,3.9592407391966984,182.61076999998022,effect_20-25
4156,813,STR,LSr,3329,18.230031010768755,182.61076999998022,effect_20-25
4157,815,STR,LSr,812,4.446616155225061,182.61076999998022,effect_20-25
4158,817,STR,LSr,1357,7.431106062365035,182.61076999998022,effect_20-25
4159,818,STR,LSr,877,4.8025644927738655,182.61076999998022,effect_20-25
4160,819,STR,LSr,216,1.1828437063160262,182.61076999998022,effect_20-25
4161,820,STR,LSr,442,2.4204486953318685,182.61076999998022,effect_20-25
4162,821,STR,LSr,63,0.34499608100884094,182.61076999998022,effect_20-25
4163,822,STR,LSr,1121,6.138739790649376,182.61076999998022,effect_20-25
4164,824,STR,LSr,371,2.0316435881631745,182.61076999998022,effect_20-25
4165,826,STR,LSr,290,1.5880771982946646,182.61076999998022,effect_20-25
4166,828,STR,LSr,119,0.6516592641278107,182.61076999998022,effect_20-25
4167,829,STR,LSr,312,1.70855202023426,182.61076999998022,effect_20-25
4168,831,STR,LSr,520,2.8475867003904334,182.61076999998022,effect_20-25
4169,832,STR,LSr,231,1.26498563036575,182.61076999998022,effect_20-25
4170,834,STR,LSr,2610,14.292694784651982,182.61076999998022,effect_20-25
4171,835,STR,LSr,390,2.135690025292825,182.61076999998022,effect_20-25
4172,838,STR,LSr,338,1.8509313552537816,182.61076999998022,effect_20-25
4173,839,STR,LSr,500,2.7380641349908013,182.61076999998022,effect_20-25
4174,840,STR,LSr,1,0.005476128269981602,182.61076999998022,effect_20-25
4175,841,STR,LSr,310,1.6975997636942968,182.61076999998022,effect_20-25
4176,842,STR,LSr,730,3.9975736370865698,182.61076999998022,effect_20-25
4177,843,STR,LSr,781,4.276856178855631,182.61076999998022,effect_20-25
4178,845,STR,LSr,790,4.326141333285466,182.61076999998022,effect_20-25
4179,846,STR,LSr,755,4.13447684383611,182.61076999998022,effect_20-25
4180,849,STR,LSr,812,4.446616155225061,182.61076999998022,effect_20-25
4181,851,STR,LSr,47,0.25737802868913534,182.61076999998022,effect_20-25
4182,852,STR,LSr,641,3.5101982210582072,182.61076999998022,effect_20-25
4183,853,STR,LSr,279,1.527839787324867,182.61076999998022,effect_20-25
4184,854,STR,LSr,578,3.165202140049366,182.61076999998022,effect_20-25
4185,855,STR,LSr,891,4.879230288553607,182.61076999998022,effect_20-25
4186,856,STR,LSr,2004,10.974161053043131,182.61076999998022,effect_20-25
4187,857,STR,LSr,56,0.30666318311896973,182.61076999998022,effect_20-25
4188,858,STR,LSr,578,3.165202140049366,182.61076999998022,effect_20-25
4189,859,STR,LSr,1145,6.270166869128935,182.61076999998022,effect_20-25
4190,861,STR,LSr,881,4.824469005853792,182.61076999998022,effect_20-25
4191,862,STR,LSr,530,2.9023479830902494,182.61076999998022,effect_20-25
4192,863,STR,LSr,131,0.7173728033675899,182.61076999998022,effect_20-25
4193,864,STR,LSr,211,1.1554630649661182,182.61076999998022,effect_20-25
4194,865,STR,LSr,993,5.437795372091731,182.61076999998022,effect_20-25
4195,866,STR,LSr,290,1.5880771982946646,182.61076999998022,effect_20-25
4196,868,STR,LSr,436,2.3875919257119786,182.61076999998022,effect_20-25
4197,871,STR,LSr,952,5.213274113022486,182.61076999998022,effect_20-25
4198,872,STR,LSr,745,4.079715561136294,182.61076999998022,effect_20-25
4199,873,STR,LSr,41,0.2245212590692457,182.61076999998022,effect_20-25
4200,874,STR,LSr,83,0.454518646408473,182.61076999998022,effect_20-25
4201,876,STR,LSr,2049,11.220586825192303,182.61076999998022,effect_20-25
4202,877,STR,STR,101,0.5530889552681418,182.61076999998022,effect_20-25
4203,879,STR,STR,326,1.7852178160140024,182.61076999998022,effect_20-25
4204,880,STR,STR,38,0.2080928742593009,182.61076999998022,effect_20-25
4205,881,STR,STR,166,0.909037292816946,182.61076999998022,effect_20-25
4206,882,STR,STR,130,0.7118966750976083,182.61076999998022,effect_20-25
4207,883,STR,STR,192,1.0514166278364676,182.61076999998022,effect_20-25
4208,884,STR,STR,460,2.519019004191537,182.61076999998022,effect_20-25
4209,885,STR,STR,650,3.5594833754880417,182.61076999998022,effect_20-25
4210,886,STR,STR,62,0.3395199527388594,182.61076999998022,effect_20-25
4211,887,STR,STR,318,1.7414087898541495,182.61076999998022,effect_20-25
4212,888,STR,STR,129,0.7064205468276267,182.61076999998022,effect_20-25
4213,889,STR,STR,1557,8.526331716361355,182.61076999998022,effect_20-25
4214,890,STR,STR,20,0.10952256539963205,182.61076999998022,effect_20-25
4215,891,STR,STR,277,1.516887530784904,182.61076999998022,effect_20-25
4216,892,STR,STR,494,2.7052073653709114,182.61076999998022,effect_20-25
4217,895,STR,STR,224,1.226652732475879,182.61076999998022,effect_20-25
4218,897,STR,STR,15,0.08214192404972404,182.61076999998022,effect_20-25
4219,898,STR,STR,657,3.5978162733779127,182.61076999998022,effect_20-25
4220,900,STR,STR,717,3.926383969576809,182.61076999998022,effect_20-25
4221,902,STR,STR,786,4.304236820205539,182.61076999998022,effect_20-25
4222,903,STR,STR,1571,8.602997512141098,182.61076999998022,effect_20-25
4223,904,STR,STR,222,1.2157004759359158,182.61076999998022,effect_20-25
4224,909,STR,LSr,451,2.4697338497617025,182.61076999998022,effect_20-25
4225,910,STR,LSr,996,5.454223756901676,182.61076999998022,effect_20-25
4226,911,STR,LSr,176,0.9637985755167621,182.61076999998022,effect_20-25
4227,914,STR,LSr,834,4.567090977164656,182.61076999998022,effect_20-25
4228,916,STR,LSr,637,3.488293707978281,182.61076999998022,effect_20-25
4229,917,STR,LSr,565,3.0940124725396054,182.61076999998022,effect_20-25
4230,919,STR,LSr,580,3.1761543965893293,182.61076999998022,effect_20-25
4231,920,STR,LSr,149,0.8159431122272588,182.61076999998022,effect_20-25
4232,921,STR,LSr,41,0.2245212590692457,182.61076999998022,effect_20-25
4233,922,STR,LSr,109,0.5968979814279947,182.61076999998022,effect_20-25
4234,923,STR,SH,686,3.7566239932073793,182.61076999998022,effect_20-25
4235,924,STR,SH,917,5.02160962357313,182.61076999998022,effect_20-25
4236,925,STR,SH,421,2.3054500016622548,182.61076999998022,effect_20-25
4237,927,STR,SH,172,0.9418940624368356,182.61076999998022,effect_20-25
4238,928,STR,SH,977,5.350177319772025,182.61076999998022,effect_20-25
4239,929,STR,SH,565,3.0940124725396054,182.61076999998022,effect_20-25
4240,930,STR,SH,1108,6.067550123139616,182.61076999998022,effect_20-25
4241,932,STR,LSr,363,1.9878345620033218,182.61076999998022,effect_20-25
4242,933,STR,LSr,1084,5.936123044660057,182.61076999998022,effect_20-25
4243,935,STR,LSr,256,1.4018888371152902,182.61076999998022,effect_20-25
4244,937,STR,LSr,309,1.6921236354243152,182.61076999998022,effect_20-25
4245,938,STR,LSr,295,1.6154578396445727,182.61076999998022,effect_20-25
4246,940,STR,LSr,29,0.15880771982946648,182.61076999998022,effect_20-25
4247,941,STR,LSr,1141,6.2482623560490085,182.61076999998022,effect_20-25
4248,943,STR,LSr,461,2.5244951324615186,182.61076999998022,effect_20-25
4249,945,STR,LSr,1959,10.72773528089396,182.61076999998022,effect_20-25
4250,946,STR,LSr,989,5.415890859011805,182.61076999998022,effect_20-25
4251,947,STR,LSr,608,3.3294859881488144,182.61076999998022,effect_20-25
4252,949,STR,SH,195,1.0678450126464125,182.61076999998022,effect_20-25
4253,950,STR,SH,1689,9.249180647998926,182.61076999998022,effect_20-25
4254,952,STR,SH,564,3.088536344269624,182.61076999998022,effect_20-25
4255,953,STR,SH,511,2.798301545960599,182.61076999998022,effect_20-25
4256,955,STR,SH,862,4.720422568724142,182.61076999998022,effect_20-25
4257,958,STR,STR,296,1.6209339679145542,182.61076999998022,effect_20-25
4258,959,STR,STR,860,4.7094703121841786,182.61076999998022,effect_20-25
4259,960,STR,STR,761,4.167333613455999,182.61076999998022,effect_20-25
4260,964,STR,STR,1058,5.793743709640536,182.61076999998022,effect_20-25
4261,965,STR,STR,659,3.6087685299178762,182.61076999998022,effect_20-25
4262,968,STR,STR,53,0.29023479830902493,182.61076999998022,effect_20-25
4263,971,STR,STR,963,5.273511523992283,182.61076999998022,effect_20-25
4264,973,STR,STR,479,2.6230654413211876,182.61076999998022,effect_20-25
4265,974,STR,STR,375,2.0535481012431007,182.61076999998022,effect_20-25
4266,976,STR,STR,112,0.6133263662379395,182.61076999998022,effect_20-25
4267,977,STR,STR,783,4.287808435395594,182.61076999998022,effect_20-25
4268,979,STR,STR,591,3.236391807559127,182.61076999998022,effect_20-25
4269,980,STR,STR,18,0.09857030885966885,182.61076999998022,effect_20-25
4270,981,STR,STR,783,4.287808435395594,182.61076999998022,effect_20-25
4271,982,STR,STR,285,1.5606965569447566,182.61076999998022,effect_20-25
4272,983,STR,STR,556,3.044727318109771,182.61076999998022,effect_20-25
4273,984,STR,STR,746,4.085191689406275,182.61076999998022,effect_20-25
4274,985,STR,STR,55,0.3011870548489881,182.61076999998022,effect_20-25
4275,989,Other,ccg,2448,13.405562004914962,182.61076999998022,effect_20-25
4276,991,Other,ccg,2160,11.828437063160262,182.61076999998022,effect_20-25
4277,992,Other,ccg,45,0.2464257721491721,182.61076999998022,effect_20-25
4278,993,STR,STR,151,0.826895368767222,182.61076999998022,effect_20-25
4279,994,Other,ccg,410,2.245212590692457,182.61076999998022,effect_20-25
4280,995,Other,ccg,19,0.10404643712965045,182.61076999998022,effect_20-25
4281,996,Other,ccg,642,3.515674349328189,182.61076999998022,effect_20-25
4282,1005,Other,ACAv6a,0,0.0,182.61076999998022,effect_20-25
4283,1008,Other,ACAv5,18,0.09857030885966885,182.61076999998022,effect_20-25
4284,1009,Other,ACAv6a,853,4.671137414294307,182.61076999998022,effect_20-25
4285,1011,Other,ACAv5,971,5.317320550152136,182.61076999998022,effect_20-25
4286,1013,Other,ACAv5,52,0.2847586700390433,182.61076999998022,effect_20-25
4287,1014,Other,ACAv5,1396,7.644675064894317,182.61076999998022,effect_20-25
4288,1015,Other,ACAv5,1192,6.52754489781807,182.61076999998022,effect_20-25
4289,1016,Other,ACAv6a,0,0.0,182.61076999998022,effect_20-25
4290,1017,Other,ACAv6a,561,3.072107959459679,182.61076999998022,effect_20-25
4291,1020,Other,ACAv5,3185,17.441468539891403,182.61076999998022,effect_20-25
4292,1021,Other,ACAv5,0,0.0,182.61076999998022,effect_20-25
4293,1025,Other,ACAv6a,1308,7.162775777135936,182.61076999998022,effect_20-25
4294,1028,Other,ACAv6a,135,0.7392773164475164,182.61076999998022,effect_20-25
4295,1030,Other,ACAv6a,22,0.12047482193959526,182.61076999998022,effect_20-25
4296,1032,Other,ACAv5,1002,5.487080526521566,182.61076999998022,effect_20-25
4297,1033,Other,ACAv5,1278,6.998491929036488,182.61076999998022,effect_20-25
4298,1035,Other,ACAv5,2698,14.774594072410363,182.61076999998022,effect_20-25
4299,1036,Other,ACAv6a,275,1.5059352742449408,182.61076999998022,effect_20-25
4300,1038,Other,ACAv5,1,0.005476128269981602,182.61076999998022,effect_20-25
4301,1039,Other,ACAv6a,22,0.12047482193959526,182.61076999998022,effect_20-25
4302,1043,Other,ACAv6a,145,0.7940385991473323,182.61076999998022,effect_20-25
4303,1045,Other,ACAv6a,895,4.9011348016335345,182.61076999998022,effect_20-25
4304,1052,Other,ACAv6a,866,4.742327081804068,182.61076999998022,effect_20-25
4305,1055,Other,ACAv6a,59,0.3230915679289145,182.61076999998022,effect_20-25
4306,1057,Other,ACAv6a,3710,20.316435881631744,182.61076999998022,effect_20-25
4307,1058,Other,ACAv6a,1940,10.62368884376431,182.61076999998022,effect_20-25
4308,1061,Other,ACAv6a,10,0.054761282699816026,182.61076999998022,effect_20-25
4309,1062,Other,ACAv6a,1319,7.223013188105734,182.61076999998022,effect_20-25
4310,1066,Other,ACAv6a,26,0.14237933501952166,182.61076999998022,effect_20-25
4311,1069,Other,ACAv6a,217,1.1883198345860078,182.61076999998022,effect_20-25
4312,1073,Other,ACAv6a,209,1.1445108084261548,182.61076999998022,effect_20-25
4313,1074,Other,ACAv6a,245,1.3416514261454926,182.61076999998022,effect_20-25
4314,1075,Other,ACAv6a,9880,54.10414730741823,182.61076999998022,effect_20-25
4315,1083,Other,ACAv6a,396,2.1685467949127144,182.61076999998022,effect_20-25
4316,1085,Other,ACAv6a,5,0.027380641349908013,182.61076999998022,effect_20-25
4317,1086,Other,ACAv6a,2211,12.107719604929324,182.61076999998022,effect_20-25
4318,1090,Other,ACAv6a,1336,7.3161073686954206,182.61076999998022,effect_20-25
4319,1091,Other,ACAv6a,210,1.1499869366961366,182.61076999998022,effect_20-25
4320,1092,Other,ACAv6a,420,2.299973873392273,182.61076999998022,effect_20-25
4321,1093,Other,ACAv6a,18,0.09857030885966885,182.61076999998022,effect_20-25
4322,1094,Other,ACAv6a,26,0.14237933501952166,182.61076999998022,effect_20-25
4323,1095,Other,ACAv6a,56,0.30666318311896973,182.61076999998022,effect_20-25
4324,1098,Other,ACAv6a,505,2.765444776340709,182.61076999998022,effect_20-25
4325,1100,Other,ACAv6a,20,0.10952256539963205,182.61076999998022,effect_20-25
4326,1102,Other,ACAv6a,1844,10.097980529846074,182.61076999998022,effect_20-25
4327,1104,Other,ACAv6a,329,1.801646200823947,182.61076999998022,effect_20-25
4328,1105,Other,ACAd6a,272,1.4895068894349959,182.61076999998022,effect_20-25
4329,1107,Other,ACAd6a,409,2.2397364624224756,182.61076999998022,effect_20-25
4330,1109,Other,ACAd6a,543,2.97353765060001,182.61076999998022,effect_20-25
4331,1110,Other,ACAd6a,80,0.4380902615985282,182.61076999998022,effect_20-25
4332,1112,Other,ACAd6a,2116,11.587487419281072,182.61076999998022,effect_20-25
4333,1113,Other,ACAd6a,0,0.0,182.61076999998022,effect_20-25
4334,1115,Other,ACAd6a,143,0.7830863426073692,182.61076999998022,effect_20-25
4335,1118,Other,ACAd6a,91,0.49832767256832583,182.61076999998022,effect_20-25
4336,1119,Other,ACAd6a,14,0.07666579577974243,182.61076999998022,effect_20-25
4337,1120,Other,ACAd6a,1231,6.741113900347353,182.61076999998022,effect_20-25
4338,1121,Other,ACAd6a,703,3.8497181737970667,182.61076999998022,effect_20-25
4339,1124,Other,ACAd6a,542,2.9680615223300286,182.61076999998022,effect_20-25
4340,1126,Other,ACAd6a,451,2.4697338497617025,182.61076999998022,effect_20-25
4341,1127,Other,ACAd6a,190,1.0404643712965045,182.61076999998022,effect_20-25
4342,1128,Other,ACAd6a,410,2.245212590692457,182.61076999998022,effect_20-25
4343,1129,Other,ACAd6a,117,0.6407070075878475,182.61076999998022,effect_20-25
4344,1130,Other,ACAd6a,892,4.884706416823589,182.61076999998022,effect_20-25
4345,1131,Other,ACAd6a,297,1.626410096184536,182.61076999998022,effect_20-25
4346,1132,Other,ACAd6a,274,1.500459145974959,182.61076999998022,effect_20-25
4347,1134,Other,ACAd6a,269,1.473078504625051,182.61076999998022,effect_20-25
4348,1142,Other,ACAd6a,139,0.7611818295274427,182.61076999998022,effect_20-25
4349,1143,Other,ACAd6a,15,0.08214192404972404,182.61076999998022,effect_20-25
4350,1145,Other,ACAd6a,213,1.1664153215060813,182.61076999998022,effect_20-25
4351,1148,Other,ACAd6a,672,3.679958197427637,182.61076999998022,effect_20-25
4352,1149,Other,ACAd6a,2,0.010952256539963205,182.61076999998022,effect_20-25
4353,1152,Other,ACAd6a,666,3.647101427807747,182.61076999998022,effect_20-25
4354,1154,Other,ACAd6a,49,0.2683302852290985,182.61076999998022,effect_20-25
4355,1156,Other,ACAd6a,642,3.515674349328189,182.61076999998022,effect_20-25
4356,1161,Other,ACAd6a,310,1.6975997636942968,182.61076999998022,effect_20-25
4357,1163,Other,ACAd6a,27,0.14785546328950327,182.61076999998022,effect_20-25
4358,1164,Other,ACAd6a,15,0.08214192404972404,182.61076999998022,effect_20-25
4359,1165,Other,ACAd6a,53,0.29023479830902493,182.61076999998022,effect_20-25
4360,1167,Motor,MOs6a,242,1.3252230413355477,182.61076999998022,effect_20-25
4361,1168,Motor,MOs6a,465,2.5463996455414453,182.61076999998022,effect_20-25
4362,1169,Motor,MOs6a,195,1.0678450126464125,182.61076999998022,effect_20-25
4363,1176,Motor,MOs6a,14,0.07666579577974243,182.61076999998022,effect_20-25
4364,1178,Motor,MOs6a,107,0.5859457248880314,182.61076999998022,effect_20-25
4365,1180,Motor,MOs6a,204,1.1171301670762468,182.61076999998022,effect_20-25
4366,1182,Motor,MOs6a,616,3.3732950143086673,182.61076999998022,effect_20-25
4367,1185,Motor,MOs6a,81,0.4435663898685098,182.61076999998022,effect_20-25
4368,1187,Motor,MOs6a,120,0.6571353923977923,182.61076999998022,effect_20-25
4369,1200,Motor,MOs6a,832,4.556138720624693,182.61076999998022,effect_20-25
4370,1201,Motor,MOs6a,772,4.227571024425797,182.61076999998022,effect_20-25
4371,1202,Motor,MOs6a,0,0.0,182.61076999998022,effect_20-25
4372,1203,Motor,MOs6a,263,1.4402217350051614,182.61076999998022,effect_20-25
4373,1204,Motor,MOs6a,42,0.2299973873392273,182.61076999998022,effect_20-25
4374,1207,Motor,MOs6a,1699,9.303941930698743,182.61076999998022,effect_20-25
4375,1208,Motor,MOs5,3401,18.62431224620743,182.61076999998022,effect_20-25
4376,1209,Motor,MOs5,1266,6.932778389796709,182.61076999998022,effect_20-25
4377,1215,Motor,MOs5,33,0.1807122329093929,182.61076999998022,effect_20-25
4378,1221,Motor,MOs5,22,0.12047482193959526,182.61076999998022,effect_20-25
4379,1224,Motor,MOs5,363,1.9878345620033218,182.61076999998022,effect_20-25
4380,1228,Motor,MOs5,1494,8.181335635352514,182.61076999998022,effect_20-25
4381,1230,Motor,MOs5,51,0.2792825417690617,182.61076999998022,effect_20-25
4382,1233,Motor,MOs5,1497,8.19776402016246,182.61076999998022,effect_20-25
4383,1235,Motor,MOs5,997,5.459699885171657,182.61076999998022,effect_20-25
4384,1236,Motor,MOs5,881,4.824469005853792,182.61076999998022,effect_20-25
4385,1237,Motor,MOs5,1734,9.495606420148098,182.61076999998022,effect_20-25
4386,1239,Motor,MOs5,605,3.3130576033388697,182.61076999998022,effect_20-25
4387,1240,Motor,MOs5,1385,7.584437653924519,182.61076999998022,effect_20-25
4388,1246,Motor,MOs5,148,0.8104669839572771,182.61076999998022,effect_20-25
4389,1248,Motor,MOs5,0,0.0,182.61076999998022,effect_20-25
4390,1249,Motor,MOs5,32,0.17523610463941128,182.61076999998022,effect_20-25
4391,1250,Motor,MOs5,100,0.5476128269981603,182.61076999998022,effect_20-25
4392,1254,STR,LSr,379,2.0754526143230274,182.61076999998022,effect_20-25
4393,1255,STR,LSr,52,0.2847586700390433,182.61076999998022,effect_20-25
4394,1256,STR,LSr,122,0.6680876489377555,182.61076999998022,effect_20-25
4395,1259,STR,LSr,67,0.36690059408876735,182.61076999998022,effect_20-25
4396,1261,STR,LSr,193,1.0568927561064492,182.61076999998022,effect_20-25
4397,1263,STR,LSr,30,0.16428384809944807,182.61076999998022,effect_20-25
4398,1264,STR,LSr,66,0.3614244658187858,182.61076999998022,effect_20-25
4399,1267,STR,LSr,204,1.1171301670762468,182.61076999998022,effect_20-25
4400,1269,STR,LSr,499,2.7325880067208197,182.61076999998022,effect_20-25
4401,1270,STR,LSr,464,2.5409235172714637,182.61076999998022,effect_20-25
4402,1271,STR,LSr,785,4.298760691935558,182.61076999998022,effect_20-25
4403,1272,STR,LSr,28,0.15333159155948486,182.61076999998022,effect_20-25
4404,1274,STR,LSr,688,3.7675762497473424,182.61076999998022,effect_20-25
4405,1275,STR,STR,0,0.0,182.61076999998022,effect_20-25
4406,1280,STR,LSr,163,0.8926089080070012,182.61076999998022,effect_20-25
4407,1281,STR,LSr,1035,5.6677927594309585,182.61076999998022,effect_20-25
4408,1282,STR,LSr,119,0.6516592641278107,182.61076999998022,effect_20-25
4409,1283,STR,LSr,62,0.3395199527388594,182.61076999998022,effect_20-25
4410,1284,STR,LSr,330,1.807122329093929,182.61076999998022,effect_20-25
4411,1286,STR,STR,29,0.15880771982946648,182.61076999998022,effect_20-25
4412,1287,STR,STR,343,1.8783119966036896,182.61076999998022,effect_20-25
4413,1289,STR,STR,414,2.2671171037723834,182.61076999998022,effect_20-25
4414,1290,STR,STR,3,0.016428384809944806,182.61076999998022,effect_20-25
4415,1291,STR,STR,0,0.0,182.61076999998022,effect_20-25
4416,1295,Other,ACAv6a,179,0.9802269603267069,182.61076999998022,effect_20-25
4417,1296,Other,ACAv6a,19,0.10404643712965045,182.61076999998022,effect_20-25
4418,1298,Other,ACAv6a,176,0.9637985755167621,182.61076999998022,effect_20-25
4419,1301,Other,ACAv6a,0,0.0,182.61076999998022,effect_20-25
4420,1303,Other,ACAv6a,288,1.5771249417547015,182.61076999998022,effect_20-25
4421,1304,Other,ACAv6a,1,0.005476128269981602,182.61076999998022,effect_20-25
4422,1306,Other,ACAv6a,9,0.04928515442983442,182.61076999998022,effect_20-25
4423,1307,Other,ACAv6a,22,0.12047482193959526,182.61076999998022,effect_20-25
4424,1308,Other,ACAv6a,690,3.7785285062873055,182.61076999998022,effect_20-25
4425,1311,Other,ACAd6a,185,1.0130837299465965,182.61076999998022,effect_20-25
4426,1312,Other,ACAd6a,28,0.15333159155948486,182.61076999998022,effect_20-25
4427,1313,Other,ACAd6a,10,0.054761282699816026,182.61076999998022,effect_20-25
4428,1314,Other,ACAd6a,447,2.4478293366817763,182.61076999998022,effect_20-25
4429,1317,Motor,MOs6a,19,0.10404643712965045,182.61076999998022,effect_20-25
4430,1318,Motor,MOs6a,17,0.09309418058968724,182.61076999998022,effect_20-25
4431,1321,Motor,MOs6a,103,0.5640412118081051,182.61076999998022,effect_20-25
4432,1322,Motor,MOs5,5,0.027380641349908013,182.61076999998022,effect_20-25
4433,1323,Motor,MOs5,9,0.04928515442983442,182.61076999998022,effect_20-25
4434,1328,Motor,MOs5,156,0.85427601011713,182.61076999998022,effect_20-25
4435,1329,Motor,MOs5,17,0.09309418058968724,182.61076999998022,effect_20-25
4436,1330,Motor,MOs5,9,0.04928515442983442,182.61076999998022,effect_20-25
4437,1331,STR,LSr,433,2.371163540902034,182.61076999998022,effect_20-25
4438,1332,STR,LSr,21,0.11499869366961366,182.61076999998022,effect_20-25
4439,1334,STR,STR,930,5.0927992910828905,182.61076999998022,effect_20-25
4440,1335,STR,STR,425,2.327354514742181,182.61076999998022,effect_20-25
4441,1336,STR,LSr,1036,5.6732688877009405,182.61076999998022,effect_20-25
4442,1337,Other,ccg,0,0.0,182.61076999998022,effect_20-25
4443,1339,Other,ACAd6a,862,4.720422568724142,182.61076999998022,effect_20-25
4444,1340,Other,ACAd6a,137,0.7502295729874795,182.61076999998022,effect_20-25
4445,1341,Other,ACAd6a,4,0.02190451307992641,182.61076999998022,effect_20-25
4446,1342,Motor,MOs6a,0,0.0,182.61076999998022,effect_20-25
4447,1345,Motor,MOs5,10,0.054761282699816026,182.61076999998022,effect_20-25
4448,1347,STR,STR,2,0.010952256539963205,182.61076999998022,effect_20-25
4449,1348,STR,LSr,55,0.3011870548489881,182.61076999998022,effect_20-25
4450,1349,STR,STR,30,0.16428384809944807,182.61076999998022,effect_20-25
4451,1350,Other,ACAv6a,925,5.065418649732982,182.61076999998022,effect_20-25
4452,1351,Other,ACAv6a,81,0.4435663898685098,182.61076999998022,effect_20-25
4453,1354,Motor,MOs5,804,4.402807129065208,182.61076999998022,effect_20-25
4454,1356,Motor,MOs5,6,0.03285676961988961,182.61076999998022,effect_20-25
4455,1358,STR,LSr,1,0.005476128269981602,182.61076999998022,effect_20-25
4456,1360,Motor,MOs5,21,0.11499869366961366,182.61076999998022,effect_20-25
4457,1361,Motor,MOs5,8,0.04380902615985282,182.61076999998022,effect_20-25
4458,1362,Motor,MOs5,4,0.02190451307992641,182.61076999998022,effect_20-25
4459,0,Thalamus,MD,391,2.1903909063487217,178.50694999997904,effect_25-30
4460,1,Thalamus,MD,221,1.2380470340231904,178.50694999997904,effect_25-30
4461,2,Thalamus,MD,1084,6.072592691769857,178.50694999997904,effect_25-30
4462,3,Thalamus,MD,373,2.089554496337783,178.50694999997904,effect_25-30
4463,4,Thalamus,MD,1361,7.624353001382634,178.50694999997904,effect_25-30
4464,5,Thalamus,IAD,1895,10.61583316504048,178.50694999997904,effect_25-30
4465,6,Thalamus,IAD,2060,11.540166923474082,178.50694999997904,effect_25-30
4466,7,Thalamus,MD,656,3.674926942620873,178.50694999997904,effect_25-30
4467,8,Thalamus,MD,1415,7.92686223141545,178.50694999997904,effect_25-30
4468,11,Thalamus,MD,64,0.3585294578166705,178.50694999997904,effect_25-30
4469,13,Thalamus,MD,1765,9.887570203850366,178.50694999997904,effect_25-30
4470,14,Thalamus,MD,73,0.4089476628221398,178.50694999997904,effect_25-30
4471,16,Thalamus,MD,775,4.341567653248744,178.50694999997904,effect_25-30
4472,17,Thalamus,MD,26,0.1456525922380224,178.50694999997904,effect_25-30
4473,18,Thalamus,MD,661,3.7029370565128,178.50694999997904,effect_25-30
4474,19,Thalamus,MD,1503,8.419840235913371,178.50694999997904,effect_25-30
4475,21,Thalamus,MD,882,4.9409840905359905,178.50694999997904,effect_25-30
4476,22,Thalamus,MD,1027,5.753277393401885,178.50694999997904,effect_25-30
4477,23,Thalamus,MD,1284,7.192997247446952,178.50694999997904,effect_25-30
4478,25,Thalamus,MD,2885,16.161835715642102,178.50694999997904,effect_25-30
4479,26,Thalamus,MD,554,3.103520619225554,178.50694999997904,effect_25-30
4480,28,Thalamus,MD,2479,13.887414467617598,178.50694999997904,effect_25-30
4481,29,Thalamus,MD,903,5.058626568882086,178.50694999997904,effect_25-30
4482,31,Thalamus,MD,370,2.0727484280026265,178.50694999997904,effect_25-30
4483,33,Thalamus,MD,762,4.268741357129733,178.50694999997904,effect_25-30
4484,35,Thalamus,MD,1943,10.884730258402982,178.50694999997904,effect_25-30
4485,37,Thalamus,MD,137,0.7674771206388104,178.50694999997904,effect_25-30
4486,39,Thalamus,MD,306,1.714218970185956,178.50694999997904,effect_25-30
4487,40,Thalamus,MD,515,2.8850417308685206,178.50694999997904,effect_25-30
4488,43,Thalamus,MD,2177,12.195603588545183,178.50694999997904,effect_25-30
4489,44,Thalamus,MD,1038,5.814899643964125,178.50694999997904,effect_25-30
4490,46,Thalamus,MD,2349,13.159151506427484,178.50694999997904,effect_25-30
4491,47,Thalamus,MD,870,4.873759817195365,178.50694999997904,effect_25-30
4492,48,Thalamus,MD,2138,11.97712470018815,178.50694999997904,effect_25-30
4493,49,Thalamus,MD,990,5.546002550601622,178.50694999997904,effect_25-30
4494,50,Thalamus,MD,1394,7.809219753069355,178.50694999997904,effect_25-30
4495,53,Thalamus,MD,1950,10.92394441785168,178.50694999997904,effect_25-30
4496,54,Thalamus,MD,876,4.9073719538656775,178.50694999997904,effect_25-30
4497,57,Thalamus,MD,1028,5.75887941618027,178.50694999997904,effect_25-30
4498,58,Thalamus,MD,2179,12.206807634101954,178.50694999997904,effect_25-30
4499,60,Thalamus,MD,942,5.277105457239119,178.50694999997904,effect_25-30
4500,63,Thalamus,MD,163,0.9131297128768328,178.50694999997904,effect_25-30
4501,65,Thalamus,MD,3010,16.862088562940286,178.50694999997904,effect_25-30
4502,66,Thalamus,MD,1725,9.663489292714948,178.50694999997904,effect_25-30
4503,67,Thalamus,MD,1272,7.125772974106327,178.50694999997904,effect_25-30
4504,68,Thalamus,MD,901,5.047422523325315,178.50694999997904,effect_25-30
4505,70,Thalamus,MD,191,1.069986350671626,178.50694999997904,effect_25-30
4506,71,Thalamus,MD,324,1.8150553801968945,178.50694999997904,effect_25-30
4507,73,Thalamus,MD,863,4.834545657746666,178.50694999997904,effect_25-30
4508,74,Thalamus,MD,3878,21.72464433457888,178.50694999997904,effect_25-30
4509,75,Thalamus,MD,1276,7.148181065219869,178.50694999997904,effect_25-30
4510,76,Thalamus,MD,937,5.249095343347192,178.50694999997904,effect_25-30
4511,77,Thalamus,MD,2047,11.467340627355071,178.50694999997904,effect_25-30
4512,78,Thalamus,MD,1451,8.128535051437327,178.50694999997904,effect_25-30
4513,79,Thalamus,MD,1932,10.823108007840741,178.50694999997904,effect_25-30
4514,80,Thalamus,MD,51,0.2857031616976593,178.50694999997904,effect_25-30
4515,83,Thalamus,MD,1315,7.366659953576902,178.50694999997904,effect_25-30
4516,84,Thalamus,MD,1818,10.184477411104798,178.50694999997904,effect_25-30
4517,86,Thalamus,MD,346,1.938299881321375,178.50694999997904,effect_25-30
4518,89,Thalamus,MD,1660,9.299357812119892,178.50694999997904,effect_25-30
4519,90,Thalamus,MD,691,3.8709977398643645,178.50694999997904,effect_25-30
4520,91,Thalamus,MD,632,3.5404783959396213,178.50694999997904,effect_25-30
4521,92,Thalamus,MD,688,3.854191671529208,178.50694999997904,effect_25-30
4522,93,Thalamus,MD,252,1.4117097401531402,178.50694999997904,effect_25-30
4523,95,Thalamus,MD,127,0.7114568928549556,178.50694999997904,effect_25-30
4524,96,Thalamus,MD,472,2.644154751397945,178.50694999997904,effect_25-30
4525,99,Thalamus,MD,406,2.2744212480245034,178.50694999997904,effect_25-30
4526,101,Thalamus,MD,66,0.36973350337344146,178.50694999997904,effect_25-30
4527,104,Thalamus,MD,655,3.6693249198424875,178.50694999997904,effect_25-30
4528,127,Other,DG-mo,1999,11.198443533992569,178.50694999997904,effect_25-30
4529,129,Other,DG-mo,14,0.07842831889739668,178.50694999997904,effect_25-30
4530,131,Other,DG-mo,173,0.9691499406606875,178.50694999997904,effect_25-30
4531,132,Other,DG-sg,1667,9.33857197156859,178.50694999997904,effect_25-30
4532,133,Other,DG-sg,1338,7.495506477479768,178.50694999997904,effect_25-30
4533,135,Other,DG-sg,61,0.3417233894815141,178.50694999997904,effect_25-30
4534,137,Other,DG-sg,11,0.061622250562240244,178.50694999997904,effect_25-30
4535,139,Other,DG-sg,33,0.18486675168672073,178.50694999997904,effect_25-30
4536,141,Other,DG-sg,128,0.717058915633341,178.50694999997904,effect_25-30
4537,143,Other,DG-sg,349,1.9551059496565315,178.50694999997904,effect_25-30
4538,145,Other,DG-sg,135,0.7562730750820393,178.50694999997904,effect_25-30
4539,149,Other,DG-po,26,0.1456525922380224,178.50694999997904,effect_25-30
4540,152,Other,CA3,20,0.11204045556770954,178.50694999997904,effect_25-30
4541,157,Other,CA3,1707,9.56265288270401,178.50694999997904,effect_25-30
4542,164,Other,CA3,234,1.3108733301422015,178.50694999997904,effect_25-30
4543,166,Other,CA3,17,0.0952343872325531,178.50694999997904,effect_25-30
4544,181,Other,CA1,636,3.5628864870531634,178.50694999997904,effect_25-30
4545,182,Other,CA1,3118,17.467107023005916,178.50694999997904,effect_25-30
4546,188,Other,CA1,58,0.3249173211463577,178.50694999997904,effect_25-30
4547,201,Other,RSPd6a,592,3.3163974848042024,178.50694999997904,effect_25-30
4548,202,Other,RSPagl6a,59,0.33051934392474314,178.50694999997904,effect_25-30
4549,204,Other,RSPagl6a,85,0.47617193616276554,178.50694999997904,effect_25-30
4550,210,Other,RSPagl5,1078,6.038980555099544,178.50694999997904,effect_25-30
4551,211,Other,RSPagl5,248,1.3893016490395982,178.50694999997904,effect_25-30
4552,213,Other,RSPagl5,1376,7.708383343058416,178.50694999997904,effect_25-30
4553,214,Other,RSPagl5,205,1.1484146695690227,178.50694999997904,effect_25-30
4554,215,Other,RSPagl5,1455,8.150943142550869,178.50694999997904,effect_25-30
4555,216,Other,RSPagl5,72,0.40334564004375434,178.50694999997904,effect_25-30
4556,217,Other,RSPagl5,902,5.0530245461037,178.50694999997904,effect_25-30
4557,219,Other,RSPagl5,1089,6.100602805661785,178.50694999997904,effect_25-30
4558,220,Other,RSPagl5,641,3.590896600945091,178.50694999997904,effect_25-30
4559,222,Other,RSPagl5,1662,9.310561857676662,178.50694999997904,effect_25-30
4560,224,Other,RSPagl5,1114,6.240653375121421,178.50694999997904,effect_25-30
4561,225,Other,RSPagl5,1251,7.0081304957602315,178.50694999997904,effect_25-30
4562,227,Other,RSPagl5,123,0.6890488017414137,178.50694999997904,effect_25-30
4563,232,Other,RSPagl2/3,3316,18.57630753312624,178.50694999997904,effect_25-30
4564,233,Thalamus,MD,1506,8.436646304248528,178.50694999997904,effect_25-30
4565,234,Thalamus,MD,452,2.5321142958302354,178.50694999997904,effect_25-30
4566,235,Thalamus,MD,1078,6.038980555099544,178.50694999997904,effect_25-30
4567,236,Thalamus,MD,514,2.879439708090135,178.50694999997904,effect_25-30
4568,237,Thalamus,MD,733,4.106282696556555,178.50694999997904,effect_25-30
4569,238,Thalamus,MD,954,5.344329730579745,178.50694999997904,effect_25-30
4570,239,Thalamus,MD,271,1.5181481729424642,178.50694999997904,effect_25-30
4571,241,Thalamus,MD,626,3.5068662592693087,178.50694999997904,effect_25-30
4572,242,Thalamus,MD,1203,6.739233402397729,178.50694999997904,effect_25-30
4573,244,Thalamus,MD,416,2.3304414758083585,178.50694999997904,effect_25-30
4574,245,Thalamus,MD,574,3.2155610747932637,178.50694999997904,effect_25-30
4575,250,Other,DG-mo,86,0.481773958941151,178.50694999997904,effect_25-30
4576,252,Other,DG-sg,15,0.08403034167578215,178.50694999997904,effect_25-30
4577,253,Other,DG-sg,27,0.15125461501640788,178.50694999997904,effect_25-30
4578,254,Other,DG-sg,40,0.2240809111354191,178.50694999997904,effect_25-30
4579,256,Other,DG-sg,0,0.0,178.50694999997904,effect_25-30
4580,258,Other,CA3,1230,6.890488017414136,178.50694999997904,effect_25-30
4581,259,Other,CA3,365,2.044738314110699,178.50694999997904,effect_25-30
4582,260,Other,CA3,10,0.05602022778385477,178.50694999997904,effect_25-30
4583,263,Other,RSPagl5,1389,7.781209639177427,178.50694999997904,effect_25-30
4584,265,Other,RSPagl5,27,0.15125461501640788,178.50694999997904,effect_25-30
4585,268,Thalamus,MD,952,5.333125685022974,178.50694999997904,effect_25-30
4586,270,Other,DG-sg,15,0.08403034167578215,178.50694999997904,effect_25-30
4587,273,Other,RSPagl5,35,0.1960707972434917,178.50694999997904,effect_25-30
4588,274,Other,RSPagl5,259,1.4509238996018385,178.50694999997904,effect_25-30
4589,276,Other,CA3,10,0.05602022778385477,178.50694999997904,effect_25-30
4590,277,Other,DG-po,131,0.7338649839684974,178.50694999997904,effect_25-30
4591,280,Other,SPFp,66,0.36973350337344146,178.50694999997904,effect_25-30
4592,292,Other,MB,829,4.64407688328156,178.50694999997904,effect_25-30
4593,293,Other,MB,559,3.1315307331174815,178.50694999997904,effect_25-30
4594,335,Other,APN,6142,34.4076239048436,178.50694999997904,effect_25-30
4595,358,Other,APN,129,0.7226609384117265,178.50694999997904,effect_25-30
4596,359,Other,APN,6125,34.312389517611045,178.50694999997904,effect_25-30
4597,384,Other,APN,28,0.15685663779479336,178.50694999997904,effect_25-30
4598,386,Other,APN,6,0.03361213667031286,178.50694999997904,effect_25-30
4599,388,Other,APN,251,1.4061077173747547,178.50694999997904,effect_25-30
4600,390,Other,APN,3804,21.310094648978353,178.50694999997904,effect_25-30
4601,395,Other,MB,455,2.548920364165392,178.50694999997904,effect_25-30
4602,396,Other,APN,2718,15.226297911651725,178.50694999997904,effect_25-30
4603,399,Other,MB,62,0.34732541225989955,178.50694999997904,effect_25-30
4604,400,Other,DG-mo,223,1.2492510795799614,178.50694999997904,effect_25-30
4605,402,Other,POST,172,0.963547917882302,178.50694999997904,effect_25-30
4606,410,Other,SUB,602,3.372417712588057,178.50694999997904,effect_25-30
4607,425,Other,VISp6a,14,0.07842831889739668,178.50694999997904,effect_25-30
4608,426,Other,VISp6a,169,0.9467418495471456,178.50694999997904,effect_25-30
4609,427,Other,VISp6a,540,3.0250923003281573,178.50694999997904,effect_25-30
4610,430,Other,VISp6a,312,1.7478311068562689,178.50694999997904,effect_25-30
4611,431,Other,VISp6a,170,0.9523438723255311,178.50694999997904,effect_25-30
4612,432,Other,VISp5,1297,7.265823543565964,178.50694999997904,effect_25-30
4613,433,Other,VISp6a,243,1.3612915351476709,178.50694999997904,effect_25-30
4614,436,Other,VISp6a,1783,9.988406613861306,178.50694999997904,effect_25-30
4615,437,Other,VISp5,341,1.9102897674294477,178.50694999997904,effect_25-30
4616,439,Other,VISp5,288,1.6133825601750174,178.50694999997904,effect_25-30
4617,440,Other,VISp5,21,0.11764247834609501,178.50694999997904,effect_25-30
4618,442,Other,VISp5,1145,6.414316081251371,178.50694999997904,effect_25-30
4619,443,Other,VISp5,1314,7.361057930798516,178.50694999997904,effect_25-30
4620,444,Other,VISp5,1622,9.086480946541243,178.50694999997904,effect_25-30
4621,445,Other,VISp5,865,4.845749703303437,178.50694999997904,effect_25-30
4622,446,Other,VISp5,1128,6.319081694018818,178.50694999997904,effect_25-30
4623,447,Other,VISp5,394,2.2071969746838778,178.50694999997904,effect_25-30
4624,449,Other,VISp5,1220,6.834467789630282,178.50694999997904,effect_25-30
4625,452,Other,VISp5,350,1.960707972434917,178.50694999997904,effect_25-30
4626,453,Other,VISp5,855,4.789729475519583,178.50694999997904,effect_25-30
4627,455,Other,VISp5,1285,7.198599270225338,178.50694999997904,effect_25-30
4628,456,Other,VISp5,1142,6.397510012916214,178.50694999997904,effect_25-30
4629,457,Other,VISp5,400,2.240809111354191,178.50694999997904,effect_25-30
4630,458,Other,VISp5,384,2.151176746900023,178.50694999997904,effect_25-30
4631,459,Other,VISp5,596,3.3388055759177444,178.50694999997904,effect_25-30
4632,460,Other,VISp5,696,3.899007853756292,178.50694999997904,effect_25-30
4633,466,Other,VISp5,413,2.313635407473202,178.50694999997904,effect_25-30
4634,469,Other,VISp5,272,1.5237501957208497,178.50694999997904,effect_25-30
4635,472,Other,VISp5,200,1.1204045556770954,178.50694999997904,effect_25-30
4636,478,Other,VISp5,192,1.0755883734500116,178.50694999997904,effect_25-30
4637,479,Other,VISp5,317,1.7758412207481962,178.50694999997904,effect_25-30
4638,485,Other,VISp4,34,0.1904687744651062,178.50694999997904,effect_25-30
4639,488,Other,VISp4,45,0.2520910250273465,178.50694999997904,effect_25-30
4640,489,Other,VISp4,333,1.8654735852023638,178.50694999997904,effect_25-30
4641,492,Other,VISp4,227,1.2716591706935032,178.50694999997904,effect_25-30
4642,493,Other,VISp4,260,1.456525922380224,178.50694999997904,effect_25-30
4643,494,Other,VISp4,24,0.13444854668125145,178.50694999997904,effect_25-30
4644,495,Other,VISp4,115,0.6442326195143299,178.50694999997904,effect_25-30
4645,497,Other,VISp2/3,155,0.8683135306497489,178.50694999997904,effect_25-30
4646,498,Other,VISp2/3,29,0.16245866057317884,178.50694999997904,effect_25-30
4647,500,Other,VISp4,1470,8.234973484226652,178.50694999997904,effect_25-30
4648,502,Other,VISp2/3,80,0.4481618222708382,178.50694999997904,effect_25-30
4649,504,Other,VISp2/3,197,1.1035984873419389,178.50694999997904,effect_25-30
4650,520,Other,APN,261,1.4621279451586096,178.50694999997904,effect_25-30
4651,521,Other,APN,31,0.17366270612994977,178.50694999997904,effect_25-30
4652,523,Other,APN,2935,16.441936854561376,178.50694999997904,effect_25-30
4653,525,Other,APN,226,1.2660571479151177,178.50694999997904,effect_25-30
4654,530,Other,VISp4,57,0.3193152983679722,178.50694999997904,effect_25-30
4655,533,Other,VISp4,11,0.061622250562240244,178.50694999997904,effect_25-30
4656,535,Other,VISp2/3,41,0.22968293391380457,178.50694999997904,effect_25-30
4657,536,Other,VISp2/3,232,1.2996692845854307,178.50694999997904,effect_25-30
4658,537,Other,VISp2/3,101,0.5658043006169332,178.50694999997904,effect_25-30
4659,538,Other,VISp2/3,38,0.21287686557864813,178.50694999997904,effect_25-30
4660,545,Other,VISp4,76,0.42575373115729626,178.50694999997904,effect_25-30
4661,547,Thalamus,VPL,1746,9.781131771061043,178.50694999997904,effect_25-30
4662,550,Thalamus,VPL,359,2.0111261774403864,178.50694999997904,effect_25-30
4663,552,Thalamus,VPL,2255,12.632561365259251,178.50694999997904,effect_25-30
4664,553,Thalamus,VPL,1583,8.86800205818421,178.50694999997904,effect_25-30
4665,558,Thalamus,VPL,1818,10.184477411104798,178.50694999997904,effect_25-30
4666,561,Thalamus,VPL,2735,15.321532298884279,178.50694999997904,effect_25-30
4667,562,Thalamus,VPL,1762,9.870764135515211,178.50694999997904,effect_25-30
4668,564,Thalamus,VPL,685,3.837385603194052,178.50694999997904,effect_25-30
4669,565,Thalamus,VPL,2042,11.439330513463144,178.50694999997904,effect_25-30
4670,567,Thalamus,VPL,1678,9.40019422213083,178.50694999997904,effect_25-30
4671,568,Thalamus,VPL,3,0.01680606833515643,178.50694999997904,effect_25-30
4672,572,Thalamus,VPL,1808,10.128457183320942,178.50694999997904,effect_25-30
4673,575,Thalamus,VPL,3,0.01680606833515643,178.50694999997904,effect_25-30
4674,576,Thalamus,VPL,803,4.498424291043538,178.50694999997904,effect_25-30
4675,579,Thalamus,VPL,1838,10.296517866672506,178.50694999997904,effect_25-30
4676,581,Thalamus,VPL,855,4.789729475519583,178.50694999997904,effect_25-30
4677,583,Thalamus,VPL,378,2.11756461022971,178.50694999997904,effect_25-30
4678,584,Thalamus,VPL,1708,9.568254905482394,178.50694999997904,effect_25-30
4679,585,Thalamus,VPL,1119,6.268663489013349,178.50694999997904,effect_25-30
4680,586,Thalamus,VPL,75,0.42015170837891075,178.50694999997904,effect_25-30
4681,589,Thalamus,VPL,2268,12.705387661378262,178.50694999997904,effect_25-30
4682,590,Thalamus,VPL,2074,11.618595242371478,178.50694999997904,effect_25-30
4683,591,Thalamus,VPL,559,3.1315307331174815,178.50694999997904,effect_25-30
4684,593,Thalamus,VPL,865,4.845749703303437,178.50694999997904,effect_25-30
4685,594,Thalamus,VPL,638,3.5740905326099344,178.50694999997904,effect_25-30
4686,595,Thalamus,VPL,1151,6.4479282179216835,178.50694999997904,effect_25-30
4687,596,Thalamus,VPL,575,3.221163097571649,178.50694999997904,effect_25-30
4688,597,Thalamus,VPL,412,2.3080333846948164,178.50694999997904,effect_25-30
4689,598,Thalamus,VPL,2030,11.372106240122518,178.50694999997904,effect_25-30
4690,599,Thalamus,VPL,757,4.240731243237806,178.50694999997904,effect_25-30
4691,600,Thalamus,VPL,1715,9.607469064931093,178.50694999997904,effect_25-30
4692,601,Thalamus,VPL,2405,13.472864782017073,178.50694999997904,effect_25-30
4693,602,Thalamus,VPL,2364,13.243181848103267,178.50694999997904,effect_25-30
4694,603,Thalamus,VPL,1876,10.509394732251154,178.50694999997904,effect_25-30
4695,607,Thalamus,VPL,1643,9.204123424887339,178.50694999997904,effect_25-30
4696,610,Thalamus,VPL,3788,21.220462284524185,178.50694999997904,effect_25-30
4697,611,Thalamus,VPL,1318,7.383466021912058,178.50694999997904,effect_25-30
4698,612,Thalamus,VPL,720,4.033456400437544,178.50694999997904,effect_25-30
4699,616,Thalamus,VPL,1241,6.952110267976376,178.50694999997904,effect_25-30
4700,617,Thalamus,VPL,555,3.1091226420039395,178.50694999997904,effect_25-30
4701,618,Thalamus,VPL,919,5.148258933336253,178.50694999997904,effect_25-30
4702,620,Thalamus,VPL,1356,7.596342887490707,178.50694999997904,effect_25-30
4703,621,Thalamus,VPL,606,3.394825803701599,178.50694999997904,effect_25-30
4704,622,Thalamus,VPL,1376,7.708383343058416,178.50694999997904,effect_25-30
4705,623,Thalamus,VPL,629,3.523672327604465,178.50694999997904,effect_25-30
4706,626,Thalamus,VPL,847,4.744913293292499,178.50694999997904,effect_25-30
4707,629,Thalamus,VPL,1374,7.697179297501645,178.50694999997904,effect_25-30
4708,630,Thalamus,VPL,1455,8.150943142550869,178.50694999997904,effect_25-30
4709,632,Thalamus,VPL,710,3.9774361726536887,178.50694999997904,effect_25-30
4710,633,Thalamus,VPL,1368,7.663567160831333,178.50694999997904,effect_25-30
4711,634,Thalamus,VPL,2209,12.374868317453519,178.50694999997904,effect_25-30
4712,635,Thalamus,VPL,3069,17.192607906865028,178.50694999997904,effect_25-30
4713,664,RT,RT,6682,37.43271620517176,178.50694999997904,effect_25-30
4714,667,RT,RT,203,1.1372106240122517,178.50694999997904,effect_25-30
4715,670,Other,CA3,3413,19.119703742629632,178.50694999997904,effect_25-30
4716,672,Other,or,579,3.2435711886851912,178.50694999997904,effect_25-30
4717,676,Somatosensory,SSp-bfd6a,256,1.434117831266682,178.50694999997904,effect_25-30
4718,680,Somatosensory,SSp-bfd6a,54,0.30250923003281577,178.50694999997904,effect_25-30
4719,681,Somatosensory,SSp-bfd6a,47,0.26329507058411744,178.50694999997904,effect_25-30
4720,683,Somatosensory,SSp-bfd6a,74,0.4145496856005253,178.50694999997904,effect_25-30
4721,685,Somatosensory,SSp-bfd6a,930,5.209881183898493,178.50694999997904,effect_25-30
4722,686,Somatosensory,SSp-bfd6a,747,4.184711015453951,178.50694999997904,effect_25-30
4723,687,Somatosensory,SSp-bfd6a,174,0.974751963439073,178.50694999997904,effect_25-30
4724,690,Somatosensory,SSp-bfd6a,704,3.9438240359833756,178.50694999997904,effect_25-30
4725,692,Somatosensory,SSp-bfd5,402,2.252013156910962,178.50694999997904,effect_25-30
4726,695,Somatosensory,SSp-bfd5,806,4.515230359378695,178.50694999997904,effect_25-30
4727,696,Somatosensory,SSp-bfd5,327,1.831861448532051,178.50694999997904,effect_25-30
4728,697,Somatosensory,SSp-bfd5,786,4.4031899038109845,178.50694999997904,effect_25-30
4729,698,Somatosensory,SSp-bfd5,611,3.4228359175935266,178.50694999997904,effect_25-30
4730,699,Somatosensory,SSp-bfd5,722,4.044660445994315,178.50694999997904,effect_25-30
4731,700,Somatosensory,SSp-bfd5,297,1.6638007651804867,178.50694999997904,effect_25-30
4732,702,Somatosensory,SSp-bfd5,845,4.733709247735728,178.50694999997904,effect_25-30
4733,705,Somatosensory,SSp-bfd5,134,0.7506710523036539,178.50694999997904,effect_25-30
4734,706,Somatosensory,SSp-bfd5,557,3.1203266875607105,178.50694999997904,effect_25-30
4735,707,Somatosensory,SSp-bfd5,794,4.448006086038069,178.50694999997904,effect_25-30
4736,714,Somatosensory,SSp-bfd5,41,0.22968293391380457,178.50694999997904,effect_25-30
4737,715,Somatosensory,SSp-bfd5,462,2.5881345236140905,178.50694999997904,effect_25-30
4738,716,Somatosensory,SSp-bfd5,69,0.38653957170859793,178.50694999997904,effect_25-30
4739,718,Somatosensory,SSp-bfd5,415,2.324839453029973,178.50694999997904,effect_25-30
4740,719,Somatosensory,SSp-bfd5,194,1.0867924190067826,178.50694999997904,effect_25-30
4741,729,Thalamus,VPL,2073,11.612993219593093,178.50694999997904,effect_25-30
4742,730,Thalamus,VPL,156,0.8739155534281344,178.50694999997904,effect_25-30
4743,732,Thalamus,VPL,655,3.6693249198424875,178.50694999997904,effect_25-30
4744,733,Thalamus,VPL,1257,7.0417426324305445,178.50694999997904,effect_25-30
4745,734,Thalamus,VPL,204,1.1428126467906372,178.50694999997904,effect_25-30
4746,735,Thalamus,VPL,330,1.8486675168672073,178.50694999997904,effect_25-30
4747,738,Thalamus,VPL,650,3.64131480595056,178.50694999997904,effect_25-30
4748,739,Thalamus,VPL,1,0.005602022778385477,178.50694999997904,effect_25-30
4749,741,Other,or,361,2.0223302229971574,178.50694999997904,effect_25-30
4750,743,Somatosensory,SSp-bfd6a,601,3.3668156898096715,178.50694999997904,effect_25-30
4751,744,Somatosensory,SSp-bfd6a,22,0.12324450112448049,178.50694999997904,effect_25-30
4752,746,Somatosensory,SSp-bfd6a,908,5.086636682774013,178.50694999997904,effect_25-30
4753,747,Somatosensory,SSp-bfd5,28,0.15685663779479336,178.50694999997904,effect_25-30
4754,750,Somatosensory,SSp-bfd5,8,0.04481618222708381,178.50694999997904,effect_25-30
4755,751,Somatosensory,SSp-bfd4,234,1.3108733301422015,178.50694999997904,effect_25-30
4756,752,Somatosensory,SSp-bfd6a,40,0.2240809111354191,178.50694999997904,effect_25-30
4757,757,Somatosensory,SSp-bfd5,21,0.11764247834609501,178.50694999997904,effect_25-30
4758,761,STR,LSr,1904,10.666251370045948,178.50694999997904,effect_25-30
4759,763,STR,LSr,617,3.456448054263839,178.50694999997904,effect_25-30
4760,766,STR,LSr,123,0.6890488017414137,178.50694999997904,effect_25-30
4761,768,STR,LSr,677,3.792569420966968,178.50694999997904,effect_25-30
4762,769,STR,LSr,300,1.680606833515643,178.50694999997904,effect_25-30
4763,771,STR,LSr,101,0.5658043006169332,178.50694999997904,effect_25-30
4764,773,STR,LSr,5275,29.55067015598339,178.50694999997904,effect_25-30
4765,774,STR,LSr,322,1.8038513346401235,178.50694999997904,effect_25-30
4766,775,STR,LSr,644,3.607702669280247,178.50694999997904,effect_25-30
4767,777,STR,LSr,48,0.2688970933625029,178.50694999997904,effect_25-30
4768,778,STR,LSr,73,0.4089476628221398,178.50694999997904,effect_25-30
4769,779,STR,LSr,502,2.8122154347495094,178.50694999997904,effect_25-30
4770,780,STR,LSr,25,0.14005056945963693,178.50694999997904,effect_25-30
4771,781,STR,LSr,1085,6.078194714548243,178.50694999997904,effect_25-30
4772,783,STR,LSr,440,2.4648900224896098,178.50694999997904,effect_25-30
4773,784,STR,LSr,188,1.0531802823364698,178.50694999997904,effect_25-30
4774,785,STR,LSr,264,1.4789340134937659,178.50694999997904,effect_25-30
4775,786,STR,LSr,2234,12.514918886913156,178.50694999997904,effect_25-30
4776,787,STR,LSr,114,0.6386305967359444,178.50694999997904,effect_25-30
4777,788,STR,LSr,519,2.9074498219820626,178.50694999997904,effect_25-30
4778,791,STR,LSr,748,4.190313038232337,178.50694999997904,effect_25-30
4779,792,STR,LSr,360,2.016728200218772,178.50694999997904,effect_25-30
4780,793,STR,LSr,386,2.162380792456794,178.50694999997904,effect_25-30
4781,795,STR,LSr,303,1.6974129018507995,178.50694999997904,effect_25-30
4782,797,STR,LSr,20,0.11204045556770954,178.50694999997904,effect_25-30
4783,799,STR,LSr,1304,7.305037703014662,178.50694999997904,effect_25-30
4784,801,STR,LSr,65,0.364131480595056,178.50694999997904,effect_25-30
4785,802,STR,LSr,20,0.11204045556770954,178.50694999997904,effect_25-30
4786,804,STR,LSr,719,4.027854377659158,178.50694999997904,effect_25-30
4787,805,STR,LSr,612,3.428437940371912,178.50694999997904,effect_25-30
4788,807,STR,LSr,542,3.0362963458849284,178.50694999997904,effect_25-30
4789,808,STR,LSr,668,3.7421512159614987,178.50694999997904,effect_25-30
4790,810,STR,LSr,471,2.6385527286195596,178.50694999997904,effect_25-30
4791,811,STR,LSr,470,2.632950705841174,178.50694999997904,effect_25-30
4792,812,STR,LSr,659,3.691733010956029,178.50694999997904,effect_25-30
4793,813,STR,LSr,3198,17.915268845276756,178.50694999997904,effect_25-30
4794,815,STR,LSr,814,4.560046541605778,178.50694999997904,effect_25-30
4795,817,STR,LSr,1351,7.5683327735987795,178.50694999997904,effect_25-30
4796,818,STR,LSr,729,4.083874605443013,178.50694999997904,effect_25-30
4797,819,STR,LSr,280,1.5685663779479335,178.50694999997904,effect_25-30
4798,820,STR,LSr,465,2.6049405919492465,178.50694999997904,effect_25-30
4799,821,STR,LSr,75,0.42015170837891075,178.50694999997904,effect_25-30
4800,822,STR,LSr,1028,5.75887941618027,178.50694999997904,effect_25-30
4801,824,STR,LSr,322,1.8038513346401235,178.50694999997904,effect_25-30
4802,826,STR,LSr,248,1.3893016490395982,178.50694999997904,effect_25-30
4803,828,STR,LSr,119,0.6666407106278718,178.50694999997904,effect_25-30
4804,829,STR,LSr,374,2.0951565191161685,178.50694999997904,effect_25-30
4805,831,STR,LSr,549,3.075510505333627,178.50694999997904,effect_25-30
4806,832,STR,LSr,215,1.2044348973528776,178.50694999997904,effect_25-30
4807,834,STR,LSr,2446,13.702547715930876,178.50694999997904,effect_25-30
4808,835,STR,LSr,547,3.064306459776856,178.50694999997904,effect_25-30
4809,838,STR,LSr,317,1.7758412207481962,178.50694999997904,effect_25-30
4810,839,STR,LSr,468,2.621746660284403,178.50694999997904,effect_25-30
4811,840,STR,LSr,2,0.011204045556770953,178.50694999997904,effect_25-30
4812,841,STR,LSr,335,1.8766776307591349,178.50694999997904,effect_25-30
4813,842,STR,LSr,509,2.851429594198208,178.50694999997904,effect_25-30
4814,843,STR,LSr,695,3.8934058309779065,178.50694999997904,effect_25-30
4815,845,STR,LSr,654,3.663722897064102,178.50694999997904,effect_25-30
4816,846,STR,LSr,933,5.22668725223365,178.50694999997904,effect_25-30
4817,849,STR,LSr,826,4.627270814946404,178.50694999997904,effect_25-30
4818,851,STR,LSr,50,0.28010113891927385,178.50694999997904,effect_25-30
4819,852,STR,LSr,626,3.5068662592693087,178.50694999997904,effect_25-30
4820,853,STR,LSr,478,2.677766888068258,178.50694999997904,effect_25-30
4821,854,STR,LSr,454,2.5433183413870064,178.50694999997904,effect_25-30
4822,855,STR,LSr,1024,5.736471325066728,178.50694999997904,effect_25-30
4823,856,STR,LSr,1781,9.977202568304534,178.50694999997904,effect_25-30
4824,857,STR,LSr,87,0.4873759817195365,178.50694999997904,effect_25-30
4825,858,STR,LSr,508,2.8458275714198225,178.50694999997904,effect_25-30
4826,859,STR,LSr,1225,6.862477903522209,178.50694999997904,effect_25-30
4827,861,STR,LSr,843,4.722505202178957,178.50694999997904,effect_25-30
4828,862,STR,LSr,584,3.2715813025771183,178.50694999997904,effect_25-30
4829,863,STR,LSr,133,0.7450690295252684,178.50694999997904,effect_25-30
4830,864,STR,LSr,306,1.714218970185956,178.50694999997904,effect_25-30
4831,865,STR,LSr,849,4.75611733884927,178.50694999997904,effect_25-30
4832,866,STR,LSr,203,1.1372106240122517,178.50694999997904,effect_25-30
4833,868,STR,LSr,407,2.280023270802889,178.50694999997904,effect_25-30
4834,871,STR,LSr,988,5.534798505044852,178.50694999997904,effect_25-30
4835,872,STR,LSr,807,4.52083238215708,178.50694999997904,effect_25-30
4836,873,STR,LSr,61,0.3417233894815141,178.50694999997904,effect_25-30
4837,874,STR,LSr,72,0.40334564004375434,178.50694999997904,effect_25-30
4838,876,STR,LSr,1837,10.29091584389412,178.50694999997904,effect_25-30
4839,877,STR,STR,107,0.599416437287246,178.50694999997904,effect_25-30
4840,879,STR,STR,387,2.1679828152351797,178.50694999997904,effect_25-30
4841,880,STR,STR,43,0.2408869794705755,178.50694999997904,effect_25-30
4842,881,STR,STR,120,0.6722427334062572,178.50694999997904,effect_25-30
4843,882,STR,STR,126,0.7058548700765701,178.50694999997904,effect_25-30
4844,883,STR,STR,248,1.3893016490395982,178.50694999997904,effect_25-30
4845,884,STR,STR,359,2.0111261774403864,178.50694999997904,effect_25-30
4846,885,STR,STR,638,3.5740905326099344,178.50694999997904,effect_25-30
4847,886,STR,STR,53,0.29690720725443026,178.50694999997904,effect_25-30
4848,887,STR,STR,206,1.1540166923474082,178.50694999997904,effect_25-30
4849,888,STR,STR,116,0.6498346422927154,178.50694999997904,effect_25-30
4850,889,STR,STR,1176,6.587978787381321,178.50694999997904,effect_25-30
4851,890,STR,STR,13,0.0728262961190112,178.50694999997904,effect_25-30
4852,891,STR,STR,319,1.7870452663049672,178.50694999997904,effect_25-30
4853,892,STR,STR,410,2.2968293391380454,178.50694999997904,effect_25-30
4854,895,STR,STR,213,1.1932308517961066,178.50694999997904,effect_25-30
4855,897,STR,STR,15,0.08403034167578215,178.50694999997904,effect_25-30
4856,898,STR,STR,719,4.027854377659158,178.50694999997904,effect_25-30
4857,900,STR,STR,600,3.361213667031286,178.50694999997904,effect_25-30
4858,902,STR,STR,680,3.8093754893021243,178.50694999997904,effect_25-30
4859,903,STR,STR,1327,7.433884226917528,178.50694999997904,effect_25-30
4860,904,STR,STR,201,1.126006578455481,178.50694999997904,effect_25-30
4861,909,STR,LSr,425,2.3808596808138276,178.50694999997904,effect_25-30
4862,910,STR,LSr,970,5.4339620950339125,178.50694999997904,effect_25-30
4863,911,STR,LSr,202,1.1316086012338664,178.50694999997904,effect_25-30
4864,914,STR,LSr,1056,5.915736053975063,178.50694999997904,effect_25-30
4865,916,STR,LSr,575,3.221163097571649,178.50694999997904,effect_25-30
4866,917,STR,LSr,528,2.9578680269875317,178.50694999997904,effect_25-30
4867,919,STR,LSr,862,4.828943634968281,178.50694999997904,effect_25-30
4868,920,STR,LSr,148,0.8290993712010506,178.50694999997904,effect_25-30
4869,921,STR,LSr,48,0.2688970933625029,178.50694999997904,effect_25-30
4870,922,STR,LSr,111,0.621824528400788,178.50694999997904,effect_25-30
4871,923,STR,SH,554,3.103520619225554,178.50694999997904,effect_25-30
4872,924,STR,SH,663,3.714141102069571,178.50694999997904,effect_25-30
4873,925,STR,SH,472,2.644154751397945,178.50694999997904,effect_25-30
4874,927,STR,SH,254,1.4229137857099112,178.50694999997904,effect_25-30
4875,928,STR,SH,1068,5.9829603273156895,178.50694999997904,effect_25-30
4876,929,STR,SH,522,2.924255890317219,178.50694999997904,effect_25-30
4877,930,STR,SH,1100,6.162225056224025,178.50694999997904,effect_25-30
4878,932,STR,LSr,393,2.2015949519054923,178.50694999997904,effect_25-30
4879,933,STR,LSr,892,4.997004318319846,178.50694999997904,effect_25-30
4880,935,STR,LSr,192,1.0755883734500116,178.50694999997904,effect_25-30
4881,937,STR,LSr,325,1.82065740297528,178.50694999997904,effect_25-30
4882,938,STR,LSr,336,1.8822796535375201,178.50694999997904,effect_25-30
4883,940,STR,LSr,36,0.20167282002187717,178.50694999997904,effect_25-30
4884,941,STR,LSr,1090,6.10620482844017,178.50694999997904,effect_25-30
4885,943,STR,LSr,382,2.139972701343252,178.50694999997904,effect_25-30
4886,945,STR,LSr,2089,11.702625584047261,178.50694999997904,effect_25-30
4887,946,STR,LSr,845,4.733709247735728,178.50694999997904,effect_25-30
4888,947,STR,LSr,568,3.181948938122951,178.50694999997904,effect_25-30
4889,949,STR,SH,143,0.8010892573091232,178.50694999997904,effect_25-30
4890,950,STR,SH,1475,8.262983598118579,178.50694999997904,effect_25-30
4891,952,STR,SH,220,1.2324450112448049,178.50694999997904,effect_25-30
4892,953,STR,SH,116,0.6498346422927154,178.50694999997904,effect_25-30
4893,955,STR,SH,829,4.64407688328156,178.50694999997904,effect_25-30
4894,958,STR,STR,406,2.2744212480245034,178.50694999997904,effect_25-30
4895,959,STR,STR,849,4.75611733884927,178.50694999997904,effect_25-30
4896,960,STR,STR,718,4.022252354880773,178.50694999997904,effect_25-30
4897,964,STR,STR,1254,7.0249365640953885,178.50694999997904,effect_25-30
4898,965,STR,STR,704,3.9438240359833756,178.50694999997904,effect_25-30
4899,968,STR,STR,45,0.2520910250273465,178.50694999997904,effect_25-30
4900,971,STR,STR,966,5.4115540039203704,178.50694999997904,effect_25-30
4901,973,STR,STR,410,2.2968293391380454,178.50694999997904,effect_25-30
4902,974,STR,STR,438,2.4536859769328387,178.50694999997904,effect_25-30
4903,976,STR,STR,125,0.7002528472981846,178.50694999997904,effect_25-30
4904,977,STR,STR,710,3.9774361726536887,178.50694999997904,effect_25-30
4905,979,STR,STR,546,3.0587044369984704,178.50694999997904,effect_25-30
4906,980,STR,STR,13,0.0728262961190112,178.50694999997904,effect_25-30
4907,981,STR,STR,678,3.7981714437453533,178.50694999997904,effect_25-30
4908,982,STR,STR,306,1.714218970185956,178.50694999997904,effect_25-30
4909,983,STR,STR,321,1.798249311861738,178.50694999997904,effect_25-30
4910,984,STR,STR,805,4.509628336600309,178.50694999997904,effect_25-30
4911,985,STR,STR,60,0.3361213667031286,178.50694999997904,effect_25-30
4912,989,Other,ccg,2520,14.117097401531401,178.50694999997904,effect_25-30
4913,991,Other,ccg,2146,12.021940882415233,178.50694999997904,effect_25-30
4914,992,Other,ccg,29,0.16245866057317884,178.50694999997904,effect_25-30
4915,993,STR,STR,186,1.0419762367796988,178.50694999997904,effect_25-30
4916,994,Other,ccg,651,3.6469168287289455,178.50694999997904,effect_25-30
4917,995,Other,ccg,14,0.07842831889739668,178.50694999997904,effect_25-30
4918,996,Other,ccg,800,4.481618222708382,178.50694999997904,effect_25-30
4919,1005,Other,ACAv6a,0,0.0,178.50694999997904,effect_25-30
4920,1008,Other,ACAv5,26,0.1456525922380224,178.50694999997904,effect_25-30
4921,1009,Other,ACAv6a,668,3.7421512159614987,178.50694999997904,effect_25-30
4922,1011,Other,ACAv5,785,4.3975878810325995,178.50694999997904,effect_25-30
4923,1013,Other,ACAv5,48,0.2688970933625029,178.50694999997904,effect_25-30
4924,1014,Other,ACAv5,1261,7.064150723544087,178.50694999997904,effect_25-30
4925,1015,Other,ACAv5,850,4.761719361627655,178.50694999997904,effect_25-30
4926,1016,Other,ACAv6a,1,0.005602022778385477,178.50694999997904,effect_25-30
4927,1017,Other,ACAv6a,471,2.6385527286195596,178.50694999997904,effect_25-30
4928,1020,Other,ACAv5,3170,17.75841220748196,178.50694999997904,effect_25-30
4929,1021,Other,ACAv5,0,0.0,178.50694999997904,effect_25-30
4930,1025,Other,ACAv6a,1267,7.0977628602144,178.50694999997904,effect_25-30
4931,1028,Other,ACAv6a,184,1.0307721912229277,178.50694999997904,effect_25-30
4932,1030,Other,ACAv6a,33,0.18486675168672073,178.50694999997904,effect_25-30
4933,1032,Other,ACAv5,802,4.492822268265153,178.50694999997904,effect_25-30
4934,1033,Other,ACAv5,1256,7.036140609652159,178.50694999997904,effect_25-30
4935,1035,Other,ACAv5,2689,15.063839251078548,178.50694999997904,effect_25-30
4936,1036,Other,ACAv6a,424,2.375257658035442,178.50694999997904,effect_25-30
4937,1038,Other,ACAv5,0,0.0,178.50694999997904,effect_25-30
4938,1039,Other,ACAv6a,60,0.3361213667031286,178.50694999997904,effect_25-30
4939,1043,Other,ACAv6a,154,0.8627115078713634,178.50694999997904,effect_25-30
4940,1045,Other,ACAv6a,1228,6.879283971857365,178.50694999997904,effect_25-30
4941,1052,Other,ACAv6a,951,5.327523662244588,178.50694999997904,effect_25-30
4942,1055,Other,ACAv6a,387,2.1679828152351797,178.50694999997904,effect_25-30
4943,1057,Other,ACAv6a,3320,18.598715624239784,178.50694999997904,effect_25-30
4944,1058,Other,ACAv6a,2009,11.254463761776423,178.50694999997904,effect_25-30
4945,1061,Other,ACAv6a,73,0.4089476628221398,178.50694999997904,effect_25-30
4946,1062,Other,ACAv6a,1122,6.285469557348505,178.50694999997904,effect_25-30
4947,1066,Other,ACAv6a,103,0.5770083461737041,178.50694999997904,effect_25-30
4948,1069,Other,ACAv6a,134,0.7506710523036539,178.50694999997904,effect_25-30
4949,1073,Other,ACAv6a,362,2.0279322457755424,178.50694999997904,effect_25-30
4950,1074,Other,ACAv6a,289,1.6189845829534029,178.50694999997904,effect_25-30
4951,1075,Other,ACAv6a,8522,47.740438117401034,178.50694999997904,effect_25-30
4952,1083,Other,ACAv6a,393,2.2015949519054923,178.50694999997904,effect_25-30
4953,1085,Other,ACAv6a,5,0.028010113891927386,178.50694999997904,effect_25-30
4954,1086,Other,ACAv6a,2160,12.10036920131263,178.50694999997904,effect_25-30
4955,1090,Other,ACAv6a,1280,7.170589156333411,178.50694999997904,effect_25-30
4956,1091,Other,ACAv6a,93,0.5209881183898494,178.50694999997904,effect_25-30
4957,1092,Other,ACAv6a,345,1.9326978585429895,178.50694999997904,effect_25-30
4958,1093,Other,ACAv6a,24,0.13444854668125145,178.50694999997904,effect_25-30
4959,1094,Other,ACAv6a,17,0.0952343872325531,178.50694999997904,effect_25-30
4960,1095,Other,ACAv6a,105,0.5882123917304751,178.50694999997904,effect_25-30
4961,1098,Other,ACAv6a,499,2.795409366414353,178.50694999997904,effect_25-30
4962,1100,Other,ACAv6a,18,0.10083641001093858,178.50694999997904,effect_25-30
4963,1102,Other,ACAv6a,1686,9.445010404357914,178.50694999997904,effect_25-30
4964,1104,Other,ACAv6a,151,0.845905439536207,178.50694999997904,effect_25-30
4965,1105,Other,ACAd6a,629,3.523672327604465,178.50694999997904,effect_25-30
4966,1107,Other,ACAd6a,355,1.9887180863268443,178.50694999997904,effect_25-30
4967,1109,Other,ACAd6a,433,2.4256758630409117,178.50694999997904,effect_25-30
4968,1110,Other,ACAd6a,75,0.42015170837891075,178.50694999997904,effect_25-30
4969,1112,Other,ACAd6a,865,4.845749703303437,178.50694999997904,effect_25-30
4970,1113,Other,ACAd6a,3,0.01680606833515643,178.50694999997904,effect_25-30
4971,1115,Other,ACAd6a,115,0.6442326195143299,178.50694999997904,effect_25-30
4972,1118,Other,ACAd6a,463,2.593736546392476,178.50694999997904,effect_25-30
4973,1119,Other,ACAd6a,64,0.3585294578166705,178.50694999997904,effect_25-30
4974,1120,Other,ACAd6a,1368,7.663567160831333,178.50694999997904,effect_25-30
4975,1121,Other,ACAd6a,1000,5.602022778385477,178.50694999997904,effect_25-30
4976,1124,Other,ACAd6a,383,2.1455747241216376,178.50694999997904,effect_25-30
4977,1126,Other,ACAd6a,207,1.1596187151257937,178.50694999997904,effect_25-30
4978,1127,Other,ACAd6a,119,0.6666407106278718,178.50694999997904,effect_25-30
4979,1128,Other,ACAd6a,357,1.9999221318836153,178.50694999997904,effect_25-30
4980,1129,Other,ACAd6a,200,1.1204045556770954,178.50694999997904,effect_25-30
4981,1130,Other,ACAd6a,1020,5.714063233953186,178.50694999997904,effect_25-30
4982,1131,Other,ACAd6a,353,1.9775140407700733,178.50694999997904,effect_25-30
4983,1132,Other,ACAd6a,234,1.3108733301422015,178.50694999997904,effect_25-30
4984,1134,Other,ACAd6a,253,1.4173117629315257,178.50694999997904,effect_25-30
4985,1142,Other,ACAd6a,24,0.13444854668125145,178.50694999997904,effect_25-30
4986,1143,Other,ACAd6a,28,0.15685663779479336,178.50694999997904,effect_25-30
4987,1145,Other,ACAd6a,297,1.6638007651804867,178.50694999997904,effect_25-30
4988,1148,Other,ACAd6a,380,2.128768655786481,178.50694999997904,effect_25-30
4989,1149,Other,ACAd6a,30,0.1680606833515643,178.50694999997904,effect_25-30
4990,1152,Other,ACAd6a,546,3.0587044369984704,178.50694999997904,effect_25-30
4991,1154,Other,ACAd6a,93,0.5209881183898494,178.50694999997904,effect_25-30
4992,1156,Other,ACAd6a,671,3.758957284296655,178.50694999997904,effect_25-30
4993,1161,Other,ACAd6a,216,1.210036920131263,178.50694999997904,effect_25-30
4994,1163,Other,ACAd6a,4,0.022408091113541907,178.50694999997904,effect_25-30
4995,1164,Other,ACAd6a,65,0.364131480595056,178.50694999997904,effect_25-30
4996,1165,Other,ACAd6a,52,0.2913051844760448,178.50694999997904,effect_25-30
4997,1167,Motor,MOs6a,290,1.6245866057317884,178.50694999997904,effect_25-30
4998,1168,Motor,MOs6a,210,1.1764247834609503,178.50694999997904,effect_25-30
4999,1169,Motor,MOs6a,70,0.3921415944869834,178.50694999997904,effect_25-30
5000,1176,Motor,MOs6a,9,0.05041820500546929,178.50694999997904,effect_25-30
5001,1178,Motor,MOs6a,205,1.1484146695690227,178.50694999997904,effect_25-30
5002,1180,Motor,MOs6a,533,2.9858781408794592,178.50694999997904,effect_25-30
5003,1182,Motor,MOs6a,971,5.439564117812298,178.50694999997904,effect_25-30
5004,1185,Motor,MOs6a,28,0.15685663779479336,178.50694999997904,effect_25-30
5005,1187,Motor,MOs6a,89,0.49858002727630746,178.50694999997904,effect_25-30
5006,1200,Motor,MOs6a,365,2.044738314110699,178.50694999997904,effect_25-30
5007,1201,Motor,MOs6a,860,4.81773958941151,178.50694999997904,effect_25-30
5008,1202,Motor,MOs6a,0,0.0,178.50694999997904,effect_25-30
5009,1203,Motor,MOs6a,95,0.5321921639466203,178.50694999997904,effect_25-30
5010,1204,Motor,MOs6a,679,3.803773466523739,178.50694999997904,effect_25-30
5011,1207,Motor,MOs6a,1830,10.251701684445422,178.50694999997904,effect_25-30
5012,1208,Motor,MOs5,2985,16.722037993480647,178.50694999997904,effect_25-30
5013,1209,Motor,MOs5,1169,6.548764627932623,178.50694999997904,effect_25-30
5014,1215,Motor,MOs5,35,0.1960707972434917,178.50694999997904,effect_25-30
5015,1221,Motor,MOs5,25,0.14005056945963693,178.50694999997904,effect_25-30
5016,1224,Motor,MOs5,633,3.546080418718007,178.50694999997904,effect_25-30
5017,1228,Motor,MOs5,1547,8.666329238162334,178.50694999997904,effect_25-30
5018,1230,Motor,MOs5,9,0.05041820500546929,178.50694999997904,effect_25-30
5019,1233,Motor,MOs5,967,5.417156026698756,178.50694999997904,effect_25-30
5020,1235,Motor,MOs5,581,3.2547752342419622,178.50694999997904,effect_25-30
5021,1236,Motor,MOs5,831,4.655280928838331,178.50694999997904,effect_25-30
5022,1237,Motor,MOs5,1198,6.711223288505801,178.50694999997904,effect_25-30
5023,1239,Motor,MOs5,328,1.8374634713104365,178.50694999997904,effect_25-30
5024,1240,Motor,MOs5,1087,6.089398760105014,178.50694999997904,effect_25-30
5025,1246,Motor,MOs5,265,1.4845360362721514,178.50694999997904,effect_25-30
5026,1248,Motor,MOs5,4,0.022408091113541907,178.50694999997904,effect_25-30
5027,1249,Motor,MOs5,134,0.7506710523036539,178.50694999997904,effect_25-30
5028,1250,Motor,MOs5,216,1.210036920131263,178.50694999997904,effect_25-30
5029,1254,STR,LSr,539,3.019490277549772,178.50694999997904,effect_25-30
5030,1255,STR,LSr,57,0.3193152983679722,178.50694999997904,effect_25-30
5031,1256,STR,LSr,137,0.7674771206388104,178.50694999997904,effect_25-30
5032,1259,STR,LSr,104,0.5826103689520896,178.50694999997904,effect_25-30
5033,1261,STR,LSr,190,1.0643843278932406,178.50694999997904,effect_25-30
5034,1263,STR,LSr,44,0.24648900224896098,178.50694999997904,effect_25-30
5035,1264,STR,LSr,49,0.27449911614088834,178.50694999997904,effect_25-30
5036,1267,STR,LSr,281,1.574168400726319,178.50694999997904,effect_25-30
5037,1269,STR,LSr,454,2.5433183413870064,178.50694999997904,effect_25-30
5038,1270,STR,LSr,483,2.7057770019601852,178.50694999997904,effect_25-30
5039,1271,STR,LSr,664,3.7197431248479567,178.50694999997904,effect_25-30
5040,1272,STR,LSr,30,0.1680606833515643,178.50694999997904,effect_25-30
5041,1274,STR,LSr,734,4.11188471933494,178.50694999997904,effect_25-30
5042,1275,STR,STR,0,0.0,178.50694999997904,effect_25-30
5043,1280,STR,LSr,139,0.7786811661955813,178.50694999997904,effect_25-30
5044,1281,STR,LSr,1057,5.921338076753449,178.50694999997904,effect_25-30
5045,1282,STR,LSr,89,0.49858002727630746,178.50694999997904,effect_25-30
5046,1283,STR,LSr,96,0.5377941867250058,178.50694999997904,effect_25-30
5047,1284,STR,LSr,332,1.8598715624239783,178.50694999997904,effect_25-30
5048,1286,STR,STR,72,0.40334564004375434,178.50694999997904,effect_25-30
5049,1287,STR,STR,94,0.5265901411682349,178.50694999997904,effect_25-30
5050,1289,STR,STR,255,1.4285158084882965,178.50694999997904,effect_25-30
5051,1290,STR,STR,0,0.0,178.50694999997904,effect_25-30
5052,1291,STR,STR,0,0.0,178.50694999997904,effect_25-30
5053,1295,Other,ACAv6a,162,0.9075276900984472,178.50694999997904,effect_25-30
5054,1296,Other,ACAv6a,65,0.364131480595056,178.50694999997904,effect_25-30
5055,1298,Other,ACAv6a,197,1.1035984873419389,178.50694999997904,effect_25-30
5056,1301,Other,ACAv6a,22,0.12324450112448049,178.50694999997904,effect_25-30
5057,1303,Other,ACAv6a,263,1.4733319907153803,178.50694999997904,effect_25-30
5058,1304,Other,ACAv6a,1,0.005602022778385477,178.50694999997904,effect_25-30
5059,1306,Other,ACAv6a,8,0.04481618222708381,178.50694999997904,effect_25-30
5060,1307,Other,ACAv6a,36,0.20167282002187717,178.50694999997904,effect_25-30
5061,1308,Other,ACAv6a,737,4.128690787670097,178.50694999997904,effect_25-30
5062,1311,Other,ACAd6a,208,1.1652207379041792,178.50694999997904,effect_25-30
5063,1312,Other,ACAd6a,160,0.8963236445416763,178.50694999997904,effect_25-30
5064,1313,Other,ACAd6a,24,0.13444854668125145,178.50694999997904,effect_25-30
5065,1314,Other,ACAd6a,404,2.263217202467733,178.50694999997904,effect_25-30
5066,1317,Motor,MOs6a,21,0.11764247834609501,178.50694999997904,effect_25-30
5067,1318,Motor,MOs6a,89,0.49858002727630746,178.50694999997904,effect_25-30
5068,1321,Motor,MOs6a,187,1.0475782595580843,178.50694999997904,effect_25-30
5069,1322,Motor,MOs5,6,0.03361213667031286,178.50694999997904,effect_25-30
5070,1323,Motor,MOs5,4,0.022408091113541907,178.50694999997904,effect_25-30
5071,1328,Motor,MOs5,54,0.30250923003281577,178.50694999997904,effect_25-30
5072,1329,Motor,MOs5,67,0.37533552615182697,178.50694999997904,effect_25-30
5073,1330,Motor,MOs5,9,0.05041820500546929,178.50694999997904,effect_25-30
5074,1331,STR,LSr,409,2.29122731635966,178.50694999997904,effect_25-30
5075,1332,STR,LSr,41,0.22968293391380457,178.50694999997904,effect_25-30
5076,1334,STR,STR,911,5.10344275110917,178.50694999997904,effect_25-30
5077,1335,STR,STR,505,2.829021503084666,178.50694999997904,effect_25-30
5078,1336,STR,LSr,855,4.789729475519583,178.50694999997904,effect_25-30
5079,1337,Other,ccg,1,0.005602022778385477,178.50694999997904,effect_25-30
5080,1339,Other,ACAd6a,964,5.400349958363599,178.50694999997904,effect_25-30
5081,1340,Other,ACAd6a,74,0.4145496856005253,178.50694999997904,effect_25-30
5082,1341,Other,ACAd6a,15,0.08403034167578215,178.50694999997904,effect_25-30
5083,1342,Motor,MOs6a,0,0.0,178.50694999997904,effect_25-30
5084,1345,Motor,MOs5,46,0.25769304780573193,178.50694999997904,effect_25-30
5085,1347,STR,STR,0,0.0,178.50694999997904,effect_25-30
5086,1348,STR,LSr,53,0.29690720725443026,178.50694999997904,effect_25-30
5087,1349,STR,STR,13,0.0728262961190112,178.50694999997904,effect_25-30
5088,1350,Other,ACAv6a,911,5.10344275110917,178.50694999997904,effect_25-30
5089,1351,Other,ACAv6a,65,0.364131480595056,178.50694999997904,effect_25-30
5090,1354,Motor,MOs5,947,5.305115571131046,178.50694999997904,effect_25-30
5091,1356,Motor,MOs5,9,0.05041820500546929,178.50694999997904,effect_25-30
5092,1358,STR,LSr,2,0.011204045556770953,178.50694999997904,effect_25-30
5093,1360,Motor,MOs5,31,0.17366270612994977,178.50694999997904,effect_25-30
5094,1361,Motor,MOs5,25,0.14005056945963693,178.50694999997904,effect_25-30
5095,1362,Motor,MOs5,4,0.022408091113541907,178.50694999997904,effect_25-30
5096,0,Thalamus,MD,302,1.5690526294024558,192.4728299999797,effect_30-35
5097,1,Thalamus,MD,201,1.0443032400989853,192.4728299999797,effect_30-35
5098,2,Thalamus,MD,1413,7.3412959117406285,192.4728299999797,effect_30-35
5099,3,Thalamus,MD,691,3.5901171089970094,192.4728299999797,effect_30-35
5100,4,Thalamus,MD,1067,5.543639587988147,192.4728299999797,effect_30-35
5101,5,Thalamus,IAD,2355,12.23549318623438,192.4728299999797,effect_30-35
5102,6,Thalamus,IAD,1997,10.375490400386438,192.4728299999797,effect_30-35
5103,7,Thalamus,MD,675,3.506988492869727,192.4728299999797,effect_30-35
5104,8,Thalamus,MD,1527,7.933587301647516,192.4728299999797,effect_30-35
5105,11,Thalamus,MD,95,0.49357615825573936,192.4728299999797,effect_30-35
5106,13,Thalamus,MD,1699,8.827219925015802,192.4728299999797,effect_30-35
5107,14,Thalamus,MD,84,0.43642523466823274,192.4728299999797,effect_30-35
5108,16,Thalamus,MD,803,4.172017421887986,192.4728299999797,effect_30-35
5109,17,Thalamus,MD,43,0.22340815584207152,192.4728299999797,effect_30-35
5110,18,Thalamus,MD,638,3.314753568075387,192.4728299999797,effect_30-35
5111,19,Thalamus,MD,1790,9.300013929239721,192.4728299999797,effect_30-35
5112,21,Thalamus,MD,853,4.431794347285744,192.4728299999797,effect_30-35
5113,22,Thalamus,MD,1101,5.720287897258622,192.4728299999797,effect_30-35
5114,23,Thalamus,MD,1140,5.922913899068873,192.4728299999797,effect_30-35
5115,25,Thalamus,MD,2571,13.357729503952694,192.4728299999797,effect_30-35
5116,26,Thalamus,MD,649,3.3719044916628933,192.4728299999797,effect_30-35
5117,28,Thalamus,MD,2723,14.147451357161877,192.4728299999797,effect_30-35
5118,29,Thalamus,MD,909,4.722744503731232,192.4728299999797,effect_30-35
5119,31,Thalamus,MD,545,2.8315684868355575,192.4728299999797,effect_30-35
5120,33,Thalamus,MD,747,3.881067265442498,192.4728299999797,effect_30-35
5121,35,Thalamus,MD,2146,11.149625638071754,192.4728299999797,effect_30-35
5122,37,Thalamus,MD,188,0.9767612394955685,192.4728299999797,effect_30-35
5123,39,Thalamus,MD,433,2.2496681739445807,192.4728299999797,effect_30-35
5124,40,Thalamus,MD,642,3.335535722107207,192.4728299999797,effect_30-35
5125,43,Thalamus,MD,2559,13.295383041857232,192.4728299999797,effect_30-35
5126,44,Thalamus,MD,963,5.003303583160811,192.4728299999797,effect_30-35
5127,46,Thalamus,MD,1874,9.736439163907953,192.4728299999797,effect_30-35
5128,47,Thalamus,MD,1012,5.257884970050613,192.4728299999797,effect_30-35
5129,48,Thalamus,MD,2212,11.492531179596796,192.4728299999797,effect_30-35
5130,49,Thalamus,MD,1045,5.429337740813133,192.4728299999797,effect_30-35
5131,50,Thalamus,MD,1771,9.201298697588573,192.4728299999797,effect_30-35
5132,53,Thalamus,MD,1906,9.902696396162519,192.4728299999797,effect_30-35
5133,54,Thalamus,MD,903,4.691571272683501,192.4728299999797,effect_30-35
5134,57,Thalamus,MD,1143,5.938500514592738,192.4728299999797,effect_30-35
5135,58,Thalamus,MD,2680,13.924043201319806,192.4728299999797,effect_30-35
5136,60,Thalamus,MD,1187,6.167104208942765,192.4728299999797,effect_30-35
5137,63,Thalamus,MD,189,0.9819567780035237,192.4728299999797,effect_30-35
5138,65,Thalamus,MD,3097,16.090582759137103,192.4728299999797,effect_30-35
5139,66,Thalamus,MD,1943,10.094931320956858,192.4728299999797,effect_30-35
5140,67,Thalamus,MD,1352,7.024368062755364,192.4728299999797,effect_30-35
5141,68,Thalamus,MD,1032,5.3617957402097165,192.4728299999797,effect_30-35
5142,70,Thalamus,MD,225,1.1689961642899092,192.4728299999797,effect_30-35
5143,71,Thalamus,MD,334,1.7353098616570206,192.4728299999797,effect_30-35
5144,73,Thalamus,MD,806,4.187604037411852,192.4728299999797,effect_30-35
5145,74,Thalamus,MD,3950,20.522377106422848,192.4728299999797,effect_30-35
5146,75,Thalamus,MD,1361,7.071127909326961,192.4728299999797,effect_30-35
5147,76,Thalamus,MD,746,3.875871726934543,192.4728299999797,effect_30-35
5148,77,Thalamus,MD,2073,10.77035132699103,192.4728299999797,effect_30-35
5149,78,Thalamus,MD,1707,8.868784233079444,192.4728299999797,effect_30-35
5150,79,Thalamus,MD,2035,10.572920863688733,192.4728299999797,effect_30-35
5151,80,Thalamus,MD,269,1.3975998586399356,192.4728299999797,effect_30-35
5152,83,Thalamus,MD,1116,5.798220974877949,192.4728299999797,effect_30-35
5153,84,Thalamus,MD,1364,7.0867145248508265,192.4728299999797,effect_30-35
5154,86,Thalamus,MD,369,1.917153709435451,192.4728299999797,effect_30-35
5155,89,Thalamus,MD,1587,8.245319612124826,192.4728299999797,effect_30-35
5156,90,Thalamus,MD,720,3.740787725727709,192.4728299999797,effect_30-35
5157,91,Thalamus,MD,637,3.3095580295674316,192.4728299999797,effect_30-35
5158,92,Thalamus,MD,595,3.091345412233315,192.4728299999797,effect_30-35
5159,93,Thalamus,MD,238,1.236538164893326,192.4728299999797,effect_30-35
5160,95,Thalamus,MD,124,0.6442467749864388,192.4728299999797,effect_30-35
5161,96,Thalamus,MD,528,2.74324433220032,192.4728299999797,effect_30-35
5162,99,Thalamus,MD,415,2.156148480801388,192.4728299999797,effect_30-35
5163,101,Thalamus,MD,76,0.3948609266045915,192.4728299999797,effect_30-35
5164,104,Thalamus,MD,581,3.018607873121943,192.4728299999797,effect_30-35
5165,127,Other,DG-mo,1993,10.354708246354617,192.4728299999797,effect_30-35
5166,129,Other,DG-mo,22,0.11430184717501334,192.4728299999797,effect_30-35
5167,131,Other,DG-mo,259,1.3456444735603843,192.4728299999797,effect_30-35
5168,132,Other,DG-sg,1734,9.009063772794233,192.4728299999797,effect_30-35
5169,133,Other,DG-sg,1406,7.304927142184943,192.4728299999797,effect_30-35
5170,135,Other,DG-sg,39,0.2026260018102509,192.4728299999797,effect_30-35
5171,137,Other,DG-sg,5,0.025977692539775755,192.4728299999797,effect_30-35
5172,139,Other,DG-sg,60,0.3117323104773091,192.4728299999797,effect_30-35
5173,141,Other,DG-sg,93,0.48318508123982906,192.4728299999797,effect_30-35
5174,143,Other,DG-sg,475,2.467880791278697,192.4728299999797,effect_30-35
5175,145,Other,DG-sg,141,0.7325709296216764,192.4728299999797,effect_30-35
5176,149,Other,DG-po,60,0.3117323104773091,192.4728299999797,effect_30-35
5177,152,Other,CA3,62,0.3221233874932194,192.4728299999797,effect_30-35
5178,157,Other,CA3,1686,8.759677924412385,192.4728299999797,effect_30-35
5179,164,Other,CA3,280,1.4547507822274424,192.4728299999797,effect_30-35
5180,166,Other,CA3,31,0.1610616937466097,192.4728299999797,effect_30-35
5181,181,Other,CA1,516,2.6808978701048582,192.4728299999797,effect_30-35
5182,182,Other,CA1,3095,16.080191682121193,192.4728299999797,effect_30-35
5183,188,Other,CA1,303,1.5742481679104108,192.4728299999797,effect_30-35
5184,201,Other,RSPd6a,860,4.46816311684143,192.4728299999797,effect_30-35
5185,202,Other,RSPagl6a,1596,8.292079458696422,192.4728299999797,effect_30-35
5186,204,Other,RSPagl6a,169,0.8780460078444206,192.4728299999797,effect_30-35
5187,210,Other,RSPagl5,1053,5.470902048876774,192.4728299999797,effect_30-35
5188,211,Other,RSPagl5,601,3.122518643281046,192.4728299999797,effect_30-35
5189,213,Other,RSPagl5,1655,8.598616230665776,192.4728299999797,effect_30-35
5190,214,Other,RSPagl5,305,1.5846392449263211,192.4728299999797,effect_30-35
5191,215,Other,RSPagl5,1802,9.362360391335184,192.4728299999797,effect_30-35
5192,216,Other,RSPagl5,615,3.195256182392418,192.4728299999797,effect_30-35
5193,217,Other,RSPagl5,1399,7.268558372629257,192.4728299999797,effect_30-35
5194,219,Other,RSPagl5,1384,7.190625295009929,192.4728299999797,effect_30-35
5195,220,Other,RSPagl5,1493,7.756938992377041,192.4728299999797,effect_30-35
5196,222,Other,RSPagl5,1711,8.889566387111264,192.4728299999797,effect_30-35
5197,224,Other,RSPagl5,1366,7.097105601866737,192.4728299999797,effect_30-35
5198,225,Other,RSPagl5,1519,7.892022993583875,192.4728299999797,effect_30-35
5199,227,Other,RSPagl5,74,0.3844698495886812,192.4728299999797,effect_30-35
5200,232,Other,RSPagl2/3,1452,7.5439219135508795,192.4728299999797,effect_30-35
5201,233,Thalamus,MD,1536,7.980347148219113,192.4728299999797,effect_30-35
5202,234,Thalamus,MD,543,2.821177409819647,192.4728299999797,effect_30-35
5203,235,Thalamus,MD,1192,6.1930819014825405,192.4728299999797,effect_30-35
5204,236,Thalamus,MD,618,3.2108427979162837,192.4728299999797,effect_30-35
5205,237,Thalamus,MD,664,3.4498375692822205,192.4728299999797,effect_30-35
5206,238,Thalamus,MD,1042,5.413751125289267,192.4728299999797,effect_30-35
5207,239,Thalamus,MD,354,1.8392206318161235,192.4728299999797,effect_30-35
5208,241,Thalamus,MD,853,4.431794347285744,192.4728299999797,effect_30-35
5209,242,Thalamus,MD,1094,5.683919127702936,192.4728299999797,effect_30-35
5210,244,Thalamus,MD,497,2.5821826384537103,192.4728299999797,effect_30-35
5211,245,Thalamus,MD,440,2.2860369435002665,192.4728299999797,effect_30-35
5212,250,Other,DG-mo,61,0.3169278489852642,192.4728299999797,effect_30-35
5213,252,Other,DG-sg,27,0.1402795397147891,192.4728299999797,effect_30-35
5214,253,Other,DG-sg,3,0.015586615523865454,192.4728299999797,effect_30-35
5215,254,Other,DG-sg,25,0.12988846269887877,192.4728299999797,effect_30-35
5216,256,Other,DG-sg,0,0.0,192.4728299999797,effect_30-35
5217,258,Other,CA3,1110,5.767047743830218,192.4728299999797,effect_30-35
5218,259,Other,CA3,285,1.4807284747672183,192.4728299999797,effect_30-35
5219,260,Other,CA3,10,0.05195538507955151,192.4728299999797,effect_30-35
5220,263,Other,RSPagl5,1475,7.663419299233849,192.4728299999797,effect_30-35
5221,265,Other,RSPagl5,34,0.17664830927047515,192.4728299999797,effect_30-35
5222,268,Thalamus,MD,795,4.130453113824346,192.4728299999797,effect_30-35
5223,270,Other,DG-sg,24,0.12469292419092363,192.4728299999797,effect_30-35
5224,273,Other,RSPagl5,31,0.1610616937466097,192.4728299999797,effect_30-35
5225,274,Other,RSPagl5,377,1.9587180174990921,192.4728299999797,effect_30-35
5226,276,Other,CA3,14,0.07273753911137212,192.4728299999797,effect_30-35
5227,277,Other,DG-po,80,0.4156430806364121,192.4728299999797,effect_30-35
5228,280,Other,SPFp,50,0.25977692539775754,192.4728299999797,effect_30-35
5229,292,Other,MB,464,2.4107298676911904,192.4728299999797,effect_30-35
5230,293,Other,MB,533,2.769222024740096,192.4728299999797,effect_30-35
5231,335,Other,APN,6280,32.62798182995835,192.4728299999797,effect_30-35
5232,358,Other,APN,112,0.581900312890977,192.4728299999797,effect_30-35
5233,359,Other,APN,6938,36.046646168192844,192.4728299999797,effect_30-35
5234,384,Other,APN,32,0.16625723225456485,192.4728299999797,effect_30-35
5235,386,Other,APN,3,0.015586615523865454,192.4728299999797,effect_30-35
5236,388,Other,APN,236,1.2261470878774157,192.4728299999797,effect_30-35
5237,390,Other,APN,4410,22.91232482008222,192.4728299999797,effect_30-35
5238,395,Other,MB,439,2.2808414049923114,192.4728299999797,effect_30-35
5239,396,Other,APN,2902,15.077452750085849,192.4728299999797,effect_30-35
5240,399,Other,MB,151,0.7845263147012279,192.4728299999797,effect_30-35
5241,400,Other,DG-mo,325,1.6885500150854242,192.4728299999797,effect_30-35
5242,402,Other,POST,149,0.7741352376853176,192.4728299999797,effect_30-35
5243,410,Other,SUB,894,4.644811426111906,192.4728299999797,effect_30-35
5244,425,Other,VISp6a,42,0.21821261733411637,192.4728299999797,effect_30-35
5245,426,Other,VISp6a,312,1.6210080144820072,192.4728299999797,effect_30-35
5246,427,Other,VISp6a,766,3.979782497093646,192.4728299999797,effect_30-35
5247,430,Other,VISp6a,594,3.08614987372536,192.4728299999797,effect_30-35
5248,431,Other,VISp6a,212,1.101454163686492,192.4728299999797,effect_30-35
5249,432,Other,VISp5,1295,6.728222367801921,192.4728299999797,effect_30-35
5250,433,Other,VISp6a,167,0.8676549308285103,192.4728299999797,effect_30-35
5251,436,Other,VISp6a,1834,9.528617623589748,192.4728299999797,effect_30-35
5252,437,Other,VISp5,410,2.130170788261612,192.4728299999797,effect_30-35
5253,439,Other,VISp5,910,4.7279400422391875,192.4728299999797,effect_30-35
5254,440,Other,VISp5,610,3.1692784898526423,192.4728299999797,effect_30-35
5255,442,Other,VISp5,1100,5.715092358750667,192.4728299999797,effect_30-35
5256,443,Other,VISp5,1394,7.242580680089481,192.4728299999797,effect_30-35
5257,444,Other,VISp5,1720,8.93632623368286,192.4728299999797,effect_30-35
5258,445,Other,VISp5,930,4.831850812398291,192.4728299999797,effect_30-35
5259,446,Other,VISp5,1220,6.3385569797052845,192.4728299999797,effect_30-35
5260,447,Other,VISp5,484,2.5146406378502935,192.4728299999797,effect_30-35
5261,449,Other,VISp5,1427,7.414033450852001,192.4728299999797,effect_30-35
5262,452,Other,VISp5,275,1.4287730896876667,192.4728299999797,effect_30-35
5263,453,Other,VISp5,916,4.759113273286919,192.4728299999797,effect_30-35
5264,455,Other,VISp5,1275,6.624311597642818,192.4728299999797,effect_30-35
5265,456,Other,VISp5,1054,5.4760975873847295,192.4728299999797,effect_30-35
5266,457,Other,VISp5,349,1.8132429392763478,192.4728299999797,effect_30-35
5267,458,Other,VISp5,441,2.2912324820082217,192.4728299999797,effect_30-35
5268,459,Other,VISp5,534,2.774417563248051,192.4728299999797,effect_30-35
5269,460,Other,VISp5,799,4.151235267856166,192.4728299999797,effect_30-35
5270,466,Other,VISp5,257,1.335253396544474,192.4728299999797,effect_30-35
5271,469,Other,VISp5,292,1.5170972443229043,192.4728299999797,effect_30-35
5272,472,Other,VISp5,180,0.9351969314319273,192.4728299999797,effect_30-35
5273,478,Other,VISp5,159,0.8260906227648691,192.4728299999797,effect_30-35
5274,479,Other,VISp5,507,2.6341380235332617,192.4728299999797,effect_30-35
5275,485,Other,VISp4,33,0.17145277076252,192.4728299999797,effect_30-35
5276,488,Other,VISp4,68,0.3532966185409503,192.4728299999797,effect_30-35
5277,489,Other,VISp4,308,1.6002258604501867,192.4728299999797,effect_30-35
5278,492,Other,VISp4,224,1.163800625781954,192.4728299999797,effect_30-35
5279,493,Other,VISp4,226,1.1741917027978641,192.4728299999797,effect_30-35
5280,494,Other,VISp4,20,0.10391077015910302,192.4728299999797,effect_30-35
5281,495,Other,VISp4,91,0.47279400422391876,192.4728299999797,effect_30-35
5282,497,Other,VISp2/3,230,1.1949738568296848,192.4728299999797,effect_30-35
5283,498,Other,VISp2/3,44,0.22860369435002667,192.4728299999797,effect_30-35
5284,500,Other,VISp4,1502,7.8036988389486375,192.4728299999797,effect_30-35
5285,502,Other,VISp2/3,71,0.36888323406481577,192.4728299999797,effect_30-35
5286,504,Other,VISp2/3,238,1.236538164893326,192.4728299999797,effect_30-35
5287,520,Other,APN,325,1.6885500150854242,192.4728299999797,effect_30-35
5288,521,Other,APN,35,0.1818438477784303,192.4728299999797,effect_30-35
5289,523,Other,APN,3035,15.768459371643884,192.4728299999797,effect_30-35
5290,525,Other,APN,301,1.5638570908945006,192.4728299999797,effect_30-35
5291,530,Other,VISp4,68,0.3532966185409503,192.4728299999797,effect_30-35
5292,533,Other,VISp4,9,0.04675984657159636,192.4728299999797,effect_30-35
5293,535,Other,VISp2/3,42,0.21821261733411637,192.4728299999797,effect_30-35
5294,536,Other,VISp2/3,380,1.9743046330229574,192.4728299999797,effect_30-35
5295,537,Other,VISp2/3,129,0.6702244675262146,192.4728299999797,effect_30-35
5296,538,Other,VISp2/3,43,0.22340815584207152,192.4728299999797,effect_30-35
5297,545,Other,VISp4,52,0.2701680024136679,192.4728299999797,effect_30-35
5298,547,Thalamus,VPL,1751,9.09738792742947,192.4728299999797,effect_30-35
5299,550,Thalamus,VPL,449,2.332796790071863,192.4728299999797,effect_30-35
5300,552,Thalamus,VPL,2656,13.799350277128882,192.4728299999797,effect_30-35
5301,553,Thalamus,VPL,1378,7.159452063962199,192.4728299999797,effect_30-35
5302,558,Thalamus,VPL,1993,10.354708246354617,192.4728299999797,effect_30-35
5303,561,Thalamus,VPL,3015,15.664548601484782,192.4728299999797,effect_30-35
5304,562,Thalamus,VPL,2014,10.463814555021674,192.4728299999797,effect_30-35
5305,564,Thalamus,VPL,574,2.9822391035662568,192.4728299999797,effect_30-35
5306,565,Thalamus,VPL,2046,10.63007178727624,192.4728299999797,effect_30-35
5307,567,Thalamus,VPL,1789,9.294818390731766,192.4728299999797,effect_30-35
5308,568,Thalamus,VPL,3,0.015586615523865454,192.4728299999797,effect_30-35
5309,572,Thalamus,VPL,1367,7.102301140374692,192.4728299999797,effect_30-35
5310,575,Thalamus,VPL,0,0.0,192.4728299999797,effect_30-35
5311,576,Thalamus,VPL,894,4.644811426111906,192.4728299999797,effect_30-35
5312,579,Thalamus,VPL,2184,11.34705610137405,192.4728299999797,effect_30-35
5313,581,Thalamus,VPL,1147,5.959282668624558,192.4728299999797,effect_30-35
5314,583,Thalamus,VPL,571,2.9666524880423912,192.4728299999797,effect_30-35
5315,584,Thalamus,VPL,2034,10.567725325180778,192.4728299999797,effect_30-35
5316,585,Thalamus,VPL,1323,6.873697446024665,192.4728299999797,effect_30-35
5317,586,Thalamus,VPL,69,0.35849215704890547,192.4728299999797,effect_30-35
5318,589,Thalamus,VPL,1699,8.827219925015802,192.4728299999797,effect_30-35
5319,590,Thalamus,VPL,2644,13.73700381503342,192.4728299999797,effect_30-35
5320,591,Thalamus,VPL,635,3.2991669525515213,192.4728299999797,effect_30-35
5321,593,Thalamus,VPL,781,4.057715574712973,192.4728299999797,effect_30-35
5322,594,Thalamus,VPL,622,3.231624951948104,192.4728299999797,effect_30-35
5323,595,Thalamus,VPL,1391,7.226994064565615,192.4728299999797,effect_30-35
5324,596,Thalamus,VPL,819,4.255146038015269,192.4728299999797,effect_30-35
5325,597,Thalamus,VPL,446,2.3172101745479976,192.4728299999797,effect_30-35
5326,598,Thalamus,VPL,2465,12.807002422109449,192.4728299999797,effect_30-35
5327,599,Thalamus,VPL,675,3.506988492869727,192.4728299999797,effect_30-35
5328,600,Thalamus,VPL,1447,7.517944221011104,192.4728299999797,effect_30-35
5329,601,Thalamus,VPL,2256,11.721134873946822,192.4728299999797,effect_30-35
5330,602,Thalamus,VPL,2829,14.698178439005122,192.4728299999797,effect_30-35
5331,603,Thalamus,VPL,1740,9.040237003841963,192.4728299999797,effect_30-35
5332,607,Thalamus,VPL,1784,9.26884069819199,192.4728299999797,effect_30-35
5333,610,Thalamus,VPL,3383,17.576506772412277,192.4728299999797,effect_30-35
5334,611,Thalamus,VPL,1614,8.385599151839614,192.4728299999797,effect_30-35
5335,612,Thalamus,VPL,662,3.43944649226631,192.4728299999797,effect_30-35
5336,616,Thalamus,VPL,1161,6.032020207735931,192.4728299999797,effect_30-35
5337,617,Thalamus,VPL,635,3.2991669525515213,192.4728299999797,effect_30-35
5338,618,Thalamus,VPL,861,4.473358655349386,192.4728299999797,effect_30-35
5339,620,Thalamus,VPL,1582,8.21934191958505,192.4728299999797,effect_30-35
5340,621,Thalamus,VPL,663,3.4446420307742653,192.4728299999797,effect_30-35
5341,622,Thalamus,VPL,1199,6.229450671038227,192.4728299999797,effect_30-35
5342,623,Thalamus,VPL,845,4.390230039222103,192.4728299999797,effect_30-35
5343,626,Thalamus,VPL,714,3.709614494679978,192.4728299999797,effect_30-35
5344,629,Thalamus,VPL,1736,9.019454849810144,192.4728299999797,effect_30-35
5345,630,Thalamus,VPL,1599,8.307666074220288,192.4728299999797,effect_30-35
5346,632,Thalamus,VPL,764,3.9693914200777356,192.4728299999797,effect_30-35
5347,633,Thalamus,VPL,1698,8.822024386507847,192.4728299999797,effect_30-35
5348,634,Thalamus,VPL,2134,11.087279175976294,192.4728299999797,effect_30-35
5349,635,Thalamus,VPL,2928,15.212536751292683,192.4728299999797,effect_30-35
5350,664,RT,RT,6775,35.19977339139615,192.4728299999797,effect_30-35
5351,667,RT,RT,695,3.61089926302883,192.4728299999797,effect_30-35
5352,670,Other,CA3,3281,17.046561844600852,192.4728299999797,effect_30-35
5353,672,Other,or,752,3.907044957982274,192.4728299999797,effect_30-35
5354,676,Somatosensory,SSp-bfd6a,317,1.646985707021783,192.4728299999797,effect_30-35
5355,680,Somatosensory,SSp-bfd6a,55,0.2857546179375333,192.4728299999797,effect_30-35
5356,681,Somatosensory,SSp-bfd6a,45,0.23379923285798182,192.4728299999797,effect_30-35
5357,683,Somatosensory,SSp-bfd6a,37,0.1922349247943406,192.4728299999797,effect_30-35
5358,685,Somatosensory,SSp-bfd6a,905,4.701962349699412,192.4728299999797,effect_30-35
5359,686,Somatosensory,SSp-bfd6a,694,3.605703724520875,192.4728299999797,effect_30-35
5360,687,Somatosensory,SSp-bfd6a,273,1.4183820126717563,192.4728299999797,effect_30-35
5361,690,Somatosensory,SSp-bfd6a,747,3.881067265442498,192.4728299999797,effect_30-35
5362,692,Somatosensory,SSp-bfd5,361,1.8755894013718097,192.4728299999797,effect_30-35
5363,695,Somatosensory,SSp-bfd5,1197,6.219059594022316,192.4728299999797,effect_30-35
5364,696,Somatosensory,SSp-bfd5,180,0.9351969314319273,192.4728299999797,effect_30-35
5365,697,Somatosensory,SSp-bfd5,806,4.187604037411852,192.4728299999797,effect_30-35
5366,698,Somatosensory,SSp-bfd5,686,3.564139416457234,192.4728299999797,effect_30-35
5367,699,Somatosensory,SSp-bfd5,721,3.7459832642356643,192.4728299999797,effect_30-35
5368,700,Somatosensory,SSp-bfd5,344,1.7872652467365722,192.4728299999797,effect_30-35
5369,702,Somatosensory,SSp-bfd5,1050,5.455315433352909,192.4728299999797,effect_30-35
5370,705,Somatosensory,SSp-bfd5,144,0.7481575451455418,192.4728299999797,effect_30-35
5371,706,Somatosensory,SSp-bfd5,1030,5.351404663193806,192.4728299999797,effect_30-35
5372,707,Somatosensory,SSp-bfd5,876,4.551291732968712,192.4728299999797,effect_30-35
5373,714,Somatosensory,SSp-bfd5,39,0.2026260018102509,192.4728299999797,effect_30-35
5374,715,Somatosensory,SSp-bfd5,100,0.5195538507955151,192.4728299999797,effect_30-35
5375,716,Somatosensory,SSp-bfd5,92,0.47798954273187394,192.4728299999797,effect_30-35
5376,718,Somatosensory,SSp-bfd5,537,2.790004178771916,192.4728299999797,effect_30-35
5377,719,Somatosensory,SSp-bfd5,493,2.5614004844218896,192.4728299999797,effect_30-35
5378,729,Thalamus,VPL,2299,11.944543029788893,192.4728299999797,effect_30-35
5379,730,Thalamus,VPL,176,0.9144147774001067,192.4728299999797,effect_30-35
5380,732,Thalamus,VPL,625,3.2472115674719695,192.4728299999797,effect_30-35
5381,733,Thalamus,VPL,1308,6.795764368405338,192.4728299999797,effect_30-35
5382,734,Thalamus,VPL,162,0.8416772382887345,192.4728299999797,effect_30-35
5383,735,Thalamus,VPL,433,2.2496681739445807,192.4728299999797,effect_30-35
5384,738,Thalamus,VPL,679,3.5277706469015477,192.4728299999797,effect_30-35
5385,739,Thalamus,VPL,2,0.010391077015910303,192.4728299999797,effect_30-35
5386,741,Other,or,347,1.8028518622604375,192.4728299999797,effect_30-35
5387,743,Somatosensory,SSp-bfd6a,536,2.7848086402639614,192.4728299999797,effect_30-35
5388,744,Somatosensory,SSp-bfd6a,18,0.09351969314319272,192.4728299999797,effect_30-35
5389,746,Somatosensory,SSp-bfd6a,912,4.738331119255098,192.4728299999797,effect_30-35
5390,747,Somatosensory,SSp-bfd5,11,0.05715092358750667,192.4728299999797,effect_30-35
5391,750,Somatosensory,SSp-bfd5,39,0.2026260018102509,192.4728299999797,effect_30-35
5392,751,Somatosensory,SSp-bfd4,301,1.5638570908945006,192.4728299999797,effect_30-35
5393,752,Somatosensory,SSp-bfd6a,45,0.23379923285798182,192.4728299999797,effect_30-35
5394,757,Somatosensory,SSp-bfd5,56,0.2909501564454885,192.4728299999797,effect_30-35
5395,761,STR,LSr,1953,10.14688670603641,192.4728299999797,effect_30-35
5396,763,STR,LSr,620,3.221233874932194,192.4728299999797,effect_30-35
5397,766,STR,LSr,51,0.2649724639057127,192.4728299999797,effect_30-35
5398,768,STR,LSr,895,4.650006964619861,192.4728299999797,effect_30-35
5399,769,STR,LSr,352,1.8288295548002134,192.4728299999797,effect_30-35
5400,771,STR,LSr,104,0.5403360048273358,192.4728299999797,effect_30-35
5401,773,STR,LSr,5680,29.51065872518526,192.4728299999797,effect_30-35
5402,774,STR,LSr,354,1.8392206318161235,192.4728299999797,effect_30-35
5403,775,STR,LSr,599,3.1121275662651358,192.4728299999797,effect_30-35
5404,777,STR,LSr,52,0.2701680024136679,192.4728299999797,effect_30-35
5405,778,STR,LSr,81,0.42083861914436727,192.4728299999797,effect_30-35
5406,779,STR,LSr,565,2.9354792569946606,192.4728299999797,effect_30-35
5407,780,STR,LSr,32,0.16625723225456485,192.4728299999797,effect_30-35
5408,781,STR,LSr,1252,6.504814211959849,192.4728299999797,effect_30-35
5409,783,STR,LSr,368,1.9119581709274958,192.4728299999797,effect_30-35
5410,784,STR,LSr,196,1.0183255475592097,192.4728299999797,effect_30-35
5411,785,STR,LSr,297,1.54307493686268,192.4728299999797,effect_30-35
5412,786,STR,LSr,2454,12.749851498521942,192.4728299999797,effect_30-35
5413,787,STR,LSr,70,0.3636876955568606,192.4728299999797,effect_30-35
5414,788,STR,LSr,354,1.8392206318161235,192.4728299999797,effect_30-35
5415,791,STR,LSr,774,4.021346805157287,192.4728299999797,effect_30-35
5416,792,STR,LSr,349,1.8132429392763478,192.4728299999797,effect_30-35
5417,793,STR,LSr,394,2.0470421721343297,192.4728299999797,effect_30-35
5418,795,STR,LSr,225,1.1689961642899092,192.4728299999797,effect_30-35
5419,797,STR,LSr,12,0.06234646209546182,192.4728299999797,effect_30-35
5420,799,STR,LSr,1478,7.679005914757714,192.4728299999797,effect_30-35
5421,801,STR,LSr,69,0.35849215704890547,192.4728299999797,effect_30-35
5422,802,STR,LSr,37,0.1922349247943406,192.4728299999797,effect_30-35
5423,804,STR,LSr,731,3.7979386493152156,192.4728299999797,effect_30-35
5424,805,STR,LSr,594,3.08614987372536,192.4728299999797,effect_30-35
5425,807,STR,LSr,598,3.1069320277571806,192.4728299999797,effect_30-35
5426,808,STR,LSr,740,3.8446984958868122,192.4728299999797,effect_30-35
5427,810,STR,LSr,429,2.22888601991276,192.4728299999797,effect_30-35
5428,811,STR,LSr,466,2.4211209447071007,192.4728299999797,effect_30-35
5429,812,STR,LSr,560,2.9095015644548847,192.4728299999797,effect_30-35
5430,813,STR,LSr,3404,17.685613081079335,192.4728299999797,effect_30-35
5431,815,STR,LSr,724,3.7615698797595294,192.4728299999797,effect_30-35
5432,817,STR,LSr,1393,7.237385141581526,192.4728299999797,effect_30-35
5433,818,STR,LSr,804,4.177212960395941,192.4728299999797,effect_30-35
5434,819,STR,LSr,364,1.891176016895675,192.4728299999797,effect_30-35
5435,820,STR,LSr,485,2.5198361763582486,192.4728299999797,effect_30-35
5436,821,STR,LSr,50,0.25977692539775754,192.4728299999797,effect_30-35
5437,822,STR,LSr,1114,5.787829897862038,192.4728299999797,effect_30-35
5438,824,STR,LSr,381,1.9795001715309126,192.4728299999797,effect_30-35
5439,826,STR,LSr,352,1.8288295548002134,192.4728299999797,effect_30-35
5440,828,STR,LSr,127,0.6598333905103042,192.4728299999797,effect_30-35
5441,829,STR,LSr,299,1.5534660138785903,192.4728299999797,effect_30-35
5442,831,STR,LSr,671,3.4862063388379068,192.4728299999797,effect_30-35
5443,832,STR,LSr,296,1.5378793983547248,192.4728299999797,effect_30-35
5444,834,STR,LSr,2614,13.581137659794766,192.4728299999797,effect_30-35
5445,835,STR,LSr,578,3.0030212575980775,192.4728299999797,effect_30-35
5446,838,STR,LSr,398,2.0678243261661504,192.4728299999797,effect_30-35
5447,839,STR,LSr,535,2.779613101756006,192.4728299999797,effect_30-35
5448,840,STR,LSr,6,0.03117323104773091,192.4728299999797,effect_30-35
5449,841,STR,LSr,345,1.7924607852445271,192.4728299999797,effect_30-35
5450,842,STR,LSr,658,3.4186643382344895,192.4728299999797,effect_30-35
5451,843,STR,LSr,753,3.912240496490229,192.4728299999797,effect_30-35
5452,845,STR,LSr,858,4.45777203982552,192.4728299999797,effect_30-35
5453,846,STR,LSr,881,4.577269425508488,192.4728299999797,effect_30-35
5454,849,STR,LSr,918,4.769504350302829,192.4728299999797,effect_30-35
5455,851,STR,LSr,34,0.17664830927047515,192.4728299999797,effect_30-35
5456,852,STR,LSr,664,3.4498375692822205,192.4728299999797,effect_30-35
5457,853,STR,LSr,875,4.546096194460757,192.4728299999797,effect_30-35
5458,854,STR,LSr,468,2.431512021723011,192.4728299999797,effect_30-35
5459,855,STR,LSr,1046,5.434533279321088,192.4728299999797,effect_30-35
5460,856,STR,LSr,1935,10.053367012893219,192.4728299999797,effect_30-35
5461,857,STR,LSr,95,0.49357615825573936,192.4728299999797,effect_30-35
5462,858,STR,LSr,582,3.023803411629898,192.4728299999797,effect_30-35
5463,859,STR,LSr,1324,6.87889298453262,192.4728299999797,effect_30-35
5464,861,STR,LSr,815,4.234363883983448,192.4728299999797,effect_30-35
5465,862,STR,LSr,612,3.1796695668685526,192.4728299999797,effect_30-35
5466,863,STR,LSr,107,0.5559226203512012,192.4728299999797,effect_30-35
5467,864,STR,LSr,361,1.8755894013718097,192.4728299999797,effect_30-35
5468,865,STR,LSr,940,4.883806197477842,192.4728299999797,effect_30-35
5469,866,STR,LSr,252,1.309275704004698,192.4728299999797,effect_30-35
5470,868,STR,LSr,319,1.6573767840376934,192.4728299999797,effect_30-35
5471,871,STR,LSr,895,4.650006964619861,192.4728299999797,effect_30-35
5472,872,STR,LSr,921,4.7850909658266945,192.4728299999797,effect_30-35
5473,873,STR,LSr,61,0.3169278489852642,192.4728299999797,effect_30-35
5474,874,STR,LSr,134,0.6962021600659903,192.4728299999797,effect_30-35
5475,876,STR,LSr,1957,10.16766886006823,192.4728299999797,effect_30-35
5476,877,STR,STR,139,0.722179852605766,192.4728299999797,effect_30-35
5477,879,STR,STR,411,2.1353663267695673,192.4728299999797,effect_30-35
5478,880,STR,STR,56,0.2909501564454885,192.4728299999797,effect_30-35
5479,881,STR,STR,260,1.3508400120683393,192.4728299999797,effect_30-35
5480,882,STR,STR,186,0.9663701624796581,192.4728299999797,effect_30-35
5481,883,STR,STR,288,1.4963150902910836,192.4728299999797,effect_30-35
5482,884,STR,STR,412,2.1405618652775225,192.4728299999797,effect_30-35
5483,885,STR,STR,734,3.813525264839081,192.4728299999797,effect_30-35
5484,886,STR,STR,37,0.1922349247943406,192.4728299999797,effect_30-35
5485,887,STR,STR,280,1.4547507822274424,192.4728299999797,effect_30-35
5486,888,STR,STR,341,1.7716786312127066,192.4728299999797,effect_30-35
5487,889,STR,STR,1164,6.047606823259796,192.4728299999797,effect_30-35
5488,890,STR,STR,13,0.06754200060341697,192.4728299999797,effect_30-35
5489,891,STR,STR,348,1.8080474007683927,192.4728299999797,effect_30-35
5490,892,STR,STR,658,3.4186643382344895,192.4728299999797,effect_30-35
5491,895,STR,STR,295,1.5326838598467696,192.4728299999797,effect_30-35
5492,897,STR,STR,13,0.06754200060341697,192.4728299999797,effect_30-35
5493,898,STR,STR,827,4.2967103460789104,192.4728299999797,effect_30-35
5494,900,STR,STR,622,3.231624951948104,192.4728299999797,effect_30-35
5495,902,STR,STR,625,3.2472115674719695,192.4728299999797,effect_30-35
5496,903,STR,STR,1380,7.1698431409781085,192.4728299999797,effect_30-35
5497,904,STR,STR,160,0.8312861612728242,192.4728299999797,effect_30-35
5498,909,STR,LSr,507,2.6341380235332617,192.4728299999797,effect_30-35
5499,910,STR,LSr,935,4.857828504938067,192.4728299999797,effect_30-35
5500,911,STR,LSr,228,1.1845827798137745,192.4728299999797,effect_30-35
5501,914,STR,LSr,1003,5.211125123479017,192.4728299999797,effect_30-35
5502,916,STR,LSr,613,3.184865105376508,192.4728299999797,effect_30-35
5503,917,STR,LSr,532,2.7640264862321406,192.4728299999797,effect_30-35
5504,919,STR,LSr,721,3.7459832642356643,192.4728299999797,effect_30-35
5505,920,STR,LSr,110,0.5715092358750666,192.4728299999797,effect_30-35
5506,921,STR,LSr,50,0.25977692539775754,192.4728299999797,effect_30-35
5507,922,STR,LSr,133,0.6910066215580352,192.4728299999797,effect_30-35
5508,923,STR,SH,395,2.052237710642285,192.4728299999797,effect_30-35
5509,924,STR,SH,892,4.634420349095995,192.4728299999797,effect_30-35
5510,925,STR,SH,520,2.7016800241366785,192.4728299999797,effect_30-35
5511,927,STR,SH,278,1.444359705211532,192.4728299999797,effect_30-35
5512,928,STR,SH,963,5.003303583160811,192.4728299999797,effect_30-35
5513,929,STR,SH,454,2.3587744826116386,192.4728299999797,effect_30-35
5514,930,STR,SH,1077,5.595594973067698,192.4728299999797,effect_30-35
5515,932,STR,LSr,448,2.327601251563908,192.4728299999797,effect_30-35
5516,933,STR,LSr,887,4.608442656556219,192.4728299999797,effect_30-35
5517,935,STR,LSr,156,0.8105040072410036,192.4728299999797,effect_30-35
5518,937,STR,LSr,392,2.0366510951184194,192.4728299999797,effect_30-35
5519,938,STR,LSr,392,2.0366510951184194,192.4728299999797,effect_30-35
5520,940,STR,LSr,55,0.2857546179375333,192.4728299999797,effect_30-35
5521,941,STR,LSr,986,5.122800968843779,192.4728299999797,effect_30-35
5522,943,STR,LSr,280,1.4547507822274424,192.4728299999797,effect_30-35
5523,945,STR,LSr,2134,11.087279175976294,192.4728299999797,effect_30-35
5524,946,STR,LSr,882,4.582464964016443,192.4728299999797,effect_30-35
5525,947,STR,LSr,804,4.177212960395941,192.4728299999797,effect_30-35
5526,949,STR,SH,174,0.9040237003841963,192.4728299999797,effect_30-35
5527,950,STR,SH,1410,7.325709296216764,192.4728299999797,effect_30-35
5528,952,STR,SH,150,0.7793307761932727,192.4728299999797,effect_30-35
5529,953,STR,SH,2,0.010391077015910303,192.4728299999797,effect_30-35
5530,955,STR,SH,878,4.561682809984623,192.4728299999797,effect_30-35
5531,958,STR,STR,345,1.7924607852445271,192.4728299999797,effect_30-35
5532,959,STR,STR,775,4.026542343665242,192.4728299999797,effect_30-35
5533,960,STR,STR,872,4.530509578936892,192.4728299999797,effect_30-35
5534,964,STR,STR,1181,6.1359309778950335,192.4728299999797,effect_30-35
5535,965,STR,STR,791,4.109670959792525,192.4728299999797,effect_30-35
5536,968,STR,STR,121,0.6286601594625734,192.4728299999797,effect_30-35
5537,971,STR,STR,1089,5.65794143516316,192.4728299999797,effect_30-35
5538,973,STR,STR,633,3.288775875535611,192.4728299999797,effect_30-35
5539,974,STR,STR,597,3.1017364892492254,192.4728299999797,effect_30-35
5540,976,STR,STR,185,0.9611746239717031,192.4728299999797,effect_30-35
5541,977,STR,STR,744,3.8654806499186325,192.4728299999797,effect_30-35
5542,979,STR,STR,610,3.1692784898526423,192.4728299999797,effect_30-35
5543,980,STR,STR,38,0.19743046330229574,192.4728299999797,effect_30-35
5544,981,STR,STR,589,3.060172181185584,192.4728299999797,effect_30-35
5545,982,STR,STR,297,1.54307493686268,192.4728299999797,effect_30-35
5546,983,STR,STR,365,1.8963715554036302,192.4728299999797,effect_30-35
5547,984,STR,STR,654,3.397882184202669,192.4728299999797,effect_30-35
5548,985,STR,STR,88,0.45720738870005334,192.4728299999797,effect_30-35
5549,989,Other,ccg,2466,12.812197960617404,192.4728299999797,effect_30-35
5550,991,Other,ccg,2231,11.591246411247942,192.4728299999797,effect_30-35
5551,992,Other,ccg,35,0.1818438477784303,192.4728299999797,effect_30-35
5552,993,STR,STR,249,1.2936890884808327,192.4728299999797,effect_30-35
5553,994,Other,ccg,819,4.255146038015269,192.4728299999797,effect_30-35
5554,995,Other,ccg,25,0.12988846269887877,192.4728299999797,effect_30-35
5555,996,Other,ccg,1127,5.855371898465456,192.4728299999797,effect_30-35
5556,1005,Other,ACAv6a,0,0.0,192.4728299999797,effect_30-35
5557,1008,Other,ACAv5,13,0.06754200060341697,192.4728299999797,effect_30-35
5558,1009,Other,ACAv6a,683,3.5485528009333684,192.4728299999797,effect_30-35
5559,1011,Other,ACAv5,1171,6.083975592815483,192.4728299999797,effect_30-35
5560,1013,Other,ACAv5,65,0.3377100030170848,192.4728299999797,effect_30-35
5561,1014,Other,ACAv5,1316,6.837328676468979,192.4728299999797,effect_30-35
5562,1015,Other,ACAv5,277,1.4391641667035768,192.4728299999797,effect_30-35
5563,1016,Other,ACAv6a,0,0.0,192.4728299999797,effect_30-35
5564,1017,Other,ACAv6a,646,3.3563178761390278,192.4728299999797,effect_30-35
5565,1020,Other,ACAv5,3812,19.805392792325037,192.4728299999797,effect_30-35
5566,1021,Other,ACAv5,0,0.0,192.4728299999797,effect_30-35
5567,1025,Other,ACAv6a,1723,8.951912849206726,192.4728299999797,effect_30-35
5568,1028,Other,ACAv6a,158,0.8208950842569139,192.4728299999797,effect_30-35
5569,1030,Other,ACAv6a,35,0.1818438477784303,192.4728299999797,effect_30-35
5570,1032,Other,ACAv5,884,4.592856041032354,192.4728299999797,effect_30-35
5571,1033,Other,ACAv5,1184,6.151517593418899,192.4728299999797,effect_30-35
5572,1035,Other,ACAv5,2897,15.051475057546073,192.4728299999797,effect_30-35
5573,1036,Other,ACAv6a,416,2.161344019309343,192.4728299999797,effect_30-35
5574,1038,Other,ACAv5,2,0.010391077015910303,192.4728299999797,effect_30-35
5575,1039,Other,ACAv6a,616,3.2004517209003733,192.4728299999797,effect_30-35
5576,1043,Other,ACAv6a,372,1.9327403249593162,192.4728299999797,effect_30-35
5577,1045,Other,ACAv6a,1352,7.024368062755364,192.4728299999797,effect_30-35
5578,1052,Other,ACAv6a,1099,5.709896820242712,192.4728299999797,effect_30-35
5579,1055,Other,ACAv6a,139,0.722179852605766,192.4728299999797,effect_30-35
5580,1057,Other,ACAv6a,3918,20.356119874168282,192.4728299999797,effect_30-35
5581,1058,Other,ACAv6a,1923,9.991020550797757,192.4728299999797,effect_30-35
5582,1061,Other,ACAv6a,30,0.15586615523865455,192.4728299999797,effect_30-35
5583,1062,Other,ACAv6a,1309,6.8009599069132936,192.4728299999797,effect_30-35
5584,1066,Other,ACAv6a,128,0.6650289290182594,192.4728299999797,effect_30-35
5585,1069,Other,ACAv6a,147,0.7637441606694072,192.4728299999797,effect_30-35
5586,1073,Other,ACAv6a,442,2.296428020516177,192.4728299999797,effect_30-35
5587,1074,Other,ACAv6a,568,2.951065872518526,192.4728299999797,effect_30-35
5588,1075,Other,ACAv6a,8027,41.704587603356,192.4728299999797,effect_30-35
5589,1083,Other,ACAv6a,333,1.7301143231490654,192.4728299999797,effect_30-35
5590,1085,Other,ACAv6a,6,0.03117323104773091,192.4728299999797,effect_30-35
5591,1086,Other,ACAv6a,2227,11.570464257216122,192.4728299999797,effect_30-35
5592,1090,Other,ACAv6a,1463,7.601072837138386,192.4728299999797,effect_30-35
5593,1091,Other,ACAv6a,117,0.6078780054307528,192.4728299999797,effect_30-35
5594,1092,Other,ACAv6a,574,2.9822391035662568,192.4728299999797,effect_30-35
5595,1093,Other,ACAv6a,103,0.5351404663193806,192.4728299999797,effect_30-35
5596,1094,Other,ACAv6a,21,0.10910630866705819,192.4728299999797,effect_30-35
5597,1095,Other,ACAv6a,118,0.6130735439387078,192.4728299999797,effect_30-35
5598,1098,Other,ACAv6a,404,2.098997557213881,192.4728299999797,effect_30-35
5599,1100,Other,ACAv6a,16,0.08312861612728242,192.4728299999797,effect_30-35
5600,1102,Other,ACAv6a,1761,9.149343312509021,192.4728299999797,effect_30-35
5601,1104,Other,ACAv6a,304,1.579443706418366,192.4728299999797,effect_30-35
5602,1105,Other,ACAd6a,513,2.6653112545809927,192.4728299999797,effect_30-35
5603,1107,Other,ACAd6a,278,1.444359705211532,192.4728299999797,effect_30-35
5604,1109,Other,ACAd6a,482,2.504249560834383,192.4728299999797,effect_30-35
5605,1110,Other,ACAd6a,151,0.7845263147012279,192.4728299999797,effect_30-35
5606,1112,Other,ACAd6a,1228,6.380121287768926,192.4728299999797,effect_30-35
5607,1113,Other,ACAd6a,5,0.025977692539775755,192.4728299999797,effect_30-35
5608,1115,Other,ACAd6a,78,0.4052520036205018,192.4728299999797,effect_30-35
5609,1118,Other,ACAd6a,886,4.603247118048264,192.4728299999797,effect_30-35
5610,1119,Other,ACAd6a,52,0.2701680024136679,192.4728299999797,effect_30-35
5611,1120,Other,ACAd6a,1193,6.198277439990496,192.4728299999797,effect_30-35
5612,1121,Other,ACAd6a,948,4.925370505541483,192.4728299999797,effect_30-35
5613,1124,Other,ACAd6a,474,2.4626852527707417,192.4728299999797,effect_30-35
5614,1126,Other,ACAd6a,173,0.8988281618762411,192.4728299999797,effect_30-35
5615,1127,Other,ACAd6a,120,0.6234646209546182,192.4728299999797,effect_30-35
5616,1128,Other,ACAd6a,593,3.0809543352174047,192.4728299999797,effect_30-35
5617,1129,Other,ACAd6a,262,1.3612310890842496,192.4728299999797,effect_30-35
5618,1130,Other,ACAd6a,1082,5.621572665607474,192.4728299999797,effect_30-35
5619,1131,Other,ACAd6a,430,2.234081558420715,192.4728299999797,effect_30-35
5620,1132,Other,ACAd6a,278,1.444359705211532,192.4728299999797,effect_30-35
5621,1134,Other,ACAd6a,295,1.5326838598467696,192.4728299999797,effect_30-35
5622,1142,Other,ACAd6a,300,1.5586615523865455,192.4728299999797,effect_30-35
5623,1143,Other,ACAd6a,11,0.05715092358750667,192.4728299999797,effect_30-35
5624,1145,Other,ACAd6a,341,1.7716786312127066,192.4728299999797,effect_30-35
5625,1148,Other,ACAd6a,444,2.3068190975320872,192.4728299999797,effect_30-35
5626,1149,Other,ACAd6a,31,0.1610616937466097,192.4728299999797,effect_30-35
5627,1152,Other,ACAd6a,541,2.810786332803737,192.4728299999797,effect_30-35
5628,1154,Other,ACAd6a,202,1.0494987786069405,192.4728299999797,effect_30-35
5629,1156,Other,ACAd6a,732,3.803134187823171,192.4728299999797,effect_30-35
5630,1161,Other,ACAd6a,198,1.02871662457512,192.4728299999797,effect_30-35
5631,1163,Other,ACAd6a,6,0.03117323104773091,192.4728299999797,effect_30-35
5632,1164,Other,ACAd6a,8,0.04156430806364121,192.4728299999797,effect_30-35
5633,1165,Other,ACAd6a,43,0.22340815584207152,192.4728299999797,effect_30-35
5634,1167,Motor,MOs6a,379,1.9691090945150023,192.4728299999797,effect_30-35
5635,1168,Motor,MOs6a,443,2.301623559024132,192.4728299999797,effect_30-35
5636,1169,Motor,MOs6a,187,0.9715657009876133,192.4728299999797,effect_30-35
5637,1176,Motor,MOs6a,2,0.010391077015910303,192.4728299999797,effect_30-35
5638,1178,Motor,MOs6a,206,1.0702809326387612,192.4728299999797,effect_30-35
5639,1180,Motor,MOs6a,324,1.683354476577469,192.4728299999797,effect_30-35
5640,1182,Motor,MOs6a,269,1.3975998586399356,192.4728299999797,effect_30-35
5641,1185,Motor,MOs6a,17,0.08832415463523757,192.4728299999797,effect_30-35
5642,1187,Motor,MOs6a,43,0.22340815584207152,192.4728299999797,effect_30-35
5643,1200,Motor,MOs6a,782,4.062911113220928,192.4728299999797,effect_30-35
5644,1201,Motor,MOs6a,683,3.5485528009333684,192.4728299999797,effect_30-35
5645,1202,Motor,MOs6a,0,0.0,192.4728299999797,effect_30-35
5646,1203,Motor,MOs6a,138,0.7169843140978109,192.4728299999797,effect_30-35
5647,1204,Motor,MOs6a,1518,7.886827455075919,192.4728299999797,effect_30-35
5648,1207,Motor,MOs6a,1940,10.079344705432995,192.4728299999797,effect_30-35
5649,1208,Motor,MOs5,3319,17.24399230790315,192.4728299999797,effect_30-35
5650,1209,Motor,MOs5,1175,6.104757746847302,192.4728299999797,effect_30-35
5651,1215,Motor,MOs5,50,0.25977692539775754,192.4728299999797,effect_30-35
5652,1221,Motor,MOs5,32,0.16625723225456485,192.4728299999797,effect_30-35
5653,1224,Motor,MOs5,786,4.083693267252749,192.4728299999797,effect_30-35
5654,1228,Motor,MOs5,1719,8.931130695174906,192.4728299999797,effect_30-35
5655,1230,Motor,MOs5,54,0.2805590794295782,192.4728299999797,effect_30-35
5656,1233,Motor,MOs5,1533,7.964760532695247,192.4728299999797,effect_30-35
5657,1235,Motor,MOs5,1169,6.073584515799572,192.4728299999797,effect_30-35
5658,1236,Motor,MOs5,1020,5.299449278114254,192.4728299999797,effect_30-35
5659,1237,Motor,MOs5,1536,7.980347148219113,192.4728299999797,effect_30-35
5660,1239,Motor,MOs5,241,1.2521247804171916,192.4728299999797,effect_30-35
5661,1240,Motor,MOs5,1447,7.517944221011104,192.4728299999797,effect_30-35
5662,1246,Motor,MOs5,1276,6.629507136150774,192.4728299999797,effect_30-35
5663,1248,Motor,MOs5,8,0.04156430806364121,192.4728299999797,effect_30-35
5664,1249,Motor,MOs5,214,1.1118452407024024,192.4728299999797,effect_30-35
5665,1250,Motor,MOs5,1088,5.652745896655205,192.4728299999797,effect_30-35
5666,1254,STR,LSr,570,2.9614569495344365,192.4728299999797,effect_30-35
5667,1255,STR,LSr,47,0.24419030987389212,192.4728299999797,effect_30-35
5668,1256,STR,LSr,135,0.7013976985739454,192.4728299999797,effect_30-35
5669,1259,STR,LSr,78,0.4052520036205018,192.4728299999797,effect_30-35
5670,1261,STR,LSr,168,0.8728504693364655,192.4728299999797,effect_30-35
5671,1263,STR,LSr,64,0.3325144645091297,192.4728299999797,effect_30-35
5672,1264,STR,LSr,82,0.4260341576523224,192.4728299999797,effect_30-35
5673,1267,STR,LSr,362,1.8807849398797647,192.4728299999797,effect_30-35
5674,1269,STR,LSr,536,2.7848086402639614,192.4728299999797,effect_30-35
5675,1270,STR,LSr,395,2.052237710642285,192.4728299999797,effect_30-35
5676,1271,STR,LSr,760,3.948609266045915,192.4728299999797,effect_30-35
5677,1272,STR,LSr,89,0.46240292720800846,192.4728299999797,effect_30-35
5678,1274,STR,LSr,682,3.5433572624254133,192.4728299999797,effect_30-35
5679,1275,STR,STR,3,0.015586615523865454,192.4728299999797,effect_30-35
5680,1280,STR,LSr,209,1.0858675481626265,192.4728299999797,effect_30-35
5681,1281,STR,LSr,1071,5.5644217420199675,192.4728299999797,effect_30-35
5682,1282,STR,LSr,86,0.44681631168414304,192.4728299999797,effect_30-35
5683,1283,STR,LSr,58,0.3013412334613988,192.4728299999797,effect_30-35
5684,1284,STR,LSr,386,2.0054778640706883,192.4728299999797,effect_30-35
5685,1286,STR,STR,49,0.2545813868898024,192.4728299999797,effect_30-35
5686,1287,STR,STR,23,0.11949738568296848,192.4728299999797,effect_30-35
5687,1289,STR,STR,410,2.130170788261612,192.4728299999797,effect_30-35
5688,1290,STR,STR,3,0.015586615523865454,192.4728299999797,effect_30-35
5689,1291,STR,STR,7,0.03636876955568606,192.4728299999797,effect_30-35
5690,1295,Other,ACAv6a,155,0.8053084687330485,192.4728299999797,effect_30-35
5691,1296,Other,ACAv6a,109,0.5663136973671115,192.4728299999797,effect_30-35
5692,1298,Other,ACAv6a,208,1.0806720096546716,192.4728299999797,effect_30-35
5693,1301,Other,ACAv6a,24,0.12469292419092363,192.4728299999797,effect_30-35
5694,1303,Other,ACAv6a,206,1.0702809326387612,192.4728299999797,effect_30-35
5695,1304,Other,ACAv6a,1,0.0051955385079551514,192.4728299999797,effect_30-35
5696,1306,Other,ACAv6a,16,0.08312861612728242,192.4728299999797,effect_30-35
5697,1307,Other,ACAv6a,17,0.08832415463523757,192.4728299999797,effect_30-35
5698,1308,Other,ACAv6a,617,3.2056472594083285,192.4728299999797,effect_30-35
5699,1311,Other,ACAd6a,281,1.4599463207353975,192.4728299999797,effect_30-35
5700,1312,Other,ACAd6a,76,0.3948609266045915,192.4728299999797,effect_30-35
5701,1313,Other,ACAd6a,14,0.07273753911137212,192.4728299999797,effect_30-35
5702,1314,Other,ACAd6a,460,2.3899477136593696,192.4728299999797,effect_30-35
5703,1317,Motor,MOs6a,26,0.13508400120683395,192.4728299999797,effect_30-35
5704,1318,Motor,MOs6a,782,4.062911113220928,192.4728299999797,effect_30-35
5705,1321,Motor,MOs6a,169,0.8780460078444206,192.4728299999797,effect_30-35
5706,1322,Motor,MOs5,7,0.03636876955568606,192.4728299999797,effect_30-35
5707,1323,Motor,MOs5,4,0.020782154031820606,192.4728299999797,effect_30-35
5708,1328,Motor,MOs5,243,1.2625158574331017,192.4728299999797,effect_30-35
5709,1329,Motor,MOs5,19,0.09871523165114787,192.4728299999797,effect_30-35
5710,1330,Motor,MOs5,12,0.06234646209546182,192.4728299999797,effect_30-35
5711,1331,STR,LSr,460,2.3899477136593696,192.4728299999797,effect_30-35
5712,1332,STR,LSr,22,0.11430184717501334,192.4728299999797,effect_30-35
5713,1334,STR,STR,871,4.5253140404289365,192.4728299999797,effect_30-35
5714,1335,STR,STR,493,2.5614004844218896,192.4728299999797,effect_30-35
5715,1336,STR,LSr,821,4.265537115031179,192.4728299999797,effect_30-35
5716,1337,Other,ccg,1,0.0051955385079551514,192.4728299999797,effect_30-35
5717,1339,Other,ACAd6a,1173,6.094366669831393,192.4728299999797,effect_30-35
5718,1340,Other,ACAd6a,82,0.4260341576523224,192.4728299999797,effect_30-35
5719,1341,Other,ACAd6a,1,0.0051955385079551514,192.4728299999797,effect_30-35
5720,1342,Motor,MOs6a,0,0.0,192.4728299999797,effect_30-35
5721,1345,Motor,MOs5,550,2.8575461793753334,192.4728299999797,effect_30-35
5722,1347,STR,STR,0,0.0,192.4728299999797,effect_30-35
5723,1348,STR,LSr,49,0.2545813868898024,192.4728299999797,effect_30-35
5724,1349,STR,STR,28,0.14547507822274425,192.4728299999797,effect_30-35
5725,1350,Other,ACAv6a,580,3.013412334613988,192.4728299999797,effect_30-35
5726,1351,Other,ACAv6a,108,0.5611181588591564,192.4728299999797,effect_30-35
5727,1354,Motor,MOs5,998,5.185147430939241,192.4728299999797,effect_30-35
5728,1356,Motor,MOs5,15,0.07793307761932727,192.4728299999797,effect_30-35
5729,1358,STR,LSr,2,0.010391077015910303,192.4728299999797,effect_30-35
5730,1360,Motor,MOs5,28,0.14547507822274425,192.4728299999797,effect_30-35
5731,1361,Motor,MOs5,6,0.03117323104773091,192.4728299999797,effect_30-35
5732,1362,Motor,MOs5,13,0.06754200060341697,192.4728299999797,effect_30-35
5733,0,Thalamus,MD,335,1.987242260611102,168.5753199999799,effect_35-40
5734,1,Thalamus,MD,211,1.251666020862515,168.5753199999799,effect_35-40
5735,2,Thalamus,MD,1304,7.735414650259335,168.5753199999799,effect_35-40
5736,3,Thalamus,MD,812,4.816837957063328,168.5753199999799,effect_35-40
5737,4,Thalamus,MD,597,3.5414436704024714,168.5753199999799,effect_35-40
5738,5,Thalamus,IAD,1997,11.846336699822002,168.5753199999799,effect_35-40
5739,6,Thalamus,IAD,1504,8.92182794017641,168.5753199999799,effect_35-40
5740,7,Thalamus,MD,487,2.8889163609480795,168.5753199999799,effect_35-40
5741,8,Thalamus,MD,1346,7.984561441141921,168.5753199999799,effect_35-40
5742,11,Thalamus,MD,122,0.7237121068494162,168.5753199999799,effect_35-40
5743,13,Thalamus,MD,1716,10.17942602748851,168.5753199999799,effect_35-40
5744,14,Thalamus,MD,85,0.5042256482147572,168.5753199999799,effect_35-40
5745,16,Thalamus,MD,656,3.8914355909280087,168.5753199999799,effect_35-40
5746,17,Thalamus,MD,46,0.27287505668092743,168.5753199999799,effect_35-40
5747,18,Thalamus,MD,604,3.582968135549569,168.5753199999799,effect_35-40
5748,19,Thalamus,MD,1792,10.630263077657,168.5753199999799,effect_35-40
5749,21,Thalamus,MD,678,4.021941052818887,168.5753199999799,effect_35-40
5750,22,Thalamus,MD,1113,6.602389958388527,168.5753199999799,effect_35-40
5751,23,Thalamus,MD,1551,9.200635063306922,168.5753199999799,effect_35-40
5752,25,Thalamus,MD,2272,13.477654973457982,168.5753199999799,effect_35-40
5753,26,Thalamus,MD,657,3.897367657377594,168.5753199999799,effect_35-40
5754,28,Thalamus,MD,2367,14.041201286168592,168.5753199999799,effect_35-40
5755,29,Thalamus,MD,822,4.876158621559182,168.5753199999799,effect_35-40
5756,31,Thalamus,MD,495,2.9363728925447625,168.5753199999799,effect_35-40
5757,33,Thalamus,MD,779,4.6210797642270105,168.5753199999799,effect_35-40
5758,35,Thalamus,MD,1945,11.537869244443563,168.5753199999799,effect_35-40
5759,37,Thalamus,MD,192,1.1389567583203928,168.5753199999799,effect_35-40
5760,39,Thalamus,MD,473,2.805867430653884,168.5753199999799,effect_35-40
5761,40,Thalamus,MD,476,2.8236636300026405,168.5753199999799,effect_35-40
5762,43,Thalamus,MD,2095,12.427679211881369,168.5753199999799,effect_35-40
5763,44,Thalamus,MD,803,4.763449359017059,168.5753199999799,effect_35-40
5764,46,Thalamus,MD,433,2.5685847726704694,168.5753199999799,effect_35-40
5765,47,Thalamus,MD,958,5.682919658702794,168.5753199999799,effect_35-40
5766,48,Thalamus,MD,1716,10.17942602748851,168.5753199999799,effect_35-40
5767,49,Thalamus,MD,1025,6.080368110825014,168.5753199999799,effect_35-40
5768,50,Thalamus,MD,1395,8.275232697171605,168.5753199999799,effect_35-40
5769,53,Thalamus,MD,1864,11.057371862027146,168.5753199999799,effect_35-40
5770,54,Thalamus,MD,831,4.92954721960545,168.5753199999799,effect_35-40
5771,57,Thalamus,MD,964,5.718512057400305,168.5753199999799,effect_35-40
5772,58,Thalamus,MD,2247,13.329353312218347,168.5753199999799,effect_35-40
5773,60,Thalamus,MD,890,5.2795391401309875,168.5753199999799,effect_35-40
5774,63,Thalamus,MD,184,1.0915002267237097,168.5753199999799,effect_35-40
5775,65,Thalamus,MD,2837,16.829272517473722,168.5753199999799,effect_35-40
5776,66,Thalamus,MD,1616,9.586219382529972,168.5753199999799,effect_35-40
5777,67,Thalamus,MD,885,5.249878807883061,168.5753199999799,effect_35-40
5778,68,Thalamus,MD,724,4.2948161094998145,168.5753199999799,effect_35-40
5779,70,Thalamus,MD,175,1.0381116286774414,168.5753199999799,effect_35-40
5780,71,Thalamus,MD,558,3.3100930788686416,168.5753199999799,effect_35-40
5781,73,Thalamus,MD,659,3.909231790276765,168.5753199999799,effect_35-40
5782,74,Thalamus,MD,3501,20.768164639998414,168.5753199999799,effect_35-40
5783,75,Thalamus,MD,1294,7.6760939857634805,168.5753199999799,effect_35-40
5784,76,Thalamus,MD,890,5.2795391401309875,168.5753199999799,effect_35-40
5785,77,Thalamus,MD,2299,13.637820767596788,168.5753199999799,effect_35-40
5786,78,Thalamus,MD,1531,9.081993734315216,168.5753199999799,effect_35-40
5787,79,Thalamus,MD,1647,9.77011344246712,168.5753199999799,effect_35-40
5788,80,Thalamus,MD,67,0.3974484521222204,168.5753199999799,effect_35-40
5789,83,Thalamus,MD,635,3.766862195486716,168.5753199999799,effect_35-40
5790,84,Thalamus,MD,1505,8.927760006625995,168.5753199999799,effect_35-40
5791,86,Thalamus,MD,350,2.076223257354883,168.5753199999799,effect_35-40
5792,89,Thalamus,MD,1368,8.1150669030328,168.5753199999799,effect_35-40
5793,90,Thalamus,MD,790,4.68633249517245,168.5753199999799,effect_35-40
5794,91,Thalamus,MD,617,3.660084999394179,168.5753199999799,effect_35-40
5795,92,Thalamus,MD,499,2.9601011583431043,168.5753199999799,effect_35-40
5796,93,Thalamus,MD,244,1.4474242136988325,168.5753199999799,effect_35-40
5797,95,Thalamus,MD,99,0.5872745785089526,168.5753199999799,effect_35-40
5798,96,Thalamus,MD,696,4.128718248911424,168.5753199999799,effect_35-40
5799,99,Thalamus,MD,351,2.0821553238044683,168.5753199999799,effect_35-40
5800,101,Thalamus,MD,43,0.2550788573321713,168.5753199999799,effect_35-40
5801,104,Thalamus,MD,579,3.4346664743099344,168.5753199999799,effect_35-40
5802,127,Other,DG-mo,1874,11.116692526523,168.5753199999799,effect_35-40
5803,129,Other,DG-mo,29,0.172029927037976,168.5753199999799,effect_35-40
5804,131,Other,DG-mo,247,1.4652204130475888,168.5753199999799,effect_35-40
5805,132,Other,DG-sg,1638,9.71672484442085,168.5753199999799,effect_35-40
5806,133,Other,DG-sg,1316,7.806599447654359,168.5753199999799,effect_35-40
5807,135,Other,DG-sg,42,0.24914679088258593,168.5753199999799,effect_35-40
5808,137,Other,DG-sg,9,0.053388598046268415,168.5753199999799,effect_35-40
5809,139,Other,DG-sg,114,0.6762555752527333,168.5753199999799,effect_35-40
5810,141,Other,DG-sg,117,0.6940517746014894,168.5753199999799,effect_35-40
5811,143,Other,DG-sg,347,2.0584270580061266,168.5753199999799,effect_35-40
5812,145,Other,DG-sg,91,0.5398180469122695,168.5753199999799,effect_35-40
5813,149,Other,DG-po,22,0.13050546189087833,168.5753199999799,effect_35-40
5814,152,Other,CA3,63,0.3737201863238789,168.5753199999799,effect_35-40
5815,157,Other,CA3,1480,8.779458345386361,168.5753199999799,effect_35-40
5816,164,Other,CA3,335,1.987242260611102,168.5753199999799,effect_35-40
5817,166,Other,CA3,18,0.10677719609253683,168.5753199999799,effect_35-40
5818,181,Other,CA1,376,2.2304569850441025,168.5753199999799,effect_35-40
5819,182,Other,CA1,2518,14.936943320055985,168.5753199999799,effect_35-40
5820,188,Other,CA1,276,1.6372503400855647,168.5753199999799,effect_35-40
5821,201,Other,RSPd6a,671,3.9804165876717894,168.5753199999799,effect_35-40
5822,202,Other,RSPagl6a,794,4.710060760970791,168.5753199999799,effect_35-40
5823,204,Other,RSPagl6a,82,0.4864294488660011,168.5753199999799,effect_35-40
5824,210,Other,RSPagl5,755,4.478710169436961,168.5753199999799,effect_35-40
5825,211,Other,RSPagl5,799,4.739721093218718,168.5753199999799,effect_35-40
5826,213,Other,RSPagl5,1389,8.239640298474091,168.5753199999799,effect_35-40
5827,214,Other,RSPagl5,554,3.2863648130703003,168.5753199999799,effect_35-40
5828,215,Other,RSPagl5,1682,9.977735768202608,168.5753199999799,effect_35-40
5829,216,Other,RSPagl5,536,3.1795876169777633,168.5753199999799,effect_35-40
5830,217,Other,RSPagl5,1296,7.687958118662651,168.5753199999799,effect_35-40
5831,219,Other,RSPagl5,1443,8.559971886751702,168.5753199999799,effect_35-40
5832,220,Other,RSPagl5,917,5.439704934269793,168.5753199999799,effect_35-40
5833,222,Other,RSPagl5,1397,8.287096830070775,168.5753199999799,effect_35-40
5834,224,Other,RSPagl5,1124,6.667642689333967,168.5753199999799,effect_35-40
5835,225,Other,RSPagl5,1334,7.913376643746896,168.5753199999799,effect_35-40
5836,227,Other,RSPagl5,174,1.032179562227856,168.5753199999799,effect_35-40
5837,232,Other,RSPagl2/3,1960,11.626850241187343,168.5753199999799,effect_35-40
5838,233,Thalamus,MD,1360,8.067610371436116,168.5753199999799,effect_35-40
5839,234,Thalamus,MD,587,3.4821230059066175,168.5753199999799,effect_35-40
5840,235,Thalamus,MD,1329,7.883716311498969,168.5753199999799,effect_35-40
5841,236,Thalamus,MD,614,3.642288800045423,168.5753199999799,effect_35-40
5842,237,Thalamus,MD,641,3.802454594184228,168.5753199999799,effect_35-40
5843,238,Thalamus,MD,994,5.896474050887867,168.5753199999799,effect_35-40
5844,239,Thalamus,MD,374,2.2185928521449316,168.5753199999799,effect_35-40
5845,241,Thalamus,MD,708,4.199903046306448,168.5753199999799,effect_35-40
5846,242,Thalamus,MD,908,5.3863163362235245,168.5753199999799,effect_35-40
5847,244,Thalamus,MD,352,2.0880873902540533,168.5753199999799,effect_35-40
5848,245,Thalamus,MD,400,2.3728265798341517,168.5753199999799,effect_35-40
5849,250,Other,DG-mo,52,0.3084674553784397,168.5753199999799,effect_35-40
5850,252,Other,DG-sg,28,0.16609786058839063,168.5753199999799,effect_35-40
5851,253,Other,DG-sg,1,0.005932066449585379,168.5753199999799,effect_35-40
5852,254,Other,DG-sg,67,0.3974484521222204,168.5753199999799,effect_35-40
5853,256,Other,DG-sg,0,0.0,168.5753199999799,effect_35-40
5854,258,Other,CA3,872,5.1727619440384505,168.5753199999799,effect_35-40
5855,259,Other,CA3,465,2.758410899057201,168.5753199999799,effect_35-40
5856,260,Other,CA3,19,0.1127092625421222,168.5753199999799,effect_35-40
5857,263,Other,RSPagl5,1003,5.949862648934135,168.5753199999799,effect_35-40
5858,265,Other,RSPagl5,34,0.2016902592859029,168.5753199999799,effect_35-40
5859,268,Thalamus,MD,421,2.4973999752754446,168.5753199999799,effect_35-40
5860,270,Other,DG-sg,20,0.11864132899170758,168.5753199999799,effect_35-40
5861,273,Other,RSPagl5,80,0.4745653159668303,168.5753199999799,effect_35-40
5862,274,Other,RSPagl5,250,1.4830166123963449,168.5753199999799,effect_35-40
5863,276,Other,CA3,17,0.10084512964295145,168.5753199999799,effect_35-40
5864,277,Other,DG-po,97,0.5754104456097818,168.5753199999799,effect_35-40
5865,280,Other,SPFp,86,0.5101577146643426,168.5753199999799,effect_35-40
5866,292,Other,MB,669,3.9685524547726185,168.5753199999799,effect_35-40
5867,293,Other,MB,526,3.1202669524819093,168.5753199999799,effect_35-40
5868,335,Other,APN,5481,32.513656210177466,168.5753199999799,effect_35-40
5869,358,Other,APN,90,0.5338859804626841,168.5753199999799,effect_35-40
5870,359,Other,APN,5655,33.54583577240532,168.5753199999799,effect_35-40
5871,384,Other,APN,23,0.13643752834046372,168.5753199999799,effect_35-40
5872,386,Other,APN,3,0.017796199348756137,168.5753199999799,effect_35-40
5873,388,Other,APN,212,1.2575980873121004,168.5753199999799,effect_35-40
5874,390,Other,APN,4027,23.888431592480323,168.5753199999799,effect_35-40
5875,395,Other,MB,497,2.9482370254439334,168.5753199999799,effect_35-40
5876,396,Other,APN,2703,16.03437561322928,168.5753199999799,effect_35-40
5877,399,Other,MB,74,0.4389729172693181,168.5753199999799,effect_35-40
5878,400,Other,DG-mo,181,1.0737040273749536,168.5753199999799,effect_35-40
5879,402,Other,POST,135,0.8008289706940261,168.5753199999799,effect_35-40
5880,410,Other,SUB,608,3.6066964013479104,168.5753199999799,effect_35-40
5881,425,Other,VISp6a,38,0.2254185250842444,168.5753199999799,effect_35-40
5882,426,Other,VISp6a,243,1.4414921472492472,168.5753199999799,effect_35-40
5883,427,Other,VISp6a,847,5.024460282798816,168.5753199999799,effect_35-40
5884,430,Other,VISp6a,244,1.4474242136988325,168.5753199999799,effect_35-40
5885,431,Other,VISp6a,213,1.2635301537616859,168.5753199999799,effect_35-40
5886,432,Other,VISp5,1172,6.952381878914064,168.5753199999799,effect_35-40
5887,433,Other,VISp6a,119,0.7059159075006601,168.5753199999799,effect_35-40
5888,436,Other,VISp6a,1502,8.90996380727724,168.5753199999799,effect_35-40
5889,437,Other,VISp5,280,1.6609786058839062,168.5753199999799,effect_35-40
5890,439,Other,VISp5,1121,6.64984648998521,168.5753199999799,effect_35-40
5891,440,Other,VISp5,1196,7.094751473704114,168.5753199999799,effect_35-40
5892,442,Other,VISp5,1084,6.430360031350551,168.5753199999799,effect_35-40
5893,443,Other,VISp5,1246,7.391354796183382,168.5753199999799,effect_35-40
5894,444,Other,VISp5,1453,8.619292551247556,168.5753199999799,effect_35-40
5895,445,Other,VISp5,758,4.496506368785718,168.5753199999799,effect_35-40
5896,446,Other,VISp5,1156,6.857468815720698,168.5753199999799,effect_35-40
5897,447,Other,VISp5,386,2.2897776495399564,168.5753199999799,effect_35-40
5898,449,Other,VISp5,1298,7.699822251561822,168.5753199999799,effect_35-40
5899,452,Other,VISp5,288,1.7084351374805893,168.5753199999799,effect_35-40
5900,453,Other,VISp5,777,4.60921563132784,168.5753199999799,effect_35-40
5901,455,Other,VISp5,1181,7.005770476960333,168.5753199999799,effect_35-40
5902,456,Other,VISp5,983,5.831221319942427,168.5753199999799,effect_35-40
5903,457,Other,VISp5,252,1.4948807452955155,168.5753199999799,effect_35-40
5904,458,Other,VISp5,401,2.378758646283737,168.5753199999799,effect_35-40
5905,459,Other,VISp5,709,4.205835112756034,168.5753199999799,effect_35-40
5906,460,Other,VISp5,725,4.3007481759493995,168.5753199999799,effect_35-40
5907,466,Other,VISp5,245,1.453356280148418,168.5753199999799,effect_35-40
5908,469,Other,VISp5,258,1.530473143993028,168.5753199999799,effect_35-40
5909,472,Other,VISp5,146,0.8660817016394654,168.5753199999799,effect_35-40
5910,478,Other,VISp5,175,1.0381116286774414,168.5753199999799,effect_35-40
5911,479,Other,VISp5,335,1.987242260611102,168.5753199999799,effect_35-40
5912,485,Other,VISp4,34,0.2016902592859029,168.5753199999799,effect_35-40
5913,488,Other,VISp4,66,0.391516385672635,168.5753199999799,effect_35-40
5914,489,Other,VISp4,333,1.9753781277119313,168.5753199999799,effect_35-40
5915,492,Other,VISp4,196,1.1626850241187343,168.5753199999799,effect_35-40
5916,493,Other,VISp4,288,1.7084351374805893,168.5753199999799,effect_35-40
5917,494,Other,VISp4,24,0.1423695947900491,168.5753199999799,effect_35-40
5918,495,Other,VISp4,96,0.5694783791601964,168.5753199999799,effect_35-40
5919,497,Other,VISp2/3,208,1.233869821513759,168.5753199999799,effect_35-40
5920,498,Other,VISp2/3,42,0.24914679088258593,168.5753199999799,effect_35-40
5921,500,Other,VISp4,1423,8.441330557759995,168.5753199999799,effect_35-40
5922,502,Other,VISp2/3,113,0.6703235088031478,168.5753199999799,effect_35-40
5923,504,Other,VISp2/3,157,0.9313344325849046,168.5753199999799,effect_35-40
5924,520,Other,APN,163,0.9669268312824169,168.5753199999799,effect_35-40
5925,521,Other,APN,19,0.1127092625421222,168.5753199999799,effect_35-40
5926,523,Other,APN,2549,15.120837379993132,168.5753199999799,effect_35-40
5927,525,Other,APN,255,1.5126769446442716,168.5753199999799,effect_35-40
5928,530,Other,VISp4,83,0.4923615153155865,168.5753199999799,effect_35-40
5929,533,Other,VISp4,11,0.06525273094543917,168.5753199999799,effect_35-40
5930,535,Other,VISp2/3,34,0.2016902592859029,168.5753199999799,effect_35-40
5931,536,Other,VISp2/3,253,1.500812811745101,168.5753199999799,effect_35-40
5932,537,Other,VISp2/3,108,0.640663176555221,168.5753199999799,effect_35-40
5933,538,Other,VISp2/3,27,0.16016579413880525,168.5753199999799,effect_35-40
5934,545,Other,VISp4,45,0.26694299023134205,168.5753199999799,effect_35-40
5935,547,Thalamus,VPL,1604,9.515034585134948,168.5753199999799,effect_35-40
5936,550,Thalamus,VPL,413,2.4499434436787615,168.5753199999799,effect_35-40
5937,552,Thalamus,VPL,2008,11.911589430767442,168.5753199999799,effect_35-40
5938,553,Thalamus,VPL,1097,6.507476895195161,168.5753199999799,effect_35-40
5939,558,Thalamus,VPL,1605,9.520966651584533,168.5753199999799,effect_35-40
5940,561,Thalamus,VPL,2577,15.286935240581522,168.5753199999799,effect_35-40
5941,562,Thalamus,VPL,1663,9.865026505660486,168.5753199999799,effect_35-40
5942,564,Thalamus,VPL,547,3.2448403479232026,168.5753199999799,effect_35-40
5943,565,Thalamus,VPL,1799,10.671787542804097,168.5753199999799,effect_35-40
5944,567,Thalamus,VPL,1140,6.762555752527332,168.5753199999799,effect_35-40
5945,568,Thalamus,VPL,2,0.011864132899170758,168.5753199999799,effect_35-40
5946,572,Thalamus,VPL,680,4.033805185718058,168.5753199999799,effect_35-40
5947,575,Thalamus,VPL,6,0.035592398697512274,168.5753199999799,effect_35-40
5948,576,Thalamus,VPL,949,5.629531060656525,168.5753199999799,effect_35-40
5949,579,Thalamus,VPL,2092,12.409883012532614,168.5753199999799,effect_35-40
5950,581,Thalamus,VPL,1056,6.26426217076216,168.5753199999799,effect_35-40
5951,583,Thalamus,VPL,698,4.140582381810595,168.5753199999799,effect_35-40
5952,584,Thalamus,VPL,1624,9.633675914126655,168.5753199999799,effect_35-40
5953,585,Thalamus,VPL,1284,7.616773321267627,168.5753199999799,effect_35-40
5954,586,Thalamus,VPL,101,0.5991387114081232,168.5753199999799,effect_35-40
5955,589,Thalamus,VPL,1333,7.90744457729731,168.5753199999799,effect_35-40
5956,590,Thalamus,VPL,2219,13.163255451629956,168.5753199999799,effect_35-40
5957,591,Thalamus,VPL,412,2.444011377229176,168.5753199999799,effect_35-40
5958,593,Thalamus,VPL,622,3.689745331642106,168.5753199999799,effect_35-40
5959,594,Thalamus,VPL,458,2.7168864339101035,168.5753199999799,effect_35-40
5960,595,Thalamus,VPL,1314,7.794735314755188,168.5753199999799,effect_35-40
5961,596,Thalamus,VPL,680,4.033805185718058,168.5753199999799,effect_35-40
5962,597,Thalamus,VPL,390,2.3135059153382977,168.5753199999799,effect_35-40
5963,598,Thalamus,VPL,2149,12.74801080015898,168.5753199999799,effect_35-40
5964,599,Thalamus,VPL,877,5.202422276286377,168.5753199999799,effect_35-40
5965,600,Thalamus,VPL,1256,7.4506754606792365,168.5753199999799,effect_35-40
5966,601,Thalamus,VPL,1815,10.766700605997464,168.5753199999799,effect_35-40
5967,602,Thalamus,VPL,2368,14.047133352618179,168.5753199999799,effect_35-40
5968,603,Thalamus,VPL,1774,10.523485881564463,168.5753199999799,effect_35-40
5969,607,Thalamus,VPL,1238,7.3438982645866995,168.5753199999799,effect_35-40
5970,610,Thalamus,VPL,1695,10.054852632047218,168.5753199999799,effect_35-40
5971,611,Thalamus,VPL,1173,6.95831394536365,168.5753199999799,effect_35-40
5972,612,Thalamus,VPL,480,2.847391895800982,168.5753199999799,effect_35-40
5973,616,Thalamus,VPL,903,5.356656003975598,168.5753199999799,effect_35-40
5974,617,Thalamus,VPL,521,3.0906066202339826,168.5753199999799,effect_35-40
5975,618,Thalamus,VPL,626,3.7134735974404474,168.5753199999799,effect_35-40
5976,620,Thalamus,VPL,1010,5.991387114081233,168.5753199999799,effect_35-40
5977,621,Thalamus,VPL,559,3.316025145318227,168.5753199999799,effect_35-40
5978,622,Thalamus,VPL,932,5.528685931013573,168.5753199999799,effect_35-40
5979,623,Thalamus,VPL,410,2.4321472443300056,168.5753199999799,effect_35-40
5980,626,Thalamus,VPL,577,3.422802341410764,168.5753199999799,effect_35-40
5981,629,Thalamus,VPL,1222,7.248985201393333,168.5753199999799,effect_35-40
5982,630,Thalamus,VPL,1317,7.812531514103944,168.5753199999799,effect_35-40
5983,632,Thalamus,VPL,649,3.849911125780911,168.5753199999799,effect_35-40
5984,633,Thalamus,VPL,1644,9.752317243118364,168.5753199999799,effect_35-40
5985,634,Thalamus,VPL,1813,10.754836473098292,168.5753199999799,effect_35-40
5986,635,Thalamus,VPL,2527,14.990331918102253,168.5753199999799,effect_35-40
5987,664,RT,RT,5997,35.57460249816352,168.5753199999799,effect_35-40
5988,667,RT,RT,963,5.71257999095072,168.5753199999799,effect_35-40
5989,670,Other,CA3,3092,18.34194946211799,168.5753199999799,effect_35-40
5990,672,Other,or,617,3.660084999394179,168.5753199999799,effect_35-40
5991,676,Somatosensory,SSp-bfd6a,271,1.6075900078376377,168.5753199999799,effect_35-40
5992,680,Somatosensory,SSp-bfd6a,39,0.23135059153382978,168.5753199999799,effect_35-40
5993,681,Somatosensory,SSp-bfd6a,43,0.2550788573321713,168.5753199999799,effect_35-40
5994,683,Somatosensory,SSp-bfd6a,82,0.4864294488660011,168.5753199999799,effect_35-40
5995,685,Somatosensory,SSp-bfd6a,840,4.982935817651718,168.5753199999799,effect_35-40
5996,686,Somatosensory,SSp-bfd6a,720,4.271087843701473,168.5753199999799,effect_35-40
5997,687,Somatosensory,SSp-bfd6a,222,1.3169187518079541,168.5753199999799,effect_35-40
5998,690,Somatosensory,SSp-bfd6a,692,4.104989983113082,168.5753199999799,effect_35-40
5999,692,Somatosensory,SSp-bfd5,319,1.8923291974177359,168.5753199999799,effect_35-40
6000,695,Somatosensory,SSp-bfd5,705,4.1821068469576925,168.5753199999799,effect_35-40
6001,696,Somatosensory,SSp-bfd5,157,0.9313344325849046,168.5753199999799,effect_35-40
6002,697,Somatosensory,SSp-bfd5,668,3.9626203883230335,168.5753199999799,effect_35-40
6003,698,Somatosensory,SSp-bfd5,645,3.82618285998257,168.5753199999799,effect_35-40
6004,699,Somatosensory,SSp-bfd5,679,4.027873119268473,168.5753199999799,effect_35-40
6005,700,Somatosensory,SSp-bfd5,335,1.987242260611102,168.5753199999799,effect_35-40
6006,702,Somatosensory,SSp-bfd5,839,4.977003751202133,168.5753199999799,effect_35-40
6007,705,Somatosensory,SSp-bfd5,169,1.002519229979929,168.5753199999799,effect_35-40
6008,706,Somatosensory,SSp-bfd5,435,2.58044890556964,168.5753199999799,effect_35-40
6009,707,Somatosensory,SSp-bfd5,853,5.0600526814963285,168.5753199999799,effect_35-40
6010,714,Somatosensory,SSp-bfd5,53,0.3143995218280251,168.5753199999799,effect_35-40
6011,715,Somatosensory,SSp-bfd5,130,0.7711686384460993,168.5753199999799,effect_35-40
6012,716,Somatosensory,SSp-bfd5,377,2.236389051493688,168.5753199999799,effect_35-40
6013,718,Somatosensory,SSp-bfd5,482,2.8592560287001527,168.5753199999799,effect_35-40
6014,719,Somatosensory,SSp-bfd5,599,3.5533078033016423,168.5753199999799,effect_35-40
6015,729,Thalamus,VPL,2142,12.706486335011883,168.5753199999799,effect_35-40
6016,730,Thalamus,VPL,190,1.1270926254212221,168.5753199999799,effect_35-40
6017,732,Thalamus,VPL,346,2.052494991556541,168.5753199999799,effect_35-40
6018,733,Thalamus,VPL,991,5.878677851539111,168.5753199999799,effect_35-40
6019,734,Thalamus,VPL,84,0.49829358176517186,168.5753199999799,effect_35-40
6020,735,Thalamus,VPL,270,1.6016579413880523,168.5753199999799,effect_35-40
6021,738,Thalamus,VPL,486,2.8829842944984945,168.5753199999799,effect_35-40
6022,739,Thalamus,VPL,0,0.0,168.5753199999799,effect_35-40
6023,741,Other,or,243,1.4414921472492472,168.5753199999799,effect_35-40
6024,743,Somatosensory,SSp-bfd6a,332,1.969446061262346,168.5753199999799,effect_35-40
6025,744,Somatosensory,SSp-bfd6a,21,0.12457339544129296,168.5753199999799,effect_35-40
6026,746,Somatosensory,SSp-bfd6a,825,4.893954820907938,168.5753199999799,effect_35-40
6027,747,Somatosensory,SSp-bfd5,8,0.04745653159668303,168.5753199999799,effect_35-40
6028,750,Somatosensory,SSp-bfd5,3,0.017796199348756137,168.5753199999799,effect_35-40
6029,751,Somatosensory,SSp-bfd4,156,0.9254023661353191,168.5753199999799,effect_35-40
6030,752,Somatosensory,SSp-bfd6a,37,0.21948645863465904,168.5753199999799,effect_35-40
6031,757,Somatosensory,SSp-bfd5,307,1.8211444000227115,168.5753199999799,effect_35-40
6032,761,STR,LSr,1627,9.651472113475412,168.5753199999799,effect_35-40
6033,763,STR,LSr,536,3.1795876169777633,168.5753199999799,effect_35-40
6034,766,STR,LSr,109,0.6465952430048063,168.5753199999799,effect_35-40
6035,768,STR,LSr,699,4.14651444826018,168.5753199999799,effect_35-40
6036,769,STR,LSr,280,1.6609786058839062,168.5753199999799,effect_35-40
6037,771,STR,LSr,116,0.688119708151904,168.5753199999799,effect_35-40
6038,773,STR,LSr,4849,28.764590214039504,168.5753199999799,effect_35-40
6039,774,STR,LSr,268,1.5897938084888816,168.5753199999799,effect_35-40
6040,775,STR,LSr,538,3.191451749876934,168.5753199999799,effect_35-40
6041,777,STR,LSr,68,0.4033805185718058,168.5753199999799,effect_35-40
6042,778,STR,LSr,80,0.4745653159668303,168.5753199999799,effect_35-40
6043,779,STR,LSr,532,3.155859351179422,168.5753199999799,effect_35-40
6044,780,STR,LSr,30,0.17796199348756137,168.5753199999799,effect_35-40
6045,781,STR,LSr,1072,6.3591752339555265,168.5753199999799,effect_35-40
6046,783,STR,LSr,376,2.2304569850441025,168.5753199999799,effect_35-40
6047,784,STR,LSr,175,1.0381116286774414,168.5753199999799,effect_35-40
6048,785,STR,LSr,250,1.4830166123963449,168.5753199999799,effect_35-40
6049,786,STR,LSr,2252,13.359013644466273,168.5753199999799,effect_35-40
6050,787,STR,LSr,77,0.4567691166180742,168.5753199999799,effect_35-40
6051,788,STR,LSr,354,2.099951523153224,168.5753199999799,effect_35-40
6052,791,STR,LSr,661,3.9210959231759355,168.5753199999799,effect_35-40
6053,792,STR,LSr,349,2.0702911909052975,168.5753199999799,effect_35-40
6054,793,STR,LSr,373,2.2126607856953466,168.5753199999799,effect_35-40
6055,795,STR,LSr,224,1.328782884707125,168.5753199999799,effect_35-40
6056,797,STR,LSr,6,0.035592398697512274,168.5753199999799,effect_35-40
6057,799,STR,LSr,1309,7.765074982507262,168.5753199999799,effect_35-40
6058,801,STR,LSr,79,0.46863324951724494,168.5753199999799,effect_35-40
6059,802,STR,LSr,28,0.16609786058839063,168.5753199999799,effect_35-40
6060,804,STR,LSr,586,3.476190939457032,168.5753199999799,effect_35-40
6061,805,STR,LSr,572,3.393142009162837,168.5753199999799,effect_35-40
6062,807,STR,LSr,446,2.645701636515079,168.5753199999799,effect_35-40
6063,808,STR,LSr,557,3.304161012419056,168.5753199999799,effect_35-40
6064,810,STR,LSr,329,1.9516498619135898,168.5753199999799,effect_35-40
6065,811,STR,LSr,443,2.627905437166323,168.5753199999799,effect_35-40
6066,812,STR,LSr,503,2.9838294241414456,168.5753199999799,effect_35-40
6067,813,STR,LSr,3113,18.466522857559287,168.5753199999799,effect_35-40
6068,815,STR,LSr,587,3.4821230059066175,168.5753199999799,effect_35-40
6069,817,STR,LSr,1236,7.332034131687529,168.5753199999799,effect_35-40
6070,818,STR,LSr,627,3.719405663890033,168.5753199999799,effect_35-40
6071,819,STR,LSr,104,0.6169349107568795,168.5753199999799,effect_35-40
6072,820,STR,LSr,368,2.1830004534474194,168.5753199999799,effect_35-40
6073,821,STR,LSr,92,0.5457501133618549,168.5753199999799,effect_35-40
6074,822,STR,LSr,1039,6.163417041119209,168.5753199999799,effect_35-40
6075,824,STR,LSr,293,1.738095469728516,168.5753199999799,effect_35-40
6076,826,STR,LSr,340,2.016902592859029,168.5753199999799,effect_35-40
6077,828,STR,LSr,142,0.8423534358411239,168.5753199999799,effect_35-40
6078,829,STR,LSr,156,0.9254023661353191,168.5753199999799,effect_35-40
6079,831,STR,LSr,637,3.7787263283858867,168.5753199999799,effect_35-40
6080,832,STR,LSr,305,1.8092802671235406,168.5753199999799,effect_35-40
6081,834,STR,LSr,2339,13.875103425580201,168.5753199999799,effect_35-40
6082,835,STR,LSr,552,3.2745006801711294,168.5753199999799,effect_35-40
6083,838,STR,LSr,350,2.076223257354883,168.5753199999799,effect_35-40
6084,839,STR,LSr,558,3.3100930788686416,168.5753199999799,effect_35-40
6085,840,STR,LSr,2,0.011864132899170758,168.5753199999799,effect_35-40
6086,841,STR,LSr,284,1.6847068716822478,168.5753199999799,effect_35-40
6087,842,STR,LSr,688,4.0812617173147405,168.5753199999799,effect_35-40
6088,843,STR,LSr,592,3.5117833381545447,168.5753199999799,effect_35-40
6089,845,STR,LSr,680,4.033805185718058,168.5753199999799,effect_35-40
6090,846,STR,LSr,656,3.8914355909280087,168.5753199999799,effect_35-40
6091,849,STR,LSr,714,4.235495445003961,168.5753199999799,effect_35-40
6092,851,STR,LSr,37,0.21948645863465904,168.5753199999799,effect_35-40
6093,852,STR,LSr,636,3.7727942619363013,168.5753199999799,effect_35-40
6094,853,STR,LSr,796,4.721924893869962,168.5753199999799,effect_35-40
6095,854,STR,LSr,488,2.894848427397665,168.5753199999799,effect_35-40
6096,855,STR,LSr,780,4.6270118306765955,168.5753199999799,effect_35-40
6097,856,STR,LSr,1628,9.657404179924997,168.5753199999799,effect_35-40
6098,857,STR,LSr,123,0.7296441732990017,168.5753199999799,effect_35-40
6099,858,STR,LSr,456,2.705022301010933,168.5753199999799,effect_35-40
6100,859,STR,LSr,1115,6.614254091287698,168.5753199999799,effect_35-40
6101,861,STR,LSr,709,4.205835112756034,168.5753199999799,effect_35-40
6102,862,STR,LSr,521,3.0906066202339826,168.5753199999799,effect_35-40
6103,863,STR,LSr,96,0.5694783791601964,168.5753199999799,effect_35-40
6104,864,STR,LSr,275,1.6313182736359793,168.5753199999799,effect_35-40
6105,865,STR,LSr,829,4.91768308670628,168.5753199999799,effect_35-40
6106,866,STR,LSr,221,1.3109866853583687,168.5753199999799,effect_35-40
6107,868,STR,LSr,326,1.9338536625648337,168.5753199999799,effect_35-40
6108,871,STR,LSr,696,4.128718248911424,168.5753199999799,effect_35-40
6109,872,STR,LSr,764,4.532098767483229,168.5753199999799,effect_35-40
6110,873,STR,LSr,58,0.344059854075952,168.5753199999799,effect_35-40
6111,874,STR,LSr,149,0.8838779009882215,168.5753199999799,effect_35-40
6112,876,STR,LSr,1703,10.1023091636439,168.5753199999799,effect_35-40
6113,877,STR,STR,133,0.7889648377948555,168.5753199999799,effect_35-40
6114,879,STR,STR,397,2.3550303804853954,168.5753199999799,effect_35-40
6115,880,STR,STR,31,0.18389405993714675,168.5753199999799,effect_35-40
6116,881,STR,STR,261,1.548269343341784,168.5753199999799,effect_35-40
6117,882,STR,STR,139,0.8245572364923677,168.5753199999799,effect_35-40
6118,883,STR,STR,283,1.6787748052326623,168.5753199999799,effect_35-40
6119,884,STR,STR,429,2.5448565068721276,168.5753199999799,effect_35-40
6120,885,STR,STR,663,3.9329600560751063,168.5753199999799,effect_35-40
6121,886,STR,STR,20,0.11864132899170758,168.5753199999799,effect_35-40
6122,887,STR,STR,269,1.595725874938467,168.5753199999799,effect_35-40
6123,888,STR,STR,195,1.1567529576691489,168.5753199999799,effect_35-40
6124,889,STR,STR,1039,6.163417041119209,168.5753199999799,effect_35-40
6125,890,STR,STR,29,0.172029927037976,168.5753199999799,effect_35-40
6126,891,STR,STR,312,1.8508047322706382,168.5753199999799,effect_35-40
6127,892,STR,STR,593,3.5177154046041297,168.5753199999799,effect_35-40
6128,895,STR,STR,245,1.453356280148418,168.5753199999799,effect_35-40
6129,897,STR,STR,10,0.05932066449585379,168.5753199999799,effect_35-40
6130,898,STR,STR,647,3.8380469928817402,168.5753199999799,effect_35-40
6131,900,STR,STR,626,3.7134735974404474,168.5753199999799,effect_35-40
6132,902,STR,STR,675,4.004144853470131,168.5753199999799,effect_35-40
6133,903,STR,STR,1479,8.773526278936776,168.5753199999799,effect_35-40
6134,904,STR,STR,227,1.3465790840558811,168.5753199999799,effect_35-40
6135,909,STR,LSr,343,2.0346987922077853,168.5753199999799,effect_35-40
6136,910,STR,LSr,839,4.977003751202133,168.5753199999799,effect_35-40
6137,911,STR,LSr,156,0.9254023661353191,168.5753199999799,effect_35-40
6138,914,STR,LSr,925,5.487161465866476,168.5753199999799,effect_35-40
6139,916,STR,LSr,442,2.6219733707167374,168.5753199999799,effect_35-40
6140,917,STR,LSr,533,3.161791417629007,168.5753199999799,effect_35-40
6141,919,STR,LSr,656,3.8914355909280087,168.5753199999799,effect_35-40
6142,920,STR,LSr,101,0.5991387114081232,168.5753199999799,effect_35-40
6143,921,STR,LSr,44,0.26101092378175667,168.5753199999799,effect_35-40
6144,922,STR,LSr,128,0.7593045055469285,168.5753199999799,effect_35-40
6145,923,STR,SH,439,2.6041771713679815,168.5753199999799,effect_35-40
6146,924,STR,SH,707,4.193970979856863,168.5753199999799,effect_35-40
6147,925,STR,SH,465,2.758410899057201,168.5753199999799,effect_35-40
6148,927,STR,SH,257,1.5245410775434425,168.5753199999799,effect_35-40
6149,928,STR,SH,1087,6.448156230699308,168.5753199999799,effect_35-40
6150,929,STR,SH,345,2.0465629251069557,168.5753199999799,effect_35-40
6151,930,STR,SH,983,5.831221319942427,168.5753199999799,effect_35-40
6152,932,STR,LSr,416,2.467739643027518,168.5753199999799,effect_35-40
6153,933,STR,LSr,795,4.715992827420377,168.5753199999799,effect_35-40
6154,935,STR,LSr,203,1.204209489265832,168.5753199999799,effect_35-40
6155,937,STR,LSr,241,1.4296280143500764,168.5753199999799,effect_35-40
6156,938,STR,LSr,335,1.987242260611102,168.5753199999799,effect_35-40
6157,940,STR,LSr,70,0.41524465147097656,168.5753199999799,effect_35-40
6158,941,STR,LSr,861,5.107509213093011,168.5753199999799,effect_35-40
6159,943,STR,LSr,320,1.8982612638673213,168.5753199999799,effect_35-40
6160,945,STR,LSr,1973,11.703967105031953,168.5753199999799,effect_35-40
6161,946,STR,LSr,747,4.431253637840278,168.5753199999799,effect_35-40
6162,947,STR,LSr,565,3.351617544015739,168.5753199999799,effect_35-40
6163,949,STR,SH,106,0.6287990436560502,168.5753199999799,effect_35-40
6164,950,STR,SH,1317,7.812531514103944,168.5753199999799,effect_35-40
6165,952,STR,SH,313,1.8567367987202237,168.5753199999799,effect_35-40
6166,953,STR,SH,5,0.029660332247926895,168.5753199999799,effect_35-40
6167,955,STR,SH,633,3.754998062587545,168.5753199999799,effect_35-40
6168,958,STR,STR,73,0.4330408508197327,168.5753199999799,effect_35-40
6169,959,STR,STR,808,4.793109691264986,168.5753199999799,effect_35-40
6170,960,STR,STR,731,4.336340574646912,168.5753199999799,effect_35-40
6171,964,STR,STR,1089,6.460020363598478,168.5753199999799,effect_35-40
6172,965,STR,STR,670,3.974484521222204,168.5753199999799,effect_35-40
6173,968,STR,STR,80,0.4745653159668303,168.5753199999799,effect_35-40
6174,971,STR,STR,1020,6.050707778577086,168.5753199999799,effect_35-40
6175,973,STR,STR,461,2.73468263325886,168.5753199999799,effect_35-40
6176,974,STR,STR,406,2.408418978531664,168.5753199999799,effect_35-40
6177,976,STR,STR,104,0.6169349107568795,168.5753199999799,effect_35-40
6178,977,STR,STR,694,4.116854116012253,168.5753199999799,effect_35-40
6179,979,STR,STR,657,3.897367657377594,168.5753199999799,effect_35-40
6180,980,STR,STR,11,0.06525273094543917,168.5753199999799,effect_35-40
6181,981,STR,STR,384,2.2779135166407856,168.5753199999799,effect_35-40
6182,982,STR,STR,244,1.4474242136988325,168.5753199999799,effect_35-40
6183,983,STR,STR,337,1.9991063935102729,168.5753199999799,effect_35-40
6184,984,STR,STR,598,3.547375736852057,168.5753199999799,effect_35-40
6185,985,STR,STR,66,0.391516385672635,168.5753199999799,effect_35-40
6186,989,Other,ccg,2172,12.884448328499444,168.5753199999799,effect_35-40
6187,991,Other,ccg,1887,11.19380939036761,168.5753199999799,effect_35-40
6188,992,Other,ccg,34,0.2016902592859029,168.5753199999799,effect_35-40
6189,993,STR,STR,224,1.328782884707125,168.5753199999799,effect_35-40
6190,994,Other,ccg,805,4.77531349191623,168.5753199999799,effect_35-40
6191,995,Other,ccg,15,0.08898099674378068,168.5753199999799,effect_35-40
6192,996,Other,ccg,744,4.413457438491522,168.5753199999799,effect_35-40
6193,1005,Other,ACAv6a,0,0.0,168.5753199999799,effect_35-40
6194,1008,Other,ACAv5,41,0.24321472443300055,168.5753199999799,effect_35-40
6195,1009,Other,ACAv6a,557,3.304161012419056,168.5753199999799,effect_35-40
6196,1011,Other,ACAv5,1276,7.5693167896709435,168.5753199999799,effect_35-40
6197,1013,Other,ACAv5,62,0.3677881198742935,168.5753199999799,effect_35-40
6198,1014,Other,ACAv5,1146,6.7981481512248445,168.5753199999799,effect_35-40
6199,1015,Other,ACAv5,0,0.0,168.5753199999799,effect_35-40
6200,1016,Other,ACAv6a,0,0.0,168.5753199999799,effect_35-40
6201,1017,Other,ACAv6a,542,3.2151800156752754,168.5753199999799,effect_35-40
6202,1020,Other,ACAv5,3262,19.350400758547508,168.5753199999799,effect_35-40
6203,1021,Other,ACAv5,0,0.0,168.5753199999799,effect_35-40
6204,1025,Other,ACAv6a,1277,7.575248856120529,168.5753199999799,effect_35-40
6205,1028,Other,ACAv6a,200,1.1864132899170758,168.5753199999799,effect_35-40
6206,1030,Other,ACAv6a,36,0.21355439218507366,168.5753199999799,effect_35-40
6207,1032,Other,ACAv5,672,3.986348654121375,168.5753199999799,effect_35-40
6208,1033,Other,ACAv5,875,5.190558143387207,168.5753199999799,effect_35-40
6209,1035,Other,ACAv5,2422,14.367464940895788,168.5753199999799,effect_35-40
6210,1036,Other,ACAv6a,321,1.9041933303169067,168.5753199999799,effect_35-40
6211,1038,Other,ACAv5,3,0.017796199348756137,168.5753199999799,effect_35-40
6212,1039,Other,ACAv6a,458,2.7168864339101035,168.5753199999799,effect_35-40
6213,1043,Other,ACAv6a,92,0.5457501133618549,168.5753199999799,effect_35-40
6214,1045,Other,ACAv6a,1434,8.506583288705434,168.5753199999799,effect_35-40
6215,1052,Other,ACAv6a,1000,5.932066449585379,168.5753199999799,effect_35-40
6216,1055,Other,ACAv6a,192,1.1389567583203928,168.5753199999799,effect_35-40
6217,1057,Other,ACAv6a,3862,22.909640628298735,168.5753199999799,effect_35-40
6218,1058,Other,ACAv6a,1307,7.753210849608091,168.5753199999799,effect_35-40
6219,1061,Other,ACAv6a,90,0.5338859804626841,168.5753199999799,effect_35-40
6220,1062,Other,ACAv6a,1053,6.2464659714134045,168.5753199999799,effect_35-40
6221,1066,Other,ACAv6a,150,0.8898099674378069,168.5753199999799,effect_35-40
6222,1069,Other,ACAv6a,116,0.688119708151904,168.5753199999799,effect_35-40
6223,1073,Other,ACAv6a,491,2.912644626746421,168.5753199999799,effect_35-40
6224,1074,Other,ACAv6a,458,2.7168864339101035,168.5753199999799,effect_35-40
6225,1075,Other,ACAv6a,7815,46.35909930350974,168.5753199999799,effect_35-40
6226,1083,Other,ACAv6a,433,2.5685847726704694,168.5753199999799,effect_35-40
6227,1085,Other,ACAv6a,0,0.0,168.5753199999799,effect_35-40
6228,1086,Other,ACAv6a,2055,12.190396553897955,168.5753199999799,effect_35-40
6229,1090,Other,ACAv6a,1269,7.527792324523846,168.5753199999799,effect_35-40
6230,1091,Other,ACAv6a,139,0.8245572364923677,168.5753199999799,effect_35-40
6231,1092,Other,ACAv6a,465,2.758410899057201,168.5753199999799,effect_35-40
6232,1093,Other,ACAv6a,159,0.9431985654840753,168.5753199999799,effect_35-40
6233,1094,Other,ACAv6a,6,0.035592398697512274,168.5753199999799,effect_35-40
6234,1095,Other,ACAv6a,68,0.4033805185718058,168.5753199999799,effect_35-40
6235,1098,Other,ACAv6a,407,2.4143510449812493,168.5753199999799,effect_35-40
6236,1100,Other,ACAv6a,13,0.07711686384460993,168.5753199999799,effect_35-40
6237,1102,Other,ACAv6a,1464,8.684545282192996,168.5753199999799,effect_35-40
6238,1104,Other,ACAv6a,391,2.319437981787883,168.5753199999799,effect_35-40
6239,1105,Other,ACAd6a,307,1.8211444000227115,168.5753199999799,effect_35-40
6240,1107,Other,ACAd6a,249,1.4770845459467594,168.5753199999799,effect_35-40
6241,1109,Other,ACAd6a,250,1.4830166123963449,168.5753199999799,effect_35-40
6242,1110,Other,ACAd6a,95,0.5635463127106111,168.5753199999799,effect_35-40
6243,1112,Other,ACAd6a,971,5.760036522547403,168.5753199999799,effect_35-40
6244,1113,Other,ACAd6a,11,0.06525273094543917,168.5753199999799,effect_35-40
6245,1115,Other,ACAd6a,75,0.44490498371890347,168.5753199999799,effect_35-40
6246,1118,Other,ACAd6a,812,4.816837957063328,168.5753199999799,effect_35-40
6247,1119,Other,ACAd6a,76,0.4508370501684888,168.5753199999799,effect_35-40
6248,1120,Other,ACAd6a,984,5.837153386392013,168.5753199999799,effect_35-40
6249,1121,Other,ACAd6a,589,3.4939871388057884,168.5753199999799,effect_35-40
6250,1124,Other,ACAd6a,560,3.3219572117678124,168.5753199999799,effect_35-40
6251,1126,Other,ACAd6a,123,0.7296441732990017,168.5753199999799,effect_35-40
6252,1127,Other,ACAd6a,103,0.611002844307294,168.5753199999799,effect_35-40
6253,1128,Other,ACAd6a,399,2.3668945133845662,168.5753199999799,effect_35-40
6254,1129,Other,ACAd6a,199,1.1804812234674904,168.5753199999799,effect_35-40
6255,1130,Other,ACAd6a,1153,6.839672616371942,168.5753199999799,effect_35-40
6256,1131,Other,ACAd6a,229,1.3584432169550518,168.5753199999799,effect_35-40
6257,1132,Other,ACAd6a,343,2.0346987922077853,168.5753199999799,effect_35-40
6258,1134,Other,ACAd6a,319,1.8923291974177359,168.5753199999799,effect_35-40
6259,1142,Other,ACAd6a,230,1.3643752834046372,168.5753199999799,effect_35-40
6260,1143,Other,ACAd6a,255,1.5126769446442716,168.5753199999799,effect_35-40
6261,1145,Other,ACAd6a,308,1.8270764664722967,168.5753199999799,effect_35-40
6262,1148,Other,ACAd6a,335,1.987242260611102,168.5753199999799,effect_35-40
6263,1149,Other,ACAd6a,16,0.09491306319336607,168.5753199999799,effect_35-40
6264,1152,Other,ACAd6a,509,3.019421822838958,168.5753199999799,effect_35-40
6265,1154,Other,ACAd6a,570,3.381277876263666,168.5753199999799,effect_35-40
6266,1156,Other,ACAd6a,675,4.004144853470131,168.5753199999799,effect_35-40
6267,1161,Other,ACAd6a,535,3.173655550528178,168.5753199999799,effect_35-40
6268,1163,Other,ACAd6a,13,0.07711686384460993,168.5753199999799,effect_35-40
6269,1164,Other,ACAd6a,26,0.15423372768921986,168.5753199999799,effect_35-40
6270,1165,Other,ACAd6a,30,0.17796199348756137,168.5753199999799,effect_35-40
6271,1167,Motor,MOs6a,274,1.6253862071863938,168.5753199999799,effect_35-40
6272,1168,Motor,MOs6a,685,4.063465517965985,168.5753199999799,effect_35-40
6273,1169,Motor,MOs6a,63,0.3737201863238789,168.5753199999799,effect_35-40
6274,1176,Motor,MOs6a,7,0.04152446514709766,168.5753199999799,effect_35-40
6275,1178,Motor,MOs6a,220,1.3050546189087835,168.5753199999799,effect_35-40
6276,1180,Motor,MOs6a,519,3.0787424873348117,168.5753199999799,effect_35-40
6277,1182,Motor,MOs6a,87,0.516089781113928,168.5753199999799,effect_35-40
6278,1185,Motor,MOs6a,48,0.2847391895800982,168.5753199999799,effect_35-40
6279,1187,Motor,MOs6a,134,0.7948969042444408,168.5753199999799,effect_35-40
6280,1200,Motor,MOs6a,727,4.31261230884857,168.5753199999799,effect_35-40
6281,1201,Motor,MOs6a,748,4.437185704289863,168.5753199999799,effect_35-40
6282,1202,Motor,MOs6a,0,0.0,168.5753199999799,effect_35-40
6283,1203,Motor,MOs6a,487,2.8889163609480795,168.5753199999799,effect_35-40
6284,1204,Motor,MOs6a,717,4.253291644352717,168.5753199999799,effect_35-40
6285,1207,Motor,MOs6a,1746,10.357388020976073,168.5753199999799,effect_35-40
6286,1208,Motor,MOs5,1798,10.665855476354512,168.5753199999799,effect_35-40
6287,1209,Motor,MOs5,985,5.843085452841598,168.5753199999799,effect_35-40
6288,1215,Motor,MOs5,54,0.3203315882776105,168.5753199999799,effect_35-40
6289,1221,Motor,MOs5,39,0.23135059153382978,168.5753199999799,effect_35-40
6290,1224,Motor,MOs5,410,2.4321472443300056,168.5753199999799,effect_35-40
6291,1228,Motor,MOs5,1145,6.7922160847752595,168.5753199999799,effect_35-40
6292,1230,Motor,MOs5,53,0.3143995218280251,168.5753199999799,effect_35-40
6293,1233,Motor,MOs5,867,5.143101611790524,168.5753199999799,effect_35-40
6294,1235,Motor,MOs5,715,4.241427511453546,168.5753199999799,effect_35-40
6295,1236,Motor,MOs5,755,4.478710169436961,168.5753199999799,effect_35-40
6296,1237,Motor,MOs5,864,5.125305412441768,168.5753199999799,effect_35-40
6297,1239,Motor,MOs5,264,1.56606554269054,168.5753199999799,effect_35-40
6298,1240,Motor,MOs5,1068,6.335446968157185,168.5753199999799,effect_35-40
6299,1246,Motor,MOs5,295,1.749959602627687,168.5753199999799,effect_35-40
6300,1248,Motor,MOs5,2,0.011864132899170758,168.5753199999799,effect_35-40
6301,1249,Motor,MOs5,723,4.2888840430502295,168.5753199999799,effect_35-40
6302,1250,Motor,MOs5,264,1.56606554269054,168.5753199999799,effect_35-40
6303,1254,STR,LSr,457,2.710954367460518,168.5753199999799,effect_35-40
6304,1255,STR,LSr,57,0.33812778762636664,168.5753199999799,effect_35-40
6305,1256,STR,LSr,138,0.8186251700427823,168.5753199999799,effect_35-40
6306,1259,STR,LSr,109,0.6465952430048063,168.5753199999799,effect_35-40
6307,1261,STR,LSr,203,1.204209489265832,168.5753199999799,effect_35-40
6308,1263,STR,LSr,36,0.21355439218507366,168.5753199999799,effect_35-40
6309,1264,STR,LSr,97,0.5754104456097818,168.5753199999799,effect_35-40
6310,1267,STR,LSr,252,1.4948807452955155,168.5753199999799,effect_35-40
6311,1269,STR,LSr,483,2.865188095149738,168.5753199999799,effect_35-40
6312,1270,STR,LSr,331,1.9635139948127605,168.5753199999799,effect_35-40
6313,1271,STR,LSr,644,3.8202507935329844,168.5753199999799,effect_35-40
6314,1272,STR,LSr,78,0.46270118306765956,168.5753199999799,effect_35-40
6315,1274,STR,LSr,637,3.7787263283858867,168.5753199999799,effect_35-40
6316,1275,STR,STR,3,0.017796199348756137,168.5753199999799,effect_35-40
6317,1280,STR,LSr,150,0.8898099674378069,168.5753199999799,effect_35-40
6318,1281,STR,LSr,803,4.763449359017059,168.5753199999799,effect_35-40
6319,1282,STR,LSr,75,0.44490498371890347,168.5753199999799,effect_35-40
6320,1283,STR,LSr,54,0.3203315882776105,168.5753199999799,effect_35-40
6321,1284,STR,LSr,360,2.1355439218507364,168.5753199999799,effect_35-40
6322,1286,STR,STR,50,0.29660332247926896,168.5753199999799,effect_35-40
6323,1287,STR,STR,1,0.005932066449585379,168.5753199999799,effect_35-40
6324,1289,STR,STR,333,1.9753781277119313,168.5753199999799,effect_35-40
6325,1290,STR,STR,0,0.0,168.5753199999799,effect_35-40
6326,1291,STR,STR,25,0.14830166123963448,168.5753199999799,effect_35-40
6327,1295,Other,ACAv6a,56,0.33219572117678126,168.5753199999799,effect_35-40
6328,1296,Other,ACAv6a,47,0.2788071231305128,168.5753199999799,effect_35-40
6329,1298,Other,ACAv6a,45,0.26694299023134205,168.5753199999799,effect_35-40
6330,1301,Other,ACAv6a,4,0.023728265798341516,168.5753199999799,effect_35-40
6331,1303,Other,ACAv6a,192,1.1389567583203928,168.5753199999799,effect_35-40
6332,1304,Other,ACAv6a,56,0.33219572117678126,168.5753199999799,effect_35-40
6333,1306,Other,ACAv6a,22,0.13050546189087833,168.5753199999799,effect_35-40
6334,1307,Other,ACAv6a,15,0.08898099674378068,168.5753199999799,effect_35-40
6335,1308,Other,ACAv6a,692,4.104989983113082,168.5753199999799,effect_35-40
6336,1311,Other,ACAd6a,126,0.7474403726477578,168.5753199999799,effect_35-40
6337,1312,Other,ACAd6a,39,0.23135059153382978,168.5753199999799,effect_35-40
6338,1313,Other,ACAd6a,11,0.06525273094543917,168.5753199999799,effect_35-40
6339,1314,Other,ACAd6a,365,2.1652042540986636,168.5753199999799,effect_35-40
6340,1317,Motor,MOs6a,24,0.1423695947900491,168.5753199999799,effect_35-40
6341,1318,Motor,MOs6a,198,1.1745491570179052,168.5753199999799,effect_35-40
6342,1321,Motor,MOs6a,236,1.3999676821021494,168.5753199999799,effect_35-40
6343,1322,Motor,MOs5,8,0.04745653159668303,168.5753199999799,effect_35-40
6344,1323,Motor,MOs5,3,0.017796199348756137,168.5753199999799,effect_35-40
6345,1328,Motor,MOs5,74,0.4389729172693181,168.5753199999799,effect_35-40
6346,1329,Motor,MOs5,26,0.15423372768921986,168.5753199999799,effect_35-40
6347,1330,Motor,MOs5,13,0.07711686384460993,168.5753199999799,effect_35-40
6348,1331,STR,LSr,358,2.123679788951566,168.5753199999799,effect_35-40
6349,1332,STR,LSr,38,0.2254185250842444,168.5753199999799,effect_35-40
6350,1334,STR,STR,729,4.324476441747741,168.5753199999799,effect_35-40
6351,1335,STR,STR,429,2.5448565068721276,168.5753199999799,effect_35-40
6352,1336,STR,LSr,726,4.306680242398985,168.5753199999799,effect_35-40
6353,1337,Other,ccg,1,0.005932066449585379,168.5753199999799,effect_35-40
6354,1339,Other,ACAd6a,1017,6.0329115792283305,168.5753199999799,effect_35-40
6355,1340,Other,ACAd6a,125,0.7415083061981724,168.5753199999799,effect_35-40
6356,1341,Other,ACAd6a,1,0.005932066449585379,168.5753199999799,effect_35-40
6357,1342,Motor,MOs6a,0,0.0,168.5753199999799,effect_35-40
6358,1345,Motor,MOs5,34,0.2016902592859029,168.5753199999799,effect_35-40
6359,1347,STR,STR,0,0.0,168.5753199999799,effect_35-40
6360,1348,STR,LSr,59,0.34999192052553735,168.5753199999799,effect_35-40
6361,1349,STR,STR,14,0.08304893029419531,168.5753199999799,effect_35-40
6362,1350,Other,ACAv6a,775,4.597351498428669,168.5753199999799,effect_35-40
6363,1351,Other,ACAv6a,60,0.35592398697512273,168.5753199999799,effect_35-40
6364,1354,Motor,MOs5,888,5.267675007231817,168.5753199999799,effect_35-40
6365,1356,Motor,MOs5,7,0.04152446514709766,168.5753199999799,effect_35-40
6366,1358,STR,LSr,1,0.005932066449585379,168.5753199999799,effect_35-40
6367,1360,Motor,MOs5,17,0.10084512964295145,168.5753199999799,effect_35-40
6368,1361,Motor,MOs5,2,0.011864132899170758,168.5753199999799,effect_35-40
6369,1362,Motor,MOs5,12,0.07118479739502455,168.5753199999799,effect_35-40
6370,0,Thalamus,MD,416,2.378175664860391,174.9239999999836,effect_40-45
6371,1,Thalamus,MD,236,1.34915734833426,174.9239999999836,effect_40-45
6372,2,Thalamus,MD,1213,6.934440099701091,174.9239999999836,effect_40-45
6373,3,Thalamus,MD,824,4.71061718231962,174.9239999999836,effect_40-45
6374,4,Thalamus,MD,548,3.132789096979553,174.9239999999836,effect_40-45
6375,5,Thalamus,IAD,2219,12.685509135397131,174.9239999999836,effect_40-45
6376,6,Thalamus,IAD,2027,11.58788959776926,174.9239999999836,effect_40-45
6377,7,Thalamus,MD,534,3.052754339027521,174.9239999999836,effect_40-45
6378,8,Thalamus,MD,1284,7.3403306578863985,174.9239999999836,effect_40-45
6379,11,Thalamus,MD,217,1.2405387482565018,174.9239999999836,effect_40-45
6380,13,Thalamus,MD,1551,8.866707827400159,174.9239999999836,effect_40-45
6381,14,Thalamus,MD,144,0.8232146532209045,174.9239999999836,effect_40-45
6382,16,Thalamus,MD,613,3.504379044613989,174.9239999999836,effect_40-45
6383,17,Thalamus,MD,58,0.3315725686584199,174.9239999999836,effect_40-45
6384,18,Thalamus,MD,659,3.767350392170667,174.9239999999836,effect_40-45
6385,19,Thalamus,MD,1422,8.129244700556432,174.9239999999836,effect_40-45
6386,21,Thalamus,MD,716,4.093206192403942,174.9239999999836,effect_40-45
6387,22,Thalamus,MD,1184,6.768653815371882,174.9239999999836,effect_40-45
6388,23,Thalamus,MD,1434,8.197845921658173,174.9239999999836,effect_40-45
6389,25,Thalamus,MD,2163,12.365370103589003,174.9239999999836,effect_40-45
6390,26,Thalamus,MD,696,3.978870823901038,174.9239999999836,effect_40-45
6391,28,Thalamus,MD,2297,13.131417072558456,174.9239999999836,effect_40-45
6392,29,Thalamus,MD,843,4.819235782397378,174.9239999999836,effect_40-45
6393,31,Thalamus,MD,618,3.532962886739715,174.9239999999836,effect_40-45
6394,33,Thalamus,MD,920,5.259426951133556,174.9239999999836,effect_40-45
6395,35,Thalamus,MD,1878,10.736091102422629,174.9239999999836,effect_40-45
6396,37,Thalamus,MD,264,1.5092268642383249,174.9239999999836,effect_40-45
6397,39,Thalamus,MD,598,3.4186275182368115,174.9239999999836,effect_40-45
6398,40,Thalamus,MD,453,2.589696096590762,174.9239999999836,effect_40-45
6399,43,Thalamus,MD,2154,12.313919187762696,174.9239999999836,effect_40-45
6400,44,Thalamus,MD,1030,5.888271477899525,174.9239999999836,effect_40-45
6401,46,Thalamus,MD,357,2.0408863277768257,174.9239999999836,effect_40-45
6402,47,Thalamus,MD,1033,5.905421783174961,174.9239999999836,effect_40-45
6403,48,Thalamus,MD,1791,10.238732249435,174.9239999999836,effect_40-45
6404,49,Thalamus,MD,857,4.899270540349411,174.9239999999836,effect_40-45
6405,50,Thalamus,MD,1449,8.283597448035351,174.9239999999836,effect_40-45
6406,53,Thalamus,MD,1823,10.421668839039645,174.9239999999836,effect_40-45
6407,54,Thalamus,MD,956,5.4652306144387826,174.9239999999836,effect_40-45
6408,57,Thalamus,MD,1317,7.528984015916189,174.9239999999836,effect_40-45
6409,58,Thalamus,MD,2040,11.662207587296146,174.9239999999836,effect_40-45
6410,60,Thalamus,MD,855,4.88783700349912,174.9239999999836,effect_40-45
6411,63,Thalamus,MD,89,0.5087923898379201,174.9239999999836,effect_40-45
6412,65,Thalamus,MD,2484,14.200452768060602,174.9239999999836,effect_40-45
6413,66,Thalamus,MD,1458,8.335048363861658,174.9239999999836,effect_40-45
6414,67,Thalamus,MD,857,4.899270540349411,174.9239999999836,effect_40-45
6415,68,Thalamus,MD,686,3.9217031396495865,174.9239999999836,effect_40-45
6416,70,Thalamus,MD,157,0.8975326427477917,174.9239999999836,effect_40-45
6417,71,Thalamus,MD,393,2.246689991082052,174.9239999999836,effect_40-45
6418,73,Thalamus,MD,930,5.316594635385008,174.9239999999836,effect_40-45
6419,74,Thalamus,MD,3525,20.151608698636725,174.9239999999836,effect_40-45
6420,75,Thalamus,MD,1273,7.2774462052098015,174.9239999999836,effect_40-45
6421,76,Thalamus,MD,972,5.556698909241105,174.9239999999836,effect_40-45
6422,77,Thalamus,MD,1456,8.323614827011367,174.9239999999836,effect_40-45
6423,78,Thalamus,MD,1285,7.346047426311544,174.9239999999836,effect_40-45
6424,79,Thalamus,MD,1716,9.809974617549111,174.9239999999836,effect_40-45
6425,80,Thalamus,MD,86,0.4916420845624846,174.9239999999836,effect_40-45
6426,83,Thalamus,MD,493,2.818366833596569,174.9239999999836,effect_40-45
6427,84,Thalamus,MD,1308,7.477533100089882,174.9239999999836,effect_40-45
6428,86,Thalamus,MD,330,1.8865335802979062,174.9239999999836,effect_40-45
6429,89,Thalamus,MD,1202,6.871555647024494,174.9239999999836,effect_40-45
6430,90,Thalamus,MD,780,4.459079371613233,174.9239999999836,effect_40-45
6431,91,Thalamus,MD,499,2.85266744414744,174.9239999999836,effect_40-45
6432,92,Thalamus,MD,625,3.572980265715731,174.9239999999836,effect_40-45
6433,93,Thalamus,MD,210,1.2005213692804857,174.9239999999836,effect_40-45
6434,95,Thalamus,MD,85,0.48592531613733947,174.9239999999836,effect_40-45
6435,96,Thalamus,MD,835,4.773501634996217,174.9239999999836,effect_40-45
6436,99,Thalamus,MD,402,2.2981409069083583,174.9239999999836,effect_40-45
6437,101,Thalamus,MD,31,0.17721982117950028,174.9239999999836,effect_40-45
6438,104,Thalamus,MD,462,2.6411470124170684,174.9239999999836,effect_40-45
6439,127,Other,DG-mo,2141,12.239601198235809,174.9239999999836,effect_40-45
6440,129,Other,DG-mo,94,0.5373762319636459,174.9239999999836,effect_40-45
6441,131,Other,DG-mo,286,1.6349957695915187,174.9239999999836,effect_40-45
6442,132,Other,DG-sg,1325,7.574718163317351,174.9239999999836,effect_40-45
6443,133,Other,DG-sg,1129,6.454231551988897,174.9239999999836,effect_40-45
6444,135,Other,DG-sg,38,0.21723720015551645,174.9239999999836,effect_40-45
6445,137,Other,DG-sg,4,0.02286707370058068,174.9239999999836,effect_40-45
6446,139,Other,DG-sg,101,0.5773936109396621,174.9239999999836,effect_40-45
6447,141,Other,DG-sg,12,0.06860122110174204,174.9239999999836,effect_40-45
6448,143,Other,DG-sg,297,1.6978802222681155,174.9239999999836,effect_40-45
6449,145,Other,DG-sg,73,0.4173240950355974,174.9239999999836,effect_40-45
6450,149,Other,DG-po,14,0.08003475795203238,174.9239999999836,effect_40-45
6451,152,Other,CA3,60,0.3430061055087102,174.9239999999836,effect_40-45
6452,157,Other,CA3,1631,9.324049301411772,174.9239999999836,effect_40-45
6453,164,Other,CA3,357,2.0408863277768257,174.9239999999836,effect_40-45
6454,166,Other,CA3,14,0.08003475795203238,174.9239999999836,effect_40-45
6455,181,Other,CA1,405,2.315291212183794,174.9239999999836,effect_40-45
6456,182,Other,CA1,2706,15.46957535844283,174.9239999999836,effect_40-45
6457,188,Other,CA1,357,2.0408863277768257,174.9239999999836,effect_40-45
6458,201,Other,RSPd6a,324,1.852232969747035,174.9239999999836,effect_40-45
6459,202,Other,RSPagl6a,41,0.23438750543095196,174.9239999999836,effect_40-45
6460,204,Other,RSPagl6a,12,0.06860122110174204,174.9239999999836,effect_40-45
6461,210,Other,RSPagl5,591,3.3786101392607955,174.9239999999836,effect_40-45
6462,211,Other,RSPagl5,661,3.7787839290209573,174.9239999999836,effect_40-45
6463,213,Other,RSPagl5,1077,6.156959593881348,174.9239999999836,effect_40-45
6464,214,Other,RSPagl5,348,1.989435411950519,174.9239999999836,effect_40-45
6465,215,Other,RSPagl5,988,5.648167204043428,174.9239999999836,effect_40-45
6466,216,Other,RSPagl5,649,3.7101827079192153,174.9239999999836,effect_40-45
6467,217,Other,RSPagl5,1305,7.460382794814447,174.9239999999836,effect_40-45
6468,219,Other,RSPagl5,1334,7.626169079143657,174.9239999999836,effect_40-45
6469,220,Other,RSPagl5,656,3.7502000868952314,174.9239999999836,effect_40-45
6470,222,Other,RSPagl5,1552,8.872424595825304,174.9239999999836,effect_40-45
6471,224,Other,RSPagl5,1038,5.934005625300687,174.9239999999836,effect_40-45
6472,225,Other,RSPagl5,1482,8.472250806065142,174.9239999999836,effect_40-45
6473,227,Other,RSPagl5,262,1.4977933273880346,174.9239999999836,effect_40-45
6474,232,Other,RSPagl2/3,3119,17.830600718027785,174.9239999999836,effect_40-45
6475,233,Thalamus,MD,1488,8.506551416616013,174.9239999999836,effect_40-45
6476,234,Thalamus,MD,682,3.898836065949006,174.9239999999836,effect_40-45
6477,235,Thalamus,MD,1149,6.568566920491801,174.9239999999836,effect_40-45
6478,236,Thalamus,MD,596,3.4071939813865213,174.9239999999836,effect_40-45
6479,237,Thalamus,MD,571,3.264274770757892,174.9239999999836,effect_40-45
6480,238,Thalamus,MD,1131,6.465665088839187,174.9239999999836,effect_40-45
6481,239,Thalamus,MD,249,1.4234753378611473,174.9239999999836,effect_40-45
6482,241,Thalamus,MD,566,3.2356909286321662,174.9239999999836,effect_40-45
6483,242,Thalamus,MD,917,5.242276645858121,174.9239999999836,effect_40-45
6484,244,Thalamus,MD,227,1.2977064325079535,174.9239999999836,effect_40-45
6485,245,Thalamus,MD,266,1.520660401088615,174.9239999999836,effect_40-45
6486,250,Other,DG-mo,62,0.35443964235900055,174.9239999999836,effect_40-45
6487,252,Other,DG-sg,30,0.1715030527543551,174.9239999999836,effect_40-45
6488,253,Other,DG-sg,2,0.01143353685029034,174.9239999999836,effect_40-45
6489,254,Other,DG-sg,92,0.5259426951133557,174.9239999999836,effect_40-45
6490,256,Other,DG-sg,0,0.0,174.9239999999836,effect_40-45
6491,258,Other,CA3,835,4.773501634996217,174.9239999999836,effect_40-45
6492,259,Other,CA3,585,3.3443095287099243,174.9239999999836,effect_40-45
6493,260,Other,CA3,49,0.2801216528321133,174.9239999999836,effect_40-45
6494,263,Other,RSPagl5,1024,5.853970867348654,174.9239999999836,effect_40-45
6495,265,Other,RSPagl5,30,0.1715030527543551,174.9239999999836,effect_40-45
6496,268,Thalamus,MD,310,1.7721982117950026,174.9239999999836,effect_40-45
6497,270,Other,DG-sg,14,0.08003475795203238,174.9239999999836,effect_40-45
6498,273,Other,RSPagl5,91,0.5202259266882104,174.9239999999836,effect_40-45
6499,274,Other,RSPagl5,379,2.1666552331300193,174.9239999999836,effect_40-45
6500,276,Other,CA3,26,0.14863597905377443,174.9239999999836,effect_40-45
6501,277,Other,DG-po,5,0.02858384212572585,174.9239999999836,effect_40-45
6502,280,Other,SPFp,81,0.46305824243675875,174.9239999999836,effect_40-45
6503,292,Other,MB,847,4.842102856097959,174.9239999999836,effect_40-45
6504,293,Other,MB,441,2.52109487548902,174.9239999999836,effect_40-45
6505,335,Other,APN,5495,31.41364249617271,174.9239999999836,effect_40-45
6506,358,Other,APN,107,0.6116942214905332,174.9239999999836,effect_40-45
6507,359,Other,APN,5618,32.11680501246556,174.9239999999836,effect_40-45
6508,384,Other,APN,43,0.2458210422812423,174.9239999999836,effect_40-45
6509,386,Other,APN,7,0.04001737897601619,174.9239999999836,effect_40-45
6510,388,Other,APN,251,1.4349088747114376,174.9239999999836,effect_40-45
6511,390,Other,APN,3367,19.24835928746379,174.9239999999836,effect_40-45
6512,395,Other,MB,509,2.9098351283988917,174.9239999999836,effect_40-45
6513,396,Other,APN,2757,15.761130548125234,174.9239999999836,effect_40-45
6514,399,Other,MB,123,0.7031625162928559,174.9239999999836,effect_40-45
6515,400,Other,DG-mo,235,1.343440579909115,174.9239999999836,effect_40-45
6516,402,Other,POST,205,1.1719375271547599,174.9239999999836,effect_40-45
6517,410,Other,SUB,421,2.4067595069861167,174.9239999999836,effect_40-45
6518,425,Other,VISp6a,36,0.20580366330522612,174.9239999999836,effect_40-45
6519,426,Other,VISp6a,157,0.8975326427477917,174.9239999999836,effect_40-45
6520,427,Other,VISp6a,1010,5.7739361093966215,174.9239999999836,effect_40-45
6521,430,Other,VISp6a,532,3.04132080217723,174.9239999999836,effect_40-45
6522,431,Other,VISp6a,216,1.2348219798313567,174.9239999999836,effect_40-45
6523,432,Other,VISp5,1164,6.654318446868978,174.9239999999836,effect_40-45
6524,433,Other,VISp6a,202,1.1547872218793243,174.9239999999836,effect_40-45
6525,436,Other,VISp6a,1599,9.141112711807127,174.9239999999836,effect_40-45
6526,437,Other,VISp5,283,1.6178454643160831,174.9239999999836,effect_40-45
6527,439,Other,VISp5,729,4.167524181930829,174.9239999999836,effect_40-45
6528,440,Other,VISp5,863,4.933571150900281,174.9239999999836,effect_40-45
6529,442,Other,VISp5,918,5.247993414283266,174.9239999999836,effect_40-45
6530,443,Other,VISp5,1222,6.985891015527398,174.9239999999836,effect_40-45
6531,444,Other,VISp5,1298,7.420365415838431,174.9239999999836,effect_40-45
6532,445,Other,VISp5,749,4.281859550433732,174.9239999999836,effect_40-45
6533,446,Other,VISp5,580,3.3157256865841984,174.9239999999836,effect_40-45
6534,447,Other,VISp5,420,2.4010427385609714,174.9239999999836,effect_40-45
6535,449,Other,VISp5,1153,6.591433994192381,174.9239999999836,effect_40-45
6536,452,Other,VISp5,173,0.9890009375501144,174.9239999999836,effect_40-45
6537,453,Other,VISp5,686,3.9217031396495865,174.9239999999836,effect_40-45
6538,455,Other,VISp5,1171,6.694335825844994,174.9239999999836,effect_40-45
6539,456,Other,VISp5,1087,6.2141272781328,174.9239999999836,effect_40-45
6540,457,Other,VISp5,391,2.2352564542317617,174.9239999999836,effect_40-45
6541,458,Other,VISp5,415,2.3724588964352455,174.9239999999836,effect_40-45
6542,459,Other,VISp5,498,2.8469506757222947,174.9239999999836,effect_40-45
6543,460,Other,VISp5,694,3.967437287050748,174.9239999999836,effect_40-45
6544,466,Other,VISp5,228,1.3034232009330988,174.9239999999836,effect_40-45
6545,469,Other,VISp5,263,1.5035100958131797,174.9239999999836,effect_40-45
6546,472,Other,VISp5,98,0.5602433056642266,174.9239999999836,effect_40-45
6547,478,Other,VISp5,121,0.6917289794425656,174.9239999999836,effect_40-45
6548,479,Other,VISp5,423,2.418193043836407,174.9239999999836,effect_40-45
6549,485,Other,VISp4,44,0.2515378107063875,174.9239999999836,effect_40-45
6550,488,Other,VISp4,46,0.26297134755667784,174.9239999999836,effect_40-45
6551,489,Other,VISp4,282,1.612128695890938,174.9239999999836,effect_40-45
6552,492,Other,VISp4,183,1.046168621801566,174.9239999999836,effect_40-45
6553,493,Other,VISp4,250,1.4291921062862925,174.9239999999836,effect_40-45
6554,494,Other,VISp4,57,0.3258558002332747,174.9239999999836,effect_40-45
6555,495,Other,VISp4,80,0.4573414740116136,174.9239999999836,effect_40-45
6556,497,Other,VISp2/3,126,0.7203128215682915,174.9239999999836,effect_40-45
6557,498,Other,VISp2/3,70,0.4001737897601619,174.9239999999836,effect_40-45
6558,500,Other,VISp4,1386,7.923441037251205,174.9239999999836,effect_40-45
6559,502,Other,VISp2/3,71,0.40589055818530706,174.9239999999836,effect_40-45
6560,504,Other,VISp2/3,224,1.280556127232518,174.9239999999836,effect_40-45
6561,520,Other,APN,236,1.34915734833426,174.9239999999836,effect_40-45
6562,521,Other,APN,37,0.2115204317303713,174.9239999999836,effect_40-45
6563,523,Other,APN,2590,14.806430221125991,174.9239999999836,effect_40-45
6564,525,Other,APN,224,1.280556127232518,174.9239999999836,effect_40-45
6565,530,Other,VISp4,76,0.4344744003110329,174.9239999999836,effect_40-45
6566,533,Other,VISp4,17,0.0971850632274679,174.9239999999836,effect_40-45
6567,535,Other,VISp2/3,39,0.22295396858066163,174.9239999999836,effect_40-45
6568,536,Other,VISp2/3,314,1.7950652854955833,174.9239999999836,effect_40-45
6569,537,Other,VISp2/3,127,0.7260295899934366,174.9239999999836,effect_40-45
6570,538,Other,VISp2/3,38,0.21723720015551645,174.9239999999836,effect_40-45
6571,545,Other,VISp4,55,0.31442226338298435,174.9239999999836,effect_40-45
6572,547,Thalamus,VPL,1768,10.10724657565666,174.9239999999836,effect_40-45
6573,550,Thalamus,VPL,754,4.310443392559458,174.9239999999836,effect_40-45
6574,552,Thalamus,VPL,1996,11.41066977658976,174.9239999999836,effect_40-45
6575,553,Thalamus,VPL,833,4.762068098145926,174.9239999999836,effect_40-45
6576,558,Thalamus,VPL,1384,7.912007500400915,174.9239999999836,effect_40-45
6577,561,Thalamus,VPL,1236,7.06592577347943,174.9239999999836,effect_40-45
6578,562,Thalamus,VPL,1131,6.465665088839187,174.9239999999836,effect_40-45
6579,564,Thalamus,VPL,364,2.0809037067528418,174.9239999999836,effect_40-45
6580,565,Thalamus,VPL,1895,10.833276165650098,174.9239999999836,effect_40-45
6581,567,Thalamus,VPL,983,5.6195833619177025,174.9239999999836,effect_40-45
6582,568,Thalamus,VPL,3,0.01715030527543551,174.9239999999836,effect_40-45
6583,572,Thalamus,VPL,769,4.396194918936636,174.9239999999836,effect_40-45
6584,575,Thalamus,VPL,0,0.0,174.9239999999836,effect_40-45
6585,576,Thalamus,VPL,802,4.584848276966427,174.9239999999836,effect_40-45
6586,579,Thalamus,VPL,2770,15.835448537652121,174.9239999999836,effect_40-45
6587,581,Thalamus,VPL,1233,7.048775468203995,174.9239999999836,effect_40-45
6588,583,Thalamus,VPL,580,3.3157256865841984,174.9239999999836,effect_40-45
6589,584,Thalamus,VPL,1351,7.723354142371124,174.9239999999836,effect_40-45
6590,585,Thalamus,VPL,1169,6.682902288994704,174.9239999999836,effect_40-45
6591,586,Thalamus,VPL,133,0.7603302005443076,174.9239999999836,effect_40-45
6592,589,Thalamus,VPL,1517,8.672337700945222,174.9239999999836,effect_40-45
6593,590,Thalamus,VPL,2379,13.60019208342036,174.9239999999836,effect_40-45
6594,591,Thalamus,VPL,501,2.8641009809977303,174.9239999999836,effect_40-45
6595,593,Thalamus,VPL,471,2.692597928243375,174.9239999999836,effect_40-45
6596,594,Thalamus,VPL,327,1.8693832750224706,174.9239999999836,effect_40-45
6597,595,Thalamus,VPL,1257,7.185977910407479,174.9239999999836,effect_40-45
6598,596,Thalamus,VPL,727,4.156090645080538,174.9239999999836,effect_40-45
6599,597,Thalamus,VPL,469,2.681164391393085,174.9239999999836,effect_40-45
6600,598,Thalamus,VPL,2978,17.024536370082316,174.9239999999836,effect_40-45
6601,599,Thalamus,VPL,685,3.9159863712244416,174.9239999999836,effect_40-45
6602,600,Thalamus,VPL,1287,7.357480963161834,174.9239999999836,effect_40-45
6603,601,Thalamus,VPL,1455,8.317898058586222,174.9239999999836,effect_40-45
6604,602,Thalamus,VPL,2766,15.81258146395154,174.9239999999836,effect_40-45
6605,603,Thalamus,VPL,1600,9.146829480232272,174.9239999999836,effect_40-45
6606,607,Thalamus,VPL,1363,7.791955363472867,174.9239999999836,effect_40-45
6607,610,Thalamus,VPL,1434,8.197845921658173,174.9239999999836,effect_40-45
6608,611,Thalamus,VPL,1604,9.169696553932853,174.9239999999836,effect_40-45
6609,612,Thalamus,VPL,454,2.595412865015907,174.9239999999836,effect_40-45
6610,616,Thalamus,VPL,464,2.652580549267359,174.9239999999836,effect_40-45
6611,617,Thalamus,VPL,544,3.1099220232789726,174.9239999999836,effect_40-45
6612,618,Thalamus,VPL,352,2.0123024856511,174.9239999999836,effect_40-45
6613,620,Thalamus,VPL,1167,6.671468752144413,174.9239999999836,effect_40-45
6614,621,Thalamus,VPL,416,2.378175664860391,174.9239999999836,effect_40-45
6615,622,Thalamus,VPL,630,3.6015641078414573,174.9239999999836,effect_40-45
6616,623,Thalamus,VPL,532,3.04132080217723,174.9239999999836,effect_40-45
6617,626,Thalamus,VPL,512,2.926985433674327,174.9239999999836,effect_40-45
6618,629,Thalamus,VPL,1023,5.848254098923509,174.9239999999836,effect_40-45
6619,630,Thalamus,VPL,1088,6.219844046557945,174.9239999999836,effect_40-45
6620,632,Thalamus,VPL,520,2.9727195810754883,174.9239999999836,effect_40-45
6621,633,Thalamus,VPL,1497,8.55800233244232,174.9239999999836,effect_40-45
6622,634,Thalamus,VPL,2008,11.4792709976915,174.9239999999836,effect_40-45
6623,635,Thalamus,VPL,2193,12.536873156343358,174.9239999999836,effect_40-45
6624,664,RT,RT,6623,37.86215727973646,174.9239999999836,effect_40-45
6625,667,RT,RT,1423,8.134961468981578,174.9239999999836,effect_40-45
6626,670,Other,CA3,2858,16.338524159064896,174.9239999999836,effect_40-45
6627,672,Other,or,491,2.8069332967462786,174.9239999999836,effect_40-45
6628,676,Somatosensory,SSp-bfd6a,295,1.686446685417825,174.9239999999836,effect_40-45
6629,680,Somatosensory,SSp-bfd6a,66,0.3773067160595812,174.9239999999836,effect_40-45
6630,681,Somatosensory,SSp-bfd6a,50,0.2858384212572585,174.9239999999836,effect_40-45
6631,683,Somatosensory,SSp-bfd6a,36,0.20580366330522612,174.9239999999836,effect_40-45
6632,685,Somatosensory,SSp-bfd6a,764,4.36761107681091,174.9239999999836,effect_40-45
6633,686,Somatosensory,SSp-bfd6a,876,5.007889140427169,174.9239999999836,effect_40-45
6634,687,Somatosensory,SSp-bfd6a,166,0.9489835585740982,174.9239999999836,effect_40-45
6635,690,Somatosensory,SSp-bfd6a,658,3.7616336237455217,174.9239999999836,effect_40-45
6636,692,Somatosensory,SSp-bfd5,308,1.7607646749447123,174.9239999999836,effect_40-45
6637,695,Somatosensory,SSp-bfd5,771,4.407628455786926,174.9239999999836,effect_40-45
6638,696,Somatosensory,SSp-bfd5,170,0.9718506322746789,174.9239999999836,effect_40-45
6639,697,Somatosensory,SSp-bfd5,724,4.138940339805103,174.9239999999836,effect_40-45
6640,698,Somatosensory,SSp-bfd5,604,3.4529281287876827,174.9239999999836,effect_40-45
6641,699,Somatosensory,SSp-bfd5,757,4.327593697834894,174.9239999999836,effect_40-45
6642,700,Somatosensory,SSp-bfd5,330,1.8865335802979062,174.9239999999836,effect_40-45
6643,702,Somatosensory,SSp-bfd5,915,5.2308431090078304,174.9239999999836,effect_40-45
6644,705,Somatosensory,SSp-bfd5,191,1.0919027692027274,174.9239999999836,effect_40-45
6645,706,Somatosensory,SSp-bfd5,605,3.4586448972128276,174.9239999999836,effect_40-45
6646,707,Somatosensory,SSp-bfd5,869,4.9678717614511525,174.9239999999836,effect_40-45
6647,714,Somatosensory,SSp-bfd5,26,0.14863597905377443,174.9239999999836,effect_40-45
6648,715,Somatosensory,SSp-bfd5,237,1.3548741167594054,174.9239999999836,effect_40-45
6649,716,Somatosensory,SSp-bfd5,404,2.3095744437586485,174.9239999999836,effect_40-45
6650,718,Somatosensory,SSp-bfd5,410,2.3438750543095197,174.9239999999836,effect_40-45
6651,719,Somatosensory,SSp-bfd5,539,3.0813381811532468,174.9239999999836,effect_40-45
6652,729,Thalamus,VPL,2311,13.211451830510487,174.9239999999836,effect_40-45
6653,730,Thalamus,VPL,248,1.4177585694360022,174.9239999999836,effect_40-45
6654,732,Thalamus,VPL,354,2.02373602250139,174.9239999999836,effect_40-45
6655,733,Thalamus,VPL,773,4.419061992637216,174.9239999999836,effect_40-45
6656,734,Thalamus,VPL,44,0.2515378107063875,174.9239999999836,effect_40-45
6657,735,Thalamus,VPL,284,1.6235622327412282,174.9239999999836,effect_40-45
6658,738,Thalamus,VPL,397,2.2695570647826324,174.9239999999836,effect_40-45
6659,739,Thalamus,VPL,0,0.0,174.9239999999836,effect_40-45
6660,741,Other,or,321,1.8350826644715996,174.9239999999836,effect_40-45
6661,743,Somatosensory,SSp-bfd6a,286,1.6349957695915187,174.9239999999836,effect_40-45
6662,744,Somatosensory,SSp-bfd6a,9,0.05145091582630653,174.9239999999836,effect_40-45
6663,746,Somatosensory,SSp-bfd6a,790,4.516247055864684,174.9239999999836,effect_40-45
6664,747,Somatosensory,SSp-bfd5,11,0.06288445267659687,174.9239999999836,effect_40-45
6665,750,Somatosensory,SSp-bfd5,2,0.01143353685029034,174.9239999999836,effect_40-45
6666,751,Somatosensory,SSp-bfd4,148,0.8460817269214852,174.9239999999836,effect_40-45
6667,752,Somatosensory,SSp-bfd6a,60,0.3430061055087102,174.9239999999836,effect_40-45
6668,757,Somatosensory,SSp-bfd5,467,2.6697308545427942,174.9239999999836,effect_40-45
6669,761,STR,LSr,1478,8.449383732364561,174.9239999999836,effect_40-45
6670,763,STR,LSr,560,3.201390318081295,174.9239999999836,effect_40-45
6671,766,STR,LSr,119,0.6802954425922753,174.9239999999836,effect_40-45
6672,768,STR,LSr,673,3.847385150122699,174.9239999999836,effect_40-45
6673,769,STR,LSr,305,1.7436143696692767,174.9239999999836,effect_40-45
6674,771,STR,LSr,164,0.9375500217238079,174.9239999999836,effect_40-45
6675,773,STR,LSr,5096,29.132651894539787,174.9239999999836,effect_40-45
6676,774,STR,LSr,239,1.3663076536096956,174.9239999999836,effect_40-45
6677,775,STR,LSr,524,2.9955866547760692,174.9239999999836,effect_40-45
6678,777,STR,LSr,121,0.6917289794425656,174.9239999999836,effect_40-45
6679,778,STR,LSr,121,0.6917289794425656,174.9239999999836,effect_40-45
6680,779,STR,LSr,475,2.7154650019439557,174.9239999999836,effect_40-45
6681,780,STR,LSr,50,0.2858384212572585,174.9239999999836,effect_40-45
6682,781,STR,LSr,1119,6.397063867737446,174.9239999999836,effect_40-45
6683,783,STR,LSr,384,2.195239075255745,174.9239999999836,effect_40-45
6684,784,STR,LSr,220,1.2576890535319374,174.9239999999836,effect_40-45
6685,785,STR,LSr,237,1.3548741167594054,174.9239999999836,effect_40-45
6686,786,STR,LSr,2133,12.193867050834648,174.9239999999836,effect_40-45
6687,787,STR,LSr,129,0.737463126843727,174.9239999999836,effect_40-45
6688,788,STR,LSr,289,1.652146074866954,174.9239999999836,effect_40-45
6689,791,STR,LSr,680,3.8874025290987158,174.9239999999836,effect_40-45
6690,792,STR,LSr,313,1.7893485170704382,174.9239999999836,effect_40-45
6691,793,STR,LSr,234,1.3377238114839698,174.9239999999836,effect_40-45
6692,795,STR,LSr,256,1.4634927168371634,174.9239999999836,effect_40-45
6693,797,STR,LSr,14,0.08003475795203238,174.9239999999836,effect_40-45
6694,799,STR,LSr,1289,7.368914500012124,174.9239999999836,effect_40-45
6695,801,STR,LSr,125,0.7145960531431462,174.9239999999836,effect_40-45
6696,802,STR,LSr,24,0.13720244220348407,174.9239999999836,effect_40-45
6697,804,STR,LSr,613,3.504379044613989,174.9239999999836,effect_40-45
6698,805,STR,LSr,568,3.2471244654824565,174.9239999999836,effect_40-45
6699,807,STR,LSr,552,3.155656170680134,174.9239999999836,effect_40-45
6700,808,STR,LSr,575,3.2871418444584726,174.9239999999836,effect_40-45
6701,810,STR,LSr,540,3.0870549495783917,174.9239999999836,effect_40-45
6702,811,STR,LSr,519,2.9670028126503434,174.9239999999836,effect_40-45
6703,812,STR,LSr,449,2.566829022890181,174.9239999999836,effect_40-45
6704,813,STR,LSr,3164,18.08785529715932,174.9239999999836,effect_40-45
6705,815,STR,LSr,625,3.572980265715731,174.9239999999836,effect_40-45
6706,817,STR,LSr,962,5.499531224989654,174.9239999999836,effect_40-45
6707,818,STR,LSr,665,3.801651002721538,174.9239999999836,effect_40-45
6708,819,STR,LSr,184,1.0518853902267113,174.9239999999836,effect_40-45
6709,820,STR,LSr,403,2.3038576753335036,174.9239999999836,effect_40-45
6710,821,STR,LSr,114,0.6517116004665494,174.9239999999836,effect_40-45
6711,822,STR,LSr,1000,5.71676842514517,174.9239999999836,effect_40-45
6712,824,STR,LSr,339,1.9379844961242125,174.9239999999836,effect_40-45
6713,826,STR,LSr,332,1.8979671171481964,174.9239999999836,effect_40-45
6714,828,STR,LSr,143,0.8174978847957594,174.9239999999836,effect_40-45
6715,829,STR,LSr,124,0.7088792847180011,174.9239999999836,effect_40-45
6716,831,STR,LSr,724,4.138940339805103,174.9239999999836,effect_40-45
6717,832,STR,LSr,297,1.6978802222681155,174.9239999999836,effect_40-45
6718,834,STR,LSr,2303,13.165717683109326,174.9239999999836,effect_40-45
6719,835,STR,LSr,552,3.155656170680134,174.9239999999836,effect_40-45
6720,838,STR,LSr,406,2.321007980608939,174.9239999999836,effect_40-45
6721,839,STR,LSr,633,3.6187144131168925,174.9239999999836,effect_40-45
6722,840,STR,LSr,6,0.03430061055087102,174.9239999999836,effect_40-45
6723,841,STR,LSr,320,1.8293658960464545,174.9239999999836,effect_40-45
6724,842,STR,LSr,646,3.6930324026437797,174.9239999999836,effect_40-45
6725,843,STR,LSr,587,3.355743065560215,174.9239999999836,effect_40-45
6726,845,STR,LSr,657,3.755916855320377,174.9239999999836,effect_40-45
6727,846,STR,LSr,754,4.310443392559458,174.9239999999836,effect_40-45
6728,849,STR,LSr,727,4.156090645080538,174.9239999999836,effect_40-45
6729,851,STR,LSr,44,0.2515378107063875,174.9239999999836,effect_40-45
6730,852,STR,LSr,663,3.7902174658712475,174.9239999999836,effect_40-45
6731,853,STR,LSr,742,4.241842171457716,174.9239999999836,effect_40-45
6732,854,STR,LSr,558,3.189956781231005,174.9239999999836,effect_40-45
6733,855,STR,LSr,789,4.510530287439539,174.9239999999836,effect_40-45
6734,856,STR,LSr,1598,9.135395943381981,174.9239999999836,effect_40-45
6735,857,STR,LSr,143,0.8174978847957594,174.9239999999836,effect_40-45
6736,858,STR,LSr,570,3.2585580023327467,174.9239999999836,effect_40-45
6737,859,STR,LSr,1107,6.328462646635703,174.9239999999836,effect_40-45
6738,861,STR,LSr,821,4.693466877044185,174.9239999999836,effect_40-45
6739,862,STR,LSr,547,3.127072328554408,174.9239999999836,effect_40-45
6740,863,STR,LSr,145,0.8289314216460496,174.9239999999836,effect_40-45
6741,864,STR,LSr,183,1.046168621801566,174.9239999999836,effect_40-45
6742,865,STR,LSr,804,4.5962818138167165,174.9239999999836,effect_40-45
6743,866,STR,LSr,171,0.9775674006998241,174.9239999999836,effect_40-45
6744,868,STR,LSr,314,1.7950652854955833,174.9239999999836,effect_40-45
6745,871,STR,LSr,885,5.059340056253475,174.9239999999836,effect_40-45
6746,872,STR,LSr,703,4.018888202877054,174.9239999999836,effect_40-45
6747,873,STR,LSr,128,0.7317463584185817,174.9239999999836,effect_40-45
6748,874,STR,LSr,140,0.8003475795203238,174.9239999999836,effect_40-45
6749,876,STR,LSr,1723,9.849991996525128,174.9239999999836,effect_40-45
6750,877,STR,STR,172,0.9832841691249692,174.9239999999836,effect_40-45
6751,879,STR,STR,460,2.629713475566778,174.9239999999836,effect_40-45
6752,880,STR,STR,72,0.41160732661045224,174.9239999999836,effect_40-45
6753,881,STR,STR,231,1.3205735062085342,174.9239999999836,effect_40-45
6754,882,STR,STR,133,0.7603302005443076,174.9239999999836,effect_40-45
6755,883,STR,STR,295,1.686446685417825,174.9239999999836,effect_40-45
6756,884,STR,STR,426,2.4353433491118426,174.9239999999836,effect_40-45
6757,885,STR,STR,673,3.847385150122699,174.9239999999836,effect_40-45
6758,886,STR,STR,72,0.41160732661045224,174.9239999999836,effect_40-45
6759,887,STR,STR,324,1.852232969747035,174.9239999999836,effect_40-45
6760,888,STR,STR,216,1.2348219798313567,174.9239999999836,effect_40-45
6761,889,STR,STR,1185,6.774370583797026,174.9239999999836,effect_40-45
6762,890,STR,STR,26,0.14863597905377443,174.9239999999836,effect_40-45
6763,891,STR,STR,361,2.063753401477406,174.9239999999836,effect_40-45
6764,892,STR,STR,624,3.567263497290586,174.9239999999836,effect_40-45
6765,895,STR,STR,189,1.0804692323524372,174.9239999999836,effect_40-45
6766,897,STR,STR,9,0.05145091582630653,174.9239999999836,effect_40-45
6767,898,STR,STR,938,5.36232878278617,174.9239999999836,effect_40-45
6768,900,STR,STR,605,3.4586448972128276,174.9239999999836,effect_40-45
6769,902,STR,STR,680,3.8874025290987158,174.9239999999836,effect_40-45
6770,903,STR,STR,1035,5.916855320025251,174.9239999999836,effect_40-45
6771,904,STR,STR,275,1.5721113169149217,174.9239999999836,effect_40-45
6772,909,STR,LSr,369,2.1094875488785676,174.9239999999836,effect_40-45
6773,910,STR,LSr,812,4.642015961217878,174.9239999999836,effect_40-45
6774,911,STR,LSr,212,1.211954906130776,174.9239999999836,effect_40-45
6775,914,STR,LSr,921,5.265143719558702,174.9239999999836,effect_40-45
6776,916,STR,LSr,466,2.6640140861176493,174.9239999999836,effect_40-45
6777,917,STR,LSr,625,3.572980265715731,174.9239999999836,effect_40-45
6778,919,STR,LSr,566,3.2356909286321662,174.9239999999836,effect_40-45
6779,920,STR,LSr,48,0.27440488440696814,174.9239999999836,effect_40-45
6780,921,STR,LSr,37,0.2115204317303713,174.9239999999836,effect_40-45
6781,922,STR,LSr,143,0.8174978847957594,174.9239999999836,effect_40-45
6782,923,STR,SH,326,1.8636665065973255,174.9239999999836,effect_40-45
6783,924,STR,SH,656,3.7502000868952314,174.9239999999836,effect_40-45
6784,925,STR,SH,456,2.6068464018661976,174.9239999999836,effect_40-45
6785,927,STR,SH,333,1.9036838855733416,174.9239999999836,effect_40-45
6786,928,STR,SH,899,5.139374814205508,174.9239999999836,effect_40-45
6787,929,STR,SH,416,2.378175664860391,174.9239999999836,effect_40-45
6788,930,STR,SH,977,5.585282751366831,174.9239999999836,effect_40-45
6789,932,STR,LSr,396,2.2638402963574875,174.9239999999836,effect_40-45
6790,933,STR,LSr,709,4.0531888134279255,174.9239999999836,effect_40-45
6791,935,STR,LSr,233,1.3320070430588247,174.9239999999836,effect_40-45
6792,937,STR,LSr,369,2.1094875488785676,174.9239999999836,effect_40-45
6793,938,STR,LSr,321,1.8350826644715996,174.9239999999836,effect_40-45
6794,940,STR,LSr,80,0.4573414740116136,174.9239999999836,effect_40-45
6795,941,STR,LSr,744,4.253275708308006,174.9239999999836,effect_40-45
6796,943,STR,LSr,350,2.0008689488008096,174.9239999999836,effect_40-45
6797,945,STR,LSr,1904,10.884727081476404,174.9239999999836,effect_40-45
6798,946,STR,LSr,906,5.179392193181524,174.9239999999836,effect_40-45
6799,947,STR,LSr,656,3.7502000868952314,174.9239999999836,effect_40-45
6800,949,STR,SH,127,0.7260295899934366,174.9239999999836,effect_40-45
6801,950,STR,SH,1140,6.5171160046654935,174.9239999999836,effect_40-45
6802,952,STR,SH,475,2.7154650019439557,174.9239999999836,effect_40-45
6803,953,STR,SH,39,0.22295396858066163,174.9239999999836,effect_40-45
6804,955,STR,SH,429,2.4524936543872777,174.9239999999836,effect_40-45
6805,958,STR,STR,400,2.286707370058068,174.9239999999836,effect_40-45
6806,959,STR,STR,841,4.807802245547088,174.9239999999836,effect_40-45
6807,960,STR,STR,706,4.03603850815249,174.9239999999836,effect_40-45
6808,964,STR,STR,1226,7.008758089227978,174.9239999999836,effect_40-45
6809,965,STR,STR,781,4.464796140038378,174.9239999999836,effect_40-45
6810,968,STR,STR,39,0.22295396858066163,174.9239999999836,effect_40-45
6811,971,STR,STR,938,5.36232878278617,174.9239999999836,effect_40-45
6812,973,STR,STR,283,1.6178454643160831,174.9239999999836,effect_40-45
6813,974,STR,STR,324,1.852232969747035,174.9239999999836,effect_40-45
6814,976,STR,STR,69,0.39445702133501676,174.9239999999836,effect_40-45
6815,977,STR,STR,537,3.069904644302956,174.9239999999836,effect_40-45
6816,979,STR,STR,578,3.304292149733908,174.9239999999836,effect_40-45
6817,980,STR,STR,16,0.09146829480232271,174.9239999999836,effect_40-45
6818,981,STR,STR,235,1.343440579909115,174.9239999999836,effect_40-45
6819,982,STR,STR,271,1.549244243214341,174.9239999999836,effect_40-45
6820,983,STR,STR,309,1.7664814433698575,174.9239999999836,effect_40-45
6821,984,STR,STR,615,3.5158125814642793,174.9239999999836,effect_40-45
6822,985,STR,STR,65,0.37158994763443604,174.9239999999836,effect_40-45
6823,989,Other,ccg,2401,13.725960988773553,174.9239999999836,effect_40-45
6824,991,Other,ccg,1952,11.159131965883372,174.9239999999836,effect_40-45
6825,992,Other,ccg,55,0.31442226338298435,174.9239999999836,effect_40-45
6826,993,STR,STR,276,1.577828085340067,174.9239999999836,effect_40-45
6827,994,Other,ccg,825,4.716333950744765,174.9239999999836,effect_40-45
6828,995,Other,ccg,15,0.08575152637717755,174.9239999999836,effect_40-45
6829,996,Other,ccg,736,4.207541560906845,174.9239999999836,effect_40-45
6830,1005,Other,ACAv6a,0,0.0,174.9239999999836,effect_40-45
6831,1008,Other,ACAv5,94,0.5373762319636459,174.9239999999836,effect_40-45
6832,1009,Other,ACAv6a,460,2.629713475566778,174.9239999999836,effect_40-45
6833,1011,Other,ACAv5,912,5.213692803732395,174.9239999999836,effect_40-45
6834,1013,Other,ACAv5,90,0.5145091582630653,174.9239999999836,effect_40-45
6835,1014,Other,ACAv5,991,5.6653175093188635,174.9239999999836,effect_40-45
6836,1015,Other,ACAv5,0,0.0,174.9239999999836,effect_40-45
6837,1016,Other,ACAv6a,0,0.0,174.9239999999836,effect_40-45
6838,1017,Other,ACAv6a,477,2.726898538794246,174.9239999999836,effect_40-45
6839,1020,Other,ACAv5,3215,18.37941048684172,174.9239999999836,effect_40-45
6840,1021,Other,ACAv5,0,0.0,174.9239999999836,effect_40-45
6841,1025,Other,ACAv6a,1375,7.860556584574609,174.9239999999836,effect_40-45
6842,1028,Other,ACAv6a,224,1.280556127232518,174.9239999999836,effect_40-45
6843,1030,Other,ACAv6a,38,0.21723720015551645,174.9239999999836,effect_40-45
6844,1032,Other,ACAv5,565,3.229974160207021,174.9239999999836,effect_40-45
6845,1033,Other,ACAv5,991,5.6653175093188635,174.9239999999836,effect_40-45
6846,1035,Other,ACAv5,2413,13.794562209875295,174.9239999999836,effect_40-45
6847,1036,Other,ACAv6a,340,1.9437012645493579,174.9239999999836,effect_40-45
6848,1038,Other,ACAv5,6,0.03430061055087102,174.9239999999836,effect_40-45
6849,1039,Other,ACAv6a,1025,5.859687635773799,174.9239999999836,effect_40-45
6850,1043,Other,ACAv6a,217,1.2405387482565018,174.9239999999836,effect_40-45
6851,1045,Other,ACAv6a,1258,7.191694678832624,174.9239999999836,effect_40-45
6852,1052,Other,ACAv6a,1090,6.231277583408235,174.9239999999836,effect_40-45
6853,1055,Other,ACAv6a,208,1.1890878324301954,174.9239999999836,effect_40-45
6854,1057,Other,ACAv6a,3537,20.220209919738465,174.9239999999836,effect_40-45
6855,1058,Other,ACAv6a,1199,6.854405341749059,174.9239999999836,effect_40-45
6856,1061,Other,ACAv6a,41,0.23438750543095196,174.9239999999836,effect_40-45
6857,1062,Other,ACAv6a,993,5.676751046169154,174.9239999999836,effect_40-45
6858,1066,Other,ACAv6a,456,2.6068464018661976,174.9239999999836,effect_40-45
6859,1069,Other,ACAv6a,135,0.7717637373945979,174.9239999999836,effect_40-45
6860,1073,Other,ACAv6a,517,2.9555692758000527,174.9239999999836,effect_40-45
6861,1074,Other,ACAv6a,390,2.2295396858066163,174.9239999999836,effect_40-45
6862,1075,Other,ACAv6a,7940,45.39114129565265,174.9239999999836,effect_40-45
6863,1083,Other,ACAv6a,546,3.121355560129263,174.9239999999836,effect_40-45
6864,1085,Other,ACAv6a,3,0.01715030527543551,174.9239999999836,effect_40-45
6865,1086,Other,ACAv6a,2314,13.228602135785923,174.9239999999836,effect_40-45
6866,1090,Other,ACAv6a,1361,7.780521826622576,174.9239999999836,effect_40-45
6867,1091,Other,ACAv6a,289,1.652146074866954,174.9239999999836,effect_40-45
6868,1092,Other,ACAv6a,304,1.7378976012441316,174.9239999999836,effect_40-45
6869,1093,Other,ACAv6a,180,1.0290183165261306,174.9239999999836,effect_40-45
6870,1094,Other,ACAv6a,20,0.1143353685029034,174.9239999999836,effect_40-45
6871,1095,Other,ACAv6a,80,0.4573414740116136,174.9239999999836,effect_40-45
6872,1098,Other,ACAv6a,443,2.5325284123393104,174.9239999999836,effect_40-45
6873,1100,Other,ACAv6a,6,0.03430061055087102,174.9239999999836,effect_40-45
6874,1102,Other,ACAv6a,1781,10.181564565183548,174.9239999999836,effect_40-45
6875,1104,Other,ACAv6a,379,2.1666552331300193,174.9239999999836,effect_40-45
6876,1105,Other,ACAd6a,200,1.143353685029034,174.9239999999836,effect_40-45
6877,1107,Other,ACAd6a,221,1.2634058219570825,174.9239999999836,effect_40-45
6878,1109,Other,ACAd6a,511,2.921268665249182,174.9239999999836,effect_40-45
6879,1110,Other,ACAd6a,118,0.67457867416713,174.9239999999836,effect_40-45
6880,1112,Other,ACAd6a,943,5.390912624911896,174.9239999999836,effect_40-45
6881,1113,Other,ACAd6a,6,0.03430061055087102,174.9239999999836,effect_40-45
6882,1115,Other,ACAd6a,136,0.7774805058197432,174.9239999999836,effect_40-45
6883,1118,Other,ACAd6a,439,2.5096613386387294,174.9239999999836,effect_40-45
6884,1119,Other,ACAd6a,13,0.07431798952688722,174.9239999999836,effect_40-45
6885,1120,Other,ACAd6a,715,4.087489423978797,174.9239999999836,effect_40-45
6886,1121,Other,ACAd6a,505,2.8869680546983107,174.9239999999836,effect_40-45
6887,1124,Other,ACAd6a,410,2.3438750543095197,174.9239999999836,effect_40-45
6888,1126,Other,ACAd6a,325,1.8579497381721803,174.9239999999836,effect_40-45
6889,1127,Other,ACAd6a,79,0.45162470558646844,174.9239999999836,effect_40-45
6890,1128,Other,ACAd6a,498,2.8469506757222947,174.9239999999836,effect_40-45
6891,1129,Other,ACAd6a,152,0.8689488006220658,174.9239999999836,effect_40-45
6892,1130,Other,ACAd6a,1020,5.831103793648073,174.9239999999836,effect_40-45
6893,1131,Other,ACAd6a,237,1.3548741167594054,174.9239999999836,effect_40-45
6894,1132,Other,ACAd6a,366,2.092337243603132,174.9239999999836,effect_40-45
6895,1134,Other,ACAd6a,360,2.0580366330522613,174.9239999999836,effect_40-45
6896,1142,Other,ACAd6a,274,1.5663945484897766,174.9239999999836,effect_40-45
6897,1143,Other,ACAd6a,204,1.1662207587296147,174.9239999999836,effect_40-45
6898,1145,Other,ACAd6a,538,3.0756214127281014,174.9239999999836,effect_40-45
6899,1148,Other,ACAd6a,336,1.9208341908487772,174.9239999999836,effect_40-45
6900,1149,Other,ACAd6a,19,0.10861860007775823,174.9239999999836,effect_40-45
6901,1152,Other,ACAd6a,634,3.624431181542038,174.9239999999836,effect_40-45
6902,1154,Other,ACAd6a,776,4.436212297912652,174.9239999999836,effect_40-45
6903,1156,Other,ACAd6a,561,3.2071070865064404,174.9239999999836,effect_40-45
6904,1161,Other,ACAd6a,185,1.0576021586518565,174.9239999999836,effect_40-45
6905,1163,Other,ACAd6a,2,0.01143353685029034,174.9239999999836,effect_40-45
6906,1164,Other,ACAd6a,52,0.29727195810754886,174.9239999999836,effect_40-45
6907,1165,Other,ACAd6a,27,0.15435274747891958,174.9239999999836,effect_40-45
6908,1167,Motor,MOs6a,394,2.252406759507197,174.9239999999836,effect_40-45
6909,1168,Motor,MOs6a,796,4.5505476664155555,174.9239999999836,effect_40-45
6910,1169,Motor,MOs6a,176,1.00615124282555,174.9239999999836,effect_40-45
6911,1176,Motor,MOs6a,11,0.06288445267659687,174.9239999999836,effect_40-45
6912,1178,Motor,MOs6a,248,1.4177585694360022,174.9239999999836,effect_40-45
6913,1180,Motor,MOs6a,646,3.6930324026437797,174.9239999999836,effect_40-45
6914,1182,Motor,MOs6a,301,1.7207472959686962,174.9239999999836,effect_40-45
6915,1185,Motor,MOs6a,292,1.6692963801423897,174.9239999999836,effect_40-45
6916,1187,Motor,MOs6a,25,0.14291921062862925,174.9239999999836,effect_40-45
6917,1200,Motor,MOs6a,869,4.9678717614511525,174.9239999999836,effect_40-45
6918,1201,Motor,MOs6a,353,2.018019254076245,174.9239999999836,effect_40-45
6919,1202,Motor,MOs6a,0,0.0,174.9239999999836,effect_40-45
6920,1203,Motor,MOs6a,479,2.7383320756445366,174.9239999999836,effect_40-45
6921,1204,Motor,MOs6a,413,2.3610253595849553,174.9239999999836,effect_40-45
6922,1207,Motor,MOs6a,2095,11.976629850679132,174.9239999999836,effect_40-45
6923,1208,Motor,MOs5,2598,14.852164368527152,174.9239999999836,effect_40-45
6924,1209,Motor,MOs5,992,5.671034277744009,174.9239999999836,effect_40-45
6925,1215,Motor,MOs5,105,0.6002606846402428,174.9239999999836,effect_40-45
6926,1221,Motor,MOs5,24,0.13720244220348407,174.9239999999836,effect_40-45
6927,1224,Motor,MOs5,702,4.013171434451909,174.9239999999836,effect_40-45
6928,1228,Motor,MOs5,1344,7.683336763395109,174.9239999999836,effect_40-45
6929,1230,Motor,MOs5,265,1.51494363266347,174.9239999999836,effect_40-45
6930,1233,Motor,MOs5,1101,6.294162036084832,174.9239999999836,effect_40-45
6931,1235,Motor,MOs5,1083,6.191260204432219,174.9239999999836,effect_40-45
6932,1236,Motor,MOs5,870,4.973588529876298,174.9239999999836,effect_40-45
6933,1237,Motor,MOs5,578,3.304292149733908,174.9239999999836,effect_40-45
6934,1239,Motor,MOs5,162,0.9261164848735175,174.9239999999836,effect_40-45
6935,1240,Motor,MOs5,213,1.2176716745559213,174.9239999999836,effect_40-45
6936,1246,Motor,MOs5,705,4.030321739727345,174.9239999999836,effect_40-45
6937,1248,Motor,MOs5,2,0.01143353685029034,174.9239999999836,effect_40-45
6938,1249,Motor,MOs5,78,0.44590793716132326,174.9239999999836,effect_40-45
6939,1250,Motor,MOs5,140,0.8003475795203238,174.9239999999836,effect_40-45
6940,1254,STR,LSr,596,3.4071939813865213,174.9239999999836,effect_40-45
6941,1255,STR,LSr,88,0.503075621412775,174.9239999999836,effect_40-45
6942,1256,STR,LSr,146,0.8346481900711948,174.9239999999836,effect_40-45
6943,1259,STR,LSr,95,0.5430930003887912,174.9239999999836,effect_40-45
6944,1261,STR,LSr,204,1.1662207587296147,174.9239999999836,effect_40-45
6945,1263,STR,LSr,60,0.3430061055087102,174.9239999999836,effect_40-45
6946,1264,STR,LSr,133,0.7603302005443076,174.9239999999836,effect_40-45
6947,1267,STR,LSr,218,1.2462555166816471,174.9239999999836,effect_40-45
6948,1269,STR,LSr,579,3.3100089181590535,174.9239999999836,effect_40-45
6949,1270,STR,LSr,292,1.6692963801423897,174.9239999999836,effect_40-45
6950,1271,STR,LSr,631,3.607280876266602,174.9239999999836,effect_40-45
6951,1272,STR,LSr,89,0.5087923898379201,174.9239999999836,effect_40-45
6952,1274,STR,LSr,682,3.898836065949006,174.9239999999836,effect_40-45
6953,1275,STR,STR,3,0.01715030527543551,174.9239999999836,effect_40-45
6954,1280,STR,LSr,127,0.7260295899934366,174.9239999999836,effect_40-45
6955,1281,STR,LSr,856,4.893553771924266,174.9239999999836,effect_40-45
6956,1282,STR,LSr,74,0.4230408634607426,174.9239999999836,effect_40-45
6957,1283,STR,LSr,70,0.4001737897601619,174.9239999999836,effect_40-45
6958,1284,STR,LSr,423,2.418193043836407,174.9239999999836,effect_40-45
6959,1286,STR,STR,30,0.1715030527543551,174.9239999999836,effect_40-45
6960,1287,STR,STR,0,0.0,174.9239999999836,effect_40-45
6961,1289,STR,STR,379,2.1666552331300193,174.9239999999836,effect_40-45
6962,1290,STR,STR,1,0.00571676842514517,174.9239999999836,effect_40-45
6963,1291,STR,STR,22,0.12576890535319374,174.9239999999836,effect_40-45
6964,1295,Other,ACAv6a,89,0.5087923898379201,174.9239999999836,effect_40-45
6965,1296,Other,ACAv6a,44,0.2515378107063875,174.9239999999836,effect_40-45
6966,1298,Other,ACAv6a,70,0.4001737897601619,174.9239999999836,effect_40-45
6967,1301,Other,ACAv6a,13,0.07431798952688722,174.9239999999836,effect_40-45
6968,1303,Other,ACAv6a,197,1.1262033797535984,174.9239999999836,effect_40-45
6969,1304,Other,ACAv6a,219,1.2519722851067923,174.9239999999836,effect_40-45
6970,1306,Other,ACAv6a,10,0.0571676842514517,174.9239999999836,effect_40-45
6971,1307,Other,ACAv6a,25,0.14291921062862925,174.9239999999836,effect_40-45
6972,1308,Other,ACAv6a,505,2.8869680546983107,174.9239999999836,effect_40-45
6973,1311,Other,ACAd6a,130,0.7431798952688721,174.9239999999836,effect_40-45
6974,1312,Other,ACAd6a,13,0.07431798952688722,174.9239999999836,effect_40-45
6975,1313,Other,ACAd6a,6,0.03430061055087102,174.9239999999836,effect_40-45
6976,1314,Other,ACAd6a,496,2.8355171388720044,174.9239999999836,effect_40-45
6977,1317,Motor,MOs6a,58,0.3315725686584199,174.9239999999836,effect_40-45
6978,1318,Motor,MOs6a,158,0.9032494111729369,174.9239999999836,effect_40-45
6979,1321,Motor,MOs6a,92,0.5259426951133557,174.9239999999836,effect_40-45
6980,1322,Motor,MOs5,17,0.0971850632274679,174.9239999999836,effect_40-45
6981,1323,Motor,MOs5,8,0.04573414740116136,174.9239999999836,effect_40-45
6982,1328,Motor,MOs5,150,0.8575152637717754,174.9239999999836,effect_40-45
6983,1329,Motor,MOs5,28,0.16006951590406476,174.9239999999836,effect_40-45
6984,1330,Motor,MOs5,16,0.09146829480232271,174.9239999999836,effect_40-45
6985,1331,STR,LSr,409,2.3381582858843744,174.9239999999836,effect_40-45
6986,1332,STR,LSr,46,0.26297134755667784,174.9239999999836,effect_40-45
6987,1334,STR,STR,741,4.236125403032571,174.9239999999836,effect_40-45
6988,1335,STR,STR,477,2.726898538794246,174.9239999999836,effect_40-45
6989,1336,STR,LSr,744,4.253275708308006,174.9239999999836,effect_40-45
6990,1337,Other,ccg,0,0.0,174.9239999999836,effect_40-45
6991,1339,Other,ACAd6a,953,5.448080309163347,174.9239999999836,effect_40-45
6992,1340,Other,ACAd6a,102,0.5831103793648074,174.9239999999836,effect_40-45
6993,1341,Other,ACAd6a,3,0.01715030527543551,174.9239999999836,effect_40-45
6994,1342,Motor,MOs6a,0,0.0,174.9239999999836,effect_40-45
6995,1345,Motor,MOs5,19,0.10861860007775823,174.9239999999836,effect_40-45
6996,1347,STR,STR,0,0.0,174.9239999999836,effect_40-45
6997,1348,STR,LSr,66,0.3773067160595812,174.9239999999836,effect_40-45
6998,1349,STR,STR,18,0.10290183165261306,174.9239999999836,effect_40-45
6999,1350,Other,ACAv6a,513,2.932702202099472,174.9239999999836,effect_40-45
7000,1351,Other,ACAv6a,92,0.5259426951133557,174.9239999999836,effect_40-45
7001,1354,Motor,MOs5,850,4.8592531613733945,174.9239999999836,effect_40-45
7002,1356,Motor,MOs5,58,0.3315725686584199,174.9239999999836,effect_40-45
7003,1358,STR,LSr,4,0.02286707370058068,174.9239999999836,effect_40-45
7004,1360,Motor,MOs5,30,0.1715030527543551,174.9239999999836,effect_40-45
7005,1361,Motor,MOs5,4,0.02286707370058068,174.9239999999836,effect_40-45
7006,1362,Motor,MOs5,45,0.25725457913153266,174.9239999999836,effect_40-45
7007,0,Thalamus,MD,415,2.118562193609699,195.8875699999653,effect_45-50
7008,1,Thalamus,MD,493,2.516749786625498,195.8875699999653,effect_45-50
7009,2,Thalamus,MD,870,4.4413231528685255,195.8875699999653,effect_45-50
7010,3,Thalamus,MD,1176,6.003443710084352,195.8875699999653,effect_45-50
7011,4,Thalamus,MD,61,0.3114031176149196,195.8875699999653,effect_45-50
7012,5,Thalamus,IAD,2293,11.705694240836241,195.8875699999653,effect_45-50
7013,6,Thalamus,IAD,1339,6.835553680104548,195.8875699999653,effect_45-50
7014,7,Thalamus,MD,933,4.762936208765902,195.8875699999653,effect_45-50
7015,8,Thalamus,MD,1802,9.199154392493199,195.8875699999653,effect_45-50
7016,11,Thalamus,MD,308,1.5723304954982829,195.8875699999653,effect_45-50
7017,13,Thalamus,MD,1939,9.898535164841462,195.8875699999653,effect_45-50
7018,14,Thalamus,MD,314,1.602960310345652,195.8875699999653,effect_45-50
7019,16,Thalamus,MD,669,3.4152243554816595,195.8875699999653,effect_45-50
7020,17,Thalamus,MD,52,0.2654583953438659,195.8875699999653,effect_45-50
7021,18,Thalamus,MD,957,4.885455468155379,195.8875699999653,effect_45-50
7022,19,Thalamus,MD,1522,7.769763032949307,195.8875699999653,effect_45-50
7023,21,Thalamus,MD,752,3.8389367942035992,195.8875699999653,effect_45-50
7024,22,Thalamus,MD,1766,9.015375503408984,195.8875699999653,effect_45-50
7025,23,Thalamus,MD,1622,8.280259947072125,195.8875699999653,effect_45-50
7026,25,Thalamus,MD,1880,9.597341985508999,195.8875699999653,effect_45-50
7027,26,Thalamus,MD,864,4.410693338021157,195.8875699999653,effect_45-50
7028,28,Thalamus,MD,3026,15.447636621356505,195.8875699999653,effect_45-50
7029,29,Thalamus,MD,1042,5.319377845159774,195.8875699999653,effect_45-50
7030,31,Thalamus,MD,718,3.665367843401841,195.8875699999653,effect_45-50
7031,33,Thalamus,MD,1132,5.778825067870312,195.8875699999653,effect_45-50
7032,35,Thalamus,MD,1984,10.12825877619673,195.8875699999653,effect_45-50
7033,37,Thalamus,MD,401,2.0470926256325046,195.8875699999653,effect_45-50
7034,39,Thalamus,MD,595,3.0374566390307733,195.8875699999653,effect_45-50
7035,40,Thalamus,MD,580,2.960882101912351,195.8875699999653,effect_45-50
7036,43,Thalamus,MD,2364,12.068147049863443,195.8875699999653,effect_45-50
7037,44,Thalamus,MD,1104,5.635885931915922,195.8875699999653,effect_45-50
7038,46,Thalamus,MD,779,3.9767709610167605,195.8875699999653,effect_45-50
7039,47,Thalamus,MD,1260,6.432261117947521,195.8875699999653,effect_45-50
7040,48,Thalamus,MD,2272,11.59848988887045,195.8875699999653,effect_45-50
7041,49,Thalamus,MD,1084,5.533786549091359,195.8875699999653,effect_45-50
7042,50,Thalamus,MD,1312,6.6977195132913865,195.8875699999653,effect_45-50
7043,53,Thalamus,MD,2061,10.521341400071302,195.8875699999653,effect_45-50
7044,54,Thalamus,MD,977,4.987554850979943,195.8875699999653,effect_45-50
7045,57,Thalamus,MD,1255,6.406736272241379,195.8875699999653,effect_45-50
7046,58,Thalamus,MD,1817,9.275728929611622,195.8875699999653,effect_45-50
7047,60,Thalamus,MD,790,4.0329256215702705,195.8875699999653,effect_45-50
7048,63,Thalamus,MD,162,0.8270050008789669,195.8875699999653,effect_45-50
7049,65,Thalamus,MD,3032,15.478266436203874,195.8875699999653,effect_45-50
7050,66,Thalamus,MD,1716,8.760127046347575,195.8875699999653,effect_45-50
7051,67,Thalamus,MD,963,4.916085283002747,195.8875699999653,effect_45-50
7052,68,Thalamus,MD,758,3.8695666090509686,195.8875699999653,effect_45-50
7053,70,Thalamus,MD,168,0.857634815726336,195.8875699999653,effect_45-50
7054,71,Thalamus,MD,511,2.6086392311676057,195.8875699999653,effect_45-50
7055,73,Thalamus,MD,957,4.885455468155379,195.8875699999653,effect_45-50
7056,74,Thalamus,MD,3802,19.40909267494958,195.8875699999653,effect_45-50
7057,75,Thalamus,MD,1439,7.346050594227367,195.8875699999653,effect_45-50
7058,76,Thalamus,MD,1080,5.513366672526446,195.8875699999653,effect_45-50
7059,77,Thalamus,MD,2253,11.501495475187113,195.8875699999653,effect_45-50
7060,78,Thalamus,MD,1779,9.081740102244952,195.8875699999653,effect_45-50
7061,79,Thalamus,MD,2019,10.306932696139716,195.8875699999653,effect_45-50
7062,80,Thalamus,MD,81,0.41350250043948344,195.8875699999653,effect_45-50
7063,83,Thalamus,MD,765,3.905301393039566,195.8875699999653,effect_45-50
7064,84,Thalamus,MD,1387,7.080592198883501,195.8875699999653,effect_45-50
7065,86,Thalamus,MD,543,2.7719982436869075,195.8875699999653,effect_45-50
7066,89,Thalamus,MD,1348,6.881498402375601,195.8875699999653,effect_45-50
7067,90,Thalamus,MD,435,2.2206615764342628,195.8875699999653,effect_45-50
7068,91,Thalamus,MD,484,2.4708050643544444,195.8875699999653,effect_45-50
7069,92,Thalamus,MD,1007,5.140703925216788,195.8875699999653,effect_45-50
7070,93,Thalamus,MD,431,2.20024169986935,195.8875699999653,effect_45-50
7071,95,Thalamus,MD,114,0.5819664821000138,195.8875699999653,effect_45-50
7072,96,Thalamus,MD,859,4.385168492315016,195.8875699999653,effect_45-50
7073,99,Thalamus,MD,468,2.3891255580947934,195.8875699999653,effect_45-50
7074,101,Thalamus,MD,58,0.29608821019123505,195.8875699999653,effect_45-50
7075,104,Thalamus,MD,596,3.0425616081720017,195.8875699999653,effect_45-50
7076,127,Other,DG-mo,2264,11.557650135740625,195.8875699999653,effect_45-50
7077,129,Other,DG-mo,70,0.35734783988597335,195.8875699999653,effect_45-50
7078,131,Other,DG-mo,389,1.9858329959377663,195.8875699999653,effect_45-50
7079,132,Other,DG-sg,1852,9.45440284955461,195.8875699999653,effect_45-50
7080,133,Other,DG-sg,1748,8.923486058866878,195.8875699999653,effect_45-50
7081,135,Other,DG-sg,58,0.29608821019123505,195.8875699999653,effect_45-50
7082,137,Other,DG-sg,4,0.020419876564912762,195.8875699999653,effect_45-50
7083,139,Other,DG-sg,108,0.5513366672526446,195.8875699999653,effect_45-50
7084,141,Other,DG-sg,23,0.11741429024824838,195.8875699999653,effect_45-50
7085,143,Other,DG-sg,222,1.1333031493526584,195.8875699999653,effect_45-50
7086,145,Other,DG-sg,269,1.3732366989903833,195.8875699999653,effect_45-50
7087,149,Other,DG-po,78,0.39818759301579887,195.8875699999653,effect_45-50
7088,152,Other,CA3,53,0.2705633644850941,195.8875699999653,effect_45-50
7089,157,Other,CA3,1825,9.316568682741448,195.8875699999653,effect_45-50
7090,164,Other,CA3,380,1.9398882736667125,195.8875699999653,effect_45-50
7091,166,Other,CA3,16,0.08167950625965105,195.8875699999653,effect_45-50
7092,181,Other,CA1,477,2.435070280365847,195.8875699999653,effect_45-50
7093,182,Other,CA1,3032,15.478266436203874,195.8875699999653,effect_45-50
7094,188,Other,CA1,420,2.14408703931584,195.8875699999653,effect_45-50
7095,201,Other,RSPd6a,441,2.251291391281632,195.8875699999653,effect_45-50
7096,202,Other,RSPagl6a,102,0.5207068524052755,195.8875699999653,effect_45-50
7097,204,Other,RSPagl6a,38,0.19398882736667125,195.8875699999653,effect_45-50
7098,210,Other,RSPagl5,2063,10.531551338353758,195.8875699999653,effect_45-50
7099,211,Other,RSPagl5,476,2.4299653112246187,195.8875699999653,effect_45-50
7100,213,Other,RSPagl5,1327,6.774294050409809,195.8875699999653,effect_45-50
7101,214,Other,RSPagl5,423,2.159401946739525,195.8875699999653,effect_45-50
7102,215,Other,RSPagl5,1258,6.422051179665064,195.8875699999653,effect_45-50
7103,216,Other,RSPagl5,445,2.2717112678465448,195.8875699999653,effect_45-50
7104,217,Other,RSPagl5,1342,6.850868587528232,195.8875699999653,effect_45-50
7105,219,Other,RSPagl5,1106,5.646095870198379,195.8875699999653,effect_45-50
7106,220,Other,RSPagl5,944,4.819090869319412,195.8875699999653,effect_45-50
7107,222,Other,RSPagl5,1685,8.601873002969501,195.8875699999653,effect_45-50
7108,224,Other,RSPagl5,748,3.8185169176386866,195.8875699999653,effect_45-50
7109,225,Other,RSPagl5,1966,10.036369331654623,195.8875699999653,effect_45-50
7110,227,Other,RSPagl5,336,1.715269631452672,195.8875699999653,effect_45-50
7111,232,Other,RSPagl2/3,3499,17.86228702515744,195.8875699999653,effect_45-50
7112,233,Thalamus,MD,1953,9.970004732818657,195.8875699999653,effect_45-50
7113,234,Thalamus,MD,639,3.262075281244814,195.8875699999653,effect_45-50
7114,235,Thalamus,MD,1242,6.3403716734054125,195.8875699999653,effect_45-50
7115,236,Thalamus,MD,654,3.338649818363237,195.8875699999653,effect_45-50
7116,237,Thalamus,MD,680,3.47137901603517,195.8875699999653,effect_45-50
7117,238,Thalamus,MD,977,4.987554850979943,195.8875699999653,effect_45-50
7118,239,Thalamus,MD,373,1.9041534896781152,195.8875699999653,effect_45-50
7119,241,Thalamus,MD,757,3.8644616399097402,195.8875699999653,effect_45-50
7120,242,Thalamus,MD,1009,5.150913863499245,195.8875699999653,effect_45-50
7121,244,Thalamus,MD,210,1.07204351965792,195.8875699999653,effect_45-50
7122,245,Thalamus,MD,572,2.920042348782525,195.8875699999653,effect_45-50
7123,250,Other,DG-mo,72,0.3675577781684297,195.8875699999653,effect_45-50
7124,252,Other,DG-sg,17,0.08678447540087925,195.8875699999653,effect_45-50
7125,253,Other,DG-sg,3,0.015314907423684573,195.8875699999653,effect_45-50
7126,254,Other,DG-sg,227,1.1588279950587994,195.8875699999653,effect_45-50
7127,256,Other,DG-sg,0,0.0,195.8875699999653,effect_45-50
7128,258,Other,CA3,787,4.017610714146586,195.8875699999653,effect_45-50
7129,259,Other,CA3,632,3.2263404972562166,195.8875699999653,effect_45-50
7130,260,Other,CA3,24,0.12251925938947658,195.8875699999653,effect_45-50
7131,263,Other,RSPagl5,1001,5.1100741103694185,195.8875699999653,effect_45-50
7132,265,Other,RSPagl5,37,0.18888385822544307,195.8875699999653,effect_45-50
7133,268,Thalamus,MD,263,1.342606884143014,195.8875699999653,effect_45-50
7134,270,Other,DG-sg,6,0.030629814847369145,195.8875699999653,effect_45-50
7135,273,Other,RSPagl5,37,0.18888385822544307,195.8875699999653,effect_45-50
7136,274,Other,RSPagl5,356,1.8173690142772359,195.8875699999653,effect_45-50
7137,276,Other,CA3,13,0.06636459883596647,195.8875699999653,effect_45-50
7138,277,Other,DG-po,25,0.12762422853070476,195.8875699999653,effect_45-50
7139,280,Other,SPFp,71,0.36245280902720156,195.8875699999653,effect_45-50
7140,292,Other,MB,821,4.191179664948344,195.8875699999653,effect_45-50
7141,293,Other,MB,495,2.5269597249079543,195.8875699999653,effect_45-50
7142,335,Other,APN,6380,32.56970312103586,195.8875699999653,effect_45-50
7143,358,Other,APN,526,2.685213768286028,195.8875699999653,effect_45-50
7144,359,Other,APN,6251,31.91116210181742,195.8875699999653,effect_45-50
7145,384,Other,APN,43,0.2195136730728122,195.8875699999653,effect_45-50
7146,386,Other,APN,7,0.035734783988597335,195.8875699999653,effect_45-50
7147,388,Other,APN,337,1.7203746005939002,195.8875699999653,effect_45-50
7148,390,Other,APN,4094,20.899743664188215,195.8875699999653,effect_45-50
7149,395,Other,MB,416,2.123667162750927,195.8875699999653,effect_45-50
7150,396,Other,APN,3295,16.820873320346887,195.8875699999653,effect_45-50
7151,399,Other,MB,287,1.4651261435324907,195.8875699999653,effect_45-50
7152,400,Other,DG-mo,324,1.6540100017579338,195.8875699999653,effect_45-50
7153,402,Other,POST,205,1.046518673951779,195.8875699999653,effect_45-50
7154,410,Other,SUB,543,2.7719982436869075,195.8875699999653,effect_45-50
7155,425,Other,VISp6a,162,0.8270050008789669,195.8875699999653,effect_45-50
7156,426,Other,VISp6a,313,1.5978553412044236,195.8875699999653,effect_45-50
7157,427,Other,VISp6a,1290,6.585410192184366,195.8875699999653,effect_45-50
7158,430,Other,VISp6a,129,0.6585410192184366,195.8875699999653,effect_45-50
7159,431,Other,VISp6a,789,4.0278206524290425,195.8875699999653,effect_45-50
7160,432,Other,VISp5,1332,6.7998188961159505,195.8875699999653,effect_45-50
7161,433,Other,VISp6a,420,2.14408703931584,195.8875699999653,effect_45-50
7162,436,Other,VISp6a,1833,9.357408435871273,195.8875699999653,effect_45-50
7163,437,Other,VISp5,92,0.46965716099299354,195.8875699999653,effect_45-50
7164,439,Other,VISp5,184,0.9393143219859871,195.8875699999653,effect_45-50
7165,440,Other,VISp5,296,1.5110708658035445,195.8875699999653,effect_45-50
7166,442,Other,VISp5,798,4.073765374700097,195.8875699999653,effect_45-50
7167,443,Other,VISp5,1343,6.85597355666946,195.8875699999653,effect_45-50
7168,444,Other,VISp5,1406,7.177586612566836,195.8875699999653,effect_45-50
7169,445,Other,VISp5,575,2.93535725620621,195.8875699999653,effect_45-50
7170,446,Other,VISp5,509,2.598429292885149,195.8875699999653,effect_45-50
7171,447,Other,VISp5,352,1.7969491377123232,195.8875699999653,effect_45-50
7172,449,Other,VISp5,1298,6.626249945314192,195.8875699999653,effect_45-50
7173,452,Other,VISp5,375,1.9143634279605715,195.8875699999653,effect_45-50
7174,453,Other,VISp5,691,3.52753367658868,195.8875699999653,effect_45-50
7175,455,Other,VISp5,861,4.395378430597472,195.8875699999653,effect_45-50
7176,456,Other,VISp5,1233,6.294426951134359,195.8875699999653,effect_45-50
7177,457,Other,VISp5,121,0.6177012660886111,195.8875699999653,effect_45-50
7178,458,Other,VISp5,385,1.9654131193728535,195.8875699999653,effect_45-50
7179,459,Other,VISp5,231,1.179247871623712,195.8875699999653,effect_45-50
7180,460,Other,VISp5,926,4.727201424777305,195.8875699999653,effect_45-50
7181,466,Other,VISp5,121,0.6177012660886111,195.8875699999653,effect_45-50
7182,469,Other,VISp5,385,1.9654131193728535,195.8875699999653,effect_45-50
7183,472,Other,VISp5,160,0.8167950625965105,195.8875699999653,effect_45-50
7184,478,Other,VISp5,143,0.7300105871956313,195.8875699999653,effect_45-50
7185,479,Other,VISp5,130,0.6636459883596648,195.8875699999653,effect_45-50
7186,485,Other,VISp4,66,0.33692796332106056,195.8875699999653,effect_45-50
7187,488,Other,VISp4,82,0.41860746958071166,195.8875699999653,effect_45-50
7188,489,Other,VISp4,289,1.475336081814947,195.8875699999653,effect_45-50
7189,492,Other,VISp4,165,0.8423199083026515,195.8875699999653,effect_45-50
7190,493,Other,VISp4,265,1.3528168224254706,195.8875699999653,effect_45-50
7191,494,Other,VISp4,82,0.41860746958071166,195.8875699999653,effect_45-50
7192,495,Other,VISp4,59,0.30119317933246326,195.8875699999653,effect_45-50
7193,497,Other,VISp2/3,223,1.1384081184938866,195.8875699999653,effect_45-50
7194,498,Other,VISp2/3,113,0.5768615129587855,195.8875699999653,effect_45-50
7195,500,Other,VISp4,1741,8.88775127487828,195.8875699999653,effect_45-50
7196,502,Other,VISp2/3,89,0.45434225356930896,195.8875699999653,effect_45-50
7197,504,Other,VISp2/3,164,0.8372149391614233,195.8875699999653,effect_45-50
7198,520,Other,APN,418,2.133877101033384,195.8875699999653,effect_45-50
7199,521,Other,APN,53,0.2705633644850941,195.8875699999653,effect_45-50
7200,523,Other,APN,3477,17.74997770405042,195.8875699999653,effect_45-50
7201,525,Other,APN,259,1.3221870075781015,195.8875699999653,effect_45-50
7202,530,Other,VISp4,216,1.1026733345052893,195.8875699999653,effect_45-50
7203,533,Other,VISp4,68,0.347137901603517,195.8875699999653,effect_45-50
7204,535,Other,VISp2/3,45,0.2297236113552686,195.8875699999653,effect_45-50
7205,536,Other,VISp2/3,233,1.1894578099061683,195.8875699999653,effect_45-50
7206,537,Other,VISp2/3,123,0.6279112043710675,195.8875699999653,effect_45-50
7207,538,Other,VISp2/3,23,0.11741429024824838,195.8875699999653,effect_45-50
7208,545,Other,VISp4,12,0.06125962969473829,195.8875699999653,effect_45-50
7209,547,Thalamus,VPL,1802,9.199154392493199,195.8875699999653,effect_45-50
7210,550,Thalamus,VPL,792,4.043135559852727,195.8875699999653,effect_45-50
7211,552,Thalamus,VPL,2152,10.985893591923066,195.8875699999653,effect_45-50
7212,553,Thalamus,VPL,1095,5.589941209644869,195.8875699999653,effect_45-50
7213,558,Thalamus,VPL,1746,8.91327612058442,195.8875699999653,effect_45-50
7214,561,Thalamus,VPL,713,3.6398429976957,195.8875699999653,effect_45-50
7215,562,Thalamus,VPL,1296,6.616040007031735,195.8875699999653,effect_45-50
7216,564,Thalamus,VPL,570,2.909832410500069,195.8875699999653,effect_45-50
7217,565,Thalamus,VPL,1915,9.776015905451985,195.8875699999653,effect_45-50
7218,567,Thalamus,VPL,1420,7.249056180544031,195.8875699999653,effect_45-50
7219,568,Thalamus,VPL,3,0.015314907423684573,195.8875699999653,effect_45-50
7220,572,Thalamus,VPL,639,3.262075281244814,195.8875699999653,effect_45-50
7221,575,Thalamus,VPL,4,0.020419876564912762,195.8875699999653,effect_45-50
7222,576,Thalamus,VPL,885,4.517897689986949,195.8875699999653,effect_45-50
7223,579,Thalamus,VPL,2759,14.084609860648579,195.8875699999653,effect_45-50
7224,581,Thalamus,VPL,1546,7.892282292338783,195.8875699999653,effect_45-50
7225,583,Thalamus,VPL,622,3.1752908058439346,195.8875699999653,effect_45-50
7226,584,Thalamus,VPL,1757,8.96943078113793,195.8875699999653,effect_45-50
7227,585,Thalamus,VPL,1011,5.1611238017817005,195.8875699999653,effect_45-50
7228,586,Thalamus,VPL,68,0.347137901603517,195.8875699999653,effect_45-50
7229,589,Thalamus,VPL,1950,9.954689825394972,195.8875699999653,effect_45-50
7230,590,Thalamus,VPL,1753,8.949010904573019,195.8875699999653,effect_45-50
7231,591,Thalamus,VPL,459,2.3431808358237394,195.8875699999653,effect_45-50
7232,593,Thalamus,VPL,595,3.0374566390307733,195.8875699999653,effect_45-50
7233,594,Thalamus,VPL,314,1.602960310345652,195.8875699999653,effect_45-50
7234,595,Thalamus,VPL,1307,6.672194667585245,195.8875699999653,effect_45-50
7235,596,Thalamus,VPL,723,3.690892689107982,195.8875699999653,effect_45-50
7236,597,Thalamus,VPL,483,2.465700095213216,195.8875699999653,effect_45-50
7237,598,Thalamus,VPL,2734,13.956985632117874,195.8875699999653,effect_45-50
7238,599,Thalamus,VPL,766,3.9104063621807943,195.8875699999653,effect_45-50
7239,600,Thalamus,VPL,1245,6.355686580829097,195.8875699999653,effect_45-50
7240,601,Thalamus,VPL,2237,11.419815968927463,195.8875699999653,effect_45-50
7241,602,Thalamus,VPL,2843,14.513427268511746,195.8875699999653,effect_45-50
7242,603,Thalamus,VPL,1915,9.776015905451985,195.8875699999653,effect_45-50
7243,607,Thalamus,VPL,1475,7.529829483311581,195.8875699999653,effect_45-50
7244,610,Thalamus,VPL,1178,6.013653648366809,195.8875699999653,effect_45-50
7245,611,Thalamus,VPL,1596,8.147530749400193,195.8875699999653,effect_45-50
7246,612,Thalamus,VPL,657,3.353964725786921,195.8875699999653,effect_45-50
7247,616,Thalamus,VPL,900,4.5944722271053715,195.8875699999653,effect_45-50
7248,617,Thalamus,VPL,713,3.6398429976957,195.8875699999653,effect_45-50
7249,618,Thalamus,VPL,730,3.7266274730965794,195.8875699999653,effect_45-50
7250,620,Thalamus,VPL,1312,6.6977195132913865,195.8875699999653,effect_45-50
7251,621,Thalamus,VPL,639,3.262075281244814,195.8875699999653,effect_45-50
7252,622,Thalamus,VPL,707,3.6092131828483307,195.8875699999653,effect_45-50
7253,623,Thalamus,VPL,559,2.8536777499465584,195.8875699999653,effect_45-50
7254,626,Thalamus,VPL,523,2.669898860862344,195.8875699999653,effect_45-50
7255,629,Thalamus,VPL,1310,6.68750957500893,195.8875699999653,effect_45-50
7256,630,Thalamus,VPL,1349,6.886603371516829,195.8875699999653,effect_45-50
7257,632,Thalamus,VPL,637,3.2518653429623576,195.8875699999653,effect_45-50
7258,633,Thalamus,VPL,1457,7.437940038769474,195.8875699999653,effect_45-50
7259,634,Thalamus,VPL,1894,9.668811553486194,195.8875699999653,effect_45-50
7260,635,Thalamus,VPL,2394,12.221296124100288,195.8875699999653,effect_45-50
7261,664,RT,RT,6483,33.09551494258236,195.8875699999653,effect_45-50
7262,667,RT,RT,1315,6.713034420715071,195.8875699999653,effect_45-50
7263,670,Other,CA3,3215,16.412475789048635,195.8875699999653,effect_45-50
7264,672,Other,or,672,3.430539262905344,195.8875699999653,effect_45-50
7265,676,Somatosensory,SSp-bfd6a,400,2.0419876564912762,195.8875699999653,effect_45-50
7266,680,Somatosensory,SSp-bfd6a,64,0.3267180250386042,195.8875699999653,effect_45-50
7267,681,Somatosensory,SSp-bfd6a,30,0.15314907423684573,195.8875699999653,effect_45-50
7268,683,Somatosensory,SSp-bfd6a,54,0.2756683336263223,195.8875699999653,effect_45-50
7269,685,Somatosensory,SSp-bfd6a,851,4.34432873918519,195.8875699999653,effect_45-50
7270,686,Somatosensory,SSp-bfd6a,866,4.420903276303613,195.8875699999653,effect_45-50
7271,687,Somatosensory,SSp-bfd6a,273,1.393656575555296,195.8875699999653,effect_45-50
7272,690,Somatosensory,SSp-bfd6a,731,3.7317324422378073,195.8875699999653,effect_45-50
7273,692,Somatosensory,SSp-bfd5,332,1.6948497548877592,195.8875699999653,effect_45-50
7274,695,Somatosensory,SSp-bfd5,1014,5.176438709205385,195.8875699999653,effect_45-50
7275,696,Somatosensory,SSp-bfd5,205,1.046518673951779,195.8875699999653,effect_45-50
7276,697,Somatosensory,SSp-bfd5,1024,5.227488400617667,195.8875699999653,effect_45-50
7277,698,Somatosensory,SSp-bfd5,733,3.7419423805202636,195.8875699999653,effect_45-50
7278,699,Somatosensory,SSp-bfd5,841,4.293279047772908,195.8875699999653,effect_45-50
7279,700,Somatosensory,SSp-bfd5,305,1.5570155880745982,195.8875699999653,effect_45-50
7280,702,Somatosensory,SSp-bfd5,947,4.834405776743097,195.8875699999653,effect_45-50
7281,705,Somatosensory,SSp-bfd5,202,1.0312037665280944,195.8875699999653,effect_45-50
7282,706,Somatosensory,SSp-bfd5,1248,6.371001488252782,195.8875699999653,effect_45-50
7283,707,Somatosensory,SSp-bfd5,874,4.461743029433439,195.8875699999653,effect_45-50
7284,714,Somatosensory,SSp-bfd5,94,0.4798670992754499,195.8875699999653,effect_45-50
7285,715,Somatosensory,SSp-bfd5,159,0.8116900934552823,195.8875699999653,effect_45-50
7286,716,Somatosensory,SSp-bfd5,559,2.8536777499465584,195.8875699999653,effect_45-50
7287,718,Somatosensory,SSp-bfd5,477,2.435070280365847,195.8875699999653,effect_45-50
7288,719,Somatosensory,SSp-bfd5,890,4.5434225356930895,195.8875699999653,effect_45-50
7289,729,Thalamus,VPL,2471,12.61437874797486,195.8875699999653,effect_45-50
7290,730,Thalamus,VPL,229,1.1690379333412557,195.8875699999653,effect_45-50
7291,732,Thalamus,VPL,540,2.756683336263223,195.8875699999653,effect_45-50
7292,733,Thalamus,VPL,1386,7.075487229742272,195.8875699999653,effect_45-50
7293,734,Thalamus,VPL,38,0.19398882736667125,195.8875699999653,effect_45-50
7294,735,Thalamus,VPL,461,2.353390774106196,195.8875699999653,effect_45-50
7295,738,Thalamus,VPL,575,2.93535725620621,195.8875699999653,effect_45-50
7296,739,Thalamus,VPL,0,0.0,195.8875699999653,effect_45-50
7297,741,Other,or,322,1.6438000634754775,195.8875699999653,effect_45-50
7298,743,Somatosensory,SSp-bfd6a,363,1.8531037982658332,195.8875699999653,effect_45-50
7299,744,Somatosensory,SSp-bfd6a,13,0.06636459883596647,195.8875699999653,effect_45-50
7300,746,Somatosensory,SSp-bfd6a,936,4.778251116189587,195.8875699999653,effect_45-50
7301,747,Somatosensory,SSp-bfd5,14,0.07146956797719467,195.8875699999653,effect_45-50
7302,750,Somatosensory,SSp-bfd5,9,0.045944722271053715,195.8875699999653,effect_45-50
7303,751,Somatosensory,SSp-bfd4,232,1.1843528407649402,195.8875699999653,effect_45-50
7304,752,Somatosensory,SSp-bfd6a,37,0.18888385822544307,195.8875699999653,effect_45-50
7305,757,Somatosensory,SSp-bfd5,37,0.18888385822544307,195.8875699999653,effect_45-50
7306,761,STR,LSr,1476,7.534934452452809,195.8875699999653,effect_45-50
7307,763,STR,LSr,582,2.971092040194807,195.8875699999653,effect_45-50
7308,766,STR,LSr,125,0.6381211426535238,195.8875699999653,effect_45-50
7309,768,STR,LSr,556,2.838362842522874,195.8875699999653,effect_45-50
7310,769,STR,LSr,385,1.9654131193728535,195.8875699999653,effect_45-50
7311,771,STR,LSr,182,0.9291043837035308,195.8875699999653,effect_45-50
7312,773,STR,LSr,5598,28.577617252595413,195.8875699999653,effect_45-50
7313,774,STR,LSr,311,1.5876454029219673,195.8875699999653,effect_45-50
7314,775,STR,LSr,242,1.2354025321772222,195.8875699999653,effect_45-50
7315,777,STR,LSr,162,0.8270050008789669,195.8875699999653,effect_45-50
7316,778,STR,LSr,140,0.7146956797719467,195.8875699999653,effect_45-50
7317,779,STR,LSr,544,2.777103212828136,195.8875699999653,effect_45-50
7318,780,STR,LSr,60,0.30629814847369147,195.8875699999653,effect_45-50
7319,781,STR,LSr,1241,6.335266704264185,195.8875699999653,effect_45-50
7320,783,STR,LSr,621,3.1701858367027063,195.8875699999653,effect_45-50
7321,784,STR,LSr,195,0.9954689825394972,195.8875699999653,effect_45-50
7322,785,STR,LSr,288,1.4702311126737189,195.8875699999653,effect_45-50
7323,786,STR,LSr,2309,11.787373747095893,195.8875699999653,effect_45-50
7324,787,STR,LSr,168,0.857634815726336,195.8875699999653,effect_45-50
7325,788,STR,LSr,376,1.9194683971017996,195.8875699999653,effect_45-50
7326,791,STR,LSr,714,3.644947966836928,195.8875699999653,effect_45-50
7327,792,STR,LSr,382,1.9500982119491688,195.8875699999653,effect_45-50
7328,793,STR,LSr,240,1.2251925938947659,195.8875699999653,effect_45-50
7329,795,STR,LSr,381,1.9449932428079406,195.8875699999653,effect_45-50
7330,797,STR,LSr,9,0.045944722271053715,195.8875699999653,effect_45-50
7331,799,STR,LSr,1335,6.815133803539634,195.8875699999653,effect_45-50
7332,801,STR,LSr,127,0.6483310809359802,195.8875699999653,effect_45-50
7333,802,STR,LSr,21,0.107204351965792,195.8875699999653,effect_45-50
7334,804,STR,LSr,640,3.267180250386042,195.8875699999653,effect_45-50
7335,805,STR,LSr,568,2.8996224722176125,195.8875699999653,effect_45-50
7336,807,STR,LSr,674,3.4407492011878005,195.8875699999653,effect_45-50
7337,808,STR,LSr,619,3.15997589842025,195.8875699999653,effect_45-50
7338,810,STR,LSr,639,3.262075281244814,195.8875699999653,effect_45-50
7339,811,STR,LSr,604,3.0834013613018274,195.8875699999653,effect_45-50
7340,812,STR,LSr,459,2.3431808358237394,195.8875699999653,effect_45-50
7341,813,STR,LSr,3416,17.4385745864355,195.8875699999653,effect_45-50
7342,815,STR,LSr,804,4.104395189547465,195.8875699999653,effect_45-50
7343,817,STR,LSr,986,5.033499573250996,195.8875699999653,effect_45-50
7344,818,STR,LSr,624,3.185500744126391,195.8875699999653,effect_45-50
7345,819,STR,LSr,98,0.5002869758403627,195.8875699999653,effect_45-50
7346,820,STR,LSr,375,1.9143634279605715,195.8875699999653,effect_45-50
7347,821,STR,LSr,80,0.40839753129825523,195.8875699999653,effect_45-50
7348,822,STR,LSr,1113,5.681830654186976,195.8875699999653,effect_45-50
7349,824,STR,LSr,334,1.7050596931702158,195.8875699999653,effect_45-50
7350,826,STR,LSr,414,2.113457224468471,195.8875699999653,effect_45-50
7351,828,STR,LSr,175,0.8933695997149333,195.8875699999653,effect_45-50
7352,829,STR,LSr,154,0.7861652477491414,195.8875699999653,effect_45-50
7353,831,STR,LSr,789,4.0278206524290425,195.8875699999653,effect_45-50
7354,832,STR,LSr,372,1.899048520536887,195.8875699999653,effect_45-50
7355,834,STR,LSr,2661,13.584322884808216,195.8875699999653,effect_45-50
7356,835,STR,LSr,623,3.180395774985163,195.8875699999653,effect_45-50
7357,838,STR,LSr,433,2.2104516381518065,195.8875699999653,effect_45-50
7358,839,STR,LSr,573,2.9251473179237535,195.8875699999653,effect_45-50
7359,840,STR,LSr,4,0.020419876564912762,195.8875699999653,effect_45-50
7360,841,STR,LSr,367,1.873523674830746,195.8875699999653,effect_45-50
7361,842,STR,LSr,688,3.512218769164995,195.8875699999653,effect_45-50
7362,843,STR,LSr,635,3.2416554046799013,195.8875699999653,effect_45-50
7363,845,STR,LSr,814,4.155444880959747,195.8875699999653,effect_45-50
7364,846,STR,LSr,780,3.981875930157989,195.8875699999653,effect_45-50
7365,849,STR,LSr,889,4.538317566551862,195.8875699999653,effect_45-50
7366,851,STR,LSr,36,0.18377888908421486,195.8875699999653,effect_45-50
7367,852,STR,LSr,686,3.502008830882539,195.8875699999653,effect_45-50
7368,853,STR,LSr,856,4.369853584891331,195.8875699999653,effect_45-50
7369,854,STR,LSr,608,3.10382123786674,195.8875699999653,effect_45-50
7370,855,STR,LSr,959,4.895665406437835,195.8875699999653,effect_45-50
7371,856,STR,LSr,1799,9.183839485069516,195.8875699999653,effect_45-50
7372,857,STR,LSr,150,0.7657453711842286,195.8875699999653,effect_45-50
7373,858,STR,LSr,581,2.9659870710535787,195.8875699999653,effect_45-50
7374,859,STR,LSr,1232,6.289321981993131,195.8875699999653,effect_45-50
7375,861,STR,LSr,895,4.568947381399231,195.8875699999653,effect_45-50
7376,862,STR,LSr,527,2.6903187374272566,195.8875699999653,effect_45-50
7377,863,STR,LSr,274,1.3987615446965243,195.8875699999653,effect_45-50
7378,864,STR,LSr,206,1.0516236430930073,195.8875699999653,effect_45-50
7379,865,STR,LSr,930,4.7476213013422175,195.8875699999653,effect_45-50
7380,866,STR,LSr,277,1.414076452120209,195.8875699999653,effect_45-50
7381,868,STR,LSr,430,2.195136730728122,195.8875699999653,effect_45-50
7382,871,STR,LSr,1058,5.401057351419426,195.8875699999653,effect_45-50
7383,872,STR,LSr,926,4.727201424777305,195.8875699999653,effect_45-50
7384,873,STR,LSr,178,0.9086845071386179,195.8875699999653,effect_45-50
7385,874,STR,LSr,145,0.7402205254780877,195.8875699999653,effect_45-50
7386,876,STR,LSr,1739,8.877541336595824,195.8875699999653,effect_45-50
7387,877,STR,STR,165,0.8423199083026515,195.8875699999653,effect_45-50
7388,879,STR,STR,522,2.6647938917211156,195.8875699999653,effect_45-50
7389,880,STR,STR,52,0.2654583953438659,195.8875699999653,effect_45-50
7390,881,STR,STR,368,1.8786286439719742,195.8875699999653,effect_45-50
7391,882,STR,STR,113,0.5768615129587855,195.8875699999653,effect_45-50
7392,883,STR,STR,395,2.0164628107851352,195.8875699999653,effect_45-50
7393,884,STR,STR,567,2.894517503076384,195.8875699999653,effect_45-50
7394,885,STR,STR,621,3.1701858367027063,195.8875699999653,effect_45-50
7395,886,STR,STR,47,0.23993354963772495,195.8875699999653,effect_45-50
7396,887,STR,STR,286,1.4600211743912626,195.8875699999653,effect_45-50
7397,888,STR,STR,101,0.5156018832640472,195.8875699999653,effect_45-50
7398,889,STR,STR,1672,8.535508404133536,195.8875699999653,effect_45-50
7399,890,STR,STR,25,0.12762422853070476,195.8875699999653,effect_45-50
7400,891,STR,STR,349,1.7816342302886385,195.8875699999653,effect_45-50
7401,892,STR,STR,584,2.9813019784772634,195.8875699999653,effect_45-50
7402,895,STR,STR,257,1.311977069295645,195.8875699999653,effect_45-50
7403,897,STR,STR,17,0.08678447540087925,195.8875699999653,effect_45-50
7404,898,STR,STR,825,4.211599541513257,195.8875699999653,effect_45-50
7405,900,STR,STR,857,4.37495855403256,195.8875699999653,effect_45-50
7406,902,STR,STR,714,3.644947966836928,195.8875699999653,effect_45-50
7407,903,STR,STR,1647,8.40788417560283,195.8875699999653,effect_45-50
7408,904,STR,STR,111,0.5666515746763292,195.8875699999653,effect_45-50
7409,909,STR,LSr,299,1.526385773227229,195.8875699999653,effect_45-50
7410,910,STR,LSr,967,4.936505159567661,195.8875699999653,effect_45-50
7411,911,STR,LSr,153,0.7810602786079132,195.8875699999653,effect_45-50
7412,914,STR,LSr,1014,5.176438709205385,195.8875699999653,effect_45-50
7413,916,STR,LSr,618,3.154870929279022,195.8875699999653,effect_45-50
7414,917,STR,LSr,541,2.761788305404451,195.8875699999653,effect_45-50
7415,919,STR,LSr,867,4.426008245444842,195.8875699999653,effect_45-50
7416,920,STR,LSr,190,0.9699441368333562,195.8875699999653,effect_45-50
7417,921,STR,LSr,54,0.2756683336263223,195.8875699999653,effect_45-50
7418,922,STR,LSr,110,0.5615466055351009,195.8875699999653,effect_45-50
7419,923,STR,SH,453,2.3125510209763704,195.8875699999653,effect_45-50
7420,924,STR,SH,753,3.8440417633448276,195.8875699999653,effect_45-50
7421,925,STR,SH,549,2.802628058534277,195.8875699999653,effect_45-50
7422,927,STR,SH,442,2.2563963604228605,195.8875699999653,effect_45-50
7423,928,STR,SH,1030,5.2581182154650365,195.8875699999653,effect_45-50
7424,929,STR,SH,522,2.6647938917211156,195.8875699999653,effect_45-50
7425,930,STR,SH,1088,5.554206425656272,195.8875699999653,effect_45-50
7426,932,STR,LSr,580,2.960882101912351,195.8875699999653,effect_45-50
7427,933,STR,LSr,727,3.7113125656728947,195.8875699999653,effect_45-50
7428,935,STR,LSr,305,1.5570155880745982,195.8875699999653,effect_45-50
7429,937,STR,LSr,405,2.0675125021974172,195.8875699999653,effect_45-50
7430,938,STR,LSr,444,2.266606298705317,195.8875699999653,effect_45-50
7431,940,STR,LSr,216,1.1026733345052893,195.8875699999653,effect_45-50
7432,941,STR,LSr,849,4.334118800902734,195.8875699999653,effect_45-50
7433,943,STR,LSr,373,1.9041534896781152,195.8875699999653,effect_45-50
7434,945,STR,LSr,2396,12.231506062382746,195.8875699999653,effect_45-50
7435,946,STR,LSr,1094,5.58483624050364,195.8875699999653,effect_45-50
7436,947,STR,LSr,507,2.5882193546026926,195.8875699999653,effect_45-50
7437,949,STR,SH,180,0.9188944454210743,195.8875699999653,effect_45-50
7438,950,STR,SH,1333,6.804923865257178,195.8875699999653,effect_45-50
7439,952,STR,SH,423,2.159401946739525,195.8875699999653,effect_45-50
7440,953,STR,SH,0,0.0,195.8875699999653,effect_45-50
7441,955,STR,SH,570,2.909832410500069,195.8875699999653,effect_45-50
7442,958,STR,STR,383,1.9552031810903971,195.8875699999653,effect_45-50
7443,959,STR,STR,1176,6.003443710084352,195.8875699999653,effect_45-50
7444,960,STR,STR,900,4.5944722271053715,195.8875699999653,effect_45-50
7445,964,STR,STR,1282,6.5445704390545405,195.8875699999653,effect_45-50
7446,965,STR,STR,750,3.828726855921143,195.8875699999653,effect_45-50
7447,968,STR,STR,120,0.6125962969473829,195.8875699999653,effect_45-50
7448,971,STR,STR,1141,5.8247697901413655,195.8875699999653,effect_45-50
7449,973,STR,STR,365,1.8633137365482897,195.8875699999653,effect_45-50
7450,974,STR,STR,492,2.51164481748427,195.8875699999653,effect_45-50
7451,976,STR,STR,111,0.5666515746763292,195.8875699999653,effect_45-50
7452,977,STR,STR,957,4.885455468155379,195.8875699999653,effect_45-50
7453,979,STR,STR,825,4.211599541513257,195.8875699999653,effect_45-50
7454,980,STR,STR,16,0.08167950625965105,195.8875699999653,effect_45-50
7455,981,STR,STR,617,3.1497659601377936,195.8875699999653,effect_45-50
7456,982,STR,STR,272,1.388551606414068,195.8875699999653,effect_45-50
7457,983,STR,STR,276,1.4089714829789806,195.8875699999653,effect_45-50
7458,984,STR,STR,655,3.343754787504465,195.8875699999653,effect_45-50
7459,985,STR,STR,56,0.2858782719087787,195.8875699999653,effect_45-50
7460,989,Other,ccg,2579,13.165715415227504,195.8875699999653,effect_45-50
7461,991,Other,ccg,2147,10.960368746216925,195.8875699999653,effect_45-50
7462,992,Other,ccg,40,0.20419876564912762,195.8875699999653,effect_45-50
7463,993,STR,STR,397,2.0266727490675915,195.8875699999653,effect_45-50
7464,994,Other,ccg,921,4.701676579071163,195.8875699999653,effect_45-50
7465,995,Other,ccg,33,0.16846398166053028,195.8875699999653,effect_45-50
7466,996,Other,ccg,780,3.981875930157989,195.8875699999653,effect_45-50
7467,1005,Other,ACAv6a,0,0.0,195.8875699999653,effect_45-50
7468,1008,Other,ACAv5,216,1.1026733345052893,195.8875699999653,effect_45-50
7469,1009,Other,ACAv6a,767,3.9155113313220222,195.8875699999653,effect_45-50
7470,1011,Other,ACAv5,992,5.064129388098365,195.8875699999653,effect_45-50
7471,1013,Other,ACAv5,59,0.30119317933246326,195.8875699999653,effect_45-50
7472,1014,Other,ACAv5,910,4.6455219185176535,195.8875699999653,effect_45-50
7473,1015,Other,ACAv5,0,0.0,195.8875699999653,effect_45-50
7474,1016,Other,ACAv6a,0,0.0,195.8875699999653,effect_45-50
7475,1017,Other,ACAv6a,411,2.0981423170447866,195.8875699999653,effect_45-50
7476,1020,Other,ACAv5,3826,19.531611934339058,195.8875699999653,effect_45-50
7477,1021,Other,ACAv5,0,0.0,195.8875699999653,effect_45-50
7478,1025,Other,ACAv6a,1732,8.841806552607226,195.8875699999653,effect_45-50
7479,1028,Other,ACAv6a,268,1.368131729849155,195.8875699999653,effect_45-50
7480,1030,Other,ACAv6a,38,0.19398882736667125,195.8875699999653,effect_45-50
7481,1032,Other,ACAv5,468,2.3891255580947934,195.8875699999653,effect_45-50
7482,1033,Other,ACAv5,1406,7.177586612566836,195.8875699999653,effect_45-50
7483,1035,Other,ACAv5,2636,13.45669865627751,195.8875699999653,effect_45-50
7484,1036,Other,ACAv6a,525,2.6801087991448003,195.8875699999653,effect_45-50
7485,1038,Other,ACAv5,3,0.015314907423684573,195.8875699999653,effect_45-50
7486,1039,Other,ACAv6a,785,4.00740077586413,195.8875699999653,effect_45-50
7487,1043,Other,ACAv6a,272,1.388551606414068,195.8875699999653,effect_45-50
7488,1045,Other,ACAv6a,1589,8.111795965411595,195.8875699999653,effect_45-50
7489,1052,Other,ACAv6a,1012,5.166228770922929,195.8875699999653,effect_45-50
7490,1055,Other,ACAv6a,318,1.6233801869105646,195.8875699999653,effect_45-50
7491,1057,Other,ACAv6a,2863,14.61552665133631,195.8875699999653,effect_45-50
7492,1058,Other,ACAv6a,1306,6.667089698444017,195.8875699999653,effect_45-50
7493,1061,Other,ACAv6a,120,0.6125962969473829,195.8875699999653,effect_45-50
7494,1062,Other,ACAv6a,1406,7.177586612566836,195.8875699999653,effect_45-50
7495,1066,Other,ACAv6a,311,1.5876454029219673,195.8875699999653,effect_45-50
7496,1069,Other,ACAv6a,154,0.7861652477491414,195.8875699999653,effect_45-50
7497,1073,Other,ACAv6a,829,4.2320194180781705,195.8875699999653,effect_45-50
7498,1074,Other,ACAv6a,564,2.8792025956526994,195.8875699999653,effect_45-50
7499,1075,Other,ACAv6a,9287,47.40984841458621,195.8875699999653,effect_45-50
7500,1083,Other,ACAv6a,496,2.5320646940491827,195.8875699999653,effect_45-50
7501,1085,Other,ACAv6a,3,0.015314907423684573,195.8875699999653,effect_45-50
7502,1086,Other,ACAv6a,2323,11.858843315073088,195.8875699999653,effect_45-50
7503,1090,Other,ACAv6a,1162,5.9319741421071575,195.8875699999653,effect_45-50
7504,1091,Other,ACAv6a,173,0.883159661432477,195.8875699999653,effect_45-50
7505,1092,Other,ACAv6a,337,1.7203746005939002,195.8875699999653,effect_45-50
7506,1093,Other,ACAv6a,150,0.7657453711842286,195.8875699999653,effect_45-50
7507,1094,Other,ACAv6a,1,0.005104969141228191,195.8875699999653,effect_45-50
7508,1095,Other,ACAv6a,67,0.3420329324622888,195.8875699999653,effect_45-50
7509,1098,Other,ACAv6a,430,2.195136730728122,195.8875699999653,effect_45-50
7510,1100,Other,ACAv6a,5,0.025524845706140952,195.8875699999653,effect_45-50
7511,1102,Other,ACAv6a,2117,10.80721967198008,195.8875699999653,effect_45-50
7512,1104,Other,ACAv6a,661,3.3743846023518342,195.8875699999653,effect_45-50
7513,1105,Other,ACAd6a,335,1.710164662311444,195.8875699999653,effect_45-50
7514,1107,Other,ACAd6a,333,1.6999547240289876,195.8875699999653,effect_45-50
7515,1109,Other,ACAd6a,357,1.822473983418464,195.8875699999653,effect_45-50
7516,1110,Other,ACAd6a,26,0.13272919767193295,195.8875699999653,effect_45-50
7517,1112,Other,ACAd6a,856,4.369853584891331,195.8875699999653,effect_45-50
7518,1113,Other,ACAd6a,0,0.0,195.8875699999653,effect_45-50
7519,1115,Other,ACAd6a,205,1.046518673951779,195.8875699999653,effect_45-50
7520,1118,Other,ACAd6a,647,3.3029150343746396,195.8875699999653,effect_45-50
7521,1119,Other,ACAd6a,37,0.18888385822544307,195.8875699999653,effect_45-50
7522,1120,Other,ACAd6a,779,3.9767709610167605,195.8875699999653,effect_45-50
7523,1121,Other,ACAd6a,810,4.1350250043948344,195.8875699999653,effect_45-50
7524,1124,Other,ACAd6a,425,2.169611885021981,195.8875699999653,effect_45-50
7525,1126,Other,ACAd6a,268,1.368131729849155,195.8875699999653,effect_45-50
7526,1127,Other,ACAd6a,100,0.5104969141228191,195.8875699999653,effect_45-50
7527,1128,Other,ACAd6a,705,3.5990032445658744,195.8875699999653,effect_45-50
7528,1129,Other,ACAd6a,192,0.9801540751158127,195.8875699999653,effect_45-50
7529,1130,Other,ACAd6a,861,4.395378430597472,195.8875699999653,effect_45-50
7530,1131,Other,ACAd6a,313,1.5978553412044236,195.8875699999653,effect_45-50
7531,1132,Other,ACAd6a,339,1.7305845388763568,195.8875699999653,effect_45-50
7532,1134,Other,ACAd6a,881,4.497477813422036,195.8875699999653,effect_45-50
7533,1142,Other,ACAd6a,28,0.14293913595438934,195.8875699999653,effect_45-50
7534,1143,Other,ACAd6a,3,0.015314907423684573,195.8875699999653,effect_45-50
7535,1145,Other,ACAd6a,473,2.4146504038009344,195.8875699999653,effect_45-50
7536,1148,Other,ACAd6a,524,2.675003830003572,195.8875699999653,effect_45-50
7537,1149,Other,ACAd6a,18,0.09188944454210743,195.8875699999653,effect_45-50
7538,1152,Other,ACAd6a,776,3.961456053593076,195.8875699999653,effect_45-50
7539,1154,Other,ACAd6a,487,2.486119971778129,195.8875699999653,effect_45-50
7540,1156,Other,ACAd6a,520,2.6545839534386593,195.8875699999653,effect_45-50
7541,1161,Other,ACAd6a,190,0.9699441368333562,195.8875699999653,effect_45-50
7542,1163,Other,ACAd6a,12,0.06125962969473829,195.8875699999653,effect_45-50
7543,1164,Other,ACAd6a,229,1.1690379333412557,195.8875699999653,effect_45-50
7544,1165,Other,ACAd6a,57,0.2909832410500069,195.8875699999653,effect_45-50
7545,1167,Motor,MOs6a,298,1.5212808040860009,195.8875699999653,effect_45-50
7546,1168,Motor,MOs6a,429,2.190031761586894,195.8875699999653,effect_45-50
7547,1169,Motor,MOs6a,167,0.8525298465851079,195.8875699999653,effect_45-50
7548,1176,Motor,MOs6a,6,0.030629814847369145,195.8875699999653,effect_45-50
7549,1178,Motor,MOs6a,217,1.1077783036465174,195.8875699999653,effect_45-50
7550,1180,Motor,MOs6a,509,2.598429292885149,195.8875699999653,effect_45-50
7551,1182,Motor,MOs6a,50,0.25524845706140953,195.8875699999653,effect_45-50
7552,1185,Motor,MOs6a,141,0.7198006489131749,195.8875699999653,effect_45-50
7553,1187,Motor,MOs6a,166,0.8474248774438796,195.8875699999653,effect_45-50
7554,1200,Motor,MOs6a,701,3.5785833680009618,195.8875699999653,effect_45-50
7555,1201,Motor,MOs6a,185,0.9444192911272153,195.8875699999653,effect_45-50
7556,1202,Motor,MOs6a,0,0.0,195.8875699999653,effect_45-50
7557,1203,Motor,MOs6a,240,1.2251925938947659,195.8875699999653,effect_45-50
7558,1204,Motor,MOs6a,832,4.247334325501854,195.8875699999653,effect_45-50
7559,1207,Motor,MOs6a,1764,9.005165565126529,195.8875699999653,effect_45-50
7560,1208,Motor,MOs5,3020,15.417006806509136,195.8875699999653,effect_45-50
7561,1209,Motor,MOs5,1170,5.972813895236984,195.8875699999653,effect_45-50
7562,1215,Motor,MOs5,92,0.46965716099299354,195.8875699999653,effect_45-50
7563,1221,Motor,MOs5,58,0.29608821019123505,195.8875699999653,effect_45-50
7564,1224,Motor,MOs5,839,4.283069109490452,195.8875699999653,effect_45-50
7565,1228,Motor,MOs5,1580,8.065851243140541,195.8875699999653,effect_45-50
7566,1230,Motor,MOs5,268,1.368131729849155,195.8875699999653,effect_45-50
7567,1233,Motor,MOs5,1439,7.346050594227367,195.8875699999653,effect_45-50
7568,1235,Motor,MOs5,1187,6.059598370637862,195.8875699999653,effect_45-50
7569,1236,Motor,MOs5,696,3.5530585222948208,195.8875699999653,effect_45-50
7570,1237,Motor,MOs5,434,2.215556607293035,195.8875699999653,effect_45-50
7571,1239,Motor,MOs5,141,0.7198006489131749,195.8875699999653,effect_45-50
7572,1240,Motor,MOs5,916,4.676151733365023,195.8875699999653,effect_45-50
7573,1246,Motor,MOs5,1086,5.543996487373815,195.8875699999653,effect_45-50
7574,1248,Motor,MOs5,1,0.005104969141228191,195.8875699999653,effect_45-50
7575,1249,Motor,MOs5,52,0.2654583953438659,195.8875699999653,effect_45-50
7576,1250,Motor,MOs5,268,1.368131729849155,195.8875699999653,effect_45-50
7577,1254,STR,LSr,654,3.338649818363237,195.8875699999653,effect_45-50
7578,1255,STR,LSr,86,0.4390273461456244,195.8875699999653,effect_45-50
7579,1256,STR,LSr,151,0.7708503403254569,195.8875699999653,effect_45-50
7580,1259,STR,LSr,118,0.6023863586649265,195.8875699999653,effect_45-50
7581,1261,STR,LSr,220,1.1230932110702019,195.8875699999653,effect_45-50
7582,1263,STR,LSr,43,0.2195136730728122,195.8875699999653,effect_45-50
7583,1264,STR,LSr,127,0.6483310809359802,195.8875699999653,effect_45-50
7584,1267,STR,LSr,255,1.3017671310131886,195.8875699999653,effect_45-50
7585,1269,STR,LSr,535,2.7311584905570823,195.8875699999653,effect_45-50
7586,1270,STR,LSr,495,2.5269597249079543,195.8875699999653,effect_45-50
7587,1271,STR,LSr,620,3.1650808675614783,195.8875699999653,effect_45-50
7588,1272,STR,LSr,98,0.5002869758403627,195.8875699999653,effect_45-50
7589,1274,STR,LSr,789,4.0278206524290425,195.8875699999653,effect_45-50
7590,1275,STR,STR,3,0.015314907423684573,195.8875699999653,effect_45-50
7591,1280,STR,LSr,181,0.9239994145623025,195.8875699999653,effect_45-50
7592,1281,STR,LSr,963,4.916085283002747,195.8875699999653,effect_45-50
7593,1282,STR,LSr,110,0.5615466055351009,195.8875699999653,effect_45-50
7594,1283,STR,LSr,125,0.6381211426535238,195.8875699999653,effect_45-50
7595,1284,STR,LSr,466,2.3789156198123367,195.8875699999653,effect_45-50
7596,1286,STR,STR,40,0.20419876564912762,195.8875699999653,effect_45-50
7597,1287,STR,STR,0,0.0,195.8875699999653,effect_45-50
7598,1289,STR,STR,396,2.0215677799263636,195.8875699999653,effect_45-50
7599,1290,STR,STR,0,0.0,195.8875699999653,effect_45-50
7600,1291,STR,STR,66,0.33692796332106056,195.8875699999653,effect_45-50
7601,1295,Other,ACAv6a,124,0.6330161735122957,195.8875699999653,effect_45-50
7602,1296,Other,ACAv6a,112,0.5717565438175574,195.8875699999653,effect_45-50
7603,1298,Other,ACAv6a,156,0.7963751860315977,195.8875699999653,effect_45-50
7604,1301,Other,ACAv6a,14,0.07146956797719467,195.8875699999653,effect_45-50
7605,1303,Other,ACAv6a,242,1.2354025321772222,195.8875699999653,effect_45-50
7606,1304,Other,ACAv6a,32,0.1633590125193021,195.8875699999653,effect_45-50
7607,1306,Other,ACAv6a,8,0.040839753129825525,195.8875699999653,effect_45-50
7608,1307,Other,ACAv6a,55,0.28077330276755047,195.8875699999653,effect_45-50
7609,1308,Other,ACAv6a,306,1.5621205572158263,195.8875699999653,effect_45-50
7610,1311,Other,ACAd6a,214,1.0924633962228327,195.8875699999653,effect_45-50
7611,1312,Other,ACAd6a,80,0.40839753129825523,195.8875699999653,effect_45-50
7612,1313,Other,ACAd6a,7,0.035734783988597335,195.8875699999653,effect_45-50
7613,1314,Other,ACAd6a,753,3.8440417633448276,195.8875699999653,effect_45-50
7614,1317,Motor,MOs6a,38,0.19398882736667125,195.8875699999653,effect_45-50
7615,1318,Motor,MOs6a,396,2.0215677799263636,195.8875699999653,effect_45-50
7616,1321,Motor,MOs6a,499,2.5473796014728673,195.8875699999653,effect_45-50
7617,1322,Motor,MOs5,24,0.12251925938947658,195.8875699999653,effect_45-50
7618,1323,Motor,MOs5,10,0.051049691412281904,195.8875699999653,effect_45-50
7619,1328,Motor,MOs5,194,0.990364013398269,195.8875699999653,effect_45-50
7620,1329,Motor,MOs5,32,0.1633590125193021,195.8875699999653,effect_45-50
7621,1330,Motor,MOs5,32,0.1633590125193021,195.8875699999653,effect_45-50
7622,1331,STR,LSr,473,2.4146504038009344,195.8875699999653,effect_45-50
7623,1332,STR,LSr,34,0.1735689508017585,195.8875699999653,effect_45-50
7624,1334,STR,STR,953,4.865035591590466,195.8875699999653,effect_45-50
7625,1335,STR,STR,502,2.5626945088965516,195.8875699999653,effect_45-50
7626,1336,STR,LSr,817,4.170759788383432,195.8875699999653,effect_45-50
7627,1337,Other,ccg,0,0.0,195.8875699999653,effect_45-50
7628,1339,Other,ACAd6a,1169,5.967708926095755,195.8875699999653,effect_45-50
7629,1340,Other,ACAd6a,50,0.25524845706140953,195.8875699999653,effect_45-50
7630,1341,Other,ACAd6a,5,0.025524845706140952,195.8875699999653,effect_45-50
7631,1342,Motor,MOs6a,0,0.0,195.8875699999653,effect_45-50
7632,1345,Motor,MOs5,29,0.14804410509561752,195.8875699999653,effect_45-50
7633,1347,STR,STR,0,0.0,195.8875699999653,effect_45-50
7634,1348,STR,LSr,91,0.4645521918517654,195.8875699999653,effect_45-50
7635,1349,STR,STR,20,0.10209938282456381,195.8875699999653,effect_45-50
7636,1350,Other,ACAv6a,523,2.669898860862344,195.8875699999653,effect_45-50
7637,1351,Other,ACAv6a,84,0.428817407863168,195.8875699999653,effect_45-50
7638,1354,Motor,MOs5,850,4.339223770043962,195.8875699999653,effect_45-50
7639,1356,Motor,MOs5,55,0.28077330276755047,195.8875699999653,effect_45-50
7640,1358,STR,LSr,2,0.010209938282456381,195.8875699999653,effect_45-50
7641,1360,Motor,MOs5,25,0.12762422853070476,195.8875699999653,effect_45-50
7642,1361,Motor,MOs5,4,0.020419876564912762,195.8875699999653,effect_45-50
7643,1362,Motor,MOs5,52,0.2654583953438659,195.8875699999653,effect_45-50
7644,0,Thalamus,MD,637,3.436069843810712,185.38621999998304,effect_50-54
7645,1,Thalamus,MD,197,1.0626464038158716,185.38621999998304,effect_50-54
7646,2,Thalamus,MD,1074,5.793310851260133,185.38621999998304,effect_50-54
7647,3,Thalamus,MD,1078,5.814887427987359,185.38621999998304,effect_50-54
7648,4,Thalamus,MD,42,0.2265540556358711,185.38621999998304,effect_50-54
7649,5,Thalamus,IAD,2385,12.865033873608395,185.38621999998304,effect_50-54
7650,6,Thalamus,IAD,1675,9.035191504525812,185.38621999998304,effect_50-54
7651,7,Thalamus,MD,735,3.9646959736277445,185.38621999998304,effect_50-54
7652,8,Thalamus,MD,1255,6.769650948167101,185.38621999998304,effect_50-54
7653,11,Thalamus,MD,181,0.9763400969069683,185.38621999998304,effect_50-54
7654,13,Thalamus,MD,1724,9.299504569434328,185.38621999998304,effect_50-54
7655,14,Thalamus,MD,123,0.663479734362194,185.38621999998304,effect_50-54
7656,16,Thalamus,MD,818,4.41240994071768,185.38621999998304,effect_50-54
7657,17,Thalamus,MD,54,0.2912837858175486,185.38621999998304,effect_50-54
7658,18,Thalamus,MD,603,3.252668941629292,185.38621999998304,effect_50-54
7659,19,Thalamus,MD,1484,8.00490996580078,185.38621999998304,effect_50-54
7660,21,Thalamus,MD,594,3.2041216439930342,185.38621999998304,effect_50-54
7661,22,Thalamus,MD,1295,6.985416715439359,185.38621999998304,effect_50-54
7662,23,Thalamus,MD,1100,5.933558599987101,185.38621999998304,effect_50-54
7663,25,Thalamus,MD,1895,10.221903224523233,185.38621999998304,effect_50-54
7664,26,Thalamus,MD,807,4.353074354717809,185.38621999998304,effect_50-54
7665,28,Thalamus,MD,2529,13.641790635788524,185.38621999998304,effect_50-54
7666,29,Thalamus,MD,775,4.180461740900003,185.38621999998304,effect_50-54
7667,31,Thalamus,MD,599,3.2310923649020666,185.38621999998304,effect_50-54
7668,33,Thalamus,MD,1193,6.435214008895101,185.38621999998304,effect_50-54
7669,35,Thalamus,MD,2190,11.813175758156136,185.38621999998304,effect_50-54
7670,37,Thalamus,MD,276,1.4887837941785815,185.38621999998304,effect_50-54
7671,39,Thalamus,MD,554,2.9883558767207763,185.38621999998304,effect_50-54
7672,40,Thalamus,MD,575,3.101632904538712,185.38621999998304,effect_50-54
7673,43,Thalamus,MD,2063,11.128119447066716,185.38621999998304,effect_50-54
7674,44,Thalamus,MD,1082,5.836464004714585,185.38621999998304,effect_50-54
7675,46,Thalamus,MD,544,2.9344144349027115,185.38621999998304,effect_50-54
7676,47,Thalamus,MD,1212,6.537702748349424,185.38621999998304,effect_50-54
7677,48,Thalamus,MD,2215,11.948029362701298,185.38621999998304,effect_50-54
7678,49,Thalamus,MD,942,5.081283819261681,185.38621999998304,effect_50-54
7679,50,Thalamus,MD,1463,7.891632937982844,185.38621999998304,effect_50-54
7680,53,Thalamus,MD,2086,11.252184763248266,185.38621999998304,effect_50-54
7681,54,Thalamus,MD,952,5.1352252610797455,185.38621999998304,effect_50-54
7682,57,Thalamus,MD,1536,8.285405463254715,185.38621999998304,effect_50-54
7683,58,Thalamus,MD,1984,10.701982056704006,185.38621999998304,effect_50-54
7684,60,Thalamus,MD,975,5.259290577261294,185.38621999998304,effect_50-54
7685,63,Thalamus,MD,204,1.1004054130885168,185.38621999998304,effect_50-54
7686,65,Thalamus,MD,3005,16.209403266328398,185.38621999998304,effect_50-54
7687,66,Thalamus,MD,1931,10.416092415068265,185.38621999998304,effect_50-54
7688,67,Thalamus,MD,1259,6.791227524894327,185.38621999998304,effect_50-54
7689,68,Thalamus,MD,1011,5.453479767806326,185.38621999998304,effect_50-54
7690,70,Thalamus,MD,173,0.9331869434525167,185.38621999998304,effect_50-54
7691,71,Thalamus,MD,418,2.2547522679950984,185.38621999998304,effect_50-54
7692,73,Thalamus,MD,1202,6.483761306531359,185.38621999998304,effect_50-54
7693,74,Thalamus,MD,3718,20.0554280679564,185.38621999998304,effect_50-54
7694,75,Thalamus,MD,1486,8.015698254164393,185.38621999998304,effect_50-54
7695,76,Thalamus,MD,1301,7.017781580530198,185.38621999998304,effect_50-54
7696,77,Thalamus,MD,2026,10.928536112339877,185.38621999998304,effect_50-54
7697,78,Thalamus,MD,1813,9.779583401615103,185.38621999998304,effect_50-54
7698,79,Thalamus,MD,1948,10.507792866158974,185.38621999998304,effect_50-54
7699,80,Thalamus,MD,220,1.1867117199974202,185.38621999998304,effect_50-54
7700,83,Thalamus,MD,711,3.8352365132643897,185.38621999998304,effect_50-54
7701,84,Thalamus,MD,1401,7.557195998710844,185.38621999998304,effect_50-54
7702,86,Thalamus,MD,408,2.2008108261770336,185.38621999998304,effect_50-54
7703,89,Thalamus,MD,1768,9.536846913433813,185.38621999998304,effect_50-54
7704,90,Thalamus,MD,970,5.2323198563522615,185.38621999998304,effect_50-54
7705,91,Thalamus,MD,596,3.214909932356647,185.38621999998304,effect_50-54
7706,92,Thalamus,MD,602,3.247274797447486,185.38621999998304,effect_50-54
7707,93,Thalamus,MD,325,1.753096859087098,185.38621999998304,effect_50-54
7708,95,Thalamus,MD,126,0.6796621669076134,185.38621999998304,effect_50-54
7709,96,Thalamus,MD,834,4.498716247626583,185.38621999998304,effect_50-54
7710,99,Thalamus,MD,352,1.8987387519958723,185.38621999998304,effect_50-54
7711,101,Thalamus,MD,9,0.0485472976362581,185.38621999998304,effect_50-54
7712,104,Thalamus,MD,540,2.912837858175486,185.38621999998304,effect_50-54
7713,127,Other,DG-mo,2073,11.18206088888478,185.38621999998304,effect_50-54
7714,129,Other,DG-mo,54,0.2912837858175486,185.38621999998304,effect_50-54
7715,131,Other,DG-mo,283,1.5265428034512267,185.38621999998304,effect_50-54
7716,132,Other,DG-sg,1542,8.317770328345553,185.38621999998304,effect_50-54
7717,133,Other,DG-sg,1496,8.069639695982456,185.38621999998304,effect_50-54
7718,135,Other,DG-sg,134,0.722815320362065,185.38621999998304,effect_50-54
7719,137,Other,DG-sg,19,0.10248873945432264,185.38621999998304,effect_50-54
7720,139,Other,DG-sg,44,0.23734234399948403,185.38621999998304,effect_50-54
7721,141,Other,DG-sg,42,0.2265540556358711,185.38621999998304,effect_50-54
7722,143,Other,DG-sg,307,1.6560022638145817,185.38621999998304,effect_50-54
7723,145,Other,DG-sg,143,0.7713626179983231,185.38621999998304,effect_50-54
7724,149,Other,DG-po,11,0.05933558599987101,185.38621999998304,effect_50-54
7725,152,Other,CA3,49,0.2643130649085163,185.38621999998304,effect_50-54
7726,157,Other,CA3,1615,8.711542853617425,185.38621999998304,effect_50-54
7727,164,Other,CA3,266,1.4348423523605172,185.38621999998304,effect_50-54
7728,166,Other,CA3,42,0.2265540556358711,185.38621999998304,effect_50-54
7729,181,Other,CA1,564,3.0422973185388407,185.38621999998304,effect_50-54
7730,182,Other,CA1,3098,16.711058675236398,185.38621999998304,effect_50-54
7731,188,Other,CA1,373,2.0120157798138076,185.38621999998304,effect_50-54
7732,201,Other,RSPd6a,474,2.5568243421762595,185.38621999998304,effect_50-54
7733,202,Other,RSPagl6a,54,0.2912837858175486,185.38621999998304,effect_50-54
7734,204,Other,RSPagl6a,73,0.39377252527187123,185.38621999998304,effect_50-54
7735,210,Other,RSPagl5,2189,11.80778161397433,185.38621999998304,effect_50-54
7736,211,Other,RSPagl5,290,1.564301812723872,185.38621999998304,effect_50-54
7737,213,Other,RSPagl5,1307,7.050146445621037,185.38621999998304,effect_50-54
7738,214,Other,RSPagl5,190,1.0248873945432264,185.38621999998304,effect_50-54
7739,215,Other,RSPagl5,759,4.0941554339911,185.38621999998304,effect_50-54
7740,216,Other,RSPagl5,577,3.1124211929023247,185.38621999998304,effect_50-54
7741,217,Other,RSPagl5,1382,7.454707259256521,185.38621999998304,effect_50-54
7742,219,Other,RSPagl5,1292,6.9692342828939395,185.38621999998304,effect_50-54
7743,220,Other,RSPagl5,868,4.682117149808003,185.38621999998304,effect_50-54
7744,222,Other,RSPagl5,1564,8.436441500345296,185.38621999998304,effect_50-54
7745,224,Other,RSPagl5,1007,5.4319031910791,185.38621999998304,effect_50-54
7746,225,Other,RSPagl5,1849,9.973772592160135,185.38621999998304,effect_50-54
7747,227,Other,RSPagl5,456,2.4597297469037436,185.38621999998304,effect_50-54
7748,232,Other,RSPagl2/3,3427,18.485732111050723,185.38621999998304,effect_50-54
7749,233,Thalamus,MD,1876,10.11941448506891,185.38621999998304,effect_50-54
7750,234,Thalamus,MD,651,3.511587862356002,185.38621999998304,effect_50-54
7751,235,Thalamus,MD,1256,6.775045092348908,185.38621999998304,effect_50-54
7752,236,Thalamus,MD,628,3.387522546174454,185.38621999998304,effect_50-54
7753,237,Thalamus,MD,583,3.1447860579931635,185.38621999998304,effect_50-54
7754,238,Thalamus,MD,903,4.870912196171229,185.38621999998304,effect_50-54
7755,239,Thalamus,MD,620,3.344369392720002,185.38621999998304,effect_50-54
7756,241,Thalamus,MD,905,4.881700484534842,185.38621999998304,effect_50-54
7757,242,Thalamus,MD,920,4.962612647261938,185.38621999998304,effect_50-54
7758,244,Thalamus,MD,192,1.0356756829068394,185.38621999998304,effect_50-54
7759,245,Thalamus,MD,600,3.236486509083873,185.38621999998304,effect_50-54
7760,250,Other,DG-mo,37,0.19958333472683884,185.38621999998304,effect_50-54
7761,252,Other,DG-sg,36,0.1941891905450324,185.38621999998304,effect_50-54
7762,253,Other,DG-sg,2,0.01078828836361291,185.38621999998304,effect_50-54
7763,254,Other,DG-sg,307,1.6560022638145817,185.38621999998304,effect_50-54
7764,256,Other,DG-sg,0,0.0,185.38621999998304,effect_50-54
7765,258,Other,CA3,726,3.9161486759914865,185.38621999998304,effect_50-54
7766,259,Other,CA3,638,3.441463987992518,185.38621999998304,effect_50-54
7767,260,Other,CA3,44,0.23734234399948403,185.38621999998304,effect_50-54
7768,263,Other,RSPagl5,1058,5.707004544351229,185.38621999998304,effect_50-54
7769,265,Other,RSPagl5,61,0.32904279509019374,185.38621999998304,effect_50-54
7770,268,Thalamus,MD,241,1.2999887478153558,185.38621999998304,effect_50-54
7771,270,Other,DG-sg,59,0.31825450672658084,185.38621999998304,effect_50-54
7772,273,Other,RSPagl5,172,0.9277927992707102,185.38621999998304,effect_50-54
7773,274,Other,RSPagl5,312,1.682972984723614,185.38621999998304,effect_50-54
7774,276,Other,CA3,12,0.06472973018167746,185.38621999998304,effect_50-54
7775,277,Other,DG-po,117,0.6311148692713553,185.38621999998304,effect_50-54
7776,280,Other,SPFp,72,0.3883783810900648,185.38621999998304,effect_50-54
7777,292,Other,MB,604,3.258063085811099,185.38621999998304,effect_50-54
7778,293,Other,MB,510,2.751013532721292,185.38621999998304,effect_50-54
7779,335,Other,APN,6184,33.35738762029112,185.38621999998304,effect_50-54
7780,358,Other,APN,565,3.047691462720647,185.38621999998304,effect_50-54
7781,359,Other,APN,6290,33.9291669035626,185.38621999998304,effect_50-54
7782,384,Other,APN,65,0.3506193718174196,185.38621999998304,effect_50-54
7783,386,Other,APN,5,0.026970720909032277,185.38621999998304,effect_50-54
7784,388,Other,APN,269,1.4510247849059363,185.38621999998304,effect_50-54
7785,390,Other,APN,4268,23.02220736794995,185.38621999998304,effect_50-54
7786,395,Other,MB,464,2.502882900358195,185.38621999998304,effect_50-54
7787,396,Other,APN,2839,15.313975332148527,185.38621999998304,effect_50-54
7788,399,Other,MB,208,1.1219819898157426,185.38621999998304,effect_50-54
7789,400,Other,DG-mo,452,2.4381531701765176,185.38621999998304,effect_50-54
7790,402,Other,POST,310,1.672184696360001,185.38621999998304,effect_50-54
7791,410,Other,SUB,574,3.096238760356905,185.38621999998304,effect_50-54
7792,425,Other,VISp6a,64,0.34522522763561314,185.38621999998304,effect_50-54
7793,426,Other,VISp6a,155,0.8360923481800006,185.38621999998304,effect_50-54
7794,427,Other,VISp6a,962,5.1891667028978095,185.38621999998304,effect_50-54
7795,430,Other,VISp6a,362,1.9526801938139366,185.38621999998304,effect_50-54
7796,431,Other,VISp6a,809,4.363862643081422,185.38621999998304,effect_50-54
7797,432,Other,VISp5,1175,6.338119413622585,185.38621999998304,effect_50-54
7798,433,Other,VISp6a,375,2.022804068177421,185.38621999998304,effect_50-54
7799,436,Other,VISp6a,1806,9.741824392342458,185.38621999998304,effect_50-54
7800,437,Other,VISp5,163,0.8792455016344521,185.38621999998304,effect_50-54
7801,439,Other,VISp5,293,1.5804842452692913,185.38621999998304,effect_50-54
7802,440,Other,VISp5,850,4.585022554535487,185.38621999998304,effect_50-54
7803,442,Other,VISp5,808,4.358468498899616,185.38621999998304,effect_50-54
7804,443,Other,VISp5,1286,6.936869417803101,185.38621999998304,effect_50-54
7805,444,Other,VISp5,1634,8.814031593071748,185.38621999998304,effect_50-54
7806,445,Other,VISp5,500,2.6970720909032275,185.38621999998304,effect_50-54
7807,446,Other,VISp5,1040,5.609909949078713,185.38621999998304,effect_50-54
7808,447,Other,VISp5,395,2.1306869518135496,185.38621999998304,effect_50-54
7809,449,Other,VISp5,1238,6.677950497076392,185.38621999998304,effect_50-54
7810,452,Other,VISp5,422,2.276328844722324,185.38621999998304,effect_50-54
7811,453,Other,VISp5,751,4.051002280536648,185.38621999998304,effect_50-54
7812,455,Other,VISp5,942,5.081283819261681,185.38621999998304,effect_50-54
7813,456,Other,VISp5,1051,5.669245535078584,185.38621999998304,effect_50-54
7814,457,Other,VISp5,106,0.5717792832714842,185.38621999998304,effect_50-54
7815,458,Other,VISp5,264,1.4240540639969042,185.38621999998304,effect_50-54
7816,459,Other,VISp5,485,2.6161599281761307,185.38621999998304,effect_50-54
7817,460,Other,VISp5,791,4.266768047808906,185.38621999998304,effect_50-54
7818,466,Other,VISp5,93,0.5016554089080003,185.38621999998304,effect_50-54
7819,469,Other,VISp5,169,0.9116103667252909,185.38621999998304,effect_50-54
7820,472,Other,VISp5,146,0.7875450505437425,185.38621999998304,effect_50-54
7821,478,Other,VISp5,216,1.1651351432701944,185.38621999998304,effect_50-54
7822,479,Other,VISp5,149,0.8037274830891618,185.38621999998304,effect_50-54
7823,485,Other,VISp4,29,0.1564301812723872,185.38621999998304,effect_50-54
7824,488,Other,VISp4,37,0.19958333472683884,185.38621999998304,effect_50-54
7825,489,Other,VISp4,275,1.4833896499967751,185.38621999998304,effect_50-54
7826,492,Other,VISp4,150,0.8091216272709683,185.38621999998304,effect_50-54
7827,493,Other,VISp4,106,0.5717792832714842,185.38621999998304,effect_50-54
7828,494,Other,VISp4,39,0.21037162309045174,185.38621999998304,effect_50-54
7829,495,Other,VISp4,32,0.17261261381780657,185.38621999998304,effect_50-54
7830,497,Other,VISp2/3,147,0.7929391947255489,185.38621999998304,effect_50-54
7831,498,Other,VISp2/3,77,0.415349101999097,185.38621999998304,effect_50-54
7832,500,Other,VISp4,1341,7.233547347802456,185.38621999998304,effect_50-54
7833,502,Other,VISp2/3,48,0.25891892072670986,185.38621999998304,effect_50-54
7834,504,Other,VISp2/3,58,0.3128603625447744,185.38621999998304,effect_50-54
7835,520,Other,APN,276,1.4887837941785815,185.38621999998304,effect_50-54
7836,521,Other,APN,44,0.23734234399948403,185.38621999998304,effect_50-54
7837,523,Other,APN,3099,16.716452819418205,185.38621999998304,effect_50-54
7838,525,Other,APN,226,1.2190765850882588,185.38621999998304,effect_50-54
7839,530,Other,VISp4,66,0.35601351599922604,185.38621999998304,effect_50-54
7840,533,Other,VISp4,36,0.1941891905450324,185.38621999998304,effect_50-54
7841,535,Other,VISp2/3,58,0.3128603625447744,185.38621999998304,effect_50-54
7842,536,Other,VISp2/3,139,0.7497860412710973,185.38621999998304,effect_50-54
7843,537,Other,VISp2/3,105,0.5663851390896778,185.38621999998304,effect_50-54
7844,538,Other,VISp2/3,10,0.05394144181806455,185.38621999998304,effect_50-54
7845,545,Other,VISp4,34,0.18340090218141947,185.38621999998304,effect_50-54
7846,547,Thalamus,VPL,1785,9.628547364524522,185.38621999998304,effect_50-54
7847,550,Thalamus,VPL,572,3.0854504719932923,185.38621999998304,effect_50-54
7848,552,Thalamus,VPL,2104,11.349279358520782,185.38621999998304,effect_50-54
7849,553,Thalamus,VPL,1091,5.885011302350843,185.38621999998304,effect_50-54
7850,558,Thalamus,VPL,1829,9.865889708524007,185.38621999998304,effect_50-54
7851,561,Thalamus,VPL,725,3.91075453180968,185.38621999998304,effect_50-54
7852,562,Thalamus,VPL,1152,6.2140540974410365,185.38621999998304,effect_50-54
7853,564,Thalamus,VPL,666,3.592500025083099,185.38621999998304,effect_50-54
7854,565,Thalamus,VPL,1794,9.67709466216078,185.38621999998304,effect_50-54
7855,567,Thalamus,VPL,1685,9.089132946343877,185.38621999998304,effect_50-54
7856,568,Thalamus,VPL,8,0.04315315345445164,185.38621999998304,effect_50-54
7857,572,Thalamus,VPL,712,3.840630657446196,185.38621999998304,effect_50-54
7858,575,Thalamus,VPL,0,0.0,185.38621999998304,effect_50-54
7859,576,Thalamus,VPL,787,4.2451914710816805,185.38621999998304,effect_50-54
7860,579,Thalamus,VPL,3224,17.39072084214401,185.38621999998304,effect_50-54
7861,581,Thalamus,VPL,1816,9.795765834160523,185.38621999998304,effect_50-54
7862,583,Thalamus,VPL,993,5.35638517253381,185.38621999998304,effect_50-54
7863,584,Thalamus,VPL,1851,9.984560880523748,185.38621999998304,effect_50-54
7864,585,Thalamus,VPL,1348,7.271306357075101,185.38621999998304,effect_50-54
7865,586,Thalamus,VPL,123,0.663479734362194,185.38621999998304,effect_50-54
7866,589,Thalamus,VPL,1205,6.4999437390767785,185.38621999998304,effect_50-54
7867,590,Thalamus,VPL,2089,11.268367195793685,185.38621999998304,effect_50-54
7868,591,Thalamus,VPL,733,3.9539076852641317,185.38621999998304,effect_50-54
7869,593,Thalamus,VPL,559,3.0153265976298083,185.38621999998304,effect_50-54
7870,594,Thalamus,VPL,292,1.575090101087485,185.38621999998304,effect_50-54
7871,595,Thalamus,VPL,2036,10.982477554157942,185.38621999998304,effect_50-54
7872,596,Thalamus,VPL,992,5.350991028352003,185.38621999998304,effect_50-54
7873,597,Thalamus,VPL,623,3.3605518252654214,185.38621999998304,effect_50-54
7874,598,Thalamus,VPL,3385,18.25917805541485,185.38621999998304,effect_50-54
7875,599,Thalamus,VPL,1058,5.707004544351229,185.38621999998304,effect_50-54
7876,600,Thalamus,VPL,1371,7.39537167325665,185.38621999998304,effect_50-54
7877,601,Thalamus,VPL,1496,8.069639695982456,185.38621999998304,effect_50-54
7878,602,Thalamus,VPL,3268,17.628063186143496,185.38621999998304,effect_50-54
7879,603,Thalamus,VPL,2318,12.503626213427363,185.38621999998304,effect_50-54
7880,607,Thalamus,VPL,1188,6.4082432879860685,185.38621999998304,effect_50-54
7881,610,Thalamus,VPL,1502,8.102004561073295,185.38621999998304,effect_50-54
7882,611,Thalamus,VPL,2177,11.743051883792653,185.38621999998304,effect_50-54
7883,612,Thalamus,VPL,628,3.387522546174454,185.38621999998304,effect_50-54
7884,616,Thalamus,VPL,370,1.9958333472683885,185.38621999998304,effect_50-54
7885,617,Thalamus,VPL,649,3.5007995739923894,185.38621999998304,effect_50-54
7886,618,Thalamus,VPL,447,2.4111824492674856,185.38621999998304,effect_50-54
7887,620,Thalamus,VPL,1197,6.456790585622326,185.38621999998304,effect_50-54
7888,621,Thalamus,VPL,458,2.4705180352673564,185.38621999998304,effect_50-54
7889,622,Thalamus,VPL,642,3.463040564719744,185.38621999998304,effect_50-54
7890,623,Thalamus,VPL,410,2.2115991145406464,185.38621999998304,effect_50-54
7891,626,Thalamus,VPL,495,2.670101369994195,185.38621999998304,effect_50-54
7892,629,Thalamus,VPL,1411,7.611137440528908,185.38621999998304,effect_50-54
7893,630,Thalamus,VPL,1016,5.480450488715358,185.38621999998304,effect_50-54
7894,632,Thalamus,VPL,606,3.268851374174712,185.38621999998304,effect_50-54
7895,633,Thalamus,VPL,1542,8.317770328345553,185.38621999998304,effect_50-54
7896,634,Thalamus,VPL,1658,8.943491053435103,185.38621999998304,effect_50-54
7897,635,Thalamus,VPL,2319,12.509020357609169,185.38621999998304,effect_50-54
7898,664,RT,RT,5632,30.379820031933956,185.38621999998304,effect_50-54
7899,667,RT,RT,1062,5.728581121078455,185.38621999998304,effect_50-54
7900,670,Other,CA3,2972,16.031396508328786,185.38621999998304,effect_50-54
7901,672,Other,or,466,2.513671188721808,185.38621999998304,effect_50-54
7902,676,Somatosensory,SSp-bfd6a,269,1.4510247849059363,185.38621999998304,effect_50-54
7903,680,Somatosensory,SSp-bfd6a,71,0.38298423690825834,185.38621999998304,effect_50-54
7904,681,Somatosensory,SSp-bfd6a,29,0.1564301812723872,185.38621999998304,effect_50-54
7905,683,Somatosensory,SSp-bfd6a,28,0.15103603709058075,185.38621999998304,effect_50-54
7906,685,Somatosensory,SSp-bfd6a,864,4.660540573080778,185.38621999998304,effect_50-54
7907,686,Somatosensory,SSp-bfd6a,888,4.790000033444132,185.38621999998304,effect_50-54
7908,687,Somatosensory,SSp-bfd6a,108,0.5825675716350972,185.38621999998304,effect_50-54
7909,690,Somatosensory,SSp-bfd6a,800,4.315315345445164,185.38621999998304,effect_50-54
7910,692,Somatosensory,SSp-bfd5,408,2.2008108261770336,185.38621999998304,effect_50-54
7911,695,Somatosensory,SSp-bfd5,940,5.070495530898068,185.38621999998304,effect_50-54
7912,696,Somatosensory,SSp-bfd5,289,1.5589076685420655,185.38621999998304,effect_50-54
7913,697,Somatosensory,SSp-bfd5,1009,5.442691479442713,185.38621999998304,effect_50-54
7914,698,Somatosensory,SSp-bfd5,702,3.7866892156281313,185.38621999998304,effect_50-54
7915,699,Somatosensory,SSp-bfd5,850,4.585022554535487,185.38621999998304,effect_50-54
7916,700,Somatosensory,SSp-bfd5,407,2.195416681995227,185.38621999998304,effect_50-54
7917,702,Somatosensory,SSp-bfd5,945,5.0974662518071,185.38621999998304,effect_50-54
7918,705,Somatosensory,SSp-bfd5,174,0.9385810876343231,185.38621999998304,effect_50-54
7919,706,Somatosensory,SSp-bfd5,627,3.3821284019926474,185.38621999998304,effect_50-54
7920,707,Somatosensory,SSp-bfd5,935,5.0435248099890355,185.38621999998304,effect_50-54
7921,714,Somatosensory,SSp-bfd5,261,1.4078716314514848,185.38621999998304,effect_50-54
7922,715,Somatosensory,SSp-bfd5,239,1.2892004594517428,185.38621999998304,effect_50-54
7923,716,Somatosensory,SSp-bfd5,456,2.4597297469037436,185.38621999998304,effect_50-54
7924,718,Somatosensory,SSp-bfd5,504,2.7186486676304535,185.38621999998304,effect_50-54
7925,719,Somatosensory,SSp-bfd5,625,3.3713401136290346,185.38621999998304,effect_50-54
7926,729,Thalamus,VPL,2321,12.519808645972782,185.38621999998304,effect_50-54
7927,730,Thalamus,VPL,163,0.8792455016344521,185.38621999998304,effect_50-54
7928,732,Thalamus,VPL,457,2.46512389108555,185.38621999998304,effect_50-54
7929,733,Thalamus,VPL,1325,7.147241040893553,185.38621999998304,effect_50-54
7930,734,Thalamus,VPL,47,0.2535247765449034,185.38621999998304,effect_50-54
7931,735,Thalamus,VPL,361,1.9472860496321303,185.38621999998304,effect_50-54
7932,738,Thalamus,VPL,561,3.0261148859934215,185.38621999998304,effect_50-54
7933,739,Thalamus,VPL,0,0.0,185.38621999998304,effect_50-54
7934,741,Other,or,369,1.9904392030865818,185.38621999998304,effect_50-54
7935,743,Somatosensory,SSp-bfd6a,445,2.4003941609038724,185.38621999998304,effect_50-54
7936,744,Somatosensory,SSp-bfd6a,7,0.03775900927264519,185.38621999998304,effect_50-54
7937,746,Somatosensory,SSp-bfd6a,831,4.482533815081164,185.38621999998304,effect_50-54
7938,747,Somatosensory,SSp-bfd5,13,0.07012387436348391,185.38621999998304,effect_50-54
7939,750,Somatosensory,SSp-bfd5,31,0.1672184696360001,185.38621999998304,effect_50-54
7940,751,Somatosensory,SSp-bfd4,62,0.3344369392720002,185.38621999998304,effect_50-54
7941,752,Somatosensory,SSp-bfd6a,37,0.19958333472683884,185.38621999998304,effect_50-54
7942,757,Somatosensory,SSp-bfd5,728,3.9269369643550993,185.38621999998304,effect_50-54
7943,761,STR,LSr,1647,8.884155467435232,185.38621999998304,effect_50-54
7944,763,STR,LSr,570,3.0746621836296795,185.38621999998304,effect_50-54
7945,766,STR,LSr,138,0.7443918970892908,185.38621999998304,effect_50-54
7946,768,STR,LSr,625,3.3713401136290346,185.38621999998304,effect_50-54
7947,769,STR,LSr,246,1.326959468724388,185.38621999998304,effect_50-54
7948,771,STR,LSr,105,0.5663851390896778,185.38621999998304,effect_50-54
7949,773,STR,LSr,5343,28.82091236339189,185.38621999998304,effect_50-54
7950,774,STR,LSr,237,1.2784121710881298,185.38621999998304,effect_50-54
7951,775,STR,LSr,118,0.6365090134531617,185.38621999998304,effect_50-54
7952,777,STR,LSr,173,0.9331869434525167,185.38621999998304,effect_50-54
7953,778,STR,LSr,123,0.663479734362194,185.38621999998304,effect_50-54
7954,779,STR,LSr,417,2.2493581238132916,185.38621999998304,effect_50-54
7955,780,STR,LSr,26,0.14024774872696782,185.38621999998304,effect_50-54
7956,781,STR,LSr,1230,6.63479734362194,185.38621999998304,effect_50-54
7957,783,STR,LSr,594,3.2041216439930342,185.38621999998304,effect_50-54
7958,784,STR,LSr,184,0.9925225294523877,185.38621999998304,effect_50-54
7959,785,STR,LSr,283,1.5265428034512267,185.38621999998304,effect_50-54
7960,786,STR,LSr,2282,12.30943702288233,185.38621999998304,effect_50-54
7961,787,STR,LSr,37,0.19958333472683884,185.38621999998304,effect_50-54
7962,788,STR,LSr,250,1.3485360454516138,185.38621999998304,effect_50-54
7963,791,STR,LSr,853,4.601204987080906,185.38621999998304,effect_50-54
7964,792,STR,LSr,373,2.0120157798138076,185.38621999998304,effect_50-54
7965,793,STR,LSr,216,1.1651351432701944,185.38621999998304,effect_50-54
7966,795,STR,LSr,291,1.5696959569056785,185.38621999998304,effect_50-54
7967,797,STR,LSr,5,0.026970720909032277,185.38621999998304,effect_50-54
7968,799,STR,LSr,1464,7.897027082164651,185.38621999998304,effect_50-54
7969,801,STR,LSr,113,0.6095382925441294,185.38621999998304,effect_50-54
7970,802,STR,LSr,8,0.04315315345445164,185.38621999998304,effect_50-54
7971,804,STR,LSr,615,3.31739867181097,185.38621999998304,effect_50-54
7972,805,STR,LSr,497,2.6808896583578083,185.38621999998304,effect_50-54
7973,807,STR,LSr,446,2.4057883050856788,185.38621999998304,effect_50-54
7974,808,STR,LSr,646,3.4846171414469698,185.38621999998304,effect_50-54
7975,810,STR,LSr,524,2.8265315512665823,185.38621999998304,effect_50-54
7976,811,STR,LSr,274,1.4779955058149687,185.38621999998304,effect_50-54
7977,812,STR,LSr,562,3.031509030175228,185.38621999998304,effect_50-54
7978,813,STR,LSr,3216,17.34756768868956,185.38621999998304,effect_50-54
7979,815,STR,LSr,661,3.565529304174067,185.38621999998304,effect_50-54
7980,817,STR,LSr,1220,6.580855901803875,185.38621999998304,effect_50-54
7981,818,STR,LSr,808,4.358468498899616,185.38621999998304,effect_50-54
7982,819,STR,LSr,138,0.7443918970892908,185.38621999998304,effect_50-54
7983,820,STR,LSr,300,1.6182432545419365,185.38621999998304,effect_50-54
7984,821,STR,LSr,60,0.3236486509083873,185.38621999998304,effect_50-54
7985,822,STR,LSr,1077,5.809493283805552,185.38621999998304,effect_50-54
7986,824,STR,LSr,353,1.9041328961776787,185.38621999998304,effect_50-54
7987,826,STR,LSr,470,2.535247765449034,185.38621999998304,effect_50-54
7988,828,STR,LSr,131,0.7066328878166456,185.38621999998304,effect_50-54
7989,829,STR,LSr,91,0.4908671205443874,185.38621999998304,effect_50-54
7990,831,STR,LSr,506,2.7294369559940663,185.38621999998304,effect_50-54
7991,832,STR,LSr,329,1.7746734358143237,185.38621999998304,effect_50-54
7992,834,STR,LSr,2430,13.107770361789687,185.38621999998304,effect_50-54
7993,835,STR,LSr,657,3.543952727446841,185.38621999998304,effect_50-54
7994,838,STR,LSr,341,1.8394031659960013,185.38621999998304,effect_50-54
7995,839,STR,LSr,598,3.2256982207202602,185.38621999998304,effect_50-54
7996,840,STR,LSr,4,0.02157657672722582,185.38621999998304,effect_50-54
7997,841,STR,LSr,207,1.1165878456339362,185.38621999998304,effect_50-54
7998,842,STR,LSr,910,4.908671205443874,185.38621999998304,effect_50-54
7999,843,STR,LSr,560,3.0207207418116147,185.38621999998304,effect_50-54
8000,845,STR,LSr,616,3.322792815992776,185.38621999998304,effect_50-54
8001,846,STR,LSr,769,4.148096875809164,185.38621999998304,effect_50-54
8002,849,STR,LSr,743,4.0078491270821965,185.38621999998304,effect_50-54
8003,851,STR,LSr,89,0.4800788321807745,185.38621999998304,effect_50-54
8004,852,STR,LSr,655,3.533164439083228,185.38621999998304,effect_50-54
8005,853,STR,LSr,594,3.2041216439930342,185.38621999998304,effect_50-54
8006,854,STR,LSr,534,2.880472993084647,185.38621999998304,effect_50-54
8007,855,STR,LSr,823,4.439380661626712,185.38621999998304,effect_50-54
8008,856,STR,LSr,1877,10.124808629250715,185.38621999998304,effect_50-54
8009,857,STR,LSr,152,0.8199099156345812,185.38621999998304,effect_50-54
8010,858,STR,LSr,469,2.5298536212672276,185.38621999998304,effect_50-54
8011,859,STR,LSr,1093,5.895799590714455,185.38621999998304,effect_50-54
8012,861,STR,LSr,698,3.7651126389009058,185.38621999998304,effect_50-54
8013,862,STR,LSr,414,2.2331756912678724,185.38621999998304,effect_50-54
8014,863,STR,LSr,97,0.5232319856352261,185.38621999998304,effect_50-54
8015,864,STR,LSr,121,0.6526914459985811,185.38621999998304,effect_50-54
8016,865,STR,LSr,1084,5.847252293078197,185.38621999998304,effect_50-54
8017,866,STR,LSr,196,1.0572522596340652,185.38621999998304,effect_50-54
8018,868,STR,LSr,358,1.9311036170867109,185.38621999998304,effect_50-54
8019,871,STR,LSr,855,4.611993275444519,185.38621999998304,effect_50-54
8020,872,STR,LSr,704,3.7974775039917446,185.38621999998304,effect_50-54
8021,873,STR,LSr,110,0.5933558599987101,185.38621999998304,effect_50-54
8022,874,STR,LSr,131,0.7066328878166456,185.38621999998304,effect_50-54
8023,876,STR,LSr,1752,9.450540606524909,185.38621999998304,effect_50-54
8024,877,STR,STR,105,0.5663851390896778,185.38621999998304,effect_50-54
8025,879,STR,STR,428,2.308693709813163,185.38621999998304,effect_50-54
8026,880,STR,STR,44,0.23734234399948403,185.38621999998304,effect_50-54
8027,881,STR,STR,137,0.7389977529074844,185.38621999998304,effect_50-54
8028,882,STR,STR,88,0.47468468799896807,185.38621999998304,effect_50-54
8029,883,STR,STR,279,1.504966226724001,185.38621999998304,effect_50-54
8030,884,STR,STR,427,2.3032995656313564,185.38621999998304,effect_50-54
8031,885,STR,STR,731,3.9431193969005185,185.38621999998304,effect_50-54
8032,886,STR,STR,52,0.28049549745393565,185.38621999998304,effect_50-54
8033,887,STR,STR,304,1.6398198312691623,185.38621999998304,effect_50-54
8034,888,STR,STR,115,0.6203265809077423,185.38621999998304,effect_50-54
8035,889,STR,STR,732,3.9485135410823253,185.38621999998304,effect_50-54
8036,890,STR,STR,22,0.11867117199974202,185.38621999998304,effect_50-54
8037,891,STR,STR,403,2.173840105268001,185.38621999998304,effect_50-54
8038,892,STR,STR,796,4.2937387687179385,185.38621999998304,effect_50-54
8039,895,STR,STR,285,1.5373310918148397,185.38621999998304,effect_50-54
8040,897,STR,STR,18,0.0970945952725162,185.38621999998304,effect_50-54
8041,898,STR,STR,854,4.606599131262713,185.38621999998304,effect_50-54
8042,900,STR,STR,689,3.7165653412646478,185.38621999998304,effect_50-54
8043,902,STR,STR,714,3.851418945809809,185.38621999998304,effect_50-54
8044,903,STR,STR,1620,8.738513574526458,185.38621999998304,effect_50-54
8045,904,STR,STR,177,0.9547635201797425,185.38621999998304,effect_50-54
8046,909,STR,LSr,312,1.682972984723614,185.38621999998304,effect_50-54
8047,910,STR,LSr,994,5.361779316715617,185.38621999998304,effect_50-54
8048,911,STR,LSr,192,1.0356756829068394,185.38621999998304,effect_50-54
8049,914,STR,LSr,944,5.0920721076252935,185.38621999998304,effect_50-54
8050,916,STR,LSr,530,2.858896416357421,185.38621999998304,effect_50-54
8051,917,STR,LSr,555,2.9937500209025827,185.38621999998304,effect_50-54
8052,919,STR,LSr,658,3.5493468716286474,185.38621999998304,effect_50-54
8053,920,STR,LSr,287,1.5481193801784525,185.38621999998304,effect_50-54
8054,921,STR,LSr,58,0.3128603625447744,185.38621999998304,effect_50-54
8055,922,STR,LSr,137,0.7389977529074844,185.38621999998304,effect_50-54
8056,923,STR,SH,552,2.977567588357163,185.38621999998304,effect_50-54
8057,924,STR,SH,821,4.4285923732631,185.38621999998304,effect_50-54
8058,925,STR,SH,354,1.909527040359485,185.38621999998304,effect_50-54
8059,927,STR,SH,221,1.1921058641792266,185.38621999998304,effect_50-54
8060,928,STR,SH,1064,5.739369409442069,185.38621999998304,effect_50-54
8061,929,STR,SH,395,2.1306869518135496,185.38621999998304,effect_50-54
8062,930,STR,SH,1019,5.496632921260778,185.38621999998304,effect_50-54
8063,932,STR,LSr,378,2.03898650072284,185.38621999998304,effect_50-54
8064,933,STR,LSr,810,4.369256787263229,185.38621999998304,effect_50-54
8065,935,STR,LSr,249,1.3431419012698074,185.38621999998304,effect_50-54
8066,937,STR,LSr,281,1.515754515087614,185.38621999998304,effect_50-54
8067,938,STR,LSr,426,2.29790542144955,185.38621999998304,effect_50-54
8068,940,STR,LSr,152,0.8199099156345812,185.38621999998304,effect_50-54
8069,941,STR,LSr,1014,5.469662200351745,185.38621999998304,effect_50-54
8070,943,STR,LSr,287,1.5481193801784525,185.38621999998304,effect_50-54
8071,945,STR,LSr,2238,12.072094678882847,185.38621999998304,effect_50-54
8072,946,STR,LSr,934,5.038130665807229,185.38621999998304,effect_50-54
8073,947,STR,LSr,552,2.977567588357163,185.38621999998304,effect_50-54
8074,949,STR,SH,135,0.7282094645438715,185.38621999998304,effect_50-54
8075,950,STR,SH,1132,6.106171213804907,185.38621999998304,effect_50-54
8076,952,STR,SH,208,1.1219819898157426,185.38621999998304,effect_50-54
8077,953,STR,SH,5,0.026970720909032277,185.38621999998304,effect_50-54
8078,955,STR,SH,832,4.48792795926297,185.38621999998304,effect_50-54
8079,958,STR,STR,333,1.7962500125415495,185.38621999998304,effect_50-54
8080,959,STR,STR,1054,5.685427967624004,185.38621999998304,effect_50-54
8081,960,STR,STR,801,4.320709489626971,185.38621999998304,effect_50-54
8082,964,STR,STR,1162,6.2679955392591005,185.38621999998304,effect_50-54
8083,965,STR,STR,841,4.536475256899228,185.38621999998304,effect_50-54
8084,968,STR,STR,48,0.25891892072670986,185.38621999998304,effect_50-54
8085,971,STR,STR,1022,5.5128153538061975,185.38621999998304,effect_50-54
8086,973,STR,STR,378,2.03898650072284,185.38621999998304,effect_50-54
8087,974,STR,STR,369,1.9904392030865818,185.38621999998304,effect_50-54
8088,976,STR,STR,139,0.7497860412710973,185.38621999998304,effect_50-54
8089,977,STR,STR,646,3.4846171414469698,185.38621999998304,effect_50-54
8090,979,STR,STR,657,3.543952727446841,185.38621999998304,effect_50-54
8091,980,STR,STR,18,0.0970945952725162,185.38621999998304,effect_50-54
8092,981,STR,STR,462,2.4920946119945824,185.38621999998304,effect_50-54
8093,982,STR,STR,202,1.089617124724904,185.38621999998304,effect_50-54
8094,983,STR,STR,273,1.4726013616331621,185.38621999998304,effect_50-54
8095,984,STR,STR,616,3.322792815992776,185.38621999998304,effect_50-54
8096,985,STR,STR,27,0.1456418929087743,185.38621999998304,effect_50-54
8097,989,Other,ccg,2355,12.703209548154202,185.38621999998304,effect_50-54
8098,991,Other,ccg,2069,11.160484312157555,185.38621999998304,effect_50-54
8099,992,Other,ccg,78,0.4207432461809035,185.38621999998304,effect_50-54
8100,993,STR,STR,315,1.6991554172690333,185.38621999998304,effect_50-54
8101,994,Other,ccg,863,4.655146428898971,185.38621999998304,effect_50-54
8102,995,Other,ccg,36,0.1941891905450324,185.38621999998304,effect_50-54
8103,996,Other,ccg,689,3.7165653412646478,185.38621999998304,effect_50-54
8104,1005,Other,ACAv6a,0,0.0,185.38621999998304,effect_50-54
8105,1008,Other,ACAv5,144,0.7767567621801296,185.38621999998304,effect_50-54
8106,1009,Other,ACAv6a,748,4.034819847991228,185.38621999998304,effect_50-54
8107,1011,Other,ACAv5,1167,6.294966260168133,185.38621999998304,effect_50-54
8108,1013,Other,ACAv5,48,0.25891892072670986,185.38621999998304,effect_50-54
8109,1014,Other,ACAv5,1423,7.675867170710585,185.38621999998304,effect_50-54
8110,1015,Other,ACAv5,17,0.09170045109070973,185.38621999998304,effect_50-54
8111,1016,Other,ACAv6a,0,0.0,185.38621999998304,effect_50-54
8112,1017,Other,ACAv6a,368,1.9850450589047755,185.38621999998304,effect_50-54
8113,1020,Other,ACAv5,3691,19.909786175047625,185.38621999998304,effect_50-54
8114,1021,Other,ACAv5,0,0.0,185.38621999998304,effect_50-54
8115,1025,Other,ACAv6a,1421,7.665078882346973,185.38621999998304,effect_50-54
8116,1028,Other,ACAv6a,185,0.9979166736341942,185.38621999998304,effect_50-54
8117,1030,Other,ACAv6a,43,0.23194819981767756,185.38621999998304,effect_50-54
8118,1032,Other,ACAv5,297,1.6020608219965171,185.38621999998304,effect_50-54
8119,1033,Other,ACAv5,1236,6.667162208712779,185.38621999998304,effect_50-54
8120,1035,Other,ACAv5,2507,13.523119463788783,185.38621999998304,effect_50-54
8121,1036,Other,ACAv6a,416,2.243963979631485,185.38621999998304,effect_50-54
8122,1038,Other,ACAv5,1,0.005394144181806455,185.38621999998304,effect_50-54
8123,1039,Other,ACAv6a,661,3.565529304174067,185.38621999998304,effect_50-54
8124,1043,Other,ACAv6a,75,0.40456081363548413,185.38621999998304,effect_50-54
8125,1045,Other,ACAv6a,1153,6.2194482416228425,185.38621999998304,effect_50-54
8126,1052,Other,ACAv6a,1021,5.507421209624391,185.38621999998304,effect_50-54
8127,1055,Other,ACAv6a,207,1.1165878456339362,185.38621999998304,effect_50-54
8128,1057,Other,ACAv6a,4016,21.662883034134722,185.38621999998304,effect_50-54
8129,1058,Other,ACAv6a,1335,7.2011824827116175,185.38621999998304,effect_50-54
8130,1061,Other,ACAv6a,99,0.534020273998839,185.38621999998304,effect_50-54
8131,1062,Other,ACAv6a,1030,5.555968507260649,185.38621999998304,effect_50-54
8132,1066,Other,ACAv6a,374,2.017409923995614,185.38621999998304,effect_50-54
8133,1069,Other,ACAv6a,330,1.78006757999613,185.38621999998304,effect_50-54
8134,1073,Other,ACAv6a,270,1.456418929087743,185.38621999998304,effect_50-54
8135,1074,Other,ACAv6a,346,1.8663738869050335,185.38621999998304,effect_50-54
8136,1075,Other,ACAv6a,7933,42.79174579427061,185.38621999998304,effect_50-54
8137,1083,Other,ACAv6a,404,2.179234249449808,185.38621999998304,effect_50-54
8138,1085,Other,ACAv6a,0,0.0,185.38621999998304,effect_50-54
8139,1086,Other,ACAv6a,2340,12.622297385427105,185.38621999998304,effect_50-54
8140,1090,Other,ACAv6a,1456,7.853873928710199,185.38621999998304,effect_50-54
8141,1091,Other,ACAv6a,76,0.4099549578172906,185.38621999998304,effect_50-54
8142,1092,Other,ACAv6a,380,2.049774789086453,185.38621999998304,effect_50-54
8143,1093,Other,ACAv6a,130,0.7012387436348392,185.38621999998304,effect_50-54
8144,1094,Other,ACAv6a,6,0.03236486509083873,185.38621999998304,effect_50-54
8145,1095,Other,ACAv6a,68,0.36680180436283893,185.38621999998304,effect_50-54
8146,1098,Other,ACAv6a,548,2.9559910116299375,185.38621999998304,effect_50-54
8147,1100,Other,ACAv6a,2,0.01078828836361291,185.38621999998304,effect_50-54
8148,1102,Other,ACAv6a,2166,11.683716297792781,185.38621999998304,effect_50-54
8149,1104,Other,ACAv6a,766,4.131914443263745,185.38621999998304,effect_50-54
8150,1105,Other,ACAd6a,305,1.6452139754509687,185.38621999998304,effect_50-54
8151,1107,Other,ACAd6a,416,2.243963979631485,185.38621999998304,effect_50-54
8152,1109,Other,ACAd6a,309,1.6667905521781947,185.38621999998304,effect_50-54
8153,1110,Other,ACAd6a,84,0.4531081112717422,185.38621999998304,effect_50-54
8154,1112,Other,ACAd6a,962,5.1891667028978095,185.38621999998304,effect_50-54
8155,1113,Other,ACAd6a,2,0.01078828836361291,185.38621999998304,effect_50-54
8156,1115,Other,ACAd6a,135,0.7282094645438715,185.38621999998304,effect_50-54
8157,1118,Other,ACAd6a,370,1.9958333472683885,185.38621999998304,effect_50-54
8158,1119,Other,ACAd6a,11,0.05933558599987101,185.38621999998304,effect_50-54
8159,1120,Other,ACAd6a,812,4.380045075626842,185.38621999998304,effect_50-54
8160,1121,Other,ACAd6a,346,1.8663738869050335,185.38621999998304,effect_50-54
8161,1124,Other,ACAd6a,493,2.6593130816305823,185.38621999998304,effect_50-54
8162,1126,Other,ACAd6a,156,0.841486492361807,185.38621999998304,effect_50-54
8163,1127,Other,ACAd6a,192,1.0356756829068394,185.38621999998304,effect_50-54
8164,1128,Other,ACAd6a,554,2.9883558767207763,185.38621999998304,effect_50-54
8165,1129,Other,ACAd6a,117,0.6311148692713553,185.38621999998304,effect_50-54
8166,1130,Other,ACAd6a,1110,5.987500041805165,185.38621999998304,effect_50-54
8167,1131,Other,ACAd6a,139,0.7497860412710973,185.38621999998304,effect_50-54
8168,1132,Other,ACAd6a,193,1.0410698270886458,185.38621999998304,effect_50-54
8169,1134,Other,ACAd6a,425,2.2925112772677436,185.38621999998304,effect_50-54
8170,1142,Other,ACAd6a,134,0.722815320362065,185.38621999998304,effect_50-54
8171,1143,Other,ACAd6a,7,0.03775900927264519,185.38621999998304,effect_50-54
8172,1145,Other,ACAd6a,527,2.842713983812002,185.38621999998304,effect_50-54
8173,1148,Other,ACAd6a,804,4.33689192217239,185.38621999998304,effect_50-54
8174,1149,Other,ACAd6a,0,0.0,185.38621999998304,effect_50-54
8175,1152,Other,ACAd6a,601,3.2418806532656794,185.38621999998304,effect_50-54
8176,1154,Other,ACAd6a,768,4.142702731627358,185.38621999998304,effect_50-54
8177,1156,Other,ACAd6a,891,4.806182465989552,185.38621999998304,effect_50-54
8178,1161,Other,ACAd6a,286,1.5427252359966461,185.38621999998304,effect_50-54
8179,1163,Other,ACAd6a,30,0.16182432545419365,185.38621999998304,effect_50-54
8180,1164,Other,ACAd6a,69,0.3721959485446454,185.38621999998304,effect_50-54
8181,1165,Other,ACAd6a,63,0.3398310834538067,185.38621999998304,effect_50-54
8182,1167,Motor,MOs6a,214,1.1543468549065814,185.38621999998304,effect_50-54
8183,1168,Motor,MOs6a,679,3.662623899446583,185.38621999998304,effect_50-54
8184,1169,Motor,MOs6a,422,2.276328844722324,185.38621999998304,effect_50-54
8185,1176,Motor,MOs6a,2,0.01078828836361291,185.38621999998304,effect_50-54
8186,1178,Motor,MOs6a,66,0.35601351599922604,185.38621999998304,effect_50-54
8187,1180,Motor,MOs6a,426,2.29790542144955,185.38621999998304,effect_50-54
8188,1182,Motor,MOs6a,92,0.49626126472619386,185.38621999998304,effect_50-54
8189,1185,Motor,MOs6a,188,1.0140991061796136,185.38621999998304,effect_50-54
8190,1187,Motor,MOs6a,317,1.7099437056326463,185.38621999998304,effect_50-54
8191,1200,Motor,MOs6a,923,4.978795079807358,185.38621999998304,effect_50-54
8192,1201,Motor,MOs6a,110,0.5933558599987101,185.38621999998304,effect_50-54
8193,1202,Motor,MOs6a,0,0.0,185.38621999998304,effect_50-54
8194,1203,Motor,MOs6a,722,3.8945720992642605,185.38621999998304,effect_50-54
8195,1204,Motor,MOs6a,457,2.46512389108555,185.38621999998304,effect_50-54
8196,1207,Motor,MOs6a,1380,7.443918970892908,185.38621999998304,effect_50-54
8197,1208,Motor,MOs5,1722,9.288716281070716,185.38621999998304,effect_50-54
8198,1209,Motor,MOs5,1187,6.4028491438042625,185.38621999998304,effect_50-54
8199,1215,Motor,MOs5,64,0.34522522763561314,185.38621999998304,effect_50-54
8200,1221,Motor,MOs5,46,0.24813063236309693,185.38621999998304,effect_50-54
8201,1224,Motor,MOs5,480,2.5891892072670983,185.38621999998304,effect_50-54
8202,1228,Motor,MOs5,1148,6.19247752071381,185.38621999998304,effect_50-54
8203,1230,Motor,MOs5,306,1.6506081196327753,185.38621999998304,effect_50-54
8204,1233,Motor,MOs5,1562,8.425653211981682,185.38621999998304,effect_50-54
8205,1235,Motor,MOs5,1240,6.688738785440004,185.38621999998304,effect_50-54
8206,1236,Motor,MOs5,1001,5.399538325988262,185.38621999998304,effect_50-54
8207,1237,Motor,MOs5,1740,9.385810876343232,185.38621999998304,effect_50-54
8208,1239,Motor,MOs5,245,1.3215653245425816,185.38621999998304,effect_50-54
8209,1240,Motor,MOs5,1025,5.528997786351616,185.38621999998304,effect_50-54
8210,1246,Motor,MOs5,206,1.1111937014521298,185.38621999998304,effect_50-54
8211,1248,Motor,MOs5,1,0.005394144181806455,185.38621999998304,effect_50-54
8212,1249,Motor,MOs5,115,0.6203265809077423,185.38621999998304,effect_50-54
8213,1250,Motor,MOs5,292,1.575090101087485,185.38621999998304,effect_50-54
8214,1254,STR,LSr,478,2.5784009189034856,185.38621999998304,effect_50-54
8215,1255,STR,LSr,63,0.3398310834538067,185.38621999998304,effect_50-54
8216,1256,STR,LSr,108,0.5825675716350972,185.38621999998304,effect_50-54
8217,1259,STR,LSr,147,0.7929391947255489,185.38621999998304,effect_50-54
8218,1261,STR,LSr,233,1.256835594360904,185.38621999998304,effect_50-54
8219,1263,STR,LSr,27,0.1456418929087743,185.38621999998304,effect_50-54
8220,1264,STR,LSr,100,0.5394144181806455,185.38621999998304,effect_50-54
8221,1267,STR,LSr,219,1.1813175758156136,185.38621999998304,effect_50-54
8222,1269,STR,LSr,522,2.8157432629029695,185.38621999998304,effect_50-54
8223,1270,STR,LSr,239,1.2892004594517428,185.38621999998304,effect_50-54
8224,1271,STR,LSr,699,3.770506783082712,185.38621999998304,effect_50-54
8225,1272,STR,LSr,59,0.31825450672658084,185.38621999998304,effect_50-54
8226,1274,STR,LSr,750,4.045608136354842,185.38621999998304,effect_50-54
8227,1275,STR,STR,2,0.01078828836361291,185.38621999998304,effect_50-54
8228,1280,STR,LSr,171,0.9223986550889038,185.38621999998304,effect_50-54
8229,1281,STR,LSr,853,4.601204987080906,185.38621999998304,effect_50-54
8230,1282,STR,LSr,86,0.4638963996353551,185.38621999998304,effect_50-54
8231,1283,STR,LSr,89,0.4800788321807745,185.38621999998304,effect_50-54
8232,1284,STR,LSr,361,1.9472860496321303,185.38621999998304,effect_50-54
8233,1286,STR,STR,64,0.34522522763561314,185.38621999998304,effect_50-54
8234,1287,STR,STR,0,0.0,185.38621999998304,effect_50-54
8235,1289,STR,STR,620,3.344369392720002,185.38621999998304,effect_50-54
8236,1290,STR,STR,1,0.005394144181806455,185.38621999998304,effect_50-54
8237,1291,STR,STR,35,0.18879504636322592,185.38621999998304,effect_50-54
8238,1295,Other,ACAv6a,116,0.6257207250895488,185.38621999998304,effect_50-54
8239,1296,Other,ACAv6a,33,0.17800675799961302,185.38621999998304,effect_50-54
8240,1298,Other,ACAv6a,68,0.36680180436283893,185.38621999998304,effect_50-54
8241,1301,Other,ACAv6a,2,0.01078828836361291,185.38621999998304,effect_50-54
8242,1303,Other,ACAv6a,152,0.8199099156345812,185.38621999998304,effect_50-54
8243,1304,Other,ACAv6a,26,0.14024774872696782,185.38621999998304,effect_50-54
8244,1306,Other,ACAv6a,23,0.12406531618154847,185.38621999998304,effect_50-54
8245,1307,Other,ACAv6a,35,0.18879504636322592,185.38621999998304,effect_50-54
8246,1308,Other,ACAv6a,632,3.40909912290168,185.38621999998304,effect_50-54
8247,1311,Other,ACAd6a,90,0.48547297636258097,185.38621999998304,effect_50-54
8248,1312,Other,ACAd6a,103,0.5555968507260649,185.38621999998304,effect_50-54
8249,1313,Other,ACAd6a,31,0.1672184696360001,185.38621999998304,effect_50-54
8250,1314,Other,ACAd6a,587,3.166362634720389,185.38621999998304,effect_50-54
8251,1317,Motor,MOs6a,19,0.10248873945432264,185.38621999998304,effect_50-54
8252,1318,Motor,MOs6a,164,0.8846396458162586,185.38621999998304,effect_50-54
8253,1321,Motor,MOs6a,96,0.5178378414534197,185.38621999998304,effect_50-54
8254,1322,Motor,MOs5,14,0.07551801854529037,185.38621999998304,effect_50-54
8255,1323,Motor,MOs5,10,0.05394144181806455,185.38621999998304,effect_50-54
8256,1328,Motor,MOs5,207,1.1165878456339362,185.38621999998304,effect_50-54
8257,1329,Motor,MOs5,21,0.11327702781793555,185.38621999998304,effect_50-54
8258,1330,Motor,MOs5,24,0.12945946036335493,185.38621999998304,effect_50-54
8259,1331,STR,LSr,371,2.001227491450195,185.38621999998304,effect_50-54
8260,1332,STR,LSr,67,0.3614076601810325,185.38621999998304,effect_50-54
8261,1334,STR,STR,682,3.6788063319920026,185.38621999998304,effect_50-54
8262,1335,STR,STR,427,2.3032995656313564,185.38621999998304,effect_50-54
8263,1336,STR,LSr,977,5.270078865624907,185.38621999998304,effect_50-54
8264,1337,Other,ccg,0,0.0,185.38621999998304,effect_50-54
8265,1339,Other,ACAd6a,836,4.509504535990197,185.38621999998304,effect_50-54
8266,1340,Other,ACAd6a,160,0.8630630690890329,185.38621999998304,effect_50-54
8267,1341,Other,ACAd6a,3,0.016182432545419366,185.38621999998304,effect_50-54
8268,1342,Motor,MOs6a,0,0.0,185.38621999998304,effect_50-54
8269,1345,Motor,MOs5,48,0.25891892072670986,185.38621999998304,effect_50-54
8270,1347,STR,STR,0,0.0,185.38621999998304,effect_50-54
8271,1348,STR,LSr,70,0.37759009272645183,185.38621999998304,effect_50-54
8272,1349,STR,STR,12,0.06472973018167746,185.38621999998304,effect_50-54
8273,1350,Other,ACAv6a,608,3.2796396625383246,185.38621999998304,effect_50-54
8274,1351,Other,ACAv6a,55,0.29667792999935505,185.38621999998304,effect_50-54
8275,1354,Motor,MOs5,785,4.234403182718067,185.38621999998304,effect_50-54
8276,1356,Motor,MOs5,35,0.18879504636322592,185.38621999998304,effect_50-54
8277,1358,STR,LSr,2,0.01078828836361291,185.38621999998304,effect_50-54
8278,1360,Motor,MOs5,38,0.2049774789086453,185.38621999998304,effect_50-54
8279,1361,Motor,MOs5,3,0.016182432545419366,185.38621999998304,effect_50-54
8280,1362,Motor,MOs5,31,0.1672184696360001,185.38621999998304,effect_50-54
