,unit_id,brain_area,location,n_bursts,burst_rate,total_spikes_in_bursts,mean_burst_size,total_spikes,burst_fraction,rest_duration,bin
0,0,Thalamus,PO,9,0.06884494099835303,17,1.8888888888888888,948,0.017932489451476793,130.72856000000502,baseline_0-5
1,2,Thalamus,PO,3,0.022948313666117676,5,1.6666666666666667,886,0.0056433408577878106,130.72856000000502,baseline_0-5
2,3,Thalamus,PO,9,0.06884494099835303,14,1.5555555555555556,379,0.036939313984168866,130.72856000000502,baseline_0-5
3,5,Thalamus,PO,4,0.030597751554823572,7,1.75,551,0.012704174228675136,130.72856000000502,baseline_0-5
4,7,Thalamus,PO,3,0.022948313666117676,5,1.6666666666666667,187,0.026737967914438502,130.72856000000502,baseline_0-5
5,8,Thalamus,PO,18,0.13768988199670606,35,1.9444444444444444,425,0.08235294117647059,130.72856000000502,baseline_0-5
6,9,Thalamus,PO,30,0.22948313666117678,59,1.9666666666666666,738,0.07994579945799458,130.72856000000502,baseline_0-5
7,10,Thalamus,PO,8,0.061195503109647144,13,1.625,291,0.044673539518900345,130.72856000000502,baseline_0-5
8,13,Thalamus,PO,0,0.0,0,0.0,3,0.0,130.72856000000502,baseline_0-5
9,16,Thalamus,PO,17,0.13004044410800017,34,2.0,245,0.13877551020408163,130.72856000000502,baseline_0-5
10,17,Thalamus,PO,3,0.022948313666117676,6,2.0,201,0.029850746268656716,130.72856000000502,baseline_0-5
11,18,Thalamus,PO,5,0.038247189443529464,9,1.8,476,0.018907563025210083,130.72856000000502,baseline_0-5
12,19,Thalamus,PO,7,0.05354606522094125,12,1.7142857142857142,174,0.06896551724137931,130.72856000000502,baseline_0-5
13,23,Thalamus,PO,54,0.4130696459901182,114,2.111111111111111,1300,0.0876923076923077,130.72856000000502,baseline_0-5
14,25,Thalamus,PO,5,0.038247189443529464,11,2.2,48,0.22916666666666666,130.72856000000502,baseline_0-5
15,27,Thalamus,PO,1,0.007649437888705893,1,1.0,49,0.02040816326530612,130.72856000000502,baseline_0-5
16,28,Thalamus,PO,14,0.1070921304418825,26,1.8571428571428572,162,0.16049382716049382,130.72856000000502,baseline_0-5
17,29,Thalamus,PO,21,0.16063819566282375,47,2.238095238095238,827,0.056831922611850064,130.72856000000502,baseline_0-5
18,31,Thalamus,PO,8,0.061195503109647144,15,1.875,305,0.04918032786885246,130.72856000000502,baseline_0-5
19,32,Thalamus,PO,11,0.08414381677576482,22,2.0,260,0.08461538461538462,130.72856000000502,baseline_0-5
20,33,Thalamus,PO,10,0.07649437888705893,15,1.5,393,0.03816793893129771,130.72856000000502,baseline_0-5
21,34,Thalamus,PO,13,0.0994426925531766,30,2.3076923076923075,801,0.03745318352059925,130.72856000000502,baseline_0-5
22,35,Thalamus,PO,28,0.214184260883765,55,1.9642857142857142,1423,0.03865073787772312,130.72856000000502,baseline_0-5
23,36,Thalamus,PO,4,0.030597751554823572,8,2.0,1288,0.006211180124223602,130.72856000000502,baseline_0-5
24,38,Thalamus,PO,0,0.0,0,0.0,73,0.0,130.72856000000502,baseline_0-5
25,39,Thalamus,PO,0,0.0,0,0.0,594,0.0,130.72856000000502,baseline_0-5
26,40,Thalamus,PO,4,0.030597751554823572,9,2.25,636,0.014150943396226415,130.72856000000502,baseline_0-5
27,41,Thalamus,PO,6,0.04589662733223535,9,1.5,864,0.010416666666666666,130.72856000000502,baseline_0-5
28,42,Thalamus,PO,11,0.08414381677576482,24,2.1818181818181817,661,0.036308623298033284,130.72856000000502,baseline_0-5
29,43,Thalamus,PO,11,0.08414381677576482,25,2.272727272727273,1125,0.022222222222222223,130.72856000000502,baseline_0-5
30,44,Thalamus,PO,18,0.13768988199670606,38,2.111111111111111,1281,0.02966432474629196,130.72856000000502,baseline_0-5
31,46,Thalamus,PO,0,0.0,0,0.0,35,0.0,130.72856000000502,baseline_0-5
32,47,Thalamus,PO,6,0.04589662733223535,14,2.3333333333333335,704,0.019886363636363636,130.72856000000502,baseline_0-5
33,50,Thalamus,PO,92,0.7037482857609422,221,2.402173913043478,2091,0.10569105691056911,130.72856000000502,baseline_0-5
34,53,Thalamus,PO,12,0.0917932546644707,18,1.5,962,0.018711018711018712,130.72856000000502,baseline_0-5
35,54,Thalamus,PO,9,0.06884494099835303,18,2.0,1041,0.01729106628242075,130.72856000000502,baseline_0-5
36,55,Thalamus,PO,17,0.13004044410800017,37,2.176470588235294,1231,0.030056864337936636,130.72856000000502,baseline_0-5
37,56,Thalamus,PO,13,0.0994426925531766,21,1.6153846153846154,551,0.038112522686025406,130.72856000000502,baseline_0-5
38,57,Thalamus,PO,20,0.15298875777411786,46,2.3,1226,0.037520391517128875,130.72856000000502,baseline_0-5
39,58,Thalamus,PO,41,0.3136269534369416,75,1.829268292682927,1592,0.0471105527638191,130.72856000000502,baseline_0-5
40,59,Thalamus,PO,12,0.0917932546644707,22,1.8333333333333333,310,0.07096774193548387,130.72856000000502,baseline_0-5
41,61,Thalamus,PO,8,0.061195503109647144,16,2.0,773,0.02069857697283312,130.72856000000502,baseline_0-5
42,62,Thalamus,PO,12,0.0917932546644707,26,2.1666666666666665,1300,0.02,130.72856000000502,baseline_0-5
43,64,Thalamus,PO,0,0.0,0,0.0,1608,0.0,130.72856000000502,baseline_0-5
44,65,Thalamus,PO,31,0.23713257454988268,64,2.064516129032258,865,0.07398843930635839,130.72856000000502,baseline_0-5
45,66,Thalamus,PO,4,0.030597751554823572,6,1.5,592,0.010135135135135136,130.72856000000502,baseline_0-5
46,68,Thalamus,PO,7,0.05354606522094125,16,2.2857142857142856,960,0.016666666666666666,130.72856000000502,baseline_0-5
47,69,Thalamus,PO,7,0.05354606522094125,11,1.5714285714285714,1139,0.009657594381035996,130.72856000000502,baseline_0-5
48,72,Thalamus,PO,4,0.030597751554823572,5,1.25,256,0.01953125,130.72856000000502,baseline_0-5
49,74,Thalamus,PO,23,0.17593707144023554,56,2.4347826086956523,663,0.08446455505279035,130.72856000000502,baseline_0-5
50,75,Thalamus,PO,16,0.12239100621929429,24,1.5,1388,0.01729106628242075,130.72856000000502,baseline_0-5
51,78,Thalamus,PO,19,0.14533931988541196,38,2.0,1061,0.03581526861451461,130.72856000000502,baseline_0-5
52,80,Thalamus,PO,42,0.3212763913256475,107,2.5476190476190474,1653,0.0647307924984876,130.72856000000502,baseline_0-5
53,82,Thalamus,PO,11,0.08414381677576482,21,1.9090909090909092,178,0.11797752808988764,130.72856000000502,baseline_0-5
54,83,Thalamus,PO,11,0.08414381677576482,19,1.7272727272727273,1185,0.016033755274261603,130.72856000000502,baseline_0-5
55,84,Thalamus,PO,0,0.0,0,0.0,1428,0.0,130.72856000000502,baseline_0-5
56,85,Thalamus,PO,53,0.4054202081014123,118,2.2264150943396226,1706,0.06916764361078546,130.72856000000502,baseline_0-5
57,86,Thalamus,PO,24,0.1835865093289414,46,1.9166666666666667,1636,0.028117359413202935,130.72856000000502,baseline_0-5
58,88,Thalamus,PO,1,0.007649437888705893,2,2.0,466,0.004291845493562232,130.72856000000502,baseline_0-5
59,90,Thalamus,PO,22,0.16828763355152965,48,2.1818181818181817,686,0.06997084548104957,130.72856000000502,baseline_0-5
60,92,Thalamus,PO,13,0.0994426925531766,28,2.1538461538461537,562,0.0498220640569395,130.72856000000502,baseline_0-5
61,95,Thalamus,PO,17,0.13004044410800017,39,2.2941176470588234,1155,0.033766233766233764,130.72856000000502,baseline_0-5
62,96,Thalamus,PO,4,0.030597751554823572,8,2.0,333,0.024024024024024024,130.72856000000502,baseline_0-5
63,97,Thalamus,PO,15,0.11474156833058839,30,2.0,419,0.07159904534606205,130.72856000000502,baseline_0-5
64,98,Thalamus,PO,35,0.26773032610470626,83,2.3714285714285714,1602,0.05181023720349563,130.72856000000502,baseline_0-5
65,99,Thalamus,PO,32,0.24478201243858858,75,2.34375,437,0.17162471395881007,130.72856000000502,baseline_0-5
66,102,Thalamus,PO,11,0.08414381677576482,26,2.3636363636363638,1382,0.01881331403762663,130.72856000000502,baseline_0-5
67,103,Thalamus,PO,6,0.04589662733223535,13,2.1666666666666665,868,0.014976958525345621,130.72856000000502,baseline_0-5
68,104,Thalamus,PO,14,0.1070921304418825,29,2.0714285714285716,238,0.12184873949579832,130.72856000000502,baseline_0-5
69,106,Thalamus,PO,13,0.0994426925531766,27,2.076923076923077,617,0.04376012965964344,130.72856000000502,baseline_0-5
70,108,Thalamus,PO,1,0.007649437888705893,1,1.0,962,0.0010395010395010396,130.72856000000502,baseline_0-5
71,109,Thalamus,PO,18,0.13768988199670606,49,2.7222222222222223,996,0.04919678714859438,130.72856000000502,baseline_0-5
72,111,Thalamus,PO,14,0.1070921304418825,34,2.4285714285714284,929,0.03659849300322928,130.72856000000502,baseline_0-5
73,112,Thalamus,PO,73,0.5584089658755301,183,2.506849315068493,1443,0.12681912681912683,130.72856000000502,baseline_0-5
74,114,Thalamus,PO,18,0.13768988199670606,39,2.1666666666666665,1061,0.036757775683317624,130.72856000000502,baseline_0-5
75,116,Thalamus,PO,33,0.25243145032729447,77,2.3333333333333335,1367,0.056327724945135334,130.72856000000502,baseline_0-5
76,117,Thalamus,PO,23,0.17593707144023554,53,2.3043478260869565,576,0.0920138888888889,130.72856000000502,baseline_0-5
77,120,Thalamus,PO,27,0.2065348229950591,51,1.8888888888888888,1834,0.027808069792802616,130.72856000000502,baseline_0-5
78,121,Thalamus,PO,3,0.022948313666117676,6,2.0,675,0.008888888888888889,130.72856000000502,baseline_0-5
79,124,Thalamus,PO,9,0.06884494099835303,17,1.8888888888888888,701,0.024251069900142655,130.72856000000502,baseline_0-5
80,125,Thalamus,PO,7,0.05354606522094125,15,2.142857142857143,615,0.024390243902439025,130.72856000000502,baseline_0-5
81,126,Thalamus,PO,5,0.038247189443529464,7,1.4,1154,0.006065857885615251,130.72856000000502,baseline_0-5
82,128,Thalamus,PO,36,0.27537976399341213,89,2.4722222222222223,674,0.13204747774480713,130.72856000000502,baseline_0-5
83,129,Thalamus,PO,5,0.038247189443529464,10,2.0,505,0.019801980198019802,130.72856000000502,baseline_0-5
84,131,Thalamus,PO,9,0.06884494099835303,21,2.3333333333333335,1208,0.0173841059602649,130.72856000000502,baseline_0-5
85,132,Thalamus,PO,3,0.022948313666117676,6,2.0,293,0.020477815699658702,130.72856000000502,baseline_0-5
86,133,Thalamus,PO,21,0.16063819566282375,49,2.3333333333333335,508,0.09645669291338582,130.72856000000502,baseline_0-5
87,134,Thalamus,PO,2,0.015298875777411786,3,1.5,553,0.0054249547920434,130.72856000000502,baseline_0-5
88,135,Thalamus,PO,6,0.04589662733223535,14,2.3333333333333335,1268,0.011041009463722398,130.72856000000502,baseline_0-5
89,138,Thalamus,PO,21,0.16063819566282375,44,2.0952380952380953,581,0.0757314974182444,130.72856000000502,baseline_0-5
90,139,Thalamus,PO,0,0.0,0,0.0,17,0.0,130.72856000000502,baseline_0-5
91,141,Thalamus,PO,15,0.11474156833058839,35,2.3333333333333335,969,0.03611971104231166,130.72856000000502,baseline_0-5
92,142,Thalamus,PO,10,0.07649437888705893,22,2.2,726,0.030303030303030304,130.72856000000502,baseline_0-5
93,144,Thalamus,PO,0,0.0,0,0.0,20,0.0,130.72856000000502,baseline_0-5
94,146,Thalamus,PO,7,0.05354606522094125,13,1.8571428571428572,375,0.034666666666666665,130.72856000000502,baseline_0-5
95,147,Thalamus,PO,5,0.038247189443529464,12,2.4,396,0.030303030303030304,130.72856000000502,baseline_0-5
96,148,Thalamus,PO,25,0.1912359472176473,41,1.64,1775,0.023098591549295774,130.72856000000502,baseline_0-5
97,149,Thalamus,PO,0,0.0,0,0.0,22,0.0,130.72856000000502,baseline_0-5
98,151,Thalamus,PO,14,0.1070921304418825,38,2.7142857142857144,603,0.06301824212271974,130.72856000000502,baseline_0-5
99,155,Thalamus,PO,10,0.07649437888705893,21,2.1,641,0.0327613104524181,130.72856000000502,baseline_0-5
100,157,Thalamus,PO,2,0.015298875777411786,2,1.0,1693,0.0011813349084465446,130.72856000000502,baseline_0-5
101,158,Thalamus,PO,5,0.038247189443529464,9,1.8,793,0.011349306431273645,130.72856000000502,baseline_0-5
102,162,Thalamus,PO,4,0.030597751554823572,7,1.75,972,0.00720164609053498,130.72856000000502,baseline_0-5
103,163,Thalamus,PO,6,0.04589662733223535,11,1.8333333333333333,841,0.013079667063020214,130.72856000000502,baseline_0-5
104,164,Thalamus,PO,0,0.0,0,0.0,148,0.0,130.72856000000502,baseline_0-5
105,166,Thalamus,PO,0,0.0,0,0.0,220,0.0,130.72856000000502,baseline_0-5
106,172,Thalamus,PO,3,0.022948313666117676,9,3.0,441,0.02040816326530612,130.72856000000502,baseline_0-5
107,173,Thalamus,PO,0,0.0,0,0.0,1654,0.0,130.72856000000502,baseline_0-5
108,175,Thalamus,PO,1,0.007649437888705893,1,1.0,453,0.002207505518763797,130.72856000000502,baseline_0-5
109,176,Thalamus,PO,0,0.0,0,0.0,410,0.0,130.72856000000502,baseline_0-5
110,178,Thalamus,PO,0,0.0,0,0.0,736,0.0,130.72856000000502,baseline_0-5
111,180,Thalamus,PO,5,0.038247189443529464,9,1.8,1450,0.006206896551724138,130.72856000000502,baseline_0-5
112,181,Thalamus,PO,0,0.0,0,0.0,1280,0.0,130.72856000000502,baseline_0-5
113,186,Thalamus,PO,1,0.007649437888705893,1,1.0,281,0.0035587188612099642,130.72856000000502,baseline_0-5
114,188,Thalamus,PO,1,0.007649437888705893,2,2.0,1592,0.001256281407035176,130.72856000000502,baseline_0-5
115,189,Thalamus,PO,0,0.0,0,0.0,2122,0.0,130.72856000000502,baseline_0-5
116,190,Thalamus,PO,2,0.015298875777411786,5,2.5,534,0.009363295880149813,130.72856000000502,baseline_0-5
117,192,Thalamus,PO,0,0.0,0,0.0,367,0.0,130.72856000000502,baseline_0-5
118,193,Thalamus,PO,1,0.007649437888705893,2,2.0,1131,0.0017683465959328027,130.72856000000502,baseline_0-5
119,194,Thalamus,PO,4,0.030597751554823572,6,1.5,2182,0.002749770852428964,130.72856000000502,baseline_0-5
120,195,Thalamus,PO,3,0.022948313666117676,6,2.0,1117,0.005371530886302597,130.72856000000502,baseline_0-5
121,196,Thalamus,PO,0,0.0,0,0.0,1,0.0,130.72856000000502,baseline_0-5
122,204,Thalamus,LD,3,0.022948313666117676,5,1.6666666666666667,1271,0.003933910306845004,130.72856000000502,baseline_0-5
123,207,Thalamus,LD,1,0.007649437888705893,1,1.0,1174,0.0008517887563884157,130.72856000000502,baseline_0-5
124,209,Thalamus,LD,9,0.06884494099835303,30,3.3333333333333335,1438,0.02086230876216968,130.72856000000502,baseline_0-5
125,210,Thalamus,LD,2,0.015298875777411786,3,1.5,1241,0.0024174053182917004,130.72856000000502,baseline_0-5
126,214,Thalamus,LD,10,0.07649437888705893,34,3.4,883,0.03850509626274066,130.72856000000502,baseline_0-5
127,216,Thalamus,LD,9,0.06884494099835303,28,3.111111111111111,1591,0.01759899434318039,130.72856000000502,baseline_0-5
128,221,Thalamus,LD,0,0.0,0,0.0,244,0.0,130.72856000000502,baseline_0-5
129,222,Thalamus,LD,9,0.06884494099835303,25,2.7777777777777777,1707,0.014645577035735208,130.72856000000502,baseline_0-5
130,224,Thalamus,LD,15,0.11474156833058839,40,2.6666666666666665,1414,0.028288543140028287,130.72856000000502,baseline_0-5
131,225,Thalamus,LD,38,0.2906786397708239,120,3.1578947368421053,1417,0.08468595624558928,130.72856000000502,baseline_0-5
132,226,Thalamus,LD,1,0.007649437888705893,1,1.0,134,0.007462686567164179,130.72856000000502,baseline_0-5
133,230,Thalamus,LD,25,0.1912359472176473,58,2.32,1799,0.032240133407448586,130.72856000000502,baseline_0-5
134,238,Other,DG-mo,14,0.1070921304418825,54,3.857142857142857,603,0.08955223880597014,130.72856000000502,baseline_0-5
135,239,Other,CA3,0,0.0,0,0.0,2177,0.0,130.72856000000502,baseline_0-5
136,240,Other,CA3,0,0.0,0,0.0,1090,0.0,130.72856000000502,baseline_0-5
137,241,Other,CA3,0,0.0,0,0.0,3223,0.0,130.72856000000502,baseline_0-5
138,243,Other,CA3,4,0.030597751554823572,13,3.25,34,0.38235294117647056,130.72856000000502,baseline_0-5
139,244,Other,CA3,0,0.0,0,0.0,1419,0.0,130.72856000000502,baseline_0-5
140,246,Other,CA3,3,0.022948313666117676,11,3.6666666666666665,46,0.2391304347826087,130.72856000000502,baseline_0-5
141,247,Other,CA3,14,0.1070921304418825,57,4.071428571428571,442,0.12895927601809956,130.72856000000502,baseline_0-5
142,248,Other,CA3,0,0.0,0,0.0,502,0.0,130.72856000000502,baseline_0-5
143,249,Other,CA3,0,0.0,0,0.0,22,0.0,130.72856000000502,baseline_0-5
144,251,Other,CA3,1,0.007649437888705893,4,4.0,3950,0.0010126582278481013,130.72856000000502,baseline_0-5
145,253,Other,DG-po,0,0.0,0,0.0,0,0.0,130.72856000000502,baseline_0-5
146,262,Other,CA1,0,0.0,0,0.0,20,0.0,130.72856000000502,baseline_0-5
147,263,Other,CA1,0,0.0,0,0.0,161,0.0,130.72856000000502,baseline_0-5
148,264,Other,CA1,4,0.030597751554823572,12,3.0,3335,0.003598200899550225,130.72856000000502,baseline_0-5
149,270,Other,CA1,5,0.038247189443529464,17,3.4,2178,0.007805325987144169,130.72856000000502,baseline_0-5
150,283,Other,CA1,0,0.0,0,0.0,554,0.0,130.72856000000502,baseline_0-5
151,291,Other,CA1,0,0.0,0,0.0,3,0.0,130.72856000000502,baseline_0-5
152,300,Other,cing,1,0.007649437888705893,4,4.0,627,0.006379585326953748,130.72856000000502,baseline_0-5
153,305,Somatosensory,SSp-tr6a,0,0.0,0,0.0,559,0.0,130.72856000000502,baseline_0-5
154,308,Somatosensory,SSp-tr6a,0,0.0,0,0.0,952,0.0,130.72856000000502,baseline_0-5
155,309,Somatosensory,SSp-tr6a,0,0.0,0,0.0,234,0.0,130.72856000000502,baseline_0-5
156,310,Somatosensory,SSp-tr6a,0,0.0,0,0.0,33,0.0,130.72856000000502,baseline_0-5
157,311,Somatosensory,SSp-tr6a,0,0.0,0,0.0,120,0.0,130.72856000000502,baseline_0-5
158,316,Somatosensory,SSp-tr6a,0,0.0,0,0.0,270,0.0,130.72856000000502,baseline_0-5
159,317,Somatosensory,SSp-tr6a,0,0.0,0,0.0,116,0.0,130.72856000000502,baseline_0-5
160,318,Somatosensory,SSp-tr6a,22,0.16828763355152965,109,4.954545454545454,813,0.13407134071340712,130.72856000000502,baseline_0-5
161,322,Somatosensory,SSp-tr6a,0,0.0,0,0.0,463,0.0,130.72856000000502,baseline_0-5
162,324,Somatosensory,SSp-tr6a,0,0.0,0,0.0,33,0.0,130.72856000000502,baseline_0-5
163,326,Somatosensory,SSp-tr6a,0,0.0,0,0.0,8,0.0,130.72856000000502,baseline_0-5
164,332,Somatosensory,SSp-tr5,0,0.0,0,0.0,387,0.0,130.72856000000502,baseline_0-5
165,333,Somatosensory,SSp-tr5,5,0.038247189443529464,15,3.0,1014,0.014792899408284023,130.72856000000502,baseline_0-5
166,337,Somatosensory,SSp-tr5,0,0.0,0,0.0,81,0.0,130.72856000000502,baseline_0-5
167,338,Somatosensory,SSp-tr5,0,0.0,0,0.0,8,0.0,130.72856000000502,baseline_0-5
168,339,Somatosensory,SSp-tr5,0,0.0,0,0.0,153,0.0,130.72856000000502,baseline_0-5
169,340,Somatosensory,SSp-tr5,1,0.007649437888705893,3,3.0,647,0.00463678516228748,130.72856000000502,baseline_0-5
170,341,Somatosensory,SSp-tr5,0,0.0,0,0.0,203,0.0,130.72856000000502,baseline_0-5
171,343,Somatosensory,SSp-tr5,0,0.0,0,0.0,75,0.0,130.72856000000502,baseline_0-5
172,346,Somatosensory,SSp-tr5,0,0.0,0,0.0,1673,0.0,130.72856000000502,baseline_0-5
173,348,Somatosensory,SSp-tr5,1,0.007649437888705893,5,5.0,720,0.006944444444444444,130.72856000000502,baseline_0-5
174,349,Somatosensory,SSp-tr5,0,0.0,0,0.0,276,0.0,130.72856000000502,baseline_0-5
175,353,Somatosensory,SSp-tr5,0,0.0,0,0.0,564,0.0,130.72856000000502,baseline_0-5
176,355,Somatosensory,SSp-tr5,1,0.007649437888705893,3,3.0,356,0.008426966292134831,130.72856000000502,baseline_0-5
177,356,Somatosensory,SSp-tr5,1,0.007649437888705893,3,3.0,1096,0.002737226277372263,130.72856000000502,baseline_0-5
178,359,Somatosensory,SSp-tr5,0,0.0,0,0.0,312,0.0,130.72856000000502,baseline_0-5
179,361,Somatosensory,SSp-tr5,0,0.0,0,0.0,351,0.0,130.72856000000502,baseline_0-5
180,362,Other,VISa5,0,0.0,0,0.0,119,0.0,130.72856000000502,baseline_0-5
181,363,Other,VISa5,0,0.0,0,0.0,275,0.0,130.72856000000502,baseline_0-5
182,364,Other,VISa5,0,0.0,0,0.0,730,0.0,130.72856000000502,baseline_0-5
183,365,Other,VISa5,0,0.0,0,0.0,64,0.0,130.72856000000502,baseline_0-5
184,366,Other,VISa5,6,0.04589662733223535,18,3.0,1247,0.014434643143544507,130.72856000000502,baseline_0-5
185,367,Other,VISa5,0,0.0,0,0.0,475,0.0,130.72856000000502,baseline_0-5
186,373,Other,VISa5,0,0.0,0,0.0,210,0.0,130.72856000000502,baseline_0-5
187,376,Other,VISa4,0,0.0,0,0.0,342,0.0,130.72856000000502,baseline_0-5
188,377,Other,VISa4,2,0.015298875777411786,6,3.0,592,0.010135135135135136,130.72856000000502,baseline_0-5
189,383,Other,VISa2/3,0,0.0,0,0.0,37,0.0,130.72856000000502,baseline_0-5
190,384,Other,VISa2/3,0,0.0,0,0.0,21,0.0,130.72856000000502,baseline_0-5
191,390,Other,VISa2/3,0,0.0,0,0.0,165,0.0,130.72856000000502,baseline_0-5
192,391,Other,VISa2/3,0,0.0,0,0.0,120,0.0,130.72856000000502,baseline_0-5
193,398,Other,VISa2/3,0,0.0,0,0.0,2,0.0,130.72856000000502,baseline_0-5
194,399,Other,VISa2/3,0,0.0,0,0.0,3,0.0,130.72856000000502,baseline_0-5
195,400,Other,VISa2/3,0,0.0,0,0.0,2,0.0,130.72856000000502,baseline_0-5
196,401,Other,VISa2/3,0,0.0,0,0.0,12,0.0,130.72856000000502,baseline_0-5
197,405,Other,VISa2/3,0,0.0,0,0.0,42,0.0,130.72856000000502,baseline_0-5
198,413,Thalamus,PO,0,0.0,0,0.0,57,0.0,130.72856000000502,baseline_0-5
199,415,Thalamus,PO,4,0.030597751554823572,10,2.5,1164,0.00859106529209622,130.72856000000502,baseline_0-5
200,418,Thalamus,PO,10,0.07649437888705893,20,2.0,581,0.03442340791738382,130.72856000000502,baseline_0-5
201,421,Thalamus,PO,7,0.05354606522094125,17,2.4285714285714284,397,0.042821158690176324,130.72856000000502,baseline_0-5
202,422,Thalamus,PO,16,0.12239100621929429,28,1.75,1097,0.02552415679124886,130.72856000000502,baseline_0-5
203,423,Thalamus,PO,1,0.007649437888705893,2,2.0,209,0.009569377990430622,130.72856000000502,baseline_0-5
204,424,Thalamus,PO,0,0.0,0,0.0,18,0.0,130.72856000000502,baseline_0-5
205,426,Thalamus,PO,11,0.08414381677576482,20,1.8181818181818181,691,0.02894356005788712,130.72856000000502,baseline_0-5
206,427,Thalamus,PO,2,0.015298875777411786,4,2.0,163,0.024539877300613498,130.72856000000502,baseline_0-5
207,428,Thalamus,PO,4,0.030597751554823572,9,2.25,695,0.012949640287769784,130.72856000000502,baseline_0-5
208,429,Thalamus,PO,0,0.0,0,0.0,16,0.0,130.72856000000502,baseline_0-5
209,433,Thalamus,PO,1,0.007649437888705893,1,1.0,767,0.001303780964797914,130.72856000000502,baseline_0-5
210,436,Thalamus,PO,4,0.030597751554823572,12,3.0,1497,0.008016032064128256,130.72856000000502,baseline_0-5
211,438,Thalamus,PO,1,0.007649437888705893,1,1.0,1624,0.0006157635467980296,130.72856000000502,baseline_0-5
212,439,Thalamus,LD,6,0.04589662733223535,15,2.5,1076,0.013940520446096654,130.72856000000502,baseline_0-5
213,440,Thalamus,LD,18,0.13768988199670606,43,2.388888888888889,1524,0.02821522309711286,130.72856000000502,baseline_0-5
214,443,Other,DG-mo,0,0.0,0,0.0,1,0.0,130.72856000000502,baseline_0-5
215,446,Other,CA3,1,0.007649437888705893,6,6.0,32,0.1875,130.72856000000502,baseline_0-5
216,448,Other,CA3,0,0.0,0,0.0,814,0.0,130.72856000000502,baseline_0-5
217,454,Other,CA1,0,0.0,0,0.0,27,0.0,130.72856000000502,baseline_0-5
218,456,Somatosensory,SSp-tr5,0,0.0,0,0.0,49,0.0,130.72856000000502,baseline_0-5
219,457,Other,VISa5,0,0.0,0,0.0,458,0.0,130.72856000000502,baseline_0-5
220,458,Other,VISa5,0,0.0,0,0.0,62,0.0,130.72856000000502,baseline_0-5
221,463,Other,VISa2/3,0,0.0,0,0.0,5,0.0,130.72856000000502,baseline_0-5
222,465,Other,VISa2/3,0,0.0,0,0.0,12,0.0,130.72856000000502,baseline_0-5
223,466,Other,VISa2/3,0,0.0,0,0.0,0,0.0,130.72856000000502,baseline_0-5
224,467,Other,VISa2/3,0,0.0,0,0.0,2,0.0,130.72856000000502,baseline_0-5
225,468,Other,VISa2/3,0,0.0,0,0.0,7,0.0,130.72856000000502,baseline_0-5
226,472,Other,CA1,0,0.0,0,0.0,6,0.0,130.72856000000502,baseline_0-5
227,473,Other,VISa2/3,0,0.0,0,0.0,13,0.0,130.72856000000502,baseline_0-5
228,476,Thalamus,PO,38,0.2906786397708239,86,2.263157894736842,995,0.0864321608040201,130.72856000000502,baseline_0-5
229,478,Thalamus,PO,21,0.16063819566282375,42,2.0,675,0.06222222222222222,130.72856000000502,baseline_0-5
230,479,Thalamus,PO,2,0.015298875777411786,4,2.0,415,0.00963855421686747,130.72856000000502,baseline_0-5
231,480,Other,DG-po,1,0.007649437888705893,6,6.0,40,0.15,130.72856000000502,baseline_0-5
232,481,Somatosensory,SSp-tr6a,30,0.22948313666117678,152,5.066666666666666,320,0.475,130.72856000000502,baseline_0-5
233,482,Other,VISa2/3,0,0.0,0,0.0,5,0.0,130.72856000000502,baseline_0-5
234,484,Other,VISa2/3,0,0.0,0,0.0,2,0.0,130.72856000000502,baseline_0-5
235,485,Other,VISa2/3,0,0.0,0,0.0,0,0.0,130.72856000000502,baseline_0-5
236,497,Other,ccb,2,0.015298875777411786,7,3.5,160,0.04375,130.72856000000502,baseline_0-5
237,499,STR,ACB,0,0.0,0,0.0,137,0.0,130.72856000000502,baseline_0-5
238,500,STR,ACB,5,0.038247189443529464,15,3.0,817,0.01835985312117503,130.72856000000502,baseline_0-5
239,502,STR,ACB,14,0.1070921304418825,46,3.2857142857142856,812,0.05665024630541872,130.72856000000502,baseline_0-5
240,506,STR,ACB,0,0.0,0,0.0,60,0.0,130.72856000000502,baseline_0-5
241,507,STR,ACB,0,0.0,0,0.0,0,0.0,130.72856000000502,baseline_0-5
242,508,STR,ACB,8,0.061195503109647144,32,4.0,1310,0.024427480916030534,130.72856000000502,baseline_0-5
243,509,STR,ACB,32,0.24478201243858858,138,4.3125,4723,0.029218716917213637,130.72856000000502,baseline_0-5
244,510,STR,ACB,0,0.0,0,0.0,119,0.0,130.72856000000502,baseline_0-5
245,511,STR,ACB,4,0.030597751554823572,14,3.5,1138,0.012302284710017574,130.72856000000502,baseline_0-5
246,514,STR,ACB,12,0.0917932546644707,39,3.25,643,0.060653188180404355,130.72856000000502,baseline_0-5
247,516,STR,ACB,4,0.030597751554823572,16,4.0,199,0.08040201005025126,130.72856000000502,baseline_0-5
248,517,STR,ACB,8,0.061195503109647144,27,3.375,1015,0.026600985221674877,130.72856000000502,baseline_0-5
249,518,STR,ACB,7,0.05354606522094125,23,3.2857142857142856,575,0.04,130.72856000000502,baseline_0-5
250,519,STR,ACB,13,0.0994426925531766,44,3.3846153846153846,835,0.05269461077844311,130.72856000000502,baseline_0-5
251,524,STR,ACB,6,0.04589662733223535,21,3.5,2350,0.008936170212765958,130.72856000000502,baseline_0-5
252,525,STR,ACB,6,0.04589662733223535,27,4.5,157,0.17197452229299362,130.72856000000502,baseline_0-5
253,526,STR,ACB,0,0.0,0,0.0,905,0.0,130.72856000000502,baseline_0-5
254,527,STR,ACB,4,0.030597751554823572,12,3.0,1384,0.008670520231213872,130.72856000000502,baseline_0-5
255,530,STR,ACB,33,0.25243145032729447,131,3.9696969696969697,950,0.13789473684210526,130.72856000000502,baseline_0-5
256,532,STR,ACB,0,0.0,0,0.0,293,0.0,130.72856000000502,baseline_0-5
257,534,STR,ACB,0,0.0,0,0.0,837,0.0,130.72856000000502,baseline_0-5
258,543,STR,ACB,3,0.022948313666117676,9,3.0,760,0.011842105263157895,130.72856000000502,baseline_0-5
259,544,STR,ACB,0,0.0,0,0.0,8,0.0,130.72856000000502,baseline_0-5
260,545,STR,ACB,10,0.07649437888705893,33,3.3,1890,0.01746031746031746,130.72856000000502,baseline_0-5
261,546,STR,ACB,0,0.0,0,0.0,64,0.0,130.72856000000502,baseline_0-5
262,547,STR,ACB,0,0.0,0,0.0,706,0.0,130.72856000000502,baseline_0-5
263,548,STR,ACB,0,0.0,0,0.0,11,0.0,130.72856000000502,baseline_0-5
264,549,STR,ACB,15,0.11474156833058839,57,3.8,2139,0.02664796633941094,130.72856000000502,baseline_0-5
265,550,STR,ACB,0,0.0,0,0.0,3,0.0,130.72856000000502,baseline_0-5
266,553,STR,ACB,8,0.061195503109647144,29,3.625,1659,0.017480409885473176,130.72856000000502,baseline_0-5
267,556,STR,ACB,0,0.0,0,0.0,33,0.0,130.72856000000502,baseline_0-5
268,558,STR,ACB,37,0.28302920188211805,121,3.27027027027027,1177,0.102803738317757,130.72856000000502,baseline_0-5
269,559,STR,ACB,1,0.007649437888705893,3,3.0,312,0.009615384615384616,130.72856000000502,baseline_0-5
270,560,STR,ACB,9,0.06884494099835303,27,3.0,689,0.03918722786647315,130.72856000000502,baseline_0-5
271,562,STR,ACB,4,0.030597751554823572,14,3.5,176,0.07954545454545454,130.72856000000502,baseline_0-5
272,563,STR,ACB,0,0.0,0,0.0,6,0.0,130.72856000000502,baseline_0-5
273,564,STR,ACB,14,0.1070921304418825,46,3.2857142857142856,834,0.05515587529976019,130.72856000000502,baseline_0-5
274,565,STR,ACB,0,0.0,0,0.0,54,0.0,130.72856000000502,baseline_0-5
275,566,STR,ACB,0,0.0,0,0.0,373,0.0,130.72856000000502,baseline_0-5
276,567,STR,ACB,8,0.061195503109647144,28,3.5,1426,0.019635343618513323,130.72856000000502,baseline_0-5
277,568,STR,ACB,0,0.0,0,0.0,5,0.0,130.72856000000502,baseline_0-5
278,571,STR,ACB,5,0.038247189443529464,16,3.2,770,0.02077922077922078,130.72856000000502,baseline_0-5
279,573,STR,ACB,0,0.0,0,0.0,0,0.0,130.72856000000502,baseline_0-5
280,575,STR,ACB,0,0.0,0,0.0,161,0.0,130.72856000000502,baseline_0-5
281,576,STR,ACB,0,0.0,0,0.0,759,0.0,130.72856000000502,baseline_0-5
282,577,STR,ACB,0,0.0,0,0.0,1609,0.0,130.72856000000502,baseline_0-5
283,578,STR,ACB,0,0.0,0,0.0,4,0.0,130.72856000000502,baseline_0-5
284,579,STR,ACB,28,0.214184260883765,93,3.3214285714285716,1427,0.06517168885774352,130.72856000000502,baseline_0-5
285,582,STR,STR,0,0.0,0,0.0,327,0.0,130.72856000000502,baseline_0-5
286,583,STR,STR,0,0.0,0,0.0,163,0.0,130.72856000000502,baseline_0-5
287,584,STR,STR,0,0.0,0,0.0,277,0.0,130.72856000000502,baseline_0-5
288,586,STR,STR,0,0.0,0,0.0,400,0.0,130.72856000000502,baseline_0-5
289,587,Other,OLF,0,0.0,0,0.0,449,0.0,130.72856000000502,baseline_0-5
290,588,Other,OLF,0,0.0,0,0.0,1676,0.0,130.72856000000502,baseline_0-5
291,592,Other,OLF,0,0.0,0,0.0,873,0.0,130.72856000000502,baseline_0-5
292,593,Other,OLF,0,0.0,0,0.0,272,0.0,130.72856000000502,baseline_0-5
293,594,Other,OLF,1,0.007649437888705893,3,3.0,845,0.0035502958579881655,130.72856000000502,baseline_0-5
294,596,Other,OLF,0,0.0,0,0.0,525,0.0,130.72856000000502,baseline_0-5
295,598,Other,OLF,0,0.0,0,0.0,5,0.0,130.72856000000502,baseline_0-5
296,599,Other,OLF,0,0.0,0,0.0,164,0.0,130.72856000000502,baseline_0-5
297,600,Other,OLF,1,0.007649437888705893,4,4.0,2507,0.0015955325089748703,130.72856000000502,baseline_0-5
298,612,Other,OLF,0,0.0,0,0.0,236,0.0,130.72856000000502,baseline_0-5
299,616,Other,OLF,0,0.0,0,0.0,4,0.0,130.72856000000502,baseline_0-5
300,620,Other,OLF,0,0.0,0,0.0,564,0.0,130.72856000000502,baseline_0-5
301,621,Other,OLF,0,0.0,0,0.0,538,0.0,130.72856000000502,baseline_0-5
302,622,Other,ORBl6a,0,0.0,0,0.0,54,0.0,130.72856000000502,baseline_0-5
303,623,Other,ORBl5,0,0.0,0,0.0,513,0.0,130.72856000000502,baseline_0-5
304,624,Other,ORBl6a,1,0.007649437888705893,3,3.0,659,0.004552352048558422,130.72856000000502,baseline_0-5
305,627,Other,ORBl5,0,0.0,0,0.0,111,0.0,130.72856000000502,baseline_0-5
306,628,Other,ORBl5,0,0.0,0,0.0,0,0.0,130.72856000000502,baseline_0-5
307,632,Other,ORBl5,1,0.007649437888705893,8,8.0,1324,0.006042296072507553,130.72856000000502,baseline_0-5
308,633,Other,ORBl5,2,0.015298875777411786,8,4.0,585,0.013675213675213675,130.72856000000502,baseline_0-5
309,634,Other,ORBl5,0,0.0,0,0.0,1,0.0,130.72856000000502,baseline_0-5
310,635,Other,ORBl5,0,0.0,0,0.0,22,0.0,130.72856000000502,baseline_0-5
311,636,Other,ORBl5,1,0.007649437888705893,3,3.0,22,0.13636363636363635,130.72856000000502,baseline_0-5
312,639,Other,ORBl5,0,0.0,0,0.0,355,0.0,130.72856000000502,baseline_0-5
313,640,Other,ORBl5,0,0.0,0,0.0,755,0.0,130.72856000000502,baseline_0-5
314,641,Other,ORBl5,1,0.007649437888705893,3,3.0,337,0.008902077151335312,130.72856000000502,baseline_0-5
315,642,Other,ORBl5,0,0.0,0,0.0,0,0.0,130.72856000000502,baseline_0-5
316,643,Other,ORBl5,3,0.022948313666117676,10,3.3333333333333335,165,0.06060606060606061,130.72856000000502,baseline_0-5
317,644,Other,ORBl5,0,0.0,0,0.0,833,0.0,130.72856000000502,baseline_0-5
318,646,Other,ORBl5,4,0.030597751554823572,14,3.5,931,0.015037593984962405,130.72856000000502,baseline_0-5
319,648,Other,ORBl5,0,0.0,0,0.0,153,0.0,130.72856000000502,baseline_0-5
320,650,Other,ORBl5,0,0.0,0,0.0,116,0.0,130.72856000000502,baseline_0-5
321,651,Other,ORBl5,0,0.0,0,0.0,361,0.0,130.72856000000502,baseline_0-5
322,652,Other,ORBl5,0,0.0,0,0.0,2018,0.0,130.72856000000502,baseline_0-5
323,657,Other,ORBl5,4,0.030597751554823572,15,3.75,523,0.028680688336520075,130.72856000000502,baseline_0-5
324,658,Other,ORBl5,0,0.0,0,0.0,28,0.0,130.72856000000502,baseline_0-5
325,661,Other,ORBl5,0,0.0,0,0.0,138,0.0,130.72856000000502,baseline_0-5
326,662,Other,ORBl5,92,0.7037482857609422,460,5.0,1058,0.43478260869565216,130.72856000000502,baseline_0-5
327,663,Other,ORBl5,1,0.007649437888705893,5,5.0,78,0.0641025641025641,130.72856000000502,baseline_0-5
328,664,Other,ORBl5,7,0.05354606522094125,34,4.857142857142857,336,0.10119047619047619,130.72856000000502,baseline_0-5
329,665,Other,ORBl5,1,0.007649437888705893,3,3.0,693,0.004329004329004329,130.72856000000502,baseline_0-5
330,666,Other,ORBl5,2,0.015298875777411786,6,3.0,1058,0.005671077504725898,130.72856000000502,baseline_0-5
331,669,Other,ORBl6a,0,0.0,0,0.0,1860,0.0,130.72856000000502,baseline_0-5
332,671,Other,ORBl5,1,0.007649437888705893,3,3.0,174,0.017241379310344827,130.72856000000502,baseline_0-5
333,673,Other,ORBl5,0,0.0,0,0.0,361,0.0,130.72856000000502,baseline_0-5
334,677,Other,ORBl5,1,0.007649437888705893,3,3.0,394,0.007614213197969543,130.72856000000502,baseline_0-5
335,678,Other,ORBl5,0,0.0,0,0.0,19,0.0,130.72856000000502,baseline_0-5
336,679,Other,ORBl5,0,0.0,0,0.0,77,0.0,130.72856000000502,baseline_0-5
337,681,Other,ORBl6a,0,0.0,0,0.0,74,0.0,130.72856000000502,baseline_0-5
338,684,Other,ORBl6a,0,0.0,0,0.0,156,0.0,130.72856000000502,baseline_0-5
339,685,Other,ORBl6a,6,0.04589662733223535,22,3.6666666666666665,1477,0.014895057549085985,130.72856000000502,baseline_0-5
340,688,Other,ORBl6a,1,0.007649437888705893,4,4.0,299,0.013377926421404682,130.72856000000502,baseline_0-5
341,689,Other,ORBl6a,4,0.030597751554823572,18,4.5,254,0.07086614173228346,130.72856000000502,baseline_0-5
342,690,Other,ORBl6a,2,0.015298875777411786,6,3.0,307,0.019543973941368076,130.72856000000502,baseline_0-5
343,692,Other,ORBl6a,3,0.022948313666117676,25,8.333333333333334,208,0.1201923076923077,130.72856000000502,baseline_0-5
344,694,Other,ORBl6a,3,0.022948313666117676,12,4.0,167,0.0718562874251497,130.72856000000502,baseline_0-5
345,696,Other,ORBl6a,3,0.022948313666117676,14,4.666666666666667,1254,0.011164274322169059,130.72856000000502,baseline_0-5
346,698,Other,ORBl6a,0,0.0,0,0.0,38,0.0,130.72856000000502,baseline_0-5
347,700,Other,ORBl6a,0,0.0,0,0.0,62,0.0,130.72856000000502,baseline_0-5
348,701,Other,ORBl6a,0,0.0,0,0.0,859,0.0,130.72856000000502,baseline_0-5
349,703,Other,ORBl6a,0,0.0,0,0.0,17,0.0,130.72856000000502,baseline_0-5
350,706,Other,ORBl6a,0,0.0,0,0.0,11,0.0,130.72856000000502,baseline_0-5
351,707,Other,ORBl6a,0,0.0,0,0.0,2,0.0,130.72856000000502,baseline_0-5
352,709,Other,ORBl6a,1,0.007649437888705893,3,3.0,882,0.003401360544217687,130.72856000000502,baseline_0-5
353,710,Other,ORBl6a,0,0.0,0,0.0,67,0.0,130.72856000000502,baseline_0-5
354,711,Other,ORBl6a,0,0.0,0,0.0,83,0.0,130.72856000000502,baseline_0-5
355,712,Other,ORBl6a,2,0.015298875777411786,6,3.0,2217,0.0027063599458728013,130.72856000000502,baseline_0-5
356,714,Other,ORBl6a,0,0.0,0,0.0,1899,0.0,130.72856000000502,baseline_0-5
357,715,Other,ORBl6a,0,0.0,0,0.0,198,0.0,130.72856000000502,baseline_0-5
358,718,Other,ORBl6a,2,0.015298875777411786,8,4.0,775,0.01032258064516129,130.72856000000502,baseline_0-5
359,719,Other,ORBl6a,0,0.0,0,0.0,350,0.0,130.72856000000502,baseline_0-5
360,720,Other,ORBl6a,21,0.16063819566282375,86,4.095238095238095,1337,0.0643231114435303,130.72856000000502,baseline_0-5
361,721,Other,ORBl6a,1,0.007649437888705893,3,3.0,531,0.005649717514124294,130.72856000000502,baseline_0-5
362,725,Other,ORBl6a,0,0.0,0,0.0,18,0.0,130.72856000000502,baseline_0-5
363,726,Other,ORBl6a,0,0.0,0,0.0,168,0.0,130.72856000000502,baseline_0-5
364,727,Other,ORBl6a,0,0.0,0,0.0,133,0.0,130.72856000000502,baseline_0-5
365,728,Other,ORBl6a,7,0.05354606522094125,23,3.2857142857142856,759,0.030303030303030304,130.72856000000502,baseline_0-5
366,729,Other,ORBl6a,0,0.0,0,0.0,32,0.0,130.72856000000502,baseline_0-5
367,730,Other,ORBl6a,0,0.0,0,0.0,160,0.0,130.72856000000502,baseline_0-5
368,734,Other,ORBl6a,5,0.038247189443529464,17,3.4,175,0.09714285714285714,130.72856000000502,baseline_0-5
369,735,Other,ORBl6a,1,0.007649437888705893,5,5.0,69,0.07246376811594203,130.72856000000502,baseline_0-5
370,736,Other,ORBl6a,0,0.0,0,0.0,54,0.0,130.72856000000502,baseline_0-5
371,738,Other,ORBl6b,0,0.0,0,0.0,14,0.0,130.72856000000502,baseline_0-5
372,740,Other,ORBl6b,0,0.0,0,0.0,175,0.0,130.72856000000502,baseline_0-5
373,744,Other,ORBl6b,0,0.0,0,0.0,10,0.0,130.72856000000502,baseline_0-5
374,746,Other,scwm,56,0.42836852176753,292,5.214285714285714,3529,0.08274298668177954,130.72856000000502,baseline_0-5
375,747,Other,ORBl6b,0,0.0,0,0.0,4,0.0,130.72856000000502,baseline_0-5
376,753,Other,scwm,0,0.0,0,0.0,4,0.0,130.72856000000502,baseline_0-5
377,755,Other,scwm,0,0.0,0,0.0,1406,0.0,130.72856000000502,baseline_0-5
378,756,Other,scwm,0,0.0,0,0.0,76,0.0,130.72856000000502,baseline_0-5
379,758,Other,ORBl6b,0,0.0,0,0.0,14,0.0,130.72856000000502,baseline_0-5
380,760,Other,ORBl6b,0,0.0,0,0.0,5,0.0,130.72856000000502,baseline_0-5
381,761,Other,ORBl6b,0,0.0,0,0.0,52,0.0,130.72856000000502,baseline_0-5
382,762,Other,ORBl6b,0,0.0,0,0.0,28,0.0,130.72856000000502,baseline_0-5
383,764,Other,AId6a,0,0.0,0,0.0,187,0.0,130.72856000000502,baseline_0-5
384,765,Other,AId6a,0,0.0,0,0.0,89,0.0,130.72856000000502,baseline_0-5
385,768,Other,AId6a,0,0.0,0,0.0,30,0.0,130.72856000000502,baseline_0-5
386,769,Other,AId6a,3,0.022948313666117676,9,3.0,1151,0.007819287576020852,130.72856000000502,baseline_0-5
387,771,Other,AId6a,0,0.0,0,0.0,156,0.0,130.72856000000502,baseline_0-5
388,773,Other,AId6a,0,0.0,0,0.0,15,0.0,130.72856000000502,baseline_0-5
389,779,Motor,MOs6a,0,0.0,0,0.0,0,0.0,130.72856000000502,baseline_0-5
390,780,Other,AId6a,0,0.0,0,0.0,209,0.0,130.72856000000502,baseline_0-5
391,781,Motor,MOs6a,0,0.0,0,0.0,334,0.0,130.72856000000502,baseline_0-5
392,784,Motor,MOs6a,0,0.0,0,0.0,63,0.0,130.72856000000502,baseline_0-5
393,787,Motor,MOs6a,2,0.015298875777411786,10,5.0,914,0.010940919037199124,130.72856000000502,baseline_0-5
394,788,Motor,MOs6a,0,0.0,0,0.0,182,0.0,130.72856000000502,baseline_0-5
395,792,Motor,MOs6a,2,0.015298875777411786,6,3.0,892,0.006726457399103139,130.72856000000502,baseline_0-5
396,796,Motor,MOs6a,0,0.0,0,0.0,1,0.0,130.72856000000502,baseline_0-5
397,798,Motor,MOs6a,1,0.007649437888705893,3,3.0,67,0.04477611940298507,130.72856000000502,baseline_0-5
398,799,Motor,MOs6a,0,0.0,0,0.0,7,0.0,130.72856000000502,baseline_0-5
399,803,Motor,MOs6a,0,0.0,0,0.0,144,0.0,130.72856000000502,baseline_0-5
400,804,Motor,MOs6a,0,0.0,0,0.0,240,0.0,130.72856000000502,baseline_0-5
401,808,Motor,MOs6a,0,0.0,0,0.0,357,0.0,130.72856000000502,baseline_0-5
402,809,Motor,MOs6a,0,0.0,0,0.0,638,0.0,130.72856000000502,baseline_0-5
403,816,Motor,MOs6a,0,0.0,0,0.0,115,0.0,130.72856000000502,baseline_0-5
404,817,Motor,MOs6a,0,0.0,0,0.0,61,0.0,130.72856000000502,baseline_0-5
405,818,Motor,MOs6a,1,0.007649437888705893,4,4.0,235,0.01702127659574468,130.72856000000502,baseline_0-5
406,826,Motor,MOs6a,1,0.007649437888705893,4,4.0,452,0.008849557522123894,130.72856000000502,baseline_0-5
407,827,Motor,MOs6a,5,0.038247189443529464,18,3.6,4155,0.004332129963898917,130.72856000000502,baseline_0-5
408,828,Motor,MOs6a,0,0.0,0,0.0,138,0.0,130.72856000000502,baseline_0-5
409,829,Motor,MOs6a,1,0.007649437888705893,3,3.0,1607,0.001866832607342875,130.72856000000502,baseline_0-5
410,830,Motor,MOs6a,1,0.007649437888705893,3,3.0,252,0.011904761904761904,130.72856000000502,baseline_0-5
411,832,Motor,MOs6a,0,0.0,0,0.0,153,0.0,130.72856000000502,baseline_0-5
412,834,Motor,MOs6a,0,0.0,0,0.0,118,0.0,130.72856000000502,baseline_0-5
413,839,Motor,MOs5,2,0.015298875777411786,6,3.0,357,0.01680672268907563,130.72856000000502,baseline_0-5
414,840,Motor,MOs5,0,0.0,0,0.0,65,0.0,130.72856000000502,baseline_0-5
415,845,Motor,MOs5,4,0.030597751554823572,17,4.25,222,0.07657657657657657,130.72856000000502,baseline_0-5
416,849,Motor,MOs5,5,0.038247189443529464,21,4.2,1663,0.012627781118460614,130.72856000000502,baseline_0-5
417,854,Motor,MOs5,0,0.0,0,0.0,2,0.0,130.72856000000502,baseline_0-5
418,857,Motor,MOs5,0,0.0,0,0.0,1349,0.0,130.72856000000502,baseline_0-5
419,859,Motor,MOs5,3,0.022948313666117676,9,3.0,333,0.02702702702702703,130.72856000000502,baseline_0-5
420,861,Motor,MOs5,8,0.061195503109647144,28,3.5,846,0.03309692671394799,130.72856000000502,baseline_0-5
421,862,Motor,MOs5,5,0.038247189443529464,18,3.6,119,0.15126050420168066,130.72856000000502,baseline_0-5
422,864,Motor,MOs5,3,0.022948313666117676,9,3.0,275,0.03272727272727273,130.72856000000502,baseline_0-5
423,868,Motor,MOp5,3,0.022948313666117676,9,3.0,1830,0.004918032786885246,130.72856000000502,baseline_0-5
424,869,Motor,MOp5,0,0.0,0,0.0,68,0.0,130.72856000000502,baseline_0-5
425,873,Motor,MOp5,0,0.0,0,0.0,146,0.0,130.72856000000502,baseline_0-5
426,874,Motor,MOp5,4,0.030597751554823572,13,3.25,715,0.01818181818181818,130.72856000000502,baseline_0-5
427,875,Motor,MOp5,7,0.05354606522094125,21,3.0,391,0.05370843989769821,130.72856000000502,baseline_0-5
428,876,Motor,MOp5,0,0.0,0,0.0,316,0.0,130.72856000000502,baseline_0-5
429,878,Motor,MOs5,5,0.038247189443529464,15,3.0,918,0.016339869281045753,130.72856000000502,baseline_0-5
430,881,Motor,MOp5,1,0.007649437888705893,3,3.0,853,0.0035169988276670576,130.72856000000502,baseline_0-5
431,882,Motor,MOs5,0,0.0,0,0.0,197,0.0,130.72856000000502,baseline_0-5
432,883,Motor,MOs5,0,0.0,0,0.0,392,0.0,130.72856000000502,baseline_0-5
433,884,Motor,MOs5,1,0.007649437888705893,4,4.0,1493,0.0026791694574681848,130.72856000000502,baseline_0-5
434,887,Motor,MOp5,0,0.0,0,0.0,571,0.0,130.72856000000502,baseline_0-5
435,891,Motor,MOp5,0,0.0,0,0.0,105,0.0,130.72856000000502,baseline_0-5
436,892,Motor,MOp5,0,0.0,0,0.0,111,0.0,130.72856000000502,baseline_0-5
437,893,Motor,MOp5,0,0.0,0,0.0,154,0.0,130.72856000000502,baseline_0-5
438,894,Motor,MOp5,0,0.0,0,0.0,13,0.0,130.72856000000502,baseline_0-5
439,895,Motor,MOp5,2,0.015298875777411786,6,3.0,1183,0.00507185122569738,130.72856000000502,baseline_0-5
440,897,Motor,MOp5,0,0.0,0,0.0,12,0.0,130.72856000000502,baseline_0-5
441,898,Motor,MOp5,0,0.0,0,0.0,94,0.0,130.72856000000502,baseline_0-5
442,899,Motor,MOp5,0,0.0,0,0.0,273,0.0,130.72856000000502,baseline_0-5
443,900,Motor,MOp5,0,0.0,0,0.0,68,0.0,130.72856000000502,baseline_0-5
444,906,Motor,MOp5,0,0.0,0,0.0,196,0.0,130.72856000000502,baseline_0-5
445,907,Motor,MOp2/3,0,0.0,0,0.0,231,0.0,130.72856000000502,baseline_0-5
446,909,Motor,MOp5,2,0.015298875777411786,6,3.0,135,0.044444444444444446,130.72856000000502,baseline_0-5
447,910,Motor,MOp5,0,0.0,0,0.0,282,0.0,130.72856000000502,baseline_0-5
448,911,Motor,MOp2/3,0,0.0,0,0.0,61,0.0,130.72856000000502,baseline_0-5
449,913,Motor,MOp5,0,0.0,0,0.0,158,0.0,130.72856000000502,baseline_0-5
450,914,Motor,MOp2/3,2,0.015298875777411786,6,3.0,310,0.01935483870967742,130.72856000000502,baseline_0-5
451,915,Motor,MOp2/3,0,0.0,0,0.0,661,0.0,130.72856000000502,baseline_0-5
452,920,Motor,MOp2/3,0,0.0,0,0.0,391,0.0,130.72856000000502,baseline_0-5
453,921,Motor,MOp2/3,0,0.0,0,0.0,352,0.0,130.72856000000502,baseline_0-5
454,922,Motor,MOp2/3,0,0.0,0,0.0,287,0.0,130.72856000000502,baseline_0-5
455,924,Motor,MOp2/3,1,0.007649437888705893,3,3.0,378,0.007936507936507936,130.72856000000502,baseline_0-5
456,926,Motor,MOp2/3,159,1.2162606243042369,781,4.911949685534591,4779,0.1634233103159657,130.72856000000502,baseline_0-5
457,927,Motor,MOp2/3,2,0.015298875777411786,7,3.5,513,0.01364522417153996,130.72856000000502,baseline_0-5
458,930,Motor,MOp2/3,0,0.0,0,0.0,603,0.0,130.72856000000502,baseline_0-5
459,932,Motor,MOp2/3,0,0.0,0,0.0,147,0.0,130.72856000000502,baseline_0-5
460,934,Motor,MOp2/3,17,0.13004044410800017,59,3.4705882352941178,362,0.16298342541436464,130.72856000000502,baseline_0-5
461,935,Motor,MOp2/3,3,0.022948313666117676,9,3.0,217,0.041474654377880185,130.72856000000502,baseline_0-5
462,936,Motor,MOp2/3,0,0.0,0,0.0,285,0.0,130.72856000000502,baseline_0-5
463,937,Motor,MOp2/3,0,0.0,0,0.0,204,0.0,130.72856000000502,baseline_0-5
464,939,Motor,MOp2/3,0,0.0,0,0.0,318,0.0,130.72856000000502,baseline_0-5
465,940,Motor,MOp2/3,0,0.0,0,0.0,140,0.0,130.72856000000502,baseline_0-5
466,941,Motor,MOp2/3,1,0.007649437888705893,3,3.0,1129,0.002657218777679362,130.72856000000502,baseline_0-5
467,945,Motor,MOp2/3,0,0.0,0,0.0,83,0.0,130.72856000000502,baseline_0-5
468,946,Motor,MOp2/3,1,0.007649437888705893,3,3.0,176,0.017045454545454544,130.72856000000502,baseline_0-5
469,950,Motor,MOp2/3,0,0.0,0,0.0,345,0.0,130.72856000000502,baseline_0-5
470,951,Motor,MOp2/3,0,0.0,0,0.0,238,0.0,130.72856000000502,baseline_0-5
471,953,Motor,MOp2/3,2,0.015298875777411786,6,3.0,140,0.04285714285714286,130.72856000000502,baseline_0-5
472,954,Motor,MOp2/3,2,0.015298875777411786,6,3.0,233,0.02575107296137339,130.72856000000502,baseline_0-5
473,957,Motor,MOp2/3,0,0.0,0,0.0,8,0.0,130.72856000000502,baseline_0-5
474,962,Motor,MOp2/3,5,0.038247189443529464,16,3.2,466,0.034334763948497854,130.72856000000502,baseline_0-5
475,963,Motor,MOp2/3,0,0.0,0,0.0,352,0.0,130.72856000000502,baseline_0-5
476,966,Motor,MOp2/3,2,0.015298875777411786,6,3.0,328,0.018292682926829267,130.72856000000502,baseline_0-5
477,967,Motor,MOp2/3,7,0.05354606522094125,22,3.142857142857143,579,0.037996545768566495,130.72856000000502,baseline_0-5
478,968,Motor,MOp2/3,11,0.08414381677576482,34,3.090909090909091,406,0.08374384236453201,130.72856000000502,baseline_0-5
479,972,Motor,MOp2/3,3,0.022948313666117676,9,3.0,502,0.017928286852589643,130.72856000000502,baseline_0-5
480,978,Motor,MOp2/3,1,0.007649437888705893,4,4.0,275,0.014545454545454545,130.72856000000502,baseline_0-5
481,982,Motor,MOp2/3,0,0.0,0,0.0,390,0.0,130.72856000000502,baseline_0-5
482,986,Motor,MOp1,4,0.030597751554823572,13,3.25,448,0.029017857142857144,130.72856000000502,baseline_0-5
483,991,STR,ACB,0,0.0,0,0.0,29,0.0,130.72856000000502,baseline_0-5
484,992,STR,ACB,26,0.1988853851063532,91,3.5,939,0.09691160809371673,130.72856000000502,baseline_0-5
485,993,STR,ACB,4,0.030597751554823572,13,3.25,338,0.038461538461538464,130.72856000000502,baseline_0-5
486,995,STR,ACB,0,0.0,0,0.0,10,0.0,130.72856000000502,baseline_0-5
487,997,STR,ACB,20,0.15298875777411786,65,3.25,1334,0.04872563718140929,130.72856000000502,baseline_0-5
488,1000,STR,ACB,1,0.007649437888705893,3,3.0,16,0.1875,130.72856000000502,baseline_0-5
489,1001,STR,ACB,0,0.0,0,0.0,9,0.0,130.72856000000502,baseline_0-5
490,1003,STR,ACB,0,0.0,0,0.0,62,0.0,130.72856000000502,baseline_0-5
491,1006,STR,ACB,0,0.0,0,0.0,3,0.0,130.72856000000502,baseline_0-5
492,1007,STR,ACB,0,0.0,0,0.0,85,0.0,130.72856000000502,baseline_0-5
493,1013,STR,ACB,0,0.0,0,0.0,4,0.0,130.72856000000502,baseline_0-5
494,1014,STR,ACB,0,0.0,0,0.0,5,0.0,130.72856000000502,baseline_0-5
495,1015,STR,ACB,0,0.0,0,0.0,2,0.0,130.72856000000502,baseline_0-5
496,1020,STR,ACB,0,0.0,0,0.0,360,0.0,130.72856000000502,baseline_0-5
497,1021,STR,ACB,0,0.0,0,0.0,58,0.0,130.72856000000502,baseline_0-5
498,1022,STR,ACB,1,0.007649437888705893,3,3.0,379,0.0079155672823219,130.72856000000502,baseline_0-5
499,1023,STR,ACB,0,0.0,0,0.0,1,0.0,130.72856000000502,baseline_0-5
500,1024,Other,OLF,0,0.0,0,0.0,3,0.0,130.72856000000502,baseline_0-5
501,1025,Other,OLF,0,0.0,0,0.0,12,0.0,130.72856000000502,baseline_0-5
502,1026,Other,OLF,0,0.0,0,0.0,1053,0.0,130.72856000000502,baseline_0-5
503,1027,Other,OLF,0,0.0,0,0.0,62,0.0,130.72856000000502,baseline_0-5
504,1028,Other,OLF,0,0.0,0,0.0,16,0.0,130.72856000000502,baseline_0-5
505,1032,Other,OLF,0,0.0,0,0.0,13,0.0,130.72856000000502,baseline_0-5
506,1033,Other,OLF,0,0.0,0,0.0,227,0.0,130.72856000000502,baseline_0-5
507,1035,Other,ORBl5,1,0.007649437888705893,3,3.0,879,0.0034129692832764505,130.72856000000502,baseline_0-5
508,1038,Other,ORBl5,0,0.0,0,0.0,225,0.0,130.72856000000502,baseline_0-5
509,1039,Other,ORBl5,0,0.0,0,0.0,26,0.0,130.72856000000502,baseline_0-5
510,1042,Other,ORBl5,0,0.0,0,0.0,400,0.0,130.72856000000502,baseline_0-5
511,1045,Other,ORBl5,1,0.007649437888705893,3,3.0,138,0.021739130434782608,130.72856000000502,baseline_0-5
512,1047,Other,ORBl5,0,0.0,0,0.0,30,0.0,130.72856000000502,baseline_0-5
513,1049,Other,ORBl5,2,0.015298875777411786,7,3.5,546,0.01282051282051282,130.72856000000502,baseline_0-5
514,1052,Other,ORBl6a,1,0.007649437888705893,3,3.0,3,1.0,130.72856000000502,baseline_0-5
515,1054,Other,ORBl6a,0,0.0,0,0.0,2,0.0,130.72856000000502,baseline_0-5
516,1058,Other,ORBl6a,0,0.0,0,0.0,14,0.0,130.72856000000502,baseline_0-5
517,1059,Other,ORBl6a,1,0.007649437888705893,4,4.0,33,0.12121212121212122,130.72856000000502,baseline_0-5
518,1060,Other,ORBl6a,1,0.007649437888705893,3,3.0,368,0.008152173913043478,130.72856000000502,baseline_0-5
519,1063,Other,ORBl6a,0,0.0,0,0.0,58,0.0,130.72856000000502,baseline_0-5
520,1064,Other,ORBl6a,0,0.0,0,0.0,61,0.0,130.72856000000502,baseline_0-5
521,1067,Other,ORBl6a,1,0.007649437888705893,3,3.0,483,0.006211180124223602,130.72856000000502,baseline_0-5
522,1068,Other,ORBl6a,0,0.0,0,0.0,21,0.0,130.72856000000502,baseline_0-5
523,1069,Other,ORBl6a,0,0.0,0,0.0,535,0.0,130.72856000000502,baseline_0-5
524,1070,Other,ORBl6a,2,0.015298875777411786,6,3.0,131,0.04580152671755725,130.72856000000502,baseline_0-5
525,1071,Other,ORBl6a,0,0.0,0,0.0,1732,0.0,130.72856000000502,baseline_0-5
526,1072,Other,ORBl6a,0,0.0,0,0.0,26,0.0,130.72856000000502,baseline_0-5
527,1073,Other,ORBl6a,0,0.0,0,0.0,0,0.0,130.72856000000502,baseline_0-5
528,1074,Other,ORBl6a,0,0.0,0,0.0,31,0.0,130.72856000000502,baseline_0-5
529,1076,Other,ORBl6a,0,0.0,0,0.0,54,0.0,130.72856000000502,baseline_0-5
530,1078,Other,ORBl6b,0,0.0,0,0.0,88,0.0,130.72856000000502,baseline_0-5
531,1079,Other,ORBl6b,0,0.0,0,0.0,75,0.0,130.72856000000502,baseline_0-5
532,1080,Other,ORBl6b,0,0.0,0,0.0,2,0.0,130.72856000000502,baseline_0-5
533,1081,Other,ORBl6b,1,0.007649437888705893,6,6.0,29,0.20689655172413793,130.72856000000502,baseline_0-5
534,1082,Other,ORBl6b,0,0.0,0,0.0,3,0.0,130.72856000000502,baseline_0-5
535,1083,Other,ORBl6b,0,0.0,0,0.0,6,0.0,130.72856000000502,baseline_0-5
536,1084,Other,scwm,0,0.0,0,0.0,4,0.0,130.72856000000502,baseline_0-5
537,1085,Other,scwm,0,0.0,0,0.0,3,0.0,130.72856000000502,baseline_0-5
538,1087,Other,scwm,0,0.0,0,0.0,148,0.0,130.72856000000502,baseline_0-5
539,1089,Other,AId6a,1,0.007649437888705893,3,3.0,797,0.0037641154328732747,130.72856000000502,baseline_0-5
540,1090,Other,AId6a,0,0.0,0,0.0,52,0.0,130.72856000000502,baseline_0-5
541,1092,Other,AId6a,0,0.0,0,0.0,82,0.0,130.72856000000502,baseline_0-5
542,1094,Motor,MOs6a,0,0.0,0,0.0,1,0.0,130.72856000000502,baseline_0-5
543,1095,Motor,MOs6a,0,0.0,0,0.0,4,0.0,130.72856000000502,baseline_0-5
544,1096,Motor,MOs6a,0,0.0,0,0.0,13,0.0,130.72856000000502,baseline_0-5
545,1097,Motor,MOs6a,0,0.0,0,0.0,41,0.0,130.72856000000502,baseline_0-5
546,1100,Motor,MOs6a,0,0.0,0,0.0,4,0.0,130.72856000000502,baseline_0-5
547,1103,Motor,MOs6a,0,0.0,0,0.0,11,0.0,130.72856000000502,baseline_0-5
548,1113,Motor,MOs6a,0,0.0,0,0.0,226,0.0,130.72856000000502,baseline_0-5
549,1114,Motor,MOs5,0,0.0,0,0.0,331,0.0,130.72856000000502,baseline_0-5
550,1116,Motor,MOs5,1,0.007649437888705893,11,11.0,285,0.03859649122807018,130.72856000000502,baseline_0-5
551,1117,Motor,MOs5,0,0.0,0,0.0,38,0.0,130.72856000000502,baseline_0-5
552,1118,Motor,MOs5,1,0.007649437888705893,3,3.0,118,0.025423728813559324,130.72856000000502,baseline_0-5
553,1122,Motor,MOs5,0,0.0,0,0.0,170,0.0,130.72856000000502,baseline_0-5
554,1126,Motor,MOs5,0,0.0,0,0.0,27,0.0,130.72856000000502,baseline_0-5
555,1128,Motor,MOs5,0,0.0,0,0.0,101,0.0,130.72856000000502,baseline_0-5
556,1130,Motor,MOs5,1,0.007649437888705893,4,4.0,268,0.014925373134328358,130.72856000000502,baseline_0-5
557,1132,Motor,MOp5,0,0.0,0,0.0,78,0.0,130.72856000000502,baseline_0-5
558,1133,Motor,MOp5,0,0.0,0,0.0,211,0.0,130.72856000000502,baseline_0-5
559,1136,Motor,MOp5,0,0.0,0,0.0,233,0.0,130.72856000000502,baseline_0-5
560,1137,Motor,MOp5,0,0.0,0,0.0,30,0.0,130.72856000000502,baseline_0-5
561,1138,Motor,MOp2/3,0,0.0,0,0.0,54,0.0,130.72856000000502,baseline_0-5
562,1140,Motor,MOp2/3,1,0.007649437888705893,3,3.0,262,0.011450381679389313,130.72856000000502,baseline_0-5
563,1141,Motor,MOp2/3,0,0.0,0,0.0,357,0.0,130.72856000000502,baseline_0-5
564,1142,Motor,MOp2/3,0,0.0,0,0.0,113,0.0,130.72856000000502,baseline_0-5
565,1143,Motor,MOp2/3,1,0.007649437888705893,3,3.0,239,0.012552301255230125,130.72856000000502,baseline_0-5
566,1148,Motor,MOp2/3,1,0.007649437888705893,3,3.0,143,0.02097902097902098,130.72856000000502,baseline_0-5
567,1150,STR,ACB,0,0.0,0,0.0,1,0.0,130.72856000000502,baseline_0-5
568,1158,STR,ACB,0,0.0,0,0.0,2,0.0,130.72856000000502,baseline_0-5
569,1159,STR,ACB,0,0.0,0,0.0,133,0.0,130.72856000000502,baseline_0-5
570,1160,Other,OLF,0,0.0,0,0.0,17,0.0,130.72856000000502,baseline_0-5
571,1161,Other,ORBl5,0,0.0,0,0.0,17,0.0,130.72856000000502,baseline_0-5
572,1162,Other,ORBl5,0,0.0,0,0.0,5,0.0,130.72856000000502,baseline_0-5
573,1164,Other,ORBl5,0,0.0,0,0.0,330,0.0,130.72856000000502,baseline_0-5
574,1166,Other,ORBl6a,0,0.0,0,0.0,110,0.0,130.72856000000502,baseline_0-5
575,1168,Other,ORBl6a,0,0.0,0,0.0,19,0.0,130.72856000000502,baseline_0-5
576,1169,Other,ORBl6a,0,0.0,0,0.0,93,0.0,130.72856000000502,baseline_0-5
577,1172,Other,ORBl6a,1,0.007649437888705893,6,6.0,16,0.375,130.72856000000502,baseline_0-5
578,1173,Other,ORBl6a,0,0.0,0,0.0,13,0.0,130.72856000000502,baseline_0-5
579,1174,Other,ORBl6a,0,0.0,0,0.0,9,0.0,130.72856000000502,baseline_0-5
580,1175,Other,ORBl6a,0,0.0,0,0.0,2,0.0,130.72856000000502,baseline_0-5
581,1176,Other,ORBl6a,0,0.0,0,0.0,2,0.0,130.72856000000502,baseline_0-5
582,1178,Other,ORBl6b,1,0.007649437888705893,3,3.0,167,0.017964071856287425,130.72856000000502,baseline_0-5
583,1179,Other,ORBl6b,0,0.0,0,0.0,16,0.0,130.72856000000502,baseline_0-5
584,1180,Other,scwm,0,0.0,0,0.0,41,0.0,130.72856000000502,baseline_0-5
585,1183,Motor,MOs6a,0,0.0,0,0.0,3,0.0,130.72856000000502,baseline_0-5
586,1186,Motor,MOs5,4,0.030597751554823572,12,3.0,684,0.017543859649122806,130.72856000000502,baseline_0-5
587,1187,Motor,MOs5,0,0.0,0,0.0,18,0.0,130.72856000000502,baseline_0-5
588,1190,Motor,MOp5,0,0.0,0,0.0,144,0.0,130.72856000000502,baseline_0-5
589,1192,Other,ORBl5,0,0.0,0,0.0,12,0.0,130.72856000000502,baseline_0-5
590,1194,Other,ORBl6a,0,0.0,0,0.0,26,0.0,130.72856000000502,baseline_0-5
591,1195,Other,ORBl6a,0,0.0,0,0.0,126,0.0,130.72856000000502,baseline_0-5
592,1197,Other,ORBl6a,0,0.0,0,0.0,9,0.0,130.72856000000502,baseline_0-5
593,1200,STR,ACB,0,0.0,0,0.0,260,0.0,130.72856000000502,baseline_0-5
594,1201,STR,ACB,1,0.007649437888705893,3,3.0,643,0.004665629860031105,130.72856000000502,baseline_0-5
595,1202,STR,ACB,0,0.0,0,0.0,533,0.0,130.72856000000502,baseline_0-5
596,1203,Other,OLF,0,0.0,0,0.0,77,0.0,130.72856000000502,baseline_0-5
597,1205,Other,ORBl5,0,0.0,0,0.0,1130,0.0,130.72856000000502,baseline_0-5
598,1208,Other,ORBl5,0,0.0,0,0.0,9,0.0,130.72856000000502,baseline_0-5
599,1209,Other,ORBl6a,1,0.007649437888705893,3,3.0,493,0.006085192697768763,130.72856000000502,baseline_0-5
600,1211,Other,ORBl6a,1,0.007649437888705893,3,3.0,322,0.009316770186335404,130.72856000000502,baseline_0-5
601,1212,Other,ORBl6a,0,0.0,0,0.0,0,0.0,130.72856000000502,baseline_0-5
602,1213,Other,ORBl6a,0,0.0,0,0.0,39,0.0,130.72856000000502,baseline_0-5
603,1214,Other,AId6a,0,0.0,0,0.0,409,0.0,130.72856000000502,baseline_0-5
604,1218,Motor,MOp5,1,0.007649437888705893,3,3.0,591,0.005076142131979695,130.72856000000502,baseline_0-5
605,1224,STR,ACB,0,0.0,0,0.0,171,0.0,130.72856000000502,baseline_0-5
606,1225,Other,ORBl6a,0,0.0,0,0.0,10,0.0,130.72856000000502,baseline_0-5
607,1226,Other,ORBl5,0,0.0,0,0.0,1,0.0,130.72856000000502,baseline_0-5
608,1228,Other,ORBl6a,0,0.0,0,0.0,16,0.0,130.72856000000502,baseline_0-5
609,0,Thalamus,PO,28,0.12128075246736389,55,1.9642857142857142,1474,0.03731343283582089,230.86928000001217,baseline_5-10
610,2,Thalamus,PO,20,0.08662910890525992,42,2.1,1584,0.026515151515151516,230.86928000001217,baseline_5-10
611,3,Thalamus,PO,19,0.08229765345999693,34,1.7894736842105263,637,0.05337519623233909,230.86928000001217,baseline_5-10
612,5,Thalamus,PO,13,0.05630892078841895,23,1.7692307692307692,930,0.024731182795698924,230.86928000001217,baseline_5-10
613,7,Thalamus,PO,21,0.09096056435052291,47,2.238095238095238,367,0.12806539509536785,230.86928000001217,baseline_5-10
614,8,Thalamus,PO,32,0.13860657424841588,61,1.90625,711,0.08579465541490858,230.86928000001217,baseline_5-10
615,9,Thalamus,PO,42,0.18192112870104582,85,2.0238095238095237,1175,0.07234042553191489,230.86928000001217,baseline_5-10
616,10,Thalamus,PO,18,0.07796619801473392,40,2.2222222222222223,608,0.06578947368421052,230.86928000001217,baseline_5-10
617,13,Thalamus,PO,0,0.0,0,0.0,10,0.0,230.86928000001217,baseline_5-10
618,16,Thalamus,PO,25,0.1082863861315749,46,1.84,385,0.11948051948051948,230.86928000001217,baseline_5-10
619,17,Thalamus,PO,6,0.025988732671577974,11,1.8333333333333333,397,0.027707808564231738,230.86928000001217,baseline_5-10
620,18,Thalamus,PO,23,0.0996234752410489,43,1.8695652173913044,929,0.04628632938643703,230.86928000001217,baseline_5-10
621,19,Thalamus,PO,22,0.09529201979578591,44,2.0,416,0.10576923076923077,230.86928000001217,baseline_5-10
622,23,Thalamus,PO,98,0.4244826336357736,199,2.0306122448979593,2343,0.08493384549722578,230.86928000001217,baseline_5-10
623,25,Thalamus,PO,2,0.008662910890525993,4,2.0,79,0.05063291139240506,230.86928000001217,baseline_5-10
624,27,Thalamus,PO,1,0.004331455445262996,1,1.0,92,0.010869565217391304,230.86928000001217,baseline_5-10
625,28,Thalamus,PO,28,0.12128075246736389,62,2.2142857142857144,289,0.21453287197231835,230.86928000001217,baseline_5-10
626,29,Thalamus,PO,50,0.2165727722631498,101,2.02,1344,0.07514880952380952,230.86928000001217,baseline_5-10
627,31,Thalamus,PO,18,0.07796619801473392,33,1.8333333333333333,473,0.06976744186046512,230.86928000001217,baseline_5-10
628,32,Thalamus,PO,41,0.17758967325578284,82,2.0,608,0.13486842105263158,230.86928000001217,baseline_5-10
629,33,Thalamus,PO,18,0.07796619801473392,37,2.0555555555555554,700,0.05285714285714286,230.86928000001217,baseline_5-10
630,34,Thalamus,PO,56,0.24256150493472778,119,2.125,1400,0.085,230.86928000001217,baseline_5-10
631,35,Thalamus,PO,60,0.25988732671577974,121,2.0166666666666666,2523,0.04795877923107412,230.86928000001217,baseline_5-10
632,36,Thalamus,PO,21,0.09096056435052291,45,2.142857142857143,1931,0.02330398757120663,230.86928000001217,baseline_5-10
633,38,Thalamus,PO,1,0.004331455445262996,1,1.0,112,0.008928571428571428,230.86928000001217,baseline_5-10
634,39,Thalamus,PO,1,0.004331455445262996,1,1.0,669,0.0014947683109118087,230.86928000001217,baseline_5-10
635,40,Thalamus,PO,23,0.0996234752410489,50,2.1739130434782608,1017,0.049164208456243856,230.86928000001217,baseline_5-10
636,41,Thalamus,PO,11,0.04764600989789296,14,1.2727272727272727,1274,0.01098901098901099,230.86928000001217,baseline_5-10
637,42,Thalamus,PO,13,0.05630892078841895,27,2.076923076923077,970,0.027835051546391754,230.86928000001217,baseline_5-10
638,43,Thalamus,PO,35,0.15160094058420487,73,2.085714285714286,1624,0.04495073891625616,230.86928000001217,baseline_5-10
639,44,Thalamus,PO,39,0.16892676236525683,66,1.6923076923076923,2047,0.03224230581338544,230.86928000001217,baseline_5-10
640,46,Thalamus,PO,0,0.0,0,0.0,74,0.0,230.86928000001217,baseline_5-10
641,47,Thalamus,PO,17,0.07363474256947093,36,2.1176470588235294,1019,0.03532875368007851,230.86928000001217,baseline_5-10
642,50,Thalamus,PO,127,0.5500948415484005,295,2.322834645669291,3036,0.09716732542819499,230.86928000001217,baseline_5-10
643,53,Thalamus,PO,17,0.07363474256947093,34,2.0,1570,0.02165605095541401,230.86928000001217,baseline_5-10
644,54,Thalamus,PO,16,0.06930328712420794,32,2.0,1725,0.01855072463768116,230.86928000001217,baseline_5-10
645,55,Thalamus,PO,50,0.2165727722631498,114,2.28,2130,0.05352112676056338,230.86928000001217,baseline_5-10
646,56,Thalamus,PO,12,0.05197746534315595,19,1.5833333333333333,738,0.025745257452574527,230.86928000001217,baseline_5-10
647,57,Thalamus,PO,43,0.18625258414630882,100,2.3255813953488373,1935,0.05167958656330749,230.86928000001217,baseline_5-10
648,58,Thalamus,PO,174,0.7536732474757613,340,1.9540229885057472,3410,0.09970674486803519,230.86928000001217,baseline_5-10
649,59,Thalamus,PO,31,0.13427511880315288,54,1.7419354838709677,725,0.07448275862068965,230.86928000001217,baseline_5-10
650,61,Thalamus,PO,15,0.06497183167894494,28,1.8666666666666667,1199,0.02335279399499583,230.86928000001217,baseline_5-10
651,62,Thalamus,PO,41,0.17758967325578284,85,2.073170731707317,2124,0.04001883239171375,230.86928000001217,baseline_5-10
652,64,Thalamus,PO,2,0.008662910890525993,2,1.0,2549,0.0007846214201647705,230.86928000001217,baseline_5-10
653,65,Thalamus,PO,83,0.35951080195682866,196,2.36144578313253,1505,0.13023255813953488,230.86928000001217,baseline_5-10
654,66,Thalamus,PO,16,0.06930328712420794,20,1.25,956,0.02092050209205021,230.86928000001217,baseline_5-10
655,68,Thalamus,PO,17,0.07363474256947093,36,2.1176470588235294,1506,0.02390438247011952,230.86928000001217,baseline_5-10
656,69,Thalamus,PO,18,0.07796619801473392,38,2.111111111111111,1866,0.020364415862808145,230.86928000001217,baseline_5-10
657,72,Thalamus,PO,5,0.02165727722631498,5,1.0,385,0.012987012987012988,230.86928000001217,baseline_5-10
658,74,Thalamus,PO,56,0.24256150493472778,114,2.0357142857142856,1195,0.09539748953974896,230.86928000001217,baseline_5-10
659,75,Thalamus,PO,52,0.2252356831536758,92,1.7692307692307692,2603,0.03534383403764887,230.86928000001217,baseline_5-10
660,78,Thalamus,PO,55,0.23823004948946477,114,2.0727272727272728,1661,0.06863335340156532,230.86928000001217,baseline_5-10
661,80,Thalamus,PO,93,0.4028253564094586,252,2.7096774193548385,2788,0.09038737446197992,230.86928000001217,baseline_5-10
662,82,Thalamus,PO,22,0.09529201979578591,46,2.090909090909091,327,0.14067278287461774,230.86928000001217,baseline_5-10
663,83,Thalamus,PO,26,0.1126178415768379,52,2.0,1822,0.02854006586169045,230.86928000001217,baseline_5-10
664,84,Thalamus,PO,1,0.004331455445262996,1,1.0,2404,0.00041597337770382697,230.86928000001217,baseline_5-10
665,85,Thalamus,PO,71,0.3075333366136727,164,2.3098591549295775,2637,0.062191884717481986,230.86928000001217,baseline_5-10
666,86,Thalamus,PO,44,0.19058403959157183,84,1.9090909090909092,2460,0.03414634146341464,230.86928000001217,baseline_5-10
667,88,Thalamus,PO,11,0.04764600989789296,17,1.5454545454545454,908,0.018722466960352423,230.86928000001217,baseline_5-10
668,90,Thalamus,PO,51,0.2209042277084128,106,2.0784313725490198,1158,0.09153713298791019,230.86928000001217,baseline_5-10
669,92,Thalamus,PO,18,0.07796619801473392,41,2.2777777777777777,782,0.052429667519181586,230.86928000001217,baseline_5-10
670,95,Thalamus,PO,32,0.13860657424841588,77,2.40625,1791,0.042992741485203795,230.86928000001217,baseline_5-10
671,96,Thalamus,PO,12,0.05197746534315595,23,1.9166666666666667,608,0.03782894736842105,230.86928000001217,baseline_5-10
672,97,Thalamus,PO,25,0.1082863861315749,53,2.12,767,0.06910039113428944,230.86928000001217,baseline_5-10
673,98,Thalamus,PO,82,0.3551793465115657,195,2.3780487804878048,2780,0.07014388489208633,230.86928000001217,baseline_5-10
674,99,Thalamus,PO,48,0.2079098613726238,107,2.2291666666666665,582,0.18384879725085912,230.86928000001217,baseline_5-10
675,102,Thalamus,PO,22,0.09529201979578591,41,1.8636363636363635,2203,0.01861098502042669,230.86928000001217,baseline_5-10
676,103,Thalamus,PO,11,0.04764600989789296,23,2.090909090909091,1448,0.015883977900552487,230.86928000001217,baseline_5-10
677,104,Thalamus,PO,29,0.1256122079126269,54,1.8620689655172413,309,0.17475728155339806,230.86928000001217,baseline_5-10
678,106,Thalamus,PO,21,0.09096056435052291,51,2.4285714285714284,1062,0.0480225988700565,230.86928000001217,baseline_5-10
679,108,Thalamus,PO,8,0.03465164356210397,15,1.875,1540,0.00974025974025974,230.86928000001217,baseline_5-10
680,109,Thalamus,PO,49,0.2122413168178868,109,2.2244897959183674,1687,0.06461173681090694,230.86928000001217,baseline_5-10
681,111,Thalamus,PO,27,0.1169492970221009,64,2.3703703703703702,1317,0.04859529233105543,230.86928000001217,baseline_5-10
682,112,Thalamus,PO,156,0.6757070494610273,383,2.4551282051282053,2123,0.18040508714083844,230.86928000001217,baseline_5-10
683,114,Thalamus,PO,26,0.1126178415768379,54,2.076923076923077,1622,0.03329223181257707,230.86928000001217,baseline_5-10
684,116,Thalamus,PO,67,0.29020751483262075,138,2.0597014925373136,2151,0.06415620641562064,230.86928000001217,baseline_5-10
685,117,Thalamus,PO,42,0.18192112870104582,85,2.0238095238095237,846,0.10047281323877069,230.86928000001217,baseline_5-10
686,120,Thalamus,PO,37,0.16026385147473085,68,1.837837837837838,2768,0.024566473988439308,230.86928000001217,baseline_5-10
687,121,Thalamus,PO,3,0.012994366335788987,6,2.0,1041,0.005763688760806916,230.86928000001217,baseline_5-10
688,124,Thalamus,PO,11,0.04764600989789296,24,2.1818181818181817,1303,0.01841903300076746,230.86928000001217,baseline_5-10
689,125,Thalamus,PO,8,0.03465164356210397,14,1.75,1004,0.013944223107569721,230.86928000001217,baseline_5-10
690,126,Thalamus,PO,17,0.07363474256947093,36,2.1176470588235294,1919,0.018759770713913496,230.86928000001217,baseline_5-10
691,128,Thalamus,PO,75,0.3248591583947247,170,2.2666666666666666,1045,0.16267942583732056,230.86928000001217,baseline_5-10
692,129,Thalamus,PO,10,0.04331455445262996,21,2.1,820,0.025609756097560974,230.86928000001217,baseline_5-10
693,131,Thalamus,PO,10,0.04331455445262996,22,2.2,1730,0.012716763005780347,230.86928000001217,baseline_5-10
694,132,Thalamus,PO,5,0.02165727722631498,13,2.6,510,0.025490196078431372,230.86928000001217,baseline_5-10
695,133,Thalamus,PO,25,0.1082863861315749,56,2.24,999,0.056056056056056056,230.86928000001217,baseline_5-10
696,134,Thalamus,PO,2,0.008662910890525993,4,2.0,778,0.005141388174807198,230.86928000001217,baseline_5-10
697,135,Thalamus,PO,3,0.012994366335788987,6,2.0,2091,0.0028694404591104736,230.86928000001217,baseline_5-10
698,138,Thalamus,PO,17,0.07363474256947093,38,2.235294117647059,955,0.039790575916230364,230.86928000001217,baseline_5-10
699,139,Thalamus,PO,0,0.0,0,0.0,30,0.0,230.86928000001217,baseline_5-10
700,141,Thalamus,PO,14,0.060640376233681945,28,2.0,1544,0.018134715025906734,230.86928000001217,baseline_5-10
701,142,Thalamus,PO,17,0.07363474256947093,51,3.0,1367,0.03730797366495977,230.86928000001217,baseline_5-10
702,144,Thalamus,PO,0,0.0,0,0.0,29,0.0,230.86928000001217,baseline_5-10
703,146,Thalamus,PO,18,0.07796619801473392,38,2.111111111111111,679,0.055964653902798235,230.86928000001217,baseline_5-10
704,147,Thalamus,PO,4,0.017325821781051985,11,2.75,505,0.02178217821782178,230.86928000001217,baseline_5-10
705,148,Thalamus,PO,32,0.13860657424841588,58,1.8125,2185,0.02654462242562929,230.86928000001217,baseline_5-10
706,149,Thalamus,PO,0,0.0,0,0.0,58,0.0,230.86928000001217,baseline_5-10
707,151,Thalamus,PO,33,0.14293802969367886,67,2.0303030303030303,1151,0.05821025195482189,230.86928000001217,baseline_5-10
708,155,Thalamus,PO,9,0.03898309900736696,19,2.111111111111111,855,0.022222222222222223,230.86928000001217,baseline_5-10
709,157,Thalamus,PO,5,0.02165727722631498,10,2.0,2447,0.004086636697997548,230.86928000001217,baseline_5-10
710,158,Thalamus,PO,4,0.017325821781051985,7,1.75,1335,0.0052434456928838954,230.86928000001217,baseline_5-10
711,162,Thalamus,PO,8,0.03465164356210397,10,1.25,1592,0.00628140703517588,230.86928000001217,baseline_5-10
712,163,Thalamus,PO,4,0.017325821781051985,7,1.75,1243,0.0056315366049879325,230.86928000001217,baseline_5-10
713,164,Thalamus,PO,0,0.0,0,0.0,122,0.0,230.86928000001217,baseline_5-10
714,166,Thalamus,PO,1,0.004331455445262996,1,1.0,303,0.0033003300330033004,230.86928000001217,baseline_5-10
715,172,Thalamus,PO,5,0.02165727722631498,11,2.2,672,0.01636904761904762,230.86928000001217,baseline_5-10
716,173,Thalamus,PO,0,0.0,0,0.0,3730,0.0,230.86928000001217,baseline_5-10
717,175,Thalamus,PO,2,0.008662910890525993,3,1.5,810,0.003703703703703704,230.86928000001217,baseline_5-10
718,176,Thalamus,PO,0,0.0,0,0.0,844,0.0,230.86928000001217,baseline_5-10
719,178,Thalamus,PO,0,0.0,0,0.0,1824,0.0,230.86928000001217,baseline_5-10
720,180,Thalamus,PO,6,0.025988732671577974,11,1.8333333333333333,2596,0.00423728813559322,230.86928000001217,baseline_5-10
721,181,Thalamus,PO,5,0.02165727722631498,9,1.8,2181,0.0041265474552957355,230.86928000001217,baseline_5-10
722,186,Thalamus,PO,2,0.008662910890525993,4,2.0,419,0.00954653937947494,230.86928000001217,baseline_5-10
723,188,Thalamus,PO,0,0.0,0,0.0,2439,0.0,230.86928000001217,baseline_5-10
724,189,Thalamus,PO,1,0.004331455445262996,1,1.0,4393,0.00022763487366264513,230.86928000001217,baseline_5-10
725,190,Thalamus,PO,2,0.008662910890525993,3,1.5,647,0.00463678516228748,230.86928000001217,baseline_5-10
726,192,Thalamus,PO,0,0.0,0,0.0,853,0.0,230.86928000001217,baseline_5-10
727,193,Thalamus,PO,1,0.004331455445262996,1,1.0,1355,0.0007380073800738007,230.86928000001217,baseline_5-10
728,194,Thalamus,PO,4,0.017325821781051985,7,1.75,2421,0.0028913672036348617,230.86928000001217,baseline_5-10
729,195,Thalamus,PO,0,0.0,0,0.0,2213,0.0,230.86928000001217,baseline_5-10
730,196,Thalamus,PO,0,0.0,0,0.0,2,0.0,230.86928000001217,baseline_5-10
731,204,Thalamus,LD,13,0.05630892078841895,21,1.6153846153846154,2668,0.007871064467766116,230.86928000001217,baseline_5-10
732,207,Thalamus,LD,5,0.02165727722631498,9,1.8,2225,0.004044943820224719,230.86928000001217,baseline_5-10
733,209,Thalamus,LD,8,0.03465164356210397,17,2.125,3208,0.00529925187032419,230.86928000001217,baseline_5-10
734,210,Thalamus,LD,1,0.004331455445262996,2,2.0,2614,0.0007651109410864575,230.86928000001217,baseline_5-10
735,214,Thalamus,LD,9,0.03898309900736696,25,2.7777777777777777,1938,0.012899896800825593,230.86928000001217,baseline_5-10
736,216,Thalamus,LD,12,0.05197746534315595,27,2.25,2351,0.011484474691620587,230.86928000001217,baseline_5-10
737,221,Thalamus,LD,0,0.0,0,0.0,432,0.0,230.86928000001217,baseline_5-10
738,222,Thalamus,LD,16,0.06930328712420794,35,2.1875,2999,0.011670556852284094,230.86928000001217,baseline_5-10
739,224,Thalamus,LD,19,0.08229765345999693,53,2.789473684210526,1887,0.028086910439851617,230.86928000001217,baseline_5-10
740,225,Thalamus,LD,50,0.2165727722631498,141,2.82,2535,0.05562130177514793,230.86928000001217,baseline_5-10
741,226,Thalamus,LD,1,0.004331455445262996,1,1.0,172,0.005813953488372093,230.86928000001217,baseline_5-10
742,230,Thalamus,LD,23,0.0996234752410489,53,2.3043478260869565,3155,0.016798732171156894,230.86928000001217,baseline_5-10
743,238,Other,DG-mo,16,0.06930328712420794,69,4.3125,1056,0.06534090909090909,230.86928000001217,baseline_5-10
744,239,Other,CA3,4,0.017325821781051985,12,3.0,3755,0.003195739014647137,230.86928000001217,baseline_5-10
745,240,Other,CA3,0,0.0,0,0.0,2024,0.0,230.86928000001217,baseline_5-10
746,241,Other,CA3,0,0.0,0,0.0,6307,0.0,230.86928000001217,baseline_5-10
747,243,Other,CA3,22,0.09529201979578591,70,3.1818181818181817,118,0.5932203389830508,230.86928000001217,baseline_5-10
748,244,Other,CA3,0,0.0,0,0.0,2561,0.0,230.86928000001217,baseline_5-10
749,246,Other,CA3,2,0.008662910890525993,8,4.0,56,0.14285714285714285,230.86928000001217,baseline_5-10
750,247,Other,CA3,54,0.2338985940442018,214,3.962962962962963,1534,0.1395045632333768,230.86928000001217,baseline_5-10
751,248,Other,CA3,2,0.008662910890525993,12,6.0,1025,0.011707317073170732,230.86928000001217,baseline_5-10
752,249,Other,CA3,0,0.0,0,0.0,26,0.0,230.86928000001217,baseline_5-10
753,251,Other,CA3,0,0.0,0,0.0,7156,0.0,230.86928000001217,baseline_5-10
754,253,Other,DG-po,0,0.0,0,0.0,2,0.0,230.86928000001217,baseline_5-10
755,262,Other,CA1,0,0.0,0,0.0,53,0.0,230.86928000001217,baseline_5-10
756,263,Other,CA1,0,0.0,0,0.0,536,0.0,230.86928000001217,baseline_5-10
757,264,Other,CA1,4,0.017325821781051985,12,3.0,5465,0.0021957913998170175,230.86928000001217,baseline_5-10
758,270,Other,CA1,19,0.08229765345999693,63,3.3157894736842106,3748,0.01680896478121665,230.86928000001217,baseline_5-10
759,283,Other,CA1,0,0.0,0,0.0,599,0.0,230.86928000001217,baseline_5-10
760,291,Other,CA1,0,0.0,0,0.0,6,0.0,230.86928000001217,baseline_5-10
761,300,Other,cing,2,0.008662910890525993,7,3.5,943,0.007423117709437964,230.86928000001217,baseline_5-10
762,305,Somatosensory,SSp-tr6a,0,0.0,0,0.0,1787,0.0,230.86928000001217,baseline_5-10
763,308,Somatosensory,SSp-tr6a,2,0.008662910890525993,9,4.5,1873,0.004805125467164976,230.86928000001217,baseline_5-10
764,309,Somatosensory,SSp-tr6a,1,0.004331455445262996,3,3.0,1069,0.002806361085126286,230.86928000001217,baseline_5-10
765,310,Somatosensory,SSp-tr6a,0,0.0,0,0.0,58,0.0,230.86928000001217,baseline_5-10
766,311,Somatosensory,SSp-tr6a,0,0.0,0,0.0,312,0.0,230.86928000001217,baseline_5-10
767,316,Somatosensory,SSp-tr6a,0,0.0,0,0.0,693,0.0,230.86928000001217,baseline_5-10
768,317,Somatosensory,SSp-tr6a,0,0.0,0,0.0,481,0.0,230.86928000001217,baseline_5-10
769,318,Somatosensory,SSp-tr6a,20,0.08662910890525992,100,5.0,1821,0.054914881933003847,230.86928000001217,baseline_5-10
770,322,Somatosensory,SSp-tr6a,0,0.0,0,0.0,1262,0.0,230.86928000001217,baseline_5-10
771,324,Somatosensory,SSp-tr6a,0,0.0,0,0.0,107,0.0,230.86928000001217,baseline_5-10
772,326,Somatosensory,SSp-tr6a,0,0.0,0,0.0,20,0.0,230.86928000001217,baseline_5-10
773,332,Somatosensory,SSp-tr5,0,0.0,0,0.0,480,0.0,230.86928000001217,baseline_5-10
774,333,Somatosensory,SSp-tr5,7,0.030320188116840972,26,3.7142857142857144,1812,0.01434878587196468,230.86928000001217,baseline_5-10
775,337,Somatosensory,SSp-tr5,0,0.0,0,0.0,549,0.0,230.86928000001217,baseline_5-10
776,338,Somatosensory,SSp-tr5,0,0.0,0,0.0,4,0.0,230.86928000001217,baseline_5-10
777,339,Somatosensory,SSp-tr5,1,0.004331455445262996,3,3.0,455,0.006593406593406593,230.86928000001217,baseline_5-10
778,340,Somatosensory,SSp-tr5,0,0.0,0,0.0,314,0.0,230.86928000001217,baseline_5-10
779,341,Somatosensory,SSp-tr5,0,0.0,0,0.0,1092,0.0,230.86928000001217,baseline_5-10
780,343,Somatosensory,SSp-tr5,0,0.0,0,0.0,263,0.0,230.86928000001217,baseline_5-10
781,346,Somatosensory,SSp-tr5,0,0.0,0,0.0,3364,0.0,230.86928000001217,baseline_5-10
782,348,Somatosensory,SSp-tr5,0,0.0,0,0.0,1639,0.0,230.86928000001217,baseline_5-10
783,349,Somatosensory,SSp-tr5,0,0.0,0,0.0,488,0.0,230.86928000001217,baseline_5-10
784,353,Somatosensory,SSp-tr5,3,0.012994366335788987,10,3.3333333333333335,1637,0.006108735491753207,230.86928000001217,baseline_5-10
785,355,Somatosensory,SSp-tr5,14,0.060640376233681945,45,3.2142857142857144,1818,0.024752475247524754,230.86928000001217,baseline_5-10
786,356,Somatosensory,SSp-tr5,0,0.0,0,0.0,2089,0.0,230.86928000001217,baseline_5-10
787,359,Somatosensory,SSp-tr5,0,0.0,0,0.0,255,0.0,230.86928000001217,baseline_5-10
788,361,Somatosensory,SSp-tr5,0,0.0,0,0.0,188,0.0,230.86928000001217,baseline_5-10
789,362,Other,VISa5,0,0.0,0,0.0,185,0.0,230.86928000001217,baseline_5-10
790,363,Other,VISa5,0,0.0,0,0.0,875,0.0,230.86928000001217,baseline_5-10
791,364,Other,VISa5,0,0.0,0,0.0,1131,0.0,230.86928000001217,baseline_5-10
792,365,Other,VISa5,0,0.0,0,0.0,805,0.0,230.86928000001217,baseline_5-10
793,366,Other,VISa5,4,0.017325821781051985,13,3.25,838,0.015513126491646777,230.86928000001217,baseline_5-10
794,367,Other,VISa5,0,0.0,0,0.0,869,0.0,230.86928000001217,baseline_5-10
795,373,Other,VISa5,0,0.0,0,0.0,554,0.0,230.86928000001217,baseline_5-10
796,376,Other,VISa4,0,0.0,0,0.0,1066,0.0,230.86928000001217,baseline_5-10
797,377,Other,VISa4,23,0.0996234752410489,73,3.1739130434782608,2593,0.028152718858465098,230.86928000001217,baseline_5-10
798,383,Other,VISa2/3,1,0.004331455445262996,3,3.0,299,0.010033444816053512,230.86928000001217,baseline_5-10
799,384,Other,VISa2/3,0,0.0,0,0.0,158,0.0,230.86928000001217,baseline_5-10
800,390,Other,VISa2/3,1,0.004331455445262996,3,3.0,157,0.01910828025477707,230.86928000001217,baseline_5-10
801,391,Other,VISa2/3,0,0.0,0,0.0,152,0.0,230.86928000001217,baseline_5-10
802,398,Other,VISa2/3,0,0.0,0,0.0,5,0.0,230.86928000001217,baseline_5-10
803,399,Other,VISa2/3,0,0.0,0,0.0,15,0.0,230.86928000001217,baseline_5-10
804,400,Other,VISa2/3,0,0.0,0,0.0,9,0.0,230.86928000001217,baseline_5-10
805,401,Other,VISa2/3,0,0.0,0,0.0,118,0.0,230.86928000001217,baseline_5-10
806,405,Other,VISa2/3,0,0.0,0,0.0,73,0.0,230.86928000001217,baseline_5-10
807,413,Thalamus,PO,1,0.004331455445262996,1,1.0,55,0.01818181818181818,230.86928000001217,baseline_5-10
808,415,Thalamus,PO,11,0.04764600989789296,26,2.3636363636363638,1783,0.014582164890633763,230.86928000001217,baseline_5-10
809,418,Thalamus,PO,19,0.08229765345999693,37,1.9473684210526316,724,0.05110497237569061,230.86928000001217,baseline_5-10
810,421,Thalamus,PO,13,0.05630892078841895,33,2.5384615384615383,646,0.05108359133126935,230.86928000001217,baseline_5-10
811,422,Thalamus,PO,25,0.1082863861315749,44,1.76,2041,0.021558059774620286,230.86928000001217,baseline_5-10
812,423,Thalamus,PO,2,0.008662910890525993,4,2.0,269,0.01486988847583643,230.86928000001217,baseline_5-10
813,424,Thalamus,PO,0,0.0,0,0.0,18,0.0,230.86928000001217,baseline_5-10
814,426,Thalamus,PO,21,0.09096056435052291,40,1.9047619047619047,1127,0.0354924578527063,230.86928000001217,baseline_5-10
815,427,Thalamus,PO,3,0.012994366335788987,8,2.6666666666666665,103,0.07766990291262135,230.86928000001217,baseline_5-10
816,428,Thalamus,PO,4,0.017325821781051985,9,2.25,904,0.00995575221238938,230.86928000001217,baseline_5-10
817,429,Thalamus,PO,0,0.0,0,0.0,30,0.0,230.86928000001217,baseline_5-10
818,433,Thalamus,PO,0,0.0,0,0.0,972,0.0,230.86928000001217,baseline_5-10
819,436,Thalamus,PO,7,0.030320188116840972,13,1.8571428571428572,2491,0.005218787635487756,230.86928000001217,baseline_5-10
820,438,Thalamus,PO,1,0.004331455445262996,1,1.0,2889,0.00034614053305642093,230.86928000001217,baseline_5-10
821,439,Thalamus,LD,9,0.03898309900736696,18,2.0,1882,0.009564293304994687,230.86928000001217,baseline_5-10
822,440,Thalamus,LD,35,0.15160094058420487,82,2.342857142857143,2711,0.030247141276281815,230.86928000001217,baseline_5-10
823,443,Other,DG-mo,0,0.0,0,0.0,2,0.0,230.86928000001217,baseline_5-10
824,446,Other,CA3,1,0.004331455445262996,7,7.0,9,0.7777777777777778,230.86928000001217,baseline_5-10
825,448,Other,CA3,0,0.0,0,0.0,1205,0.0,230.86928000001217,baseline_5-10
826,454,Other,CA1,1,0.004331455445262996,4,4.0,116,0.034482758620689655,230.86928000001217,baseline_5-10
827,456,Somatosensory,SSp-tr5,0,0.0,0,0.0,87,0.0,230.86928000001217,baseline_5-10
828,457,Other,VISa5,1,0.004331455445262996,4,4.0,823,0.004860267314702308,230.86928000001217,baseline_5-10
829,458,Other,VISa5,0,0.0,0,0.0,186,0.0,230.86928000001217,baseline_5-10
830,463,Other,VISa2/3,0,0.0,0,0.0,5,0.0,230.86928000001217,baseline_5-10
831,465,Other,VISa2/3,0,0.0,0,0.0,23,0.0,230.86928000001217,baseline_5-10
832,466,Other,VISa2/3,0,0.0,0,0.0,0,0.0,230.86928000001217,baseline_5-10
833,467,Other,VISa2/3,0,0.0,0,0.0,24,0.0,230.86928000001217,baseline_5-10
834,468,Other,VISa2/3,0,0.0,0,0.0,14,0.0,230.86928000001217,baseline_5-10
835,472,Other,CA1,0,0.0,0,0.0,13,0.0,230.86928000001217,baseline_5-10
836,473,Other,VISa2/3,0,0.0,0,0.0,28,0.0,230.86928000001217,baseline_5-10
837,476,Thalamus,PO,76,0.3291906138399877,175,2.3026315789473686,1685,0.10385756676557864,230.86928000001217,baseline_5-10
838,478,Thalamus,PO,28,0.12128075246736389,50,1.7857142857142858,1141,0.04382120946538125,230.86928000001217,baseline_5-10
839,479,Thalamus,PO,2,0.008662910890525993,6,3.0,828,0.007246376811594203,230.86928000001217,baseline_5-10
840,480,Other,DG-po,1,0.004331455445262996,6,6.0,71,0.08450704225352113,230.86928000001217,baseline_5-10
841,481,Somatosensory,SSp-tr6a,14,0.060640376233681945,67,4.785714285714286,318,0.21069182389937108,230.86928000001217,baseline_5-10
842,482,Other,VISa2/3,0,0.0,0,0.0,25,0.0,230.86928000001217,baseline_5-10
843,484,Other,VISa2/3,0,0.0,0,0.0,3,0.0,230.86928000001217,baseline_5-10
844,485,Other,VISa2/3,0,0.0,0,0.0,0,0.0,230.86928000001217,baseline_5-10
845,497,Other,ccb,3,0.012994366335788987,10,3.3333333333333335,362,0.027624309392265192,230.86928000001217,baseline_5-10
846,499,STR,ACB,0,0.0,0,0.0,265,0.0,230.86928000001217,baseline_5-10
847,500,STR,ACB,3,0.012994366335788987,10,3.3333333333333335,1210,0.008264462809917356,230.86928000001217,baseline_5-10
848,502,STR,ACB,6,0.025988732671577974,18,3.0,1017,0.017699115044247787,230.86928000001217,baseline_5-10
849,506,STR,ACB,2,0.008662910890525993,6,3.0,608,0.009868421052631578,230.86928000001217,baseline_5-10
850,507,STR,ACB,1,0.004331455445262996,3,3.0,20,0.15,230.86928000001217,baseline_5-10
851,508,STR,ACB,17,0.07363474256947093,65,3.823529411764706,2177,0.029857602204869087,230.86928000001217,baseline_5-10
852,509,STR,ACB,44,0.19058403959157183,177,4.0227272727272725,8073,0.021924934968413228,230.86928000001217,baseline_5-10
853,510,STR,ACB,2,0.008662910890525993,6,3.0,214,0.028037383177570093,230.86928000001217,baseline_5-10
854,511,STR,ACB,2,0.008662910890525993,9,4.5,2099,0.004287756074321105,230.86928000001217,baseline_5-10
855,514,STR,ACB,4,0.017325821781051985,12,3.0,621,0.01932367149758454,230.86928000001217,baseline_5-10
856,516,STR,ACB,2,0.008662910890525993,6,3.0,118,0.05084745762711865,230.86928000001217,baseline_5-10
857,517,STR,ACB,9,0.03898309900736696,30,3.3333333333333335,1487,0.020174848688634835,230.86928000001217,baseline_5-10
858,518,STR,ACB,14,0.060640376233681945,47,3.357142857142857,1166,0.04030874785591767,230.86928000001217,baseline_5-10
859,519,STR,ACB,15,0.06497183167894494,48,3.2,909,0.052805280528052806,230.86928000001217,baseline_5-10
860,524,STR,ACB,18,0.07796619801473392,56,3.111111111111111,3411,0.01641747288185283,230.86928000001217,baseline_5-10
861,525,STR,ACB,13,0.05630892078841895,44,3.3846153846153846,385,0.11428571428571428,230.86928000001217,baseline_5-10
862,526,STR,ACB,1,0.004331455445262996,4,4.0,1657,0.0024140012070006035,230.86928000001217,baseline_5-10
863,527,STR,ACB,7,0.030320188116840972,23,3.2857142857142856,1719,0.013379872018615475,230.86928000001217,baseline_5-10
864,530,STR,ACB,20,0.08662910890525992,80,4.0,1107,0.07226738934056007,230.86928000001217,baseline_5-10
865,532,STR,ACB,0,0.0,0,0.0,435,0.0,230.86928000001217,baseline_5-10
866,534,STR,ACB,0,0.0,0,0.0,776,0.0,230.86928000001217,baseline_5-10
867,543,STR,ACB,8,0.03465164356210397,26,3.25,905,0.028729281767955802,230.86928000001217,baseline_5-10
868,544,STR,ACB,0,0.0,0,0.0,14,0.0,230.86928000001217,baseline_5-10
869,545,STR,ACB,11,0.04764600989789296,42,3.8181818181818183,2581,0.016272762495156915,230.86928000001217,baseline_5-10
870,546,STR,ACB,0,0.0,0,0.0,161,0.0,230.86928000001217,baseline_5-10
871,547,STR,ACB,0,0.0,0,0.0,1228,0.0,230.86928000001217,baseline_5-10
872,548,STR,ACB,1,0.004331455445262996,3,3.0,20,0.15,230.86928000001217,baseline_5-10
873,549,STR,ACB,12,0.05197746534315595,43,3.5833333333333335,2933,0.014660756904193658,230.86928000001217,baseline_5-10
874,550,STR,ACB,0,0.0,0,0.0,13,0.0,230.86928000001217,baseline_5-10
875,553,STR,ACB,6,0.025988732671577974,19,3.1666666666666665,2169,0.00875979714153988,230.86928000001217,baseline_5-10
876,556,STR,ACB,0,0.0,0,0.0,60,0.0,230.86928000001217,baseline_5-10
877,558,STR,ACB,23,0.0996234752410489,85,3.6956521739130435,1177,0.07221750212404418,230.86928000001217,baseline_5-10
878,559,STR,ACB,2,0.008662910890525993,6,3.0,432,0.013888888888888888,230.86928000001217,baseline_5-10
879,560,STR,ACB,5,0.02165727722631498,18,3.6,632,0.028481012658227847,230.86928000001217,baseline_5-10
880,562,STR,ACB,5,0.02165727722631498,17,3.4,141,0.12056737588652482,230.86928000001217,baseline_5-10
881,563,STR,ACB,0,0.0,0,0.0,15,0.0,230.86928000001217,baseline_5-10
882,564,STR,ACB,22,0.09529201979578591,70,3.1818181818181817,1160,0.0603448275862069,230.86928000001217,baseline_5-10
883,565,STR,ACB,2,0.008662910890525993,7,3.5,148,0.0472972972972973,230.86928000001217,baseline_5-10
884,566,STR,ACB,0,0.0,0,0.0,523,0.0,230.86928000001217,baseline_5-10
885,567,STR,ACB,17,0.07363474256947093,56,3.2941176470588234,1864,0.030042918454935622,230.86928000001217,baseline_5-10
886,568,STR,ACB,0,0.0,0,0.0,24,0.0,230.86928000001217,baseline_5-10
887,571,STR,ACB,21,0.09096056435052291,66,3.142857142857143,1951,0.033828805740645826,230.86928000001217,baseline_5-10
888,573,STR,ACB,0,0.0,0,0.0,4,0.0,230.86928000001217,baseline_5-10
889,575,STR,ACB,0,0.0,0,0.0,117,0.0,230.86928000001217,baseline_5-10
890,576,STR,ACB,0,0.0,0,0.0,797,0.0,230.86928000001217,baseline_5-10
891,577,STR,ACB,0,0.0,0,0.0,2528,0.0,230.86928000001217,baseline_5-10
892,578,STR,ACB,0,0.0,0,0.0,12,0.0,230.86928000001217,baseline_5-10
893,579,STR,ACB,36,0.15593239602946785,116,3.2222222222222223,2209,0.05251244907197827,230.86928000001217,baseline_5-10
894,582,STR,STR,0,0.0,0,0.0,524,0.0,230.86928000001217,baseline_5-10
895,583,STR,STR,0,0.0,0,0.0,756,0.0,230.86928000001217,baseline_5-10
896,584,STR,STR,1,0.004331455445262996,3,3.0,554,0.005415162454873646,230.86928000001217,baseline_5-10
897,586,STR,STR,0,0.0,0,0.0,748,0.0,230.86928000001217,baseline_5-10
898,587,Other,OLF,0,0.0,0,0.0,1063,0.0,230.86928000001217,baseline_5-10
899,588,Other,OLF,0,0.0,0,0.0,3161,0.0,230.86928000001217,baseline_5-10
900,592,Other,OLF,0,0.0,0,0.0,1542,0.0,230.86928000001217,baseline_5-10
901,593,Other,OLF,1,0.004331455445262996,3,3.0,432,0.006944444444444444,230.86928000001217,baseline_5-10
902,594,Other,OLF,0,0.0,0,0.0,1443,0.0,230.86928000001217,baseline_5-10
903,596,Other,OLF,0,0.0,0,0.0,927,0.0,230.86928000001217,baseline_5-10
904,598,Other,OLF,0,0.0,0,0.0,26,0.0,230.86928000001217,baseline_5-10
905,599,Other,OLF,0,0.0,0,0.0,131,0.0,230.86928000001217,baseline_5-10
906,600,Other,OLF,0,0.0,0,0.0,4042,0.0,230.86928000001217,baseline_5-10
907,612,Other,OLF,0,0.0,0,0.0,156,0.0,230.86928000001217,baseline_5-10
908,616,Other,OLF,0,0.0,0,0.0,6,0.0,230.86928000001217,baseline_5-10
909,620,Other,OLF,2,0.008662910890525993,6,3.0,701,0.008559201141226819,230.86928000001217,baseline_5-10
910,621,Other,OLF,1,0.004331455445262996,3,3.0,477,0.006289308176100629,230.86928000001217,baseline_5-10
911,622,Other,ORBl6a,0,0.0,0,0.0,59,0.0,230.86928000001217,baseline_5-10
912,623,Other,ORBl5,0,0.0,0,0.0,972,0.0,230.86928000001217,baseline_5-10
913,624,Other,ORBl6a,0,0.0,0,0.0,645,0.0,230.86928000001217,baseline_5-10
914,627,Other,ORBl5,1,0.004331455445262996,3,3.0,779,0.0038510911424903724,230.86928000001217,baseline_5-10
915,628,Other,ORBl5,0,0.0,0,0.0,9,0.0,230.86928000001217,baseline_5-10
916,632,Other,ORBl5,1,0.004331455445262996,3,3.0,2227,0.001347103726986978,230.86928000001217,baseline_5-10
917,633,Other,ORBl5,0,0.0,0,0.0,508,0.0,230.86928000001217,baseline_5-10
918,634,Other,ORBl5,0,0.0,0,0.0,208,0.0,230.86928000001217,baseline_5-10
919,635,Other,ORBl5,0,0.0,0,0.0,68,0.0,230.86928000001217,baseline_5-10
920,636,Other,ORBl5,6,0.025988732671577974,20,3.3333333333333335,133,0.15037593984962405,230.86928000001217,baseline_5-10
921,639,Other,ORBl5,0,0.0,0,0.0,459,0.0,230.86928000001217,baseline_5-10
922,640,Other,ORBl5,0,0.0,0,0.0,1067,0.0,230.86928000001217,baseline_5-10
923,641,Other,ORBl5,1,0.004331455445262996,3,3.0,883,0.0033975084937712344,230.86928000001217,baseline_5-10
924,642,Other,ORBl5,0,0.0,0,0.0,1,0.0,230.86928000001217,baseline_5-10
925,643,Other,ORBl5,1,0.004331455445262996,3,3.0,687,0.004366812227074236,230.86928000001217,baseline_5-10
926,644,Other,ORBl5,0,0.0,0,0.0,993,0.0,230.86928000001217,baseline_5-10
927,646,Other,ORBl5,1,0.004331455445262996,3,3.0,1094,0.002742230347349177,230.86928000001217,baseline_5-10
928,648,Other,ORBl5,0,0.0,0,0.0,153,0.0,230.86928000001217,baseline_5-10
929,650,Other,ORBl5,0,0.0,0,0.0,153,0.0,230.86928000001217,baseline_5-10
930,651,Other,ORBl5,0,0.0,0,0.0,377,0.0,230.86928000001217,baseline_5-10
931,652,Other,ORBl5,1,0.004331455445262996,3,3.0,3213,0.0009337068160597573,230.86928000001217,baseline_5-10
932,657,Other,ORBl5,0,0.0,0,0.0,360,0.0,230.86928000001217,baseline_5-10
933,658,Other,ORBl5,0,0.0,0,0.0,68,0.0,230.86928000001217,baseline_5-10
934,661,Other,ORBl5,0,0.0,0,0.0,115,0.0,230.86928000001217,baseline_5-10
935,662,Other,ORBl5,137,0.5934093960010305,702,5.124087591240876,1470,0.4775510204081633,230.86928000001217,baseline_5-10
936,663,Other,ORBl5,3,0.012994366335788987,9,3.0,98,0.09183673469387756,230.86928000001217,baseline_5-10
937,664,Other,ORBl5,7,0.030320188116840972,28,4.0,410,0.06829268292682927,230.86928000001217,baseline_5-10
938,665,Other,ORBl5,3,0.012994366335788987,9,3.0,1299,0.006928406466512702,230.86928000001217,baseline_5-10
939,666,Other,ORBl5,2,0.008662910890525993,6,3.0,1398,0.004291845493562232,230.86928000001217,baseline_5-10
940,669,Other,ORBl6a,0,0.0,0,0.0,2373,0.0,230.86928000001217,baseline_5-10
941,671,Other,ORBl5,0,0.0,0,0.0,245,0.0,230.86928000001217,baseline_5-10
942,673,Other,ORBl5,0,0.0,0,0.0,441,0.0,230.86928000001217,baseline_5-10
943,677,Other,ORBl5,2,0.008662910890525993,6,3.0,436,0.013761467889908258,230.86928000001217,baseline_5-10
944,678,Other,ORBl5,0,0.0,0,0.0,13,0.0,230.86928000001217,baseline_5-10
945,679,Other,ORBl5,0,0.0,0,0.0,174,0.0,230.86928000001217,baseline_5-10
946,681,Other,ORBl6a,0,0.0,0,0.0,232,0.0,230.86928000001217,baseline_5-10
947,684,Other,ORBl6a,0,0.0,0,0.0,265,0.0,230.86928000001217,baseline_5-10
948,685,Other,ORBl6a,6,0.025988732671577974,19,3.1666666666666665,1804,0.010532150776053215,230.86928000001217,baseline_5-10
949,688,Other,ORBl6a,1,0.004331455445262996,6,6.0,262,0.022900763358778626,230.86928000001217,baseline_5-10
950,689,Other,ORBl6a,14,0.060640376233681945,54,3.857142857142857,402,0.13432835820895522,230.86928000001217,baseline_5-10
951,690,Other,ORBl6a,0,0.0,0,0.0,196,0.0,230.86928000001217,baseline_5-10
952,692,Other,ORBl6a,10,0.04331455445262996,60,6.0,715,0.08391608391608392,230.86928000001217,baseline_5-10
953,694,Other,ORBl6a,1,0.004331455445262996,5,5.0,84,0.05952380952380952,230.86928000001217,baseline_5-10
954,696,Other,ORBl6a,1,0.004331455445262996,3,3.0,1585,0.0018927444794952682,230.86928000001217,baseline_5-10
955,698,Other,ORBl6a,2,0.008662910890525993,9,4.5,109,0.08256880733944955,230.86928000001217,baseline_5-10
956,700,Other,ORBl6a,1,0.004331455445262996,3,3.0,269,0.011152416356877323,230.86928000001217,baseline_5-10
957,701,Other,ORBl6a,0,0.0,0,0.0,1224,0.0,230.86928000001217,baseline_5-10
958,703,Other,ORBl6a,0,0.0,0,0.0,6,0.0,230.86928000001217,baseline_5-10
959,706,Other,ORBl6a,0,0.0,0,0.0,31,0.0,230.86928000001217,baseline_5-10
960,707,Other,ORBl6a,0,0.0,0,0.0,2,0.0,230.86928000001217,baseline_5-10
961,709,Other,ORBl6a,8,0.03465164356210397,26,3.25,1716,0.015151515151515152,230.86928000001217,baseline_5-10
962,710,Other,ORBl6a,0,0.0,0,0.0,136,0.0,230.86928000001217,baseline_5-10
963,711,Other,ORBl6a,0,0.0,0,0.0,208,0.0,230.86928000001217,baseline_5-10
964,712,Other,ORBl6a,3,0.012994366335788987,10,3.3333333333333335,3264,0.0030637254901960784,230.86928000001217,baseline_5-10
965,714,Other,ORBl6a,2,0.008662910890525993,9,4.5,3498,0.002572898799313894,230.86928000001217,baseline_5-10
966,715,Other,ORBl6a,7,0.030320188116840972,25,3.5714285714285716,1350,0.018518518518518517,230.86928000001217,baseline_5-10
967,718,Other,ORBl6a,3,0.012994366335788987,14,4.666666666666667,913,0.01533406352683461,230.86928000001217,baseline_5-10
968,719,Other,ORBl6a,0,0.0,0,0.0,389,0.0,230.86928000001217,baseline_5-10
969,720,Other,ORBl6a,28,0.12128075246736389,98,3.5,1502,0.06524633821571238,230.86928000001217,baseline_5-10
970,721,Other,ORBl6a,0,0.0,0,0.0,815,0.0,230.86928000001217,baseline_5-10
971,725,Other,ORBl6a,0,0.0,0,0.0,55,0.0,230.86928000001217,baseline_5-10
972,726,Other,ORBl6a,0,0.0,0,0.0,475,0.0,230.86928000001217,baseline_5-10
973,727,Other,ORBl6a,0,0.0,0,0.0,224,0.0,230.86928000001217,baseline_5-10
974,728,Other,ORBl6a,3,0.012994366335788987,9,3.0,1086,0.008287292817679558,230.86928000001217,baseline_5-10
975,729,Other,ORBl6a,0,0.0,0,0.0,103,0.0,230.86928000001217,baseline_5-10
976,730,Other,ORBl6a,1,0.004331455445262996,6,6.0,227,0.02643171806167401,230.86928000001217,baseline_5-10
977,734,Other,ORBl6a,6,0.025988732671577974,29,4.833333333333333,222,0.13063063063063063,230.86928000001217,baseline_5-10
978,735,Other,ORBl6a,2,0.008662910890525993,7,3.5,109,0.06422018348623854,230.86928000001217,baseline_5-10
979,736,Other,ORBl6a,0,0.0,0,0.0,46,0.0,230.86928000001217,baseline_5-10
980,738,Other,ORBl6b,0,0.0,0,0.0,21,0.0,230.86928000001217,baseline_5-10
981,740,Other,ORBl6b,3,0.012994366335788987,21,7.0,291,0.07216494845360824,230.86928000001217,baseline_5-10
982,744,Other,ORBl6b,0,0.0,0,0.0,13,0.0,230.86928000001217,baseline_5-10
983,746,Other,scwm,6,0.025988732671577974,19,3.1666666666666665,843,0.022538552787663108,230.86928000001217,baseline_5-10
984,747,Other,ORBl6b,0,0.0,0,0.0,15,0.0,230.86928000001217,baseline_5-10
985,753,Other,scwm,0,0.0,0,0.0,7,0.0,230.86928000001217,baseline_5-10
986,755,Other,scwm,0,0.0,0,0.0,3204,0.0,230.86928000001217,baseline_5-10
987,756,Other,scwm,0,0.0,0,0.0,217,0.0,230.86928000001217,baseline_5-10
988,758,Other,ORBl6b,0,0.0,0,0.0,10,0.0,230.86928000001217,baseline_5-10
989,760,Other,ORBl6b,2,0.008662910890525993,14,7.0,42,0.3333333333333333,230.86928000001217,baseline_5-10
990,761,Other,ORBl6b,0,0.0,0,0.0,117,0.0,230.86928000001217,baseline_5-10
991,762,Other,ORBl6b,0,0.0,0,0.0,22,0.0,230.86928000001217,baseline_5-10
992,764,Other,AId6a,0,0.0,0,0.0,263,0.0,230.86928000001217,baseline_5-10
993,765,Other,AId6a,0,0.0,0,0.0,140,0.0,230.86928000001217,baseline_5-10
994,768,Other,AId6a,1,0.004331455445262996,4,4.0,81,0.04938271604938271,230.86928000001217,baseline_5-10
995,769,Other,AId6a,3,0.012994366335788987,9,3.0,2002,0.004495504495504496,230.86928000001217,baseline_5-10
996,771,Other,AId6a,4,0.017325821781051985,21,5.25,262,0.08015267175572519,230.86928000001217,baseline_5-10
997,773,Other,AId6a,0,0.0,0,0.0,18,0.0,230.86928000001217,baseline_5-10
998,779,Motor,MOs6a,0,0.0,0,0.0,5,0.0,230.86928000001217,baseline_5-10
999,780,Other,AId6a,3,0.012994366335788987,11,3.6666666666666665,351,0.03133903133903134,230.86928000001217,baseline_5-10
1000,781,Motor,MOs6a,0,0.0,0,0.0,733,0.0,230.86928000001217,baseline_5-10
1001,784,Motor,MOs6a,0,0.0,0,0.0,116,0.0,230.86928000001217,baseline_5-10
1002,787,Motor,MOs6a,9,0.03898309900736696,61,6.777777777777778,2110,0.02890995260663507,230.86928000001217,baseline_5-10
1003,788,Motor,MOs6a,0,0.0,0,0.0,263,0.0,230.86928000001217,baseline_5-10
1004,792,Motor,MOs6a,2,0.008662910890525993,6,3.0,1713,0.0035026269702276708,230.86928000001217,baseline_5-10
1005,796,Motor,MOs6a,0,0.0,0,0.0,8,0.0,230.86928000001217,baseline_5-10
1006,798,Motor,MOs6a,0,0.0,0,0.0,205,0.0,230.86928000001217,baseline_5-10
1007,799,Motor,MOs6a,0,0.0,0,0.0,18,0.0,230.86928000001217,baseline_5-10
1008,803,Motor,MOs6a,0,0.0,0,0.0,311,0.0,230.86928000001217,baseline_5-10
1009,804,Motor,MOs6a,0,0.0,0,0.0,460,0.0,230.86928000001217,baseline_5-10
1010,808,Motor,MOs6a,0,0.0,0,0.0,563,0.0,230.86928000001217,baseline_5-10
1011,809,Motor,MOs6a,0,0.0,0,0.0,1031,0.0,230.86928000001217,baseline_5-10
1012,816,Motor,MOs6a,0,0.0,0,0.0,274,0.0,230.86928000001217,baseline_5-10
1013,817,Motor,MOs6a,0,0.0,0,0.0,147,0.0,230.86928000001217,baseline_5-10
1014,818,Motor,MOs6a,1,0.004331455445262996,5,5.0,639,0.00782472613458529,230.86928000001217,baseline_5-10
1015,826,Motor,MOs6a,2,0.008662910890525993,6,3.0,1044,0.005747126436781609,230.86928000001217,baseline_5-10
1016,827,Motor,MOs6a,11,0.04764600989789296,40,3.6363636363636362,6460,0.006191950464396285,230.86928000001217,baseline_5-10
1017,828,Motor,MOs6a,0,0.0,0,0.0,365,0.0,230.86928000001217,baseline_5-10
1018,829,Motor,MOs6a,6,0.025988732671577974,24,4.0,3004,0.007989347536617843,230.86928000001217,baseline_5-10
1019,830,Motor,MOs6a,0,0.0,0,0.0,512,0.0,230.86928000001217,baseline_5-10
1020,832,Motor,MOs6a,0,0.0,0,0.0,405,0.0,230.86928000001217,baseline_5-10
1021,834,Motor,MOs6a,0,0.0,0,0.0,197,0.0,230.86928000001217,baseline_5-10
1022,839,Motor,MOs5,2,0.008662910890525993,6,3.0,521,0.011516314779270634,230.86928000001217,baseline_5-10
1023,840,Motor,MOs5,0,0.0,0,0.0,164,0.0,230.86928000001217,baseline_5-10
1024,845,Motor,MOs5,6,0.025988732671577974,24,4.0,596,0.040268456375838924,230.86928000001217,baseline_5-10
1025,849,Motor,MOs5,6,0.025988732671577974,20,3.3333333333333335,2641,0.007572889057175312,230.86928000001217,baseline_5-10
1026,854,Motor,MOs5,0,0.0,0,0.0,5,0.0,230.86928000001217,baseline_5-10
1027,857,Motor,MOs5,2,0.008662910890525993,6,3.0,2611,0.002297970126388357,230.86928000001217,baseline_5-10
1028,859,Motor,MOs5,2,0.008662910890525993,6,3.0,473,0.012684989429175475,230.86928000001217,baseline_5-10
1029,861,Motor,MOs5,6,0.025988732671577974,21,3.5,1307,0.016067329762815608,230.86928000001217,baseline_5-10
1030,862,Motor,MOs5,15,0.06497183167894494,57,3.8,265,0.21509433962264152,230.86928000001217,baseline_5-10
1031,864,Motor,MOs5,2,0.008662910890525993,6,3.0,563,0.010657193605683837,230.86928000001217,baseline_5-10
1032,868,Motor,MOp5,3,0.012994366335788987,10,3.3333333333333335,3053,0.003275466754012447,230.86928000001217,baseline_5-10
1033,869,Motor,MOp5,0,0.0,0,0.0,1169,0.0,230.86928000001217,baseline_5-10
1034,873,Motor,MOp5,0,0.0,0,0.0,196,0.0,230.86928000001217,baseline_5-10
1035,874,Motor,MOp5,7,0.030320188116840972,23,3.2857142857142856,1330,0.017293233082706767,230.86928000001217,baseline_5-10
1036,875,Motor,MOp5,15,0.06497183167894494,47,3.1333333333333333,767,0.061277705345501955,230.86928000001217,baseline_5-10
1037,876,Motor,MOp5,0,0.0,0,0.0,514,0.0,230.86928000001217,baseline_5-10
1038,878,Motor,MOs5,6,0.025988732671577974,19,3.1666666666666665,1745,0.010888252148997135,230.86928000001217,baseline_5-10
1039,881,Motor,MOp5,4,0.017325821781051985,13,3.25,1373,0.009468317552804079,230.86928000001217,baseline_5-10
1040,882,Motor,MOs5,4,0.017325821781051985,14,3.5,388,0.03608247422680412,230.86928000001217,baseline_5-10
1041,883,Motor,MOs5,0,0.0,0,0.0,613,0.0,230.86928000001217,baseline_5-10
1042,884,Motor,MOs5,4,0.017325821781051985,12,3.0,2519,0.004763795156808257,230.86928000001217,baseline_5-10
1043,887,Motor,MOp5,0,0.0,0,0.0,882,0.0,230.86928000001217,baseline_5-10
1044,891,Motor,MOp5,0,0.0,0,0.0,416,0.0,230.86928000001217,baseline_5-10
1045,892,Motor,MOp5,0,0.0,0,0.0,192,0.0,230.86928000001217,baseline_5-10
1046,893,Motor,MOp5,1,0.004331455445262996,3,3.0,372,0.008064516129032258,230.86928000001217,baseline_5-10
1047,894,Motor,MOp5,0,0.0,0,0.0,37,0.0,230.86928000001217,baseline_5-10
1048,895,Motor,MOp5,6,0.025988732671577974,21,3.5,2387,0.008797653958944282,230.86928000001217,baseline_5-10
1049,897,Motor,MOp5,0,0.0,0,0.0,20,0.0,230.86928000001217,baseline_5-10
1050,898,Motor,MOp5,0,0.0,0,0.0,143,0.0,230.86928000001217,baseline_5-10
1051,899,Motor,MOp5,0,0.0,0,0.0,381,0.0,230.86928000001217,baseline_5-10
1052,900,Motor,MOp5,0,0.0,0,0.0,69,0.0,230.86928000001217,baseline_5-10
1053,906,Motor,MOp5,0,0.0,0,0.0,300,0.0,230.86928000001217,baseline_5-10
1054,907,Motor,MOp2/3,0,0.0,0,0.0,485,0.0,230.86928000001217,baseline_5-10
1055,909,Motor,MOp5,4,0.017325821781051985,12,3.0,235,0.05106382978723404,230.86928000001217,baseline_5-10
1056,910,Motor,MOp5,0,0.0,0,0.0,471,0.0,230.86928000001217,baseline_5-10
1057,911,Motor,MOp2/3,0,0.0,0,0.0,154,0.0,230.86928000001217,baseline_5-10
1058,913,Motor,MOp5,0,0.0,0,0.0,307,0.0,230.86928000001217,baseline_5-10
1059,914,Motor,MOp2/3,3,0.012994366335788987,9,3.0,470,0.019148936170212766,230.86928000001217,baseline_5-10
1060,915,Motor,MOp2/3,0,0.0,0,0.0,1251,0.0,230.86928000001217,baseline_5-10
1061,920,Motor,MOp2/3,0,0.0,0,0.0,649,0.0,230.86928000001217,baseline_5-10
1062,921,Motor,MOp2/3,0,0.0,0,0.0,597,0.0,230.86928000001217,baseline_5-10
1063,922,Motor,MOp2/3,0,0.0,0,0.0,454,0.0,230.86928000001217,baseline_5-10
1064,924,Motor,MOp2/3,0,0.0,0,0.0,558,0.0,230.86928000001217,baseline_5-10
1065,926,Motor,MOp2/3,291,1.2604535345715318,1651,5.673539518900344,7763,0.21267551204431276,230.86928000001217,baseline_5-10
1066,927,Motor,MOp2/3,8,0.03465164356210397,26,3.25,1043,0.024928092042186004,230.86928000001217,baseline_5-10
1067,930,Motor,MOp2/3,0,0.0,0,0.0,757,0.0,230.86928000001217,baseline_5-10
1068,932,Motor,MOp2/3,0,0.0,0,0.0,214,0.0,230.86928000001217,baseline_5-10
1069,934,Motor,MOp2/3,32,0.13860657424841588,131,4.09375,816,0.16053921568627452,230.86928000001217,baseline_5-10
1070,935,Motor,MOp2/3,5,0.02165727722631498,15,3.0,331,0.045317220543806644,230.86928000001217,baseline_5-10
1071,936,Motor,MOp2/3,0,0.0,0,0.0,531,0.0,230.86928000001217,baseline_5-10
1072,937,Motor,MOp2/3,0,0.0,0,0.0,385,0.0,230.86928000001217,baseline_5-10
1073,939,Motor,MOp2/3,0,0.0,0,0.0,464,0.0,230.86928000001217,baseline_5-10
1074,940,Motor,MOp2/3,0,0.0,0,0.0,273,0.0,230.86928000001217,baseline_5-10
1075,941,Motor,MOp2/3,4,0.017325821781051985,13,3.25,1672,0.00777511961722488,230.86928000001217,baseline_5-10
1076,945,Motor,MOp2/3,1,0.004331455445262996,3,3.0,138,0.021739130434782608,230.86928000001217,baseline_5-10
1077,946,Motor,MOp2/3,0,0.0,0,0.0,169,0.0,230.86928000001217,baseline_5-10
1078,950,Motor,MOp2/3,0,0.0,0,0.0,520,0.0,230.86928000001217,baseline_5-10
1079,951,Motor,MOp2/3,1,0.004331455445262996,3,3.0,523,0.0057361376673040155,230.86928000001217,baseline_5-10
1080,953,Motor,MOp2/3,0,0.0,0,0.0,268,0.0,230.86928000001217,baseline_5-10
1081,954,Motor,MOp2/3,1,0.004331455445262996,3,3.0,390,0.007692307692307693,230.86928000001217,baseline_5-10
1082,957,Motor,MOp2/3,0,0.0,0,0.0,14,0.0,230.86928000001217,baseline_5-10
1083,962,Motor,MOp2/3,17,0.07363474256947093,54,3.176470588235294,887,0.060879368658399095,230.86928000001217,baseline_5-10
1084,963,Motor,MOp2/3,2,0.008662910890525993,6,3.0,606,0.009900990099009901,230.86928000001217,baseline_5-10
1085,966,Motor,MOp2/3,1,0.004331455445262996,3,3.0,647,0.00463678516228748,230.86928000001217,baseline_5-10
1086,967,Motor,MOp2/3,8,0.03465164356210397,24,3.0,948,0.02531645569620253,230.86928000001217,baseline_5-10
1087,968,Motor,MOp2/3,16,0.06930328712420794,50,3.125,705,0.07092198581560284,230.86928000001217,baseline_5-10
1088,972,Motor,MOp2/3,2,0.008662910890525993,6,3.0,714,0.008403361344537815,230.86928000001217,baseline_5-10
1089,978,Motor,MOp2/3,1,0.004331455445262996,3,3.0,326,0.009202453987730062,230.86928000001217,baseline_5-10
1090,982,Motor,MOp2/3,0,0.0,0,0.0,578,0.0,230.86928000001217,baseline_5-10
1091,986,Motor,MOp1,12,0.05197746534315595,38,3.1666666666666665,832,0.04567307692307692,230.86928000001217,baseline_5-10
1092,991,STR,ACB,1,0.004331455445262996,3,3.0,51,0.058823529411764705,230.86928000001217,baseline_5-10
1093,992,STR,ACB,37,0.16026385147473085,136,3.675675675675676,1689,0.08052101835405566,230.86928000001217,baseline_5-10
1094,993,STR,ACB,2,0.008662910890525993,6,3.0,487,0.012320328542094456,230.86928000001217,baseline_5-10
1095,995,STR,ACB,0,0.0,0,0.0,21,0.0,230.86928000001217,baseline_5-10
1096,997,STR,ACB,32,0.13860657424841588,102,3.1875,2062,0.049466537342386034,230.86928000001217,baseline_5-10
1097,1000,STR,ACB,0,0.0,0,0.0,61,0.0,230.86928000001217,baseline_5-10
1098,1001,STR,ACB,0,0.0,0,0.0,17,0.0,230.86928000001217,baseline_5-10
1099,1003,STR,ACB,1,0.004331455445262996,3,3.0,133,0.022556390977443608,230.86928000001217,baseline_5-10
1100,1006,STR,ACB,0,0.0,0,0.0,21,0.0,230.86928000001217,baseline_5-10
1101,1007,STR,ACB,1,0.004331455445262996,3,3.0,177,0.01694915254237288,230.86928000001217,baseline_5-10
1102,1013,STR,ACB,0,0.0,0,0.0,8,0.0,230.86928000001217,baseline_5-10
1103,1014,STR,ACB,0,0.0,0,0.0,8,0.0,230.86928000001217,baseline_5-10
1104,1015,STR,ACB,0,0.0,0,0.0,10,0.0,230.86928000001217,baseline_5-10
1105,1020,STR,ACB,0,0.0,0,0.0,330,0.0,230.86928000001217,baseline_5-10
1106,1021,STR,ACB,1,0.004331455445262996,5,5.0,62,0.08064516129032258,230.86928000001217,baseline_5-10
1107,1022,STR,ACB,6,0.025988732671577974,18,3.0,737,0.024423337856173677,230.86928000001217,baseline_5-10
1108,1023,STR,ACB,0,0.0,0,0.0,6,0.0,230.86928000001217,baseline_5-10
1109,1024,Other,OLF,0,0.0,0,0.0,6,0.0,230.86928000001217,baseline_5-10
1110,1025,Other,OLF,0,0.0,0,0.0,41,0.0,230.86928000001217,baseline_5-10
1111,1026,Other,OLF,0,0.0,0,0.0,1556,0.0,230.86928000001217,baseline_5-10
1112,1027,Other,OLF,0,0.0,0,0.0,148,0.0,230.86928000001217,baseline_5-10
1113,1028,Other,OLF,0,0.0,0,0.0,34,0.0,230.86928000001217,baseline_5-10
1114,1032,Other,OLF,0,0.0,0,0.0,51,0.0,230.86928000001217,baseline_5-10
1115,1033,Other,OLF,0,0.0,0,0.0,522,0.0,230.86928000001217,baseline_5-10
1116,1035,Other,ORBl5,3,0.012994366335788987,10,3.3333333333333335,1715,0.0058309037900874635,230.86928000001217,baseline_5-10
1117,1038,Other,ORBl5,1,0.004331455445262996,3,3.0,600,0.005,230.86928000001217,baseline_5-10
1118,1039,Other,ORBl5,0,0.0,0,0.0,68,0.0,230.86928000001217,baseline_5-10
1119,1042,Other,ORBl5,0,0.0,0,0.0,518,0.0,230.86928000001217,baseline_5-10
1120,1045,Other,ORBl5,5,0.02165727722631498,20,4.0,428,0.04672897196261682,230.86928000001217,baseline_5-10
1121,1047,Other,ORBl5,0,0.0,0,0.0,76,0.0,230.86928000001217,baseline_5-10
1122,1049,Other,ORBl5,8,0.03465164356210397,35,4.375,1177,0.029736618521665252,230.86928000001217,baseline_5-10
1123,1052,Other,ORBl6a,1,0.004331455445262996,3,3.0,11,0.2727272727272727,230.86928000001217,baseline_5-10
1124,1054,Other,ORBl6a,0,0.0,0,0.0,145,0.0,230.86928000001217,baseline_5-10
1125,1058,Other,ORBl6a,0,0.0,0,0.0,11,0.0,230.86928000001217,baseline_5-10
1126,1059,Other,ORBl6a,0,0.0,0,0.0,148,0.0,230.86928000001217,baseline_5-10
1127,1060,Other,ORBl6a,0,0.0,0,0.0,360,0.0,230.86928000001217,baseline_5-10
1128,1063,Other,ORBl6a,0,0.0,0,0.0,133,0.0,230.86928000001217,baseline_5-10
1129,1064,Other,ORBl6a,0,0.0,0,0.0,36,0.0,230.86928000001217,baseline_5-10
1130,1067,Other,ORBl6a,0,0.0,0,0.0,386,0.0,230.86928000001217,baseline_5-10
1131,1068,Other,ORBl6a,0,0.0,0,0.0,74,0.0,230.86928000001217,baseline_5-10
1132,1069,Other,ORBl6a,0,0.0,0,0.0,794,0.0,230.86928000001217,baseline_5-10
1133,1070,Other,ORBl6a,2,0.008662910890525993,6,3.0,169,0.03550295857988166,230.86928000001217,baseline_5-10
1134,1071,Other,ORBl6a,0,0.0,0,0.0,2422,0.0,230.86928000001217,baseline_5-10
1135,1072,Other,ORBl6a,0,0.0,0,0.0,39,0.0,230.86928000001217,baseline_5-10
1136,1073,Other,ORBl6a,0,0.0,0,0.0,5,0.0,230.86928000001217,baseline_5-10
1137,1074,Other,ORBl6a,0,0.0,0,0.0,15,0.0,230.86928000001217,baseline_5-10
1138,1076,Other,ORBl6a,0,0.0,0,0.0,82,0.0,230.86928000001217,baseline_5-10
1139,1078,Other,ORBl6b,0,0.0,0,0.0,93,0.0,230.86928000001217,baseline_5-10
1140,1079,Other,ORBl6b,0,0.0,0,0.0,266,0.0,230.86928000001217,baseline_5-10
1141,1080,Other,ORBl6b,0,0.0,0,0.0,1,0.0,230.86928000001217,baseline_5-10
1142,1081,Other,ORBl6b,0,0.0,0,0.0,50,0.0,230.86928000001217,baseline_5-10
1143,1082,Other,ORBl6b,0,0.0,0,0.0,12,0.0,230.86928000001217,baseline_5-10
1144,1083,Other,ORBl6b,0,0.0,0,0.0,3,0.0,230.86928000001217,baseline_5-10
1145,1084,Other,scwm,0,0.0,0,0.0,25,0.0,230.86928000001217,baseline_5-10
1146,1085,Other,scwm,0,0.0,0,0.0,9,0.0,230.86928000001217,baseline_5-10
1147,1087,Other,scwm,0,0.0,0,0.0,408,0.0,230.86928000001217,baseline_5-10
1148,1089,Other,AId6a,1,0.004331455445262996,4,4.0,1291,0.003098373353989156,230.86928000001217,baseline_5-10
1149,1090,Other,AId6a,0,0.0,0,0.0,80,0.0,230.86928000001217,baseline_5-10
1150,1092,Other,AId6a,0,0.0,0,0.0,137,0.0,230.86928000001217,baseline_5-10
1151,1094,Motor,MOs6a,0,0.0,0,0.0,11,0.0,230.86928000001217,baseline_5-10
1152,1095,Motor,MOs6a,0,0.0,0,0.0,5,0.0,230.86928000001217,baseline_5-10
1153,1096,Motor,MOs6a,0,0.0,0,0.0,72,0.0,230.86928000001217,baseline_5-10
1154,1097,Motor,MOs6a,2,0.008662910890525993,12,6.0,52,0.23076923076923078,230.86928000001217,baseline_5-10
1155,1100,Motor,MOs6a,0,0.0,0,0.0,10,0.0,230.86928000001217,baseline_5-10
1156,1103,Motor,MOs6a,0,0.0,0,0.0,26,0.0,230.86928000001217,baseline_5-10
1157,1113,Motor,MOs6a,0,0.0,0,0.0,676,0.0,230.86928000001217,baseline_5-10
1158,1114,Motor,MOs5,2,0.008662910890525993,6,3.0,432,0.013888888888888888,230.86928000001217,baseline_5-10
1159,1116,Motor,MOs5,1,0.004331455445262996,3,3.0,633,0.004739336492890996,230.86928000001217,baseline_5-10
1160,1117,Motor,MOs5,5,0.02165727722631498,17,3.4,84,0.20238095238095238,230.86928000001217,baseline_5-10
1161,1118,Motor,MOs5,0,0.0,0,0.0,184,0.0,230.86928000001217,baseline_5-10
1162,1122,Motor,MOs5,0,0.0,0,0.0,374,0.0,230.86928000001217,baseline_5-10
1163,1126,Motor,MOs5,0,0.0,0,0.0,58,0.0,230.86928000001217,baseline_5-10
1164,1128,Motor,MOs5,0,0.0,0,0.0,97,0.0,230.86928000001217,baseline_5-10
1165,1130,Motor,MOs5,4,0.017325821781051985,16,4.0,491,0.032586558044806514,230.86928000001217,baseline_5-10
1166,1132,Motor,MOp5,0,0.0,0,0.0,176,0.0,230.86928000001217,baseline_5-10
1167,1133,Motor,MOp5,1,0.004331455445262996,3,3.0,477,0.006289308176100629,230.86928000001217,baseline_5-10
1168,1136,Motor,MOp5,0,0.0,0,0.0,375,0.0,230.86928000001217,baseline_5-10
1169,1137,Motor,MOp5,0,0.0,0,0.0,14,0.0,230.86928000001217,baseline_5-10
1170,1138,Motor,MOp2/3,0,0.0,0,0.0,140,0.0,230.86928000001217,baseline_5-10
1171,1140,Motor,MOp2/3,1,0.004331455445262996,3,3.0,542,0.005535055350553505,230.86928000001217,baseline_5-10
1172,1141,Motor,MOp2/3,0,0.0,0,0.0,552,0.0,230.86928000001217,baseline_5-10
1173,1142,Motor,MOp2/3,0,0.0,0,0.0,150,0.0,230.86928000001217,baseline_5-10
1174,1143,Motor,MOp2/3,2,0.008662910890525993,8,4.0,435,0.01839080459770115,230.86928000001217,baseline_5-10
1175,1148,Motor,MOp2/3,0,0.0,0,0.0,206,0.0,230.86928000001217,baseline_5-10
1176,1150,STR,ACB,0,0.0,0,0.0,1,0.0,230.86928000001217,baseline_5-10
1177,1158,STR,ACB,0,0.0,0,0.0,1,0.0,230.86928000001217,baseline_5-10
1178,1159,STR,ACB,2,0.008662910890525993,6,3.0,222,0.02702702702702703,230.86928000001217,baseline_5-10
1179,1160,Other,OLF,0,0.0,0,0.0,11,0.0,230.86928000001217,baseline_5-10
1180,1161,Other,ORBl5,1,0.004331455445262996,3,3.0,113,0.02654867256637168,230.86928000001217,baseline_5-10
1181,1162,Other,ORBl5,0,0.0,0,0.0,15,0.0,230.86928000001217,baseline_5-10
1182,1164,Other,ORBl5,1,0.004331455445262996,3,3.0,557,0.005385996409335727,230.86928000001217,baseline_5-10
1183,1166,Other,ORBl6a,1,0.004331455445262996,5,5.0,157,0.03184713375796178,230.86928000001217,baseline_5-10
1184,1168,Other,ORBl6a,0,0.0,0,0.0,119,0.0,230.86928000001217,baseline_5-10
1185,1169,Other,ORBl6a,0,0.0,0,0.0,169,0.0,230.86928000001217,baseline_5-10
1186,1172,Other,ORBl6a,0,0.0,0,0.0,30,0.0,230.86928000001217,baseline_5-10
1187,1173,Other,ORBl6a,0,0.0,0,0.0,46,0.0,230.86928000001217,baseline_5-10
1188,1174,Other,ORBl6a,0,0.0,0,0.0,21,0.0,230.86928000001217,baseline_5-10
1189,1175,Other,ORBl6a,2,0.008662910890525993,9,4.5,20,0.45,230.86928000001217,baseline_5-10
1190,1176,Other,ORBl6a,0,0.0,0,0.0,10,0.0,230.86928000001217,baseline_5-10
1191,1178,Other,ORBl6b,0,0.0,0,0.0,439,0.0,230.86928000001217,baseline_5-10
1192,1179,Other,ORBl6b,0,0.0,0,0.0,31,0.0,230.86928000001217,baseline_5-10
1193,1180,Other,scwm,0,0.0,0,0.0,78,0.0,230.86928000001217,baseline_5-10
1194,1183,Motor,MOs6a,0,0.0,0,0.0,9,0.0,230.86928000001217,baseline_5-10
1195,1186,Motor,MOs5,7,0.030320188116840972,23,3.2857142857142856,1604,0.014339152119700748,230.86928000001217,baseline_5-10
1196,1187,Motor,MOs5,0,0.0,0,0.0,41,0.0,230.86928000001217,baseline_5-10
1197,1190,Motor,MOp5,0,0.0,0,0.0,366,0.0,230.86928000001217,baseline_5-10
1198,1192,Other,ORBl5,0,0.0,0,0.0,35,0.0,230.86928000001217,baseline_5-10
1199,1194,Other,ORBl6a,0,0.0,0,0.0,15,0.0,230.86928000001217,baseline_5-10
1200,1195,Other,ORBl6a,0,0.0,0,0.0,348,0.0,230.86928000001217,baseline_5-10
1201,1197,Other,ORBl6a,0,0.0,0,0.0,13,0.0,230.86928000001217,baseline_5-10
1202,1200,STR,ACB,0,0.0,0,0.0,293,0.0,230.86928000001217,baseline_5-10
1203,1201,STR,ACB,2,0.008662910890525993,7,3.5,1104,0.006340579710144928,230.86928000001217,baseline_5-10
1204,1202,STR,ACB,0,0.0,0,0.0,809,0.0,230.86928000001217,baseline_5-10
1205,1203,Other,OLF,0,0.0,0,0.0,106,0.0,230.86928000001217,baseline_5-10
1206,1205,Other,ORBl5,0,0.0,0,0.0,1858,0.0,230.86928000001217,baseline_5-10
1207,1208,Other,ORBl5,0,0.0,0,0.0,10,0.0,230.86928000001217,baseline_5-10
1208,1209,Other,ORBl6a,1,0.004331455445262996,3,3.0,700,0.004285714285714286,230.86928000001217,baseline_5-10
1209,1211,Other,ORBl6a,0,0.0,0,0.0,428,0.0,230.86928000001217,baseline_5-10
1210,1212,Other,ORBl6a,0,0.0,0,0.0,0,0.0,230.86928000001217,baseline_5-10
1211,1213,Other,ORBl6a,0,0.0,0,0.0,33,0.0,230.86928000001217,baseline_5-10
1212,1214,Other,AId6a,1,0.004331455445262996,4,4.0,901,0.004439511653718091,230.86928000001217,baseline_5-10
1213,1218,Motor,MOp5,1,0.004331455445262996,3,3.0,1107,0.0027100271002710027,230.86928000001217,baseline_5-10
1214,1224,STR,ACB,0,0.0,0,0.0,242,0.0,230.86928000001217,baseline_5-10
1215,1225,Other,ORBl6a,0,0.0,0,0.0,45,0.0,230.86928000001217,baseline_5-10
1216,1226,Other,ORBl5,0,0.0,0,0.0,10,0.0,230.86928000001217,baseline_5-10
1217,1228,Other,ORBl6a,0,0.0,0,0.0,32,0.0,230.86928000001217,baseline_5-10
1218,0,Thalamus,PO,25,0.10975984545813716,52,2.08,1528,0.034031413612565446,227.7700000000009,effect_0-5
1219,2,Thalamus,PO,21,0.09219827018483522,42,2.0,1700,0.024705882352941175,227.7700000000009,effect_0-5
1220,3,Thalamus,PO,17,0.07463669491153327,32,1.8823529411764706,794,0.04030226700251889,227.7700000000009,effect_0-5
1221,5,Thalamus,PO,19,0.08341748254818425,37,1.9473684210526316,1170,0.03162393162393162,227.7700000000009,effect_0-5
1222,7,Thalamus,PO,29,0.12732142073143912,71,2.4482758620689653,492,0.1443089430894309,227.7700000000009,effect_0-5
1223,8,Thalamus,PO,50,0.21951969091627432,102,2.04,1031,0.09893307468477207,227.7700000000009,effect_0-5
1224,9,Thalamus,PO,60,0.2634236290995292,119,1.9833333333333334,1576,0.07550761421319797,227.7700000000009,effect_0-5
1225,10,Thalamus,PO,21,0.09219827018483522,43,2.0476190476190474,686,0.06268221574344024,227.7700000000009,effect_0-5
1226,13,Thalamus,PO,0,0.0,0,0.0,26,0.0,227.7700000000009,effect_0-5
1227,16,Thalamus,PO,28,0.12293102691311363,64,2.2857142857142856,469,0.13646055437100213,227.7700000000009,effect_0-5
1228,17,Thalamus,PO,8,0.03512315054660389,16,2.0,467,0.034261241970021415,227.7700000000009,effect_0-5
1229,18,Thalamus,PO,31,0.1361022083680901,63,2.032258064516129,960,0.065625,227.7700000000009,effect_0-5
1230,19,Thalamus,PO,29,0.12732142073143912,60,2.0689655172413794,538,0.11152416356877323,227.7700000000009,effect_0-5
1231,23,Thalamus,PO,61,0.26781402291785467,125,2.0491803278688523,1866,0.0669882100750268,227.7700000000009,effect_0-5
1232,25,Thalamus,PO,0,0.0,0,0.0,45,0.0,227.7700000000009,effect_0-5
1233,27,Thalamus,PO,0,0.0,0,0.0,115,0.0,227.7700000000009,effect_0-5
1234,28,Thalamus,PO,25,0.10975984545813716,53,2.12,427,0.12412177985948478,227.7700000000009,effect_0-5
1235,29,Thalamus,PO,64,0.28098520437283114,139,2.171875,1654,0.08403869407496976,227.7700000000009,effect_0-5
1236,31,Thalamus,PO,21,0.09219827018483522,46,2.1904761904761907,565,0.08141592920353982,227.7700000000009,effect_0-5
1237,32,Thalamus,PO,32,0.14049260218641557,76,2.375,518,0.14671814671814673,227.7700000000009,effect_0-5
1238,33,Thalamus,PO,12,0.05268472581990584,27,2.25,782,0.034526854219948847,227.7700000000009,effect_0-5
1239,34,Thalamus,PO,47,0.20634850946129787,110,2.3404255319148937,1501,0.07328447701532312,227.7700000000009,effect_0-5
1240,35,Thalamus,PO,47,0.20634850946129787,96,2.0425531914893615,2592,0.037037037037037035,227.7700000000009,effect_0-5
1241,36,Thalamus,PO,19,0.08341748254818425,38,2.0,2210,0.017194570135746608,227.7700000000009,effect_0-5
1242,38,Thalamus,PO,1,0.004390393818325487,2,2.0,105,0.01904761904761905,227.7700000000009,effect_0-5
1243,39,Thalamus,PO,2,0.008780787636650973,5,2.5,846,0.00591016548463357,227.7700000000009,effect_0-5
1244,40,Thalamus,PO,36,0.15805417745971753,82,2.2777777777777777,1327,0.06179351921627732,227.7700000000009,effect_0-5
1245,41,Thalamus,PO,12,0.05268472581990584,18,1.5,1379,0.01305293691080493,227.7700000000009,effect_0-5
1246,42,Thalamus,PO,17,0.07463669491153327,38,2.235294117647059,1040,0.03653846153846154,227.7700000000009,effect_0-5
1247,43,Thalamus,PO,18,0.07902708872985877,41,2.2777777777777777,1837,0.02231899836690256,227.7700000000009,effect_0-5
1248,44,Thalamus,PO,34,0.14927338982306654,64,1.8823529411764706,2083,0.030724915986557848,227.7700000000009,effect_0-5
1249,46,Thalamus,PO,0,0.0,0,0.0,78,0.0,227.7700000000009,effect_0-5
1250,47,Thalamus,PO,26,0.11415023927646266,54,2.076923076923077,1226,0.04404567699836868,227.7700000000009,effect_0-5
1251,50,Thalamus,PO,88,0.38635465601264285,206,2.340909090909091,3116,0.06611039794608473,227.7700000000009,effect_0-5
1252,53,Thalamus,PO,23,0.1009790578214862,50,2.1739130434782608,1625,0.03076923076923077,227.7700000000009,effect_0-5
1253,54,Thalamus,PO,19,0.08341748254818425,38,2.0,1798,0.021134593993325918,227.7700000000009,effect_0-5
1254,55,Thalamus,PO,57,0.25025244764455273,127,2.2280701754385963,2265,0.05607064017660044,227.7700000000009,effect_0-5
1255,56,Thalamus,PO,23,0.1009790578214862,54,2.347826086956522,934,0.057815845824411134,227.7700000000009,effect_0-5
1256,57,Thalamus,PO,44,0.19317732800632142,96,2.1818181818181817,2002,0.04795204795204795,227.7700000000009,effect_0-5
1257,58,Thalamus,PO,40,0.17561575273301946,77,1.925,2332,0.0330188679245283,227.7700000000009,effect_0-5
1258,59,Thalamus,PO,60,0.2634236290995292,143,2.3833333333333333,1185,0.12067510548523207,227.7700000000009,effect_0-5
1259,61,Thalamus,PO,22,0.09658866400316071,49,2.227272727272727,1416,0.0346045197740113,227.7700000000009,effect_0-5
1260,62,Thalamus,PO,48,0.21073890327962336,108,2.25,2258,0.047829937998228524,227.7700000000009,effect_0-5
1261,64,Thalamus,PO,5,0.021951969091627433,8,1.6,2580,0.0031007751937984496,227.7700000000009,effect_0-5
1262,65,Thalamus,PO,103,0.4522105632875251,231,2.2427184466019416,1618,0.14276885043263288,227.7700000000009,effect_0-5
1263,66,Thalamus,PO,12,0.05268472581990584,20,1.6666666666666667,1066,0.01876172607879925,227.7700000000009,effect_0-5
1264,68,Thalamus,PO,24,0.10536945163981168,53,2.2083333333333335,1592,0.03329145728643216,227.7700000000009,effect_0-5
1265,69,Thalamus,PO,26,0.11415023927646266,61,2.3461538461538463,1951,0.031266017426960536,227.7700000000009,effect_0-5
1266,72,Thalamus,PO,56,0.24586205382622725,77,1.375,3073,0.025056947608200455,227.7700000000009,effect_0-5
1267,74,Thalamus,PO,47,0.20634850946129787,123,2.617021276595745,1441,0.08535739070090215,227.7700000000009,effect_0-5
1268,75,Thalamus,PO,70,0.30732756728278404,141,2.0142857142857142,3244,0.04346485819975339,227.7700000000009,effect_0-5
1269,78,Thalamus,PO,56,0.24586205382622725,129,2.3035714285714284,1842,0.07003257328990228,227.7700000000009,effect_0-5
1270,80,Thalamus,PO,75,0.3292795363744115,203,2.7066666666666666,2827,0.07180756986204458,227.7700000000009,effect_0-5
1271,82,Thalamus,PO,34,0.14927338982306654,77,2.264705882352941,389,0.19794344473007713,227.7700000000009,effect_0-5
1272,83,Thalamus,PO,38,0.1668349650963685,84,2.210526315789474,2005,0.041895261845386535,227.7700000000009,effect_0-5
1273,84,Thalamus,PO,6,0.02634236290995292,10,1.6666666666666667,2452,0.004078303425774877,227.7700000000009,effect_0-5
1274,85,Thalamus,PO,81,0.35562189928436444,182,2.246913580246914,2429,0.07492795389048991,227.7700000000009,effect_0-5
1275,86,Thalamus,PO,40,0.17561575273301946,85,2.125,2761,0.030785947120608476,227.7700000000009,effect_0-5
1276,88,Thalamus,PO,19,0.08341748254818425,46,2.4210526315789473,1186,0.0387858347386172,227.7700000000009,effect_0-5
1277,90,Thalamus,PO,61,0.26781402291785467,148,2.4262295081967213,1524,0.09711286089238845,227.7700000000009,effect_0-5
1278,92,Thalamus,PO,27,0.11854063309478814,57,2.111111111111111,945,0.06031746031746032,227.7700000000009,effect_0-5
1279,95,Thalamus,PO,36,0.15805417745971753,88,2.4444444444444446,2006,0.04386839481555334,227.7700000000009,effect_0-5
1280,96,Thalamus,PO,11,0.048294332001580356,26,2.3636363636363638,677,0.03840472673559823,227.7700000000009,effect_0-5
1281,97,Thalamus,PO,47,0.20634850946129787,101,2.148936170212766,932,0.10836909871244635,227.7700000000009,effect_0-5
1282,98,Thalamus,PO,55,0.24147166000790177,143,2.6,2815,0.05079928952042629,227.7700000000009,effect_0-5
1283,99,Thalamus,PO,65,0.28537559819115665,158,2.4307692307692306,768,0.20572916666666666,227.7700000000009,effect_0-5
1284,102,Thalamus,PO,46,0.2019581156429724,98,2.130434782608696,2994,0.032732130928523714,227.7700000000009,effect_0-5
1285,103,Thalamus,PO,12,0.05268472581990584,29,2.4166666666666665,1672,0.017344497607655503,227.7700000000009,effect_0-5
1286,104,Thalamus,PO,49,0.21512929709794884,114,2.326530612244898,437,0.2608695652173913,227.7700000000009,effect_0-5
1287,106,Thalamus,PO,31,0.1361022083680901,79,2.5483870967741935,1264,0.0625,227.7700000000009,effect_0-5
1288,108,Thalamus,PO,15,0.0658559072748823,41,2.7333333333333334,1562,0.026248399487836107,227.7700000000009,effect_0-5
1289,109,Thalamus,PO,42,0.18439654036967043,100,2.380952380952381,1710,0.05847953216374269,227.7700000000009,effect_0-5
1290,111,Thalamus,PO,25,0.10975984545813716,65,2.6,1519,0.042791310072416065,227.7700000000009,effect_0-5
1291,112,Thalamus,PO,150,0.658559072748823,389,2.5933333333333333,2451,0.1587107303141575,227.7700000000009,effect_0-5
1292,114,Thalamus,PO,28,0.12293102691311363,48,1.7142857142857142,1877,0.02557272242940863,227.7700000000009,effect_0-5
1293,116,Thalamus,PO,40,0.17561575273301946,94,2.35,2273,0.04135503739551254,227.7700000000009,effect_0-5
1294,117,Thalamus,PO,39,0.17122535891469398,95,2.4358974358974357,1172,0.0810580204778157,227.7700000000009,effect_0-5
1295,120,Thalamus,PO,31,0.1361022083680901,58,1.8709677419354838,2855,0.020315236427320492,227.7700000000009,effect_0-5
1296,121,Thalamus,PO,8,0.03512315054660389,15,1.875,1141,0.013146362839614373,227.7700000000009,effect_0-5
1297,124,Thalamus,PO,15,0.0658559072748823,32,2.1333333333333333,1674,0.019115890083632018,227.7700000000009,effect_0-5
1298,125,Thalamus,PO,12,0.05268472581990584,20,1.6666666666666667,1338,0.014947683109118086,227.7700000000009,effect_0-5
1299,126,Thalamus,PO,13,0.05707511963823133,23,1.7692307692307692,2248,0.010231316725978648,227.7700000000009,effect_0-5
1300,128,Thalamus,PO,88,0.38635465601264285,208,2.3636363636363638,1258,0.16534181240063592,227.7700000000009,effect_0-5
1301,129,Thalamus,PO,10,0.043903938183254866,22,2.2,975,0.022564102564102566,227.7700000000009,effect_0-5
1302,131,Thalamus,PO,24,0.10536945163981168,55,2.2916666666666665,1938,0.028379772961816305,227.7700000000009,effect_0-5
1303,132,Thalamus,PO,9,0.03951354436492938,25,2.7777777777777777,699,0.0357653791130186,227.7700000000009,effect_0-5
1304,133,Thalamus,PO,38,0.1668349650963685,100,2.6315789473684212,1114,0.08976660682226212,227.7700000000009,effect_0-5
1305,134,Thalamus,PO,10,0.043903938183254866,21,2.1,982,0.021384928716904276,227.7700000000009,effect_0-5
1306,135,Thalamus,PO,8,0.03512315054660389,13,1.625,2404,0.005407653910149751,227.7700000000009,effect_0-5
1307,138,Thalamus,PO,16,0.07024630109320779,42,2.625,1036,0.04054054054054054,227.7700000000009,effect_0-5
1308,139,Thalamus,PO,2,0.008780787636650973,4,2.0,41,0.0975609756097561,227.7700000000009,effect_0-5
1309,141,Thalamus,PO,21,0.09219827018483522,40,1.9047619047619047,1971,0.020294266869609334,227.7700000000009,effect_0-5
1310,142,Thalamus,PO,30,0.1317118145497646,68,2.2666666666666666,1656,0.04106280193236715,227.7700000000009,effect_0-5
1311,144,Thalamus,PO,0,0.0,0,0.0,32,0.0,227.7700000000009,effect_0-5
1312,146,Thalamus,PO,22,0.09658866400316071,54,2.4545454545454546,842,0.06413301662707839,227.7700000000009,effect_0-5
1313,147,Thalamus,PO,13,0.05707511963823133,32,2.4615384615384617,942,0.03397027600849257,227.7700000000009,effect_0-5
1314,148,Thalamus,PO,54,0.23708126618957628,92,1.7037037037037037,2562,0.03590944574551132,227.7700000000009,effect_0-5
1315,149,Thalamus,PO,0,0.0,0,0.0,83,0.0,227.7700000000009,effect_0-5
1316,151,Thalamus,PO,16,0.07024630109320779,31,1.9375,1824,0.01699561403508772,227.7700000000009,effect_0-5
1317,155,Thalamus,PO,18,0.07902708872985877,45,2.5,1195,0.03765690376569038,227.7700000000009,effect_0-5
1318,157,Thalamus,PO,8,0.03512315054660389,20,2.5,2684,0.007451564828614009,227.7700000000009,effect_0-5
1319,158,Thalamus,PO,3,0.01317118145497646,7,2.3333333333333335,1630,0.004294478527607362,227.7700000000009,effect_0-5
1320,162,Thalamus,PO,8,0.03512315054660389,15,1.875,1713,0.008756567425569177,227.7700000000009,effect_0-5
1321,163,Thalamus,PO,19,0.08341748254818425,34,1.7894736842105263,1788,0.01901565995525727,227.7700000000009,effect_0-5
1322,164,Thalamus,PO,0,0.0,0,0.0,316,0.0,227.7700000000009,effect_0-5
1323,166,Thalamus,PO,1,0.004390393818325487,1,1.0,302,0.0033112582781456954,227.7700000000009,effect_0-5
1324,172,Thalamus,PO,21,0.09219827018483522,57,2.7142857142857144,1056,0.05397727272727273,227.7700000000009,effect_0-5
1325,173,Thalamus,PO,2,0.008780787636650973,6,3.0,3220,0.0018633540372670807,227.7700000000009,effect_0-5
1326,175,Thalamus,PO,7,0.030732756728278406,13,1.8571428571428572,1096,0.011861313868613138,227.7700000000009,effect_0-5
1327,176,Thalamus,PO,1,0.004390393818325487,2,2.0,1383,0.0014461315979754157,227.7700000000009,effect_0-5
1328,178,Thalamus,PO,1,0.004390393818325487,2,2.0,1578,0.0012674271229404308,227.7700000000009,effect_0-5
1329,180,Thalamus,PO,10,0.043903938183254866,17,1.7,2787,0.006099748833871547,227.7700000000009,effect_0-5
1330,181,Thalamus,PO,9,0.03951354436492938,17,1.8888888888888888,2190,0.007762557077625571,227.7700000000009,effect_0-5
1331,186,Thalamus,PO,0,0.0,0,0.0,666,0.0,227.7700000000009,effect_0-5
1332,188,Thalamus,PO,3,0.01317118145497646,4,1.3333333333333333,2977,0.0013436345314074571,227.7700000000009,effect_0-5
1333,189,Thalamus,PO,3,0.01317118145497646,4,1.3333333333333333,5572,0.0007178750897343862,227.7700000000009,effect_0-5
1334,190,Thalamus,PO,3,0.01317118145497646,7,2.3333333333333335,1050,0.006666666666666667,227.7700000000009,effect_0-5
1335,192,Thalamus,PO,0,0.0,0,0.0,624,0.0,227.7700000000009,effect_0-5
1336,193,Thalamus,PO,1,0.004390393818325487,2,2.0,1795,0.0011142061281337048,227.7700000000009,effect_0-5
1337,194,Thalamus,PO,13,0.05707511963823133,30,2.3076923076923075,2076,0.014450867052023121,227.7700000000009,effect_0-5
1338,195,Thalamus,PO,2,0.008780787636650973,4,2.0,2583,0.001548586914440573,227.7700000000009,effect_0-5
1339,196,Thalamus,PO,0,0.0,0,0.0,6,0.0,227.7700000000009,effect_0-5
1340,204,Thalamus,LD,9,0.03951354436492938,15,1.6666666666666667,2471,0.006070416835289356,227.7700000000009,effect_0-5
1341,207,Thalamus,LD,7,0.030732756728278406,11,1.5714285714285714,3363,0.0032708890871245913,227.7700000000009,effect_0-5
1342,209,Thalamus,LD,11,0.048294332001580356,31,2.8181818181818183,3021,0.010261502813637868,227.7700000000009,effect_0-5
1343,210,Thalamus,LD,4,0.017561575273301946,7,1.75,2814,0.0024875621890547263,227.7700000000009,effect_0-5
1344,214,Thalamus,LD,16,0.07024630109320779,43,2.6875,2753,0.015619324373410825,227.7700000000009,effect_0-5
1345,216,Thalamus,LD,15,0.0658559072748823,50,3.3333333333333335,3023,0.016539861065167052,227.7700000000009,effect_0-5
1346,221,Thalamus,LD,0,0.0,0,0.0,305,0.0,227.7700000000009,effect_0-5
1347,222,Thalamus,LD,28,0.12293102691311363,61,2.1785714285714284,2815,0.0216696269982238,227.7700000000009,effect_0-5
1348,224,Thalamus,LD,24,0.10536945163981168,69,2.875,2877,0.023983315954118872,227.7700000000009,effect_0-5
1349,225,Thalamus,LD,64,0.28098520437283114,193,3.015625,2383,0.0809903483004616,227.7700000000009,effect_0-5
1350,226,Thalamus,LD,5,0.021951969091627433,7,1.4,246,0.028455284552845527,227.7700000000009,effect_0-5
1351,230,Thalamus,LD,34,0.14927338982306654,82,2.411764705882353,3536,0.02319004524886878,227.7700000000009,effect_0-5
1352,238,Other,DG-mo,12,0.05268472581990584,50,4.166666666666667,1038,0.04816955684007707,227.7700000000009,effect_0-5
1353,239,Other,CA3,2,0.008780787636650973,7,3.5,3704,0.0018898488120950325,227.7700000000009,effect_0-5
1354,240,Other,CA3,0,0.0,0,0.0,1901,0.0,227.7700000000009,effect_0-5
1355,241,Other,CA3,1,0.004390393818325487,3,3.0,4949,0.0006061830672863204,227.7700000000009,effect_0-5
1356,243,Other,CA3,8,0.03512315054660389,29,3.625,80,0.3625,227.7700000000009,effect_0-5
1357,244,Other,CA3,0,0.0,0,0.0,2631,0.0,227.7700000000009,effect_0-5
1358,246,Other,CA3,6,0.02634236290995292,23,3.8333333333333335,96,0.23958333333333334,227.7700000000009,effect_0-5
1359,247,Other,CA3,30,0.1317118145497646,111,3.7,884,0.1255656108597285,227.7700000000009,effect_0-5
1360,248,Other,CA3,0,0.0,0,0.0,626,0.0,227.7700000000009,effect_0-5
1361,249,Other,CA3,0,0.0,0,0.0,49,0.0,227.7700000000009,effect_0-5
1362,251,Other,CA3,0,0.0,0,0.0,6290,0.0,227.7700000000009,effect_0-5
1363,253,Other,DG-po,0,0.0,0,0.0,4,0.0,227.7700000000009,effect_0-5
1364,262,Other,CA1,0,0.0,0,0.0,245,0.0,227.7700000000009,effect_0-5
1365,263,Other,CA1,0,0.0,0,0.0,867,0.0,227.7700000000009,effect_0-5
1366,264,Other,CA1,4,0.017561575273301946,13,3.25,5170,0.002514506769825919,227.7700000000009,effect_0-5
1367,270,Other,CA1,19,0.08341748254818425,61,3.210526315789474,3925,0.01554140127388535,227.7700000000009,effect_0-5
1368,283,Other,CA1,14,0.06146551345655681,46,3.2857142857142856,519,0.08863198458574181,227.7700000000009,effect_0-5
1369,291,Other,CA1,0,0.0,0,0.0,12,0.0,227.7700000000009,effect_0-5
1370,300,Other,cing,3,0.01317118145497646,13,4.333333333333333,863,0.015063731170336037,227.7700000000009,effect_0-5
1371,305,Somatosensory,SSp-tr6a,0,0.0,0,0.0,1373,0.0,227.7700000000009,effect_0-5
1372,308,Somatosensory,SSp-tr6a,1,0.004390393818325487,7,7.0,1855,0.0037735849056603774,227.7700000000009,effect_0-5
1373,309,Somatosensory,SSp-tr6a,5,0.021951969091627433,15,3.0,726,0.02066115702479339,227.7700000000009,effect_0-5
1374,310,Somatosensory,SSp-tr6a,0,0.0,0,0.0,60,0.0,227.7700000000009,effect_0-5
1375,311,Somatosensory,SSp-tr6a,1,0.004390393818325487,3,3.0,264,0.011363636363636364,227.7700000000009,effect_0-5
1376,316,Somatosensory,SSp-tr6a,0,0.0,0,0.0,684,0.0,227.7700000000009,effect_0-5
1377,317,Somatosensory,SSp-tr6a,3,0.01317118145497646,9,3.0,582,0.015463917525773196,227.7700000000009,effect_0-5
1378,318,Somatosensory,SSp-tr6a,26,0.11415023927646266,119,4.576923076923077,1558,0.07637997432605904,227.7700000000009,effect_0-5
1379,322,Somatosensory,SSp-tr6a,3,0.01317118145497646,9,3.0,1345,0.006691449814126394,227.7700000000009,effect_0-5
1380,324,Somatosensory,SSp-tr6a,0,0.0,0,0.0,20,0.0,227.7700000000009,effect_0-5
1381,326,Somatosensory,SSp-tr6a,0,0.0,0,0.0,76,0.0,227.7700000000009,effect_0-5
1382,332,Somatosensory,SSp-tr5,0,0.0,0,0.0,985,0.0,227.7700000000009,effect_0-5
1383,333,Somatosensory,SSp-tr5,7,0.030732756728278406,25,3.5714285714285716,1465,0.017064846416382253,227.7700000000009,effect_0-5
1384,337,Somatosensory,SSp-tr5,0,0.0,0,0.0,188,0.0,227.7700000000009,effect_0-5
1385,338,Somatosensory,SSp-tr5,1,0.004390393818325487,3,3.0,68,0.04411764705882353,227.7700000000009,effect_0-5
1386,339,Somatosensory,SSp-tr5,0,0.0,0,0.0,242,0.0,227.7700000000009,effect_0-5
1387,340,Somatosensory,SSp-tr5,5,0.021951969091627433,19,3.8,1475,0.01288135593220339,227.7700000000009,effect_0-5
1388,341,Somatosensory,SSp-tr5,0,0.0,0,0.0,973,0.0,227.7700000000009,effect_0-5
1389,343,Somatosensory,SSp-tr5,0,0.0,0,0.0,286,0.0,227.7700000000009,effect_0-5
1390,346,Somatosensory,SSp-tr5,0,0.0,0,0.0,3563,0.0,227.7700000000009,effect_0-5
1391,348,Somatosensory,SSp-tr5,1,0.004390393818325487,3,3.0,809,0.003708281829419036,227.7700000000009,effect_0-5
1392,349,Somatosensory,SSp-tr5,0,0.0,0,0.0,515,0.0,227.7700000000009,effect_0-5
1393,353,Somatosensory,SSp-tr5,0,0.0,0,0.0,1753,0.0,227.7700000000009,effect_0-5
1394,355,Somatosensory,SSp-tr5,1,0.004390393818325487,3,3.0,1129,0.002657218777679362,227.7700000000009,effect_0-5
1395,356,Somatosensory,SSp-tr5,1,0.004390393818325487,3,3.0,1807,0.0016602102933038186,227.7700000000009,effect_0-5
1396,359,Somatosensory,SSp-tr5,0,0.0,0,0.0,651,0.0,227.7700000000009,effect_0-5
1397,361,Somatosensory,SSp-tr5,2,0.008780787636650973,7,3.5,637,0.01098901098901099,227.7700000000009,effect_0-5
1398,362,Other,VISa5,2,0.008780787636650973,6,3.0,421,0.014251781472684086,227.7700000000009,effect_0-5
1399,363,Other,VISa5,0,0.0,0,0.0,864,0.0,227.7700000000009,effect_0-5
1400,364,Other,VISa5,0,0.0,0,0.0,1213,0.0,227.7700000000009,effect_0-5
1401,365,Other,VISa5,1,0.004390393818325487,4,4.0,192,0.020833333333333332,227.7700000000009,effect_0-5
1402,366,Other,VISa5,7,0.030732756728278406,22,3.142857142857143,1996,0.011022044088176353,227.7700000000009,effect_0-5
1403,367,Other,VISa5,0,0.0,0,0.0,726,0.0,227.7700000000009,effect_0-5
1404,373,Other,VISa5,0,0.0,0,0.0,259,0.0,227.7700000000009,effect_0-5
1405,376,Other,VISa4,0,0.0,0,0.0,848,0.0,227.7700000000009,effect_0-5
1406,377,Other,VISa4,1,0.004390393818325487,3,3.0,1653,0.0018148820326678765,227.7700000000009,effect_0-5
1407,383,Other,VISa2/3,0,0.0,0,0.0,105,0.0,227.7700000000009,effect_0-5
1408,384,Other,VISa2/3,0,0.0,0,0.0,71,0.0,227.7700000000009,effect_0-5
1409,390,Other,VISa2/3,0,0.0,0,0.0,171,0.0,227.7700000000009,effect_0-5
1410,391,Other,VISa2/3,0,0.0,0,0.0,123,0.0,227.7700000000009,effect_0-5
1411,398,Other,VISa2/3,0,0.0,0,0.0,3,0.0,227.7700000000009,effect_0-5
1412,399,Other,VISa2/3,0,0.0,0,0.0,1,0.0,227.7700000000009,effect_0-5
1413,400,Other,VISa2/3,0,0.0,0,0.0,15,0.0,227.7700000000009,effect_0-5
1414,401,Other,VISa2/3,0,0.0,0,0.0,92,0.0,227.7700000000009,effect_0-5
1415,405,Other,VISa2/3,0,0.0,0,0.0,117,0.0,227.7700000000009,effect_0-5
1416,413,Thalamus,PO,0,0.0,0,0.0,120,0.0,227.7700000000009,effect_0-5
1417,415,Thalamus,PO,19,0.08341748254818425,35,1.8421052631578947,1833,0.019094380796508457,227.7700000000009,effect_0-5
1418,418,Thalamus,PO,6,0.02634236290995292,12,2.0,747,0.01606425702811245,227.7700000000009,effect_0-5
1419,421,Thalamus,PO,22,0.09658866400316071,50,2.272727272727273,692,0.07225433526011561,227.7700000000009,effect_0-5
1420,422,Thalamus,PO,6,0.02634236290995292,13,2.1666666666666665,959,0.013555787278415016,227.7700000000009,effect_0-5
1421,423,Thalamus,PO,1,0.004390393818325487,2,2.0,309,0.006472491909385114,227.7700000000009,effect_0-5
1422,424,Thalamus,PO,0,0.0,0,0.0,27,0.0,227.7700000000009,effect_0-5
1423,426,Thalamus,PO,30,0.1317118145497646,57,1.9,1231,0.0463038180341186,227.7700000000009,effect_0-5
1424,427,Thalamus,PO,4,0.017561575273301946,10,2.5,288,0.034722222222222224,227.7700000000009,effect_0-5
1425,428,Thalamus,PO,4,0.017561575273301946,7,1.75,1107,0.006323396567299007,227.7700000000009,effect_0-5
1426,429,Thalamus,PO,0,0.0,0,0.0,31,0.0,227.7700000000009,effect_0-5
1427,433,Thalamus,PO,26,0.11415023927646266,49,1.8846153846153846,2218,0.022091974752028856,227.7700000000009,effect_0-5
1428,436,Thalamus,PO,6,0.02634236290995292,13,2.1666666666666665,2654,0.0048982667671439335,227.7700000000009,effect_0-5
1429,438,Thalamus,PO,2,0.008780787636650973,3,1.5,2864,0.001047486033519553,227.7700000000009,effect_0-5
1430,439,Thalamus,LD,10,0.043903938183254866,29,2.9,1771,0.01637492941840768,227.7700000000009,effect_0-5
1431,440,Thalamus,LD,47,0.20634850946129787,101,2.148936170212766,2410,0.041908713692946055,227.7700000000009,effect_0-5
1432,443,Other,DG-mo,0,0.0,0,0.0,0,0.0,227.7700000000009,effect_0-5
1433,446,Other,CA3,0,0.0,0,0.0,5,0.0,227.7700000000009,effect_0-5
1434,448,Other,CA3,1,0.004390393818325487,3,3.0,873,0.003436426116838488,227.7700000000009,effect_0-5
1435,454,Other,CA1,0,0.0,0,0.0,1024,0.0,227.7700000000009,effect_0-5
1436,456,Somatosensory,SSp-tr5,0,0.0,0,0.0,223,0.0,227.7700000000009,effect_0-5
1437,457,Other,VISa5,0,0.0,0,0.0,1281,0.0,227.7700000000009,effect_0-5
1438,458,Other,VISa5,0,0.0,0,0.0,207,0.0,227.7700000000009,effect_0-5
1439,463,Other,VISa2/3,0,0.0,0,0.0,41,0.0,227.7700000000009,effect_0-5
1440,465,Other,VISa2/3,0,0.0,0,0.0,17,0.0,227.7700000000009,effect_0-5
1441,466,Other,VISa2/3,0,0.0,0,0.0,9,0.0,227.7700000000009,effect_0-5
1442,467,Other,VISa2/3,0,0.0,0,0.0,11,0.0,227.7700000000009,effect_0-5
1443,468,Other,VISa2/3,0,0.0,0,0.0,21,0.0,227.7700000000009,effect_0-5
1444,472,Other,CA1,0,0.0,0,0.0,24,0.0,227.7700000000009,effect_0-5
1445,473,Other,VISa2/3,0,0.0,0,0.0,34,0.0,227.7700000000009,effect_0-5
1446,476,Thalamus,PO,81,0.35562189928436444,190,2.345679012345679,1761,0.10789324247586599,227.7700000000009,effect_0-5
1447,478,Thalamus,PO,23,0.1009790578214862,48,2.0869565217391304,1019,0.047105004906771344,227.7700000000009,effect_0-5
1448,479,Thalamus,PO,3,0.01317118145497646,7,2.3333333333333335,1063,0.00658513640639699,227.7700000000009,effect_0-5
1449,480,Other,DG-po,0,0.0,0,0.0,154,0.0,227.7700000000009,effect_0-5
1450,481,Somatosensory,SSp-tr6a,31,0.1361022083680901,157,5.064516129032258,479,0.3277661795407098,227.7700000000009,effect_0-5
1451,482,Other,VISa2/3,0,0.0,0,0.0,21,0.0,227.7700000000009,effect_0-5
1452,484,Other,VISa2/3,0,0.0,0,0.0,13,0.0,227.7700000000009,effect_0-5
1453,485,Other,VISa2/3,0,0.0,0,0.0,27,0.0,227.7700000000009,effect_0-5
1454,497,Other,ccb,3,0.01317118145497646,12,4.0,308,0.03896103896103896,227.7700000000009,effect_0-5
1455,499,STR,ACB,0,0.0,0,0.0,241,0.0,227.7700000000009,effect_0-5
1456,500,STR,ACB,4,0.017561575273301946,15,3.75,1363,0.011005135730007337,227.7700000000009,effect_0-5
1457,502,STR,ACB,26,0.11415023927646266,82,3.1538461538461537,1729,0.04742625795257374,227.7700000000009,effect_0-5
1458,506,STR,ACB,1,0.004390393818325487,3,3.0,302,0.009933774834437087,227.7700000000009,effect_0-5
1459,507,STR,ACB,0,0.0,0,0.0,5,0.0,227.7700000000009,effect_0-5
1460,508,STR,ACB,27,0.11854063309478814,103,3.814814814814815,2580,0.03992248062015504,227.7700000000009,effect_0-5
1461,509,STR,ACB,55,0.24147166000790177,234,4.254545454545455,7889,0.029661554062618837,227.7700000000009,effect_0-5
1462,510,STR,ACB,1,0.004390393818325487,3,3.0,183,0.01639344262295082,227.7700000000009,effect_0-5
1463,511,STR,ACB,6,0.02634236290995292,19,3.1666666666666665,2139,0.008882655446470314,227.7700000000009,effect_0-5
1464,514,STR,ACB,10,0.043903938183254866,34,3.4,1178,0.028862478777589132,227.7700000000009,effect_0-5
1465,516,STR,ACB,5,0.021951969091627433,17,3.4,367,0.04632152588555858,227.7700000000009,effect_0-5
1466,517,STR,ACB,14,0.06146551345655681,48,3.4285714285714284,2400,0.02,227.7700000000009,effect_0-5
1467,518,STR,ACB,5,0.021951969091627433,19,3.8,1145,0.016593886462882096,227.7700000000009,effect_0-5
1468,519,STR,ACB,49,0.21512929709794884,173,3.5306122448979593,1611,0.10738671632526381,227.7700000000009,effect_0-5
1469,524,STR,ACB,15,0.0658559072748823,46,3.066666666666667,4277,0.010755202244563947,227.7700000000009,effect_0-5
1470,525,STR,ACB,32,0.14049260218641557,119,3.71875,752,0.15824468085106383,227.7700000000009,effect_0-5
1471,526,STR,ACB,0,0.0,0,0.0,1674,0.0,227.7700000000009,effect_0-5
1472,527,STR,ACB,6,0.02634236290995292,19,3.1666666666666665,2421,0.00784799669558034,227.7700000000009,effect_0-5
1473,530,STR,ACB,45,0.1975677218246469,157,3.488888888888889,1695,0.09262536873156342,227.7700000000009,effect_0-5
1474,532,STR,ACB,0,0.0,0,0.0,436,0.0,227.7700000000009,effect_0-5
1475,534,STR,ACB,2,0.008780787636650973,6,3.0,1123,0.005342831700801425,227.7700000000009,effect_0-5
1476,543,STR,ACB,6,0.02634236290995292,19,3.1666666666666665,839,0.02264600715137068,227.7700000000009,effect_0-5
1477,544,STR,ACB,0,0.0,0,0.0,47,0.0,227.7700000000009,effect_0-5
1478,545,STR,ACB,16,0.07024630109320779,53,3.3125,3074,0.017241379310344827,227.7700000000009,effect_0-5
1479,546,STR,ACB,0,0.0,0,0.0,112,0.0,227.7700000000009,effect_0-5
1480,547,STR,ACB,0,0.0,0,0.0,1270,0.0,227.7700000000009,effect_0-5
1481,548,STR,ACB,0,0.0,0,0.0,29,0.0,227.7700000000009,effect_0-5
1482,549,STR,ACB,24,0.10536945163981168,87,3.625,4048,0.02149209486166008,227.7700000000009,effect_0-5
1483,550,STR,ACB,0,0.0,0,0.0,46,0.0,227.7700000000009,effect_0-5
1484,553,STR,ACB,13,0.05707511963823133,43,3.3076923076923075,2794,0.015390121689334287,227.7700000000009,effect_0-5
1485,556,STR,ACB,0,0.0,0,0.0,102,0.0,227.7700000000009,effect_0-5
1486,558,STR,ACB,28,0.12293102691311363,101,3.607142857142857,1586,0.06368221941992434,227.7700000000009,effect_0-5
1487,559,STR,ACB,3,0.01317118145497646,10,3.3333333333333335,680,0.014705882352941176,227.7700000000009,effect_0-5
1488,560,STR,ACB,16,0.07024630109320779,49,3.0625,1103,0.044424297370806894,227.7700000000009,effect_0-5
1489,562,STR,ACB,7,0.030732756728278406,22,3.142857142857143,429,0.05128205128205128,227.7700000000009,effect_0-5
1490,563,STR,ACB,0,0.0,0,0.0,29,0.0,227.7700000000009,effect_0-5
1491,564,STR,ACB,15,0.0658559072748823,49,3.2666666666666666,1360,0.03602941176470588,227.7700000000009,effect_0-5
1492,565,STR,ACB,3,0.01317118145497646,11,3.6666666666666665,406,0.027093596059113302,227.7700000000009,effect_0-5
1493,566,STR,ACB,0,0.0,0,0.0,270,0.0,227.7700000000009,effect_0-5
1494,567,STR,ACB,14,0.06146551345655681,46,3.2857142857142856,2089,0.02202010531354715,227.7700000000009,effect_0-5
1495,568,STR,ACB,1,0.004390393818325487,3,3.0,48,0.0625,227.7700000000009,effect_0-5
1496,571,STR,ACB,17,0.07463669491153327,55,3.235294117647059,1625,0.033846153846153845,227.7700000000009,effect_0-5
1497,573,STR,ACB,0,0.0,0,0.0,30,0.0,227.7700000000009,effect_0-5
1498,575,STR,ACB,1,0.004390393818325487,3,3.0,250,0.012,227.7700000000009,effect_0-5
1499,576,STR,ACB,0,0.0,0,0.0,843,0.0,227.7700000000009,effect_0-5
1500,577,STR,ACB,3,0.01317118145497646,27,9.0,2720,0.009926470588235294,227.7700000000009,effect_0-5
1501,578,STR,ACB,0,0.0,0,0.0,49,0.0,227.7700000000009,effect_0-5
1502,579,STR,ACB,43,0.18878693418799591,137,3.186046511627907,2276,0.06019332161687171,227.7700000000009,effect_0-5
1503,582,STR,STR,0,0.0,0,0.0,544,0.0,227.7700000000009,effect_0-5
1504,583,STR,STR,0,0.0,0,0.0,595,0.0,227.7700000000009,effect_0-5
1505,584,STR,STR,0,0.0,0,0.0,652,0.0,227.7700000000009,effect_0-5
1506,586,STR,STR,0,0.0,0,0.0,717,0.0,227.7700000000009,effect_0-5
1507,587,Other,OLF,0,0.0,0,0.0,889,0.0,227.7700000000009,effect_0-5
1508,588,Other,OLF,0,0.0,0,0.0,2803,0.0,227.7700000000009,effect_0-5
1509,592,Other,OLF,0,0.0,0,0.0,1387,0.0,227.7700000000009,effect_0-5
1510,593,Other,OLF,0,0.0,0,0.0,493,0.0,227.7700000000009,effect_0-5
1511,594,Other,OLF,1,0.004390393818325487,4,4.0,1899,0.00210637177461822,227.7700000000009,effect_0-5
1512,596,Other,OLF,0,0.0,0,0.0,1107,0.0,227.7700000000009,effect_0-5
1513,598,Other,OLF,0,0.0,0,0.0,19,0.0,227.7700000000009,effect_0-5
1514,599,Other,OLF,0,0.0,0,0.0,333,0.0,227.7700000000009,effect_0-5
1515,600,Other,OLF,0,0.0,0,0.0,4174,0.0,227.7700000000009,effect_0-5
1516,612,Other,OLF,0,0.0,0,0.0,453,0.0,227.7700000000009,effect_0-5
1517,616,Other,OLF,0,0.0,0,0.0,9,0.0,227.7700000000009,effect_0-5
1518,620,Other,OLF,0,0.0,0,0.0,1019,0.0,227.7700000000009,effect_0-5
1519,621,Other,OLF,0,0.0,0,0.0,876,0.0,227.7700000000009,effect_0-5
1520,622,Other,ORBl6a,0,0.0,0,0.0,258,0.0,227.7700000000009,effect_0-5
1521,623,Other,ORBl5,1,0.004390393818325487,3,3.0,1003,0.0029910269192422734,227.7700000000009,effect_0-5
1522,624,Other,ORBl6a,1,0.004390393818325487,3,3.0,1372,0.002186588921282799,227.7700000000009,effect_0-5
1523,627,Other,ORBl5,2,0.008780787636650973,6,3.0,424,0.014150943396226415,227.7700000000009,effect_0-5
1524,628,Other,ORBl5,1,0.004390393818325487,3,3.0,60,0.05,227.7700000000009,effect_0-5
1525,632,Other,ORBl5,2,0.008780787636650973,7,3.5,2405,0.0029106029106029108,227.7700000000009,effect_0-5
1526,633,Other,ORBl5,0,0.0,0,0.0,876,0.0,227.7700000000009,effect_0-5
1527,634,Other,ORBl5,0,0.0,0,0.0,16,0.0,227.7700000000009,effect_0-5
1528,635,Other,ORBl5,0,0.0,0,0.0,95,0.0,227.7700000000009,effect_0-5
1529,636,Other,ORBl5,3,0.01317118145497646,9,3.0,172,0.05232558139534884,227.7700000000009,effect_0-5
1530,639,Other,ORBl5,0,0.0,0,0.0,582,0.0,227.7700000000009,effect_0-5
1531,640,Other,ORBl5,1,0.004390393818325487,3,3.0,1074,0.002793296089385475,227.7700000000009,effect_0-5
1532,641,Other,ORBl5,0,0.0,0,0.0,914,0.0,227.7700000000009,effect_0-5
1533,642,Other,ORBl5,0,0.0,0,0.0,5,0.0,227.7700000000009,effect_0-5
1534,643,Other,ORBl5,0,0.0,0,0.0,422,0.0,227.7700000000009,effect_0-5
1535,644,Other,ORBl5,1,0.004390393818325487,3,3.0,1258,0.0023847376788553257,227.7700000000009,effect_0-5
1536,646,Other,ORBl5,4,0.017561575273301946,13,3.25,1428,0.009103641456582634,227.7700000000009,effect_0-5
1537,648,Other,ORBl5,1,0.004390393818325487,4,4.0,422,0.009478672985781991,227.7700000000009,effect_0-5
1538,650,Other,ORBl5,0,0.0,0,0.0,340,0.0,227.7700000000009,effect_0-5
1539,651,Other,ORBl5,0,0.0,0,0.0,732,0.0,227.7700000000009,effect_0-5
1540,652,Other,ORBl5,5,0.021951969091627433,17,3.4,3240,0.005246913580246914,227.7700000000009,effect_0-5
1541,657,Other,ORBl5,3,0.01317118145497646,11,3.6666666666666665,765,0.01437908496732026,227.7700000000009,effect_0-5
1542,658,Other,ORBl5,0,0.0,0,0.0,89,0.0,227.7700000000009,effect_0-5
1543,661,Other,ORBl5,0,0.0,0,0.0,316,0.0,227.7700000000009,effect_0-5
1544,662,Other,ORBl5,178,0.7814900996619366,879,4.938202247191011,1721,0.5107495642068565,227.7700000000009,effect_0-5
1545,663,Other,ORBl5,13,0.05707511963823133,53,4.076923076923077,305,0.1737704918032787,227.7700000000009,effect_0-5
1546,664,Other,ORBl5,3,0.01317118145497646,12,4.0,387,0.031007751937984496,227.7700000000009,effect_0-5
1547,665,Other,ORBl5,2,0.008780787636650973,6,3.0,1529,0.003924133420536298,227.7700000000009,effect_0-5
1548,666,Other,ORBl5,1,0.004390393818325487,5,5.0,1624,0.003078817733990148,227.7700000000009,effect_0-5
1549,669,Other,ORBl6a,0,0.0,0,0.0,2840,0.0,227.7700000000009,effect_0-5
1550,671,Other,ORBl5,0,0.0,0,0.0,174,0.0,227.7700000000009,effect_0-5
1551,673,Other,ORBl5,0,0.0,0,0.0,581,0.0,227.7700000000009,effect_0-5
1552,677,Other,ORBl5,2,0.008780787636650973,7,3.5,958,0.007306889352818371,227.7700000000009,effect_0-5
1553,678,Other,ORBl5,0,0.0,0,0.0,112,0.0,227.7700000000009,effect_0-5
1554,679,Other,ORBl5,0,0.0,0,0.0,197,0.0,227.7700000000009,effect_0-5
1555,681,Other,ORBl6a,0,0.0,0,0.0,319,0.0,227.7700000000009,effect_0-5
1556,684,Other,ORBl6a,0,0.0,0,0.0,700,0.0,227.7700000000009,effect_0-5
1557,685,Other,ORBl6a,9,0.03951354436492938,30,3.3333333333333335,1263,0.023752969121140142,227.7700000000009,effect_0-5
1558,688,Other,ORBl6a,0,0.0,0,0.0,277,0.0,227.7700000000009,effect_0-5
1559,689,Other,ORBl6a,17,0.07463669491153327,69,4.0588235294117645,517,0.13346228239845262,227.7700000000009,effect_0-5
1560,690,Other,ORBl6a,2,0.008780787636650973,6,3.0,343,0.01749271137026239,227.7700000000009,effect_0-5
1561,692,Other,ORBl6a,5,0.021951969091627433,41,8.2,348,0.11781609195402298,227.7700000000009,effect_0-5
1562,694,Other,ORBl6a,0,0.0,0,0.0,408,0.0,227.7700000000009,effect_0-5
1563,696,Other,ORBl6a,6,0.02634236290995292,19,3.1666666666666665,2024,0.009387351778656126,227.7700000000009,effect_0-5
1564,698,Other,ORBl6a,5,0.021951969091627433,16,3.2,111,0.14414414414414414,227.7700000000009,effect_0-5
1565,700,Other,ORBl6a,0,0.0,0,0.0,37,0.0,227.7700000000009,effect_0-5
1566,701,Other,ORBl6a,0,0.0,0,0.0,1419,0.0,227.7700000000009,effect_0-5
1567,703,Other,ORBl6a,0,0.0,0,0.0,22,0.0,227.7700000000009,effect_0-5
1568,706,Other,ORBl6a,0,0.0,0,0.0,13,0.0,227.7700000000009,effect_0-5
1569,707,Other,ORBl6a,0,0.0,0,0.0,20,0.0,227.7700000000009,effect_0-5
1570,709,Other,ORBl6a,3,0.01317118145497646,13,4.333333333333333,1518,0.008563899868247694,227.7700000000009,effect_0-5
1571,710,Other,ORBl6a,0,0.0,0,0.0,146,0.0,227.7700000000009,effect_0-5
1572,711,Other,ORBl6a,0,0.0,0,0.0,218,0.0,227.7700000000009,effect_0-5
1573,712,Other,ORBl6a,2,0.008780787636650973,6,3.0,3678,0.0016313213703099511,227.7700000000009,effect_0-5
1574,714,Other,ORBl6a,2,0.008780787636650973,7,3.5,3364,0.002080856123662307,227.7700000000009,effect_0-5
1575,715,Other,ORBl6a,1,0.004390393818325487,3,3.0,465,0.0064516129032258064,227.7700000000009,effect_0-5
1576,718,Other,ORBl6a,4,0.017561575273301946,13,3.25,1122,0.011586452762923352,227.7700000000009,effect_0-5
1577,719,Other,ORBl6a,1,0.004390393818325487,7,7.0,493,0.014198782961460446,227.7700000000009,effect_0-5
1578,720,Other,ORBl6a,43,0.18878693418799591,157,3.6511627906976742,2153,0.07292150487691593,227.7700000000009,effect_0-5
1579,721,Other,ORBl6a,3,0.01317118145497646,9,3.0,980,0.009183673469387756,227.7700000000009,effect_0-5
1580,725,Other,ORBl6a,0,0.0,0,0.0,57,0.0,227.7700000000009,effect_0-5
1581,726,Other,ORBl6a,0,0.0,0,0.0,431,0.0,227.7700000000009,effect_0-5
1582,727,Other,ORBl6a,0,0.0,0,0.0,235,0.0,227.7700000000009,effect_0-5
1583,728,Other,ORBl6a,14,0.06146551345655681,82,5.857142857142857,1469,0.055820285908781485,227.7700000000009,effect_0-5
1584,729,Other,ORBl6a,0,0.0,0,0.0,87,0.0,227.7700000000009,effect_0-5
1585,730,Other,ORBl6a,0,0.0,0,0.0,402,0.0,227.7700000000009,effect_0-5
1586,734,Other,ORBl6a,4,0.017561575273301946,15,3.75,444,0.033783783783783786,227.7700000000009,effect_0-5
1587,735,Other,ORBl6a,2,0.008780787636650973,11,5.5,134,0.08208955223880597,227.7700000000009,effect_0-5
1588,736,Other,ORBl6a,0,0.0,0,0.0,118,0.0,227.7700000000009,effect_0-5
1589,738,Other,ORBl6b,0,0.0,0,0.0,18,0.0,227.7700000000009,effect_0-5
1590,740,Other,ORBl6b,0,0.0,0,0.0,399,0.0,227.7700000000009,effect_0-5
1591,744,Other,ORBl6b,0,0.0,0,0.0,18,0.0,227.7700000000009,effect_0-5
1592,746,Other,scwm,0,0.0,0,0.0,485,0.0,227.7700000000009,effect_0-5
1593,747,Other,ORBl6b,0,0.0,0,0.0,34,0.0,227.7700000000009,effect_0-5
1594,753,Other,scwm,0,0.0,0,0.0,10,0.0,227.7700000000009,effect_0-5
1595,755,Other,scwm,0,0.0,0,0.0,2433,0.0,227.7700000000009,effect_0-5
1596,756,Other,scwm,0,0.0,0,0.0,293,0.0,227.7700000000009,effect_0-5
1597,758,Other,ORBl6b,0,0.0,0,0.0,26,0.0,227.7700000000009,effect_0-5
1598,760,Other,ORBl6b,1,0.004390393818325487,4,4.0,47,0.0851063829787234,227.7700000000009,effect_0-5
1599,761,Other,ORBl6b,0,0.0,0,0.0,199,0.0,227.7700000000009,effect_0-5
1600,762,Other,ORBl6b,0,0.0,0,0.0,55,0.0,227.7700000000009,effect_0-5
1601,764,Other,AId6a,0,0.0,0,0.0,320,0.0,227.7700000000009,effect_0-5
1602,765,Other,AId6a,0,0.0,0,0.0,212,0.0,227.7700000000009,effect_0-5
1603,768,Other,AId6a,1,0.004390393818325487,3,3.0,85,0.03529411764705882,227.7700000000009,effect_0-5
1604,769,Other,AId6a,7,0.030732756728278406,22,3.142857142857143,2355,0.009341825902335456,227.7700000000009,effect_0-5
1605,771,Other,AId6a,1,0.004390393818325487,10,10.0,278,0.03597122302158273,227.7700000000009,effect_0-5
1606,773,Other,AId6a,0,0.0,0,0.0,46,0.0,227.7700000000009,effect_0-5
1607,779,Motor,MOs6a,0,0.0,0,0.0,11,0.0,227.7700000000009,effect_0-5
1608,780,Other,AId6a,9,0.03951354436492938,32,3.5555555555555554,647,0.04945904173106646,227.7700000000009,effect_0-5
1609,781,Motor,MOs6a,0,0.0,0,0.0,694,0.0,227.7700000000009,effect_0-5
1610,784,Motor,MOs6a,0,0.0,0,0.0,194,0.0,227.7700000000009,effect_0-5
1611,787,Motor,MOs6a,2,0.008780787636650973,6,3.0,1690,0.0035502958579881655,227.7700000000009,effect_0-5
1612,788,Motor,MOs6a,0,0.0,0,0.0,591,0.0,227.7700000000009,effect_0-5
1613,792,Motor,MOs6a,3,0.01317118145497646,9,3.0,1987,0.004529441368897836,227.7700000000009,effect_0-5
1614,796,Motor,MOs6a,0,0.0,0,0.0,3,0.0,227.7700000000009,effect_0-5
1615,798,Motor,MOs6a,1,0.004390393818325487,4,4.0,240,0.016666666666666666,227.7700000000009,effect_0-5
1616,799,Motor,MOs6a,0,0.0,0,0.0,12,0.0,227.7700000000009,effect_0-5
1617,803,Motor,MOs6a,0,0.0,0,0.0,877,0.0,227.7700000000009,effect_0-5
1618,804,Motor,MOs6a,0,0.0,0,0.0,363,0.0,227.7700000000009,effect_0-5
1619,808,Motor,MOs6a,2,0.008780787636650973,6,3.0,886,0.006772009029345372,227.7700000000009,effect_0-5
1620,809,Motor,MOs6a,0,0.0,0,0.0,1142,0.0,227.7700000000009,effect_0-5
1621,816,Motor,MOs6a,0,0.0,0,0.0,601,0.0,227.7700000000009,effect_0-5
1622,817,Motor,MOs6a,0,0.0,0,0.0,792,0.0,227.7700000000009,effect_0-5
1623,818,Motor,MOs6a,0,0.0,0,0.0,530,0.0,227.7700000000009,effect_0-5
1624,826,Motor,MOs6a,2,0.008780787636650973,6,3.0,620,0.00967741935483871,227.7700000000009,effect_0-5
1625,827,Motor,MOs6a,3,0.01317118145497646,11,3.6666666666666665,3476,0.0031645569620253164,227.7700000000009,effect_0-5
1626,828,Motor,MOs6a,0,0.0,0,0.0,1241,0.0,227.7700000000009,effect_0-5
1627,829,Motor,MOs6a,1,0.004390393818325487,3,3.0,1102,0.0027223230490018148,227.7700000000009,effect_0-5
1628,830,Motor,MOs6a,2,0.008780787636650973,6,3.0,467,0.01284796573875803,227.7700000000009,effect_0-5
1629,832,Motor,MOs6a,0,0.0,0,0.0,603,0.0,227.7700000000009,effect_0-5
1630,834,Motor,MOs6a,0,0.0,0,0.0,513,0.0,227.7700000000009,effect_0-5
1631,839,Motor,MOs5,0,0.0,0,0.0,966,0.0,227.7700000000009,effect_0-5
1632,840,Motor,MOs5,2,0.008780787636650973,6,3.0,1050,0.005714285714285714,227.7700000000009,effect_0-5
1633,845,Motor,MOs5,5,0.021951969091627433,19,3.8,504,0.037698412698412696,227.7700000000009,effect_0-5
1634,849,Motor,MOs5,3,0.01317118145497646,9,3.0,2075,0.004337349397590362,227.7700000000009,effect_0-5
1635,854,Motor,MOs5,0,0.0,0,0.0,11,0.0,227.7700000000009,effect_0-5
1636,857,Motor,MOs5,1,0.004390393818325487,3,3.0,2959,0.001013856032443393,227.7700000000009,effect_0-5
1637,859,Motor,MOs5,1,0.004390393818325487,6,6.0,277,0.021660649819494584,227.7700000000009,effect_0-5
1638,861,Motor,MOs5,12,0.05268472581990584,40,3.3333333333333335,1295,0.03088803088803089,227.7700000000009,effect_0-5
1639,862,Motor,MOs5,11,0.048294332001580356,40,3.6363636363636362,236,0.1694915254237288,227.7700000000009,effect_0-5
1640,864,Motor,MOs5,0,0.0,0,0.0,906,0.0,227.7700000000009,effect_0-5
1641,868,Motor,MOp5,3,0.01317118145497646,9,3.0,3910,0.002301790281329923,227.7700000000009,effect_0-5
1642,869,Motor,MOp5,0,0.0,0,0.0,1447,0.0,227.7700000000009,effect_0-5
1643,873,Motor,MOp5,0,0.0,0,0.0,262,0.0,227.7700000000009,effect_0-5
1644,874,Motor,MOp5,3,0.01317118145497646,9,3.0,1553,0.005795235028976175,227.7700000000009,effect_0-5
1645,875,Motor,MOp5,9,0.03951354436492938,27,3.0,725,0.037241379310344824,227.7700000000009,effect_0-5
1646,876,Motor,MOp5,0,0.0,0,0.0,347,0.0,227.7700000000009,effect_0-5
1647,878,Motor,MOs5,1,0.004390393818325487,3,3.0,1270,0.002362204724409449,227.7700000000009,effect_0-5
1648,881,Motor,MOp5,0,0.0,0,0.0,1278,0.0,227.7700000000009,effect_0-5
1649,882,Motor,MOs5,0,0.0,0,0.0,307,0.0,227.7700000000009,effect_0-5
1650,883,Motor,MOs5,0,0.0,0,0.0,744,0.0,227.7700000000009,effect_0-5
1651,884,Motor,MOs5,1,0.004390393818325487,3,3.0,2287,0.0013117621337997377,227.7700000000009,effect_0-5
1652,887,Motor,MOp5,0,0.0,0,0.0,460,0.0,227.7700000000009,effect_0-5
1653,891,Motor,MOp5,0,0.0,0,0.0,278,0.0,227.7700000000009,effect_0-5
1654,892,Motor,MOp5,0,0.0,0,0.0,219,0.0,227.7700000000009,effect_0-5
1655,893,Motor,MOp5,1,0.004390393818325487,3,3.0,292,0.010273972602739725,227.7700000000009,effect_0-5
1656,894,Motor,MOp5,0,0.0,0,0.0,32,0.0,227.7700000000009,effect_0-5
1657,895,Motor,MOp5,1,0.004390393818325487,4,4.0,2131,0.0018770530267480056,227.7700000000009,effect_0-5
1658,897,Motor,MOp5,0,0.0,0,0.0,12,0.0,227.7700000000009,effect_0-5
1659,898,Motor,MOp5,0,0.0,0,0.0,151,0.0,227.7700000000009,effect_0-5
1660,899,Motor,MOp5,0,0.0,0,0.0,460,0.0,227.7700000000009,effect_0-5
1661,900,Motor,MOp5,0,0.0,0,0.0,23,0.0,227.7700000000009,effect_0-5
1662,906,Motor,MOp5,0,0.0,0,0.0,381,0.0,227.7700000000009,effect_0-5
1663,907,Motor,MOp2/3,0,0.0,0,0.0,596,0.0,227.7700000000009,effect_0-5
1664,909,Motor,MOp5,4,0.017561575273301946,12,3.0,220,0.05454545454545454,227.7700000000009,effect_0-5
1665,910,Motor,MOp5,0,0.0,0,0.0,622,0.0,227.7700000000009,effect_0-5
1666,911,Motor,MOp2/3,0,0.0,0,0.0,110,0.0,227.7700000000009,effect_0-5
1667,913,Motor,MOp5,0,0.0,0,0.0,400,0.0,227.7700000000009,effect_0-5
1668,914,Motor,MOp2/3,0,0.0,0,0.0,662,0.0,227.7700000000009,effect_0-5
1669,915,Motor,MOp2/3,0,0.0,0,0.0,1359,0.0,227.7700000000009,effect_0-5
1670,920,Motor,MOp2/3,0,0.0,0,0.0,838,0.0,227.7700000000009,effect_0-5
1671,921,Motor,MOp2/3,0,0.0,0,0.0,584,0.0,227.7700000000009,effect_0-5
1672,922,Motor,MOp2/3,0,0.0,0,0.0,461,0.0,227.7700000000009,effect_0-5
1673,924,Motor,MOp2/3,5,0.021951969091627433,28,5.6,1022,0.0273972602739726,227.7700000000009,effect_0-5
1674,926,Motor,MOp2/3,308,1.3522412960442498,1850,6.0064935064935066,10042,0.1842262497510456,227.7700000000009,effect_0-5
1675,927,Motor,MOp2/3,9,0.03951354436492938,36,4.0,916,0.039301310043668124,227.7700000000009,effect_0-5
1676,930,Motor,MOp2/3,2,0.008780787636650973,6,3.0,884,0.006787330316742082,227.7700000000009,effect_0-5
1677,932,Motor,MOp2/3,0,0.0,0,0.0,215,0.0,227.7700000000009,effect_0-5
1678,934,Motor,MOp2/3,34,0.14927338982306654,111,3.264705882352941,520,0.21346153846153845,227.7700000000009,effect_0-5
1679,935,Motor,MOp2/3,8,0.03512315054660389,46,5.75,389,0.11825192802056556,227.7700000000009,effect_0-5
1680,936,Motor,MOp2/3,0,0.0,0,0.0,586,0.0,227.7700000000009,effect_0-5
1681,937,Motor,MOp2/3,0,0.0,0,0.0,388,0.0,227.7700000000009,effect_0-5
1682,939,Motor,MOp2/3,0,0.0,0,0.0,366,0.0,227.7700000000009,effect_0-5
1683,940,Motor,MOp2/3,0,0.0,0,0.0,379,0.0,227.7700000000009,effect_0-5
1684,941,Motor,MOp2/3,2,0.008780787636650973,7,3.5,1654,0.004232164449818622,227.7700000000009,effect_0-5
1685,945,Motor,MOp2/3,0,0.0,0,0.0,145,0.0,227.7700000000009,effect_0-5
1686,946,Motor,MOp2/3,0,0.0,0,0.0,177,0.0,227.7700000000009,effect_0-5
1687,950,Motor,MOp2/3,0,0.0,0,0.0,541,0.0,227.7700000000009,effect_0-5
1688,951,Motor,MOp2/3,2,0.008780787636650973,6,3.0,535,0.011214953271028037,227.7700000000009,effect_0-5
1689,953,Motor,MOp2/3,3,0.01317118145497646,9,3.0,327,0.027522935779816515,227.7700000000009,effect_0-5
1690,954,Motor,MOp2/3,3,0.01317118145497646,9,3.0,337,0.026706231454005934,227.7700000000009,effect_0-5
1691,957,Motor,MOp2/3,0,0.0,0,0.0,23,0.0,227.7700000000009,effect_0-5
1692,962,Motor,MOp2/3,6,0.02634236290995292,18,3.0,694,0.025936599423631124,227.7700000000009,effect_0-5
1693,963,Motor,MOp2/3,0,0.0,0,0.0,554,0.0,227.7700000000009,effect_0-5
1694,966,Motor,MOp2/3,0,0.0,0,0.0,121,0.0,227.7700000000009,effect_0-5
1695,967,Motor,MOp2/3,7,0.030732756728278406,25,3.5714285714285716,560,0.044642857142857144,227.7700000000009,effect_0-5
1696,968,Motor,MOp2/3,11,0.048294332001580356,34,3.090909090909091,609,0.05582922824302135,227.7700000000009,effect_0-5
1697,972,Motor,MOp2/3,2,0.008780787636650973,7,3.5,559,0.012522361359570662,227.7700000000009,effect_0-5
1698,978,Motor,MOp2/3,1,0.004390393818325487,3,3.0,719,0.004172461752433936,227.7700000000009,effect_0-5
1699,982,Motor,MOp2/3,0,0.0,0,0.0,799,0.0,227.7700000000009,effect_0-5
1700,986,Motor,MOp1,11,0.048294332001580356,34,3.090909090909091,751,0.045272969374167776,227.7700000000009,effect_0-5
1701,991,STR,ACB,0,0.0,0,0.0,78,0.0,227.7700000000009,effect_0-5
1702,992,STR,ACB,34,0.14927338982306654,115,3.3823529411764706,1661,0.06923540036122817,227.7700000000009,effect_0-5
1703,993,STR,ACB,0,0.0,0,0.0,540,0.0,227.7700000000009,effect_0-5
1704,995,STR,ACB,0,0.0,0,0.0,27,0.0,227.7700000000009,effect_0-5
1705,997,STR,ACB,28,0.12293102691311363,90,3.2142857142857144,2101,0.042836744407425034,227.7700000000009,effect_0-5
1706,1000,STR,ACB,1,0.004390393818325487,3,3.0,59,0.05084745762711865,227.7700000000009,effect_0-5
1707,1001,STR,ACB,1,0.004390393818325487,3,3.0,25,0.12,227.7700000000009,effect_0-5
1708,1003,STR,ACB,0,0.0,0,0.0,64,0.0,227.7700000000009,effect_0-5
1709,1006,STR,ACB,0,0.0,0,0.0,13,0.0,227.7700000000009,effect_0-5
1710,1007,STR,ACB,0,0.0,0,0.0,144,0.0,227.7700000000009,effect_0-5
1711,1013,STR,ACB,0,0.0,0,0.0,12,0.0,227.7700000000009,effect_0-5
1712,1014,STR,ACB,0,0.0,0,0.0,3,0.0,227.7700000000009,effect_0-5
1713,1015,STR,ACB,1,0.004390393818325487,3,3.0,18,0.16666666666666666,227.7700000000009,effect_0-5
1714,1020,STR,ACB,1,0.004390393818325487,3,3.0,356,0.008426966292134831,227.7700000000009,effect_0-5
1715,1021,STR,ACB,0,0.0,0,0.0,109,0.0,227.7700000000009,effect_0-5
1716,1022,STR,ACB,5,0.021951969091627433,16,3.2,430,0.037209302325581395,227.7700000000009,effect_0-5
1717,1023,STR,ACB,0,0.0,0,0.0,2,0.0,227.7700000000009,effect_0-5
1718,1024,Other,OLF,0,0.0,0,0.0,4,0.0,227.7700000000009,effect_0-5
1719,1025,Other,OLF,0,0.0,0,0.0,29,0.0,227.7700000000009,effect_0-5
1720,1026,Other,OLF,0,0.0,0,0.0,1637,0.0,227.7700000000009,effect_0-5
1721,1027,Other,OLF,0,0.0,0,0.0,205,0.0,227.7700000000009,effect_0-5
1722,1028,Other,OLF,0,0.0,0,0.0,26,0.0,227.7700000000009,effect_0-5
1723,1032,Other,OLF,0,0.0,0,0.0,70,0.0,227.7700000000009,effect_0-5
1724,1033,Other,OLF,0,0.0,0,0.0,497,0.0,227.7700000000009,effect_0-5
1725,1035,Other,ORBl5,2,0.008780787636650973,6,3.0,1461,0.004106776180698152,227.7700000000009,effect_0-5
1726,1038,Other,ORBl5,0,0.0,0,0.0,462,0.0,227.7700000000009,effect_0-5
1727,1039,Other,ORBl5,1,0.004390393818325487,3,3.0,38,0.07894736842105263,227.7700000000009,effect_0-5
1728,1042,Other,ORBl5,0,0.0,0,0.0,405,0.0,227.7700000000009,effect_0-5
1729,1045,Other,ORBl5,1,0.004390393818325487,3,3.0,269,0.011152416356877323,227.7700000000009,effect_0-5
1730,1047,Other,ORBl5,1,0.004390393818325487,3,3.0,112,0.026785714285714284,227.7700000000009,effect_0-5
1731,1049,Other,ORBl5,4,0.017561575273301946,22,5.5,1085,0.020276497695852536,227.7700000000009,effect_0-5
1732,1052,Other,ORBl6a,2,0.008780787636650973,7,3.5,43,0.16279069767441862,227.7700000000009,effect_0-5
1733,1054,Other,ORBl6a,0,0.0,0,0.0,49,0.0,227.7700000000009,effect_0-5
1734,1058,Other,ORBl6a,1,0.004390393818325487,3,3.0,28,0.10714285714285714,227.7700000000009,effect_0-5
1735,1059,Other,ORBl6a,2,0.008780787636650973,10,5.0,147,0.06802721088435375,227.7700000000009,effect_0-5
1736,1060,Other,ORBl6a,2,0.008780787636650973,6,3.0,618,0.009708737864077669,227.7700000000009,effect_0-5
1737,1063,Other,ORBl6a,0,0.0,0,0.0,313,0.0,227.7700000000009,effect_0-5
1738,1064,Other,ORBl6a,0,0.0,0,0.0,251,0.0,227.7700000000009,effect_0-5
1739,1067,Other,ORBl6a,0,0.0,0,0.0,722,0.0,227.7700000000009,effect_0-5
1740,1068,Other,ORBl6a,0,0.0,0,0.0,37,0.0,227.7700000000009,effect_0-5
1741,1069,Other,ORBl6a,1,0.004390393818325487,3,3.0,857,0.003500583430571762,227.7700000000009,effect_0-5
1742,1070,Other,ORBl6a,3,0.01317118145497646,9,3.0,271,0.033210332103321034,227.7700000000009,effect_0-5
1743,1071,Other,ORBl6a,0,0.0,0,0.0,2730,0.0,227.7700000000009,effect_0-5
1744,1072,Other,ORBl6a,0,0.0,0,0.0,18,0.0,227.7700000000009,effect_0-5
1745,1073,Other,ORBl6a,0,0.0,0,0.0,6,0.0,227.7700000000009,effect_0-5
1746,1074,Other,ORBl6a,0,0.0,0,0.0,25,0.0,227.7700000000009,effect_0-5
1747,1076,Other,ORBl6a,0,0.0,0,0.0,128,0.0,227.7700000000009,effect_0-5
1748,1078,Other,ORBl6b,1,0.004390393818325487,3,3.0,302,0.009933774834437087,227.7700000000009,effect_0-5
1749,1079,Other,ORBl6b,0,0.0,0,0.0,262,0.0,227.7700000000009,effect_0-5
1750,1080,Other,ORBl6b,0,0.0,0,0.0,0,0.0,227.7700000000009,effect_0-5
1751,1081,Other,ORBl6b,0,0.0,0,0.0,44,0.0,227.7700000000009,effect_0-5
1752,1082,Other,ORBl6b,0,0.0,0,0.0,24,0.0,227.7700000000009,effect_0-5
1753,1083,Other,ORBl6b,0,0.0,0,0.0,4,0.0,227.7700000000009,effect_0-5
1754,1084,Other,scwm,0,0.0,0,0.0,30,0.0,227.7700000000009,effect_0-5
1755,1085,Other,scwm,0,0.0,0,0.0,15,0.0,227.7700000000009,effect_0-5
1756,1087,Other,scwm,0,0.0,0,0.0,329,0.0,227.7700000000009,effect_0-5
1757,1089,Other,AId6a,0,0.0,0,0.0,1536,0.0,227.7700000000009,effect_0-5
1758,1090,Other,AId6a,0,0.0,0,0.0,116,0.0,227.7700000000009,effect_0-5
1759,1092,Other,AId6a,0,0.0,0,0.0,186,0.0,227.7700000000009,effect_0-5
1760,1094,Motor,MOs6a,0,0.0,0,0.0,43,0.0,227.7700000000009,effect_0-5
1761,1095,Motor,MOs6a,0,0.0,0,0.0,11,0.0,227.7700000000009,effect_0-5
1762,1096,Motor,MOs6a,0,0.0,0,0.0,87,0.0,227.7700000000009,effect_0-5
1763,1097,Motor,MOs6a,0,0.0,0,0.0,84,0.0,227.7700000000009,effect_0-5
1764,1100,Motor,MOs6a,0,0.0,0,0.0,8,0.0,227.7700000000009,effect_0-5
1765,1103,Motor,MOs6a,0,0.0,0,0.0,77,0.0,227.7700000000009,effect_0-5
1766,1113,Motor,MOs6a,1,0.004390393818325487,3,3.0,561,0.0053475935828877,227.7700000000009,effect_0-5
1767,1114,Motor,MOs5,1,0.004390393818325487,3,3.0,1087,0.0027598896044158236,227.7700000000009,effect_0-5
1768,1116,Motor,MOs5,0,0.0,0,0.0,341,0.0,227.7700000000009,effect_0-5
1769,1117,Motor,MOs5,3,0.01317118145497646,9,3.0,64,0.140625,227.7700000000009,effect_0-5
1770,1118,Motor,MOs5,0,0.0,0,0.0,247,0.0,227.7700000000009,effect_0-5
1771,1122,Motor,MOs5,0,0.0,0,0.0,477,0.0,227.7700000000009,effect_0-5
1772,1126,Motor,MOs5,0,0.0,0,0.0,112,0.0,227.7700000000009,effect_0-5
1773,1128,Motor,MOs5,0,0.0,0,0.0,181,0.0,227.7700000000009,effect_0-5
1774,1130,Motor,MOs5,9,0.03951354436492938,32,3.5555555555555554,668,0.04790419161676647,227.7700000000009,effect_0-5
1775,1132,Motor,MOp5,0,0.0,0,0.0,196,0.0,227.7700000000009,effect_0-5
1776,1133,Motor,MOp5,1,0.004390393818325487,3,3.0,370,0.008108108108108109,227.7700000000009,effect_0-5
1777,1136,Motor,MOp5,0,0.0,0,0.0,481,0.0,227.7700000000009,effect_0-5
1778,1137,Motor,MOp5,0,0.0,0,0.0,85,0.0,227.7700000000009,effect_0-5
1779,1138,Motor,MOp2/3,0,0.0,0,0.0,205,0.0,227.7700000000009,effect_0-5
1780,1140,Motor,MOp2/3,1,0.004390393818325487,3,3.0,503,0.005964214711729622,227.7700000000009,effect_0-5
1781,1141,Motor,MOp2/3,0,0.0,0,0.0,483,0.0,227.7700000000009,effect_0-5
1782,1142,Motor,MOp2/3,0,0.0,0,0.0,268,0.0,227.7700000000009,effect_0-5
1783,1143,Motor,MOp2/3,0,0.0,0,0.0,224,0.0,227.7700000000009,effect_0-5
1784,1148,Motor,MOp2/3,3,0.01317118145497646,9,3.0,338,0.026627218934911243,227.7700000000009,effect_0-5
1785,1150,STR,ACB,0,0.0,0,0.0,3,0.0,227.7700000000009,effect_0-5
1786,1158,STR,ACB,0,0.0,0,0.0,10,0.0,227.7700000000009,effect_0-5
1787,1159,STR,ACB,2,0.008780787636650973,7,3.5,251,0.027888446215139442,227.7700000000009,effect_0-5
1788,1160,Other,OLF,0,0.0,0,0.0,25,0.0,227.7700000000009,effect_0-5
1789,1161,Other,ORBl5,0,0.0,0,0.0,132,0.0,227.7700000000009,effect_0-5
1790,1162,Other,ORBl5,1,0.004390393818325487,5,5.0,26,0.19230769230769232,227.7700000000009,effect_0-5
1791,1164,Other,ORBl5,0,0.0,0,0.0,578,0.0,227.7700000000009,effect_0-5
1792,1166,Other,ORBl6a,0,0.0,0,0.0,317,0.0,227.7700000000009,effect_0-5
1793,1168,Other,ORBl6a,0,0.0,0,0.0,22,0.0,227.7700000000009,effect_0-5
1794,1169,Other,ORBl6a,0,0.0,0,0.0,243,0.0,227.7700000000009,effect_0-5
1795,1172,Other,ORBl6a,1,0.004390393818325487,3,3.0,79,0.0379746835443038,227.7700000000009,effect_0-5
1796,1173,Other,ORBl6a,1,0.004390393818325487,3,3.0,35,0.08571428571428572,227.7700000000009,effect_0-5
1797,1174,Other,ORBl6a,0,0.0,0,0.0,78,0.0,227.7700000000009,effect_0-5
1798,1175,Other,ORBl6a,1,0.004390393818325487,3,3.0,20,0.15,227.7700000000009,effect_0-5
1799,1176,Other,ORBl6a,0,0.0,0,0.0,16,0.0,227.7700000000009,effect_0-5
1800,1178,Other,ORBl6b,0,0.0,0,0.0,387,0.0,227.7700000000009,effect_0-5
1801,1179,Other,ORBl6b,0,0.0,0,0.0,24,0.0,227.7700000000009,effect_0-5
1802,1180,Other,scwm,0,0.0,0,0.0,107,0.0,227.7700000000009,effect_0-5
1803,1183,Motor,MOs6a,0,0.0,0,0.0,7,0.0,227.7700000000009,effect_0-5
1804,1186,Motor,MOs5,3,0.01317118145497646,9,3.0,1523,0.005909389363099146,227.7700000000009,effect_0-5
1805,1187,Motor,MOs5,0,0.0,0,0.0,76,0.0,227.7700000000009,effect_0-5
1806,1190,Motor,MOp5,0,0.0,0,0.0,274,0.0,227.7700000000009,effect_0-5
1807,1192,Other,ORBl5,1,0.004390393818325487,4,4.0,71,0.056338028169014086,227.7700000000009,effect_0-5
1808,1194,Other,ORBl6a,0,0.0,0,0.0,8,0.0,227.7700000000009,effect_0-5
1809,1195,Other,ORBl6a,0,0.0,0,0.0,142,0.0,227.7700000000009,effect_0-5
1810,1197,Other,ORBl6a,0,0.0,0,0.0,34,0.0,227.7700000000009,effect_0-5
1811,1200,STR,ACB,0,0.0,0,0.0,712,0.0,227.7700000000009,effect_0-5
1812,1201,STR,ACB,3,0.01317118145497646,10,3.3333333333333335,1247,0.00801924619085806,227.7700000000009,effect_0-5
1813,1202,STR,ACB,0,0.0,0,0.0,546,0.0,227.7700000000009,effect_0-5
1814,1203,Other,OLF,0,0.0,0,0.0,126,0.0,227.7700000000009,effect_0-5
1815,1205,Other,ORBl5,1,0.004390393818325487,3,3.0,1854,0.0016181229773462784,227.7700000000009,effect_0-5
1816,1208,Other,ORBl5,0,0.0,0,0.0,2,0.0,227.7700000000009,effect_0-5
1817,1209,Other,ORBl6a,2,0.008780787636650973,6,3.0,945,0.006349206349206349,227.7700000000009,effect_0-5
1818,1211,Other,ORBl6a,0,0.0,0,0.0,642,0.0,227.7700000000009,effect_0-5
1819,1212,Other,ORBl6a,0,0.0,0,0.0,2,0.0,227.7700000000009,effect_0-5
1820,1213,Other,ORBl6a,0,0.0,0,0.0,111,0.0,227.7700000000009,effect_0-5
1821,1214,Other,AId6a,0,0.0,0,0.0,807,0.0,227.7700000000009,effect_0-5
1822,1218,Motor,MOp5,0,0.0,0,0.0,1087,0.0,227.7700000000009,effect_0-5
1823,1224,STR,ACB,0,0.0,0,0.0,158,0.0,227.7700000000009,effect_0-5
1824,1225,Other,ORBl6a,0,0.0,0,0.0,28,0.0,227.7700000000009,effect_0-5
1825,1226,Other,ORBl5,0,0.0,0,0.0,15,0.0,227.7700000000009,effect_0-5
1826,1228,Other,ORBl6a,1,0.004390393818325487,3,3.0,107,0.028037383177570093,227.7700000000009,effect_0-5
1827,0,Thalamus,PO,32,0.13148703620002472,67,2.09375,1495,0.044816053511705686,243.3699999999999,effect_5-10
1828,2,Thalamus,PO,17,0.06985248798126313,39,2.2941176470588234,1484,0.02628032345013477,243.3699999999999,effect_5-10
1829,3,Thalamus,PO,31,0.12737806631877394,65,2.096774193548387,764,0.08507853403141362,243.3699999999999,effect_5-10
1830,5,Thalamus,PO,18,0.0739614578625139,36,2.0,1217,0.029580936729663106,243.3699999999999,effect_5-10
1831,7,Thalamus,PO,24,0.09861527715001854,57,2.375,423,0.1347517730496454,243.3699999999999,effect_5-10
1832,8,Thalamus,PO,36,0.1479229157250278,82,2.2777777777777777,369,0.2222222222222222,243.3699999999999,effect_5-10
1833,9,Thalamus,PO,90,0.3698072893125695,192,2.1333333333333333,1742,0.11021814006888633,243.3699999999999,effect_5-10
1834,10,Thalamus,PO,51,0.20955746394378938,120,2.3529411764705883,561,0.21390374331550802,243.3699999999999,effect_5-10
1835,13,Thalamus,PO,7,0.028762789168755406,14,2.0,112,0.125,243.3699999999999,effect_5-10
1836,16,Thalamus,PO,54,0.2218843735875417,118,2.185185185185185,564,0.20921985815602837,243.3699999999999,effect_5-10
1837,17,Thalamus,PO,22,0.09039733738751698,43,1.9545454545454546,499,0.08617234468937876,243.3699999999999,effect_5-10
1838,18,Thalamus,PO,42,0.17257673501253243,90,2.142857142857143,969,0.09287925696594428,243.3699999999999,effect_5-10
1839,19,Thalamus,PO,33,0.13559600608127548,68,2.0606060606060606,636,0.1069182389937107,243.3699999999999,effect_5-10
1840,23,Thalamus,PO,24,0.09861527715001854,49,2.0416666666666665,1148,0.042682926829268296,243.3699999999999,effect_5-10
1841,25,Thalamus,PO,1,0.0041089698812507725,2,2.0,54,0.037037037037037035,243.3699999999999,effect_5-10
1842,27,Thalamus,PO,1,0.0041089698812507725,1,1.0,105,0.009523809523809525,243.3699999999999,effect_5-10
1843,28,Thalamus,PO,36,0.1479229157250278,81,2.25,338,0.23964497041420119,243.3699999999999,effect_5-10
1844,29,Thalamus,PO,65,0.2670830422813002,142,2.1846153846153844,1615,0.08792569659442724,243.3699999999999,effect_5-10
1845,31,Thalamus,PO,22,0.09039733738751698,46,2.090909090909091,477,0.09643605870020965,243.3699999999999,effect_5-10
1846,32,Thalamus,PO,51,0.20955746394378938,111,2.176470588235294,495,0.22424242424242424,243.3699999999999,effect_5-10
1847,33,Thalamus,PO,22,0.09039733738751698,47,2.1363636363636362,720,0.06527777777777778,243.3699999999999,effect_5-10
1848,34,Thalamus,PO,59,0.24242922299379557,125,2.1186440677966103,1380,0.09057971014492754,243.3699999999999,effect_5-10
1849,35,Thalamus,PO,78,0.32049965073756026,172,2.2051282051282053,2496,0.06891025641025642,243.3699999999999,effect_5-10
1850,36,Thalamus,PO,11,0.04519866869375849,24,2.1818181818181817,1661,0.014449127031908489,243.3699999999999,effect_5-10
1851,38,Thalamus,PO,4,0.01643587952500309,6,1.5,300,0.02,243.3699999999999,effect_5-10
1852,39,Thalamus,PO,1,0.0041089698812507725,2,2.0,654,0.0030581039755351682,243.3699999999999,effect_5-10
1853,40,Thalamus,PO,45,0.18490364465628475,98,2.1777777777777776,1079,0.09082483781278962,243.3699999999999,effect_5-10
1854,41,Thalamus,PO,18,0.0739614578625139,35,1.9444444444444444,1369,0.02556610664718773,243.3699999999999,effect_5-10
1855,42,Thalamus,PO,33,0.13559600608127548,62,1.878787878787879,1002,0.06187624750499002,243.3699999999999,effect_5-10
1856,43,Thalamus,PO,35,0.14381394584377702,84,2.4,1679,0.05002977963073258,243.3699999999999,effect_5-10
1857,44,Thalamus,PO,49,0.20133952418128784,101,2.061224489795918,1943,0.05198147195059187,243.3699999999999,effect_5-10
1858,46,Thalamus,PO,0,0.0,0,0.0,53,0.0,243.3699999999999,effect_5-10
1859,47,Thalamus,PO,26,0.10683321691252008,60,2.3076923076923075,1135,0.05286343612334802,243.3699999999999,effect_5-10
1860,50,Thalamus,PO,189,0.7765953075563959,424,2.2433862433862433,3545,0.11960507757404795,243.3699999999999,effect_5-10
1861,53,Thalamus,PO,18,0.0739614578625139,35,1.9444444444444444,1347,0.025983667409057165,243.3699999999999,effect_5-10
1862,54,Thalamus,PO,21,0.08628836750626621,43,2.0476190476190474,1678,0.02562574493444577,243.3699999999999,effect_5-10
1863,55,Thalamus,PO,83,0.3410445001438141,197,2.3734939759036147,2188,0.090036563071298,243.3699999999999,effect_5-10
1864,56,Thalamus,PO,30,0.12326909643752317,60,2.0,887,0.06764374295377677,243.3699999999999,effect_5-10
1865,57,Thalamus,PO,59,0.24242922299379557,126,2.135593220338983,1944,0.06481481481481481,243.3699999999999,effect_5-10
1866,58,Thalamus,PO,12,0.04930763857500927,23,1.9166666666666667,1530,0.015032679738562092,243.3699999999999,effect_5-10
1867,59,Thalamus,PO,69,0.2835189218063033,175,2.536231884057971,1095,0.1598173515981735,243.3699999999999,effect_5-10
1868,61,Thalamus,PO,26,0.10683321691252008,43,1.6538461538461537,1368,0.031432748538011694,243.3699999999999,effect_5-10
1869,62,Thalamus,PO,70,0.28762789168755404,155,2.2142857142857144,2300,0.06739130434782609,243.3699999999999,effect_5-10
1870,64,Thalamus,PO,7,0.028762789168755406,10,1.4285714285714286,2514,0.003977724741447892,243.3699999999999,effect_5-10
1871,65,Thalamus,PO,116,0.4766405062250896,272,2.3448275862068964,1604,0.16957605985037408,243.3699999999999,effect_5-10
1872,66,Thalamus,PO,9,0.03698072893125695,20,2.2222222222222223,919,0.02176278563656148,243.3699999999999,effect_5-10
1873,68,Thalamus,PO,33,0.13559600608127548,69,2.090909090909091,1461,0.04722792607802875,243.3699999999999,effect_5-10
1874,69,Thalamus,PO,18,0.0739614578625139,40,2.2222222222222223,1707,0.023432923257176334,243.3699999999999,effect_5-10
1875,72,Thalamus,PO,13,0.05341660845626004,19,1.4615384615384615,1614,0.011771995043370507,243.3699999999999,effect_5-10
1876,74,Thalamus,PO,57,0.23421128323129403,134,2.3508771929824563,1189,0.11269974768713205,243.3699999999999,effect_5-10
1877,75,Thalamus,PO,67,0.27530098204380177,102,1.5223880597014925,2768,0.03684971098265896,243.3699999999999,effect_5-10
1878,78,Thalamus,PO,62,0.25475613263754787,139,2.2419354838709675,1714,0.08109684947491248,243.3699999999999,effect_5-10
1879,80,Thalamus,PO,124,0.5095122652750957,322,2.596774193548387,2995,0.10751252086811353,243.3699999999999,effect_5-10
1880,82,Thalamus,PO,52,0.21366643382504016,121,2.326923076923077,413,0.2929782082324455,243.3699999999999,effect_5-10
1881,83,Thalamus,PO,57,0.23421128323129403,110,1.9298245614035088,2148,0.051210428305400374,243.3699999999999,effect_5-10
1882,84,Thalamus,PO,8,0.03287175905000618,11,1.375,2541,0.004329004329004329,243.3699999999999,effect_5-10
1883,85,Thalamus,PO,92,0.378025229075071,212,2.3043478260869565,2197,0.09649522075557579,243.3699999999999,effect_5-10
1884,86,Thalamus,PO,49,0.20133952418128784,100,2.0408163265306123,2613,0.038270187523918864,243.3699999999999,effect_5-10
1885,88,Thalamus,PO,21,0.08628836750626621,46,2.1904761904761907,1155,0.03982683982683983,243.3699999999999,effect_5-10
1886,90,Thalamus,PO,88,0.36158934955006794,211,2.397727272727273,1459,0.14461960246744346,243.3699999999999,effect_5-10
1887,92,Thalamus,PO,38,0.15614085548752935,85,2.236842105263158,752,0.11303191489361702,243.3699999999999,effect_5-10
1888,95,Thalamus,PO,42,0.17257673501253243,95,2.261904761904762,1730,0.05491329479768786,243.3699999999999,effect_5-10
1889,96,Thalamus,PO,8,0.03287175905000618,20,2.5,534,0.03745318352059925,243.3699999999999,effect_5-10
1890,97,Thalamus,PO,62,0.25475613263754787,143,2.306451612903226,883,0.16194790486976218,243.3699999999999,effect_5-10
1891,98,Thalamus,PO,65,0.2670830422813002,153,2.353846153846154,2752,0.05559593023255814,243.3699999999999,effect_5-10
1892,99,Thalamus,PO,96,0.39446110860007416,253,2.6354166666666665,863,0.2931633835457706,243.3699999999999,effect_5-10
1893,102,Thalamus,PO,45,0.18490364465628475,106,2.3555555555555556,2284,0.046409807355516634,243.3699999999999,effect_5-10
1894,103,Thalamus,PO,25,0.10272424703126931,51,2.04,1545,0.03300970873786408,243.3699999999999,effect_5-10
1895,104,Thalamus,PO,43,0.1766857048937832,96,2.2325581395348837,408,0.23529411764705882,243.3699999999999,effect_5-10
1896,106,Thalamus,PO,35,0.14381394584377702,82,2.342857142857143,1083,0.07571560480147738,243.3699999999999,effect_5-10
1897,108,Thalamus,PO,20,0.08217939762501544,47,2.35,1576,0.02982233502538071,243.3699999999999,effect_5-10
1898,109,Thalamus,PO,56,0.23010231335004325,145,2.5892857142857144,1663,0.08719182200841852,243.3699999999999,effect_5-10
1899,111,Thalamus,PO,30,0.12326909643752317,63,2.1,1199,0.05254378648874062,243.3699999999999,effect_5-10
1900,112,Thalamus,PO,207,0.8505567654189099,547,2.642512077294686,2385,0.22935010482180293,243.3699999999999,effect_5-10
1901,114,Thalamus,PO,26,0.10683321691252008,57,2.1923076923076925,1689,0.03374777975133215,243.3699999999999,effect_5-10
1902,116,Thalamus,PO,56,0.23010231335004325,119,2.125,2181,0.05456212746446584,243.3699999999999,effect_5-10
1903,117,Thalamus,PO,50,0.20544849406253862,109,2.18,1185,0.0919831223628692,243.3699999999999,effect_5-10
1904,120,Thalamus,PO,44,0.18079467477503397,80,1.8181818181818181,2508,0.03189792663476874,243.3699999999999,effect_5-10
1905,121,Thalamus,PO,4,0.01643587952500309,9,2.25,1009,0.008919722497522299,243.3699999999999,effect_5-10
1906,124,Thalamus,PO,22,0.09039733738751698,37,1.6818181818181819,1504,0.024601063829787235,243.3699999999999,effect_5-10
1907,125,Thalamus,PO,17,0.06985248798126313,36,2.1176470588235294,1195,0.0301255230125523,243.3699999999999,effect_5-10
1908,126,Thalamus,PO,18,0.0739614578625139,31,1.7222222222222223,2315,0.013390928725701945,243.3699999999999,effect_5-10
1909,128,Thalamus,PO,112,0.4602046267000865,270,2.4107142857142856,1268,0.21293375394321767,243.3699999999999,effect_5-10
1910,129,Thalamus,PO,10,0.04108969881250772,22,2.2,890,0.024719101123595506,243.3699999999999,effect_5-10
1911,131,Thalamus,PO,33,0.13559600608127548,80,2.4242424242424243,1848,0.04329004329004329,243.3699999999999,effect_5-10
1912,132,Thalamus,PO,11,0.04519866869375849,24,2.1818181818181817,584,0.0410958904109589,243.3699999999999,effect_5-10
1913,133,Thalamus,PO,50,0.20544849406253862,119,2.38,1141,0.10429447852760736,243.3699999999999,effect_5-10
1914,134,Thalamus,PO,7,0.028762789168755406,11,1.5714285714285714,757,0.01453104359313078,243.3699999999999,effect_5-10
1915,135,Thalamus,PO,9,0.03698072893125695,20,2.2222222222222223,2263,0.008837825894829872,243.3699999999999,effect_5-10
1916,138,Thalamus,PO,36,0.1479229157250278,77,2.138888888888889,1161,0.06632213608957795,243.3699999999999,effect_5-10
1917,139,Thalamus,PO,2,0.008217939762501545,3,1.5,37,0.08108108108108109,243.3699999999999,effect_5-10
1918,141,Thalamus,PO,14,0.05752557833751081,28,2.0,1719,0.016288539848749273,243.3699999999999,effect_5-10
1919,142,Thalamus,PO,31,0.12737806631877394,77,2.4838709677419355,1485,0.05185185185185185,243.3699999999999,effect_5-10
1920,144,Thalamus,PO,0,0.0,0,0.0,50,0.0,243.3699999999999,effect_5-10
1921,146,Thalamus,PO,26,0.10683321691252008,57,2.1923076923076925,770,0.07402597402597402,243.3699999999999,effect_5-10
1922,147,Thalamus,PO,8,0.03287175905000618,19,2.375,614,0.030944625407166124,243.3699999999999,effect_5-10
1923,148,Thalamus,PO,60,0.24653819287504633,107,1.7833333333333334,2563,0.041747951619196255,243.3699999999999,effect_5-10
1924,149,Thalamus,PO,0,0.0,0,0.0,66,0.0,243.3699999999999,effect_5-10
1925,151,Thalamus,PO,31,0.12737806631877394,66,2.129032258064516,1657,0.039831019915509955,243.3699999999999,effect_5-10
1926,155,Thalamus,PO,12,0.04930763857500927,25,2.0833333333333335,1059,0.023607176581680833,243.3699999999999,effect_5-10
1927,157,Thalamus,PO,3,0.012326909643752318,3,1.0,2907,0.0010319917440660474,243.3699999999999,effect_5-10
1928,158,Thalamus,PO,3,0.012326909643752318,5,1.6666666666666667,1711,0.0029222676797194622,243.3699999999999,effect_5-10
1929,162,Thalamus,PO,7,0.028762789168755406,15,2.142857142857143,1843,0.008138903960933261,243.3699999999999,effect_5-10
1930,163,Thalamus,PO,11,0.04519866869375849,18,1.6363636363636365,1604,0.011221945137157107,243.3699999999999,effect_5-10
1931,164,Thalamus,PO,0,0.0,0,0.0,75,0.0,243.3699999999999,effect_5-10
1932,166,Thalamus,PO,1,0.0041089698812507725,2,2.0,405,0.0049382716049382715,243.3699999999999,effect_5-10
1933,172,Thalamus,PO,8,0.03287175905000618,19,2.375,744,0.025537634408602152,243.3699999999999,effect_5-10
1934,173,Thalamus,PO,2,0.008217939762501545,2,1.0,3224,0.0006203473945409429,243.3699999999999,effect_5-10
1935,175,Thalamus,PO,2,0.008217939762501545,8,4.0,1144,0.006993006993006993,243.3699999999999,effect_5-10
1936,176,Thalamus,PO,4,0.01643587952500309,7,1.75,1339,0.005227781926811053,243.3699999999999,effect_5-10
1937,178,Thalamus,PO,1,0.0041089698812507725,1,1.0,2750,0.0003636363636363636,243.3699999999999,effect_5-10
1938,180,Thalamus,PO,7,0.028762789168755406,13,1.8571428571428572,3225,0.004031007751937985,243.3699999999999,effect_5-10
1939,181,Thalamus,PO,5,0.02054484940625386,9,1.8,2759,0.0032620514679231605,243.3699999999999,effect_5-10
1940,186,Thalamus,PO,4,0.01643587952500309,11,2.75,549,0.020036429872495445,243.3699999999999,effect_5-10
1941,188,Thalamus,PO,5,0.02054484940625386,10,2.0,2468,0.004051863857374392,243.3699999999999,effect_5-10
1942,189,Thalamus,PO,0,0.0,0,0.0,6044,0.0,243.3699999999999,effect_5-10
1943,190,Thalamus,PO,2,0.008217939762501545,6,3.0,813,0.007380073800738007,243.3699999999999,effect_5-10
1944,192,Thalamus,PO,0,0.0,0,0.0,203,0.0,243.3699999999999,effect_5-10
1945,193,Thalamus,PO,3,0.012326909643752318,7,2.3333333333333335,2211,0.003165988240615106,243.3699999999999,effect_5-10
1946,194,Thalamus,PO,7,0.028762789168755406,13,1.8571428571428572,3298,0.003941782898726501,243.3699999999999,effect_5-10
1947,195,Thalamus,PO,2,0.008217939762501545,5,2.5,2086,0.0023969319271332696,243.3699999999999,effect_5-10
1948,196,Thalamus,PO,0,0.0,0,0.0,4,0.0,243.3699999999999,effect_5-10
1949,204,Thalamus,LD,10,0.04108969881250772,18,1.8,2683,0.006708907938874394,243.3699999999999,effect_5-10
1950,207,Thalamus,LD,1,0.0041089698812507725,1,1.0,2980,0.0003355704697986577,243.3699999999999,effect_5-10
1951,209,Thalamus,LD,14,0.05752557833751081,43,3.0714285714285716,3207,0.0134081696289367,243.3699999999999,effect_5-10
1952,210,Thalamus,LD,1,0.0041089698812507725,2,2.0,2353,0.0008499787505312367,243.3699999999999,effect_5-10
1953,214,Thalamus,LD,12,0.04930763857500927,38,3.1666666666666665,2958,0.012846517917511832,243.3699999999999,effect_5-10
1954,216,Thalamus,LD,11,0.04519866869375849,28,2.5454545454545454,3508,0.00798175598631699,243.3699999999999,effect_5-10
1955,221,Thalamus,LD,0,0.0,0,0.0,814,0.0,243.3699999999999,effect_5-10
1956,222,Thalamus,LD,21,0.08628836750626621,43,2.0476190476190474,3269,0.013153869684918936,243.3699999999999,effect_5-10
1957,224,Thalamus,LD,17,0.06985248798126313,46,2.7058823529411766,2840,0.01619718309859155,243.3699999999999,effect_5-10
1958,225,Thalamus,LD,52,0.21366643382504016,150,2.8846153846153846,3072,0.048828125,243.3699999999999,effect_5-10
1959,226,Thalamus,LD,2,0.008217939762501545,5,2.5,299,0.016722408026755852,243.3699999999999,effect_5-10
1960,230,Thalamus,LD,30,0.12326909643752317,74,2.466666666666667,3106,0.023824855119124275,243.3699999999999,effect_5-10
1961,238,Other,DG-mo,26,0.10683321691252008,120,4.615384615384615,1069,0.11225444340505145,243.3699999999999,effect_5-10
1962,239,Other,CA3,7,0.028762789168755406,24,3.4285714285714284,3132,0.007662835249042145,243.3699999999999,effect_5-10
1963,240,Other,CA3,1,0.0041089698812507725,5,5.0,1986,0.0025176233635448137,243.3699999999999,effect_5-10
1964,241,Other,CA3,1,0.0041089698812507725,3,3.0,4914,0.0006105006105006105,243.3699999999999,effect_5-10
1965,243,Other,CA3,1,0.0041089698812507725,4,4.0,27,0.14814814814814814,243.3699999999999,effect_5-10
1966,244,Other,CA3,0,0.0,0,0.0,2680,0.0,243.3699999999999,effect_5-10
1967,246,Other,CA3,15,0.06163454821876158,58,3.8666666666666667,155,0.3741935483870968,243.3699999999999,effect_5-10
1968,247,Other,CA3,13,0.05341660845626004,44,3.3846153846153846,136,0.3235294117647059,243.3699999999999,effect_5-10
1969,248,Other,CA3,2,0.008217939762501545,7,3.5,589,0.011884550084889643,243.3699999999999,effect_5-10
1970,249,Other,CA3,0,0.0,0,0.0,251,0.0,243.3699999999999,effect_5-10
1971,251,Other,CA3,0,0.0,0,0.0,6571,0.0,243.3699999999999,effect_5-10
1972,253,Other,DG-po,1,0.0041089698812507725,3,3.0,13,0.23076923076923078,243.3699999999999,effect_5-10
1973,262,Other,CA1,0,0.0,0,0.0,387,0.0,243.3699999999999,effect_5-10
1974,263,Other,CA1,0,0.0,0,0.0,979,0.0,243.3699999999999,effect_5-10
1975,264,Other,CA1,3,0.012326909643752318,10,3.3333333333333335,5183,0.0019293845263360988,243.3699999999999,effect_5-10
1976,270,Other,CA1,17,0.06985248798126313,58,3.411764705882353,4412,0.01314596554850408,243.3699999999999,effect_5-10
1977,283,Other,CA1,12,0.04930763857500927,37,3.0833333333333335,518,0.07142857142857142,243.3699999999999,effect_5-10
1978,291,Other,CA1,0,0.0,0,0.0,4,0.0,243.3699999999999,effect_5-10
1979,300,Other,cing,2,0.008217939762501545,7,3.5,694,0.010086455331412104,243.3699999999999,effect_5-10
1980,305,Somatosensory,SSp-tr6a,0,0.0,0,0.0,2278,0.0,243.3699999999999,effect_5-10
1981,308,Somatosensory,SSp-tr6a,0,0.0,0,0.0,1832,0.0,243.3699999999999,effect_5-10
1982,309,Somatosensory,SSp-tr6a,2,0.008217939762501545,9,4.5,832,0.010817307692307692,243.3699999999999,effect_5-10
1983,310,Somatosensory,SSp-tr6a,0,0.0,0,0.0,63,0.0,243.3699999999999,effect_5-10
1984,311,Somatosensory,SSp-tr6a,0,0.0,0,0.0,331,0.0,243.3699999999999,effect_5-10
1985,316,Somatosensory,SSp-tr6a,0,0.0,0,0.0,860,0.0,243.3699999999999,effect_5-10
1986,317,Somatosensory,SSp-tr6a,2,0.008217939762501545,6,3.0,1015,0.005911330049261084,243.3699999999999,effect_5-10
1987,318,Somatosensory,SSp-tr6a,17,0.06985248798126313,89,5.235294117647059,1854,0.04800431499460626,243.3699999999999,effect_5-10
1988,322,Somatosensory,SSp-tr6a,0,0.0,0,0.0,1225,0.0,243.3699999999999,effect_5-10
1989,324,Somatosensory,SSp-tr6a,0,0.0,0,0.0,3,0.0,243.3699999999999,effect_5-10
1990,326,Somatosensory,SSp-tr6a,0,0.0,0,0.0,131,0.0,243.3699999999999,effect_5-10
1991,332,Somatosensory,SSp-tr5,0,0.0,0,0.0,656,0.0,243.3699999999999,effect_5-10
1992,333,Somatosensory,SSp-tr5,11,0.04519866869375849,35,3.1818181818181817,1917,0.018257694314032343,243.3699999999999,effect_5-10
1993,337,Somatosensory,SSp-tr5,1,0.0041089698812507725,5,5.0,311,0.01607717041800643,243.3699999999999,effect_5-10
1994,338,Somatosensory,SSp-tr5,0,0.0,0,0.0,163,0.0,243.3699999999999,effect_5-10
1995,339,Somatosensory,SSp-tr5,0,0.0,0,0.0,133,0.0,243.3699999999999,effect_5-10
1996,340,Somatosensory,SSp-tr5,0,0.0,0,0.0,1267,0.0,243.3699999999999,effect_5-10
1997,341,Somatosensory,SSp-tr5,0,0.0,0,0.0,1549,0.0,243.3699999999999,effect_5-10
1998,343,Somatosensory,SSp-tr5,0,0.0,0,0.0,397,0.0,243.3699999999999,effect_5-10
1999,346,Somatosensory,SSp-tr5,1,0.0041089698812507725,5,5.0,3759,0.0013301409949454642,243.3699999999999,effect_5-10
2000,348,Somatosensory,SSp-tr5,0,0.0,0,0.0,1381,0.0,243.3699999999999,effect_5-10
2001,349,Somatosensory,SSp-tr5,0,0.0,0,0.0,603,0.0,243.3699999999999,effect_5-10
2002,353,Somatosensory,SSp-tr5,0,0.0,0,0.0,1468,0.0,243.3699999999999,effect_5-10
2003,355,Somatosensory,SSp-tr5,2,0.008217939762501545,6,3.0,1287,0.004662004662004662,243.3699999999999,effect_5-10
2004,356,Somatosensory,SSp-tr5,0,0.0,0,0.0,1785,0.0,243.3699999999999,effect_5-10
2005,359,Somatosensory,SSp-tr5,0,0.0,0,0.0,1078,0.0,243.3699999999999,effect_5-10
2006,361,Somatosensory,SSp-tr5,0,0.0,0,0.0,522,0.0,243.3699999999999,effect_5-10
2007,362,Other,VISa5,0,0.0,0,0.0,149,0.0,243.3699999999999,effect_5-10
2008,363,Other,VISa5,0,0.0,0,0.0,1032,0.0,243.3699999999999,effect_5-10
2009,364,Other,VISa5,1,0.0041089698812507725,4,4.0,1205,0.0033195020746887966,243.3699999999999,effect_5-10
2010,365,Other,VISa5,0,0.0,0,0.0,84,0.0,243.3699999999999,effect_5-10
2011,366,Other,VISa5,6,0.024653819287504635,18,3.0,1959,0.009188361408882083,243.3699999999999,effect_5-10
2012,367,Other,VISa5,1,0.0041089698812507725,3,3.0,842,0.0035629453681710215,243.3699999999999,effect_5-10
2013,373,Other,VISa5,0,0.0,0,0.0,304,0.0,243.3699999999999,effect_5-10
2014,376,Other,VISa4,0,0.0,0,0.0,1157,0.0,243.3699999999999,effect_5-10
2015,377,Other,VISa4,10,0.04108969881250772,38,3.8,2140,0.017757009345794394,243.3699999999999,effect_5-10
2016,383,Other,VISa2/3,1,0.0041089698812507725,3,3.0,141,0.02127659574468085,243.3699999999999,effect_5-10
2017,384,Other,VISa2/3,0,0.0,0,0.0,109,0.0,243.3699999999999,effect_5-10
2018,390,Other,VISa2/3,0,0.0,0,0.0,181,0.0,243.3699999999999,effect_5-10
2019,391,Other,VISa2/3,0,0.0,0,0.0,196,0.0,243.3699999999999,effect_5-10
2020,398,Other,VISa2/3,0,0.0,0,0.0,15,0.0,243.3699999999999,effect_5-10
2021,399,Other,VISa2/3,0,0.0,0,0.0,4,0.0,243.3699999999999,effect_5-10
2022,400,Other,VISa2/3,0,0.0,0,0.0,16,0.0,243.3699999999999,effect_5-10
2023,401,Other,VISa2/3,0,0.0,0,0.0,80,0.0,243.3699999999999,effect_5-10
2024,405,Other,VISa2/3,0,0.0,0,0.0,58,0.0,243.3699999999999,effect_5-10
2025,413,Thalamus,PO,0,0.0,0,0.0,72,0.0,243.3699999999999,effect_5-10
2026,415,Thalamus,PO,28,0.11505115667502162,64,2.2857142857142856,1774,0.036076662908680945,243.3699999999999,effect_5-10
2027,418,Thalamus,PO,6,0.024653819287504635,9,1.5,489,0.018404907975460124,243.3699999999999,effect_5-10
2028,421,Thalamus,PO,32,0.13148703620002472,77,2.40625,545,0.14128440366972478,243.3699999999999,effect_5-10
2029,422,Thalamus,PO,31,0.12737806631877394,62,2.0,2051,0.03022915650901999,243.3699999999999,effect_5-10
2030,423,Thalamus,PO,1,0.0041089698812507725,1,1.0,230,0.004347826086956522,243.3699999999999,effect_5-10
2031,424,Thalamus,PO,0,0.0,0,0.0,30,0.0,243.3699999999999,effect_5-10
2032,426,Thalamus,PO,27,0.11094218679377085,51,1.8888888888888888,1208,0.042218543046357616,243.3699999999999,effect_5-10
2033,427,Thalamus,PO,6,0.024653819287504635,12,2.0,112,0.10714285714285714,243.3699999999999,effect_5-10
2034,428,Thalamus,PO,4,0.01643587952500309,9,2.25,972,0.009259259259259259,243.3699999999999,effect_5-10
2035,429,Thalamus,PO,0,0.0,0,0.0,22,0.0,243.3699999999999,effect_5-10
2036,433,Thalamus,PO,2,0.008217939762501545,4,2.0,1246,0.0032102728731942215,243.3699999999999,effect_5-10
2037,436,Thalamus,PO,19,0.07807042774376467,39,2.0526315789473686,2943,0.013251783893985729,243.3699999999999,effect_5-10
2038,438,Thalamus,PO,3,0.012326909643752318,5,1.6666666666666667,3435,0.001455604075691412,243.3699999999999,effect_5-10
2039,439,Thalamus,LD,6,0.024653819287504635,13,2.1666666666666665,2209,0.005885015844273427,243.3699999999999,effect_5-10
2040,440,Thalamus,LD,36,0.1479229157250278,68,1.8888888888888888,2913,0.02334363199450738,243.3699999999999,effect_5-10
2041,443,Other,DG-mo,0,0.0,0,0.0,2,0.0,243.3699999999999,effect_5-10
2042,446,Other,CA3,0,0.0,0,0.0,43,0.0,243.3699999999999,effect_5-10
2043,448,Other,CA3,0,0.0,0,0.0,901,0.0,243.3699999999999,effect_5-10
2044,454,Other,CA1,1,0.0041089698812507725,3,3.0,1378,0.0021770682148040637,243.3699999999999,effect_5-10
2045,456,Somatosensory,SSp-tr5,0,0.0,0,0.0,165,0.0,243.3699999999999,effect_5-10
2046,457,Other,VISa5,1,0.0041089698812507725,5,5.0,475,0.010526315789473684,243.3699999999999,effect_5-10
2047,458,Other,VISa5,0,0.0,0,0.0,319,0.0,243.3699999999999,effect_5-10
2048,463,Other,VISa2/3,0,0.0,0,0.0,18,0.0,243.3699999999999,effect_5-10
2049,465,Other,VISa2/3,0,0.0,0,0.0,33,0.0,243.3699999999999,effect_5-10
2050,466,Other,VISa2/3,0,0.0,0,0.0,9,0.0,243.3699999999999,effect_5-10
2051,467,Other,VISa2/3,0,0.0,0,0.0,14,0.0,243.3699999999999,effect_5-10
2052,468,Other,VISa2/3,0,0.0,0,0.0,16,0.0,243.3699999999999,effect_5-10
2053,472,Other,CA1,0,0.0,0,0.0,11,0.0,243.3699999999999,effect_5-10
2054,473,Other,VISa2/3,0,0.0,0,0.0,42,0.0,243.3699999999999,effect_5-10
2055,476,Thalamus,PO,107,0.43965977729383265,238,2.2242990654205608,1719,0.13845258871436883,243.3699999999999,effect_5-10
2056,478,Thalamus,PO,25,0.10272424703126931,55,2.2,1073,0.05125815470643057,243.3699999999999,effect_5-10
2057,479,Thalamus,PO,1,0.0041089698812507725,3,3.0,907,0.0033076074972436605,243.3699999999999,effect_5-10
2058,480,Other,DG-po,4,0.01643587952500309,15,3.75,761,0.01971090670170828,243.3699999999999,effect_5-10
2059,481,Somatosensory,SSp-tr6a,27,0.11094218679377085,143,5.296296296296297,509,0.28094302554027506,243.3699999999999,effect_5-10
2060,482,Other,VISa2/3,0,0.0,0,0.0,5,0.0,243.3699999999999,effect_5-10
2061,484,Other,VISa2/3,0,0.0,0,0.0,14,0.0,243.3699999999999,effect_5-10
2062,485,Other,VISa2/3,0,0.0,0,0.0,28,0.0,243.3699999999999,effect_5-10
2063,497,Other,ccb,3,0.012326909643752318,10,3.3333333333333335,450,0.022222222222222223,243.3699999999999,effect_5-10
2064,499,STR,ACB,0,0.0,0,0.0,173,0.0,243.3699999999999,effect_5-10
2065,500,STR,ACB,5,0.02054484940625386,16,3.2,1349,0.011860637509266123,243.3699999999999,effect_5-10
2066,502,STR,ACB,18,0.0739614578625139,59,3.2777777777777777,1330,0.0443609022556391,243.3699999999999,effect_5-10
2067,506,STR,ACB,1,0.0041089698812507725,3,3.0,448,0.006696428571428571,243.3699999999999,effect_5-10
2068,507,STR,ACB,0,0.0,0,0.0,22,0.0,243.3699999999999,effect_5-10
2069,508,STR,ACB,28,0.11505115667502162,101,3.607142857142857,2430,0.04156378600823045,243.3699999999999,effect_5-10
2070,509,STR,ACB,70,0.28762789168755404,299,4.271428571428571,8075,0.03702786377708978,243.3699999999999,effect_5-10
2071,510,STR,ACB,0,0.0,0,0.0,183,0.0,243.3699999999999,effect_5-10
2072,511,STR,ACB,3,0.012326909643752318,11,3.6666666666666665,2276,0.0048330404217926184,243.3699999999999,effect_5-10
2073,514,STR,ACB,4,0.01643587952500309,12,3.0,724,0.016574585635359115,243.3699999999999,effect_5-10
2074,516,STR,ACB,1,0.0041089698812507725,3,3.0,143,0.02097902097902098,243.3699999999999,effect_5-10
2075,517,STR,ACB,22,0.09039733738751698,75,3.409090909090909,2078,0.03609239653512993,243.3699999999999,effect_5-10
2076,518,STR,ACB,47,0.1931215844187863,159,3.382978723404255,1902,0.083596214511041,243.3699999999999,effect_5-10
2077,519,STR,ACB,43,0.1766857048937832,151,3.511627906976744,1739,0.08683151236342726,243.3699999999999,effect_5-10
2078,524,STR,ACB,13,0.05341660845626004,43,3.3076923076923075,3644,0.011800219538968168,243.3699999999999,effect_5-10
2079,525,STR,ACB,64,0.26297407240004944,230,3.59375,1031,0.22308438409311349,243.3699999999999,effect_5-10
2080,526,STR,ACB,0,0.0,0,0.0,1786,0.0,243.3699999999999,effect_5-10
2081,527,STR,ACB,8,0.03287175905000618,24,3.0,1927,0.012454592631032694,243.3699999999999,effect_5-10
2082,530,STR,ACB,17,0.06985248798126313,64,3.764705882352941,1048,0.061068702290076333,243.3699999999999,effect_5-10
2083,532,STR,ACB,0,0.0,0,0.0,375,0.0,243.3699999999999,effect_5-10
2084,534,STR,ACB,0,0.0,0,0.0,710,0.0,243.3699999999999,effect_5-10
2085,543,STR,ACB,6,0.024653819287504635,20,3.3333333333333335,978,0.02044989775051125,243.3699999999999,effect_5-10
2086,544,STR,ACB,0,0.0,0,0.0,20,0.0,243.3699999999999,effect_5-10
2087,545,STR,ACB,23,0.09450630726876776,77,3.347826086956522,2342,0.032877882152006835,243.3699999999999,effect_5-10
2088,546,STR,ACB,0,0.0,0,0.0,106,0.0,243.3699999999999,effect_5-10
2089,547,STR,ACB,0,0.0,0,0.0,1351,0.0,243.3699999999999,effect_5-10
2090,548,STR,ACB,0,0.0,0,0.0,13,0.0,243.3699999999999,effect_5-10
2091,549,STR,ACB,25,0.10272424703126931,91,3.64,3549,0.02564102564102564,243.3699999999999,effect_5-10
2092,550,STR,ACB,0,0.0,0,0.0,12,0.0,243.3699999999999,effect_5-10
2093,553,STR,ACB,10,0.04108969881250772,39,3.9,2072,0.018822393822393823,243.3699999999999,effect_5-10
2094,556,STR,ACB,0,0.0,0,0.0,64,0.0,243.3699999999999,effect_5-10
2095,558,STR,ACB,33,0.13559600608127548,119,3.606060606060606,1833,0.06492089470812876,243.3699999999999,effect_5-10
2096,559,STR,ACB,1,0.0041089698812507725,3,3.0,742,0.004043126684636119,243.3699999999999,effect_5-10
2097,560,STR,ACB,6,0.024653819287504635,18,3.0,566,0.03180212014134275,243.3699999999999,effect_5-10
2098,562,STR,ACB,6,0.024653819287504635,18,3.0,270,0.06666666666666667,243.3699999999999,effect_5-10
2099,563,STR,ACB,0,0.0,0,0.0,8,0.0,243.3699999999999,effect_5-10
2100,564,STR,ACB,19,0.07807042774376467,59,3.1052631578947367,1170,0.05042735042735043,243.3699999999999,effect_5-10
2101,565,STR,ACB,5,0.02054484940625386,18,3.6,568,0.03169014084507042,243.3699999999999,effect_5-10
2102,566,STR,ACB,0,0.0,0,0.0,214,0.0,243.3699999999999,effect_5-10
2103,567,STR,ACB,11,0.04519866869375849,37,3.3636363636363638,1983,0.018658598083711547,243.3699999999999,effect_5-10
2104,568,STR,ACB,0,0.0,0,0.0,32,0.0,243.3699999999999,effect_5-10
2105,571,STR,ACB,20,0.08217939762501544,62,3.1,2049,0.030258662762323085,243.3699999999999,effect_5-10
2106,573,STR,ACB,0,0.0,0,0.0,4,0.0,243.3699999999999,effect_5-10
2107,575,STR,ACB,0,0.0,0,0.0,108,0.0,243.3699999999999,effect_5-10
2108,576,STR,ACB,0,0.0,0,0.0,455,0.0,243.3699999999999,effect_5-10
2109,577,STR,ACB,0,0.0,0,0.0,3052,0.0,243.3699999999999,effect_5-10
2110,578,STR,ACB,0,0.0,0,0.0,20,0.0,243.3699999999999,effect_5-10
2111,579,STR,ACB,33,0.13559600608127548,112,3.393939393939394,2183,0.05130554283096656,243.3699999999999,effect_5-10
2112,582,STR,STR,1,0.0041089698812507725,3,3.0,406,0.007389162561576354,243.3699999999999,effect_5-10
2113,583,STR,STR,0,0.0,0,0.0,693,0.0,243.3699999999999,effect_5-10
2114,584,STR,STR,0,0.0,0,0.0,726,0.0,243.3699999999999,effect_5-10
2115,586,STR,STR,0,0.0,0,0.0,720,0.0,243.3699999999999,effect_5-10
2116,587,Other,OLF,0,0.0,0,0.0,897,0.0,243.3699999999999,effect_5-10
2117,588,Other,OLF,0,0.0,0,0.0,3360,0.0,243.3699999999999,effect_5-10
2118,592,Other,OLF,0,0.0,0,0.0,1341,0.0,243.3699999999999,effect_5-10
2119,593,Other,OLF,0,0.0,0,0.0,533,0.0,243.3699999999999,effect_5-10
2120,594,Other,OLF,1,0.0041089698812507725,3,3.0,1986,0.0015105740181268882,243.3699999999999,effect_5-10
2121,596,Other,OLF,0,0.0,0,0.0,1405,0.0,243.3699999999999,effect_5-10
2122,598,Other,OLF,0,0.0,0,0.0,17,0.0,243.3699999999999,effect_5-10
2123,599,Other,OLF,0,0.0,0,0.0,253,0.0,243.3699999999999,effect_5-10
2124,600,Other,OLF,0,0.0,0,0.0,4279,0.0,243.3699999999999,effect_5-10
2125,612,Other,OLF,0,0.0,0,0.0,210,0.0,243.3699999999999,effect_5-10
2126,616,Other,OLF,0,0.0,0,0.0,5,0.0,243.3699999999999,effect_5-10
2127,620,Other,OLF,0,0.0,0,0.0,789,0.0,243.3699999999999,effect_5-10
2128,621,Other,OLF,0,0.0,0,0.0,441,0.0,243.3699999999999,effect_5-10
2129,622,Other,ORBl6a,0,0.0,0,0.0,30,0.0,243.3699999999999,effect_5-10
2130,623,Other,ORBl5,1,0.0041089698812507725,3,3.0,1129,0.002657218777679362,243.3699999999999,effect_5-10
2131,624,Other,ORBl6a,0,0.0,0,0.0,920,0.0,243.3699999999999,effect_5-10
2132,627,Other,ORBl5,0,0.0,0,0.0,387,0.0,243.3699999999999,effect_5-10
2133,628,Other,ORBl5,0,0.0,0,0.0,23,0.0,243.3699999999999,effect_5-10
2134,632,Other,ORBl5,3,0.012326909643752318,23,7.666666666666667,2647,0.008689081979599547,243.3699999999999,effect_5-10
2135,633,Other,ORBl5,1,0.0041089698812507725,3,3.0,502,0.00597609561752988,243.3699999999999,effect_5-10
2136,634,Other,ORBl5,0,0.0,0,0.0,8,0.0,243.3699999999999,effect_5-10
2137,635,Other,ORBl5,0,0.0,0,0.0,89,0.0,243.3699999999999,effect_5-10
2138,636,Other,ORBl5,2,0.008217939762501545,7,3.5,128,0.0546875,243.3699999999999,effect_5-10
2139,639,Other,ORBl5,0,0.0,0,0.0,616,0.0,243.3699999999999,effect_5-10
2140,640,Other,ORBl5,0,0.0,0,0.0,1280,0.0,243.3699999999999,effect_5-10
2141,641,Other,ORBl5,0,0.0,0,0.0,905,0.0,243.3699999999999,effect_5-10
2142,642,Other,ORBl5,0,0.0,0,0.0,10,0.0,243.3699999999999,effect_5-10
2143,643,Other,ORBl5,2,0.008217939762501545,9,4.5,326,0.027607361963190184,243.3699999999999,effect_5-10
2144,644,Other,ORBl5,0,0.0,0,0.0,918,0.0,243.3699999999999,effect_5-10
2145,646,Other,ORBl5,3,0.012326909643752318,9,3.0,1533,0.005870841487279843,243.3699999999999,effect_5-10
2146,648,Other,ORBl5,0,0.0,0,0.0,181,0.0,243.3699999999999,effect_5-10
2147,650,Other,ORBl5,0,0.0,0,0.0,190,0.0,243.3699999999999,effect_5-10
2148,651,Other,ORBl5,0,0.0,0,0.0,474,0.0,243.3699999999999,effect_5-10
2149,652,Other,ORBl5,1,0.0041089698812507725,6,6.0,3335,0.0017991004497751124,243.3699999999999,effect_5-10
2150,657,Other,ORBl5,4,0.01643587952500309,13,3.25,946,0.013742071881606765,243.3699999999999,effect_5-10
2151,658,Other,ORBl5,0,0.0,0,0.0,171,0.0,243.3699999999999,effect_5-10
2152,661,Other,ORBl5,0,0.0,0,0.0,424,0.0,243.3699999999999,effect_5-10
2153,662,Other,ORBl5,210,0.8628836750626622,988,4.704761904761905,2447,0.40375970576215775,243.3699999999999,effect_5-10
2154,663,Other,ORBl5,12,0.04930763857500927,50,4.166666666666667,275,0.18181818181818182,243.3699999999999,effect_5-10
2155,664,Other,ORBl5,10,0.04108969881250772,41,4.1,607,0.06754530477759473,243.3699999999999,effect_5-10
2156,665,Other,ORBl5,6,0.024653819287504635,18,3.0,1420,0.01267605633802817,243.3699999999999,effect_5-10
2157,666,Other,ORBl5,1,0.0041089698812507725,3,3.0,1515,0.0019801980198019802,243.3699999999999,effect_5-10
2158,669,Other,ORBl6a,1,0.0041089698812507725,3,3.0,2834,0.001058574453069866,243.3699999999999,effect_5-10
2159,671,Other,ORBl5,0,0.0,0,0.0,306,0.0,243.3699999999999,effect_5-10
2160,673,Other,ORBl5,0,0.0,0,0.0,708,0.0,243.3699999999999,effect_5-10
2161,677,Other,ORBl5,1,0.0041089698812507725,3,3.0,985,0.003045685279187817,243.3699999999999,effect_5-10
2162,678,Other,ORBl5,0,0.0,0,0.0,20,0.0,243.3699999999999,effect_5-10
2163,679,Other,ORBl5,1,0.0041089698812507725,6,6.0,444,0.013513513513513514,243.3699999999999,effect_5-10
2164,681,Other,ORBl6a,0,0.0,0,0.0,426,0.0,243.3699999999999,effect_5-10
2165,684,Other,ORBl6a,0,0.0,0,0.0,508,0.0,243.3699999999999,effect_5-10
2166,685,Other,ORBl6a,13,0.05341660845626004,46,3.5384615384615383,1050,0.04380952380952381,243.3699999999999,effect_5-10
2167,688,Other,ORBl6a,0,0.0,0,0.0,446,0.0,243.3699999999999,effect_5-10
2168,689,Other,ORBl6a,20,0.08217939762501544,79,3.95,542,0.14575645756457564,243.3699999999999,effect_5-10
2169,690,Other,ORBl6a,1,0.0041089698812507725,4,4.0,371,0.01078167115902965,243.3699999999999,effect_5-10
2170,692,Other,ORBl6a,8,0.03287175905000618,30,3.75,507,0.05917159763313609,243.3699999999999,effect_5-10
2171,694,Other,ORBl6a,2,0.008217939762501545,7,3.5,182,0.038461538461538464,243.3699999999999,effect_5-10
2172,696,Other,ORBl6a,3,0.012326909643752318,11,3.6666666666666665,2253,0.004882379050155349,243.3699999999999,effect_5-10
2173,698,Other,ORBl6a,1,0.0041089698812507725,4,4.0,144,0.027777777777777776,243.3699999999999,effect_5-10
2174,700,Other,ORBl6a,0,0.0,0,0.0,5,0.0,243.3699999999999,effect_5-10
2175,701,Other,ORBl6a,1,0.0041089698812507725,3,3.0,1282,0.00234009360374415,243.3699999999999,effect_5-10
2176,703,Other,ORBl6a,0,0.0,0,0.0,36,0.0,243.3699999999999,effect_5-10
2177,706,Other,ORBl6a,0,0.0,0,0.0,1,0.0,243.3699999999999,effect_5-10
2178,707,Other,ORBl6a,3,0.012326909643752318,20,6.666666666666667,51,0.39215686274509803,243.3699999999999,effect_5-10
2179,709,Other,ORBl6a,2,0.008217939762501545,9,4.5,2134,0.004217432052483599,243.3699999999999,effect_5-10
2180,710,Other,ORBl6a,0,0.0,0,0.0,348,0.0,243.3699999999999,effect_5-10
2181,711,Other,ORBl6a,0,0.0,0,0.0,79,0.0,243.3699999999999,effect_5-10
2182,712,Other,ORBl6a,1,0.0041089698812507725,3,3.0,3756,0.0007987220447284345,243.3699999999999,effect_5-10
2183,714,Other,ORBl6a,1,0.0041089698812507725,3,3.0,3883,0.0007725985063095545,243.3699999999999,effect_5-10
2184,715,Other,ORBl6a,0,0.0,0,0.0,392,0.0,243.3699999999999,effect_5-10
2185,718,Other,ORBl6a,3,0.012326909643752318,13,4.333333333333333,963,0.013499480789200415,243.3699999999999,effect_5-10
2186,719,Other,ORBl6a,0,0.0,0,0.0,316,0.0,243.3699999999999,effect_5-10
2187,720,Other,ORBl6a,28,0.11505115667502162,109,3.892857142857143,1860,0.05860215053763441,243.3699999999999,effect_5-10
2188,721,Other,ORBl6a,3,0.012326909643752318,10,3.3333333333333335,1023,0.009775171065493646,243.3699999999999,effect_5-10
2189,725,Other,ORBl6a,1,0.0041089698812507725,3,3.0,47,0.06382978723404255,243.3699999999999,effect_5-10
2190,726,Other,ORBl6a,0,0.0,0,0.0,438,0.0,243.3699999999999,effect_5-10
2191,727,Other,ORBl6a,0,0.0,0,0.0,211,0.0,243.3699999999999,effect_5-10
2192,728,Other,ORBl6a,10,0.04108969881250772,42,4.2,1224,0.03431372549019608,243.3699999999999,effect_5-10
2193,729,Other,ORBl6a,0,0.0,0,0.0,114,0.0,243.3699999999999,effect_5-10
2194,730,Other,ORBl6a,0,0.0,0,0.0,444,0.0,243.3699999999999,effect_5-10
2195,734,Other,ORBl6a,4,0.01643587952500309,16,4.0,336,0.047619047619047616,243.3699999999999,effect_5-10
2196,735,Other,ORBl6a,1,0.0041089698812507725,5,5.0,237,0.02109704641350211,243.3699999999999,effect_5-10
2197,736,Other,ORBl6a,0,0.0,0,0.0,80,0.0,243.3699999999999,effect_5-10
2198,738,Other,ORBl6b,0,0.0,0,0.0,34,0.0,243.3699999999999,effect_5-10
2199,740,Other,ORBl6b,1,0.0041089698812507725,3,3.0,544,0.0055147058823529415,243.3699999999999,effect_5-10
2200,744,Other,ORBl6b,0,0.0,0,0.0,10,0.0,243.3699999999999,effect_5-10
2201,746,Other,scwm,0,0.0,0,0.0,254,0.0,243.3699999999999,effect_5-10
2202,747,Other,ORBl6b,0,0.0,0,0.0,17,0.0,243.3699999999999,effect_5-10
2203,753,Other,scwm,0,0.0,0,0.0,4,0.0,243.3699999999999,effect_5-10
2204,755,Other,scwm,0,0.0,0,0.0,3375,0.0,243.3699999999999,effect_5-10
2205,756,Other,scwm,0,0.0,0,0.0,208,0.0,243.3699999999999,effect_5-10
2206,758,Other,ORBl6b,0,0.0,0,0.0,9,0.0,243.3699999999999,effect_5-10
2207,760,Other,ORBl6b,0,0.0,0,0.0,56,0.0,243.3699999999999,effect_5-10
2208,761,Other,ORBl6b,0,0.0,0,0.0,198,0.0,243.3699999999999,effect_5-10
2209,762,Other,ORBl6b,0,0.0,0,0.0,36,0.0,243.3699999999999,effect_5-10
2210,764,Other,AId6a,0,0.0,0,0.0,234,0.0,243.3699999999999,effect_5-10
2211,765,Other,AId6a,1,0.0041089698812507725,3,3.0,197,0.015228426395939087,243.3699999999999,effect_5-10
2212,768,Other,AId6a,1,0.0041089698812507725,3,3.0,94,0.031914893617021274,243.3699999999999,effect_5-10
2213,769,Other,AId6a,5,0.02054484940625386,16,3.2,2605,0.006142034548944338,243.3699999999999,effect_5-10
2214,771,Other,AId6a,1,0.0041089698812507725,5,5.0,262,0.019083969465648856,243.3699999999999,effect_5-10
2215,773,Other,AId6a,0,0.0,0,0.0,155,0.0,243.3699999999999,effect_5-10
2216,779,Motor,MOs6a,0,0.0,0,0.0,1,0.0,243.3699999999999,effect_5-10
2217,780,Other,AId6a,7,0.028762789168755406,21,3.0,699,0.030042918454935622,243.3699999999999,effect_5-10
2218,781,Motor,MOs6a,0,0.0,0,0.0,1004,0.0,243.3699999999999,effect_5-10
2219,784,Motor,MOs6a,0,0.0,0,0.0,164,0.0,243.3699999999999,effect_5-10
2220,787,Motor,MOs6a,6,0.024653819287504635,40,6.666666666666667,2073,0.01929570670525808,243.3699999999999,effect_5-10
2221,788,Motor,MOs6a,4,0.01643587952500309,14,3.5,597,0.023450586264656615,243.3699999999999,effect_5-10
2222,792,Motor,MOs6a,0,0.0,0,0.0,2253,0.0,243.3699999999999,effect_5-10
2223,796,Motor,MOs6a,0,0.0,0,0.0,4,0.0,243.3699999999999,effect_5-10
2224,798,Motor,MOs6a,1,0.0041089698812507725,3,3.0,275,0.01090909090909091,243.3699999999999,effect_5-10
2225,799,Motor,MOs6a,0,0.0,0,0.0,12,0.0,243.3699999999999,effect_5-10
2226,803,Motor,MOs6a,2,0.008217939762501545,6,3.0,1178,0.0050933786078098476,243.3699999999999,effect_5-10
2227,804,Motor,MOs6a,1,0.0041089698812507725,3,3.0,484,0.006198347107438017,243.3699999999999,effect_5-10
2228,808,Motor,MOs6a,4,0.01643587952500309,14,3.5,957,0.014629049111807733,243.3699999999999,effect_5-10
2229,809,Motor,MOs6a,0,0.0,0,0.0,1206,0.0,243.3699999999999,effect_5-10
2230,816,Motor,MOs6a,0,0.0,0,0.0,772,0.0,243.3699999999999,effect_5-10
2231,817,Motor,MOs6a,0,0.0,0,0.0,968,0.0,243.3699999999999,effect_5-10
2232,818,Motor,MOs6a,1,0.0041089698812507725,3,3.0,487,0.006160164271047228,243.3699999999999,effect_5-10
2233,826,Motor,MOs6a,1,0.0041089698812507725,3,3.0,709,0.004231311706629055,243.3699999999999,effect_5-10
2234,827,Motor,MOs6a,9,0.03698072893125695,32,3.5555555555555554,3865,0.008279430789133247,243.3699999999999,effect_5-10
2235,828,Motor,MOs6a,2,0.008217939762501545,7,3.5,1577,0.004438807863031071,243.3699999999999,effect_5-10
2236,829,Motor,MOs6a,2,0.008217939762501545,9,4.5,843,0.010676156583629894,243.3699999999999,effect_5-10
2237,830,Motor,MOs6a,1,0.0041089698812507725,3,3.0,588,0.00510204081632653,243.3699999999999,effect_5-10
2238,832,Motor,MOs6a,0,0.0,0,0.0,653,0.0,243.3699999999999,effect_5-10
2239,834,Motor,MOs6a,0,0.0,0,0.0,328,0.0,243.3699999999999,effect_5-10
2240,839,Motor,MOs5,0,0.0,0,0.0,731,0.0,243.3699999999999,effect_5-10
2241,840,Motor,MOs5,2,0.008217939762501545,7,3.5,437,0.016018306636155607,243.3699999999999,effect_5-10
2242,845,Motor,MOs5,5,0.02054484940625386,20,4.0,568,0.035211267605633804,243.3699999999999,effect_5-10
2243,849,Motor,MOs5,5,0.02054484940625386,19,3.8,1932,0.009834368530020704,243.3699999999999,effect_5-10
2244,854,Motor,MOs5,0,0.0,0,0.0,14,0.0,243.3699999999999,effect_5-10
2245,857,Motor,MOs5,2,0.008217939762501545,8,4.0,3676,0.002176278563656148,243.3699999999999,effect_5-10
2246,859,Motor,MOs5,8,0.03287175905000618,26,3.25,683,0.03806734992679356,243.3699999999999,effect_5-10
2247,861,Motor,MOs5,16,0.06574351810001236,57,3.5625,1516,0.037598944591029027,243.3699999999999,effect_5-10
2248,862,Motor,MOs5,13,0.05341660845626004,49,3.769230769230769,293,0.16723549488054607,243.3699999999999,effect_5-10
2249,864,Motor,MOs5,1,0.0041089698812507725,3,3.0,1166,0.002572898799313894,243.3699999999999,effect_5-10
2250,868,Motor,MOp5,6,0.024653819287504635,20,3.3333333333333335,4101,0.00487685930260912,243.3699999999999,effect_5-10
2251,869,Motor,MOp5,0,0.0,0,0.0,1505,0.0,243.3699999999999,effect_5-10
2252,873,Motor,MOp5,0,0.0,0,0.0,238,0.0,243.3699999999999,effect_5-10
2253,874,Motor,MOp5,3,0.012326909643752318,12,4.0,1571,0.0076384468491406746,243.3699999999999,effect_5-10
2254,875,Motor,MOp5,9,0.03698072893125695,27,3.0,769,0.035110533159947985,243.3699999999999,effect_5-10
2255,876,Motor,MOp5,0,0.0,0,0.0,312,0.0,243.3699999999999,effect_5-10
2256,878,Motor,MOs5,3,0.012326909643752318,10,3.3333333333333335,1418,0.007052186177715092,243.3699999999999,effect_5-10
2257,881,Motor,MOp5,1,0.0041089698812507725,3,3.0,1544,0.0019430051813471502,243.3699999999999,effect_5-10
2258,882,Motor,MOs5,2,0.008217939762501545,6,3.0,470,0.01276595744680851,243.3699999999999,effect_5-10
2259,883,Motor,MOs5,0,0.0,0,0.0,838,0.0,243.3699999999999,effect_5-10
2260,884,Motor,MOs5,0,0.0,0,0.0,2495,0.0,243.3699999999999,effect_5-10
2261,887,Motor,MOp5,0,0.0,0,0.0,194,0.0,243.3699999999999,effect_5-10
2262,891,Motor,MOp5,1,0.0041089698812507725,4,4.0,383,0.010443864229765013,243.3699999999999,effect_5-10
2263,892,Motor,MOp5,0,0.0,0,0.0,236,0.0,243.3699999999999,effect_5-10
2264,893,Motor,MOp5,1,0.0041089698812507725,3,3.0,357,0.008403361344537815,243.3699999999999,effect_5-10
2265,894,Motor,MOp5,0,0.0,0,0.0,39,0.0,243.3699999999999,effect_5-10
2266,895,Motor,MOp5,3,0.012326909643752318,10,3.3333333333333335,2653,0.003769317753486619,243.3699999999999,effect_5-10
2267,897,Motor,MOp5,0,0.0,0,0.0,25,0.0,243.3699999999999,effect_5-10
2268,898,Motor,MOp5,0,0.0,0,0.0,167,0.0,243.3699999999999,effect_5-10
2269,899,Motor,MOp5,1,0.0041089698812507725,4,4.0,404,0.009900990099009901,243.3699999999999,effect_5-10
2270,900,Motor,MOp5,0,0.0,0,0.0,37,0.0,243.3699999999999,effect_5-10
2271,906,Motor,MOp5,1,0.0041089698812507725,4,4.0,364,0.01098901098901099,243.3699999999999,effect_5-10
2272,907,Motor,MOp2/3,1,0.0041089698812507725,3,3.0,593,0.00505902192242833,243.3699999999999,effect_5-10
2273,909,Motor,MOp5,4,0.01643587952500309,12,3.0,326,0.03680981595092025,243.3699999999999,effect_5-10
2274,910,Motor,MOp5,1,0.0041089698812507725,3,3.0,675,0.0044444444444444444,243.3699999999999,effect_5-10
2275,911,Motor,MOp2/3,0,0.0,0,0.0,157,0.0,243.3699999999999,effect_5-10
2276,913,Motor,MOp5,0,0.0,0,0.0,274,0.0,243.3699999999999,effect_5-10
2277,914,Motor,MOp2/3,2,0.008217939762501545,6,3.0,678,0.008849557522123894,243.3699999999999,effect_5-10
2278,915,Motor,MOp2/3,3,0.012326909643752318,9,3.0,1486,0.006056527590847914,243.3699999999999,effect_5-10
2279,920,Motor,MOp2/3,0,0.0,0,0.0,760,0.0,243.3699999999999,effect_5-10
2280,921,Motor,MOp2/3,0,0.0,0,0.0,622,0.0,243.3699999999999,effect_5-10
2281,922,Motor,MOp2/3,0,0.0,0,0.0,494,0.0,243.3699999999999,effect_5-10
2282,924,Motor,MOp2/3,8,0.03287175905000618,26,3.25,1806,0.014396456256921373,243.3699999999999,effect_5-10
2283,926,Motor,MOp2/3,425,1.7463121995315782,3014,7.091764705882353,12903,0.23358908780903667,243.3699999999999,effect_5-10
2284,927,Motor,MOp2/3,5,0.02054484940625386,18,3.6,916,0.019650655021834062,243.3699999999999,effect_5-10
2285,930,Motor,MOp2/3,39,0.16024982536878013,154,3.948717948717949,1640,0.09390243902439024,243.3699999999999,effect_5-10
2286,932,Motor,MOp2/3,1,0.0041089698812507725,3,3.0,102,0.029411764705882353,243.3699999999999,effect_5-10
2287,934,Motor,MOp2/3,2,0.008217939762501545,6,3.0,29,0.20689655172413793,243.3699999999999,effect_5-10
2288,935,Motor,MOp2/3,7,0.028762789168755406,38,5.428571428571429,462,0.08225108225108226,243.3699999999999,effect_5-10
2289,936,Motor,MOp2/3,0,0.0,0,0.0,608,0.0,243.3699999999999,effect_5-10
2290,937,Motor,MOp2/3,0,0.0,0,0.0,472,0.0,243.3699999999999,effect_5-10
2291,939,Motor,MOp2/3,1,0.0041089698812507725,5,5.0,451,0.011086474501108648,243.3699999999999,effect_5-10
2292,940,Motor,MOp2/3,0,0.0,0,0.0,483,0.0,243.3699999999999,effect_5-10
2293,941,Motor,MOp2/3,5,0.02054484940625386,15,3.0,1667,0.008998200359928014,243.3699999999999,effect_5-10
2294,945,Motor,MOp2/3,0,0.0,0,0.0,177,0.0,243.3699999999999,effect_5-10
2295,946,Motor,MOp2/3,1,0.0041089698812507725,5,5.0,155,0.03225806451612903,243.3699999999999,effect_5-10
2296,950,Motor,MOp2/3,0,0.0,0,0.0,603,0.0,243.3699999999999,effect_5-10
2297,951,Motor,MOp2/3,6,0.024653819287504635,19,3.1666666666666665,701,0.02710413694721826,243.3699999999999,effect_5-10
2298,953,Motor,MOp2/3,2,0.008217939762501545,6,3.0,343,0.01749271137026239,243.3699999999999,effect_5-10
2299,954,Motor,MOp2/3,7,0.028762789168755406,21,3.0,442,0.04751131221719457,243.3699999999999,effect_5-10
2300,957,Motor,MOp2/3,0,0.0,0,0.0,12,0.0,243.3699999999999,effect_5-10
2301,962,Motor,MOp2/3,7,0.028762789168755406,23,3.2857142857142856,768,0.029947916666666668,243.3699999999999,effect_5-10
2302,963,Motor,MOp2/3,4,0.01643587952500309,12,3.0,675,0.017777777777777778,243.3699999999999,effect_5-10
2303,966,Motor,MOp2/3,0,0.0,0,0.0,150,0.0,243.3699999999999,effect_5-10
2304,967,Motor,MOp2/3,3,0.012326909643752318,9,3.0,678,0.01327433628318584,243.3699999999999,effect_5-10
2305,968,Motor,MOp2/3,18,0.0739614578625139,56,3.111111111111111,697,0.08034433285509325,243.3699999999999,effect_5-10
2306,972,Motor,MOp2/3,3,0.012326909643752318,9,3.0,587,0.015332197614991482,243.3699999999999,effect_5-10
2307,978,Motor,MOp2/3,0,0.0,0,0.0,769,0.0,243.3699999999999,effect_5-10
2308,982,Motor,MOp2/3,1,0.0041089698812507725,3,3.0,750,0.004,243.3699999999999,effect_5-10
2309,986,Motor,MOp1,39,0.16024982536878013,124,3.1794871794871793,1009,0.12289395441030723,243.3699999999999,effect_5-10
2310,991,STR,ACB,1,0.0041089698812507725,4,4.0,37,0.10810810810810811,243.3699999999999,effect_5-10
2311,992,STR,ACB,29,0.1191601265562724,114,3.9310344827586206,1758,0.06484641638225255,243.3699999999999,effect_5-10
2312,993,STR,ACB,3,0.012326909643752318,10,3.3333333333333335,340,0.029411764705882353,243.3699999999999,effect_5-10
2313,995,STR,ACB,0,0.0,0,0.0,60,0.0,243.3699999999999,effect_5-10
2314,997,STR,ACB,33,0.13559600608127548,103,3.121212121212121,2262,0.04553492484526967,243.3699999999999,effect_5-10
2315,1000,STR,ACB,0,0.0,0,0.0,28,0.0,243.3699999999999,effect_5-10
2316,1001,STR,ACB,0,0.0,0,0.0,15,0.0,243.3699999999999,effect_5-10
2317,1003,STR,ACB,1,0.0041089698812507725,3,3.0,47,0.06382978723404255,243.3699999999999,effect_5-10
2318,1006,STR,ACB,0,0.0,0,0.0,6,0.0,243.3699999999999,effect_5-10
2319,1007,STR,ACB,0,0.0,0,0.0,132,0.0,243.3699999999999,effect_5-10
2320,1013,STR,ACB,0,0.0,0,0.0,6,0.0,243.3699999999999,effect_5-10
2321,1014,STR,ACB,0,0.0,0,0.0,9,0.0,243.3699999999999,effect_5-10
2322,1015,STR,ACB,0,0.0,0,0.0,5,0.0,243.3699999999999,effect_5-10
2323,1020,STR,ACB,0,0.0,0,0.0,587,0.0,243.3699999999999,effect_5-10
2324,1021,STR,ACB,0,0.0,0,0.0,49,0.0,243.3699999999999,effect_5-10
2325,1022,STR,ACB,6,0.024653819287504635,20,3.3333333333333335,580,0.034482758620689655,243.3699999999999,effect_5-10
2326,1023,STR,ACB,0,0.0,0,0.0,7,0.0,243.3699999999999,effect_5-10
2327,1024,Other,OLF,0,0.0,0,0.0,0,0.0,243.3699999999999,effect_5-10
2328,1025,Other,OLF,0,0.0,0,0.0,35,0.0,243.3699999999999,effect_5-10
2329,1026,Other,OLF,0,0.0,0,0.0,1576,0.0,243.3699999999999,effect_5-10
2330,1027,Other,OLF,0,0.0,0,0.0,238,0.0,243.3699999999999,effect_5-10
2331,1028,Other,OLF,0,0.0,0,0.0,24,0.0,243.3699999999999,effect_5-10
2332,1032,Other,OLF,0,0.0,0,0.0,31,0.0,243.3699999999999,effect_5-10
2333,1033,Other,OLF,0,0.0,0,0.0,750,0.0,243.3699999999999,effect_5-10
2334,1035,Other,ORBl5,3,0.012326909643752318,10,3.3333333333333335,1522,0.006570302233902759,243.3699999999999,effect_5-10
2335,1038,Other,ORBl5,0,0.0,0,0.0,357,0.0,243.3699999999999,effect_5-10
2336,1039,Other,ORBl5,0,0.0,0,0.0,40,0.0,243.3699999999999,effect_5-10
2337,1042,Other,ORBl5,0,0.0,0,0.0,555,0.0,243.3699999999999,effect_5-10
2338,1045,Other,ORBl5,1,0.0041089698812507725,4,4.0,249,0.01606425702811245,243.3699999999999,effect_5-10
2339,1047,Other,ORBl5,1,0.0041089698812507725,3,3.0,106,0.02830188679245283,243.3699999999999,effect_5-10
2340,1049,Other,ORBl5,2,0.008217939762501545,6,3.0,1120,0.005357142857142857,243.3699999999999,effect_5-10
2341,1052,Other,ORBl6a,1,0.0041089698812507725,4,4.0,14,0.2857142857142857,243.3699999999999,effect_5-10
2342,1054,Other,ORBl6a,0,0.0,0,0.0,27,0.0,243.3699999999999,effect_5-10
2343,1058,Other,ORBl6a,0,0.0,0,0.0,11,0.0,243.3699999999999,effect_5-10
2344,1059,Other,ORBl6a,0,0.0,0,0.0,99,0.0,243.3699999999999,effect_5-10
2345,1060,Other,ORBl6a,1,0.0041089698812507725,3,3.0,661,0.0045385779122541605,243.3699999999999,effect_5-10
2346,1063,Other,ORBl6a,0,0.0,0,0.0,207,0.0,243.3699999999999,effect_5-10
2347,1064,Other,ORBl6a,0,0.0,0,0.0,95,0.0,243.3699999999999,effect_5-10
2348,1067,Other,ORBl6a,0,0.0,0,0.0,731,0.0,243.3699999999999,effect_5-10
2349,1068,Other,ORBl6a,0,0.0,0,0.0,74,0.0,243.3699999999999,effect_5-10
2350,1069,Other,ORBl6a,4,0.01643587952500309,15,3.75,1058,0.014177693761814745,243.3699999999999,effect_5-10
2351,1070,Other,ORBl6a,1,0.0041089698812507725,4,4.0,316,0.012658227848101266,243.3699999999999,effect_5-10
2352,1071,Other,ORBl6a,0,0.0,0,0.0,2898,0.0,243.3699999999999,effect_5-10
2353,1072,Other,ORBl6a,0,0.0,0,0.0,37,0.0,243.3699999999999,effect_5-10
2354,1073,Other,ORBl6a,0,0.0,0,0.0,16,0.0,243.3699999999999,effect_5-10
2355,1074,Other,ORBl6a,0,0.0,0,0.0,33,0.0,243.3699999999999,effect_5-10
2356,1076,Other,ORBl6a,0,0.0,0,0.0,119,0.0,243.3699999999999,effect_5-10
2357,1078,Other,ORBl6b,0,0.0,0,0.0,204,0.0,243.3699999999999,effect_5-10
2358,1079,Other,ORBl6b,1,0.0041089698812507725,3,3.0,575,0.0052173913043478265,243.3699999999999,effect_5-10
2359,1080,Other,ORBl6b,0,0.0,0,0.0,1,0.0,243.3699999999999,effect_5-10
2360,1081,Other,ORBl6b,2,0.008217939762501545,8,4.0,76,0.10526315789473684,243.3699999999999,effect_5-10
2361,1082,Other,ORBl6b,0,0.0,0,0.0,38,0.0,243.3699999999999,effect_5-10
2362,1083,Other,ORBl6b,0,0.0,0,0.0,7,0.0,243.3699999999999,effect_5-10
2363,1084,Other,scwm,0,0.0,0,0.0,41,0.0,243.3699999999999,effect_5-10
2364,1085,Other,scwm,0,0.0,0,0.0,19,0.0,243.3699999999999,effect_5-10
2365,1087,Other,scwm,0,0.0,0,0.0,476,0.0,243.3699999999999,effect_5-10
2366,1089,Other,AId6a,0,0.0,0,0.0,1375,0.0,243.3699999999999,effect_5-10
2367,1090,Other,AId6a,0,0.0,0,0.0,149,0.0,243.3699999999999,effect_5-10
2368,1092,Other,AId6a,0,0.0,0,0.0,169,0.0,243.3699999999999,effect_5-10
2369,1094,Motor,MOs6a,0,0.0,0,0.0,23,0.0,243.3699999999999,effect_5-10
2370,1095,Motor,MOs6a,0,0.0,0,0.0,14,0.0,243.3699999999999,effect_5-10
2371,1096,Motor,MOs6a,0,0.0,0,0.0,170,0.0,243.3699999999999,effect_5-10
2372,1097,Motor,MOs6a,0,0.0,0,0.0,97,0.0,243.3699999999999,effect_5-10
2373,1100,Motor,MOs6a,0,0.0,0,0.0,19,0.0,243.3699999999999,effect_5-10
2374,1103,Motor,MOs6a,0,0.0,0,0.0,69,0.0,243.3699999999999,effect_5-10
2375,1113,Motor,MOs6a,1,0.0041089698812507725,4,4.0,709,0.005641748942172073,243.3699999999999,effect_5-10
2376,1114,Motor,MOs5,2,0.008217939762501545,11,5.5,1276,0.008620689655172414,243.3699999999999,effect_5-10
2377,1116,Motor,MOs5,1,0.0041089698812507725,3,3.0,431,0.0069605568445475635,243.3699999999999,effect_5-10
2378,1117,Motor,MOs5,4,0.01643587952500309,14,3.5,136,0.10294117647058823,243.3699999999999,effect_5-10
2379,1118,Motor,MOs5,0,0.0,0,0.0,311,0.0,243.3699999999999,effect_5-10
2380,1122,Motor,MOs5,3,0.012326909643752318,9,3.0,353,0.025495750708215296,243.3699999999999,effect_5-10
2381,1126,Motor,MOs5,0,0.0,0,0.0,105,0.0,243.3699999999999,effect_5-10
2382,1128,Motor,MOs5,3,0.012326909643752318,11,3.6666666666666665,254,0.04330708661417323,243.3699999999999,effect_5-10
2383,1130,Motor,MOs5,4,0.01643587952500309,12,3.0,738,0.016260162601626018,243.3699999999999,effect_5-10
2384,1132,Motor,MOp5,2,0.008217939762501545,8,4.0,339,0.02359882005899705,243.3699999999999,effect_5-10
2385,1133,Motor,MOp5,1,0.0041089698812507725,3,3.0,560,0.005357142857142857,243.3699999999999,effect_5-10
2386,1136,Motor,MOp5,1,0.0041089698812507725,3,3.0,451,0.0066518847006651885,243.3699999999999,effect_5-10
2387,1137,Motor,MOp5,0,0.0,0,0.0,101,0.0,243.3699999999999,effect_5-10
2388,1138,Motor,MOp2/3,0,0.0,0,0.0,183,0.0,243.3699999999999,effect_5-10
2389,1140,Motor,MOp2/3,0,0.0,0,0.0,612,0.0,243.3699999999999,effect_5-10
2390,1141,Motor,MOp2/3,0,0.0,0,0.0,611,0.0,243.3699999999999,effect_5-10
2391,1142,Motor,MOp2/3,1,0.0041089698812507725,3,3.0,272,0.011029411764705883,243.3699999999999,effect_5-10
2392,1143,Motor,MOp2/3,0,0.0,0,0.0,252,0.0,243.3699999999999,effect_5-10
2393,1148,Motor,MOp2/3,5,0.02054484940625386,16,3.2,283,0.05653710247349823,243.3699999999999,effect_5-10
2394,1150,STR,ACB,0,0.0,0,0.0,7,0.0,243.3699999999999,effect_5-10
2395,1158,STR,ACB,0,0.0,0,0.0,5,0.0,243.3699999999999,effect_5-10
2396,1159,STR,ACB,2,0.008217939762501545,6,3.0,346,0.017341040462427744,243.3699999999999,effect_5-10
2397,1160,Other,OLF,0,0.0,0,0.0,19,0.0,243.3699999999999,effect_5-10
2398,1161,Other,ORBl5,0,0.0,0,0.0,99,0.0,243.3699999999999,effect_5-10
2399,1162,Other,ORBl5,1,0.0041089698812507725,3,3.0,25,0.12,243.3699999999999,effect_5-10
2400,1164,Other,ORBl5,1,0.0041089698812507725,6,6.0,620,0.00967741935483871,243.3699999999999,effect_5-10
2401,1166,Other,ORBl6a,0,0.0,0,0.0,362,0.0,243.3699999999999,effect_5-10
2402,1168,Other,ORBl6a,0,0.0,0,0.0,8,0.0,243.3699999999999,effect_5-10
2403,1169,Other,ORBl6a,0,0.0,0,0.0,374,0.0,243.3699999999999,effect_5-10
2404,1172,Other,ORBl6a,0,0.0,0,0.0,33,0.0,243.3699999999999,effect_5-10
2405,1173,Other,ORBl6a,0,0.0,0,0.0,50,0.0,243.3699999999999,effect_5-10
2406,1174,Other,ORBl6a,0,0.0,0,0.0,95,0.0,243.3699999999999,effect_5-10
2407,1175,Other,ORBl6a,0,0.0,0,0.0,21,0.0,243.3699999999999,effect_5-10
2408,1176,Other,ORBl6a,0,0.0,0,0.0,14,0.0,243.3699999999999,effect_5-10
2409,1178,Other,ORBl6b,1,0.0041089698812507725,8,8.0,520,0.015384615384615385,243.3699999999999,effect_5-10
2410,1179,Other,ORBl6b,0,0.0,0,0.0,49,0.0,243.3699999999999,effect_5-10
2411,1180,Other,scwm,1,0.0041089698812507725,3,3.0,205,0.014634146341463415,243.3699999999999,effect_5-10
2412,1183,Motor,MOs6a,0,0.0,0,0.0,36,0.0,243.3699999999999,effect_5-10
2413,1186,Motor,MOs5,10,0.04108969881250772,34,3.4,1851,0.018368449486763912,243.3699999999999,effect_5-10
2414,1187,Motor,MOs5,0,0.0,0,0.0,85,0.0,243.3699999999999,effect_5-10
2415,1190,Motor,MOp5,0,0.0,0,0.0,257,0.0,243.3699999999999,effect_5-10
2416,1192,Other,ORBl5,0,0.0,0,0.0,41,0.0,243.3699999999999,effect_5-10
2417,1194,Other,ORBl6a,0,0.0,0,0.0,17,0.0,243.3699999999999,effect_5-10
2418,1195,Other,ORBl6a,0,0.0,0,0.0,125,0.0,243.3699999999999,effect_5-10
2419,1197,Other,ORBl6a,0,0.0,0,0.0,11,0.0,243.3699999999999,effect_5-10
2420,1200,STR,ACB,0,0.0,0,0.0,646,0.0,243.3699999999999,effect_5-10
2421,1201,STR,ACB,3,0.012326909643752318,9,3.0,1098,0.00819672131147541,243.3699999999999,effect_5-10
2422,1202,STR,ACB,0,0.0,0,0.0,687,0.0,243.3699999999999,effect_5-10
2423,1203,Other,OLF,0,0.0,0,0.0,88,0.0,243.3699999999999,effect_5-10
2424,1205,Other,ORBl5,0,0.0,0,0.0,1911,0.0,243.3699999999999,effect_5-10
2425,1208,Other,ORBl5,0,0.0,0,0.0,2,0.0,243.3699999999999,effect_5-10
2426,1209,Other,ORBl6a,0,0.0,0,0.0,932,0.0,243.3699999999999,effect_5-10
2427,1211,Other,ORBl6a,0,0.0,0,0.0,709,0.0,243.3699999999999,effect_5-10
2428,1212,Other,ORBl6a,0,0.0,0,0.0,2,0.0,243.3699999999999,effect_5-10
2429,1213,Other,ORBl6a,1,0.0041089698812507725,3,3.0,200,0.015,243.3699999999999,effect_5-10
2430,1214,Other,AId6a,1,0.0041089698812507725,8,8.0,1089,0.0073461891643709825,243.3699999999999,effect_5-10
2431,1218,Motor,MOp5,2,0.008217939762501545,6,3.0,1491,0.004024144869215292,243.3699999999999,effect_5-10
2432,1224,STR,ACB,0,0.0,0,0.0,213,0.0,243.3699999999999,effect_5-10
2433,1225,Other,ORBl6a,0,0.0,0,0.0,18,0.0,243.3699999999999,effect_5-10
2434,1226,Other,ORBl5,0,0.0,0,0.0,10,0.0,243.3699999999999,effect_5-10
2435,1228,Other,ORBl6a,0,0.0,0,0.0,98,0.0,243.3699999999999,effect_5-10
2436,0,Thalamus,PO,14,0.05386272699292183,30,2.142857142857143,1536,0.01953125,259.9199999999955,effect_10-15
2437,2,Thalamus,PO,8,0.03077870113881247,15,1.875,1629,0.009208103130755065,259.9199999999955,effect_10-15
2438,3,Thalamus,PO,13,0.05001538935057027,22,1.6923076923076923,762,0.028871391076115485,259.9199999999955,effect_10-15
2439,5,Thalamus,PO,10,0.03847337642351559,19,1.9,1286,0.014774494556765163,259.9199999999955,effect_10-15
2440,7,Thalamus,PO,15,0.05771006463527339,31,2.066666666666667,504,0.061507936507936505,259.9199999999955,effect_10-15
2441,8,Thalamus,PO,16,0.06155740227762494,35,2.1875,287,0.12195121951219512,259.9199999999955,effect_10-15
2442,9,Thalamus,PO,69,0.26546629732225757,144,2.0869565217391304,1982,0.07265388496468214,259.9199999999955,effect_10-15
2443,10,Thalamus,PO,25,0.09618344105878897,52,2.08,517,0.10058027079303675,259.9199999999955,effect_10-15
2444,13,Thalamus,PO,3,0.011542012927054677,6,2.0,108,0.05555555555555555,259.9199999999955,effect_10-15
2445,16,Thalamus,PO,40,0.15389350569406235,90,2.25,579,0.15544041450777202,259.9199999999955,effect_10-15
2446,17,Thalamus,PO,4,0.015389350569406235,7,1.75,628,0.011146496815286623,259.9199999999955,effect_10-15
2447,18,Thalamus,PO,16,0.06155740227762494,35,2.1875,980,0.03571428571428571,259.9199999999955,effect_10-15
2448,19,Thalamus,PO,21,0.08079409048938274,41,1.9523809523809523,653,0.06278713629402756,259.9199999999955,effect_10-15
2449,23,Thalamus,PO,14,0.05386272699292183,25,1.7857142857142858,1231,0.020308692120227456,259.9199999999955,effect_10-15
2450,25,Thalamus,PO,0,0.0,0,0.0,48,0.0,259.9199999999955,effect_10-15
2451,27,Thalamus,PO,0,0.0,0,0.0,133,0.0,259.9199999999955,effect_10-15
2452,28,Thalamus,PO,14,0.05386272699292183,28,2.0,322,0.08695652173913043,259.9199999999955,effect_10-15
2453,29,Thalamus,PO,44,0.1692828562634686,88,2.0,1742,0.0505166475315729,259.9199999999955,effect_10-15
2454,31,Thalamus,PO,7,0.026931363496460914,16,2.2857142857142856,634,0.025236593059936908,259.9199999999955,effect_10-15
2455,32,Thalamus,PO,36,0.13850415512465614,86,2.388888888888889,688,0.125,259.9199999999955,effect_10-15
2456,33,Thalamus,PO,14,0.05386272699292183,25,1.7857142857142858,827,0.030229746070133012,259.9199999999955,effect_10-15
2457,34,Thalamus,PO,35,0.13465681748230457,67,1.9142857142857144,1821,0.036792970895112576,259.9199999999955,effect_10-15
2458,35,Thalamus,PO,50,0.19236688211757794,102,2.04,2690,0.0379182156133829,259.9199999999955,effect_10-15
2459,36,Thalamus,PO,10,0.03847337642351559,19,1.9,1882,0.010095642933049946,259.9199999999955,effect_10-15
2460,38,Thalamus,PO,2,0.007694675284703118,3,1.5,375,0.008,259.9199999999955,effect_10-15
2461,39,Thalamus,PO,3,0.011542012927054677,4,1.3333333333333333,852,0.004694835680751174,259.9199999999955,effect_10-15
2462,40,Thalamus,PO,24,0.09233610341643742,50,2.0833333333333335,1193,0.041911148365465216,259.9199999999955,effect_10-15
2463,41,Thalamus,PO,9,0.034626038781164034,15,1.6666666666666667,1513,0.00991407799074686,259.9199999999955,effect_10-15
2464,42,Thalamus,PO,32,0.12311480455524988,57,1.78125,1208,0.04718543046357616,259.9199999999955,effect_10-15
2465,43,Thalamus,PO,26,0.10003077870114054,62,2.3846153846153846,1953,0.031746031746031744,259.9199999999955,effect_10-15
2466,44,Thalamus,PO,58,0.22314558325639042,115,1.9827586206896552,2263,0.05081749889527176,259.9199999999955,effect_10-15
2467,46,Thalamus,PO,0,0.0,0,0.0,103,0.0,259.9199999999955,effect_10-15
2468,47,Thalamus,PO,17,0.0654047399199765,35,2.0588235294117645,1283,0.027279812938425563,259.9199999999955,effect_10-15
2469,50,Thalamus,PO,111,0.42705447830102305,257,2.315315315315315,3454,0.07440648523451071,259.9199999999955,effect_10-15
2470,53,Thalamus,PO,10,0.03847337642351559,19,1.9,1512,0.012566137566137565,259.9199999999955,effect_10-15
2471,54,Thalamus,PO,22,0.0846414281317343,43,1.9545454545454546,1772,0.024266365688487584,259.9199999999955,effect_10-15
2472,55,Thalamus,PO,57,0.21929824561403885,125,2.192982456140351,2329,0.053671103477887505,259.9199999999955,effect_10-15
2473,56,Thalamus,PO,25,0.09618344105878897,50,2.0,1126,0.04440497335701599,259.9199999999955,effect_10-15
2474,57,Thalamus,PO,40,0.15389350569406235,84,2.1,2110,0.03981042654028436,259.9199999999955,effect_10-15
2475,58,Thalamus,PO,3,0.011542012927054677,6,2.0,1574,0.0038119440914866584,259.9199999999955,effect_10-15
2476,59,Thalamus,PO,67,0.25777162203755444,162,2.417910447761194,1247,0.12991178829190056,259.9199999999955,effect_10-15
2477,61,Thalamus,PO,21,0.08079409048938274,36,1.7142857142857142,1618,0.022249690976514216,259.9199999999955,effect_10-15
2478,62,Thalamus,PO,56,0.2154509079716873,124,2.2142857142857144,2437,0.0508822322527698,259.9199999999955,effect_10-15
2479,64,Thalamus,PO,6,0.023084025854109354,8,1.3333333333333333,2669,0.0029973772948669914,259.9199999999955,effect_10-15
2480,65,Thalamus,PO,100,0.3847337642351559,228,2.28,1794,0.12709030100334448,259.9199999999955,effect_10-15
2481,66,Thalamus,PO,12,0.04616805170821871,20,1.6666666666666667,1143,0.017497812773403325,259.9199999999955,effect_10-15
2482,68,Thalamus,PO,22,0.0846414281317343,51,2.3181818181818183,1615,0.031578947368421054,259.9199999999955,effect_10-15
2483,69,Thalamus,PO,17,0.0654047399199765,37,2.176470588235294,1902,0.019453207150368034,259.9199999999955,effect_10-15
2484,72,Thalamus,PO,9,0.034626038781164034,13,1.4444444444444444,625,0.0208,259.9199999999955,effect_10-15
2485,74,Thalamus,PO,52,0.20006155740228107,118,2.269230769230769,1455,0.08109965635738832,259.9199999999955,effect_10-15
2486,75,Thalamus,PO,31,0.11926746691289833,52,1.6774193548387097,1941,0.026790314270994334,259.9199999999955,effect_10-15
2487,78,Thalamus,PO,65,0.25007694675285136,146,2.246153846153846,1974,0.07396149949341439,259.9199999999955,effect_10-15
2488,80,Thalamus,PO,125,0.4809172052939449,324,2.592,3250,0.09969230769230769,259.9199999999955,effect_10-15
2489,82,Thalamus,PO,40,0.15389350569406235,83,2.075,393,0.21119592875318066,259.9199999999955,effect_10-15
2490,83,Thalamus,PO,64,0.24622960911049976,135,2.109375,2279,0.05923650724001755,259.9199999999955,effect_10-15
2491,84,Thalamus,PO,2,0.007694675284703118,3,1.5,2692,0.001114413075780089,259.9199999999955,effect_10-15
2492,85,Thalamus,PO,69,0.26546629732225757,156,2.260869565217391,2477,0.06297941057731127,259.9199999999955,effect_10-15
2493,86,Thalamus,PO,57,0.21929824561403885,118,2.0701754385964914,2865,0.04118673647469459,259.9199999999955,effect_10-15
2494,88,Thalamus,PO,22,0.0846414281317343,45,2.0454545454545454,1376,0.032703488372093026,259.9199999999955,effect_10-15
2495,90,Thalamus,PO,61,0.2346875961834451,137,2.2459016393442623,1386,0.09884559884559885,259.9199999999955,effect_10-15
2496,92,Thalamus,PO,19,0.07309941520467962,42,2.210526315789474,871,0.04822043628013777,259.9199999999955,effect_10-15
2497,95,Thalamus,PO,44,0.1692828562634686,102,2.3181818181818183,1803,0.056572379367720464,259.9199999999955,effect_10-15
2498,96,Thalamus,PO,23,0.08848876577408586,52,2.260869565217391,715,0.07272727272727272,259.9199999999955,effect_10-15
2499,97,Thalamus,PO,53,0.20390889504463264,108,2.0377358490566038,971,0.11122554067971163,259.9199999999955,effect_10-15
2500,98,Thalamus,PO,95,0.3654970760233981,241,2.536842105263158,3143,0.0766783328030544,259.9199999999955,effect_10-15
2501,99,Thalamus,PO,62,0.23853493382579666,158,2.5483870967741935,983,0.1607324516785351,259.9199999999955,effect_10-15
2502,102,Thalamus,PO,31,0.11926746691289833,60,1.935483870967742,2405,0.02494802494802495,259.9199999999955,effect_10-15
2503,103,Thalamus,PO,27,0.10387811634349209,62,2.2962962962962963,1927,0.03217436429683446,259.9199999999955,effect_10-15
2504,104,Thalamus,PO,24,0.09233610341643742,52,2.1666666666666665,401,0.12967581047381546,259.9199999999955,effect_10-15
2505,106,Thalamus,PO,25,0.09618344105878897,64,2.56,1273,0.05027494108405342,259.9199999999955,effect_10-15
2506,108,Thalamus,PO,23,0.08848876577408586,44,1.9130434782608696,1719,0.025596276905177427,259.9199999999955,effect_10-15
2507,109,Thalamus,PO,56,0.2154509079716873,131,2.3392857142857144,1636,0.08007334963325183,259.9199999999955,effect_10-15
2508,111,Thalamus,PO,26,0.10003077870114054,69,2.6538461538461537,1527,0.04518664047151277,259.9199999999955,effect_10-15
2509,112,Thalamus,PO,171,0.6578947368421166,437,2.5555555555555554,2644,0.16527987897125568,259.9199999999955,effect_10-15
2510,114,Thalamus,PO,23,0.08848876577408586,41,1.7826086956521738,1801,0.022765130483064965,259.9199999999955,effect_10-15
2511,116,Thalamus,PO,53,0.20390889504463264,106,2.0,2442,0.043407043407043405,259.9199999999955,effect_10-15
2512,117,Thalamus,PO,54,0.20775623268698418,129,2.388888888888889,1410,0.09148936170212765,259.9199999999955,effect_10-15
2513,120,Thalamus,PO,42,0.16158818097876548,83,1.9761904761904763,2933,0.028298670303443574,259.9199999999955,effect_10-15
2514,121,Thalamus,PO,10,0.03847337642351559,15,1.5,1225,0.012244897959183673,259.9199999999955,effect_10-15
2515,124,Thalamus,PO,20,0.07694675284703117,41,2.05,1902,0.021556256572029444,259.9199999999955,effect_10-15
2516,125,Thalamus,PO,21,0.08079409048938274,42,2.0,1424,0.02949438202247191,259.9199999999955,effect_10-15
2517,126,Thalamus,PO,25,0.09618344105878897,41,1.64,2720,0.015073529411764706,259.9199999999955,effect_10-15
2518,128,Thalamus,PO,117,0.4501385041551324,305,2.606837606837607,1602,0.19038701622971285,259.9199999999955,effect_10-15
2519,129,Thalamus,PO,20,0.07694675284703117,49,2.45,1067,0.04592314901593252,259.9199999999955,effect_10-15
2520,131,Thalamus,PO,28,0.10772545398584366,64,2.2857142857142856,2037,0.031418753068237604,259.9199999999955,effect_10-15
2521,132,Thalamus,PO,13,0.05001538935057027,32,2.4615384615384617,707,0.04526166902404526,259.9199999999955,effect_10-15
2522,133,Thalamus,PO,54,0.20775623268698418,137,2.537037037037037,1383,0.09906001446131597,259.9199999999955,effect_10-15
2523,134,Thalamus,PO,9,0.034626038781164034,19,2.111111111111111,909,0.020902090209020903,259.9199999999955,effect_10-15
2524,135,Thalamus,PO,11,0.04232071406586715,21,1.9090909090909092,2259,0.009296148738379814,259.9199999999955,effect_10-15
2525,138,Thalamus,PO,31,0.11926746691289833,70,2.2580645161290325,1274,0.054945054945054944,259.9199999999955,effect_10-15
2526,139,Thalamus,PO,1,0.003847337642351559,2,2.0,75,0.02666666666666667,259.9199999999955,effect_10-15
2527,141,Thalamus,PO,20,0.07694675284703117,43,2.15,1780,0.024157303370786518,259.9199999999955,effect_10-15
2528,142,Thalamus,PO,32,0.12311480455524988,74,2.3125,1704,0.04342723004694836,259.9199999999955,effect_10-15
2529,144,Thalamus,PO,0,0.0,0,0.0,62,0.0,259.9199999999955,effect_10-15
2530,146,Thalamus,PO,26,0.10003077870114054,57,2.1923076923076925,812,0.07019704433497537,259.9199999999955,effect_10-15
2531,147,Thalamus,PO,17,0.0654047399199765,40,2.3529411764705883,728,0.054945054945054944,259.9199999999955,effect_10-15
2532,148,Thalamus,PO,92,0.35395506309634345,165,1.7934782608695652,3642,0.045304777594728174,259.9199999999955,effect_10-15
2533,149,Thalamus,PO,0,0.0,0,0.0,52,0.0,259.9199999999955,effect_10-15
2534,151,Thalamus,PO,28,0.10772545398584366,53,1.8928571428571428,1672,0.031698564593301434,259.9199999999955,effect_10-15
2535,155,Thalamus,PO,22,0.0846414281317343,43,1.9545454545454546,1193,0.03604358759430008,259.9199999999955,effect_10-15
2536,157,Thalamus,PO,7,0.026931363496460914,14,2.0,2655,0.005273069679849341,259.9199999999955,effect_10-15
2537,158,Thalamus,PO,8,0.03077870113881247,17,2.125,1865,0.009115281501340482,259.9199999999955,effect_10-15
2538,162,Thalamus,PO,10,0.03847337642351559,17,1.7,2194,0.007748404740200547,259.9199999999955,effect_10-15
2539,163,Thalamus,PO,4,0.015389350569406235,6,1.5,1838,0.003264417845484222,259.9199999999955,effect_10-15
2540,164,Thalamus,PO,0,0.0,0,0.0,74,0.0,259.9199999999955,effect_10-15
2541,166,Thalamus,PO,0,0.0,0,0.0,558,0.0,259.9199999999955,effect_10-15
2542,172,Thalamus,PO,21,0.08079409048938274,61,2.9047619047619047,1319,0.04624715693707354,259.9199999999955,effect_10-15
2543,173,Thalamus,PO,1,0.003847337642351559,1,1.0,3133,0.0003191828917969997,259.9199999999955,effect_10-15
2544,175,Thalamus,PO,5,0.019236688211757794,22,4.4,1251,0.017585931254996003,259.9199999999955,effect_10-15
2545,176,Thalamus,PO,1,0.003847337642351559,1,1.0,1183,0.0008453085376162299,259.9199999999955,effect_10-15
2546,178,Thalamus,PO,1,0.003847337642351559,3,3.0,2662,0.0011269722013523666,259.9199999999955,effect_10-15
2547,180,Thalamus,PO,11,0.04232071406586715,21,1.9090909090909092,4401,0.004771642808452625,259.9199999999955,effect_10-15
2548,181,Thalamus,PO,6,0.023084025854109354,8,1.3333333333333333,2539,0.0031508467900748325,259.9199999999955,effect_10-15
2549,186,Thalamus,PO,2,0.007694675284703118,5,2.5,499,0.01002004008016032,259.9199999999955,effect_10-15
2550,188,Thalamus,PO,3,0.011542012927054677,9,3.0,2352,0.003826530612244898,259.9199999999955,effect_10-15
2551,189,Thalamus,PO,5,0.019236688211757794,6,1.2,6005,0.0009991673605328892,259.9199999999955,effect_10-15
2552,190,Thalamus,PO,3,0.011542012927054677,7,2.3333333333333335,1548,0.004521963824289405,259.9199999999955,effect_10-15
2553,192,Thalamus,PO,0,0.0,0,0.0,631,0.0,259.9199999999955,effect_10-15
2554,193,Thalamus,PO,3,0.011542012927054677,6,2.0,1822,0.003293084522502744,259.9199999999955,effect_10-15
2555,194,Thalamus,PO,7,0.026931363496460914,19,2.7142857142857144,2465,0.007707910750507099,259.9199999999955,effect_10-15
2556,195,Thalamus,PO,1,0.003847337642351559,1,1.0,2138,0.0004677268475210477,259.9199999999955,effect_10-15
2557,196,Thalamus,PO,0,0.0,0,0.0,5,0.0,259.9199999999955,effect_10-15
2558,204,Thalamus,LD,7,0.026931363496460914,9,1.2857142857142858,2856,0.0031512605042016808,259.9199999999955,effect_10-15
2559,207,Thalamus,LD,5,0.019236688211757794,10,2.0,3100,0.0032258064516129032,259.9199999999955,effect_10-15
2560,209,Thalamus,LD,13,0.05001538935057027,36,2.769230769230769,3667,0.00981728933733297,259.9199999999955,effect_10-15
2561,210,Thalamus,LD,5,0.019236688211757794,8,1.6,2464,0.003246753246753247,259.9199999999955,effect_10-15
2562,214,Thalamus,LD,19,0.07309941520467962,46,2.4210526315789473,3399,0.013533392174168874,259.9199999999955,effect_10-15
2563,216,Thalamus,LD,12,0.04616805170821871,33,2.75,3680,0.008967391304347826,259.9199999999955,effect_10-15
2564,221,Thalamus,LD,1,0.003847337642351559,2,2.0,617,0.0032414910858995136,259.9199999999955,effect_10-15
2565,222,Thalamus,LD,16,0.06155740227762494,37,2.3125,3539,0.010454930771404351,259.9199999999955,effect_10-15
2566,224,Thalamus,LD,24,0.09233610341643742,63,2.625,3311,0.019027484143763214,259.9199999999955,effect_10-15
2567,225,Thalamus,LD,45,0.17313019390582016,150,3.3333333333333335,2656,0.05647590361445783,259.9199999999955,effect_10-15
2568,226,Thalamus,LD,0,0.0,0,0.0,587,0.0,259.9199999999955,effect_10-15
2569,230,Thalamus,LD,30,0.11542012927054678,60,2.0,3685,0.016282225237449117,259.9199999999955,effect_10-15
2570,238,Other,DG-mo,30,0.11542012927054678,137,4.566666666666666,1851,0.07401404646137223,259.9199999999955,effect_10-15
2571,239,Other,CA3,8,0.03077870113881247,25,3.125,3218,0.007768800497203232,259.9199999999955,effect_10-15
2572,240,Other,CA3,0,0.0,0,0.0,1853,0.0,259.9199999999955,effect_10-15
2573,241,Other,CA3,0,0.0,0,0.0,5438,0.0,259.9199999999955,effect_10-15
2574,243,Other,CA3,0,0.0,0,0.0,20,0.0,259.9199999999955,effect_10-15
2575,244,Other,CA3,1,0.003847337642351559,3,3.0,2703,0.0011098779134295228,259.9199999999955,effect_10-15
2576,246,Other,CA3,5,0.019236688211757794,19,3.8,95,0.2,259.9199999999955,effect_10-15
2577,247,Other,CA3,2,0.007694675284703118,8,4.0,38,0.21052631578947367,259.9199999999955,effect_10-15
2578,248,Other,CA3,0,0.0,0,0.0,813,0.0,259.9199999999955,effect_10-15
2579,249,Other,CA3,0,0.0,0,0.0,151,0.0,259.9199999999955,effect_10-15
2580,251,Other,CA3,0,0.0,0,0.0,6328,0.0,259.9199999999955,effect_10-15
2581,253,Other,DG-po,1,0.003847337642351559,3,3.0,58,0.05172413793103448,259.9199999999955,effect_10-15
2582,262,Other,CA1,0,0.0,0,0.0,518,0.0,259.9199999999955,effect_10-15
2583,263,Other,CA1,1,0.003847337642351559,3,3.0,1154,0.0025996533795493936,259.9199999999955,effect_10-15
2584,264,Other,CA1,1,0.003847337642351559,3,3.0,5164,0.0005809450038729666,259.9199999999955,effect_10-15
2585,270,Other,CA1,13,0.05001538935057027,42,3.230769230769231,4408,0.009528130671506351,259.9199999999955,effect_10-15
2586,283,Other,CA1,17,0.0654047399199765,53,3.1176470588235294,365,0.14520547945205478,259.9199999999955,effect_10-15
2587,291,Other,CA1,0,0.0,0,0.0,51,0.0,259.9199999999955,effect_10-15
2588,300,Other,cing,0,0.0,0,0.0,630,0.0,259.9199999999955,effect_10-15
2589,305,Somatosensory,SSp-tr6a,0,0.0,0,0.0,2398,0.0,259.9199999999955,effect_10-15
2590,308,Somatosensory,SSp-tr6a,2,0.007694675284703118,7,3.5,2073,0.003376748673420164,259.9199999999955,effect_10-15
2591,309,Somatosensory,SSp-tr6a,5,0.019236688211757794,15,3.0,972,0.015432098765432098,259.9199999999955,effect_10-15
2592,310,Somatosensory,SSp-tr6a,0,0.0,0,0.0,91,0.0,259.9199999999955,effect_10-15
2593,311,Somatosensory,SSp-tr6a,0,0.0,0,0.0,340,0.0,259.9199999999955,effect_10-15
2594,316,Somatosensory,SSp-tr6a,0,0.0,0,0.0,1313,0.0,259.9199999999955,effect_10-15
2595,317,Somatosensory,SSp-tr6a,1,0.003847337642351559,3,3.0,665,0.004511278195488722,259.9199999999955,effect_10-15
2596,318,Somatosensory,SSp-tr6a,21,0.08079409048938274,95,4.523809523809524,2015,0.04714640198511166,259.9199999999955,effect_10-15
2597,322,Somatosensory,SSp-tr6a,0,0.0,0,0.0,1489,0.0,259.9199999999955,effect_10-15
2598,324,Somatosensory,SSp-tr6a,0,0.0,0,0.0,2,0.0,259.9199999999955,effect_10-15
2599,326,Somatosensory,SSp-tr6a,0,0.0,0,0.0,178,0.0,259.9199999999955,effect_10-15
2600,332,Somatosensory,SSp-tr5,0,0.0,0,0.0,605,0.0,259.9199999999955,effect_10-15
2601,333,Somatosensory,SSp-tr5,10,0.03847337642351559,33,3.3,1692,0.01950354609929078,259.9199999999955,effect_10-15
2602,337,Somatosensory,SSp-tr5,0,0.0,0,0.0,374,0.0,259.9199999999955,effect_10-15
2603,338,Somatosensory,SSp-tr5,0,0.0,0,0.0,77,0.0,259.9199999999955,effect_10-15
2604,339,Somatosensory,SSp-tr5,0,0.0,0,0.0,96,0.0,259.9199999999955,effect_10-15
2605,340,Somatosensory,SSp-tr5,0,0.0,0,0.0,1099,0.0,259.9199999999955,effect_10-15
2606,341,Somatosensory,SSp-tr5,1,0.003847337642351559,3,3.0,1653,0.0018148820326678765,259.9199999999955,effect_10-15
2607,343,Somatosensory,SSp-tr5,0,0.0,0,0.0,488,0.0,259.9199999999955,effect_10-15
2608,346,Somatosensory,SSp-tr5,0,0.0,0,0.0,3885,0.0,259.9199999999955,effect_10-15
2609,348,Somatosensory,SSp-tr5,3,0.011542012927054677,12,4.0,1716,0.006993006993006993,259.9199999999955,effect_10-15
2610,349,Somatosensory,SSp-tr5,0,0.0,0,0.0,488,0.0,259.9199999999955,effect_10-15
2611,353,Somatosensory,SSp-tr5,0,0.0,0,0.0,1687,0.0,259.9199999999955,effect_10-15
2612,355,Somatosensory,SSp-tr5,2,0.007694675284703118,6,3.0,1138,0.005272407732864675,259.9199999999955,effect_10-15
2613,356,Somatosensory,SSp-tr5,0,0.0,0,0.0,749,0.0,259.9199999999955,effect_10-15
2614,359,Somatosensory,SSp-tr5,0,0.0,0,0.0,1485,0.0,259.9199999999955,effect_10-15
2615,361,Somatosensory,SSp-tr5,1,0.003847337642351559,3,3.0,314,0.009554140127388535,259.9199999999955,effect_10-15
2616,362,Other,VISa5,0,0.0,0,0.0,87,0.0,259.9199999999955,effect_10-15
2617,363,Other,VISa5,0,0.0,0,0.0,681,0.0,259.9199999999955,effect_10-15
2618,364,Other,VISa5,1,0.003847337642351559,4,4.0,1162,0.0034423407917383822,259.9199999999955,effect_10-15
2619,365,Other,VISa5,0,0.0,0,0.0,221,0.0,259.9199999999955,effect_10-15
2620,366,Other,VISa5,6,0.023084025854109354,21,3.5,2515,0.008349900596421472,259.9199999999955,effect_10-15
2621,367,Other,VISa5,1,0.003847337642351559,3,3.0,597,0.005025125628140704,259.9199999999955,effect_10-15
2622,373,Other,VISa5,0,0.0,0,0.0,291,0.0,259.9199999999955,effect_10-15
2623,376,Other,VISa4,0,0.0,0,0.0,830,0.0,259.9199999999955,effect_10-15
2624,377,Other,VISa4,5,0.019236688211757794,18,3.6,1728,0.010416666666666666,259.9199999999955,effect_10-15
2625,383,Other,VISa2/3,1,0.003847337642351559,4,4.0,123,0.032520325203252036,259.9199999999955,effect_10-15
2626,384,Other,VISa2/3,1,0.003847337642351559,3,3.0,86,0.03488372093023256,259.9199999999955,effect_10-15
2627,390,Other,VISa2/3,0,0.0,0,0.0,146,0.0,259.9199999999955,effect_10-15
2628,391,Other,VISa2/3,0,0.0,0,0.0,233,0.0,259.9199999999955,effect_10-15
2629,398,Other,VISa2/3,0,0.0,0,0.0,19,0.0,259.9199999999955,effect_10-15
2630,399,Other,VISa2/3,0,0.0,0,0.0,2,0.0,259.9199999999955,effect_10-15
2631,400,Other,VISa2/3,0,0.0,0,0.0,5,0.0,259.9199999999955,effect_10-15
2632,401,Other,VISa2/3,0,0.0,0,0.0,94,0.0,259.9199999999955,effect_10-15
2633,405,Other,VISa2/3,0,0.0,0,0.0,82,0.0,259.9199999999955,effect_10-15
2634,413,Thalamus,PO,0,0.0,0,0.0,109,0.0,259.9199999999955,effect_10-15
2635,415,Thalamus,PO,27,0.10387811634349209,61,2.259259259259259,1937,0.03149199793495096,259.9199999999955,effect_10-15
2636,418,Thalamus,PO,3,0.011542012927054677,6,2.0,511,0.011741682974559686,259.9199999999955,effect_10-15
2637,421,Thalamus,PO,33,0.12696214219760144,78,2.3636363636363638,821,0.09500609013398295,259.9199999999955,effect_10-15
2638,422,Thalamus,PO,32,0.12311480455524988,62,1.9375,2408,0.02574750830564784,259.9199999999955,effect_10-15
2639,423,Thalamus,PO,0,0.0,0,0.0,352,0.0,259.9199999999955,effect_10-15
2640,424,Thalamus,PO,0,0.0,0,0.0,28,0.0,259.9199999999955,effect_10-15
2641,426,Thalamus,PO,29,0.11157279162819521,62,2.1379310344827585,1242,0.0499194847020934,259.9199999999955,effect_10-15
2642,427,Thalamus,PO,3,0.011542012927054677,4,1.3333333333333333,119,0.03361344537815126,259.9199999999955,effect_10-15
2643,428,Thalamus,PO,8,0.03077870113881247,16,2.0,1323,0.012093726379440665,259.9199999999955,effect_10-15
2644,429,Thalamus,PO,0,0.0,0,0.0,23,0.0,259.9199999999955,effect_10-15
2645,433,Thalamus,PO,2,0.007694675284703118,3,1.5,1333,0.002250562640660165,259.9199999999955,effect_10-15
2646,436,Thalamus,PO,11,0.04232071406586715,20,1.8181818181818181,2648,0.0075528700906344415,259.9199999999955,effect_10-15
2647,438,Thalamus,PO,3,0.011542012927054677,4,1.3333333333333333,3098,0.0012911555842479018,259.9199999999955,effect_10-15
2648,439,Thalamus,LD,7,0.026931363496460914,24,3.4285714285714284,2579,0.009305932531989143,259.9199999999955,effect_10-15
2649,440,Thalamus,LD,37,0.14235149276700768,83,2.2432432432432434,2923,0.028395484091686622,259.9199999999955,effect_10-15
2650,443,Other,DG-mo,0,0.0,0,0.0,3,0.0,259.9199999999955,effect_10-15
2651,446,Other,CA3,0,0.0,0,0.0,35,0.0,259.9199999999955,effect_10-15
2652,448,Other,CA3,1,0.003847337642351559,3,3.0,675,0.0044444444444444444,259.9199999999955,effect_10-15
2653,454,Other,CA1,1,0.003847337642351559,3,3.0,1383,0.0021691973969631237,259.9199999999955,effect_10-15
2654,456,Somatosensory,SSp-tr5,0,0.0,0,0.0,381,0.0,259.9199999999955,effect_10-15
2655,457,Other,VISa5,1,0.003847337642351559,4,4.0,1870,0.0021390374331550803,259.9199999999955,effect_10-15
2656,458,Other,VISa5,1,0.003847337642351559,6,6.0,159,0.03773584905660377,259.9199999999955,effect_10-15
2657,463,Other,VISa2/3,0,0.0,0,0.0,8,0.0,259.9199999999955,effect_10-15
2658,465,Other,VISa2/3,0,0.0,0,0.0,21,0.0,259.9199999999955,effect_10-15
2659,466,Other,VISa2/3,0,0.0,0,0.0,8,0.0,259.9199999999955,effect_10-15
2660,467,Other,VISa2/3,0,0.0,0,0.0,34,0.0,259.9199999999955,effect_10-15
2661,468,Other,VISa2/3,0,0.0,0,0.0,24,0.0,259.9199999999955,effect_10-15
2662,472,Other,CA1,0,0.0,0,0.0,15,0.0,259.9199999999955,effect_10-15
2663,473,Other,VISa2/3,0,0.0,0,0.0,15,0.0,259.9199999999955,effect_10-15
2664,476,Thalamus,PO,82,0.31548168667282783,183,2.231707317073171,1867,0.09801821103374397,259.9199999999955,effect_10-15
2665,478,Thalamus,PO,39,0.1500461680517108,86,2.2051282051282053,1290,0.06666666666666667,259.9199999999955,effect_10-15
2666,479,Thalamus,PO,3,0.011542012927054677,7,2.3333333333333335,1018,0.0068762278978389,259.9199999999955,effect_10-15
2667,480,Other,DG-po,0,0.0,0,0.0,300,0.0,259.9199999999955,effect_10-15
2668,481,Somatosensory,SSp-tr6a,25,0.09618344105878897,138,5.52,420,0.32857142857142857,259.9199999999955,effect_10-15
2669,482,Other,VISa2/3,0,0.0,0,0.0,20,0.0,259.9199999999955,effect_10-15
2670,484,Other,VISa2/3,0,0.0,0,0.0,6,0.0,259.9199999999955,effect_10-15
2671,485,Other,VISa2/3,0,0.0,0,0.0,22,0.0,259.9199999999955,effect_10-15
2672,497,Other,ccb,7,0.026931363496460914,27,3.857142857142857,603,0.04477611940298507,259.9199999999955,effect_10-15
2673,499,STR,ACB,2,0.007694675284703118,6,3.0,208,0.028846153846153848,259.9199999999955,effect_10-15
2674,500,STR,ACB,7,0.026931363496460914,22,3.142857142857143,1677,0.01311866428145498,259.9199999999955,effect_10-15
2675,502,STR,ACB,18,0.06925207756232807,60,3.3333333333333335,1647,0.03642987249544627,259.9199999999955,effect_10-15
2676,506,STR,ACB,1,0.003847337642351559,3,3.0,663,0.004524886877828055,259.9199999999955,effect_10-15
2677,507,STR,ACB,1,0.003847337642351559,3,3.0,16,0.1875,259.9199999999955,effect_10-15
2678,508,STR,ACB,24,0.09233610341643742,88,3.6666666666666665,2265,0.038852097130242826,259.9199999999955,effect_10-15
2679,509,STR,ACB,63,0.24238227146814822,270,4.285714285714286,8373,0.032246506628448586,259.9199999999955,effect_10-15
2680,510,STR,ACB,3,0.011542012927054677,12,4.0,310,0.03870967741935484,259.9199999999955,effect_10-15
2681,511,STR,ACB,3,0.011542012927054677,10,3.3333333333333335,2277,0.004391743522178305,259.9199999999955,effect_10-15
2682,514,STR,ACB,8,0.03077870113881247,26,3.25,864,0.03009259259259259,259.9199999999955,effect_10-15
2683,516,STR,ACB,2,0.007694675284703118,8,4.0,177,0.04519774011299435,259.9199999999955,effect_10-15
2684,517,STR,ACB,9,0.034626038781164034,31,3.4444444444444446,1697,0.018267530936947555,259.9199999999955,effect_10-15
2685,518,STR,ACB,52,0.20006155740228107,178,3.423076923076923,2373,0.07501053518752634,259.9199999999955,effect_10-15
2686,519,STR,ACB,39,0.1500461680517108,130,3.3333333333333335,1751,0.07424328954882924,259.9199999999955,effect_10-15
2687,524,STR,ACB,14,0.05386272699292183,45,3.2142857142857144,3758,0.011974454497072911,259.9199999999955,effect_10-15
2688,525,STR,ACB,62,0.23853493382579666,235,3.7903225806451615,1102,0.2132486388384755,259.9199999999955,effect_10-15
2689,526,STR,ACB,0,0.0,0,0.0,1783,0.0,259.9199999999955,effect_10-15
2690,527,STR,ACB,6,0.023084025854109354,18,3.0,2176,0.008272058823529412,259.9199999999955,effect_10-15
2691,530,STR,ACB,16,0.06155740227762494,62,3.875,1273,0.04870384917517675,259.9199999999955,effect_10-15
2692,532,STR,ACB,0,0.0,0,0.0,447,0.0,259.9199999999955,effect_10-15
2693,534,STR,ACB,0,0.0,0,0.0,739,0.0,259.9199999999955,effect_10-15
2694,543,STR,ACB,14,0.05386272699292183,45,3.2142857142857144,1295,0.03474903474903475,259.9199999999955,effect_10-15
2695,544,STR,ACB,0,0.0,0,0.0,32,0.0,259.9199999999955,effect_10-15
2696,545,STR,ACB,16,0.06155740227762494,59,3.6875,2789,0.021154535675869487,259.9199999999955,effect_10-15
2697,546,STR,ACB,0,0.0,0,0.0,136,0.0,259.9199999999955,effect_10-15
2698,547,STR,ACB,0,0.0,0,0.0,1457,0.0,259.9199999999955,effect_10-15
2699,548,STR,ACB,0,0.0,0,0.0,26,0.0,259.9199999999955,effect_10-15
2700,549,STR,ACB,22,0.0846414281317343,73,3.3181818181818183,3460,0.021098265895953757,259.9199999999955,effect_10-15
2701,550,STR,ACB,0,0.0,0,0.0,4,0.0,259.9199999999955,effect_10-15
2702,553,STR,ACB,4,0.015389350569406235,13,3.25,2140,0.006074766355140187,259.9199999999955,effect_10-15
2703,556,STR,ACB,0,0.0,0,0.0,98,0.0,259.9199999999955,effect_10-15
2704,558,STR,ACB,39,0.1500461680517108,136,3.4871794871794872,1767,0.07696661007357103,259.9199999999955,effect_10-15
2705,559,STR,ACB,3,0.011542012927054677,10,3.3333333333333335,661,0.015128593040847202,259.9199999999955,effect_10-15
2706,560,STR,ACB,9,0.034626038781164034,28,3.111111111111111,753,0.03718459495351926,259.9199999999955,effect_10-15
2707,562,STR,ACB,1,0.003847337642351559,4,4.0,191,0.020942408376963352,259.9199999999955,effect_10-15
2708,563,STR,ACB,0,0.0,0,0.0,4,0.0,259.9199999999955,effect_10-15
2709,564,STR,ACB,30,0.11542012927054678,97,3.2333333333333334,1518,0.06389986824769434,259.9199999999955,effect_10-15
2710,565,STR,ACB,6,0.023084025854109354,22,3.6666666666666665,782,0.028132992327365727,259.9199999999955,effect_10-15
2711,566,STR,ACB,0,0.0,0,0.0,466,0.0,259.9199999999955,effect_10-15
2712,567,STR,ACB,16,0.06155740227762494,51,3.1875,2525,0.0201980198019802,259.9199999999955,effect_10-15
2713,568,STR,ACB,0,0.0,0,0.0,67,0.0,259.9199999999955,effect_10-15
2714,571,STR,ACB,39,0.1500461680517108,127,3.2564102564102564,2557,0.0496675791943684,259.9199999999955,effect_10-15
2715,573,STR,ACB,0,0.0,0,0.0,3,0.0,259.9199999999955,effect_10-15
2716,575,STR,ACB,0,0.0,0,0.0,190,0.0,259.9199999999955,effect_10-15
2717,576,STR,ACB,0,0.0,0,0.0,547,0.0,259.9199999999955,effect_10-15
2718,577,STR,ACB,2,0.007694675284703118,6,3.0,3291,0.0018231540565177757,259.9199999999955,effect_10-15
2719,578,STR,ACB,0,0.0,0,0.0,22,0.0,259.9199999999955,effect_10-15
2720,579,STR,ACB,51,0.1962142197599295,168,3.2941176470588234,2755,0.060980036297640657,259.9199999999955,effect_10-15
2721,582,STR,STR,0,0.0,0,0.0,516,0.0,259.9199999999955,effect_10-15
2722,583,STR,STR,0,0.0,0,0.0,708,0.0,259.9199999999955,effect_10-15
2723,584,STR,STR,0,0.0,0,0.0,772,0.0,259.9199999999955,effect_10-15
2724,586,STR,STR,0,0.0,0,0.0,797,0.0,259.9199999999955,effect_10-15
2725,587,Other,OLF,0,0.0,0,0.0,1177,0.0,259.9199999999955,effect_10-15
2726,588,Other,OLF,0,0.0,0,0.0,3663,0.0,259.9199999999955,effect_10-15
2727,592,Other,OLF,0,0.0,0,0.0,1410,0.0,259.9199999999955,effect_10-15
2728,593,Other,OLF,0,0.0,0,0.0,571,0.0,259.9199999999955,effect_10-15
2729,594,Other,OLF,0,0.0,0,0.0,2024,0.0,259.9199999999955,effect_10-15
2730,596,Other,OLF,0,0.0,0,0.0,2217,0.0,259.9199999999955,effect_10-15
2731,598,Other,OLF,0,0.0,0,0.0,19,0.0,259.9199999999955,effect_10-15
2732,599,Other,OLF,0,0.0,0,0.0,342,0.0,259.9199999999955,effect_10-15
2733,600,Other,OLF,0,0.0,0,0.0,4079,0.0,259.9199999999955,effect_10-15
2734,612,Other,OLF,0,0.0,0,0.0,184,0.0,259.9199999999955,effect_10-15
2735,616,Other,OLF,0,0.0,0,0.0,4,0.0,259.9199999999955,effect_10-15
2736,620,Other,OLF,3,0.011542012927054677,10,3.3333333333333335,1165,0.008583690987124463,259.9199999999955,effect_10-15
2737,621,Other,OLF,0,0.0,0,0.0,514,0.0,259.9199999999955,effect_10-15
2738,622,Other,ORBl6a,0,0.0,0,0.0,38,0.0,259.9199999999955,effect_10-15
2739,623,Other,ORBl5,0,0.0,0,0.0,1370,0.0,259.9199999999955,effect_10-15
2740,624,Other,ORBl6a,0,0.0,0,0.0,1222,0.0,259.9199999999955,effect_10-15
2741,627,Other,ORBl5,1,0.003847337642351559,3,3.0,642,0.004672897196261682,259.9199999999955,effect_10-15
2742,628,Other,ORBl5,1,0.003847337642351559,3,3.0,29,0.10344827586206896,259.9199999999955,effect_10-15
2743,632,Other,ORBl5,2,0.007694675284703118,7,3.5,2774,0.0025234318673395817,259.9199999999955,effect_10-15
2744,633,Other,ORBl5,3,0.011542012927054677,10,3.3333333333333335,1014,0.009861932938856016,259.9199999999955,effect_10-15
2745,634,Other,ORBl5,0,0.0,0,0.0,31,0.0,259.9199999999955,effect_10-15
2746,635,Other,ORBl5,0,0.0,0,0.0,154,0.0,259.9199999999955,effect_10-15
2747,636,Other,ORBl5,4,0.015389350569406235,13,3.25,184,0.07065217391304347,259.9199999999955,effect_10-15
2748,639,Other,ORBl5,0,0.0,0,0.0,1161,0.0,259.9199999999955,effect_10-15
2749,640,Other,ORBl5,0,0.0,0,0.0,1194,0.0,259.9199999999955,effect_10-15
2750,641,Other,ORBl5,1,0.003847337642351559,3,3.0,1399,0.002144388849177984,259.9199999999955,effect_10-15
2751,642,Other,ORBl5,0,0.0,0,0.0,20,0.0,259.9199999999955,effect_10-15
2752,643,Other,ORBl5,1,0.003847337642351559,3,3.0,500,0.006,259.9199999999955,effect_10-15
2753,644,Other,ORBl5,0,0.0,0,0.0,1140,0.0,259.9199999999955,effect_10-15
2754,646,Other,ORBl5,6,0.023084025854109354,23,3.8333333333333335,1493,0.015405224380442064,259.9199999999955,effect_10-15
2755,648,Other,ORBl5,1,0.003847337642351559,3,3.0,242,0.012396694214876033,259.9199999999955,effect_10-15
2756,650,Other,ORBl5,0,0.0,0,0.0,327,0.0,259.9199999999955,effect_10-15
2757,651,Other,ORBl5,0,0.0,0,0.0,991,0.0,259.9199999999955,effect_10-15
2758,652,Other,ORBl5,2,0.007694675284703118,7,3.5,3310,0.0021148036253776435,259.9199999999955,effect_10-15
2759,657,Other,ORBl5,7,0.026931363496460914,35,5.0,763,0.045871559633027525,259.9199999999955,effect_10-15
2760,658,Other,ORBl5,0,0.0,0,0.0,56,0.0,259.9199999999955,effect_10-15
2761,661,Other,ORBl5,0,0.0,0,0.0,159,0.0,259.9199999999955,effect_10-15
2762,662,Other,ORBl5,208,0.8002462296091243,935,4.4951923076923075,2278,0.41044776119402987,259.9199999999955,effect_10-15
2763,663,Other,ORBl5,11,0.04232071406586715,38,3.4545454545454546,279,0.13620071684587814,259.9199999999955,effect_10-15
2764,664,Other,ORBl5,6,0.023084025854109354,24,4.0,460,0.05217391304347826,259.9199999999955,effect_10-15
2765,665,Other,ORBl5,5,0.019236688211757794,18,3.6,2003,0.008986520219670495,259.9199999999955,effect_10-15
2766,666,Other,ORBl5,0,0.0,0,0.0,1197,0.0,259.9199999999955,effect_10-15
2767,669,Other,ORBl6a,0,0.0,0,0.0,2340,0.0,259.9199999999955,effect_10-15
2768,671,Other,ORBl5,0,0.0,0,0.0,333,0.0,259.9199999999955,effect_10-15
2769,673,Other,ORBl5,0,0.0,0,0.0,514,0.0,259.9199999999955,effect_10-15
2770,677,Other,ORBl5,2,0.007694675284703118,11,5.5,1040,0.010576923076923078,259.9199999999955,effect_10-15
2771,678,Other,ORBl5,0,0.0,0,0.0,117,0.0,259.9199999999955,effect_10-15
2772,679,Other,ORBl5,3,0.011542012927054677,12,4.0,434,0.027649769585253458,259.9199999999955,effect_10-15
2773,681,Other,ORBl6a,0,0.0,0,0.0,519,0.0,259.9199999999955,effect_10-15
2774,684,Other,ORBl6a,0,0.0,0,0.0,409,0.0,259.9199999999955,effect_10-15
2775,685,Other,ORBl6a,7,0.026931363496460914,24,3.4285714285714284,883,0.027180067950169876,259.9199999999955,effect_10-15
2776,688,Other,ORBl6a,0,0.0,0,0.0,464,0.0,259.9199999999955,effect_10-15
2777,689,Other,ORBl6a,14,0.05386272699292183,54,3.857142857142857,544,0.09926470588235294,259.9199999999955,effect_10-15
2778,690,Other,ORBl6a,0,0.0,0,0.0,188,0.0,259.9199999999955,effect_10-15
2779,692,Other,ORBl6a,10,0.03847337642351559,34,3.4,556,0.06115107913669065,259.9199999999955,effect_10-15
2780,694,Other,ORBl6a,3,0.011542012927054677,18,6.0,409,0.044009779951100246,259.9199999999955,effect_10-15
2781,696,Other,ORBl6a,5,0.019236688211757794,18,3.6,1843,0.009766684753119913,259.9199999999955,effect_10-15
2782,698,Other,ORBl6a,2,0.007694675284703118,6,3.0,241,0.024896265560165973,259.9199999999955,effect_10-15
2783,700,Other,ORBl6a,0,0.0,0,0.0,37,0.0,259.9199999999955,effect_10-15
2784,701,Other,ORBl6a,1,0.003847337642351559,3,3.0,1695,0.0017699115044247787,259.9199999999955,effect_10-15
2785,703,Other,ORBl6a,0,0.0,0,0.0,56,0.0,259.9199999999955,effect_10-15
2786,706,Other,ORBl6a,0,0.0,0,0.0,8,0.0,259.9199999999955,effect_10-15
2787,707,Other,ORBl6a,0,0.0,0,0.0,20,0.0,259.9199999999955,effect_10-15
2788,709,Other,ORBl6a,5,0.019236688211757794,16,3.2,2174,0.007359705611775529,259.9199999999955,effect_10-15
2789,710,Other,ORBl6a,0,0.0,0,0.0,328,0.0,259.9199999999955,effect_10-15
2790,711,Other,ORBl6a,0,0.0,0,0.0,103,0.0,259.9199999999955,effect_10-15
2791,712,Other,ORBl6a,5,0.019236688211757794,15,3.0,4010,0.003740648379052369,259.9199999999955,effect_10-15
2792,714,Other,ORBl6a,0,0.0,0,0.0,4235,0.0,259.9199999999955,effect_10-15
2793,715,Other,ORBl6a,2,0.007694675284703118,7,3.5,1110,0.006306306306306306,259.9199999999955,effect_10-15
2794,718,Other,ORBl6a,0,0.0,0,0.0,1168,0.0,259.9199999999955,effect_10-15
2795,719,Other,ORBl6a,1,0.003847337642351559,7,7.0,670,0.010447761194029851,259.9199999999955,effect_10-15
2796,720,Other,ORBl6a,27,0.10387811634349209,111,4.111111111111111,2155,0.051508120649651976,259.9199999999955,effect_10-15
2797,721,Other,ORBl6a,0,0.0,0,0.0,629,0.0,259.9199999999955,effect_10-15
2798,725,Other,ORBl6a,1,0.003847337642351559,4,4.0,109,0.03669724770642202,259.9199999999955,effect_10-15
2799,726,Other,ORBl6a,0,0.0,0,0.0,760,0.0,259.9199999999955,effect_10-15
2800,727,Other,ORBl6a,0,0.0,0,0.0,381,0.0,259.9199999999955,effect_10-15
2801,728,Other,ORBl6a,8,0.03077870113881247,40,5.0,1580,0.02531645569620253,259.9199999999955,effect_10-15
2802,729,Other,ORBl6a,0,0.0,0,0.0,181,0.0,259.9199999999955,effect_10-15
2803,730,Other,ORBl6a,1,0.003847337642351559,3,3.0,607,0.004942339373970346,259.9199999999955,effect_10-15
2804,734,Other,ORBl6a,7,0.026931363496460914,31,4.428571428571429,503,0.061630218687872766,259.9199999999955,effect_10-15
2805,735,Other,ORBl6a,6,0.023084025854109354,25,4.166666666666667,239,0.10460251046025104,259.9199999999955,effect_10-15
2806,736,Other,ORBl6a,0,0.0,0,0.0,111,0.0,259.9199999999955,effect_10-15
2807,738,Other,ORBl6b,0,0.0,0,0.0,79,0.0,259.9199999999955,effect_10-15
2808,740,Other,ORBl6b,1,0.003847337642351559,3,3.0,562,0.005338078291814947,259.9199999999955,effect_10-15
2809,744,Other,ORBl6b,0,0.0,0,0.0,36,0.0,259.9199999999955,effect_10-15
2810,746,Other,scwm,0,0.0,0,0.0,300,0.0,259.9199999999955,effect_10-15
2811,747,Other,ORBl6b,0,0.0,0,0.0,28,0.0,259.9199999999955,effect_10-15
2812,753,Other,scwm,0,0.0,0,0.0,13,0.0,259.9199999999955,effect_10-15
2813,755,Other,scwm,1,0.003847337642351559,3,3.0,3820,0.0007853403141361257,259.9199999999955,effect_10-15
2814,756,Other,scwm,0,0.0,0,0.0,210,0.0,259.9199999999955,effect_10-15
2815,758,Other,ORBl6b,0,0.0,0,0.0,23,0.0,259.9199999999955,effect_10-15
2816,760,Other,ORBl6b,5,0.019236688211757794,31,6.2,120,0.25833333333333336,259.9199999999955,effect_10-15
2817,761,Other,ORBl6b,0,0.0,0,0.0,203,0.0,259.9199999999955,effect_10-15
2818,762,Other,ORBl6b,0,0.0,0,0.0,47,0.0,259.9199999999955,effect_10-15
2819,764,Other,AId6a,0,0.0,0,0.0,90,0.0,259.9199999999955,effect_10-15
2820,765,Other,AId6a,0,0.0,0,0.0,197,0.0,259.9199999999955,effect_10-15
2821,768,Other,AId6a,2,0.007694675284703118,7,3.5,162,0.043209876543209874,259.9199999999955,effect_10-15
2822,769,Other,AId6a,7,0.026931363496460914,21,3.0,2781,0.007551240560949299,259.9199999999955,effect_10-15
2823,771,Other,AId6a,7,0.026931363496460914,36,5.142857142857143,465,0.07741935483870968,259.9199999999955,effect_10-15
2824,773,Other,AId6a,0,0.0,0,0.0,140,0.0,259.9199999999955,effect_10-15
2825,779,Motor,MOs6a,0,0.0,0,0.0,3,0.0,259.9199999999955,effect_10-15
2826,780,Other,AId6a,2,0.007694675284703118,6,3.0,464,0.01293103448275862,259.9199999999955,effect_10-15
2827,781,Motor,MOs6a,1,0.003847337642351559,3,3.0,1153,0.0026019080659150044,259.9199999999955,effect_10-15
2828,784,Motor,MOs6a,0,0.0,0,0.0,319,0.0,259.9199999999955,effect_10-15
2829,787,Motor,MOs6a,16,0.06155740227762494,83,5.1875,2169,0.03826648224988474,259.9199999999955,effect_10-15
2830,788,Motor,MOs6a,0,0.0,0,0.0,527,0.0,259.9199999999955,effect_10-15
2831,792,Motor,MOs6a,4,0.015389350569406235,12,3.0,2518,0.004765687053216839,259.9199999999955,effect_10-15
2832,796,Motor,MOs6a,0,0.0,0,0.0,12,0.0,259.9199999999955,effect_10-15
2833,798,Motor,MOs6a,0,0.0,0,0.0,433,0.0,259.9199999999955,effect_10-15
2834,799,Motor,MOs6a,0,0.0,0,0.0,38,0.0,259.9199999999955,effect_10-15
2835,803,Motor,MOs6a,0,0.0,0,0.0,1025,0.0,259.9199999999955,effect_10-15
2836,804,Motor,MOs6a,2,0.007694675284703118,7,3.5,450,0.015555555555555555,259.9199999999955,effect_10-15
2837,808,Motor,MOs6a,1,0.003847337642351559,3,3.0,1109,0.002705139765554554,259.9199999999955,effect_10-15
2838,809,Motor,MOs6a,1,0.003847337642351559,3,3.0,1270,0.002362204724409449,259.9199999999955,effect_10-15
2839,816,Motor,MOs6a,1,0.003847337642351559,3,3.0,938,0.0031982942430703624,259.9199999999955,effect_10-15
2840,817,Motor,MOs6a,0,0.0,0,0.0,1264,0.0,259.9199999999955,effect_10-15
2841,818,Motor,MOs6a,0,0.0,0,0.0,616,0.0,259.9199999999955,effect_10-15
2842,826,Motor,MOs6a,2,0.007694675284703118,10,5.0,819,0.01221001221001221,259.9199999999955,effect_10-15
2843,827,Motor,MOs6a,6,0.023084025854109354,23,3.8333333333333335,3617,0.006358860934476085,259.9199999999955,effect_10-15
2844,828,Motor,MOs6a,9,0.034626038781164034,31,3.4444444444444446,2065,0.015012106537530266,259.9199999999955,effect_10-15
2845,829,Motor,MOs6a,2,0.007694675284703118,8,4.0,1188,0.006734006734006734,259.9199999999955,effect_10-15
2846,830,Motor,MOs6a,1,0.003847337642351559,3,3.0,673,0.004457652303120356,259.9199999999955,effect_10-15
2847,832,Motor,MOs6a,0,0.0,0,0.0,1037,0.0,259.9199999999955,effect_10-15
2848,834,Motor,MOs6a,0,0.0,0,0.0,491,0.0,259.9199999999955,effect_10-15
2849,839,Motor,MOs5,0,0.0,0,0.0,914,0.0,259.9199999999955,effect_10-15
2850,840,Motor,MOs5,1,0.003847337642351559,3,3.0,384,0.0078125,259.9199999999955,effect_10-15
2851,845,Motor,MOs5,3,0.011542012927054677,16,5.333333333333333,651,0.02457757296466974,259.9199999999955,effect_10-15
2852,849,Motor,MOs5,8,0.03077870113881247,31,3.875,1738,0.017836593785960874,259.9199999999955,effect_10-15
2853,854,Motor,MOs5,3,0.011542012927054677,10,3.3333333333333335,23,0.43478260869565216,259.9199999999955,effect_10-15
2854,857,Motor,MOs5,4,0.015389350569406235,15,3.75,3438,0.004363001745200698,259.9199999999955,effect_10-15
2855,859,Motor,MOs5,13,0.05001538935057027,46,3.5384615384615383,813,0.056580565805658053,259.9199999999955,effect_10-15
2856,861,Motor,MOs5,9,0.034626038781164034,33,3.6666666666666665,1603,0.020586400499064253,259.9199999999955,effect_10-15
2857,862,Motor,MOs5,10,0.03847337642351559,37,3.7,256,0.14453125,259.9199999999955,effect_10-15
2858,864,Motor,MOs5,2,0.007694675284703118,6,3.0,1399,0.004288777698355968,259.9199999999955,effect_10-15
2859,868,Motor,MOp5,3,0.011542012927054677,10,3.3333333333333335,4066,0.002459419576979833,259.9199999999955,effect_10-15
2860,869,Motor,MOp5,0,0.0,0,0.0,1802,0.0,259.9199999999955,effect_10-15
2861,873,Motor,MOp5,0,0.0,0,0.0,337,0.0,259.9199999999955,effect_10-15
2862,874,Motor,MOp5,5,0.019236688211757794,15,3.0,1656,0.009057971014492754,259.9199999999955,effect_10-15
2863,875,Motor,MOp5,10,0.03847337642351559,31,3.1,804,0.03855721393034826,259.9199999999955,effect_10-15
2864,876,Motor,MOp5,0,0.0,0,0.0,311,0.0,259.9199999999955,effect_10-15
2865,878,Motor,MOs5,0,0.0,0,0.0,1752,0.0,259.9199999999955,effect_10-15
2866,881,Motor,MOp5,3,0.011542012927054677,9,3.0,1695,0.005309734513274336,259.9199999999955,effect_10-15
2867,882,Motor,MOs5,3,0.011542012927054677,10,3.3333333333333335,460,0.021739130434782608,259.9199999999955,effect_10-15
2868,883,Motor,MOs5,0,0.0,0,0.0,1121,0.0,259.9199999999955,effect_10-15
2869,884,Motor,MOs5,1,0.003847337642351559,3,3.0,2591,0.0011578541103820917,259.9199999999955,effect_10-15
2870,887,Motor,MOp5,0,0.0,0,0.0,253,0.0,259.9199999999955,effect_10-15
2871,891,Motor,MOp5,0,0.0,0,0.0,316,0.0,259.9199999999955,effect_10-15
2872,892,Motor,MOp5,0,0.0,0,0.0,245,0.0,259.9199999999955,effect_10-15
2873,893,Motor,MOp5,1,0.003847337642351559,3,3.0,334,0.008982035928143712,259.9199999999955,effect_10-15
2874,894,Motor,MOp5,0,0.0,0,0.0,22,0.0,259.9199999999955,effect_10-15
2875,895,Motor,MOp5,5,0.019236688211757794,19,3.8,2733,0.006952067325283571,259.9199999999955,effect_10-15
2876,897,Motor,MOp5,0,0.0,0,0.0,24,0.0,259.9199999999955,effect_10-15
2877,898,Motor,MOp5,0,0.0,0,0.0,84,0.0,259.9199999999955,effect_10-15
2878,899,Motor,MOp5,0,0.0,0,0.0,550,0.0,259.9199999999955,effect_10-15
2879,900,Motor,MOp5,0,0.0,0,0.0,40,0.0,259.9199999999955,effect_10-15
2880,906,Motor,MOp5,0,0.0,0,0.0,321,0.0,259.9199999999955,effect_10-15
2881,907,Motor,MOp2/3,0,0.0,0,0.0,860,0.0,259.9199999999955,effect_10-15
2882,909,Motor,MOp5,5,0.019236688211757794,15,3.0,413,0.03631961259079903,259.9199999999955,effect_10-15
2883,910,Motor,MOp5,0,0.0,0,0.0,634,0.0,259.9199999999955,effect_10-15
2884,911,Motor,MOp2/3,0,0.0,0,0.0,201,0.0,259.9199999999955,effect_10-15
2885,913,Motor,MOp5,0,0.0,0,0.0,253,0.0,259.9199999999955,effect_10-15
2886,914,Motor,MOp2/3,0,0.0,0,0.0,841,0.0,259.9199999999955,effect_10-15
2887,915,Motor,MOp2/3,2,0.007694675284703118,6,3.0,1611,0.0037243947858473,259.9199999999955,effect_10-15
2888,920,Motor,MOp2/3,0,0.0,0,0.0,935,0.0,259.9199999999955,effect_10-15
2889,921,Motor,MOp2/3,0,0.0,0,0.0,705,0.0,259.9199999999955,effect_10-15
2890,922,Motor,MOp2/3,0,0.0,0,0.0,610,0.0,259.9199999999955,effect_10-15
2891,924,Motor,MOp2/3,67,0.25777162203755444,279,4.164179104477612,2350,0.11872340425531915,259.9199999999955,effect_10-15
2892,926,Motor,MOp2/3,447,1.719759926131147,3484,7.794183445190156,14331,0.2431093433814807,259.9199999999955,effect_10-15
2893,927,Motor,MOp2/3,7,0.026931363496460914,24,3.4285714285714284,980,0.024489795918367346,259.9199999999955,effect_10-15
2894,930,Motor,MOp2/3,54,0.20775623268698418,290,5.37037037037037,1295,0.22393822393822393,259.9199999999955,effect_10-15
2895,932,Motor,MOp2/3,0,0.0,0,0.0,134,0.0,259.9199999999955,effect_10-15
2896,934,Motor,MOp2/3,0,0.0,0,0.0,0,0.0,259.9199999999955,effect_10-15
2897,935,Motor,MOp2/3,9,0.034626038781164034,36,4.0,460,0.0782608695652174,259.9199999999955,effect_10-15
2898,936,Motor,MOp2/3,1,0.003847337642351559,3,3.0,685,0.004379562043795621,259.9199999999955,effect_10-15
2899,937,Motor,MOp2/3,0,0.0,0,0.0,589,0.0,259.9199999999955,effect_10-15
2900,939,Motor,MOp2/3,0,0.0,0,0.0,433,0.0,259.9199999999955,effect_10-15
2901,940,Motor,MOp2/3,0,0.0,0,0.0,480,0.0,259.9199999999955,effect_10-15
2902,941,Motor,MOp2/3,2,0.007694675284703118,6,3.0,1734,0.0034602076124567475,259.9199999999955,effect_10-15
2903,945,Motor,MOp2/3,1,0.003847337642351559,3,3.0,173,0.017341040462427744,259.9199999999955,effect_10-15
2904,946,Motor,MOp2/3,0,0.0,0,0.0,189,0.0,259.9199999999955,effect_10-15
2905,950,Motor,MOp2/3,0,0.0,0,0.0,679,0.0,259.9199999999955,effect_10-15
2906,951,Motor,MOp2/3,2,0.007694675284703118,6,3.0,680,0.008823529411764706,259.9199999999955,effect_10-15
2907,953,Motor,MOp2/3,4,0.015389350569406235,16,4.0,359,0.04456824512534819,259.9199999999955,effect_10-15
2908,954,Motor,MOp2/3,4,0.015389350569406235,13,3.25,441,0.02947845804988662,259.9199999999955,effect_10-15
2909,957,Motor,MOp2/3,0,0.0,0,0.0,16,0.0,259.9199999999955,effect_10-15
2910,962,Motor,MOp2/3,8,0.03077870113881247,25,3.125,857,0.029171528588098017,259.9199999999955,effect_10-15
2911,963,Motor,MOp2/3,4,0.015389350569406235,13,3.25,667,0.019490254872563718,259.9199999999955,effect_10-15
2912,966,Motor,MOp2/3,0,0.0,0,0.0,144,0.0,259.9199999999955,effect_10-15
2913,967,Motor,MOp2/3,2,0.007694675284703118,6,3.0,617,0.009724473257698542,259.9199999999955,effect_10-15
2914,968,Motor,MOp2/3,16,0.06155740227762494,51,3.1875,655,0.07786259541984733,259.9199999999955,effect_10-15
2915,972,Motor,MOp2/3,1,0.003847337642351559,3,3.0,587,0.005110732538330494,259.9199999999955,effect_10-15
2916,978,Motor,MOp2/3,0,0.0,0,0.0,840,0.0,259.9199999999955,effect_10-15
2917,982,Motor,MOp2/3,1,0.003847337642351559,3,3.0,626,0.004792332268370607,259.9199999999955,effect_10-15
2918,986,Motor,MOp1,38,0.14619883040935924,116,3.0526315789473686,1136,0.10211267605633803,259.9199999999955,effect_10-15
2919,991,STR,ACB,0,0.0,0,0.0,141,0.0,259.9199999999955,effect_10-15
2920,992,STR,ACB,39,0.1500461680517108,139,3.5641025641025643,1868,0.07441113490364026,259.9199999999955,effect_10-15
2921,993,STR,ACB,5,0.019236688211757794,20,4.0,760,0.02631578947368421,259.9199999999955,effect_10-15
2922,995,STR,ACB,0,0.0,0,0.0,31,0.0,259.9199999999955,effect_10-15
2923,997,STR,ACB,49,0.1885195444752264,153,3.122448979591837,2772,0.05519480519480519,259.9199999999955,effect_10-15
2924,1000,STR,ACB,1,0.003847337642351559,4,4.0,52,0.07692307692307693,259.9199999999955,effect_10-15
2925,1001,STR,ACB,1,0.003847337642351559,3,3.0,30,0.1,259.9199999999955,effect_10-15
2926,1003,STR,ACB,0,0.0,0,0.0,117,0.0,259.9199999999955,effect_10-15
2927,1006,STR,ACB,0,0.0,0,0.0,15,0.0,259.9199999999955,effect_10-15
2928,1007,STR,ACB,0,0.0,0,0.0,171,0.0,259.9199999999955,effect_10-15
2929,1013,STR,ACB,0,0.0,0,0.0,6,0.0,259.9199999999955,effect_10-15
2930,1014,STR,ACB,0,0.0,0,0.0,2,0.0,259.9199999999955,effect_10-15
2931,1015,STR,ACB,0,0.0,0,0.0,3,0.0,259.9199999999955,effect_10-15
2932,1020,STR,ACB,0,0.0,0,0.0,337,0.0,259.9199999999955,effect_10-15
2933,1021,STR,ACB,0,0.0,0,0.0,65,0.0,259.9199999999955,effect_10-15
2934,1022,STR,ACB,9,0.034626038781164034,28,3.111111111111111,1105,0.025339366515837104,259.9199999999955,effect_10-15
2935,1023,STR,ACB,0,0.0,0,0.0,8,0.0,259.9199999999955,effect_10-15
2936,1024,Other,OLF,0,0.0,0,0.0,21,0.0,259.9199999999955,effect_10-15
2937,1025,Other,OLF,0,0.0,0,0.0,33,0.0,259.9199999999955,effect_10-15
2938,1026,Other,OLF,0,0.0,0,0.0,1762,0.0,259.9199999999955,effect_10-15
2939,1027,Other,OLF,0,0.0,0,0.0,284,0.0,259.9199999999955,effect_10-15
2940,1028,Other,OLF,0,0.0,0,0.0,33,0.0,259.9199999999955,effect_10-15
2941,1032,Other,OLF,0,0.0,0,0.0,34,0.0,259.9199999999955,effect_10-15
2942,1033,Other,OLF,0,0.0,0,0.0,515,0.0,259.9199999999955,effect_10-15
2943,1035,Other,ORBl5,3,0.011542012927054677,10,3.3333333333333335,1870,0.0053475935828877,259.9199999999955,effect_10-15
2944,1038,Other,ORBl5,0,0.0,0,0.0,710,0.0,259.9199999999955,effect_10-15
2945,1039,Other,ORBl5,0,0.0,0,0.0,54,0.0,259.9199999999955,effect_10-15
2946,1042,Other,ORBl5,0,0.0,0,0.0,465,0.0,259.9199999999955,effect_10-15
2947,1045,Other,ORBl5,0,0.0,0,0.0,260,0.0,259.9199999999955,effect_10-15
2948,1047,Other,ORBl5,0,0.0,0,0.0,151,0.0,259.9199999999955,effect_10-15
2949,1049,Other,ORBl5,9,0.034626038781164034,28,3.111111111111111,1439,0.019457956914523976,259.9199999999955,effect_10-15
2950,1052,Other,ORBl6a,2,0.007694675284703118,7,3.5,35,0.2,259.9199999999955,effect_10-15
2951,1054,Other,ORBl6a,0,0.0,0,0.0,15,0.0,259.9199999999955,effect_10-15
2952,1058,Other,ORBl6a,0,0.0,0,0.0,37,0.0,259.9199999999955,effect_10-15
2953,1059,Other,ORBl6a,0,0.0,0,0.0,265,0.0,259.9199999999955,effect_10-15
2954,1060,Other,ORBl6a,0,0.0,0,0.0,287,0.0,259.9199999999955,effect_10-15
2955,1063,Other,ORBl6a,0,0.0,0,0.0,280,0.0,259.9199999999955,effect_10-15
2956,1064,Other,ORBl6a,0,0.0,0,0.0,157,0.0,259.9199999999955,effect_10-15
2957,1067,Other,ORBl6a,0,0.0,0,0.0,965,0.0,259.9199999999955,effect_10-15
2958,1068,Other,ORBl6a,0,0.0,0,0.0,75,0.0,259.9199999999955,effect_10-15
2959,1069,Other,ORBl6a,1,0.003847337642351559,3,3.0,1141,0.0026292725679228747,259.9199999999955,effect_10-15
2960,1070,Other,ORBl6a,3,0.011542012927054677,10,3.3333333333333335,249,0.040160642570281124,259.9199999999955,effect_10-15
2961,1071,Other,ORBl6a,0,0.0,0,0.0,2753,0.0,259.9199999999955,effect_10-15
2962,1072,Other,ORBl6a,0,0.0,0,0.0,38,0.0,259.9199999999955,effect_10-15
2963,1073,Other,ORBl6a,0,0.0,0,0.0,15,0.0,259.9199999999955,effect_10-15
2964,1074,Other,ORBl6a,0,0.0,0,0.0,33,0.0,259.9199999999955,effect_10-15
2965,1076,Other,ORBl6a,0,0.0,0,0.0,128,0.0,259.9199999999955,effect_10-15
2966,1078,Other,ORBl6b,1,0.003847337642351559,3,3.0,278,0.01079136690647482,259.9199999999955,effect_10-15
2967,1079,Other,ORBl6b,0,0.0,0,0.0,557,0.0,259.9199999999955,effect_10-15
2968,1080,Other,ORBl6b,0,0.0,0,0.0,3,0.0,259.9199999999955,effect_10-15
2969,1081,Other,ORBl6b,1,0.003847337642351559,3,3.0,146,0.02054794520547945,259.9199999999955,effect_10-15
2970,1082,Other,ORBl6b,0,0.0,0,0.0,22,0.0,259.9199999999955,effect_10-15
2971,1083,Other,ORBl6b,0,0.0,0,0.0,25,0.0,259.9199999999955,effect_10-15
2972,1084,Other,scwm,0,0.0,0,0.0,28,0.0,259.9199999999955,effect_10-15
2973,1085,Other,scwm,0,0.0,0,0.0,11,0.0,259.9199999999955,effect_10-15
2974,1087,Other,scwm,0,0.0,0,0.0,652,0.0,259.9199999999955,effect_10-15
2975,1089,Other,AId6a,3,0.011542012927054677,11,3.6666666666666665,1664,0.006610576923076923,259.9199999999955,effect_10-15
2976,1090,Other,AId6a,0,0.0,0,0.0,171,0.0,259.9199999999955,effect_10-15
2977,1092,Other,AId6a,0,0.0,0,0.0,239,0.0,259.9199999999955,effect_10-15
2978,1094,Motor,MOs6a,0,0.0,0,0.0,36,0.0,259.9199999999955,effect_10-15
2979,1095,Motor,MOs6a,0,0.0,0,0.0,9,0.0,259.9199999999955,effect_10-15
2980,1096,Motor,MOs6a,0,0.0,0,0.0,189,0.0,259.9199999999955,effect_10-15
2981,1097,Motor,MOs6a,0,0.0,0,0.0,101,0.0,259.9199999999955,effect_10-15
2982,1100,Motor,MOs6a,0,0.0,0,0.0,19,0.0,259.9199999999955,effect_10-15
2983,1103,Motor,MOs6a,0,0.0,0,0.0,100,0.0,259.9199999999955,effect_10-15
2984,1113,Motor,MOs6a,2,0.007694675284703118,12,6.0,926,0.012958963282937365,259.9199999999955,effect_10-15
2985,1114,Motor,MOs5,1,0.003847337642351559,3,3.0,1499,0.0020013342228152103,259.9199999999955,effect_10-15
2986,1116,Motor,MOs5,2,0.007694675284703118,7,3.5,562,0.012455516014234875,259.9199999999955,effect_10-15
2987,1117,Motor,MOs5,4,0.015389350569406235,13,3.25,126,0.10317460317460317,259.9199999999955,effect_10-15
2988,1118,Motor,MOs5,1,0.003847337642351559,4,4.0,347,0.011527377521613832,259.9199999999955,effect_10-15
2989,1122,Motor,MOs5,1,0.003847337642351559,4,4.0,485,0.008247422680412371,259.9199999999955,effect_10-15
2990,1126,Motor,MOs5,0,0.0,0,0.0,155,0.0,259.9199999999955,effect_10-15
2991,1128,Motor,MOs5,1,0.003847337642351559,3,3.0,203,0.014778325123152709,259.9199999999955,effect_10-15
2992,1130,Motor,MOs5,5,0.019236688211757794,19,3.8,710,0.02676056338028169,259.9199999999955,effect_10-15
2993,1132,Motor,MOp5,0,0.0,0,0.0,301,0.0,259.9199999999955,effect_10-15
2994,1133,Motor,MOp5,4,0.015389350569406235,14,3.5,547,0.025594149908592323,259.9199999999955,effect_10-15
2995,1136,Motor,MOp5,0,0.0,0,0.0,400,0.0,259.9199999999955,effect_10-15
2996,1137,Motor,MOp5,0,0.0,0,0.0,105,0.0,259.9199999999955,effect_10-15
2997,1138,Motor,MOp2/3,0,0.0,0,0.0,179,0.0,259.9199999999955,effect_10-15
2998,1140,Motor,MOp2/3,1,0.003847337642351559,3,3.0,560,0.005357142857142857,259.9199999999955,effect_10-15
2999,1141,Motor,MOp2/3,0,0.0,0,0.0,729,0.0,259.9199999999955,effect_10-15
3000,1142,Motor,MOp2/3,1,0.003847337642351559,3,3.0,399,0.007518796992481203,259.9199999999955,effect_10-15
3001,1143,Motor,MOp2/3,0,0.0,0,0.0,279,0.0,259.9199999999955,effect_10-15
3002,1148,Motor,MOp2/3,0,0.0,0,0.0,330,0.0,259.9199999999955,effect_10-15
3003,1150,STR,ACB,0,0.0,0,0.0,7,0.0,259.9199999999955,effect_10-15
3004,1158,STR,ACB,0,0.0,0,0.0,4,0.0,259.9199999999955,effect_10-15
3005,1159,STR,ACB,0,0.0,0,0.0,115,0.0,259.9199999999955,effect_10-15
3006,1160,Other,OLF,0,0.0,0,0.0,21,0.0,259.9199999999955,effect_10-15
3007,1161,Other,ORBl5,1,0.003847337642351559,3,3.0,155,0.01935483870967742,259.9199999999955,effect_10-15
3008,1162,Other,ORBl5,0,0.0,0,0.0,14,0.0,259.9199999999955,effect_10-15
3009,1164,Other,ORBl5,3,0.011542012927054677,10,3.3333333333333335,621,0.01610305958132045,259.9199999999955,effect_10-15
3010,1166,Other,ORBl6a,2,0.007694675284703118,7,3.5,349,0.02005730659025788,259.9199999999955,effect_10-15
3011,1168,Other,ORBl6a,0,0.0,0,0.0,44,0.0,259.9199999999955,effect_10-15
3012,1169,Other,ORBl6a,0,0.0,0,0.0,438,0.0,259.9199999999955,effect_10-15
3013,1172,Other,ORBl6a,0,0.0,0,0.0,51,0.0,259.9199999999955,effect_10-15
3014,1173,Other,ORBl6a,0,0.0,0,0.0,67,0.0,259.9199999999955,effect_10-15
3015,1174,Other,ORBl6a,0,0.0,0,0.0,64,0.0,259.9199999999955,effect_10-15
3016,1175,Other,ORBl6a,3,0.011542012927054677,13,4.333333333333333,58,0.22413793103448276,259.9199999999955,effect_10-15
3017,1176,Other,ORBl6a,0,0.0,0,0.0,12,0.0,259.9199999999955,effect_10-15
3018,1178,Other,ORBl6b,1,0.003847337642351559,4,4.0,410,0.00975609756097561,259.9199999999955,effect_10-15
3019,1179,Other,ORBl6b,0,0.0,0,0.0,65,0.0,259.9199999999955,effect_10-15
3020,1180,Other,scwm,0,0.0,0,0.0,141,0.0,259.9199999999955,effect_10-15
3021,1183,Motor,MOs6a,0,0.0,0,0.0,59,0.0,259.9199999999955,effect_10-15
3022,1186,Motor,MOs5,5,0.019236688211757794,15,3.0,2102,0.007136060894386299,259.9199999999955,effect_10-15
3023,1187,Motor,MOs5,1,0.003847337642351559,3,3.0,102,0.029411764705882353,259.9199999999955,effect_10-15
3024,1190,Motor,MOp5,1,0.003847337642351559,4,4.0,325,0.012307692307692308,259.9199999999955,effect_10-15
3025,1192,Other,ORBl5,1,0.003847337642351559,3,3.0,43,0.06976744186046512,259.9199999999955,effect_10-15
3026,1194,Other,ORBl6a,0,0.0,0,0.0,9,0.0,259.9199999999955,effect_10-15
3027,1195,Other,ORBl6a,0,0.0,0,0.0,245,0.0,259.9199999999955,effect_10-15
3028,1197,Other,ORBl6a,0,0.0,0,0.0,22,0.0,259.9199999999955,effect_10-15
3029,1200,STR,ACB,0,0.0,0,0.0,525,0.0,259.9199999999955,effect_10-15
3030,1201,STR,ACB,2,0.007694675284703118,7,3.5,1195,0.005857740585774059,259.9199999999955,effect_10-15
3031,1202,STR,ACB,0,0.0,0,0.0,658,0.0,259.9199999999955,effect_10-15
3032,1203,Other,OLF,0,0.0,0,0.0,91,0.0,259.9199999999955,effect_10-15
3033,1205,Other,ORBl5,0,0.0,0,0.0,2103,0.0,259.9199999999955,effect_10-15
3034,1208,Other,ORBl5,0,0.0,0,0.0,7,0.0,259.9199999999955,effect_10-15
3035,1209,Other,ORBl6a,1,0.003847337642351559,3,3.0,1432,0.002094972067039106,259.9199999999955,effect_10-15
3036,1211,Other,ORBl6a,1,0.003847337642351559,3,3.0,757,0.003963011889035667,259.9199999999955,effect_10-15
3037,1212,Other,ORBl6a,0,0.0,0,0.0,0,0.0,259.9199999999955,effect_10-15
3038,1213,Other,ORBl6a,1,0.003847337642351559,4,4.0,370,0.010810810810810811,259.9199999999955,effect_10-15
3039,1214,Other,AId6a,0,0.0,0,0.0,1096,0.0,259.9199999999955,effect_10-15
3040,1218,Motor,MOp5,0,0.0,0,0.0,1508,0.0,259.9199999999955,effect_10-15
3041,1224,STR,ACB,0,0.0,0,0.0,157,0.0,259.9199999999955,effect_10-15
3042,1225,Other,ORBl6a,0,0.0,0,0.0,20,0.0,259.9199999999955,effect_10-15
3043,1226,Other,ORBl5,0,0.0,0,0.0,7,0.0,259.9199999999955,effect_10-15
3044,1228,Other,ORBl6a,0,0.0,0,0.0,89,0.0,259.9199999999955,effect_10-15
3045,0,Thalamus,PO,8,0.041920963159290864,16,2.0,1271,0.012588512981904013,190.83530999995583,effect_15-20
3046,2,Thalamus,PO,2,0.010480240789822716,2,1.0,1293,0.0015467904098994587,190.83530999995583,effect_15-20
3047,3,Thalamus,PO,6,0.03144072236946815,10,1.6666666666666667,601,0.016638935108153077,190.83530999995583,effect_15-20
3048,5,Thalamus,PO,10,0.05240120394911358,19,1.9,993,0.019133937562940583,190.83530999995583,effect_15-20
3049,7,Thalamus,PO,2,0.010480240789822716,4,2.0,394,0.01015228426395939,190.83530999995583,effect_15-20
3050,8,Thalamus,PO,5,0.02620060197455679,10,2.0,190,0.05263157894736842,190.83530999995583,effect_15-20
3051,9,Thalamus,PO,45,0.23580541777101113,85,1.8888888888888888,1620,0.05246913580246913,190.83530999995583,effect_15-20
3052,10,Thalamus,PO,9,0.047161083554202225,18,2.0,368,0.04891304347826087,190.83530999995583,effect_15-20
3053,13,Thalamus,PO,1,0.005240120394911358,1,1.0,134,0.007462686567164179,190.83530999995583,effect_15-20
3054,16,Thalamus,PO,17,0.0890820467134931,40,2.3529411764705883,459,0.08714596949891068,190.83530999995583,effect_15-20
3055,17,Thalamus,PO,2,0.010480240789822716,3,1.5,434,0.0069124423963133645,190.83530999995583,effect_15-20
3056,18,Thalamus,PO,6,0.03144072236946815,9,1.5,810,0.011111111111111112,190.83530999995583,effect_15-20
3057,19,Thalamus,PO,6,0.03144072236946815,10,1.6666666666666667,463,0.02159827213822894,190.83530999995583,effect_15-20
3058,23,Thalamus,PO,6,0.03144072236946815,11,1.8333333333333333,864,0.01273148148148148,190.83530999995583,effect_15-20
3059,25,Thalamus,PO,2,0.010480240789822716,2,1.0,48,0.041666666666666664,190.83530999995583,effect_15-20
3060,27,Thalamus,PO,0,0.0,0,0.0,147,0.0,190.83530999995583,effect_15-20
3061,28,Thalamus,PO,6,0.03144072236946815,15,2.5,247,0.06072874493927125,190.83530999995583,effect_15-20
3062,29,Thalamus,PO,26,0.13624313026769533,46,1.7692307692307692,1403,0.03278688524590164,190.83530999995583,effect_15-20
3063,31,Thalamus,PO,0,0.0,0,0.0,581,0.0,190.83530999995583,effect_15-20
3064,32,Thalamus,PO,16,0.08384192631858173,32,2.0,560,0.05714285714285714,190.83530999995583,effect_15-20
3065,33,Thalamus,PO,8,0.041920963159290864,14,1.75,714,0.0196078431372549,190.83530999995583,effect_15-20
3066,34,Thalamus,PO,19,0.0995622875033158,39,2.0526315789473686,1186,0.03288364249578415,190.83530999995583,effect_15-20
3067,35,Thalamus,PO,20,0.10480240789822716,36,1.8,1975,0.018227848101265823,190.83530999995583,effect_15-20
3068,36,Thalamus,PO,6,0.03144072236946815,11,1.8333333333333333,1426,0.007713884992987377,190.83530999995583,effect_15-20
3069,38,Thalamus,PO,0,0.0,0,0.0,304,0.0,190.83530999995583,effect_15-20
3070,39,Thalamus,PO,0,0.0,0,0.0,592,0.0,190.83530999995583,effect_15-20
3071,40,Thalamus,PO,17,0.0890820467134931,34,2.0,1027,0.033106134371957155,190.83530999995583,effect_15-20
3072,41,Thalamus,PO,12,0.0628814447389363,22,1.8333333333333333,1463,0.015037593984962405,190.83530999995583,effect_15-20
3073,42,Thalamus,PO,14,0.07336168552875902,24,1.7142857142857142,1003,0.023928215353938187,190.83530999995583,effect_15-20
3074,43,Thalamus,PO,13,0.06812156513384766,27,2.076923076923077,1455,0.018556701030927835,190.83530999995583,effect_15-20
3075,44,Thalamus,PO,19,0.0995622875033158,31,1.631578947368421,1687,0.018375815056312982,190.83530999995583,effect_15-20
3076,46,Thalamus,PO,0,0.0,0,0.0,43,0.0,190.83530999995583,effect_15-20
3077,47,Thalamus,PO,15,0.07860180592367037,26,1.7333333333333334,1037,0.02507232401157184,190.83530999995583,effect_15-20
3078,50,Thalamus,PO,87,0.4558904743572882,187,2.1494252873563218,2672,0.06998502994011976,190.83530999995583,effect_15-20
3079,53,Thalamus,PO,8,0.041920963159290864,15,1.875,1104,0.01358695652173913,190.83530999995583,effect_15-20
3080,54,Thalamus,PO,14,0.07336168552875902,25,1.7857142857142858,1401,0.017844396859386154,190.83530999995583,effect_15-20
3081,55,Thalamus,PO,36,0.1886443342168089,67,1.8611111111111112,1800,0.03722222222222222,190.83530999995583,effect_15-20
3082,56,Thalamus,PO,17,0.0890820467134931,35,2.0588235294117645,849,0.04122497055359246,190.83530999995583,effect_15-20
3083,57,Thalamus,PO,26,0.13624313026769533,55,2.1153846153846154,1638,0.033577533577533576,190.83530999995583,effect_15-20
3084,58,Thalamus,PO,1,0.005240120394911358,1,1.0,1138,0.0008787346221441124,190.83530999995583,effect_15-20
3085,59,Thalamus,PO,32,0.16768385263716346,73,2.28125,949,0.07692307692307693,190.83530999995583,effect_15-20
3086,61,Thalamus,PO,7,0.03668084276437951,12,1.7142857142857142,1120,0.010714285714285714,190.83530999995583,effect_15-20
3087,62,Thalamus,PO,25,0.13100300987278396,53,2.12,1898,0.02792413066385669,190.83530999995583,effect_15-20
3088,64,Thalamus,PO,1,0.005240120394911358,2,2.0,2254,0.0008873114463176575,190.83530999995583,effect_15-20
3089,65,Thalamus,PO,47,0.24628565856083384,104,2.2127659574468086,1273,0.0816967792615868,190.83530999995583,effect_15-20
3090,66,Thalamus,PO,9,0.047161083554202225,12,1.3333333333333333,898,0.013363028953229399,190.83530999995583,effect_15-20
3091,68,Thalamus,PO,9,0.047161083554202225,17,1.8888888888888888,1188,0.01430976430976431,190.83530999995583,effect_15-20
3092,69,Thalamus,PO,6,0.03144072236946815,12,2.0,1498,0.00801068090787717,190.83530999995583,effect_15-20
3093,72,Thalamus,PO,76,0.3982491500132632,108,1.4210526315789473,1993,0.054189663823381834,190.83530999995583,effect_15-20
3094,74,Thalamus,PO,23,0.12052276908296124,49,2.130434782608696,902,0.05432372505543237,190.83530999995583,effect_15-20
3095,75,Thalamus,PO,21,0.11004252829313853,36,1.7142857142857142,1382,0.02604920405209841,190.83530999995583,effect_15-20
3096,78,Thalamus,PO,26,0.13624313026769533,61,2.3461538461538463,1352,0.045118343195266274,190.83530999995583,effect_15-20
3097,80,Thalamus,PO,67,0.351088066459061,165,2.462686567164179,2526,0.06532066508313539,190.83530999995583,effect_15-20
3098,82,Thalamus,PO,13,0.06812156513384766,25,1.9230769230769231,309,0.08090614886731391,190.83530999995583,effect_15-20
3099,83,Thalamus,PO,36,0.1886443342168089,69,1.9166666666666667,1739,0.039677975848188614,190.83530999995583,effect_15-20
3100,84,Thalamus,PO,5,0.02620060197455679,7,1.4,1943,0.003602676273803397,190.83530999995583,effect_15-20
3101,85,Thalamus,PO,35,0.18340421382189753,86,2.4571428571428573,1614,0.05328376703841388,190.83530999995583,effect_15-20
3102,86,Thalamus,PO,26,0.13624313026769533,52,2.0,2151,0.02417480241748024,190.83530999995583,effect_15-20
3103,88,Thalamus,PO,12,0.0628814447389363,25,2.0833333333333335,1040,0.02403846153846154,190.83530999995583,effect_15-20
3104,90,Thalamus,PO,39,0.20436469540154298,78,2.0,1143,0.06824146981627296,190.83530999995583,effect_15-20
3105,92,Thalamus,PO,17,0.0890820467134931,37,2.176470588235294,661,0.05597579425113464,190.83530999995583,effect_15-20
3106,95,Thalamus,PO,19,0.0995622875033158,39,2.0526315789473686,1468,0.02656675749318801,190.83530999995583,effect_15-20
3107,96,Thalamus,PO,7,0.03668084276437951,15,2.142857142857143,523,0.028680688336520075,190.83530999995583,effect_15-20
3108,97,Thalamus,PO,37,0.19388445461172027,71,1.9189189189189189,789,0.08998732572877059,190.83530999995583,effect_15-20
3109,98,Thalamus,PO,31,0.16244373224225211,70,2.2580645161290325,2169,0.03227293683725219,190.83530999995583,effect_15-20
3110,99,Thalamus,PO,37,0.19388445461172027,83,2.2432432432432434,618,0.1343042071197411,190.83530999995583,effect_15-20
3111,102,Thalamus,PO,18,0.09432216710840445,36,2.0,1926,0.018691588785046728,190.83530999995583,effect_15-20
3112,103,Thalamus,PO,9,0.047161083554202225,17,1.8888888888888888,1373,0.012381646030589949,190.83530999995583,effect_15-20
3113,104,Thalamus,PO,11,0.05764132434402494,22,2.0,321,0.06853582554517133,190.83530999995583,effect_15-20
3114,106,Thalamus,PO,14,0.07336168552875902,27,1.9285714285714286,977,0.027635619242579325,190.83530999995583,effect_15-20
3115,108,Thalamus,PO,8,0.041920963159290864,19,2.375,1287,0.014763014763014764,190.83530999995583,effect_15-20
3116,109,Thalamus,PO,24,0.1257628894778726,49,2.0416666666666665,1299,0.037721324095458045,190.83530999995583,effect_15-20
3117,111,Thalamus,PO,9,0.047161083554202225,20,2.2222222222222223,1235,0.016194331983805668,190.83530999995583,effect_15-20
3118,112,Thalamus,PO,106,0.555452761860604,272,2.5660377358490565,2032,0.13385826771653545,190.83530999995583,effect_15-20
3119,114,Thalamus,PO,16,0.08384192631858173,35,2.1875,1344,0.026041666666666668,190.83530999995583,effect_15-20
3120,116,Thalamus,PO,27,0.14148325066260667,64,2.3703703703703702,1896,0.03375527426160337,190.83530999995583,effect_15-20
3121,117,Thalamus,PO,33,0.17292397303207482,71,2.1515151515151514,1034,0.06866537717601548,190.83530999995583,effect_15-20
3122,120,Thalamus,PO,26,0.13624313026769533,49,1.8846153846153846,1979,0.024759979787771603,190.83530999995583,effect_15-20
3123,121,Thalamus,PO,6,0.03144072236946815,10,1.6666666666666667,881,0.011350737797956867,190.83530999995583,effect_15-20
3124,124,Thalamus,PO,16,0.08384192631858173,31,1.9375,1325,0.02339622641509434,190.83530999995583,effect_15-20
3125,125,Thalamus,PO,5,0.02620060197455679,8,1.6,1094,0.007312614259597806,190.83530999995583,effect_15-20
3126,126,Thalamus,PO,12,0.0628814447389363,23,1.9166666666666667,1906,0.012067156348373556,190.83530999995583,effect_15-20
3127,128,Thalamus,PO,59,0.30916710329977015,128,2.169491525423729,1128,0.11347517730496454,190.83530999995583,effect_15-20
3128,129,Thalamus,PO,7,0.03668084276437951,15,2.142857142857143,705,0.02127659574468085,190.83530999995583,effect_15-20
3129,131,Thalamus,PO,20,0.10480240789822716,46,2.3,1576,0.02918781725888325,190.83530999995583,effect_15-20
3130,132,Thalamus,PO,9,0.047161083554202225,21,2.3333333333333335,603,0.03482587064676617,190.83530999995583,effect_15-20
3131,133,Thalamus,PO,31,0.16244373224225211,67,2.161290322580645,1167,0.05741216795201371,190.83530999995583,effect_15-20
3132,134,Thalamus,PO,5,0.02620060197455679,10,2.0,675,0.014814814814814815,190.83530999995583,effect_15-20
3133,135,Thalamus,PO,8,0.041920963159290864,14,1.75,1676,0.008353221957040573,190.83530999995583,effect_15-20
3134,138,Thalamus,PO,20,0.10480240789822716,45,2.25,1139,0.03950834064969271,190.83530999995583,effect_15-20
3135,139,Thalamus,PO,0,0.0,0,0.0,36,0.0,190.83530999995583,effect_15-20
3136,141,Thalamus,PO,10,0.05240120394911358,26,2.6,1454,0.017881705639614855,190.83530999995583,effect_15-20
3137,142,Thalamus,PO,20,0.10480240789822716,45,2.25,1353,0.03325942350332594,190.83530999995583,effect_15-20
3138,144,Thalamus,PO,0,0.0,0,0.0,42,0.0,190.83530999995583,effect_15-20
3139,146,Thalamus,PO,16,0.08384192631858173,38,2.375,677,0.056129985228951254,190.83530999995583,effect_15-20
3140,147,Thalamus,PO,7,0.03668084276437951,18,2.5714285714285716,739,0.02435723951285521,190.83530999995583,effect_15-20
3141,148,Thalamus,PO,67,0.351088066459061,119,1.7761194029850746,3214,0.03702551337896702,190.83530999995583,effect_15-20
3142,149,Thalamus,PO,0,0.0,0,0.0,46,0.0,190.83530999995583,effect_15-20
3143,151,Thalamus,PO,13,0.06812156513384766,30,2.3076923076923075,1379,0.021754894851341553,190.83530999995583,effect_15-20
3144,155,Thalamus,PO,9,0.047161083554202225,20,2.2222222222222223,1017,0.01966568338249754,190.83530999995583,effect_15-20
3145,157,Thalamus,PO,3,0.015720361184734074,7,2.3333333333333335,2218,0.0031559963931469793,190.83530999995583,effect_15-20
3146,158,Thalamus,PO,8,0.041920963159290864,16,2.0,1320,0.012121212121212121,190.83530999995583,effect_15-20
3147,162,Thalamus,PO,7,0.03668084276437951,11,1.5714285714285714,1718,0.006402793946449359,190.83530999995583,effect_15-20
3148,163,Thalamus,PO,3,0.015720361184734074,6,2.0,1231,0.00487408610885459,190.83530999995583,effect_15-20
3149,164,Thalamus,PO,0,0.0,0,0.0,44,0.0,190.83530999995583,effect_15-20
3150,166,Thalamus,PO,2,0.010480240789822716,2,1.0,278,0.007194244604316547,190.83530999995583,effect_15-20
3151,172,Thalamus,PO,15,0.07860180592367037,29,1.9333333333333333,677,0.04283604135893648,190.83530999995583,effect_15-20
3152,173,Thalamus,PO,0,0.0,0,0.0,1740,0.0,190.83530999995583,effect_15-20
3153,175,Thalamus,PO,2,0.010480240789822716,2,1.0,835,0.0023952095808383233,190.83530999995583,effect_15-20
3154,176,Thalamus,PO,2,0.010480240789822716,3,1.5,1205,0.0024896265560165973,190.83530999995583,effect_15-20
3155,178,Thalamus,PO,0,0.0,0,0.0,1003,0.0,190.83530999995583,effect_15-20
3156,180,Thalamus,PO,11,0.05764132434402494,21,1.9090909090909092,3234,0.006493506493506494,190.83530999995583,effect_15-20
3157,181,Thalamus,PO,5,0.02620060197455679,8,1.6,1866,0.004287245444801715,190.83530999995583,effect_15-20
3158,186,Thalamus,PO,0,0.0,0,0.0,352,0.0,190.83530999995583,effect_15-20
3159,188,Thalamus,PO,2,0.010480240789822716,4,2.0,2188,0.0018281535648994515,190.83530999995583,effect_15-20
3160,189,Thalamus,PO,1,0.005240120394911358,3,3.0,3851,0.0007790184367696703,190.83530999995583,effect_15-20
3161,190,Thalamus,PO,2,0.010480240789822716,10,5.0,937,0.010672358591248666,190.83530999995583,effect_15-20
3162,192,Thalamus,PO,0,0.0,0,0.0,477,0.0,190.83530999995583,effect_15-20
3163,193,Thalamus,PO,2,0.010480240789822716,4,2.0,1681,0.002379535990481856,190.83530999995583,effect_15-20
3164,194,Thalamus,PO,5,0.02620060197455679,11,2.2,2353,0.004674883127921802,190.83530999995583,effect_15-20
3165,195,Thalamus,PO,4,0.020960481579645432,8,2.0,1687,0.004742145820983995,190.83530999995583,effect_15-20
3166,196,Thalamus,PO,0,0.0,0,0.0,4,0.0,190.83530999995583,effect_15-20
3167,204,Thalamus,LD,7,0.03668084276437951,12,1.7142857142857142,2131,0.005631159080244017,190.83530999995583,effect_15-20
3168,207,Thalamus,LD,6,0.03144072236946815,12,2.0,1858,0.006458557588805167,190.83530999995583,effect_15-20
3169,209,Thalamus,LD,13,0.06812156513384766,49,3.769230769230769,2166,0.022622345337026777,190.83530999995583,effect_15-20
3170,210,Thalamus,LD,4,0.020960481579645432,7,1.75,1638,0.004273504273504274,190.83530999995583,effect_15-20
3171,214,Thalamus,LD,12,0.0628814447389363,38,3.1666666666666665,2129,0.017848755284170972,190.83530999995583,effect_15-20
3172,216,Thalamus,LD,14,0.07336168552875902,45,3.2142857142857144,2525,0.01782178217821782,190.83530999995583,effect_15-20
3173,221,Thalamus,LD,0,0.0,0,0.0,324,0.0,190.83530999995583,effect_15-20
3174,222,Thalamus,LD,14,0.07336168552875902,39,2.7857142857142856,2630,0.014828897338403042,190.83530999995583,effect_15-20
3175,224,Thalamus,LD,19,0.0995622875033158,48,2.526315789473684,2246,0.0213713268032057,190.83530999995583,effect_15-20
3176,225,Thalamus,LD,44,0.23056529737609976,118,2.6818181818181817,2267,0.05205116894574327,190.83530999995583,effect_15-20
3177,226,Thalamus,LD,1,0.005240120394911358,1,1.0,246,0.0040650406504065045,190.83530999995583,effect_15-20
3178,230,Thalamus,LD,20,0.10480240789822716,43,2.15,2440,0.01762295081967213,190.83530999995583,effect_15-20
3179,238,Other,DG-mo,14,0.07336168552875902,53,3.7857142857142856,1131,0.046861184792219276,190.83530999995583,effect_15-20
3180,239,Other,CA3,3,0.015720361184734074,10,3.3333333333333335,2289,0.00436871996505024,190.83530999995583,effect_15-20
3181,240,Other,CA3,1,0.005240120394911358,3,3.0,1517,0.001977587343441002,190.83530999995583,effect_15-20
3182,241,Other,CA3,2,0.010480240789822716,6,3.0,4442,0.0013507429085997298,190.83530999995583,effect_15-20
3183,243,Other,CA3,1,0.005240120394911358,3,3.0,55,0.05454545454545454,190.83530999995583,effect_15-20
3184,244,Other,CA3,0,0.0,0,0.0,1976,0.0,190.83530999995583,effect_15-20
3185,246,Other,CA3,7,0.03668084276437951,28,4.0,116,0.2413793103448276,190.83530999995583,effect_15-20
3186,247,Other,CA3,6,0.03144072236946815,26,4.333333333333333,91,0.2857142857142857,190.83530999995583,effect_15-20
3187,248,Other,CA3,0,0.0,0,0.0,428,0.0,190.83530999995583,effect_15-20
3188,249,Other,CA3,0,0.0,0,0.0,74,0.0,190.83530999995583,effect_15-20
3189,251,Other,CA3,0,0.0,0,0.0,4552,0.0,190.83530999995583,effect_15-20
3190,253,Other,DG-po,0,0.0,0,0.0,24,0.0,190.83530999995583,effect_15-20
3191,262,Other,CA1,0,0.0,0,0.0,432,0.0,190.83530999995583,effect_15-20
3192,263,Other,CA1,1,0.005240120394911358,3,3.0,891,0.003367003367003367,190.83530999995583,effect_15-20
3193,264,Other,CA1,2,0.010480240789822716,8,4.0,3973,0.0020135917442738486,190.83530999995583,effect_15-20
3194,270,Other,CA1,10,0.05240120394911358,31,3.1,3297,0.00940248710949348,190.83530999995583,effect_15-20
3195,283,Other,CA1,22,0.11528264868804988,74,3.3636363636363638,358,0.20670391061452514,190.83530999995583,effect_15-20
3196,291,Other,CA1,0,0.0,0,0.0,203,0.0,190.83530999995583,effect_15-20
3197,300,Other,cing,0,0.0,0,0.0,510,0.0,190.83530999995583,effect_15-20
3198,305,Somatosensory,SSp-tr6a,0,0.0,0,0.0,1666,0.0,190.83530999995583,effect_15-20
3199,308,Somatosensory,SSp-tr6a,1,0.005240120394911358,3,3.0,1596,0.0018796992481203006,190.83530999995583,effect_15-20
3200,309,Somatosensory,SSp-tr6a,3,0.015720361184734074,14,4.666666666666667,715,0.019580419580419582,190.83530999995583,effect_15-20
3201,310,Somatosensory,SSp-tr6a,0,0.0,0,0.0,80,0.0,190.83530999995583,effect_15-20
3202,311,Somatosensory,SSp-tr6a,0,0.0,0,0.0,304,0.0,190.83530999995583,effect_15-20
3203,316,Somatosensory,SSp-tr6a,0,0.0,0,0.0,1006,0.0,190.83530999995583,effect_15-20
3204,317,Somatosensory,SSp-tr6a,0,0.0,0,0.0,455,0.0,190.83530999995583,effect_15-20
3205,318,Somatosensory,SSp-tr6a,23,0.12052276908296124,114,4.956521739130435,1393,0.08183776022972003,190.83530999995583,effect_15-20
3206,322,Somatosensory,SSp-tr6a,0,0.0,0,0.0,1223,0.0,190.83530999995583,effect_15-20
3207,324,Somatosensory,SSp-tr6a,0,0.0,0,0.0,0,0.0,190.83530999995583,effect_15-20
3208,326,Somatosensory,SSp-tr6a,0,0.0,0,0.0,132,0.0,190.83530999995583,effect_15-20
3209,332,Somatosensory,SSp-tr5,0,0.0,0,0.0,524,0.0,190.83530999995583,effect_15-20
3210,333,Somatosensory,SSp-tr5,8,0.041920963159290864,25,3.125,1453,0.017205781142463867,190.83530999995583,effect_15-20
3211,337,Somatosensory,SSp-tr5,1,0.005240120394911358,3,3.0,467,0.006423982869379015,190.83530999995583,effect_15-20
3212,338,Somatosensory,SSp-tr5,0,0.0,0,0.0,238,0.0,190.83530999995583,effect_15-20
3213,339,Somatosensory,SSp-tr5,0,0.0,0,0.0,109,0.0,190.83530999995583,effect_15-20
3214,340,Somatosensory,SSp-tr5,0,0.0,0,0.0,952,0.0,190.83530999995583,effect_15-20
3215,341,Somatosensory,SSp-tr5,0,0.0,0,0.0,900,0.0,190.83530999995583,effect_15-20
3216,343,Somatosensory,SSp-tr5,1,0.005240120394911358,4,4.0,595,0.0067226890756302525,190.83530999995583,effect_15-20
3217,346,Somatosensory,SSp-tr5,2,0.010480240789822716,8,4.0,2911,0.0027481964960494676,190.83530999995583,effect_15-20
3218,348,Somatosensory,SSp-tr5,2,0.010480240789822716,7,3.5,1748,0.004004576659038902,190.83530999995583,effect_15-20
3219,349,Somatosensory,SSp-tr5,0,0.0,0,0.0,422,0.0,190.83530999995583,effect_15-20
3220,353,Somatosensory,SSp-tr5,0,0.0,0,0.0,1304,0.0,190.83530999995583,effect_15-20
3221,355,Somatosensory,SSp-tr5,3,0.015720361184734074,9,3.0,1578,0.005703422053231939,190.83530999995583,effect_15-20
3222,356,Somatosensory,SSp-tr5,2,0.010480240789822716,7,3.5,1596,0.0043859649122807015,190.83530999995583,effect_15-20
3223,359,Somatosensory,SSp-tr5,0,0.0,0,0.0,1333,0.0,190.83530999995583,effect_15-20
3224,361,Somatosensory,SSp-tr5,1,0.005240120394911358,4,4.0,1051,0.003805899143672693,190.83530999995583,effect_15-20
3225,362,Other,VISa5,1,0.005240120394911358,4,4.0,702,0.005698005698005698,190.83530999995583,effect_15-20
3226,363,Other,VISa5,0,0.0,0,0.0,223,0.0,190.83530999995583,effect_15-20
3227,364,Other,VISa5,0,0.0,0,0.0,1090,0.0,190.83530999995583,effect_15-20
3228,365,Other,VISa5,1,0.005240120394911358,3,3.0,138,0.021739130434782608,190.83530999995583,effect_15-20
3229,366,Other,VISa5,4,0.020960481579645432,13,3.25,1391,0.009345794392523364,190.83530999995583,effect_15-20
3230,367,Other,VISa5,0,0.0,0,0.0,789,0.0,190.83530999995583,effect_15-20
3231,373,Other,VISa5,0,0.0,0,0.0,260,0.0,190.83530999995583,effect_15-20
3232,376,Other,VISa4,0,0.0,0,0.0,325,0.0,190.83530999995583,effect_15-20
3233,377,Other,VISa4,1,0.005240120394911358,3,3.0,1228,0.0024429967426710096,190.83530999995583,effect_15-20
3234,383,Other,VISa2/3,1,0.005240120394911358,4,4.0,90,0.044444444444444446,190.83530999995583,effect_15-20
3235,384,Other,VISa2/3,0,0.0,0,0.0,50,0.0,190.83530999995583,effect_15-20
3236,390,Other,VISa2/3,0,0.0,0,0.0,187,0.0,190.83530999995583,effect_15-20
3237,391,Other,VISa2/3,0,0.0,0,0.0,101,0.0,190.83530999995583,effect_15-20
3238,398,Other,VISa2/3,0,0.0,0,0.0,3,0.0,190.83530999995583,effect_15-20
3239,399,Other,VISa2/3,0,0.0,0,0.0,6,0.0,190.83530999995583,effect_15-20
3240,400,Other,VISa2/3,0,0.0,0,0.0,28,0.0,190.83530999995583,effect_15-20
3241,401,Other,VISa2/3,0,0.0,0,0.0,49,0.0,190.83530999995583,effect_15-20
3242,405,Other,VISa2/3,0,0.0,0,0.0,68,0.0,190.83530999995583,effect_15-20
3243,413,Thalamus,PO,0,0.0,0,0.0,63,0.0,190.83530999995583,effect_15-20
3244,415,Thalamus,PO,12,0.0628814447389363,26,2.1666666666666665,1482,0.017543859649122806,190.83530999995583,effect_15-20
3245,418,Thalamus,PO,0,0.0,0,0.0,341,0.0,190.83530999995583,effect_15-20
3246,421,Thalamus,PO,12,0.0628814447389363,29,2.4166666666666665,566,0.05123674911660778,190.83530999995583,effect_15-20
3247,422,Thalamus,PO,12,0.0628814447389363,22,1.8333333333333333,1901,0.011572856391372961,190.83530999995583,effect_15-20
3248,423,Thalamus,PO,1,0.005240120394911358,2,2.0,268,0.007462686567164179,190.83530999995583,effect_15-20
3249,424,Thalamus,PO,0,0.0,0,0.0,26,0.0,190.83530999995583,effect_15-20
3250,426,Thalamus,PO,24,0.1257628894778726,48,2.0,1023,0.0469208211143695,190.83530999995583,effect_15-20
3251,427,Thalamus,PO,0,0.0,0,0.0,136,0.0,190.83530999995583,effect_15-20
3252,428,Thalamus,PO,4,0.020960481579645432,6,1.5,770,0.007792207792207792,190.83530999995583,effect_15-20
3253,429,Thalamus,PO,0,0.0,0,0.0,13,0.0,190.83530999995583,effect_15-20
3254,433,Thalamus,PO,0,0.0,0,0.0,597,0.0,190.83530999995583,effect_15-20
3255,436,Thalamus,PO,6,0.03144072236946815,16,2.6666666666666665,2342,0.006831767719897523,190.83530999995583,effect_15-20
3256,438,Thalamus,PO,0,0.0,0,0.0,2111,0.0,190.83530999995583,effect_15-20
3257,439,Thalamus,LD,11,0.05764132434402494,30,2.727272727272727,2024,0.014822134387351778,190.83530999995583,effect_15-20
3258,440,Thalamus,LD,27,0.14148325066260667,56,2.074074074074074,2142,0.026143790849673203,190.83530999995583,effect_15-20
3259,443,Other,DG-mo,0,0.0,0,0.0,2,0.0,190.83530999995583,effect_15-20
3260,446,Other,CA3,1,0.005240120394911358,6,6.0,22,0.2727272727272727,190.83530999995583,effect_15-20
3261,448,Other,CA3,1,0.005240120394911358,4,4.0,487,0.008213552361396304,190.83530999995583,effect_15-20
3262,454,Other,CA1,0,0.0,0,0.0,878,0.0,190.83530999995583,effect_15-20
3263,456,Somatosensory,SSp-tr5,0,0.0,0,0.0,140,0.0,190.83530999995583,effect_15-20
3264,457,Other,VISa5,0,0.0,0,0.0,927,0.0,190.83530999995583,effect_15-20
3265,458,Other,VISa5,0,0.0,0,0.0,78,0.0,190.83530999995583,effect_15-20
3266,463,Other,VISa2/3,0,0.0,0,0.0,9,0.0,190.83530999995583,effect_15-20
3267,465,Other,VISa2/3,0,0.0,0,0.0,34,0.0,190.83530999995583,effect_15-20
3268,466,Other,VISa2/3,0,0.0,0,0.0,25,0.0,190.83530999995583,effect_15-20
3269,467,Other,VISa2/3,0,0.0,0,0.0,62,0.0,190.83530999995583,effect_15-20
3270,468,Other,VISa2/3,0,0.0,0,0.0,20,0.0,190.83530999995583,effect_15-20
3271,472,Other,CA1,0,0.0,0,0.0,6,0.0,190.83530999995583,effect_15-20
3272,473,Other,VISa2/3,0,0.0,0,0.0,20,0.0,190.83530999995583,effect_15-20
3273,476,Thalamus,PO,47,0.24628565856083384,105,2.234042553191489,1384,0.07586705202312138,190.83530999995583,effect_15-20
3274,478,Thalamus,PO,22,0.11528264868804988,47,2.1363636363636362,985,0.047715736040609136,190.83530999995583,effect_15-20
3275,479,Thalamus,PO,0,0.0,0,0.0,776,0.0,190.83530999995583,effect_15-20
3276,480,Other,DG-po,1,0.005240120394911358,3,3.0,49,0.061224489795918366,190.83530999995583,effect_15-20
3277,481,Somatosensory,SSp-tr6a,23,0.12052276908296124,117,5.086956521739131,359,0.32590529247910865,190.83530999995583,effect_15-20
3278,482,Other,VISa2/3,0,0.0,0,0.0,13,0.0,190.83530999995583,effect_15-20
3279,484,Other,VISa2/3,0,0.0,0,0.0,11,0.0,190.83530999995583,effect_15-20
3280,485,Other,VISa2/3,0,0.0,0,0.0,15,0.0,190.83530999995583,effect_15-20
3281,497,Other,ccb,3,0.015720361184734074,9,3.0,422,0.02132701421800948,190.83530999995583,effect_15-20
3282,499,STR,ACB,1,0.005240120394911358,3,3.0,162,0.018518518518518517,190.83530999995583,effect_15-20
3283,500,STR,ACB,9,0.047161083554202225,28,3.111111111111111,1343,0.02084884586746091,190.83530999995583,effect_15-20
3284,502,STR,ACB,19,0.0995622875033158,59,3.1052631578947367,1292,0.0456656346749226,190.83530999995583,effect_15-20
3285,506,STR,ACB,2,0.010480240789822716,6,3.0,477,0.012578616352201259,190.83530999995583,effect_15-20
3286,507,STR,ACB,0,0.0,0,0.0,14,0.0,190.83530999995583,effect_15-20
3287,508,STR,ACB,17,0.0890820467134931,59,3.4705882352941178,1650,0.03575757575757576,190.83530999995583,effect_15-20
3288,509,STR,ACB,47,0.24628565856083384,181,3.851063829787234,6780,0.026696165191740413,190.83530999995583,effect_15-20
3289,510,STR,ACB,4,0.020960481579645432,13,3.25,160,0.08125,190.83530999995583,effect_15-20
3290,511,STR,ACB,9,0.047161083554202225,37,4.111111111111111,1691,0.02188054405677114,190.83530999995583,effect_15-20
3291,514,STR,ACB,3,0.015720361184734074,10,3.3333333333333335,824,0.012135922330097087,190.83530999995583,effect_15-20
3292,516,STR,ACB,2,0.010480240789822716,6,3.0,137,0.043795620437956206,190.83530999995583,effect_15-20
3293,517,STR,ACB,8,0.041920963159290864,34,4.25,1522,0.022339027595269383,190.83530999995583,effect_15-20
3294,518,STR,ACB,32,0.16768385263716346,113,3.53125,1507,0.07498341074983411,190.83530999995583,effect_15-20
3295,519,STR,ACB,26,0.13624313026769533,86,3.3076923076923075,1186,0.07251264755480608,190.83530999995583,effect_15-20
3296,524,STR,ACB,9,0.047161083554202225,30,3.3333333333333335,3132,0.009578544061302681,190.83530999995583,effect_15-20
3297,525,STR,ACB,40,0.20960481579645432,162,4.05,718,0.22562674094707522,190.83530999995583,effect_15-20
3298,526,STR,ACB,1,0.005240120394911358,3,3.0,1318,0.002276176024279211,190.83530999995583,effect_15-20
3299,527,STR,ACB,4,0.020960481579645432,13,3.25,1881,0.006911217437533227,190.83530999995583,effect_15-20
3300,530,STR,ACB,18,0.09432216710840445,67,3.7222222222222223,908,0.07378854625550661,190.83530999995583,effect_15-20
3301,532,STR,ACB,0,0.0,0,0.0,316,0.0,190.83530999995583,effect_15-20
3302,534,STR,ACB,0,0.0,0,0.0,816,0.0,190.83530999995583,effect_15-20
3303,543,STR,ACB,4,0.020960481579645432,14,3.5,819,0.017094017094017096,190.83530999995583,effect_15-20
3304,544,STR,ACB,0,0.0,0,0.0,9,0.0,190.83530999995583,effect_15-20
3305,545,STR,ACB,11,0.05764132434402494,36,3.272727272727273,2183,0.016491067338524967,190.83530999995583,effect_15-20
3306,546,STR,ACB,0,0.0,0,0.0,92,0.0,190.83530999995583,effect_15-20
3307,547,STR,ACB,0,0.0,0,0.0,1097,0.0,190.83530999995583,effect_15-20
3308,548,STR,ACB,0,0.0,0,0.0,7,0.0,190.83530999995583,effect_15-20
3309,549,STR,ACB,12,0.0628814447389363,39,3.25,3055,0.01276595744680851,190.83530999995583,effect_15-20
3310,550,STR,ACB,0,0.0,0,0.0,8,0.0,190.83530999995583,effect_15-20
3311,553,STR,ACB,4,0.020960481579645432,13,3.25,1842,0.007057546145494028,190.83530999995583,effect_15-20
3312,556,STR,ACB,0,0.0,0,0.0,67,0.0,190.83530999995583,effect_15-20
3313,558,STR,ACB,26,0.13624313026769533,87,3.3461538461538463,1325,0.06566037735849056,190.83530999995583,effect_15-20
3314,559,STR,ACB,4,0.020960481579645432,17,4.25,570,0.02982456140350877,190.83530999995583,effect_15-20
3315,560,STR,ACB,8,0.041920963159290864,25,3.125,590,0.0423728813559322,190.83530999995583,effect_15-20
3316,562,STR,ACB,3,0.015720361184734074,11,3.6666666666666665,140,0.07857142857142857,190.83530999995583,effect_15-20
3317,563,STR,ACB,0,0.0,0,0.0,2,0.0,190.83530999995583,effect_15-20
3318,564,STR,ACB,18,0.09432216710840445,59,3.2777777777777777,1268,0.04652996845425868,190.83530999995583,effect_15-20
3319,565,STR,ACB,7,0.03668084276437951,26,3.7142857142857144,467,0.055674518201284794,190.83530999995583,effect_15-20
3320,566,STR,ACB,1,0.005240120394911358,3,3.0,387,0.007751937984496124,190.83530999995583,effect_15-20
3321,567,STR,ACB,11,0.05764132434402494,36,3.272727272727273,1801,0.019988895058300944,190.83530999995583,effect_15-20
3322,568,STR,ACB,1,0.005240120394911358,3,3.0,52,0.057692307692307696,190.83530999995583,effect_15-20
3323,571,STR,ACB,37,0.19388445461172027,124,3.3513513513513513,2196,0.056466302367941715,190.83530999995583,effect_15-20
3324,573,STR,ACB,0,0.0,0,0.0,1,0.0,190.83530999995583,effect_15-20
3325,575,STR,ACB,1,0.005240120394911358,9,9.0,140,0.06428571428571428,190.83530999995583,effect_15-20
3326,576,STR,ACB,0,0.0,0,0.0,427,0.0,190.83530999995583,effect_15-20
3327,577,STR,ACB,1,0.005240120394911358,3,3.0,2022,0.001483679525222552,190.83530999995583,effect_15-20
3328,578,STR,ACB,0,0.0,0,0.0,16,0.0,190.83530999995583,effect_15-20
3329,579,STR,ACB,25,0.13100300987278396,81,3.24,1803,0.04492512479201331,190.83530999995583,effect_15-20
3330,582,STR,STR,0,0.0,0,0.0,424,0.0,190.83530999995583,effect_15-20
3331,583,STR,STR,0,0.0,0,0.0,596,0.0,190.83530999995583,effect_15-20
3332,584,STR,STR,0,0.0,0,0.0,574,0.0,190.83530999995583,effect_15-20
3333,586,STR,STR,0,0.0,0,0.0,582,0.0,190.83530999995583,effect_15-20
3334,587,Other,OLF,0,0.0,0,0.0,823,0.0,190.83530999995583,effect_15-20
3335,588,Other,OLF,1,0.005240120394911358,3,3.0,2544,0.0011792452830188679,190.83530999995583,effect_15-20
3336,592,Other,OLF,1,0.005240120394911358,3,3.0,1142,0.002626970227670753,190.83530999995583,effect_15-20
3337,593,Other,OLF,0,0.0,0,0.0,484,0.0,190.83530999995583,effect_15-20
3338,594,Other,OLF,0,0.0,0,0.0,1503,0.0,190.83530999995583,effect_15-20
3339,596,Other,OLF,0,0.0,0,0.0,1392,0.0,190.83530999995583,effect_15-20
3340,598,Other,OLF,0,0.0,0,0.0,7,0.0,190.83530999995583,effect_15-20
3341,599,Other,OLF,0,0.0,0,0.0,198,0.0,190.83530999995583,effect_15-20
3342,600,Other,OLF,0,0.0,0,0.0,3271,0.0,190.83530999995583,effect_15-20
3343,612,Other,OLF,1,0.005240120394911358,3,3.0,179,0.01675977653631285,190.83530999995583,effect_15-20
3344,616,Other,OLF,0,0.0,0,0.0,8,0.0,190.83530999995583,effect_15-20
3345,620,Other,OLF,2,0.010480240789822716,9,4.5,1050,0.008571428571428572,190.83530999995583,effect_15-20
3346,621,Other,OLF,0,0.0,0,0.0,511,0.0,190.83530999995583,effect_15-20
3347,622,Other,ORBl6a,0,0.0,0,0.0,103,0.0,190.83530999995583,effect_15-20
3348,623,Other,ORBl5,0,0.0,0,0.0,687,0.0,190.83530999995583,effect_15-20
3349,624,Other,ORBl6a,1,0.005240120394911358,3,3.0,1032,0.0029069767441860465,190.83530999995583,effect_15-20
3350,627,Other,ORBl5,1,0.005240120394911358,3,3.0,435,0.006896551724137931,190.83530999995583,effect_15-20
3351,628,Other,ORBl5,1,0.005240120394911358,3,3.0,17,0.17647058823529413,190.83530999995583,effect_15-20
3352,632,Other,ORBl5,4,0.020960481579645432,12,3.0,2048,0.005859375,190.83530999995583,effect_15-20
3353,633,Other,ORBl5,1,0.005240120394911358,3,3.0,777,0.003861003861003861,190.83530999995583,effect_15-20
3354,634,Other,ORBl5,0,0.0,0,0.0,9,0.0,190.83530999995583,effect_15-20
3355,635,Other,ORBl5,0,0.0,0,0.0,44,0.0,190.83530999995583,effect_15-20
3356,636,Other,ORBl5,1,0.005240120394911358,3,3.0,104,0.028846153846153848,190.83530999995583,effect_15-20
3357,639,Other,ORBl5,0,0.0,0,0.0,643,0.0,190.83530999995583,effect_15-20
3358,640,Other,ORBl5,1,0.005240120394911358,3,3.0,1007,0.0029791459781529296,190.83530999995583,effect_15-20
3359,641,Other,ORBl5,0,0.0,0,0.0,1031,0.0,190.83530999995583,effect_15-20
3360,642,Other,ORBl5,0,0.0,0,0.0,5,0.0,190.83530999995583,effect_15-20
3361,643,Other,ORBl5,2,0.010480240789822716,7,3.5,488,0.014344262295081968,190.83530999995583,effect_15-20
3362,644,Other,ORBl5,0,0.0,0,0.0,795,0.0,190.83530999995583,effect_15-20
3363,646,Other,ORBl5,5,0.02620060197455679,23,4.6,1634,0.014075887392900856,190.83530999995583,effect_15-20
3364,648,Other,ORBl5,0,0.0,0,0.0,192,0.0,190.83530999995583,effect_15-20
3365,650,Other,ORBl5,0,0.0,0,0.0,225,0.0,190.83530999995583,effect_15-20
3366,651,Other,ORBl5,0,0.0,0,0.0,499,0.0,190.83530999995583,effect_15-20
3367,652,Other,ORBl5,0,0.0,0,0.0,2703,0.0,190.83530999995583,effect_15-20
3368,657,Other,ORBl5,4,0.020960481579645432,15,3.75,695,0.02158273381294964,190.83530999995583,effect_15-20
3369,658,Other,ORBl5,0,0.0,0,0.0,91,0.0,190.83530999995583,effect_15-20
3370,661,Other,ORBl5,0,0.0,0,0.0,346,0.0,190.83530999995583,effect_15-20
3371,662,Other,ORBl5,106,0.555452761860604,469,4.4245283018867925,1385,0.3386281588447653,190.83530999995583,effect_15-20
3372,663,Other,ORBl5,8,0.041920963159290864,28,3.5,224,0.125,190.83530999995583,effect_15-20
3373,664,Other,ORBl5,4,0.020960481579645432,25,6.25,449,0.0556792873051225,190.83530999995583,effect_15-20
3374,665,Other,ORBl5,8,0.041920963159290864,30,3.75,1335,0.02247191011235955,190.83530999995583,effect_15-20
3375,666,Other,ORBl5,0,0.0,0,0.0,1037,0.0,190.83530999995583,effect_15-20
3376,669,Other,ORBl6a,0,0.0,0,0.0,1989,0.0,190.83530999995583,effect_15-20
3377,671,Other,ORBl5,0,0.0,0,0.0,338,0.0,190.83530999995583,effect_15-20
3378,673,Other,ORBl5,0,0.0,0,0.0,534,0.0,190.83530999995583,effect_15-20
3379,677,Other,ORBl5,1,0.005240120394911358,4,4.0,882,0.0045351473922902496,190.83530999995583,effect_15-20
3380,678,Other,ORBl5,0,0.0,0,0.0,66,0.0,190.83530999995583,effect_15-20
3381,679,Other,ORBl5,0,0.0,0,0.0,281,0.0,190.83530999995583,effect_15-20
3382,681,Other,ORBl6a,0,0.0,0,0.0,279,0.0,190.83530999995583,effect_15-20
3383,684,Other,ORBl6a,0,0.0,0,0.0,505,0.0,190.83530999995583,effect_15-20
3384,685,Other,ORBl6a,8,0.041920963159290864,30,3.75,966,0.031055900621118012,190.83530999995583,effect_15-20
3385,688,Other,ORBl6a,0,0.0,0,0.0,364,0.0,190.83530999995583,effect_15-20
3386,689,Other,ORBl6a,14,0.07336168552875902,57,4.071428571428571,455,0.12527472527472527,190.83530999995583,effect_15-20
3387,690,Other,ORBl6a,0,0.0,0,0.0,267,0.0,190.83530999995583,effect_15-20
3388,692,Other,ORBl6a,3,0.015720361184734074,10,3.3333333333333335,335,0.029850746268656716,190.83530999995583,effect_15-20
3389,694,Other,ORBl6a,0,0.0,0,0.0,167,0.0,190.83530999995583,effect_15-20
3390,696,Other,ORBl6a,2,0.010480240789822716,8,4.0,1816,0.004405286343612335,190.83530999995583,effect_15-20
3391,698,Other,ORBl6a,0,0.0,0,0.0,140,0.0,190.83530999995583,effect_15-20
3392,700,Other,ORBl6a,0,0.0,0,0.0,46,0.0,190.83530999995583,effect_15-20
3393,701,Other,ORBl6a,3,0.015720361184734074,10,3.3333333333333335,1146,0.008726003490401396,190.83530999995583,effect_15-20
3394,703,Other,ORBl6a,0,0.0,0,0.0,20,0.0,190.83530999995583,effect_15-20
3395,706,Other,ORBl6a,0,0.0,0,0.0,5,0.0,190.83530999995583,effect_15-20
3396,707,Other,ORBl6a,0,0.0,0,0.0,29,0.0,190.83530999995583,effect_15-20
3397,709,Other,ORBl6a,4,0.020960481579645432,19,4.75,1315,0.014448669201520912,190.83530999995583,effect_15-20
3398,710,Other,ORBl6a,0,0.0,0,0.0,221,0.0,190.83530999995583,effect_15-20
3399,711,Other,ORBl6a,0,0.0,0,0.0,85,0.0,190.83530999995583,effect_15-20
3400,712,Other,ORBl6a,0,0.0,0,0.0,2976,0.0,190.83530999995583,effect_15-20
3401,714,Other,ORBl6a,0,0.0,0,0.0,2975,0.0,190.83530999995583,effect_15-20
3402,715,Other,ORBl6a,1,0.005240120394911358,3,3.0,446,0.006726457399103139,190.83530999995583,effect_15-20
3403,718,Other,ORBl6a,2,0.010480240789822716,6,3.0,671,0.00894187779433681,190.83530999995583,effect_15-20
3404,719,Other,ORBl6a,0,0.0,0,0.0,349,0.0,190.83530999995583,effect_15-20
3405,720,Other,ORBl6a,38,0.1991245750066316,163,4.2894736842105265,2057,0.0792416140009723,190.83530999995583,effect_15-20
3406,721,Other,ORBl6a,2,0.010480240789822716,11,5.5,633,0.017377567140600316,190.83530999995583,effect_15-20
3407,725,Other,ORBl6a,2,0.010480240789822716,6,3.0,41,0.14634146341463414,190.83530999995583,effect_15-20
3408,726,Other,ORBl6a,0,0.0,0,0.0,474,0.0,190.83530999995583,effect_15-20
3409,727,Other,ORBl6a,0,0.0,0,0.0,262,0.0,190.83530999995583,effect_15-20
3410,728,Other,ORBl6a,11,0.05764132434402494,37,3.3636363636363638,1285,0.028793774319066146,190.83530999995583,effect_15-20
3411,729,Other,ORBl6a,1,0.005240120394911358,3,3.0,84,0.03571428571428571,190.83530999995583,effect_15-20
3412,730,Other,ORBl6a,0,0.0,0,0.0,373,0.0,190.83530999995583,effect_15-20
3413,734,Other,ORBl6a,4,0.020960481579645432,12,3.0,421,0.028503562945368172,190.83530999995583,effect_15-20
3414,735,Other,ORBl6a,0,0.0,0,0.0,78,0.0,190.83530999995583,effect_15-20
3415,736,Other,ORBl6a,0,0.0,0,0.0,55,0.0,190.83530999995583,effect_15-20
3416,738,Other,ORBl6b,0,0.0,0,0.0,48,0.0,190.83530999995583,effect_15-20
3417,740,Other,ORBl6b,0,0.0,0,0.0,519,0.0,190.83530999995583,effect_15-20
3418,744,Other,ORBl6b,0,0.0,0,0.0,21,0.0,190.83530999995583,effect_15-20
3419,746,Other,scwm,0,0.0,0,0.0,257,0.0,190.83530999995583,effect_15-20
3420,747,Other,ORBl6b,0,0.0,0,0.0,11,0.0,190.83530999995583,effect_15-20
3421,753,Other,scwm,0,0.0,0,0.0,5,0.0,190.83530999995583,effect_15-20
3422,755,Other,scwm,0,0.0,0,0.0,2824,0.0,190.83530999995583,effect_15-20
3423,756,Other,scwm,0,0.0,0,0.0,335,0.0,190.83530999995583,effect_15-20
3424,758,Other,ORBl6b,0,0.0,0,0.0,24,0.0,190.83530999995583,effect_15-20
3425,760,Other,ORBl6b,1,0.005240120394911358,3,3.0,79,0.0379746835443038,190.83530999995583,effect_15-20
3426,761,Other,ORBl6b,0,0.0,0,0.0,207,0.0,190.83530999995583,effect_15-20
3427,762,Other,ORBl6b,0,0.0,0,0.0,54,0.0,190.83530999995583,effect_15-20
3428,764,Other,AId6a,0,0.0,0,0.0,63,0.0,190.83530999995583,effect_15-20
3429,765,Other,AId6a,0,0.0,0,0.0,172,0.0,190.83530999995583,effect_15-20
3430,768,Other,AId6a,0,0.0,0,0.0,132,0.0,190.83530999995583,effect_15-20
3431,769,Other,AId6a,13,0.06812156513384766,40,3.076923076923077,2177,0.018373909049150206,190.83530999995583,effect_15-20
3432,771,Other,AId6a,2,0.010480240789822716,9,4.5,242,0.0371900826446281,190.83530999995583,effect_15-20
3433,773,Other,AId6a,0,0.0,0,0.0,48,0.0,190.83530999995583,effect_15-20
3434,779,Motor,MOs6a,0,0.0,0,0.0,3,0.0,190.83530999995583,effect_15-20
3435,780,Other,AId6a,6,0.03144072236946815,18,3.0,470,0.03829787234042553,190.83530999995583,effect_15-20
3436,781,Motor,MOs6a,0,0.0,0,0.0,787,0.0,190.83530999995583,effect_15-20
3437,784,Motor,MOs6a,0,0.0,0,0.0,331,0.0,190.83530999995583,effect_15-20
3438,787,Motor,MOs6a,4,0.020960481579645432,23,5.75,1587,0.014492753623188406,190.83530999995583,effect_15-20
3439,788,Motor,MOs6a,0,0.0,0,0.0,269,0.0,190.83530999995583,effect_15-20
3440,792,Motor,MOs6a,4,0.020960481579645432,12,3.0,2002,0.005994005994005994,190.83530999995583,effect_15-20
3441,796,Motor,MOs6a,0,0.0,0,0.0,6,0.0,190.83530999995583,effect_15-20
3442,798,Motor,MOs6a,1,0.005240120394911358,3,3.0,269,0.011152416356877323,190.83530999995583,effect_15-20
3443,799,Motor,MOs6a,0,0.0,0,0.0,24,0.0,190.83530999995583,effect_15-20
3444,803,Motor,MOs6a,0,0.0,0,0.0,1166,0.0,190.83530999995583,effect_15-20
3445,804,Motor,MOs6a,0,0.0,0,0.0,333,0.0,190.83530999995583,effect_15-20
3446,808,Motor,MOs6a,1,0.005240120394911358,3,3.0,906,0.0033112582781456954,190.83530999995583,effect_15-20
3447,809,Motor,MOs6a,1,0.005240120394911358,3,3.0,935,0.0032085561497326204,190.83530999995583,effect_15-20
3448,816,Motor,MOs6a,2,0.010480240789822716,6,3.0,905,0.0066298342541436465,190.83530999995583,effect_15-20
3449,817,Motor,MOs6a,0,0.0,0,0.0,1193,0.0,190.83530999995583,effect_15-20
3450,818,Motor,MOs6a,1,0.005240120394911358,3,3.0,549,0.00546448087431694,190.83530999995583,effect_15-20
3451,826,Motor,MOs6a,0,0.0,0,0.0,378,0.0,190.83530999995583,effect_15-20
3452,827,Motor,MOs6a,7,0.03668084276437951,32,4.571428571428571,2525,0.012673267326732674,190.83530999995583,effect_15-20
3453,828,Motor,MOs6a,8,0.041920963159290864,29,3.625,1746,0.016609392898052692,190.83530999995583,effect_15-20
3454,829,Motor,MOs6a,0,0.0,0,0.0,709,0.0,190.83530999995583,effect_15-20
3455,830,Motor,MOs6a,2,0.010480240789822716,6,3.0,439,0.01366742596810934,190.83530999995583,effect_15-20
3456,832,Motor,MOs6a,0,0.0,0,0.0,905,0.0,190.83530999995583,effect_15-20
3457,834,Motor,MOs6a,0,0.0,0,0.0,258,0.0,190.83530999995583,effect_15-20
3458,839,Motor,MOs5,0,0.0,0,0.0,547,0.0,190.83530999995583,effect_15-20
3459,840,Motor,MOs5,3,0.015720361184734074,9,3.0,279,0.03225806451612903,190.83530999995583,effect_15-20
3460,845,Motor,MOs5,6,0.03144072236946815,28,4.666666666666667,479,0.05845511482254697,190.83530999995583,effect_15-20
3461,849,Motor,MOs5,2,0.010480240789822716,11,5.5,1112,0.009892086330935251,190.83530999995583,effect_15-20
3462,854,Motor,MOs5,0,0.0,0,0.0,14,0.0,190.83530999995583,effect_15-20
3463,857,Motor,MOs5,1,0.005240120394911358,3,3.0,2474,0.0012126111560226355,190.83530999995583,effect_15-20
3464,859,Motor,MOs5,16,0.08384192631858173,57,3.5625,708,0.08050847457627118,190.83530999995583,effect_15-20
3465,861,Motor,MOs5,11,0.05764132434402494,43,3.909090909090909,1269,0.0338849487785658,190.83530999995583,effect_15-20
3466,862,Motor,MOs5,7,0.03668084276437951,27,3.857142857142857,225,0.12,190.83530999995583,effect_15-20
3467,864,Motor,MOs5,0,0.0,0,0.0,1149,0.0,190.83530999995583,effect_15-20
3468,868,Motor,MOp5,2,0.010480240789822716,6,3.0,3075,0.001951219512195122,190.83530999995583,effect_15-20
3469,869,Motor,MOp5,0,0.0,0,0.0,1609,0.0,190.83530999995583,effect_15-20
3470,873,Motor,MOp5,0,0.0,0,0.0,333,0.0,190.83530999995583,effect_15-20
3471,874,Motor,MOp5,1,0.005240120394911358,3,3.0,1211,0.002477291494632535,190.83530999995583,effect_15-20
3472,875,Motor,MOp5,6,0.03144072236946815,18,3.0,514,0.03501945525291829,190.83530999995583,effect_15-20
3473,876,Motor,MOp5,0,0.0,0,0.0,194,0.0,190.83530999995583,effect_15-20
3474,878,Motor,MOs5,1,0.005240120394911358,4,4.0,1343,0.0029784065524944155,190.83530999995583,effect_15-20
3475,881,Motor,MOp5,0,0.0,0,0.0,1233,0.0,190.83530999995583,effect_15-20
3476,882,Motor,MOs5,1,0.005240120394911358,3,3.0,435,0.006896551724137931,190.83530999995583,effect_15-20
3477,883,Motor,MOs5,0,0.0,0,0.0,829,0.0,190.83530999995583,effect_15-20
3478,884,Motor,MOs5,0,0.0,0,0.0,1941,0.0,190.83530999995583,effect_15-20
3479,887,Motor,MOp5,0,0.0,0,0.0,227,0.0,190.83530999995583,effect_15-20
3480,891,Motor,MOp5,0,0.0,0,0.0,275,0.0,190.83530999995583,effect_15-20
3481,892,Motor,MOp5,0,0.0,0,0.0,135,0.0,190.83530999995583,effect_15-20
3482,893,Motor,MOp5,1,0.005240120394911358,3,3.0,269,0.011152416356877323,190.83530999995583,effect_15-20
3483,894,Motor,MOp5,0,0.0,0,0.0,11,0.0,190.83530999995583,effect_15-20
3484,895,Motor,MOp5,3,0.015720361184734074,11,3.6666666666666665,2005,0.005486284289276808,190.83530999995583,effect_15-20
3485,897,Motor,MOp5,0,0.0,0,0.0,11,0.0,190.83530999995583,effect_15-20
3486,898,Motor,MOp5,0,0.0,0,0.0,43,0.0,190.83530999995583,effect_15-20
3487,899,Motor,MOp5,0,0.0,0,0.0,410,0.0,190.83530999995583,effect_15-20
3488,900,Motor,MOp5,0,0.0,0,0.0,45,0.0,190.83530999995583,effect_15-20
3489,906,Motor,MOp5,0,0.0,0,0.0,288,0.0,190.83530999995583,effect_15-20
3490,907,Motor,MOp2/3,0,0.0,0,0.0,183,0.0,190.83530999995583,effect_15-20
3491,909,Motor,MOp5,1,0.005240120394911358,3,3.0,265,0.011320754716981131,190.83530999995583,effect_15-20
3492,910,Motor,MOp5,0,0.0,0,0.0,532,0.0,190.83530999995583,effect_15-20
3493,911,Motor,MOp2/3,0,0.0,0,0.0,132,0.0,190.83530999995583,effect_15-20
3494,913,Motor,MOp5,0,0.0,0,0.0,321,0.0,190.83530999995583,effect_15-20
3495,914,Motor,MOp2/3,1,0.005240120394911358,3,3.0,690,0.004347826086956522,190.83530999995583,effect_15-20
3496,915,Motor,MOp2/3,1,0.005240120394911358,3,3.0,1126,0.0026642984014209592,190.83530999995583,effect_15-20
3497,920,Motor,MOp2/3,0,0.0,0,0.0,733,0.0,190.83530999995583,effect_15-20
3498,921,Motor,MOp2/3,0,0.0,0,0.0,467,0.0,190.83530999995583,effect_15-20
3499,922,Motor,MOp2/3,0,0.0,0,0.0,497,0.0,190.83530999995583,effect_15-20
3500,924,Motor,MOp2/3,82,0.4296898723827314,398,4.853658536585366,982,0.40529531568228105,190.83530999995583,effect_15-20
3501,926,Motor,MOp2/3,357,1.870722980983355,2760,7.73109243697479,11109,0.2484472049689441,190.83530999995583,effect_15-20
3502,927,Motor,MOp2/3,4,0.020960481579645432,12,3.0,267,0.0449438202247191,190.83530999995583,effect_15-20
3503,930,Motor,MOp2/3,9,0.047161083554202225,36,4.0,143,0.2517482517482518,190.83530999995583,effect_15-20
3504,932,Motor,MOp2/3,0,0.0,0,0.0,69,0.0,190.83530999995583,effect_15-20
3505,934,Motor,MOp2/3,0,0.0,0,0.0,0,0.0,190.83530999995583,effect_15-20
3506,935,Motor,MOp2/3,5,0.02620060197455679,29,5.8,378,0.07671957671957672,190.83530999995583,effect_15-20
3507,936,Motor,MOp2/3,0,0.0,0,0.0,453,0.0,190.83530999995583,effect_15-20
3508,937,Motor,MOp2/3,0,0.0,0,0.0,361,0.0,190.83530999995583,effect_15-20
3509,939,Motor,MOp2/3,0,0.0,0,0.0,297,0.0,190.83530999995583,effect_15-20
3510,940,Motor,MOp2/3,0,0.0,0,0.0,285,0.0,190.83530999995583,effect_15-20
3511,941,Motor,MOp2/3,4,0.020960481579645432,13,3.25,1217,0.010682004930156122,190.83530999995583,effect_15-20
3512,945,Motor,MOp2/3,0,0.0,0,0.0,101,0.0,190.83530999995583,effect_15-20
3513,946,Motor,MOp2/3,4,0.020960481579645432,12,3.0,120,0.1,190.83530999995583,effect_15-20
3514,950,Motor,MOp2/3,0,0.0,0,0.0,485,0.0,190.83530999995583,effect_15-20
3515,951,Motor,MOp2/3,4,0.020960481579645432,13,3.25,379,0.03430079155672823,190.83530999995583,effect_15-20
3516,953,Motor,MOp2/3,3,0.015720361184734074,9,3.0,260,0.03461538461538462,190.83530999995583,effect_15-20
3517,954,Motor,MOp2/3,6,0.03144072236946815,19,3.1666666666666665,286,0.06643356643356643,190.83530999995583,effect_15-20
3518,957,Motor,MOp2/3,0,0.0,0,0.0,12,0.0,190.83530999995583,effect_15-20
3519,962,Motor,MOp2/3,12,0.0628814447389363,41,3.4166666666666665,593,0.06913996627318718,190.83530999995583,effect_15-20
3520,963,Motor,MOp2/3,4,0.020960481579645432,13,3.25,582,0.022336769759450172,190.83530999995583,effect_15-20
3521,966,Motor,MOp2/3,0,0.0,0,0.0,93,0.0,190.83530999995583,effect_15-20
3522,967,Motor,MOp2/3,4,0.020960481579645432,14,3.5,435,0.03218390804597701,190.83530999995583,effect_15-20
3523,968,Motor,MOp2/3,21,0.11004252829313853,72,3.4285714285714284,525,0.13714285714285715,190.83530999995583,effect_15-20
3524,972,Motor,MOp2/3,1,0.005240120394911358,3,3.0,392,0.007653061224489796,190.83530999995583,effect_15-20
3525,978,Motor,MOp2/3,0,0.0,0,0.0,527,0.0,190.83530999995583,effect_15-20
3526,982,Motor,MOp2/3,1,0.005240120394911358,3,3.0,456,0.006578947368421052,190.83530999995583,effect_15-20
3527,986,Motor,MOp1,30,0.15720361184734075,96,3.2,821,0.11693057247259439,190.83530999995583,effect_15-20
3528,991,STR,ACB,0,0.0,0,0.0,89,0.0,190.83530999995583,effect_15-20
3529,992,STR,ACB,16,0.08384192631858173,56,3.5,1321,0.04239212717638153,190.83530999995583,effect_15-20
3530,993,STR,ACB,1,0.005240120394911358,3,3.0,494,0.006072874493927126,190.83530999995583,effect_15-20
3531,995,STR,ACB,1,0.005240120394911358,3,3.0,32,0.09375,190.83530999995583,effect_15-20
3532,997,STR,ACB,34,0.1781640934269862,107,3.1470588235294117,1994,0.05366098294884654,190.83530999995583,effect_15-20
3533,1000,STR,ACB,1,0.005240120394911358,3,3.0,46,0.06521739130434782,190.83530999995583,effect_15-20
3534,1001,STR,ACB,0,0.0,0,0.0,5,0.0,190.83530999995583,effect_15-20
3535,1003,STR,ACB,1,0.005240120394911358,3,3.0,94,0.031914893617021274,190.83530999995583,effect_15-20
3536,1006,STR,ACB,1,0.005240120394911358,3,3.0,11,0.2727272727272727,190.83530999995583,effect_15-20
3537,1007,STR,ACB,0,0.0,0,0.0,111,0.0,190.83530999995583,effect_15-20
3538,1013,STR,ACB,0,0.0,0,0.0,10,0.0,190.83530999995583,effect_15-20
3539,1014,STR,ACB,0,0.0,0,0.0,3,0.0,190.83530999995583,effect_15-20
3540,1015,STR,ACB,0,0.0,0,0.0,3,0.0,190.83530999995583,effect_15-20
3541,1020,STR,ACB,0,0.0,0,0.0,218,0.0,190.83530999995583,effect_15-20
3542,1021,STR,ACB,0,0.0,0,0.0,77,0.0,190.83530999995583,effect_15-20
3543,1022,STR,ACB,9,0.047161083554202225,27,3.0,918,0.029411764705882353,190.83530999995583,effect_15-20
3544,1023,STR,ACB,0,0.0,0,0.0,7,0.0,190.83530999995583,effect_15-20
3545,1024,Other,OLF,0,0.0,0,0.0,15,0.0,190.83530999995583,effect_15-20
3546,1025,Other,OLF,0,0.0,0,0.0,10,0.0,190.83530999995583,effect_15-20
3547,1026,Other,OLF,0,0.0,0,0.0,1237,0.0,190.83530999995583,effect_15-20
3548,1027,Other,OLF,0,0.0,0,0.0,176,0.0,190.83530999995583,effect_15-20
3549,1028,Other,OLF,0,0.0,0,0.0,13,0.0,190.83530999995583,effect_15-20
3550,1032,Other,OLF,0,0.0,0,0.0,13,0.0,190.83530999995583,effect_15-20
3551,1033,Other,OLF,1,0.005240120394911358,3,3.0,409,0.007334963325183374,190.83530999995583,effect_15-20
3552,1035,Other,ORBl5,0,0.0,0,0.0,1313,0.0,190.83530999995583,effect_15-20
3553,1038,Other,ORBl5,0,0.0,0,0.0,491,0.0,190.83530999995583,effect_15-20
3554,1039,Other,ORBl5,1,0.005240120394911358,3,3.0,66,0.045454545454545456,190.83530999995583,effect_15-20
3555,1042,Other,ORBl5,0,0.0,0,0.0,276,0.0,190.83530999995583,effect_15-20
3556,1045,Other,ORBl5,2,0.010480240789822716,6,3.0,180,0.03333333333333333,190.83530999995583,effect_15-20
3557,1047,Other,ORBl5,0,0.0,0,0.0,124,0.0,190.83530999995583,effect_15-20
3558,1049,Other,ORBl5,6,0.03144072236946815,20,3.3333333333333335,1070,0.018691588785046728,190.83530999995583,effect_15-20
3559,1052,Other,ORBl6a,1,0.005240120394911358,3,3.0,36,0.08333333333333333,190.83530999995583,effect_15-20
3560,1054,Other,ORBl6a,0,0.0,0,0.0,19,0.0,190.83530999995583,effect_15-20
3561,1058,Other,ORBl6a,0,0.0,0,0.0,13,0.0,190.83530999995583,effect_15-20
3562,1059,Other,ORBl6a,0,0.0,0,0.0,166,0.0,190.83530999995583,effect_15-20
3563,1060,Other,ORBl6a,0,0.0,0,0.0,400,0.0,190.83530999995583,effect_15-20
3564,1063,Other,ORBl6a,0,0.0,0,0.0,272,0.0,190.83530999995583,effect_15-20
3565,1064,Other,ORBl6a,0,0.0,0,0.0,92,0.0,190.83530999995583,effect_15-20
3566,1067,Other,ORBl6a,0,0.0,0,0.0,487,0.0,190.83530999995583,effect_15-20
3567,1068,Other,ORBl6a,0,0.0,0,0.0,72,0.0,190.83530999995583,effect_15-20
3568,1069,Other,ORBl6a,2,0.010480240789822716,8,4.0,1154,0.006932409012131715,190.83530999995583,effect_15-20
3569,1070,Other,ORBl6a,1,0.005240120394911358,4,4.0,161,0.024844720496894408,190.83530999995583,effect_15-20
3570,1071,Other,ORBl6a,0,0.0,0,0.0,2141,0.0,190.83530999995583,effect_15-20
3571,1072,Other,ORBl6a,0,0.0,0,0.0,26,0.0,190.83530999995583,effect_15-20
3572,1073,Other,ORBl6a,0,0.0,0,0.0,4,0.0,190.83530999995583,effect_15-20
3573,1074,Other,ORBl6a,1,0.005240120394911358,4,4.0,40,0.1,190.83530999995583,effect_15-20
3574,1076,Other,ORBl6a,0,0.0,0,0.0,114,0.0,190.83530999995583,effect_15-20
3575,1078,Other,ORBl6b,0,0.0,0,0.0,193,0.0,190.83530999995583,effect_15-20
3576,1079,Other,ORBl6b,0,0.0,0,0.0,387,0.0,190.83530999995583,effect_15-20
3577,1080,Other,ORBl6b,0,0.0,0,0.0,1,0.0,190.83530999995583,effect_15-20
3578,1081,Other,ORBl6b,0,0.0,0,0.0,65,0.0,190.83530999995583,effect_15-20
3579,1082,Other,ORBl6b,0,0.0,0,0.0,12,0.0,190.83530999995583,effect_15-20
3580,1083,Other,ORBl6b,0,0.0,0,0.0,18,0.0,190.83530999995583,effect_15-20
3581,1084,Other,scwm,0,0.0,0,0.0,46,0.0,190.83530999995583,effect_15-20
3582,1085,Other,scwm,0,0.0,0,0.0,8,0.0,190.83530999995583,effect_15-20
3583,1087,Other,scwm,0,0.0,0,0.0,383,0.0,190.83530999995583,effect_15-20
3584,1089,Other,AId6a,2,0.010480240789822716,7,3.5,1291,0.005422153369481022,190.83530999995583,effect_15-20
3585,1090,Other,AId6a,0,0.0,0,0.0,117,0.0,190.83530999995583,effect_15-20
3586,1092,Other,AId6a,0,0.0,0,0.0,187,0.0,190.83530999995583,effect_15-20
3587,1094,Motor,MOs6a,0,0.0,0,0.0,18,0.0,190.83530999995583,effect_15-20
3588,1095,Motor,MOs6a,0,0.0,0,0.0,1,0.0,190.83530999995583,effect_15-20
3589,1096,Motor,MOs6a,0,0.0,0,0.0,125,0.0,190.83530999995583,effect_15-20
3590,1097,Motor,MOs6a,0,0.0,0,0.0,119,0.0,190.83530999995583,effect_15-20
3591,1100,Motor,MOs6a,0,0.0,0,0.0,24,0.0,190.83530999995583,effect_15-20
3592,1103,Motor,MOs6a,0,0.0,0,0.0,60,0.0,190.83530999995583,effect_15-20
3593,1113,Motor,MOs6a,0,0.0,0,0.0,691,0.0,190.83530999995583,effect_15-20
3594,1114,Motor,MOs5,0,0.0,0,0.0,1187,0.0,190.83530999995583,effect_15-20
3595,1116,Motor,MOs5,3,0.015720361184734074,13,4.333333333333333,486,0.026748971193415638,190.83530999995583,effect_15-20
3596,1117,Motor,MOs5,6,0.03144072236946815,23,3.8333333333333335,105,0.21904761904761905,190.83530999995583,effect_15-20
3597,1118,Motor,MOs5,0,0.0,0,0.0,239,0.0,190.83530999995583,effect_15-20
3598,1122,Motor,MOs5,2,0.010480240789822716,6,3.0,351,0.017094017094017096,190.83530999995583,effect_15-20
3599,1126,Motor,MOs5,0,0.0,0,0.0,123,0.0,190.83530999995583,effect_15-20
3600,1128,Motor,MOs5,0,0.0,0,0.0,115,0.0,190.83530999995583,effect_15-20
3601,1130,Motor,MOs5,3,0.015720361184734074,15,5.0,627,0.023923444976076555,190.83530999995583,effect_15-20
3602,1132,Motor,MOp5,0,0.0,0,0.0,210,0.0,190.83530999995583,effect_15-20
3603,1133,Motor,MOp5,1,0.005240120394911358,3,3.0,335,0.008955223880597015,190.83530999995583,effect_15-20
3604,1136,Motor,MOp5,0,0.0,0,0.0,387,0.0,190.83530999995583,effect_15-20
3605,1137,Motor,MOp5,0,0.0,0,0.0,58,0.0,190.83530999995583,effect_15-20
3606,1138,Motor,MOp2/3,0,0.0,0,0.0,193,0.0,190.83530999995583,effect_15-20
3607,1140,Motor,MOp2/3,0,0.0,0,0.0,446,0.0,190.83530999995583,effect_15-20
3608,1141,Motor,MOp2/3,1,0.005240120394911358,3,3.0,782,0.0038363171355498722,190.83530999995583,effect_15-20
3609,1142,Motor,MOp2/3,0,0.0,0,0.0,341,0.0,190.83530999995583,effect_15-20
3610,1143,Motor,MOp2/3,0,0.0,0,0.0,197,0.0,190.83530999995583,effect_15-20
3611,1148,Motor,MOp2/3,0,0.0,0,0.0,196,0.0,190.83530999995583,effect_15-20
3612,1150,STR,ACB,0,0.0,0,0.0,4,0.0,190.83530999995583,effect_15-20
3613,1158,STR,ACB,0,0.0,0,0.0,0,0.0,190.83530999995583,effect_15-20
3614,1159,STR,ACB,1,0.005240120394911358,3,3.0,229,0.013100436681222707,190.83530999995583,effect_15-20
3615,1160,Other,OLF,0,0.0,0,0.0,20,0.0,190.83530999995583,effect_15-20
3616,1161,Other,ORBl5,0,0.0,0,0.0,77,0.0,190.83530999995583,effect_15-20
3617,1162,Other,ORBl5,0,0.0,0,0.0,12,0.0,190.83530999995583,effect_15-20
3618,1164,Other,ORBl5,0,0.0,0,0.0,502,0.0,190.83530999995583,effect_15-20
3619,1166,Other,ORBl6a,1,0.005240120394911358,4,4.0,232,0.017241379310344827,190.83530999995583,effect_15-20
3620,1168,Other,ORBl6a,0,0.0,0,0.0,52,0.0,190.83530999995583,effect_15-20
3621,1169,Other,ORBl6a,0,0.0,0,0.0,230,0.0,190.83530999995583,effect_15-20
3622,1172,Other,ORBl6a,0,0.0,0,0.0,38,0.0,190.83530999995583,effect_15-20
3623,1173,Other,ORBl6a,0,0.0,0,0.0,62,0.0,190.83530999995583,effect_15-20
3624,1174,Other,ORBl6a,0,0.0,0,0.0,74,0.0,190.83530999995583,effect_15-20
3625,1175,Other,ORBl6a,0,0.0,0,0.0,14,0.0,190.83530999995583,effect_15-20
3626,1176,Other,ORBl6a,0,0.0,0,0.0,10,0.0,190.83530999995583,effect_15-20
3627,1178,Other,ORBl6b,0,0.0,0,0.0,295,0.0,190.83530999995583,effect_15-20
3628,1179,Other,ORBl6b,0,0.0,0,0.0,34,0.0,190.83530999995583,effect_15-20
3629,1180,Other,scwm,0,0.0,0,0.0,125,0.0,190.83530999995583,effect_15-20
3630,1183,Motor,MOs6a,0,0.0,0,0.0,74,0.0,190.83530999995583,effect_15-20
3631,1186,Motor,MOs5,3,0.015720361184734074,10,3.3333333333333335,1458,0.006858710562414266,190.83530999995583,effect_15-20
3632,1187,Motor,MOs5,0,0.0,0,0.0,67,0.0,190.83530999995583,effect_15-20
3633,1190,Motor,MOp5,0,0.0,0,0.0,281,0.0,190.83530999995583,effect_15-20
3634,1192,Other,ORBl5,0,0.0,0,0.0,28,0.0,190.83530999995583,effect_15-20
3635,1194,Other,ORBl6a,0,0.0,0,0.0,21,0.0,190.83530999995583,effect_15-20
3636,1195,Other,ORBl6a,0,0.0,0,0.0,182,0.0,190.83530999995583,effect_15-20
3637,1197,Other,ORBl6a,0,0.0,0,0.0,15,0.0,190.83530999995583,effect_15-20
3638,1200,STR,ACB,0,0.0,0,0.0,364,0.0,190.83530999995583,effect_15-20
3639,1201,STR,ACB,2,0.010480240789822716,6,3.0,809,0.007416563658838072,190.83530999995583,effect_15-20
3640,1202,STR,ACB,0,0.0,0,0.0,753,0.0,190.83530999995583,effect_15-20
3641,1203,Other,OLF,0,0.0,0,0.0,54,0.0,190.83530999995583,effect_15-20
3642,1205,Other,ORBl5,1,0.005240120394911358,3,3.0,2029,0.0014785608674223755,190.83530999995583,effect_15-20
3643,1208,Other,ORBl5,0,0.0,0,0.0,6,0.0,190.83530999995583,effect_15-20
3644,1209,Other,ORBl6a,0,0.0,0,0.0,957,0.0,190.83530999995583,effect_15-20
3645,1211,Other,ORBl6a,0,0.0,0,0.0,688,0.0,190.83530999995583,effect_15-20
3646,1212,Other,ORBl6a,0,0.0,0,0.0,5,0.0,190.83530999995583,effect_15-20
3647,1213,Other,ORBl6a,0,0.0,0,0.0,126,0.0,190.83530999995583,effect_15-20
3648,1214,Other,AId6a,0,0.0,0,0.0,738,0.0,190.83530999995583,effect_15-20
3649,1218,Motor,MOp5,1,0.005240120394911358,3,3.0,1134,0.0026455026455026454,190.83530999995583,effect_15-20
3650,1224,STR,ACB,0,0.0,0,0.0,126,0.0,190.83530999995583,effect_15-20
3651,1225,Other,ORBl6a,0,0.0,0,0.0,43,0.0,190.83530999995583,effect_15-20
3652,1226,Other,ORBl5,0,0.0,0,0.0,11,0.0,190.83530999995583,effect_15-20
3653,1228,Other,ORBl6a,0,0.0,0,0.0,63,0.0,190.83530999995583,effect_15-20
3654,0,Thalamus,PO,14,0.07426631380267053,28,2.0,1230,0.022764227642276424,188.51076999995894,effect_20-25
3655,2,Thalamus,PO,3,0.015914210100572257,6,2.0,1407,0.0042643923240938165,188.51076999995894,effect_20-25
3656,3,Thalamus,PO,13,0.06896157710247977,22,1.6923076923076923,617,0.03565640194489465,188.51076999995894,effect_20-25
3657,5,Thalamus,PO,9,0.04774263030171677,17,1.8888888888888888,1016,0.01673228346456693,188.51076999995894,effect_20-25
3658,7,Thalamus,PO,9,0.04774263030171677,20,2.2222222222222223,406,0.04926108374384237,188.51076999995894,effect_20-25
3659,8,Thalamus,PO,10,0.05304736700190752,22,2.2,214,0.102803738317757,188.51076999995894,effect_20-25
3660,9,Thalamus,PO,54,0.2864557818103006,106,1.962962962962963,1934,0.05480868665977249,188.51076999995894,effect_20-25
3661,10,Thalamus,PO,13,0.06896157710247977,19,1.4615384615384615,409,0.04645476772616137,188.51076999995894,effect_20-25
3662,13,Thalamus,PO,3,0.015914210100572257,4,1.3333333333333333,127,0.031496062992125984,188.51076999995894,effect_20-25
3663,16,Thalamus,PO,19,0.10078999730362428,38,2.0,459,0.08278867102396514,188.51076999995894,effect_20-25
3664,17,Thalamus,PO,7,0.037133156901335264,13,1.8571428571428572,449,0.028953229398663696,188.51076999995894,effect_20-25
3665,18,Thalamus,PO,16,0.08487578720305203,37,2.3125,807,0.04584882280049566,188.51076999995894,effect_20-25
3666,19,Thalamus,PO,11,0.05835210370209827,19,1.7272727272727273,438,0.04337899543378995,188.51076999995894,effect_20-25
3667,23,Thalamus,PO,16,0.08487578720305203,28,1.75,891,0.031425364758698095,188.51076999995894,effect_20-25
3668,25,Thalamus,PO,0,0.0,0,0.0,47,0.0,188.51076999995894,effect_20-25
3669,27,Thalamus,PO,0,0.0,0,0.0,130,0.0,188.51076999995894,effect_20-25
3670,28,Thalamus,PO,15,0.07957105050286128,25,1.6666666666666667,360,0.06944444444444445,188.51076999995894,effect_20-25
3671,29,Thalamus,PO,25,0.1326184175047688,55,2.2,1469,0.037440435670524165,188.51076999995894,effect_20-25
3672,31,Thalamus,PO,8,0.042437893601526014,14,1.75,573,0.02443280977312391,188.51076999995894,effect_20-25
3673,32,Thalamus,PO,26,0.13792315420495954,45,1.7307692307692308,525,0.08571428571428572,188.51076999995894,effect_20-25
3674,33,Thalamus,PO,11,0.05835210370209827,23,2.090909090909091,769,0.02990897269180754,188.51076999995894,effect_20-25
3675,34,Thalamus,PO,23,0.1220089441043873,42,1.826086956521739,1272,0.0330188679245283,188.51076999995894,effect_20-25
3676,35,Thalamus,PO,35,0.1856657845066763,75,2.142857142857143,2025,0.037037037037037035,188.51076999995894,effect_20-25
3677,36,Thalamus,PO,5,0.02652368350095376,8,1.6,1537,0.00520494469746259,188.51076999995894,effect_20-25
3678,38,Thalamus,PO,4,0.021218946800763007,6,1.5,343,0.01749271137026239,188.51076999995894,effect_20-25
3679,39,Thalamus,PO,3,0.015914210100572257,6,2.0,681,0.00881057268722467,188.51076999995894,effect_20-25
3680,40,Thalamus,PO,14,0.07426631380267053,32,2.2857142857142856,1047,0.030563514804202482,188.51076999995894,effect_20-25
3681,41,Thalamus,PO,14,0.07426631380267053,18,1.2857142857142858,1425,0.01263157894736842,188.51076999995894,effect_20-25
3682,42,Thalamus,PO,18,0.09548526060343354,32,1.7777777777777777,976,0.03278688524590164,188.51076999995894,effect_20-25
3683,43,Thalamus,PO,18,0.09548526060343354,40,2.2222222222222223,1517,0.026367831245880026,188.51076999995894,effect_20-25
3684,44,Thalamus,PO,32,0.16975157440610406,59,1.84375,1741,0.03388856978747846,188.51076999995894,effect_20-25
3685,46,Thalamus,PO,0,0.0,0,0.0,86,0.0,188.51076999995894,effect_20-25
3686,47,Thalamus,PO,18,0.09548526060343354,36,2.0,1073,0.033550792171481825,188.51076999995894,effect_20-25
3687,50,Thalamus,PO,82,0.43498840941564165,183,2.231707317073171,2499,0.07322929171668667,188.51076999995894,effect_20-25
3688,53,Thalamus,PO,19,0.10078999730362428,26,1.368421052631579,1136,0.022887323943661973,188.51076999995894,effect_20-25
3689,54,Thalamus,PO,15,0.07957105050286128,27,1.8,1418,0.01904090267983075,188.51076999995894,effect_20-25
3690,55,Thalamus,PO,42,0.2227989414080116,96,2.2857142857142856,1955,0.049104859335038366,188.51076999995894,effect_20-25
3691,56,Thalamus,PO,18,0.09548526060343354,40,2.2222222222222223,918,0.04357298474945534,188.51076999995894,effect_20-25
3692,57,Thalamus,PO,36,0.19097052120686708,70,1.9444444444444444,1628,0.042997542997543,188.51076999995894,effect_20-25
3693,58,Thalamus,PO,2,0.010609473400381503,3,1.5,994,0.0030181086519114686,188.51076999995894,effect_20-25
3694,59,Thalamus,PO,46,0.2440178882087746,112,2.4347826086956523,1044,0.10727969348659004,188.51076999995894,effect_20-25
3695,61,Thalamus,PO,27,0.1432278909051503,46,1.7037037037037037,1308,0.035168195718654434,188.51076999995894,effect_20-25
3696,62,Thalamus,PO,28,0.14853262760534106,63,2.25,1883,0.03345724907063197,188.51076999995894,effect_20-25
3697,64,Thalamus,PO,4,0.021218946800763007,5,1.25,2220,0.0022522522522522522,188.51076999995894,effect_20-25
3698,65,Thalamus,PO,59,0.31297946531125437,137,2.3220338983050848,1431,0.0957372466806429,188.51076999995894,effect_20-25
3699,66,Thalamus,PO,9,0.04774263030171677,16,1.7777777777777777,942,0.016985138004246284,188.51076999995894,effect_20-25
3700,68,Thalamus,PO,9,0.04774263030171677,18,2.0,1353,0.013303769401330377,188.51076999995894,effect_20-25
3701,69,Thalamus,PO,10,0.05304736700190752,20,2.0,1640,0.012195121951219513,188.51076999995894,effect_20-25
3702,72,Thalamus,PO,131,0.6949205077249885,238,1.816793893129771,3578,0.0665176076020123,188.51076999995894,effect_20-25
3703,74,Thalamus,PO,38,0.20157999460724857,86,2.263157894736842,1105,0.07782805429864253,188.51076999995894,effect_20-25
3704,75,Thalamus,PO,22,0.11670420740419654,42,1.9090909090909092,944,0.04449152542372881,188.51076999995894,effect_20-25
3705,78,Thalamus,PO,32,0.16975157440610406,71,2.21875,1609,0.044126786824114354,188.51076999995894,effect_20-25
3706,80,Thalamus,PO,62,0.3288936754118266,158,2.5483870967741935,2590,0.061003861003861,188.51076999995894,effect_20-25
3707,82,Thalamus,PO,12,0.06365684040228903,23,1.9166666666666667,285,0.08070175438596491,188.51076999995894,effect_20-25
3708,83,Thalamus,PO,37,0.19627525790705783,73,1.972972972972973,1731,0.042172154823801274,188.51076999995894,effect_20-25
3709,84,Thalamus,PO,7,0.037133156901335264,12,1.7142857142857142,2030,0.005911330049261084,188.51076999995894,effect_20-25
3710,85,Thalamus,PO,46,0.2440178882087746,97,2.108695652173913,1725,0.05623188405797101,188.51076999995894,effect_20-25
3711,86,Thalamus,PO,28,0.14853262760534106,49,1.75,2290,0.021397379912663755,188.51076999995894,effect_20-25
3712,88,Thalamus,PO,9,0.04774263030171677,18,2.0,1134,0.015873015873015872,188.51076999995894,effect_20-25
3713,90,Thalamus,PO,32,0.16975157440610406,74,2.3125,1220,0.060655737704918035,188.51076999995894,effect_20-25
3714,92,Thalamus,PO,19,0.10078999730362428,41,2.1578947368421053,806,0.05086848635235732,188.51076999995894,effect_20-25
3715,95,Thalamus,PO,25,0.1326184175047688,63,2.52,1620,0.03888888888888889,188.51076999995894,effect_20-25
3716,96,Thalamus,PO,7,0.037133156901335264,13,1.8571428571428572,677,0.019202363367799114,188.51076999995894,effect_20-25
3717,97,Thalamus,PO,30,0.15914210100572257,61,2.033333333333333,857,0.07117852975495916,188.51076999995894,effect_20-25
3718,98,Thalamus,PO,32,0.16975157440610406,72,2.25,2289,0.03145478374836173,188.51076999995894,effect_20-25
3719,99,Thalamus,PO,38,0.20157999460724857,98,2.5789473684210527,838,0.11694510739856802,188.51076999995894,effect_20-25
3720,102,Thalamus,PO,22,0.11670420740419654,50,2.272727272727273,2068,0.024177949709864602,188.51076999995894,effect_20-25
3721,103,Thalamus,PO,11,0.05835210370209827,25,2.272727272727273,1464,0.01707650273224044,188.51076999995894,effect_20-25
3722,104,Thalamus,PO,17,0.09018052390324278,37,2.176470588235294,327,0.11314984709480122,188.51076999995894,effect_20-25
3723,106,Thalamus,PO,18,0.09548526060343354,46,2.5555555555555554,1049,0.0438512869399428,188.51076999995894,effect_20-25
3724,108,Thalamus,PO,8,0.042437893601526014,16,2.0,1415,0.011307420494699646,188.51076999995894,effect_20-25
3725,109,Thalamus,PO,20,0.10609473400381504,48,2.4,1320,0.03636363636363636,188.51076999995894,effect_20-25
3726,111,Thalamus,PO,17,0.09018052390324278,34,2.0,1495,0.02274247491638796,188.51076999995894,effect_20-25
3727,112,Thalamus,PO,92,0.4880357764175492,232,2.5217391304347827,2086,0.1112176414189837,188.51076999995894,effect_20-25
3728,114,Thalamus,PO,17,0.09018052390324278,32,1.8823529411764706,1577,0.020291693088142042,188.51076999995894,effect_20-25
3729,116,Thalamus,PO,33,0.17505631110629483,70,2.121212121212121,1952,0.035860655737704916,188.51076999995894,effect_20-25
3730,117,Thalamus,PO,31,0.1644468377059133,67,2.161290322580645,1064,0.06296992481203008,188.51076999995894,effect_20-25
3731,120,Thalamus,PO,14,0.07426631380267053,24,1.7142857142857142,2040,0.011764705882352941,188.51076999995894,effect_20-25
3732,121,Thalamus,PO,4,0.021218946800763007,7,1.75,1050,0.006666666666666667,188.51076999995894,effect_20-25
3733,124,Thalamus,PO,9,0.04774263030171677,15,1.6666666666666667,1566,0.009578544061302681,188.51076999995894,effect_20-25
3734,125,Thalamus,PO,11,0.05835210370209827,21,1.9090909090909092,1136,0.018485915492957746,188.51076999995894,effect_20-25
3735,126,Thalamus,PO,21,0.1113994707040058,38,1.8095238095238095,2108,0.018026565464895637,188.51076999995894,effect_20-25
3736,128,Thalamus,PO,51,0.27054157170972837,122,2.392156862745098,1222,0.09983633387888707,188.51076999995894,effect_20-25
3737,129,Thalamus,PO,6,0.031828420201144514,11,1.8333333333333333,776,0.014175257731958763,188.51076999995894,effect_20-25
3738,131,Thalamus,PO,20,0.10609473400381504,45,2.25,1787,0.02518186905428092,188.51076999995894,effect_20-25
3739,132,Thalamus,PO,8,0.042437893601526014,18,2.25,690,0.02608695652173913,188.51076999995894,effect_20-25
3740,133,Thalamus,PO,39,0.20688473130743934,90,2.3076923076923075,1199,0.0750625521267723,188.51076999995894,effect_20-25
3741,134,Thalamus,PO,10,0.05304736700190752,23,2.3,773,0.029754204398447608,188.51076999995894,effect_20-25
3742,135,Thalamus,PO,5,0.02652368350095376,9,1.8,1957,0.004598875830352581,188.51076999995894,effect_20-25
3743,138,Thalamus,PO,13,0.06896157710247977,34,2.6153846153846154,1142,0.0297723292469352,188.51076999995894,effect_20-25
3744,139,Thalamus,PO,0,0.0,0,0.0,62,0.0,188.51076999995894,effect_20-25
3745,141,Thalamus,PO,11,0.05835210370209827,27,2.4545454545454546,1578,0.017110266159695818,188.51076999995894,effect_20-25
3746,142,Thalamus,PO,21,0.1113994707040058,49,2.3333333333333335,1474,0.03324287652645862,188.51076999995894,effect_20-25
3747,144,Thalamus,PO,0,0.0,0,0.0,46,0.0,188.51076999995894,effect_20-25
3748,146,Thalamus,PO,17,0.09018052390324278,39,2.2941176470588234,785,0.049681528662420385,188.51076999995894,effect_20-25
3749,147,Thalamus,PO,4,0.021218946800763007,13,3.25,831,0.015643802647412757,188.51076999995894,effect_20-25
3750,148,Thalamus,PO,59,0.31297946531125437,108,1.8305084745762712,3328,0.03245192307692308,188.51076999995894,effect_20-25
3751,149,Thalamus,PO,0,0.0,0,0.0,53,0.0,188.51076999995894,effect_20-25
3752,151,Thalamus,PO,13,0.06896157710247977,24,1.8461538461538463,1580,0.015189873417721518,188.51076999995894,effect_20-25
3753,155,Thalamus,PO,7,0.037133156901335264,21,3.0,1045,0.020095693779904306,188.51076999995894,effect_20-25
3754,157,Thalamus,PO,6,0.031828420201144514,15,2.5,2134,0.007029053420805998,188.51076999995894,effect_20-25
3755,158,Thalamus,PO,6,0.031828420201144514,14,2.3333333333333335,1295,0.010810810810810811,188.51076999995894,effect_20-25
3756,162,Thalamus,PO,11,0.05835210370209827,19,1.7272727272727273,1575,0.012063492063492064,188.51076999995894,effect_20-25
3757,163,Thalamus,PO,6,0.031828420201144514,9,1.5,1507,0.005972130059721301,188.51076999995894,effect_20-25
3758,164,Thalamus,PO,0,0.0,0,0.0,55,0.0,188.51076999995894,effect_20-25
3759,166,Thalamus,PO,0,0.0,0,0.0,451,0.0,188.51076999995894,effect_20-25
3760,172,Thalamus,PO,8,0.042437893601526014,23,2.875,915,0.025136612021857924,188.51076999995894,effect_20-25
3761,173,Thalamus,PO,0,0.0,0,0.0,2724,0.0,188.51076999995894,effect_20-25
3762,175,Thalamus,PO,5,0.02652368350095376,16,3.2,1039,0.015399422521655439,188.51076999995894,effect_20-25
3763,176,Thalamus,PO,4,0.021218946800763007,7,1.75,1128,0.0062056737588652485,188.51076999995894,effect_20-25
3764,178,Thalamus,PO,0,0.0,0,0.0,1158,0.0,188.51076999995894,effect_20-25
3765,180,Thalamus,PO,15,0.07957105050286128,27,1.8,3212,0.008405977584059776,188.51076999995894,effect_20-25
3766,181,Thalamus,PO,7,0.037133156901335264,12,1.7142857142857142,1946,0.006166495375128468,188.51076999995894,effect_20-25
3767,186,Thalamus,PO,0,0.0,0,0.0,542,0.0,188.51076999995894,effect_20-25
3768,188,Thalamus,PO,6,0.031828420201144514,13,2.1666666666666665,1903,0.006831318970047294,188.51076999995894,effect_20-25
3769,189,Thalamus,PO,2,0.010609473400381503,4,2.0,4066,0.000983767830791933,188.51076999995894,effect_20-25
3770,190,Thalamus,PO,3,0.015914210100572257,8,2.6666666666666665,1297,0.006168080185042405,188.51076999995894,effect_20-25
3771,192,Thalamus,PO,0,0.0,0,0.0,202,0.0,188.51076999995894,effect_20-25
3772,193,Thalamus,PO,1,0.005304736700190752,3,3.0,2117,0.0014170996693434106,188.51076999995894,effect_20-25
3773,194,Thalamus,PO,10,0.05304736700190752,16,1.6,2279,0.007020623080298377,188.51076999995894,effect_20-25
3774,195,Thalamus,PO,1,0.005304736700190752,2,2.0,1529,0.0013080444735120995,188.51076999995894,effect_20-25
3775,196,Thalamus,PO,0,0.0,0,0.0,3,0.0,188.51076999995894,effect_20-25
3776,204,Thalamus,LD,3,0.015914210100572257,3,1.0,2563,0.0011705033164260631,188.51076999995894,effect_20-25
3777,207,Thalamus,LD,1,0.005304736700190752,1,1.0,2050,0.0004878048780487805,188.51076999995894,effect_20-25
3778,209,Thalamus,LD,11,0.05835210370209827,37,3.3636363636363638,2515,0.014711729622266401,188.51076999995894,effect_20-25
3779,210,Thalamus,LD,2,0.010609473400381503,3,1.5,2094,0.0014326647564469914,188.51076999995894,effect_20-25
3780,214,Thalamus,LD,14,0.07426631380267053,42,3.0,2551,0.016464131713053703,188.51076999995894,effect_20-25
3781,216,Thalamus,LD,10,0.05304736700190752,28,2.8,2740,0.010218978102189781,188.51076999995894,effect_20-25
3782,221,Thalamus,LD,1,0.005304736700190752,2,2.0,308,0.006493506493506494,188.51076999995894,effect_20-25
3783,222,Thalamus,LD,15,0.07957105050286128,39,2.6,2740,0.014233576642335766,188.51076999995894,effect_20-25
3784,224,Thalamus,LD,19,0.10078999730362428,46,2.4210526315789473,2430,0.018930041152263374,188.51076999995894,effect_20-25
3785,225,Thalamus,LD,45,0.23871315150858385,115,2.5555555555555554,1925,0.05974025974025974,188.51076999995894,effect_20-25
3786,226,Thalamus,LD,0,0.0,0,0.0,225,0.0,188.51076999995894,effect_20-25
3787,230,Thalamus,LD,28,0.14853262760534106,74,2.642857142857143,2438,0.030352748154224774,188.51076999995894,effect_20-25
3788,238,Other,DG-mo,19,0.10078999730362428,75,3.9473684210526314,1125,0.06666666666666667,188.51076999995894,effect_20-25
3789,239,Other,CA3,3,0.015914210100572257,10,3.3333333333333335,2064,0.0048449612403100775,188.51076999995894,effect_20-25
3790,240,Other,CA3,0,0.0,0,0.0,1561,0.0,188.51076999995894,effect_20-25
3791,241,Other,CA3,0,0.0,0,0.0,3877,0.0,188.51076999995894,effect_20-25
3792,243,Other,CA3,1,0.005304736700190752,3,3.0,87,0.034482758620689655,188.51076999995894,effect_20-25
3793,244,Other,CA3,0,0.0,0,0.0,2139,0.0,188.51076999995894,effect_20-25
3794,246,Other,CA3,1,0.005304736700190752,3,3.0,77,0.03896103896103896,188.51076999995894,effect_20-25
3795,247,Other,CA3,7,0.037133156901335264,26,3.7142857142857144,83,0.3132530120481928,188.51076999995894,effect_20-25
3796,248,Other,CA3,0,0.0,0,0.0,381,0.0,188.51076999995894,effect_20-25
3797,249,Other,CA3,0,0.0,0,0.0,110,0.0,188.51076999995894,effect_20-25
3798,251,Other,CA3,1,0.005304736700190752,3,3.0,4643,0.0006461339651087659,188.51076999995894,effect_20-25
3799,253,Other,DG-po,0,0.0,0,0.0,21,0.0,188.51076999995894,effect_20-25
3800,262,Other,CA1,0,0.0,0,0.0,292,0.0,188.51076999995894,effect_20-25
3801,263,Other,CA1,0,0.0,0,0.0,967,0.0,188.51076999995894,effect_20-25
3802,264,Other,CA1,0,0.0,0,0.0,3864,0.0,188.51076999995894,effect_20-25
3803,270,Other,CA1,12,0.06365684040228903,38,3.1666666666666665,3428,0.011085180863477246,188.51076999995894,effect_20-25
3804,283,Other,CA1,15,0.07957105050286128,48,3.2,410,0.11707317073170732,188.51076999995894,effect_20-25
3805,291,Other,CA1,0,0.0,0,0.0,239,0.0,188.51076999995894,effect_20-25
3806,300,Other,cing,0,0.0,0,0.0,335,0.0,188.51076999995894,effect_20-25
3807,305,Somatosensory,SSp-tr6a,0,0.0,0,0.0,1392,0.0,188.51076999995894,effect_20-25
3808,308,Somatosensory,SSp-tr6a,3,0.015914210100572257,11,3.6666666666666665,1606,0.00684931506849315,188.51076999995894,effect_20-25
3809,309,Somatosensory,SSp-tr6a,1,0.005304736700190752,3,3.0,627,0.004784688995215311,188.51076999995894,effect_20-25
3810,310,Somatosensory,SSp-tr6a,0,0.0,0,0.0,74,0.0,188.51076999995894,effect_20-25
3811,311,Somatosensory,SSp-tr6a,0,0.0,0,0.0,291,0.0,188.51076999995894,effect_20-25
3812,316,Somatosensory,SSp-tr6a,0,0.0,0,0.0,754,0.0,188.51076999995894,effect_20-25
3813,317,Somatosensory,SSp-tr6a,2,0.010609473400381503,6,3.0,461,0.013015184381778741,188.51076999995894,effect_20-25
3814,318,Somatosensory,SSp-tr6a,14,0.07426631380267053,77,5.5,1514,0.05085865257595773,188.51076999995894,effect_20-25
3815,322,Somatosensory,SSp-tr6a,0,0.0,0,0.0,967,0.0,188.51076999995894,effect_20-25
3816,324,Somatosensory,SSp-tr6a,0,0.0,0,0.0,3,0.0,188.51076999995894,effect_20-25
3817,326,Somatosensory,SSp-tr6a,0,0.0,0,0.0,187,0.0,188.51076999995894,effect_20-25
3818,332,Somatosensory,SSp-tr5,0,0.0,0,0.0,842,0.0,188.51076999995894,effect_20-25
3819,333,Somatosensory,SSp-tr5,5,0.02652368350095376,18,3.6,1073,0.016775396085740912,188.51076999995894,effect_20-25
3820,337,Somatosensory,SSp-tr5,0,0.0,0,0.0,283,0.0,188.51076999995894,effect_20-25
3821,338,Somatosensory,SSp-tr5,0,0.0,0,0.0,100,0.0,188.51076999995894,effect_20-25
3822,339,Somatosensory,SSp-tr5,0,0.0,0,0.0,93,0.0,188.51076999995894,effect_20-25
3823,340,Somatosensory,SSp-tr5,2,0.010609473400381503,6,3.0,1044,0.005747126436781609,188.51076999995894,effect_20-25
3824,341,Somatosensory,SSp-tr5,0,0.0,0,0.0,872,0.0,188.51076999995894,effect_20-25
3825,343,Somatosensory,SSp-tr5,0,0.0,0,0.0,327,0.0,188.51076999995894,effect_20-25
3826,346,Somatosensory,SSp-tr5,0,0.0,0,0.0,3064,0.0,188.51076999995894,effect_20-25
3827,348,Somatosensory,SSp-tr5,0,0.0,0,0.0,1266,0.0,188.51076999995894,effect_20-25
3828,349,Somatosensory,SSp-tr5,0,0.0,0,0.0,258,0.0,188.51076999995894,effect_20-25
3829,353,Somatosensory,SSp-tr5,0,0.0,0,0.0,1070,0.0,188.51076999995894,effect_20-25
3830,355,Somatosensory,SSp-tr5,3,0.015914210100572257,9,3.0,1194,0.007537688442211055,188.51076999995894,effect_20-25
3831,356,Somatosensory,SSp-tr5,0,0.0,0,0.0,1344,0.0,188.51076999995894,effect_20-25
3832,359,Somatosensory,SSp-tr5,0,0.0,0,0.0,1145,0.0,188.51076999995894,effect_20-25
3833,361,Somatosensory,SSp-tr5,1,0.005304736700190752,3,3.0,1125,0.0026666666666666666,188.51076999995894,effect_20-25
3834,362,Other,VISa5,1,0.005304736700190752,3,3.0,243,0.012345679012345678,188.51076999995894,effect_20-25
3835,363,Other,VISa5,0,0.0,0,0.0,693,0.0,188.51076999995894,effect_20-25
3836,364,Other,VISa5,1,0.005304736700190752,3,3.0,1128,0.0026595744680851063,188.51076999995894,effect_20-25
3837,365,Other,VISa5,1,0.005304736700190752,3,3.0,104,0.028846153846153848,188.51076999995894,effect_20-25
3838,366,Other,VISa5,3,0.015914210100572257,9,3.0,1608,0.005597014925373134,188.51076999995894,effect_20-25
3839,367,Other,VISa5,1,0.005304736700190752,3,3.0,686,0.004373177842565598,188.51076999995894,effect_20-25
3840,373,Other,VISa5,0,0.0,0,0.0,57,0.0,188.51076999995894,effect_20-25
3841,376,Other,VISa4,0,0.0,0,0.0,611,0.0,188.51076999995894,effect_20-25
3842,377,Other,VISa4,2,0.010609473400381503,6,3.0,1127,0.005323868677905945,188.51076999995894,effect_20-25
3843,383,Other,VISa2/3,0,0.0,0,0.0,80,0.0,188.51076999995894,effect_20-25
3844,384,Other,VISa2/3,0,0.0,0,0.0,45,0.0,188.51076999995894,effect_20-25
3845,390,Other,VISa2/3,0,0.0,0,0.0,116,0.0,188.51076999995894,effect_20-25
3846,391,Other,VISa2/3,0,0.0,0,0.0,126,0.0,188.51076999995894,effect_20-25
3847,398,Other,VISa2/3,0,0.0,0,0.0,13,0.0,188.51076999995894,effect_20-25
3848,399,Other,VISa2/3,0,0.0,0,0.0,9,0.0,188.51076999995894,effect_20-25
3849,400,Other,VISa2/3,0,0.0,0,0.0,16,0.0,188.51076999995894,effect_20-25
3850,401,Other,VISa2/3,0,0.0,0,0.0,51,0.0,188.51076999995894,effect_20-25
3851,405,Other,VISa2/3,0,0.0,0,0.0,50,0.0,188.51076999995894,effect_20-25
3852,413,Thalamus,PO,0,0.0,0,0.0,80,0.0,188.51076999995894,effect_20-25
3853,415,Thalamus,PO,10,0.05304736700190752,25,2.5,1584,0.015782828282828284,188.51076999995894,effect_20-25
3854,418,Thalamus,PO,2,0.010609473400381503,3,1.5,453,0.006622516556291391,188.51076999995894,effect_20-25
3855,421,Thalamus,PO,25,0.1326184175047688,46,1.84,683,0.06734992679355783,188.51076999995894,effect_20-25
3856,422,Thalamus,PO,30,0.15914210100572257,57,1.9,1946,0.029290853031860225,188.51076999995894,effect_20-25
3857,423,Thalamus,PO,2,0.010609473400381503,4,2.0,306,0.013071895424836602,188.51076999995894,effect_20-25
3858,424,Thalamus,PO,0,0.0,0,0.0,25,0.0,188.51076999995894,effect_20-25
3859,426,Thalamus,PO,12,0.06365684040228903,20,1.6666666666666667,1017,0.01966568338249754,188.51076999995894,effect_20-25
3860,427,Thalamus,PO,1,0.005304736700190752,1,1.0,156,0.00641025641025641,188.51076999995894,effect_20-25
3861,428,Thalamus,PO,2,0.010609473400381503,4,2.0,897,0.004459308807134894,188.51076999995894,effect_20-25
3862,429,Thalamus,PO,0,0.0,0,0.0,26,0.0,188.51076999995894,effect_20-25
3863,433,Thalamus,PO,0,0.0,0,0.0,903,0.0,188.51076999995894,effect_20-25
3864,436,Thalamus,PO,6,0.031828420201144514,12,2.0,2359,0.005086901229334464,188.51076999995894,effect_20-25
3865,438,Thalamus,PO,3,0.015914210100572257,5,1.6666666666666667,2506,0.0019952114924181963,188.51076999995894,effect_20-25
3866,439,Thalamus,LD,6,0.031828420201144514,15,2.5,1788,0.008389261744966443,188.51076999995894,effect_20-25
3867,440,Thalamus,LD,22,0.11670420740419654,49,2.227272727272727,1875,0.026133333333333335,188.51076999995894,effect_20-25
3868,443,Other,DG-mo,0,0.0,0,0.0,1,0.0,188.51076999995894,effect_20-25
3869,446,Other,CA3,0,0.0,0,0.0,11,0.0,188.51076999995894,effect_20-25
3870,448,Other,CA3,0,0.0,0,0.0,494,0.0,188.51076999995894,effect_20-25
3871,454,Other,CA1,0,0.0,0,0.0,721,0.0,188.51076999995894,effect_20-25
3872,456,Somatosensory,SSp-tr5,0,0.0,0,0.0,336,0.0,188.51076999995894,effect_20-25
3873,457,Other,VISa5,0,0.0,0,0.0,966,0.0,188.51076999995894,effect_20-25
3874,458,Other,VISa5,0,0.0,0,0.0,167,0.0,188.51076999995894,effect_20-25
3875,463,Other,VISa2/3,0,0.0,0,0.0,4,0.0,188.51076999995894,effect_20-25
3876,465,Other,VISa2/3,0,0.0,0,0.0,10,0.0,188.51076999995894,effect_20-25
3877,466,Other,VISa2/3,0,0.0,0,0.0,4,0.0,188.51076999995894,effect_20-25
3878,467,Other,VISa2/3,0,0.0,0,0.0,8,0.0,188.51076999995894,effect_20-25
3879,468,Other,VISa2/3,0,0.0,0,0.0,11,0.0,188.51076999995894,effect_20-25
3880,472,Other,CA1,0,0.0,0,0.0,9,0.0,188.51076999995894,effect_20-25
3881,473,Other,VISa2/3,0,0.0,0,0.0,10,0.0,188.51076999995894,effect_20-25
3882,476,Thalamus,PO,54,0.2864557818103006,116,2.1481481481481484,1477,0.07853757616790792,188.51076999995894,effect_20-25
3883,478,Thalamus,PO,12,0.06365684040228903,24,2.0,998,0.02404809619238477,188.51076999995894,effect_20-25
3884,479,Thalamus,PO,0,0.0,0,0.0,1011,0.0,188.51076999995894,effect_20-25
3885,480,Other,DG-po,5,0.02652368350095376,17,3.4,455,0.03736263736263736,188.51076999995894,effect_20-25
3886,481,Somatosensory,SSp-tr6a,17,0.09018052390324278,95,5.588235294117647,461,0.20607375271149675,188.51076999995894,effect_20-25
3887,482,Other,VISa2/3,0,0.0,0,0.0,14,0.0,188.51076999995894,effect_20-25
3888,484,Other,VISa2/3,0,0.0,0,0.0,9,0.0,188.51076999995894,effect_20-25
3889,485,Other,VISa2/3,0,0.0,0,0.0,9,0.0,188.51076999995894,effect_20-25
3890,497,Other,ccb,1,0.005304736700190752,5,5.0,362,0.013812154696132596,188.51076999995894,effect_20-25
3891,499,STR,ACB,2,0.010609473400381503,6,3.0,164,0.036585365853658534,188.51076999995894,effect_20-25
3892,500,STR,ACB,10,0.05304736700190752,31,3.1,1388,0.0223342939481268,188.51076999995894,effect_20-25
3893,502,STR,ACB,19,0.10078999730362428,64,3.3684210526315788,1478,0.04330175913396482,188.51076999995894,effect_20-25
3894,506,STR,ACB,2,0.010609473400381503,6,3.0,405,0.014814814814814815,188.51076999995894,effect_20-25
3895,507,STR,ACB,1,0.005304736700190752,3,3.0,19,0.15789473684210525,188.51076999995894,effect_20-25
3896,508,STR,ACB,25,0.1326184175047688,96,3.84,1732,0.05542725173210162,188.51076999995894,effect_20-25
3897,509,STR,ACB,44,0.23340841480839308,173,3.9318181818181817,6523,0.026521539169093975,188.51076999995894,effect_20-25
3898,510,STR,ACB,0,0.0,0,0.0,137,0.0,188.51076999995894,effect_20-25
3899,511,STR,ACB,5,0.02652368350095376,16,3.2,1750,0.009142857142857144,188.51076999995894,effect_20-25
3900,514,STR,ACB,7,0.037133156901335264,25,3.5714285714285716,1012,0.024703557312252964,188.51076999995894,effect_20-25
3901,516,STR,ACB,3,0.015914210100572257,9,3.0,144,0.0625,188.51076999995894,effect_20-25
3902,517,STR,ACB,13,0.06896157710247977,42,3.230769230769231,1483,0.028320971004720162,188.51076999995894,effect_20-25
3903,518,STR,ACB,32,0.16975157440610406,105,3.28125,1541,0.0681375730045425,188.51076999995894,effect_20-25
3904,519,STR,ACB,23,0.1220089441043873,78,3.391304347826087,1246,0.06260032102728733,188.51076999995894,effect_20-25
3905,524,STR,ACB,9,0.04774263030171677,28,3.111111111111111,2773,0.01009736747205193,188.51076999995894,effect_20-25
3906,525,STR,ACB,45,0.23871315150858385,175,3.888888888888889,657,0.2663622526636225,188.51076999995894,effect_20-25
3907,526,STR,ACB,0,0.0,0,0.0,1405,0.0,188.51076999995894,effect_20-25
3908,527,STR,ACB,9,0.04774263030171677,27,3.0,1727,0.01563404748118124,188.51076999995894,effect_20-25
3909,530,STR,ACB,29,0.1538373643055318,107,3.689655172413793,1224,0.08741830065359477,188.51076999995894,effect_20-25
3910,532,STR,ACB,0,0.0,0,0.0,267,0.0,188.51076999995894,effect_20-25
3911,534,STR,ACB,0,0.0,0,0.0,787,0.0,188.51076999995894,effect_20-25
3912,543,STR,ACB,1,0.005304736700190752,3,3.0,868,0.0034562211981566822,188.51076999995894,effect_20-25
3913,544,STR,ACB,0,0.0,0,0.0,15,0.0,188.51076999995894,effect_20-25
3914,545,STR,ACB,16,0.08487578720305203,57,3.5625,2239,0.025457793657882984,188.51076999995894,effect_20-25
3915,546,STR,ACB,0,0.0,0,0.0,62,0.0,188.51076999995894,effect_20-25
3916,547,STR,ACB,0,0.0,0,0.0,1122,0.0,188.51076999995894,effect_20-25
3917,548,STR,ACB,0,0.0,0,0.0,17,0.0,188.51076999995894,effect_20-25
3918,549,STR,ACB,18,0.09548526060343354,61,3.388888888888889,3098,0.019690122659780502,188.51076999995894,effect_20-25
3919,550,STR,ACB,0,0.0,0,0.0,1,0.0,188.51076999995894,effect_20-25
3920,553,STR,ACB,9,0.04774263030171677,28,3.111111111111111,2016,0.013888888888888888,188.51076999995894,effect_20-25
3921,556,STR,ACB,0,0.0,0,0.0,82,0.0,188.51076999995894,effect_20-25
3922,558,STR,ACB,36,0.19097052120686708,120,3.3333333333333335,1449,0.08281573498964803,188.51076999995894,effect_20-25
3923,559,STR,ACB,4,0.021218946800763007,12,3.0,512,0.0234375,188.51076999995894,effect_20-25
3924,560,STR,ACB,7,0.037133156901335264,21,3.0,714,0.029411764705882353,188.51076999995894,effect_20-25
3925,562,STR,ACB,2,0.010609473400381503,6,3.0,304,0.019736842105263157,188.51076999995894,effect_20-25
3926,563,STR,ACB,0,0.0,0,0.0,21,0.0,188.51076999995894,effect_20-25
3927,564,STR,ACB,21,0.1113994707040058,69,3.2857142857142856,1238,0.05573505654281099,188.51076999995894,effect_20-25
3928,565,STR,ACB,4,0.021218946800763007,14,3.5,578,0.02422145328719723,188.51076999995894,effect_20-25
3929,566,STR,ACB,0,0.0,0,0.0,309,0.0,188.51076999995894,effect_20-25
3930,567,STR,ACB,15,0.07957105050286128,52,3.466666666666667,1994,0.026078234704112337,188.51076999995894,effect_20-25
3931,568,STR,ACB,2,0.010609473400381503,6,3.0,53,0.11320754716981132,188.51076999995894,effect_20-25
3932,571,STR,ACB,29,0.1538373643055318,97,3.3448275862068964,2034,0.04768928220255654,188.51076999995894,effect_20-25
3933,573,STR,ACB,0,0.0,0,0.0,2,0.0,188.51076999995894,effect_20-25
3934,575,STR,ACB,1,0.005304736700190752,3,3.0,151,0.019867549668874173,188.51076999995894,effect_20-25
3935,576,STR,ACB,0,0.0,0,0.0,463,0.0,188.51076999995894,effect_20-25
3936,577,STR,ACB,0,0.0,0,0.0,2113,0.0,188.51076999995894,effect_20-25
3937,578,STR,ACB,0,0.0,0,0.0,21,0.0,188.51076999995894,effect_20-25
3938,579,STR,ACB,42,0.2227989414080116,144,3.4285714285714284,1895,0.07598944591029023,188.51076999995894,effect_20-25
3939,582,STR,STR,0,0.0,0,0.0,372,0.0,188.51076999995894,effect_20-25
3940,583,STR,STR,0,0.0,0,0.0,545,0.0,188.51076999995894,effect_20-25
3941,584,STR,STR,0,0.0,0,0.0,552,0.0,188.51076999995894,effect_20-25
3942,586,STR,STR,0,0.0,0,0.0,559,0.0,188.51076999995894,effect_20-25
3943,587,Other,OLF,0,0.0,0,0.0,769,0.0,188.51076999995894,effect_20-25
3944,588,Other,OLF,0,0.0,0,0.0,2235,0.0,188.51076999995894,effect_20-25
3945,592,Other,OLF,0,0.0,0,0.0,1112,0.0,188.51076999995894,effect_20-25
3946,593,Other,OLF,0,0.0,0,0.0,401,0.0,188.51076999995894,effect_20-25
3947,594,Other,OLF,1,0.005304736700190752,3,3.0,1813,0.001654715940430226,188.51076999995894,effect_20-25
3948,596,Other,OLF,0,0.0,0,0.0,1345,0.0,188.51076999995894,effect_20-25
3949,598,Other,OLF,0,0.0,0,0.0,18,0.0,188.51076999995894,effect_20-25
3950,599,Other,OLF,0,0.0,0,0.0,164,0.0,188.51076999995894,effect_20-25
3951,600,Other,OLF,0,0.0,0,0.0,3272,0.0,188.51076999995894,effect_20-25
3952,612,Other,OLF,0,0.0,0,0.0,157,0.0,188.51076999995894,effect_20-25
3953,616,Other,OLF,0,0.0,0,0.0,8,0.0,188.51076999995894,effect_20-25
3954,620,Other,OLF,2,0.010609473400381503,10,5.0,795,0.012578616352201259,188.51076999995894,effect_20-25
3955,621,Other,OLF,0,0.0,0,0.0,394,0.0,188.51076999995894,effect_20-25
3956,622,Other,ORBl6a,0,0.0,0,0.0,210,0.0,188.51076999995894,effect_20-25
3957,623,Other,ORBl5,0,0.0,0,0.0,1027,0.0,188.51076999995894,effect_20-25
3958,624,Other,ORBl6a,1,0.005304736700190752,3,3.0,760,0.003947368421052632,188.51076999995894,effect_20-25
3959,627,Other,ORBl5,2,0.010609473400381503,6,3.0,440,0.013636363636363636,188.51076999995894,effect_20-25
3960,628,Other,ORBl5,0,0.0,0,0.0,26,0.0,188.51076999995894,effect_20-25
3961,632,Other,ORBl5,1,0.005304736700190752,4,4.0,2043,0.0019579050416054823,188.51076999995894,effect_20-25
3962,633,Other,ORBl5,1,0.005304736700190752,3,3.0,831,0.0036101083032490976,188.51076999995894,effect_20-25
3963,634,Other,ORBl5,0,0.0,0,0.0,45,0.0,188.51076999995894,effect_20-25
3964,635,Other,ORBl5,0,0.0,0,0.0,66,0.0,188.51076999995894,effect_20-25
3965,636,Other,ORBl5,1,0.005304736700190752,3,3.0,155,0.01935483870967742,188.51076999995894,effect_20-25
3966,639,Other,ORBl5,2,0.010609473400381503,7,3.5,708,0.009887005649717515,188.51076999995894,effect_20-25
3967,640,Other,ORBl5,0,0.0,0,0.0,1018,0.0,188.51076999995894,effect_20-25
3968,641,Other,ORBl5,0,0.0,0,0.0,929,0.0,188.51076999995894,effect_20-25
3969,642,Other,ORBl5,0,0.0,0,0.0,31,0.0,188.51076999995894,effect_20-25
3970,643,Other,ORBl5,0,0.0,0,0.0,375,0.0,188.51076999995894,effect_20-25
3971,644,Other,ORBl5,1,0.005304736700190752,3,3.0,889,0.003374578177727784,188.51076999995894,effect_20-25
3972,646,Other,ORBl5,0,0.0,0,0.0,1347,0.0,188.51076999995894,effect_20-25
3973,648,Other,ORBl5,0,0.0,0,0.0,169,0.0,188.51076999995894,effect_20-25
3974,650,Other,ORBl5,0,0.0,0,0.0,220,0.0,188.51076999995894,effect_20-25
3975,651,Other,ORBl5,0,0.0,0,0.0,564,0.0,188.51076999995894,effect_20-25
3976,652,Other,ORBl5,2,0.010609473400381503,6,3.0,2487,0.0024125452352231603,188.51076999995894,effect_20-25
3977,657,Other,ORBl5,5,0.02652368350095376,16,3.2,700,0.022857142857142857,188.51076999995894,effect_20-25
3978,658,Other,ORBl5,0,0.0,0,0.0,132,0.0,188.51076999995894,effect_20-25
3979,661,Other,ORBl5,0,0.0,0,0.0,291,0.0,188.51076999995894,effect_20-25
3980,662,Other,ORBl5,99,0.5251689333188845,457,4.616161616161616,1510,0.30264900662251654,188.51076999995894,effect_20-25
3981,663,Other,ORBl5,5,0.02652368350095376,18,3.6,160,0.1125,188.51076999995894,effect_20-25
3982,664,Other,ORBl5,6,0.031828420201144514,29,4.833333333333333,429,0.0675990675990676,188.51076999995894,effect_20-25
3983,665,Other,ORBl5,1,0.005304736700190752,6,6.0,1239,0.004842615012106538,188.51076999995894,effect_20-25
3984,666,Other,ORBl5,0,0.0,0,0.0,1188,0.0,188.51076999995894,effect_20-25
3985,669,Other,ORBl6a,0,0.0,0,0.0,2186,0.0,188.51076999995894,effect_20-25
3986,671,Other,ORBl5,0,0.0,0,0.0,155,0.0,188.51076999995894,effect_20-25
3987,673,Other,ORBl5,0,0.0,0,0.0,506,0.0,188.51076999995894,effect_20-25
3988,677,Other,ORBl5,0,0.0,0,0.0,1063,0.0,188.51076999995894,effect_20-25
3989,678,Other,ORBl5,0,0.0,0,0.0,24,0.0,188.51076999995894,effect_20-25
3990,679,Other,ORBl5,1,0.005304736700190752,3,3.0,324,0.009259259259259259,188.51076999995894,effect_20-25
3991,681,Other,ORBl6a,0,0.0,0,0.0,259,0.0,188.51076999995894,effect_20-25
3992,684,Other,ORBl6a,0,0.0,0,0.0,517,0.0,188.51076999995894,effect_20-25
3993,685,Other,ORBl6a,10,0.05304736700190752,37,3.7,1119,0.03306523681858802,188.51076999995894,effect_20-25
3994,688,Other,ORBl6a,0,0.0,0,0.0,294,0.0,188.51076999995894,effect_20-25
3995,689,Other,ORBl6a,15,0.07957105050286128,64,4.266666666666667,428,0.14953271028037382,188.51076999995894,effect_20-25
3996,690,Other,ORBl6a,0,0.0,0,0.0,417,0.0,188.51076999995894,effect_20-25
3997,692,Other,ORBl6a,4,0.021218946800763007,12,3.0,240,0.05,188.51076999995894,effect_20-25
3998,694,Other,ORBl6a,1,0.005304736700190752,5,5.0,294,0.017006802721088437,188.51076999995894,effect_20-25
3999,696,Other,ORBl6a,1,0.005304736700190752,3,3.0,1770,0.001694915254237288,188.51076999995894,effect_20-25
4000,698,Other,ORBl6a,1,0.005304736700190752,3,3.0,110,0.02727272727272727,188.51076999995894,effect_20-25
4001,700,Other,ORBl6a,0,0.0,0,0.0,39,0.0,188.51076999995894,effect_20-25
4002,701,Other,ORBl6a,0,0.0,0,0.0,1205,0.0,188.51076999995894,effect_20-25
4003,703,Other,ORBl6a,0,0.0,0,0.0,43,0.0,188.51076999995894,effect_20-25
4004,706,Other,ORBl6a,0,0.0,0,0.0,0,0.0,188.51076999995894,effect_20-25
4005,707,Other,ORBl6a,1,0.005304736700190752,7,7.0,33,0.21212121212121213,188.51076999995894,effect_20-25
4006,709,Other,ORBl6a,3,0.015914210100572257,11,3.6666666666666665,1672,0.006578947368421052,188.51076999995894,effect_20-25
4007,710,Other,ORBl6a,0,0.0,0,0.0,236,0.0,188.51076999995894,effect_20-25
4008,711,Other,ORBl6a,0,0.0,0,0.0,69,0.0,188.51076999995894,effect_20-25
4009,712,Other,ORBl6a,1,0.005304736700190752,3,3.0,2929,0.0010242403550699897,188.51076999995894,effect_20-25
4010,714,Other,ORBl6a,0,0.0,0,0.0,2926,0.0,188.51076999995894,effect_20-25
4011,715,Other,ORBl6a,0,0.0,0,0.0,667,0.0,188.51076999995894,effect_20-25
4012,718,Other,ORBl6a,1,0.005304736700190752,3,3.0,975,0.003076923076923077,188.51076999995894,effect_20-25
4013,719,Other,ORBl6a,0,0.0,0,0.0,435,0.0,188.51076999995894,effect_20-25
4014,720,Other,ORBl6a,29,0.1538373643055318,117,4.0344827586206895,1892,0.06183932346723044,188.51076999995894,effect_20-25
4015,721,Other,ORBl6a,2,0.010609473400381503,8,4.0,706,0.0113314447592068,188.51076999995894,effect_20-25
4016,725,Other,ORBl6a,2,0.010609473400381503,6,3.0,51,0.11764705882352941,188.51076999995894,effect_20-25
4017,726,Other,ORBl6a,0,0.0,0,0.0,516,0.0,188.51076999995894,effect_20-25
4018,727,Other,ORBl6a,1,0.005304736700190752,3,3.0,258,0.011627906976744186,188.51076999995894,effect_20-25
4019,728,Other,ORBl6a,5,0.02652368350095376,30,6.0,1110,0.02702702702702703,188.51076999995894,effect_20-25
4020,729,Other,ORBl6a,0,0.0,0,0.0,87,0.0,188.51076999995894,effect_20-25
4021,730,Other,ORBl6a,0,0.0,0,0.0,372,0.0,188.51076999995894,effect_20-25
4022,734,Other,ORBl6a,3,0.015914210100572257,9,3.0,402,0.022388059701492536,188.51076999995894,effect_20-25
4023,735,Other,ORBl6a,2,0.010609473400381503,8,4.0,90,0.08888888888888889,188.51076999995894,effect_20-25
4024,736,Other,ORBl6a,0,0.0,0,0.0,56,0.0,188.51076999995894,effect_20-25
4025,738,Other,ORBl6b,0,0.0,0,0.0,67,0.0,188.51076999995894,effect_20-25
4026,740,Other,ORBl6b,1,0.005304736700190752,3,3.0,395,0.007594936708860759,188.51076999995894,effect_20-25
4027,744,Other,ORBl6b,0,0.0,0,0.0,20,0.0,188.51076999995894,effect_20-25
4028,746,Other,scwm,0,0.0,0,0.0,229,0.0,188.51076999995894,effect_20-25
4029,747,Other,ORBl6b,0,0.0,0,0.0,35,0.0,188.51076999995894,effect_20-25
4030,753,Other,scwm,0,0.0,0,0.0,29,0.0,188.51076999995894,effect_20-25
4031,755,Other,scwm,0,0.0,0,0.0,2568,0.0,188.51076999995894,effect_20-25
4032,756,Other,scwm,0,0.0,0,0.0,358,0.0,188.51076999995894,effect_20-25
4033,758,Other,ORBl6b,0,0.0,0,0.0,30,0.0,188.51076999995894,effect_20-25
4034,760,Other,ORBl6b,0,0.0,0,0.0,120,0.0,188.51076999995894,effect_20-25
4035,761,Other,ORBl6b,0,0.0,0,0.0,147,0.0,188.51076999995894,effect_20-25
4036,762,Other,ORBl6b,0,0.0,0,0.0,49,0.0,188.51076999995894,effect_20-25
4037,764,Other,AId6a,0,0.0,0,0.0,70,0.0,188.51076999995894,effect_20-25
4038,765,Other,AId6a,0,0.0,0,0.0,173,0.0,188.51076999995894,effect_20-25
4039,768,Other,AId6a,3,0.015914210100572257,12,4.0,212,0.05660377358490566,188.51076999995894,effect_20-25
4040,769,Other,AId6a,10,0.05304736700190752,30,3.0,2173,0.013805798435342844,188.51076999995894,effect_20-25
4041,771,Other,AId6a,4,0.021218946800763007,17,4.25,342,0.049707602339181284,188.51076999995894,effect_20-25
4042,773,Other,AId6a,0,0.0,0,0.0,72,0.0,188.51076999995894,effect_20-25
4043,779,Motor,MOs6a,0,0.0,0,0.0,8,0.0,188.51076999995894,effect_20-25
4044,780,Other,AId6a,4,0.021218946800763007,13,3.25,519,0.025048169556840076,188.51076999995894,effect_20-25
4045,781,Motor,MOs6a,0,0.0,0,0.0,760,0.0,188.51076999995894,effect_20-25
4046,784,Motor,MOs6a,1,0.005304736700190752,3,3.0,441,0.006802721088435374,188.51076999995894,effect_20-25
4047,787,Motor,MOs6a,4,0.021218946800763007,36,9.0,1484,0.02425876010781671,188.51076999995894,effect_20-25
4048,788,Motor,MOs6a,3,0.015914210100572257,10,3.3333333333333335,389,0.02570694087403599,188.51076999995894,effect_20-25
4049,792,Motor,MOs6a,5,0.02652368350095376,15,3.0,1985,0.007556675062972292,188.51076999995894,effect_20-25
4050,796,Motor,MOs6a,0,0.0,0,0.0,5,0.0,188.51076999995894,effect_20-25
4051,798,Motor,MOs6a,1,0.005304736700190752,3,3.0,130,0.023076923076923078,188.51076999995894,effect_20-25
4052,799,Motor,MOs6a,0,0.0,0,0.0,16,0.0,188.51076999995894,effect_20-25
4053,803,Motor,MOs6a,0,0.0,0,0.0,1086,0.0,188.51076999995894,effect_20-25
4054,804,Motor,MOs6a,1,0.005304736700190752,3,3.0,357,0.008403361344537815,188.51076999995894,effect_20-25
4055,808,Motor,MOs6a,0,0.0,0,0.0,700,0.0,188.51076999995894,effect_20-25
4056,809,Motor,MOs6a,0,0.0,0,0.0,796,0.0,188.51076999995894,effect_20-25
4057,816,Motor,MOs6a,0,0.0,0,0.0,1031,0.0,188.51076999995894,effect_20-25
4058,817,Motor,MOs6a,0,0.0,0,0.0,1176,0.0,188.51076999995894,effect_20-25
4059,818,Motor,MOs6a,0,0.0,0,0.0,511,0.0,188.51076999995894,effect_20-25
4060,826,Motor,MOs6a,0,0.0,0,0.0,165,0.0,188.51076999995894,effect_20-25
4061,827,Motor,MOs6a,8,0.042437893601526014,28,3.5,2243,0.012483281319661168,188.51076999995894,effect_20-25
4062,828,Motor,MOs6a,5,0.02652368350095376,16,3.2,1840,0.008695652173913044,188.51076999995894,effect_20-25
4063,829,Motor,MOs6a,0,0.0,0,0.0,620,0.0,188.51076999995894,effect_20-25
4064,830,Motor,MOs6a,1,0.005304736700190752,3,3.0,475,0.00631578947368421,188.51076999995894,effect_20-25
4065,832,Motor,MOs6a,3,0.015914210100572257,11,3.6666666666666665,999,0.011011011011011011,188.51076999995894,effect_20-25
4066,834,Motor,MOs6a,0,0.0,0,0.0,252,0.0,188.51076999995894,effect_20-25
4067,839,Motor,MOs5,0,0.0,0,0.0,543,0.0,188.51076999995894,effect_20-25
4068,840,Motor,MOs5,0,0.0,0,0.0,256,0.0,188.51076999995894,effect_20-25
4069,845,Motor,MOs5,3,0.015914210100572257,11,3.6666666666666665,510,0.021568627450980392,188.51076999995894,effect_20-25
4070,849,Motor,MOs5,4,0.021218946800763007,13,3.25,1290,0.010077519379844961,188.51076999995894,effect_20-25
4071,854,Motor,MOs5,0,0.0,0,0.0,9,0.0,188.51076999995894,effect_20-25
4072,857,Motor,MOs5,1,0.005304736700190752,4,4.0,2496,0.0016025641025641025,188.51076999995894,effect_20-25
4073,859,Motor,MOs5,13,0.06896157710247977,46,3.5384615384615383,696,0.06609195402298851,188.51076999995894,effect_20-25
4074,861,Motor,MOs5,12,0.06365684040228903,43,3.5833333333333335,1237,0.034761519805982216,188.51076999995894,effect_20-25
4075,862,Motor,MOs5,8,0.042437893601526014,31,3.875,243,0.12757201646090535,188.51076999995894,effect_20-25
4076,864,Motor,MOs5,0,0.0,0,0.0,1165,0.0,188.51076999995894,effect_20-25
4077,868,Motor,MOp5,3,0.015914210100572257,9,3.0,3525,0.002553191489361702,188.51076999995894,effect_20-25
4078,869,Motor,MOp5,0,0.0,0,0.0,1897,0.0,188.51076999995894,effect_20-25
4079,873,Motor,MOp5,1,0.005304736700190752,6,6.0,356,0.016853932584269662,188.51076999995894,effect_20-25
4080,874,Motor,MOp5,3,0.015914210100572257,12,4.0,1328,0.009036144578313253,188.51076999995894,effect_20-25
4081,875,Motor,MOp5,5,0.02652368350095376,16,3.2,495,0.03232323232323232,188.51076999995894,effect_20-25
4082,876,Motor,MOp5,0,0.0,0,0.0,152,0.0,188.51076999995894,effect_20-25
4083,878,Motor,MOs5,1,0.005304736700190752,3,3.0,1502,0.0019973368841544607,188.51076999995894,effect_20-25
4084,881,Motor,MOp5,0,0.0,0,0.0,1106,0.0,188.51076999995894,effect_20-25
4085,882,Motor,MOs5,4,0.021218946800763007,16,4.0,311,0.05144694533762058,188.51076999995894,effect_20-25
4086,883,Motor,MOs5,0,0.0,0,0.0,871,0.0,188.51076999995894,effect_20-25
4087,884,Motor,MOs5,1,0.005304736700190752,3,3.0,1917,0.001564945226917058,188.51076999995894,effect_20-25
4088,887,Motor,MOp5,0,0.0,0,0.0,256,0.0,188.51076999995894,effect_20-25
4089,891,Motor,MOp5,1,0.005304736700190752,3,3.0,251,0.01195219123505976,188.51076999995894,effect_20-25
4090,892,Motor,MOp5,0,0.0,0,0.0,89,0.0,188.51076999995894,effect_20-25
4091,893,Motor,MOp5,0,0.0,0,0.0,254,0.0,188.51076999995894,effect_20-25
4092,894,Motor,MOp5,0,0.0,0,0.0,14,0.0,188.51076999995894,effect_20-25
4093,895,Motor,MOp5,4,0.021218946800763007,15,3.75,2070,0.007246376811594203,188.51076999995894,effect_20-25
4094,897,Motor,MOp5,0,0.0,0,0.0,11,0.0,188.51076999995894,effect_20-25
4095,898,Motor,MOp5,0,0.0,0,0.0,20,0.0,188.51076999995894,effect_20-25
4096,899,Motor,MOp5,0,0.0,0,0.0,339,0.0,188.51076999995894,effect_20-25
4097,900,Motor,MOp5,0,0.0,0,0.0,74,0.0,188.51076999995894,effect_20-25
4098,906,Motor,MOp5,0,0.0,0,0.0,250,0.0,188.51076999995894,effect_20-25
4099,907,Motor,MOp2/3,0,0.0,0,0.0,4,0.0,188.51076999995894,effect_20-25
4100,909,Motor,MOp5,0,0.0,0,0.0,223,0.0,188.51076999995894,effect_20-25
4101,910,Motor,MOp5,0,0.0,0,0.0,492,0.0,188.51076999995894,effect_20-25
4102,911,Motor,MOp2/3,2,0.010609473400381503,7,3.5,490,0.014285714285714285,188.51076999995894,effect_20-25
4103,913,Motor,MOp5,0,0.0,0,0.0,330,0.0,188.51076999995894,effect_20-25
4104,914,Motor,MOp2/3,2,0.010609473400381503,6,3.0,816,0.007352941176470588,188.51076999995894,effect_20-25
4105,915,Motor,MOp2/3,1,0.005304736700190752,3,3.0,1127,0.0026619343389529724,188.51076999995894,effect_20-25
4106,920,Motor,MOp2/3,1,0.005304736700190752,3,3.0,782,0.0038363171355498722,188.51076999995894,effect_20-25
4107,921,Motor,MOp2/3,0,0.0,0,0.0,237,0.0,188.51076999995894,effect_20-25
4108,922,Motor,MOp2/3,0,0.0,0,0.0,427,0.0,188.51076999995894,effect_20-25
4109,924,Motor,MOp2/3,41,0.21749420470782083,207,5.048780487804878,421,0.4916864608076009,188.51076999995894,effect_20-25
4110,926,Motor,MOp2/3,363,1.925619422169243,2839,7.820936639118457,11506,0.24674083087085,188.51076999995894,effect_20-25
4111,927,Motor,MOp2/3,2,0.010609473400381503,6,3.0,325,0.018461538461538463,188.51076999995894,effect_20-25
4112,930,Motor,MOp2/3,87,0.46151209291659545,457,5.252873563218391,674,0.6780415430267063,188.51076999995894,effect_20-25
4113,932,Motor,MOp2/3,0,0.0,0,0.0,77,0.0,188.51076999995894,effect_20-25
4114,934,Motor,MOp2/3,0,0.0,0,0.0,0,0.0,188.51076999995894,effect_20-25
4115,935,Motor,MOp2/3,6,0.031828420201144514,31,5.166666666666667,437,0.07093821510297482,188.51076999995894,effect_20-25
4116,936,Motor,MOp2/3,0,0.0,0,0.0,397,0.0,188.51076999995894,effect_20-25
4117,937,Motor,MOp2/3,0,0.0,0,0.0,464,0.0,188.51076999995894,effect_20-25
4118,939,Motor,MOp2/3,0,0.0,0,0.0,339,0.0,188.51076999995894,effect_20-25
4119,940,Motor,MOp2/3,1,0.005304736700190752,3,3.0,345,0.008695652173913044,188.51076999995894,effect_20-25
4120,941,Motor,MOp2/3,2,0.010609473400381503,6,3.0,475,0.01263157894736842,188.51076999995894,effect_20-25
4121,945,Motor,MOp2/3,1,0.005304736700190752,3,3.0,150,0.02,188.51076999995894,effect_20-25
4122,946,Motor,MOp2/3,0,0.0,0,0.0,166,0.0,188.51076999995894,effect_20-25
4123,950,Motor,MOp2/3,0,0.0,0,0.0,471,0.0,188.51076999995894,effect_20-25
4124,951,Motor,MOp2/3,0,0.0,0,0.0,482,0.0,188.51076999995894,effect_20-25
4125,953,Motor,MOp2/3,5,0.02652368350095376,15,3.0,299,0.05016722408026756,188.51076999995894,effect_20-25
4126,954,Motor,MOp2/3,7,0.037133156901335264,22,3.142857142857143,286,0.07692307692307693,188.51076999995894,effect_20-25
4127,957,Motor,MOp2/3,0,0.0,0,0.0,7,0.0,188.51076999995894,effect_20-25
4128,962,Motor,MOp2/3,9,0.04774263030171677,28,3.111111111111111,574,0.04878048780487805,188.51076999995894,effect_20-25
4129,963,Motor,MOp2/3,4,0.021218946800763007,13,3.25,561,0.023172905525846704,188.51076999995894,effect_20-25
4130,966,Motor,MOp2/3,0,0.0,0,0.0,97,0.0,188.51076999995894,effect_20-25
4131,967,Motor,MOp2/3,3,0.015914210100572257,9,3.0,479,0.018789144050104383,188.51076999995894,effect_20-25
4132,968,Motor,MOp2/3,12,0.06365684040228903,39,3.25,554,0.0703971119133574,188.51076999995894,effect_20-25
4133,972,Motor,MOp2/3,1,0.005304736700190752,3,3.0,384,0.0078125,188.51076999995894,effect_20-25
4134,978,Motor,MOp2/3,1,0.005304736700190752,4,4.0,564,0.0070921985815602835,188.51076999995894,effect_20-25
4135,982,Motor,MOp2/3,0,0.0,0,0.0,479,0.0,188.51076999995894,effect_20-25
4136,986,Motor,MOp1,23,0.1220089441043873,74,3.217391304347826,750,0.09866666666666667,188.51076999995894,effect_20-25
4137,991,STR,ACB,0,0.0,0,0.0,20,0.0,188.51076999995894,effect_20-25
4138,992,STR,ACB,24,0.12731368080457806,88,3.6666666666666665,1366,0.06442166910688141,188.51076999995894,effect_20-25
4139,993,STR,ACB,3,0.015914210100572257,9,3.0,398,0.022613065326633167,188.51076999995894,effect_20-25
4140,995,STR,ACB,1,0.005304736700190752,3,3.0,42,0.07142857142857142,188.51076999995894,effect_20-25
4141,997,STR,ACB,41,0.21749420470782083,132,3.2195121951219514,2130,0.061971830985915494,188.51076999995894,effect_20-25
4142,1000,STR,ACB,1,0.005304736700190752,3,3.0,38,0.07894736842105263,188.51076999995894,effect_20-25
4143,1001,STR,ACB,0,0.0,0,0.0,20,0.0,188.51076999995894,effect_20-25
4144,1003,STR,ACB,1,0.005304736700190752,3,3.0,81,0.037037037037037035,188.51076999995894,effect_20-25
4145,1006,STR,ACB,0,0.0,0,0.0,21,0.0,188.51076999995894,effect_20-25
4146,1007,STR,ACB,0,0.0,0,0.0,122,0.0,188.51076999995894,effect_20-25
4147,1013,STR,ACB,0,0.0,0,0.0,7,0.0,188.51076999995894,effect_20-25
4148,1014,STR,ACB,0,0.0,0,0.0,9,0.0,188.51076999995894,effect_20-25
4149,1015,STR,ACB,0,0.0,0,0.0,3,0.0,188.51076999995894,effect_20-25
4150,1020,STR,ACB,0,0.0,0,0.0,253,0.0,188.51076999995894,effect_20-25
4151,1021,STR,ACB,0,0.0,0,0.0,71,0.0,188.51076999995894,effect_20-25
4152,1022,STR,ACB,9,0.04774263030171677,28,3.111111111111111,938,0.029850746268656716,188.51076999995894,effect_20-25
4153,1023,STR,ACB,0,0.0,0,0.0,5,0.0,188.51076999995894,effect_20-25
4154,1024,Other,OLF,0,0.0,0,0.0,19,0.0,188.51076999995894,effect_20-25
4155,1025,Other,OLF,0,0.0,0,0.0,26,0.0,188.51076999995894,effect_20-25
4156,1026,Other,OLF,0,0.0,0,0.0,1342,0.0,188.51076999995894,effect_20-25
4157,1027,Other,OLF,0,0.0,0,0.0,213,0.0,188.51076999995894,effect_20-25
4158,1028,Other,OLF,0,0.0,0,0.0,5,0.0,188.51076999995894,effect_20-25
4159,1032,Other,OLF,0,0.0,0,0.0,28,0.0,188.51076999995894,effect_20-25
4160,1033,Other,OLF,0,0.0,0,0.0,355,0.0,188.51076999995894,effect_20-25
4161,1035,Other,ORBl5,2,0.010609473400381503,6,3.0,1163,0.005159071367153913,188.51076999995894,effect_20-25
4162,1038,Other,ORBl5,0,0.0,0,0.0,354,0.0,188.51076999995894,effect_20-25
4163,1039,Other,ORBl5,0,0.0,0,0.0,48,0.0,188.51076999995894,effect_20-25
4164,1042,Other,ORBl5,0,0.0,0,0.0,349,0.0,188.51076999995894,effect_20-25
4165,1045,Other,ORBl5,1,0.005304736700190752,3,3.0,214,0.014018691588785047,188.51076999995894,effect_20-25
4166,1047,Other,ORBl5,1,0.005304736700190752,4,4.0,88,0.045454545454545456,188.51076999995894,effect_20-25
4167,1049,Other,ORBl5,7,0.037133156901335264,28,4.0,916,0.03056768558951965,188.51076999995894,effect_20-25
4168,1052,Other,ORBl6a,4,0.021218946800763007,18,4.5,36,0.5,188.51076999995894,effect_20-25
4169,1054,Other,ORBl6a,0,0.0,0,0.0,43,0.0,188.51076999995894,effect_20-25
4170,1058,Other,ORBl6a,0,0.0,0,0.0,4,0.0,188.51076999995894,effect_20-25
4171,1059,Other,ORBl6a,0,0.0,0,0.0,134,0.0,188.51076999995894,effect_20-25
4172,1060,Other,ORBl6a,0,0.0,0,0.0,455,0.0,188.51076999995894,effect_20-25
4173,1063,Other,ORBl6a,0,0.0,0,0.0,192,0.0,188.51076999995894,effect_20-25
4174,1064,Other,ORBl6a,0,0.0,0,0.0,100,0.0,188.51076999995894,effect_20-25
4175,1067,Other,ORBl6a,0,0.0,0,0.0,550,0.0,188.51076999995894,effect_20-25
4176,1068,Other,ORBl6a,0,0.0,0,0.0,30,0.0,188.51076999995894,effect_20-25
4177,1069,Other,ORBl6a,0,0.0,0,0.0,900,0.0,188.51076999995894,effect_20-25
4178,1070,Other,ORBl6a,0,0.0,0,0.0,204,0.0,188.51076999995894,effect_20-25
4179,1071,Other,ORBl6a,0,0.0,0,0.0,2479,0.0,188.51076999995894,effect_20-25
4180,1072,Other,ORBl6a,0,0.0,0,0.0,23,0.0,188.51076999995894,effect_20-25
4181,1073,Other,ORBl6a,0,0.0,0,0.0,15,0.0,188.51076999995894,effect_20-25
4182,1074,Other,ORBl6a,0,0.0,0,0.0,24,0.0,188.51076999995894,effect_20-25
4183,1076,Other,ORBl6a,0,0.0,0,0.0,153,0.0,188.51076999995894,effect_20-25
4184,1078,Other,ORBl6b,1,0.005304736700190752,3,3.0,175,0.017142857142857144,188.51076999995894,effect_20-25
4185,1079,Other,ORBl6b,0,0.0,0,0.0,446,0.0,188.51076999995894,effect_20-25
4186,1080,Other,ORBl6b,0,0.0,0,0.0,1,0.0,188.51076999995894,effect_20-25
4187,1081,Other,ORBl6b,0,0.0,0,0.0,51,0.0,188.51076999995894,effect_20-25
4188,1082,Other,ORBl6b,0,0.0,0,0.0,38,0.0,188.51076999995894,effect_20-25
4189,1083,Other,ORBl6b,0,0.0,0,0.0,10,0.0,188.51076999995894,effect_20-25
4190,1084,Other,scwm,0,0.0,0,0.0,38,0.0,188.51076999995894,effect_20-25
4191,1085,Other,scwm,0,0.0,0,0.0,16,0.0,188.51076999995894,effect_20-25
4192,1087,Other,scwm,1,0.005304736700190752,3,3.0,410,0.007317073170731708,188.51076999995894,effect_20-25
4193,1089,Other,AId6a,5,0.02652368350095376,27,5.4,1374,0.019650655021834062,188.51076999995894,effect_20-25
4194,1090,Other,AId6a,0,0.0,0,0.0,94,0.0,188.51076999995894,effect_20-25
4195,1092,Other,AId6a,0,0.0,0,0.0,129,0.0,188.51076999995894,effect_20-25
4196,1094,Motor,MOs6a,0,0.0,0,0.0,15,0.0,188.51076999995894,effect_20-25
4197,1095,Motor,MOs6a,0,0.0,0,0.0,3,0.0,188.51076999995894,effect_20-25
4198,1096,Motor,MOs6a,0,0.0,0,0.0,195,0.0,188.51076999995894,effect_20-25
4199,1097,Motor,MOs6a,0,0.0,0,0.0,109,0.0,188.51076999995894,effect_20-25
4200,1100,Motor,MOs6a,0,0.0,0,0.0,7,0.0,188.51076999995894,effect_20-25
4201,1103,Motor,MOs6a,0,0.0,0,0.0,62,0.0,188.51076999995894,effect_20-25
4202,1113,Motor,MOs6a,0,0.0,0,0.0,815,0.0,188.51076999995894,effect_20-25
4203,1114,Motor,MOs5,1,0.005304736700190752,3,3.0,1085,0.0027649769585253456,188.51076999995894,effect_20-25
4204,1116,Motor,MOs5,1,0.005304736700190752,3,3.0,433,0.006928406466512702,188.51076999995894,effect_20-25
4205,1117,Motor,MOs5,3,0.015914210100572257,10,3.3333333333333335,71,0.14084507042253522,188.51076999995894,effect_20-25
4206,1118,Motor,MOs5,4,0.021218946800763007,13,3.25,348,0.03735632183908046,188.51076999995894,effect_20-25
4207,1122,Motor,MOs5,2,0.010609473400381503,6,3.0,373,0.0160857908847185,188.51076999995894,effect_20-25
4208,1126,Motor,MOs5,0,0.0,0,0.0,104,0.0,188.51076999995894,effect_20-25
4209,1128,Motor,MOs5,0,0.0,0,0.0,136,0.0,188.51076999995894,effect_20-25
4210,1130,Motor,MOs5,4,0.021218946800763007,14,3.5,651,0.021505376344086023,188.51076999995894,effect_20-25
4211,1132,Motor,MOp5,1,0.005304736700190752,3,3.0,226,0.01327433628318584,188.51076999995894,effect_20-25
4212,1133,Motor,MOp5,2,0.010609473400381503,6,3.0,445,0.01348314606741573,188.51076999995894,effect_20-25
4213,1136,Motor,MOp5,0,0.0,0,0.0,383,0.0,188.51076999995894,effect_20-25
4214,1137,Motor,MOp5,0,0.0,0,0.0,68,0.0,188.51076999995894,effect_20-25
4215,1138,Motor,MOp2/3,0,0.0,0,0.0,206,0.0,188.51076999995894,effect_20-25
4216,1140,Motor,MOp2/3,1,0.005304736700190752,3,3.0,468,0.00641025641025641,188.51076999995894,effect_20-25
4217,1141,Motor,MOp2/3,2,0.010609473400381503,6,3.0,670,0.008955223880597015,188.51076999995894,effect_20-25
4218,1142,Motor,MOp2/3,0,0.0,0,0.0,297,0.0,188.51076999995894,effect_20-25
4219,1143,Motor,MOp2/3,0,0.0,0,0.0,202,0.0,188.51076999995894,effect_20-25
4220,1148,Motor,MOp2/3,1,0.005304736700190752,3,3.0,204,0.014705882352941176,188.51076999995894,effect_20-25
4221,1150,STR,ACB,0,0.0,0,0.0,19,0.0,188.51076999995894,effect_20-25
4222,1158,STR,ACB,0,0.0,0,0.0,11,0.0,188.51076999995894,effect_20-25
4223,1159,STR,ACB,0,0.0,0,0.0,173,0.0,188.51076999995894,effect_20-25
4224,1160,Other,OLF,0,0.0,0,0.0,11,0.0,188.51076999995894,effect_20-25
4225,1161,Other,ORBl5,0,0.0,0,0.0,80,0.0,188.51076999995894,effect_20-25
4226,1162,Other,ORBl5,0,0.0,0,0.0,20,0.0,188.51076999995894,effect_20-25
4227,1164,Other,ORBl5,3,0.015914210100572257,9,3.0,574,0.0156794425087108,188.51076999995894,effect_20-25
4228,1166,Other,ORBl6a,0,0.0,0,0.0,224,0.0,188.51076999995894,effect_20-25
4229,1168,Other,ORBl6a,0,0.0,0,0.0,39,0.0,188.51076999995894,effect_20-25
4230,1169,Other,ORBl6a,1,0.005304736700190752,3,3.0,295,0.010169491525423728,188.51076999995894,effect_20-25
4231,1172,Other,ORBl6a,0,0.0,0,0.0,46,0.0,188.51076999995894,effect_20-25
4232,1173,Other,ORBl6a,0,0.0,0,0.0,40,0.0,188.51076999995894,effect_20-25
4233,1174,Other,ORBl6a,0,0.0,0,0.0,37,0.0,188.51076999995894,effect_20-25
4234,1175,Other,ORBl6a,1,0.005304736700190752,7,7.0,9,0.7777777777777778,188.51076999995894,effect_20-25
4235,1176,Other,ORBl6a,0,0.0,0,0.0,11,0.0,188.51076999995894,effect_20-25
4236,1178,Other,ORBl6b,0,0.0,0,0.0,264,0.0,188.51076999995894,effect_20-25
4237,1179,Other,ORBl6b,0,0.0,0,0.0,33,0.0,188.51076999995894,effect_20-25
4238,1180,Other,scwm,0,0.0,0,0.0,150,0.0,188.51076999995894,effect_20-25
4239,1183,Motor,MOs6a,1,0.005304736700190752,5,5.0,80,0.0625,188.51076999995894,effect_20-25
4240,1186,Motor,MOs5,1,0.005304736700190752,5,5.0,1710,0.0029239766081871343,188.51076999995894,effect_20-25
4241,1187,Motor,MOs5,0,0.0,0,0.0,61,0.0,188.51076999995894,effect_20-25
4242,1190,Motor,MOp5,0,0.0,0,0.0,252,0.0,188.51076999995894,effect_20-25
4243,1192,Other,ORBl5,0,0.0,0,0.0,40,0.0,188.51076999995894,effect_20-25
4244,1194,Other,ORBl6a,0,0.0,0,0.0,27,0.0,188.51076999995894,effect_20-25
4245,1195,Other,ORBl6a,0,0.0,0,0.0,166,0.0,188.51076999995894,effect_20-25
4246,1197,Other,ORBl6a,0,0.0,0,0.0,18,0.0,188.51076999995894,effect_20-25
4247,1200,STR,ACB,0,0.0,0,0.0,403,0.0,188.51076999995894,effect_20-25
4248,1201,STR,ACB,3,0.015914210100572257,10,3.3333333333333335,584,0.017123287671232876,188.51076999995894,effect_20-25
4249,1202,STR,ACB,0,0.0,0,0.0,665,0.0,188.51076999995894,effect_20-25
4250,1203,Other,OLF,0,0.0,0,0.0,51,0.0,188.51076999995894,effect_20-25
4251,1205,Other,ORBl5,5,0.02652368350095376,16,3.2,1873,0.008542445274959957,188.51076999995894,effect_20-25
4252,1208,Other,ORBl5,0,0.0,0,0.0,4,0.0,188.51076999995894,effect_20-25
4253,1209,Other,ORBl6a,0,0.0,0,0.0,1030,0.0,188.51076999995894,effect_20-25
4254,1211,Other,ORBl6a,2,0.010609473400381503,7,3.5,575,0.01217391304347826,188.51076999995894,effect_20-25
4255,1212,Other,ORBl6a,1,0.005304736700190752,3,3.0,25,0.12,188.51076999995894,effect_20-25
4256,1213,Other,ORBl6a,1,0.005304736700190752,3,3.0,330,0.00909090909090909,188.51076999995894,effect_20-25
4257,1214,Other,AId6a,0,0.0,0,0.0,822,0.0,188.51076999995894,effect_20-25
4258,1218,Motor,MOp5,0,0.0,0,0.0,1121,0.0,188.51076999995894,effect_20-25
4259,1224,STR,ACB,0,0.0,0,0.0,111,0.0,188.51076999995894,effect_20-25
4260,1225,Other,ORBl6a,0,0.0,0,0.0,20,0.0,188.51076999995894,effect_20-25
4261,1226,Other,ORBl5,0,0.0,0,0.0,6,0.0,188.51076999995894,effect_20-25
4262,1228,Other,ORBl6a,1,0.005304736700190752,3,3.0,94,0.031914893617021274,188.51076999995894,effect_20-25
4263,0,Thalamus,PO,9,0.04049911104452151,20,2.2222222222222223,2035,0.009828009828009828,222.22709999995095,effect_25-30
4264,2,Thalamus,PO,3,0.01349970368150717,5,1.6666666666666667,1982,0.0025227043390514633,222.22709999995095,effect_25-30
4265,3,Thalamus,PO,12,0.05399881472602868,25,2.0833333333333335,943,0.026511134676564158,222.22709999995095,effect_25-30
4266,5,Thalamus,PO,9,0.04049911104452151,17,1.8888888888888888,1493,0.011386470194239785,222.22709999995095,effect_25-30
4267,7,Thalamus,PO,6,0.02699940736301434,9,1.5,467,0.019271948608137045,222.22709999995095,effect_25-30
4268,8,Thalamus,PO,7,0.0314993085901834,11,1.5714285714285714,334,0.03293413173652695,222.22709999995095,effect_25-30
4269,9,Thalamus,PO,52,0.23399486381279094,109,2.0961538461538463,2280,0.04780701754385965,222.22709999995095,effect_25-30
4270,10,Thalamus,PO,11,0.049498913498859626,19,1.7272727272727273,526,0.03612167300380228,222.22709999995095,effect_25-30
4271,13,Thalamus,PO,0,0.0,0,0.0,205,0.0,222.22709999995095,effect_25-30
4272,16,Thalamus,PO,17,0.07649832086187397,34,2.0,521,0.06525911708253358,222.22709999995095,effect_25-30
4273,17,Thalamus,PO,5,0.022499506135845285,10,2.0,783,0.01277139208173691,222.22709999995095,effect_25-30
4274,18,Thalamus,PO,7,0.0314993085901834,13,1.8571428571428572,1318,0.009863429438543247,222.22709999995095,effect_25-30
4275,19,Thalamus,PO,8,0.035999209817352454,17,2.125,756,0.022486772486772486,222.22709999995095,effect_25-30
4276,23,Thalamus,PO,8,0.035999209817352454,16,2.0,1287,0.012432012432012432,222.22709999995095,effect_25-30
4277,25,Thalamus,PO,0,0.0,0,0.0,84,0.0,222.22709999995095,effect_25-30
4278,27,Thalamus,PO,1,0.004499901227169057,1,1.0,255,0.00392156862745098,222.22709999995095,effect_25-30
4279,28,Thalamus,PO,10,0.04499901227169057,18,1.8,437,0.041189931350114416,222.22709999995095,effect_25-30
4280,29,Thalamus,PO,31,0.13949693804224075,58,1.8709677419354838,2181,0.026593305823016965,222.22709999995095,effect_25-30
4281,31,Thalamus,PO,4,0.017999604908676227,8,2.0,723,0.011065006915629323,222.22709999995095,effect_25-30
4282,32,Thalamus,PO,14,0.0629986171803668,24,1.7142857142857142,770,0.03116883116883117,222.22709999995095,effect_25-30
4283,33,Thalamus,PO,10,0.04499901227169057,26,2.6,1148,0.02264808362369338,222.22709999995095,effect_25-30
4284,34,Thalamus,PO,17,0.07649832086187397,37,2.176470588235294,1661,0.022275737507525588,222.22709999995095,effect_25-30
4285,35,Thalamus,PO,26,0.11699743190639547,55,2.1153846153846154,2761,0.0199203187250996,222.22709999995095,effect_25-30
4286,36,Thalamus,PO,2,0.008999802454338113,4,2.0,1875,0.0021333333333333334,222.22709999995095,effect_25-30
4287,38,Thalamus,PO,5,0.022499506135845285,8,1.6,530,0.01509433962264151,222.22709999995095,effect_25-30
4288,39,Thalamus,PO,1,0.004499901227169057,1,1.0,1242,0.0008051529790660225,222.22709999995095,effect_25-30
4289,40,Thalamus,PO,13,0.058498715953197736,25,1.9230769230769231,1307,0.019127773527161437,222.22709999995095,effect_25-30
4290,41,Thalamus,PO,19,0.08549812331621208,27,1.4210526315789473,1682,0.01605231866825208,222.22709999995095,effect_25-30
4291,42,Thalamus,PO,23,0.10349772822488831,38,1.6521739130434783,1390,0.027338129496402876,222.22709999995095,effect_25-30
4292,43,Thalamus,PO,17,0.07649832086187397,37,2.176470588235294,2164,0.017097966728280962,222.22709999995095,effect_25-30
4293,44,Thalamus,PO,18,0.08099822208904302,29,1.6111111111111112,2467,0.011755168220510741,222.22709999995095,effect_25-30
4294,46,Thalamus,PO,1,0.004499901227169057,2,2.0,144,0.013888888888888888,222.22709999995095,effect_25-30
4295,47,Thalamus,PO,15,0.06749851840753586,29,1.9333333333333333,1462,0.019835841313269494,222.22709999995095,effect_25-30
4296,50,Thalamus,PO,63,0.2834937773116506,128,2.0317460317460316,3346,0.03825463239689181,222.22709999995095,effect_25-30
4297,53,Thalamus,PO,9,0.04049911104452151,17,1.8888888888888888,1446,0.011756569847856155,222.22709999995095,effect_25-30
4298,54,Thalamus,PO,10,0.04499901227169057,20,2.0,1993,0.010035122930255895,222.22709999995095,effect_25-30
4299,55,Thalamus,PO,25,0.11249753067922642,55,2.2,2553,0.02154328241284763,222.22709999995095,effect_25-30
4300,56,Thalamus,PO,14,0.0629986171803668,29,2.0714285714285716,1258,0.023052464228934817,222.22709999995095,effect_25-30
4301,57,Thalamus,PO,22,0.09899782699771925,46,2.090909090909091,2417,0.019031857674803476,222.22709999995095,effect_25-30
4302,58,Thalamus,PO,1,0.004499901227169057,2,2.0,1225,0.0016326530612244899,222.22709999995095,effect_25-30
4303,59,Thalamus,PO,33,0.14849674049657888,63,1.9090909090909092,1335,0.04719101123595506,222.22709999995095,effect_25-30
4304,61,Thalamus,PO,11,0.049498913498859626,21,1.9090909090909092,1816,0.011563876651982379,222.22709999995095,effect_25-30
4305,62,Thalamus,PO,12,0.05399881472602868,25,2.0833333333333335,2457,0.010175010175010175,222.22709999995095,effect_25-30
4306,64,Thalamus,PO,5,0.022499506135845285,7,1.4,2171,0.0032243205895900505,222.22709999995095,effect_25-30
4307,65,Thalamus,PO,31,0.13949693804224075,63,2.032258064516129,1730,0.03641618497109827,222.22709999995095,effect_25-30
4308,66,Thalamus,PO,20,0.08999802454338114,29,1.45,1391,0.020848310567936738,222.22709999995095,effect_25-30
4309,68,Thalamus,PO,5,0.022499506135845285,9,1.8,1717,0.0052417006406523005,222.22709999995095,effect_25-30
4310,69,Thalamus,PO,7,0.0314993085901834,14,2.0,2233,0.006269592476489028,222.22709999995095,effect_25-30
4311,72,Thalamus,PO,172,0.7739830110730778,300,1.744186046511628,5880,0.05102040816326531,222.22709999995095,effect_25-30
4312,74,Thalamus,PO,21,0.09449792577055019,42,2.0,1394,0.03012912482065997,222.22709999995095,effect_25-30
4313,75,Thalamus,PO,10,0.04499901227169057,20,2.0,913,0.02190580503833516,222.22709999995095,effect_25-30
4314,78,Thalamus,PO,23,0.10349772822488831,43,1.8695652173913044,2218,0.0193868349864743,222.22709999995095,effect_25-30
4315,80,Thalamus,PO,53,0.23849476503996,135,2.547169811320755,3179,0.04246618433469645,222.22709999995095,effect_25-30
4316,82,Thalamus,PO,7,0.0314993085901834,13,1.8571428571428572,320,0.040625,222.22709999995095,effect_25-30
4317,83,Thalamus,PO,32,0.14399683926940982,61,1.90625,2054,0.02969814995131451,222.22709999995095,effect_25-30
4318,84,Thalamus,PO,9,0.04049911104452151,16,1.7777777777777777,2613,0.006123230003827019,222.22709999995095,effect_25-30
4319,85,Thalamus,PO,37,0.1664963454052551,84,2.27027027027027,2247,0.037383177570093455,222.22709999995095,effect_25-30
4320,86,Thalamus,PO,23,0.10349772822488831,42,1.826086956521739,3125,0.01344,222.22709999995095,effect_25-30
4321,88,Thalamus,PO,6,0.02699940736301434,10,1.6666666666666667,1369,0.007304601899196494,222.22709999995095,effect_25-30
4322,90,Thalamus,PO,24,0.10799762945205736,50,2.0833333333333335,1277,0.03915426781519186,222.22709999995095,effect_25-30
4323,92,Thalamus,PO,13,0.058498715953197736,32,2.4615384615384617,1106,0.028933092224231464,222.22709999995095,effect_25-30
4324,95,Thalamus,PO,8,0.035999209817352454,18,2.25,2132,0.008442776735459663,222.22709999995095,effect_25-30
4325,96,Thalamus,PO,6,0.02699940736301434,13,2.1666666666666665,807,0.0161090458488228,222.22709999995095,effect_25-30
4326,97,Thalamus,PO,12,0.05399881472602868,19,1.5833333333333333,982,0.019348268839103868,222.22709999995095,effect_25-30
4327,98,Thalamus,PO,37,0.1664963454052551,72,1.945945945945946,2966,0.024275118004045852,222.22709999995095,effect_25-30
4328,99,Thalamus,PO,30,0.13499703681507172,67,2.2333333333333334,1081,0.061979648473635525,222.22709999995095,effect_25-30
4329,102,Thalamus,PO,16,0.07199841963470491,30,1.875,2580,0.011627906976744186,222.22709999995095,effect_25-30
4330,103,Thalamus,PO,6,0.02699940736301434,12,2.0,1985,0.006045340050377834,222.22709999995095,effect_25-30
4331,104,Thalamus,PO,14,0.0629986171803668,28,2.0,479,0.05845511482254697,222.22709999995095,effect_25-30
4332,106,Thalamus,PO,11,0.049498913498859626,27,2.4545454545454546,1340,0.020149253731343283,222.22709999995095,effect_25-30
4333,108,Thalamus,PO,1,0.004499901227169057,2,2.0,1672,0.0011961722488038277,222.22709999995095,effect_25-30
4334,109,Thalamus,PO,20,0.08999802454338114,50,2.5,1793,0.02788622420524261,222.22709999995095,effect_25-30
4335,111,Thalamus,PO,15,0.06749851840753586,31,2.066666666666667,1670,0.018562874251497007,222.22709999995095,effect_25-30
4336,112,Thalamus,PO,84,0.37799170308220076,210,2.5,2417,0.08688456764584196,222.22709999995095,effect_25-30
4337,114,Thalamus,PO,10,0.04499901227169057,19,1.9,1924,0.009875259875259876,222.22709999995095,effect_25-30
4338,116,Thalamus,PO,22,0.09899782699771925,50,2.272727272727273,2405,0.02079002079002079,222.22709999995095,effect_25-30
4339,117,Thalamus,PO,16,0.07199841963470491,33,2.0625,1491,0.022132796780684104,222.22709999995095,effect_25-30
4340,120,Thalamus,PO,24,0.10799762945205736,38,1.5833333333333333,2543,0.014942980731419583,222.22709999995095,effect_25-30
4341,121,Thalamus,PO,7,0.0314993085901834,13,1.8571428571428572,1322,0.009833585476550681,222.22709999995095,effect_25-30
4342,124,Thalamus,PO,9,0.04049911104452151,16,1.7777777777777777,1898,0.008429926238145416,222.22709999995095,effect_25-30
4343,125,Thalamus,PO,9,0.04049911104452151,21,2.3333333333333335,1497,0.014028056112224449,222.22709999995095,effect_25-30
4344,126,Thalamus,PO,19,0.08549812331621208,33,1.736842105263158,2445,0.013496932515337423,222.22709999995095,effect_25-30
4345,128,Thalamus,PO,40,0.17999604908676228,89,2.225,1445,0.061591695501730104,222.22709999995095,effect_25-30
4346,129,Thalamus,PO,2,0.008999802454338113,5,2.5,1057,0.004730368968779565,222.22709999995095,effect_25-30
4347,131,Thalamus,PO,9,0.04049911104452151,22,2.4444444444444446,2138,0.01028999064546305,222.22709999995095,effect_25-30
4348,132,Thalamus,PO,4,0.017999604908676227,6,1.5,921,0.006514657980456026,222.22709999995095,effect_25-30
4349,133,Thalamus,PO,19,0.08549812331621208,35,1.8421052631578947,1283,0.027279812938425563,222.22709999995095,effect_25-30
4350,134,Thalamus,PO,2,0.008999802454338113,3,1.5,1014,0.0029585798816568047,222.22709999995095,effect_25-30
4351,135,Thalamus,PO,5,0.022499506135845285,7,1.4,2041,0.0034296913277804997,222.22709999995095,effect_25-30
4352,138,Thalamus,PO,14,0.0629986171803668,30,2.142857142857143,1574,0.01905972045743329,222.22709999995095,effect_25-30
4353,139,Thalamus,PO,0,0.0,0,0.0,54,0.0,222.22709999995095,effect_25-30
4354,141,Thalamus,PO,5,0.022499506135845285,9,1.8,1910,0.004712041884816754,222.22709999995095,effect_25-30
4355,142,Thalamus,PO,14,0.0629986171803668,32,2.2857142857142856,1788,0.017897091722595078,222.22709999995095,effect_25-30
4356,144,Thalamus,PO,0,0.0,0,0.0,52,0.0,222.22709999995095,effect_25-30
4357,146,Thalamus,PO,10,0.04499901227169057,16,1.6,899,0.017797552836484983,222.22709999995095,effect_25-30
4358,147,Thalamus,PO,5,0.022499506135845285,8,1.6,959,0.008342022940563087,222.22709999995095,effect_25-30
4359,148,Thalamus,PO,74,0.3329926908105102,134,1.8108108108108107,3764,0.035600425079702444,222.22709999995095,effect_25-30
4360,149,Thalamus,PO,0,0.0,0,0.0,104,0.0,222.22709999995095,effect_25-30
4361,151,Thalamus,PO,8,0.035999209817352454,13,1.625,1671,0.007779772591262717,222.22709999995095,effect_25-30
4362,155,Thalamus,PO,7,0.0314993085901834,10,1.4285714285714286,1270,0.007874015748031496,222.22709999995095,effect_25-30
4363,157,Thalamus,PO,2,0.008999802454338113,3,1.5,2321,0.0012925463162429987,222.22709999995095,effect_25-30
4364,158,Thalamus,PO,4,0.017999604908676227,5,1.25,2106,0.0023741690408357074,222.22709999995095,effect_25-30
4365,162,Thalamus,PO,5,0.022499506135845285,6,1.2,2204,0.0027223230490018148,222.22709999995095,effect_25-30
4366,163,Thalamus,PO,5,0.022499506135845285,9,1.8,1892,0.0047568710359408035,222.22709999995095,effect_25-30
4367,164,Thalamus,PO,0,0.0,0,0.0,52,0.0,222.22709999995095,effect_25-30
4368,166,Thalamus,PO,2,0.008999802454338113,4,2.0,461,0.008676789587852495,222.22709999995095,effect_25-30
4369,172,Thalamus,PO,3,0.01349970368150717,9,3.0,1052,0.008555133079847909,222.22709999995095,effect_25-30
4370,173,Thalamus,PO,2,0.008999802454338113,4,2.0,2841,0.0014079549454417458,222.22709999995095,effect_25-30
4371,175,Thalamus,PO,1,0.004499901227169057,2,2.0,878,0.002277904328018223,222.22709999995095,effect_25-30
4372,176,Thalamus,PO,1,0.004499901227169057,1,1.0,1595,0.0006269592476489029,222.22709999995095,effect_25-30
4373,178,Thalamus,PO,0,0.0,0,0.0,2102,0.0,222.22709999995095,effect_25-30
4374,180,Thalamus,PO,12,0.05399881472602868,23,1.9166666666666667,2890,0.00795847750865052,222.22709999995095,effect_25-30
4375,181,Thalamus,PO,6,0.02699940736301434,12,2.0,2252,0.0053285968028419185,222.22709999995095,effect_25-30
4376,186,Thalamus,PO,1,0.004499901227169057,1,1.0,659,0.0015174506828528073,222.22709999995095,effect_25-30
4377,188,Thalamus,PO,3,0.01349970368150717,4,1.3333333333333333,2527,0.0015829046299960427,222.22709999995095,effect_25-30
4378,189,Thalamus,PO,0,0.0,0,0.0,4858,0.0,222.22709999995095,effect_25-30
4379,190,Thalamus,PO,0,0.0,0,0.0,1104,0.0,222.22709999995095,effect_25-30
4380,192,Thalamus,PO,0,0.0,0,0.0,630,0.0,222.22709999995095,effect_25-30
4381,193,Thalamus,PO,1,0.004499901227169057,2,2.0,2342,0.0008539709649871904,222.22709999995095,effect_25-30
4382,194,Thalamus,PO,0,0.0,0,0.0,1700,0.0,222.22709999995095,effect_25-30
4383,195,Thalamus,PO,0,0.0,0,0.0,2352,0.0,222.22709999995095,effect_25-30
4384,196,Thalamus,PO,0,0.0,0,0.0,2,0.0,222.22709999995095,effect_25-30
4385,204,Thalamus,LD,10,0.04499901227169057,16,1.6,2726,0.00586940572267058,222.22709999995095,effect_25-30
4386,207,Thalamus,LD,6,0.02699940736301434,8,1.3333333333333333,2910,0.0027491408934707906,222.22709999995095,effect_25-30
4387,209,Thalamus,LD,9,0.04049911104452151,24,2.6666666666666665,2859,0.008394543546694649,222.22709999995095,effect_25-30
4388,210,Thalamus,LD,2,0.008999802454338113,3,1.5,1816,0.0016519823788546256,222.22709999995095,effect_25-30
4389,214,Thalamus,LD,8,0.035999209817352454,21,2.625,3206,0.006550218340611353,222.22709999995095,effect_25-30
4390,216,Thalamus,LD,10,0.04499901227169057,25,2.5,2990,0.008361204013377926,222.22709999995095,effect_25-30
4391,221,Thalamus,LD,0,0.0,0,0.0,523,0.0,222.22709999995095,effect_25-30
4392,222,Thalamus,LD,11,0.049498913498859626,17,1.5454545454545454,3365,0.005052005943536404,222.22709999995095,effect_25-30
4393,224,Thalamus,LD,22,0.09899782699771925,58,2.6363636363636362,2937,0.01974804221995233,222.22709999995095,effect_25-30
4394,225,Thalamus,LD,40,0.17999604908676228,112,2.8,2021,0.05541810984661059,222.22709999995095,effect_25-30
4395,226,Thalamus,LD,0,0.0,0,0.0,278,0.0,222.22709999995095,effect_25-30
4396,230,Thalamus,LD,15,0.06749851840753586,36,2.4,3031,0.011877268228307489,222.22709999995095,effect_25-30
4397,238,Other,DG-mo,20,0.08999802454338114,87,4.35,1286,0.06765163297045101,222.22709999995095,effect_25-30
4398,239,Other,CA3,0,0.0,0,0.0,1950,0.0,222.22709999995095,effect_25-30
4399,240,Other,CA3,0,0.0,0,0.0,1646,0.0,222.22709999995095,effect_25-30
4400,241,Other,CA3,1,0.004499901227169057,3,3.0,3686,0.0008138903960933261,222.22709999995095,effect_25-30
4401,243,Other,CA3,0,0.0,0,0.0,179,0.0,222.22709999995095,effect_25-30
4402,244,Other,CA3,0,0.0,0,0.0,2408,0.0,222.22709999995095,effect_25-30
4403,246,Other,CA3,7,0.0314993085901834,33,4.714285714285714,105,0.3142857142857143,222.22709999995095,effect_25-30
4404,247,Other,CA3,31,0.13949693804224075,110,3.5483870967741935,424,0.25943396226415094,222.22709999995095,effect_25-30
4405,248,Other,CA3,0,0.0,0,0.0,466,0.0,222.22709999995095,effect_25-30
4406,249,Other,CA3,0,0.0,0,0.0,98,0.0,222.22709999995095,effect_25-30
4407,251,Other,CA3,0,0.0,0,0.0,5094,0.0,222.22709999995095,effect_25-30
4408,253,Other,DG-po,0,0.0,0,0.0,18,0.0,222.22709999995095,effect_25-30
4409,262,Other,CA1,0,0.0,0,0.0,437,0.0,222.22709999995095,effect_25-30
4410,263,Other,CA1,0,0.0,0,0.0,968,0.0,222.22709999995095,effect_25-30
4411,264,Other,CA1,2,0.008999802454338113,8,4.0,4544,0.0017605633802816902,222.22709999995095,effect_25-30
4412,270,Other,CA1,17,0.07649832086187397,59,3.4705882352941178,4083,0.014450159196669116,222.22709999995095,effect_25-30
4413,283,Other,CA1,15,0.06749851840753586,53,3.533333333333333,356,0.14887640449438203,222.22709999995095,effect_25-30
4414,291,Other,CA1,0,0.0,0,0.0,253,0.0,222.22709999995095,effect_25-30
4415,300,Other,cing,2,0.008999802454338113,6,3.0,310,0.01935483870967742,222.22709999995095,effect_25-30
4416,305,Somatosensory,SSp-tr6a,0,0.0,0,0.0,1987,0.0,222.22709999995095,effect_25-30
4417,308,Somatosensory,SSp-tr6a,2,0.008999802454338113,9,4.5,1924,0.004677754677754678,222.22709999995095,effect_25-30
4418,309,Somatosensory,SSp-tr6a,0,0.0,0,0.0,972,0.0,222.22709999995095,effect_25-30
4419,310,Somatosensory,SSp-tr6a,0,0.0,0,0.0,49,0.0,222.22709999995095,effect_25-30
4420,311,Somatosensory,SSp-tr6a,0,0.0,0,0.0,314,0.0,222.22709999995095,effect_25-30
4421,316,Somatosensory,SSp-tr6a,0,0.0,0,0.0,1299,0.0,222.22709999995095,effect_25-30
4422,317,Somatosensory,SSp-tr6a,2,0.008999802454338113,6,3.0,1114,0.005385996409335727,222.22709999995095,effect_25-30
4423,318,Somatosensory,SSp-tr6a,15,0.06749851840753586,74,4.933333333333334,1965,0.037659033078880404,222.22709999995095,effect_25-30
4424,322,Somatosensory,SSp-tr6a,0,0.0,0,0.0,1654,0.0,222.22709999995095,effect_25-30
4425,324,Somatosensory,SSp-tr6a,0,0.0,0,0.0,0,0.0,222.22709999995095,effect_25-30
4426,326,Somatosensory,SSp-tr6a,0,0.0,0,0.0,409,0.0,222.22709999995095,effect_25-30
4427,332,Somatosensory,SSp-tr5,0,0.0,0,0.0,1103,0.0,222.22709999995095,effect_25-30
4428,333,Somatosensory,SSp-tr5,12,0.05399881472602868,42,3.5,1065,0.03943661971830986,222.22709999995095,effect_25-30
4429,337,Somatosensory,SSp-tr5,0,0.0,0,0.0,485,0.0,222.22709999995095,effect_25-30
4430,338,Somatosensory,SSp-tr5,0,0.0,0,0.0,53,0.0,222.22709999995095,effect_25-30
4431,339,Somatosensory,SSp-tr5,0,0.0,0,0.0,436,0.0,222.22709999995095,effect_25-30
4432,340,Somatosensory,SSp-tr5,0,0.0,0,0.0,1219,0.0,222.22709999995095,effect_25-30
4433,341,Somatosensory,SSp-tr5,1,0.004499901227169057,6,6.0,1193,0.005029337803855826,222.22709999995095,effect_25-30
4434,343,Somatosensory,SSp-tr5,0,0.0,0,0.0,718,0.0,222.22709999995095,effect_25-30
4435,346,Somatosensory,SSp-tr5,1,0.004499901227169057,3,3.0,3968,0.0007560483870967742,222.22709999995095,effect_25-30
4436,348,Somatosensory,SSp-tr5,0,0.0,0,0.0,1630,0.0,222.22709999995095,effect_25-30
4437,349,Somatosensory,SSp-tr5,0,0.0,0,0.0,557,0.0,222.22709999995095,effect_25-30
4438,353,Somatosensory,SSp-tr5,0,0.0,0,0.0,1576,0.0,222.22709999995095,effect_25-30
4439,355,Somatosensory,SSp-tr5,12,0.05399881472602868,37,3.0833333333333335,2395,0.015448851774530271,222.22709999995095,effect_25-30
4440,356,Somatosensory,SSp-tr5,1,0.004499901227169057,3,3.0,1870,0.0016042780748663102,222.22709999995095,effect_25-30
4441,359,Somatosensory,SSp-tr5,0,0.0,0,0.0,862,0.0,222.22709999995095,effect_25-30
4442,361,Somatosensory,SSp-tr5,0,0.0,0,0.0,923,0.0,222.22709999995095,effect_25-30
4443,362,Other,VISa5,0,0.0,0,0.0,496,0.0,222.22709999995095,effect_25-30
4444,363,Other,VISa5,0,0.0,0,0.0,1078,0.0,222.22709999995095,effect_25-30
4445,364,Other,VISa5,0,0.0,0,0.0,948,0.0,222.22709999995095,effect_25-30
4446,365,Other,VISa5,1,0.004499901227169057,3,3.0,1110,0.002702702702702703,222.22709999995095,effect_25-30
4447,366,Other,VISa5,5,0.022499506135845285,16,3.2,1100,0.014545454545454545,222.22709999995095,effect_25-30
4448,367,Other,VISa5,0,0.0,0,0.0,1155,0.0,222.22709999995095,effect_25-30
4449,373,Other,VISa5,0,0.0,0,0.0,317,0.0,222.22709999995095,effect_25-30
4450,376,Other,VISa4,0,0.0,0,0.0,820,0.0,222.22709999995095,effect_25-30
4451,377,Other,VISa4,9,0.04049911104452151,29,3.2222222222222223,2189,0.013248058474189127,222.22709999995095,effect_25-30
4452,383,Other,VISa2/3,0,0.0,0,0.0,178,0.0,222.22709999995095,effect_25-30
4453,384,Other,VISa2/3,0,0.0,0,0.0,108,0.0,222.22709999995095,effect_25-30
4454,390,Other,VISa2/3,0,0.0,0,0.0,221,0.0,222.22709999995095,effect_25-30
4455,391,Other,VISa2/3,0,0.0,0,0.0,101,0.0,222.22709999995095,effect_25-30
4456,398,Other,VISa2/3,0,0.0,0,0.0,41,0.0,222.22709999995095,effect_25-30
4457,399,Other,VISa2/3,0,0.0,0,0.0,3,0.0,222.22709999995095,effect_25-30
4458,400,Other,VISa2/3,0,0.0,0,0.0,9,0.0,222.22709999995095,effect_25-30
4459,401,Other,VISa2/3,0,0.0,0,0.0,93,0.0,222.22709999995095,effect_25-30
4460,405,Other,VISa2/3,0,0.0,0,0.0,47,0.0,222.22709999995095,effect_25-30
4461,413,Thalamus,PO,0,0.0,0,0.0,115,0.0,222.22709999995095,effect_25-30
4462,415,Thalamus,PO,4,0.017999604908676227,8,2.0,2001,0.00399800099950025,222.22709999995095,effect_25-30
4463,418,Thalamus,PO,1,0.004499901227169057,1,1.0,506,0.001976284584980237,222.22709999995095,effect_25-30
4464,421,Thalamus,PO,12,0.05399881472602868,28,2.3333333333333335,852,0.03286384976525822,222.22709999995095,effect_25-30
4465,422,Thalamus,PO,25,0.11249753067922642,44,1.76,2537,0.017343318880567598,222.22709999995095,effect_25-30
4466,423,Thalamus,PO,2,0.008999802454338113,2,1.0,406,0.0049261083743842365,222.22709999995095,effect_25-30
4467,424,Thalamus,PO,0,0.0,0,0.0,41,0.0,222.22709999995095,effect_25-30
4468,426,Thalamus,PO,10,0.04499901227169057,15,1.5,1190,0.012605042016806723,222.22709999995095,effect_25-30
4469,427,Thalamus,PO,1,0.004499901227169057,1,1.0,123,0.008130081300813009,222.22709999995095,effect_25-30
4470,428,Thalamus,PO,9,0.04049911104452151,17,1.8888888888888888,1183,0.014370245139475908,222.22709999995095,effect_25-30
4471,429,Thalamus,PO,0,0.0,0,0.0,19,0.0,222.22709999995095,effect_25-30
4472,433,Thalamus,PO,0,0.0,0,0.0,1650,0.0,222.22709999995095,effect_25-30
4473,436,Thalamus,PO,3,0.01349970368150717,6,2.0,2891,0.0020754064337599448,222.22709999995095,effect_25-30
4474,438,Thalamus,PO,0,0.0,0,0.0,2489,0.0,222.22709999995095,effect_25-30
4475,439,Thalamus,LD,3,0.01349970368150717,7,2.3333333333333335,2004,0.003493013972055888,222.22709999995095,effect_25-30
4476,440,Thalamus,LD,25,0.11249753067922642,46,1.84,2359,0.01949978804578211,222.22709999995095,effect_25-30
4477,443,Other,DG-mo,0,0.0,0,0.0,3,0.0,222.22709999995095,effect_25-30
4478,446,Other,CA3,0,0.0,0,0.0,6,0.0,222.22709999995095,effect_25-30
4479,448,Other,CA3,0,0.0,0,0.0,642,0.0,222.22709999995095,effect_25-30
4480,454,Other,CA1,0,0.0,0,0.0,691,0.0,222.22709999995095,effect_25-30
4481,456,Somatosensory,SSp-tr5,0,0.0,0,0.0,294,0.0,222.22709999995095,effect_25-30
4482,457,Other,VISa5,0,0.0,0,0.0,840,0.0,222.22709999995095,effect_25-30
4483,458,Other,VISa5,0,0.0,0,0.0,410,0.0,222.22709999995095,effect_25-30
4484,463,Other,VISa2/3,0,0.0,0,0.0,4,0.0,222.22709999995095,effect_25-30
4485,465,Other,VISa2/3,0,0.0,0,0.0,36,0.0,222.22709999995095,effect_25-30
4486,466,Other,VISa2/3,0,0.0,0,0.0,8,0.0,222.22709999995095,effect_25-30
4487,467,Other,VISa2/3,0,0.0,0,0.0,44,0.0,222.22709999995095,effect_25-30
4488,468,Other,VISa2/3,0,0.0,0,0.0,10,0.0,222.22709999995095,effect_25-30
4489,472,Other,CA1,0,0.0,0,0.0,6,0.0,222.22709999995095,effect_25-30
4490,473,Other,VISa2/3,0,0.0,0,0.0,10,0.0,222.22709999995095,effect_25-30
4491,476,Thalamus,PO,46,0.20699545644977663,105,2.282608695652174,1849,0.05678745267712277,222.22709999995095,effect_25-30
4492,478,Thalamus,PO,10,0.04499901227169057,19,1.9,1303,0.014581734458940905,222.22709999995095,effect_25-30
4493,479,Thalamus,PO,0,0.0,0,0.0,1465,0.0,222.22709999995095,effect_25-30
4494,480,Other,DG-po,4,0.017999604908676227,15,3.75,707,0.021216407355021217,222.22709999995095,effect_25-30
4495,481,Somatosensory,SSp-tr6a,18,0.08099822208904302,82,4.555555555555555,336,0.24404761904761904,222.22709999995095,effect_25-30
4496,482,Other,VISa2/3,0,0.0,0,0.0,6,0.0,222.22709999995095,effect_25-30
4497,484,Other,VISa2/3,0,0.0,0,0.0,14,0.0,222.22709999995095,effect_25-30
4498,485,Other,VISa2/3,0,0.0,0,0.0,5,0.0,222.22709999995095,effect_25-30
4499,497,Other,ccb,2,0.008999802454338113,7,3.5,319,0.0219435736677116,222.22709999995095,effect_25-30
4500,499,STR,ACB,0,0.0,0,0.0,163,0.0,222.22709999995095,effect_25-30
4501,500,STR,ACB,4,0.017999604908676227,12,3.0,1379,0.00870195794053662,222.22709999995095,effect_25-30
4502,502,STR,ACB,10,0.04499901227169057,33,3.3,1384,0.02384393063583815,222.22709999995095,effect_25-30
4503,506,STR,ACB,8,0.035999209817352454,24,3.0,979,0.024514811031664963,222.22709999995095,effect_25-30
4504,507,STR,ACB,0,0.0,0,0.0,12,0.0,222.22709999995095,effect_25-30
4505,508,STR,ACB,16,0.07199841963470491,59,3.6875,2001,0.02948525737131434,222.22709999995095,effect_25-30
4506,509,STR,ACB,47,0.21149535767694566,185,3.9361702127659575,7350,0.025170068027210883,222.22709999995095,effect_25-30
4507,510,STR,ACB,1,0.004499901227169057,3,3.0,137,0.021897810218978103,222.22709999995095,effect_25-30
4508,511,STR,ACB,3,0.01349970368150717,13,4.333333333333333,1916,0.006784968684759917,222.22709999995095,effect_25-30
4509,514,STR,ACB,3,0.01349970368150717,10,3.3333333333333335,642,0.01557632398753894,222.22709999995095,effect_25-30
4510,516,STR,ACB,5,0.022499506135845285,17,3.4,206,0.0825242718446602,222.22709999995095,effect_25-30
4511,517,STR,ACB,12,0.05399881472602868,42,3.5,1856,0.022629310344827586,222.22709999995095,effect_25-30
4512,518,STR,ACB,45,0.20249555522260757,143,3.1777777777777776,1953,0.07322068612391193,222.22709999995095,effect_25-30
4513,519,STR,ACB,19,0.08549812331621208,60,3.1578947368421053,1052,0.057034220532319393,222.22709999995095,effect_25-30
4514,524,STR,ACB,13,0.058498715953197736,46,3.5384615384615383,3775,0.012185430463576159,222.22709999995095,effect_25-30
4515,525,STR,ACB,26,0.11699743190639547,99,3.8076923076923075,546,0.1813186813186813,222.22709999995095,effect_25-30
4516,526,STR,ACB,0,0.0,0,0.0,1483,0.0,222.22709999995095,effect_25-30
4517,527,STR,ACB,2,0.008999802454338113,6,3.0,2047,0.0029311187103077674,222.22709999995095,effect_25-30
4518,530,STR,ACB,26,0.11699743190639547,91,3.5,1377,0.06608569353667393,222.22709999995095,effect_25-30
4519,532,STR,ACB,0,0.0,0,0.0,308,0.0,222.22709999995095,effect_25-30
4520,534,STR,ACB,1,0.004499901227169057,3,3.0,726,0.004132231404958678,222.22709999995095,effect_25-30
4521,543,STR,ACB,7,0.0314993085901834,22,3.142857142857143,1106,0.019891500904159132,222.22709999995095,effect_25-30
4522,544,STR,ACB,0,0.0,0,0.0,13,0.0,222.22709999995095,effect_25-30
4523,545,STR,ACB,7,0.0314993085901834,21,3.0,2434,0.008627773212818405,222.22709999995095,effect_25-30
4524,546,STR,ACB,0,0.0,0,0.0,108,0.0,222.22709999995095,effect_25-30
4525,547,STR,ACB,0,0.0,0,0.0,1267,0.0,222.22709999995095,effect_25-30
4526,548,STR,ACB,1,0.004499901227169057,3,3.0,17,0.17647058823529413,222.22709999995095,effect_25-30
4527,549,STR,ACB,14,0.0629986171803668,47,3.357142857142857,3388,0.013872491145218418,222.22709999995095,effect_25-30
4528,550,STR,ACB,0,0.0,0,0.0,2,0.0,222.22709999995095,effect_25-30
4529,553,STR,ACB,7,0.0314993085901834,22,3.142857142857143,2097,0.010491177873152123,222.22709999995095,effect_25-30
4530,556,STR,ACB,0,0.0,0,0.0,86,0.0,222.22709999995095,effect_25-30
4531,558,STR,ACB,27,0.12149733313356453,87,3.2222222222222223,1180,0.07372881355932204,222.22709999995095,effect_25-30
4532,559,STR,ACB,2,0.008999802454338113,6,3.0,658,0.00911854103343465,222.22709999995095,effect_25-30
4533,560,STR,ACB,12,0.05399881472602868,37,3.0833333333333335,583,0.0634648370497427,222.22709999995095,effect_25-30
4534,562,STR,ACB,1,0.004499901227169057,3,3.0,168,0.017857142857142856,222.22709999995095,effect_25-30
4535,563,STR,ACB,0,0.0,0,0.0,12,0.0,222.22709999995095,effect_25-30
4536,564,STR,ACB,16,0.07199841963470491,54,3.375,1459,0.037011651816312545,222.22709999995095,effect_25-30
4537,565,STR,ACB,4,0.017999604908676227,12,3.0,827,0.014510278113663845,222.22709999995095,effect_25-30
4538,566,STR,ACB,1,0.004499901227169057,3,3.0,634,0.00473186119873817,222.22709999995095,effect_25-30
4539,567,STR,ACB,15,0.06749851840753586,50,3.3333333333333335,2484,0.020128824476650563,222.22709999995095,effect_25-30
4540,568,STR,ACB,0,0.0,0,0.0,33,0.0,222.22709999995095,effect_25-30
4541,571,STR,ACB,67,0.3014933822203268,217,3.2388059701492535,3330,0.06516516516516517,222.22709999995095,effect_25-30
4542,573,STR,ACB,0,0.0,0,0.0,0,0.0,222.22709999995095,effect_25-30
4543,575,STR,ACB,0,0.0,0,0.0,146,0.0,222.22709999995095,effect_25-30
4544,576,STR,ACB,0,0.0,0,0.0,487,0.0,222.22709999995095,effect_25-30
4545,577,STR,ACB,3,0.01349970368150717,31,10.333333333333334,2796,0.011087267525035766,222.22709999995095,effect_25-30
4546,578,STR,ACB,0,0.0,0,0.0,24,0.0,222.22709999995095,effect_25-30
4547,579,STR,ACB,41,0.18449595031393132,145,3.5365853658536586,2306,0.06287944492627927,222.22709999995095,effect_25-30
4548,582,STR,STR,0,0.0,0,0.0,452,0.0,222.22709999995095,effect_25-30
4549,583,STR,STR,0,0.0,0,0.0,550,0.0,222.22709999995095,effect_25-30
4550,584,STR,STR,0,0.0,0,0.0,640,0.0,222.22709999995095,effect_25-30
4551,586,STR,STR,0,0.0,0,0.0,554,0.0,222.22709999995095,effect_25-30
4552,587,Other,OLF,0,0.0,0,0.0,1347,0.0,222.22709999995095,effect_25-30
4553,588,Other,OLF,0,0.0,0,0.0,2866,0.0,222.22709999995095,effect_25-30
4554,592,Other,OLF,1,0.004499901227169057,3,3.0,1404,0.002136752136752137,222.22709999995095,effect_25-30
4555,593,Other,OLF,0,0.0,0,0.0,491,0.0,222.22709999995095,effect_25-30
4556,594,Other,OLF,0,0.0,0,0.0,1709,0.0,222.22709999995095,effect_25-30
4557,596,Other,OLF,0,0.0,0,0.0,2024,0.0,222.22709999995095,effect_25-30
4558,598,Other,OLF,0,0.0,0,0.0,230,0.0,222.22709999995095,effect_25-30
4559,599,Other,OLF,0,0.0,0,0.0,187,0.0,222.22709999995095,effect_25-30
4560,600,Other,OLF,1,0.004499901227169057,3,3.0,3740,0.0008021390374331551,222.22709999995095,effect_25-30
4561,612,Other,OLF,0,0.0,0,0.0,296,0.0,222.22709999995095,effect_25-30
4562,616,Other,OLF,0,0.0,0,0.0,2,0.0,222.22709999995095,effect_25-30
4563,620,Other,OLF,1,0.004499901227169057,3,3.0,1049,0.002859866539561487,222.22709999995095,effect_25-30
4564,621,Other,OLF,0,0.0,0,0.0,354,0.0,222.22709999995095,effect_25-30
4565,622,Other,ORBl6a,0,0.0,0,0.0,120,0.0,222.22709999995095,effect_25-30
4566,623,Other,ORBl5,0,0.0,0,0.0,760,0.0,222.22709999995095,effect_25-30
4567,624,Other,ORBl6a,3,0.01349970368150717,9,3.0,801,0.011235955056179775,222.22709999995095,effect_25-30
4568,627,Other,ORBl5,1,0.004499901227169057,3,3.0,673,0.004457652303120356,222.22709999995095,effect_25-30
4569,628,Other,ORBl5,0,0.0,0,0.0,64,0.0,222.22709999995095,effect_25-30
4570,632,Other,ORBl5,1,0.004499901227169057,3,3.0,2440,0.0012295081967213116,222.22709999995095,effect_25-30
4571,633,Other,ORBl5,3,0.01349970368150717,12,4.0,714,0.01680672268907563,222.22709999995095,effect_25-30
4572,634,Other,ORBl5,0,0.0,0,0.0,345,0.0,222.22709999995095,effect_25-30
4573,635,Other,ORBl5,0,0.0,0,0.0,172,0.0,222.22709999995095,effect_25-30
4574,636,Other,ORBl5,1,0.004499901227169057,4,4.0,185,0.021621621621621623,222.22709999995095,effect_25-30
4575,639,Other,ORBl5,0,0.0,0,0.0,854,0.0,222.22709999995095,effect_25-30
4576,640,Other,ORBl5,0,0.0,0,0.0,1148,0.0,222.22709999995095,effect_25-30
4577,641,Other,ORBl5,1,0.004499901227169057,3,3.0,1239,0.002421307506053269,222.22709999995095,effect_25-30
4578,642,Other,ORBl5,0,0.0,0,0.0,91,0.0,222.22709999995095,effect_25-30
4579,643,Other,ORBl5,4,0.017999604908676227,12,3.0,530,0.022641509433962263,222.22709999995095,effect_25-30
4580,644,Other,ORBl5,0,0.0,0,0.0,833,0.0,222.22709999995095,effect_25-30
4581,646,Other,ORBl5,2,0.008999802454338113,7,3.5,1403,0.004989308624376337,222.22709999995095,effect_25-30
4582,648,Other,ORBl5,0,0.0,0,0.0,224,0.0,222.22709999995095,effect_25-30
4583,650,Other,ORBl5,0,0.0,0,0.0,280,0.0,222.22709999995095,effect_25-30
4584,651,Other,ORBl5,0,0.0,0,0.0,749,0.0,222.22709999995095,effect_25-30
4585,652,Other,ORBl5,5,0.022499506135845285,17,3.4,2990,0.00568561872909699,222.22709999995095,effect_25-30
4586,657,Other,ORBl5,2,0.008999802454338113,7,3.5,627,0.011164274322169059,222.22709999995095,effect_25-30
4587,658,Other,ORBl5,0,0.0,0,0.0,131,0.0,222.22709999995095,effect_25-30
4588,661,Other,ORBl5,0,0.0,0,0.0,369,0.0,222.22709999995095,effect_25-30
4589,662,Other,ORBl5,108,0.48598933253425813,468,4.333333333333333,1735,0.2697406340057637,222.22709999995095,effect_25-30
4590,663,Other,ORBl5,6,0.02699940736301434,20,3.3333333333333335,124,0.16129032258064516,222.22709999995095,effect_25-30
4591,664,Other,ORBl5,4,0.017999604908676227,21,5.25,488,0.0430327868852459,222.22709999995095,effect_25-30
4592,665,Other,ORBl5,3,0.01349970368150717,11,3.6666666666666665,1402,0.007845934379457917,222.22709999995095,effect_25-30
4593,666,Other,ORBl5,0,0.0,0,0.0,1095,0.0,222.22709999995095,effect_25-30
4594,669,Other,ORBl6a,0,0.0,0,0.0,2333,0.0,222.22709999995095,effect_25-30
4595,671,Other,ORBl5,1,0.004499901227169057,4,4.0,677,0.005908419497784343,222.22709999995095,effect_25-30
4596,673,Other,ORBl5,0,0.0,0,0.0,637,0.0,222.22709999995095,effect_25-30
4597,677,Other,ORBl5,0,0.0,0,0.0,1121,0.0,222.22709999995095,effect_25-30
4598,678,Other,ORBl5,0,0.0,0,0.0,53,0.0,222.22709999995095,effect_25-30
4599,679,Other,ORBl5,1,0.004499901227169057,4,4.0,530,0.007547169811320755,222.22709999995095,effect_25-30
4600,681,Other,ORBl6a,0,0.0,0,0.0,292,0.0,222.22709999995095,effect_25-30
4601,684,Other,ORBl6a,1,0.004499901227169057,3,3.0,558,0.005376344086021506,222.22709999995095,effect_25-30
4602,685,Other,ORBl6a,11,0.049498913498859626,41,3.727272727272727,1186,0.03456998313659359,222.22709999995095,effect_25-30
4603,688,Other,ORBl6a,0,0.0,0,0.0,462,0.0,222.22709999995095,effect_25-30
4604,689,Other,ORBl6a,29,0.13049713558790266,126,4.344827586206897,643,0.19595645412130638,222.22709999995095,effect_25-30
4605,690,Other,ORBl6a,2,0.008999802454338113,6,3.0,386,0.015544041450777202,222.22709999995095,effect_25-30
4606,692,Other,ORBl6a,9,0.04049911104452151,48,5.333333333333333,250,0.192,222.22709999995095,effect_25-30
4607,694,Other,ORBl6a,0,0.0,0,0.0,157,0.0,222.22709999995095,effect_25-30
4608,696,Other,ORBl6a,5,0.022499506135845285,18,3.6,2118,0.0084985835694051,222.22709999995095,effect_25-30
4609,698,Other,ORBl6a,3,0.01349970368150717,10,3.3333333333333335,200,0.05,222.22709999995095,effect_25-30
4610,700,Other,ORBl6a,0,0.0,0,0.0,341,0.0,222.22709999995095,effect_25-30
4611,701,Other,ORBl6a,2,0.008999802454338113,7,3.5,1312,0.005335365853658537,222.22709999995095,effect_25-30
4612,703,Other,ORBl6a,0,0.0,0,0.0,23,0.0,222.22709999995095,effect_25-30
4613,706,Other,ORBl6a,0,0.0,0,0.0,12,0.0,222.22709999995095,effect_25-30
4614,707,Other,ORBl6a,0,0.0,0,0.0,26,0.0,222.22709999995095,effect_25-30
4615,709,Other,ORBl6a,3,0.01349970368150717,12,4.0,1705,0.007038123167155425,222.22709999995095,effect_25-30
4616,710,Other,ORBl6a,0,0.0,0,0.0,261,0.0,222.22709999995095,effect_25-30
4617,711,Other,ORBl6a,0,0.0,0,0.0,166,0.0,222.22709999995095,effect_25-30
4618,712,Other,ORBl6a,4,0.017999604908676227,13,3.25,3372,0.003855278766310795,222.22709999995095,effect_25-30
4619,714,Other,ORBl6a,2,0.008999802454338113,8,4.0,3717,0.0021522733387140166,222.22709999995095,effect_25-30
4620,715,Other,ORBl6a,1,0.004499901227169057,3,3.0,1263,0.0023752969121140144,222.22709999995095,effect_25-30
4621,718,Other,ORBl6a,1,0.004499901227169057,3,3.0,773,0.0038809831824062097,222.22709999995095,effect_25-30
4622,719,Other,ORBl6a,0,0.0,0,0.0,434,0.0,222.22709999995095,effect_25-30
4623,720,Other,ORBl6a,60,0.26999407363014344,242,4.033333333333333,2114,0.11447492904446546,222.22709999995095,effect_25-30
4624,721,Other,ORBl6a,5,0.022499506135845285,25,5.0,866,0.028868360277136258,222.22709999995095,effect_25-30
4625,725,Other,ORBl6a,0,0.0,0,0.0,40,0.0,222.22709999995095,effect_25-30
4626,726,Other,ORBl6a,0,0.0,0,0.0,632,0.0,222.22709999995095,effect_25-30
4627,727,Other,ORBl6a,0,0.0,0,0.0,500,0.0,222.22709999995095,effect_25-30
4628,728,Other,ORBl6a,8,0.035999209817352454,27,3.375,1520,0.017763157894736842,222.22709999995095,effect_25-30
4629,729,Other,ORBl6a,0,0.0,0,0.0,109,0.0,222.22709999995095,effect_25-30
4630,730,Other,ORBl6a,0,0.0,0,0.0,381,0.0,222.22709999995095,effect_25-30
4631,734,Other,ORBl6a,4,0.017999604908676227,13,3.25,362,0.03591160220994475,222.22709999995095,effect_25-30
4632,735,Other,ORBl6a,0,0.0,0,0.0,67,0.0,222.22709999995095,effect_25-30
4633,736,Other,ORBl6a,0,0.0,0,0.0,67,0.0,222.22709999995095,effect_25-30
4634,738,Other,ORBl6b,0,0.0,0,0.0,64,0.0,222.22709999995095,effect_25-30
4635,740,Other,ORBl6b,0,0.0,0,0.0,482,0.0,222.22709999995095,effect_25-30
4636,744,Other,ORBl6b,0,0.0,0,0.0,16,0.0,222.22709999995095,effect_25-30
4637,746,Other,scwm,1,0.004499901227169057,3,3.0,268,0.011194029850746268,222.22709999995095,effect_25-30
4638,747,Other,ORBl6b,0,0.0,0,0.0,15,0.0,222.22709999995095,effect_25-30
4639,753,Other,scwm,0,0.0,0,0.0,7,0.0,222.22709999995095,effect_25-30
4640,755,Other,scwm,0,0.0,0,0.0,3187,0.0,222.22709999995095,effect_25-30
4641,756,Other,scwm,0,0.0,0,0.0,167,0.0,222.22709999995095,effect_25-30
4642,758,Other,ORBl6b,0,0.0,0,0.0,51,0.0,222.22709999995095,effect_25-30
4643,760,Other,ORBl6b,1,0.004499901227169057,11,11.0,107,0.102803738317757,222.22709999995095,effect_25-30
4644,761,Other,ORBl6b,0,0.0,0,0.0,314,0.0,222.22709999995095,effect_25-30
4645,762,Other,ORBl6b,0,0.0,0,0.0,124,0.0,222.22709999995095,effect_25-30
4646,764,Other,AId6a,0,0.0,0,0.0,175,0.0,222.22709999995095,effect_25-30
4647,765,Other,AId6a,0,0.0,0,0.0,205,0.0,222.22709999995095,effect_25-30
4648,768,Other,AId6a,0,0.0,0,0.0,123,0.0,222.22709999995095,effect_25-30
4649,769,Other,AId6a,5,0.022499506135845285,16,3.2,2444,0.006546644844517185,222.22709999995095,effect_25-30
4650,771,Other,AId6a,9,0.04049911104452151,43,4.777777777777778,580,0.07413793103448275,222.22709999995095,effect_25-30
4651,773,Other,AId6a,0,0.0,0,0.0,47,0.0,222.22709999995095,effect_25-30
4652,779,Motor,MOs6a,0,0.0,0,0.0,24,0.0,222.22709999995095,effect_25-30
4653,780,Other,AId6a,2,0.008999802454338113,6,3.0,274,0.021897810218978103,222.22709999995095,effect_25-30
4654,781,Motor,MOs6a,0,0.0,0,0.0,844,0.0,222.22709999995095,effect_25-30
4655,784,Motor,MOs6a,0,0.0,0,0.0,547,0.0,222.22709999995095,effect_25-30
4656,787,Motor,MOs6a,6,0.02699940736301434,33,5.5,2346,0.014066496163682864,222.22709999995095,effect_25-30
4657,788,Motor,MOs6a,1,0.004499901227169057,3,3.0,378,0.007936507936507936,222.22709999995095,effect_25-30
4658,792,Motor,MOs6a,3,0.01349970368150717,9,3.0,2405,0.0037422037422037424,222.22709999995095,effect_25-30
4659,796,Motor,MOs6a,0,0.0,0,0.0,0,0.0,222.22709999995095,effect_25-30
4660,798,Motor,MOs6a,1,0.004499901227169057,4,4.0,226,0.017699115044247787,222.22709999995095,effect_25-30
4661,799,Motor,MOs6a,0,0.0,0,0.0,5,0.0,222.22709999995095,effect_25-30
4662,803,Motor,MOs6a,0,0.0,0,0.0,913,0.0,222.22709999995095,effect_25-30
4663,804,Motor,MOs6a,2,0.008999802454338113,6,3.0,586,0.010238907849829351,222.22709999995095,effect_25-30
4664,808,Motor,MOs6a,1,0.004499901227169057,4,4.0,761,0.005256241787122208,222.22709999995095,effect_25-30
4665,809,Motor,MOs6a,1,0.004499901227169057,3,3.0,1104,0.002717391304347826,222.22709999995095,effect_25-30
4666,816,Motor,MOs6a,1,0.004499901227169057,3,3.0,1017,0.0029498525073746312,222.22709999995095,effect_25-30
4667,817,Motor,MOs6a,0,0.0,0,0.0,1232,0.0,222.22709999995095,effect_25-30
4668,818,Motor,MOs6a,2,0.008999802454338113,9,4.5,1290,0.0069767441860465115,222.22709999995095,effect_25-30
4669,826,Motor,MOs6a,0,0.0,0,0.0,157,0.0,222.22709999995095,effect_25-30
4670,827,Motor,MOs6a,10,0.04499901227169057,38,3.8,2462,0.015434606011372868,222.22709999995095,effect_25-30
4671,828,Motor,MOs6a,12,0.05399881472602868,41,3.4166666666666665,2732,0.015007320644216691,222.22709999995095,effect_25-30
4672,829,Motor,MOs6a,2,0.008999802454338113,6,3.0,970,0.006185567010309278,222.22709999995095,effect_25-30
4673,830,Motor,MOs6a,3,0.01349970368150717,10,3.3333333333333335,562,0.017793594306049824,222.22709999995095,effect_25-30
4674,832,Motor,MOs6a,2,0.008999802454338113,6,3.0,1334,0.004497751124437781,222.22709999995095,effect_25-30
4675,834,Motor,MOs6a,0,0.0,0,0.0,257,0.0,222.22709999995095,effect_25-30
4676,839,Motor,MOs5,0,0.0,0,0.0,573,0.0,222.22709999995095,effect_25-30
4677,840,Motor,MOs5,0,0.0,0,0.0,426,0.0,222.22709999995095,effect_25-30
4678,845,Motor,MOs5,14,0.0629986171803668,52,3.7142857142857144,797,0.06524466750313676,222.22709999995095,effect_25-30
4679,849,Motor,MOs5,2,0.008999802454338113,7,3.5,1210,0.005785123966942148,222.22709999995095,effect_25-30
4680,854,Motor,MOs5,1,0.004499901227169057,5,5.0,20,0.25,222.22709999995095,effect_25-30
4681,857,Motor,MOs5,2,0.008999802454338113,7,3.5,3202,0.0021861336664584633,222.22709999995095,effect_25-30
4682,859,Motor,MOs5,6,0.02699940736301434,23,3.8333333333333335,688,0.03343023255813953,222.22709999995095,effect_25-30
4683,861,Motor,MOs5,11,0.049498913498859626,39,3.5454545454545454,1391,0.028037383177570093,222.22709999995095,effect_25-30
4684,862,Motor,MOs5,12,0.05399881472602868,43,3.5833333333333335,309,0.13915857605177995,222.22709999995095,effect_25-30
4685,864,Motor,MOs5,0,0.0,0,0.0,1481,0.0,222.22709999995095,effect_25-30
4686,868,Motor,MOp5,2,0.008999802454338113,7,3.5,3929,0.0017816238228556885,222.22709999995095,effect_25-30
4687,869,Motor,MOp5,0,0.0,0,0.0,2513,0.0,222.22709999995095,effect_25-30
4688,873,Motor,MOp5,0,0.0,0,0.0,366,0.0,222.22709999995095,effect_25-30
4689,874,Motor,MOp5,3,0.01349970368150717,10,3.3333333333333335,1786,0.005599104143337066,222.22709999995095,effect_25-30
4690,875,Motor,MOp5,2,0.008999802454338113,6,3.0,637,0.009419152276295133,222.22709999995095,effect_25-30
4691,876,Motor,MOp5,0,0.0,0,0.0,139,0.0,222.22709999995095,effect_25-30
4692,878,Motor,MOs5,0,0.0,0,0.0,1864,0.0,222.22709999995095,effect_25-30
4693,881,Motor,MOp5,1,0.004499901227169057,3,3.0,1497,0.002004008016032064,222.22709999995095,effect_25-30
4694,882,Motor,MOs5,3,0.01349970368150717,10,3.3333333333333335,445,0.02247191011235955,222.22709999995095,effect_25-30
4695,883,Motor,MOs5,0,0.0,0,0.0,964,0.0,222.22709999995095,effect_25-30
4696,884,Motor,MOs5,0,0.0,0,0.0,2168,0.0,222.22709999995095,effect_25-30
4697,887,Motor,MOp5,0,0.0,0,0.0,303,0.0,222.22709999995095,effect_25-30
4698,891,Motor,MOp5,0,0.0,0,0.0,374,0.0,222.22709999995095,effect_25-30
4699,892,Motor,MOp5,0,0.0,0,0.0,121,0.0,222.22709999995095,effect_25-30
4700,893,Motor,MOp5,0,0.0,0,0.0,385,0.0,222.22709999995095,effect_25-30
4701,894,Motor,MOp5,0,0.0,0,0.0,17,0.0,222.22709999995095,effect_25-30
4702,895,Motor,MOp5,3,0.01349970368150717,10,3.3333333333333335,2724,0.003671071953010279,222.22709999995095,effect_25-30
4703,897,Motor,MOp5,0,0.0,0,0.0,17,0.0,222.22709999995095,effect_25-30
4704,898,Motor,MOp5,0,0.0,0,0.0,25,0.0,222.22709999995095,effect_25-30
4705,899,Motor,MOp5,0,0.0,0,0.0,450,0.0,222.22709999995095,effect_25-30
4706,900,Motor,MOp5,0,0.0,0,0.0,70,0.0,222.22709999995095,effect_25-30
4707,906,Motor,MOp5,0,0.0,0,0.0,401,0.0,222.22709999995095,effect_25-30
4708,907,Motor,MOp2/3,0,0.0,0,0.0,2,0.0,222.22709999995095,effect_25-30
4709,909,Motor,MOp5,0,0.0,0,0.0,268,0.0,222.22709999995095,effect_25-30
4710,910,Motor,MOp5,0,0.0,0,0.0,700,0.0,222.22709999995095,effect_25-30
4711,911,Motor,MOp2/3,0,0.0,0,0.0,591,0.0,222.22709999995095,effect_25-30
4712,913,Motor,MOp5,0,0.0,0,0.0,397,0.0,222.22709999995095,effect_25-30
4713,914,Motor,MOp2/3,3,0.01349970368150717,9,3.0,1073,0.008387698042870456,222.22709999995095,effect_25-30
4714,915,Motor,MOp2/3,2,0.008999802454338113,6,3.0,1416,0.00423728813559322,222.22709999995095,effect_25-30
4715,920,Motor,MOp2/3,0,0.0,0,0.0,838,0.0,222.22709999995095,effect_25-30
4716,921,Motor,MOp2/3,1,0.004499901227169057,3,3.0,421,0.007125890736342043,222.22709999995095,effect_25-30
4717,922,Motor,MOp2/3,0,0.0,0,0.0,616,0.0,222.22709999995095,effect_25-30
4718,924,Motor,MOp2/3,22,0.09899782699771925,112,5.090909090909091,170,0.6588235294117647,222.22709999995095,effect_25-30
4719,926,Motor,MOp2/3,327,1.4714677012842816,2026,6.195718654434251,11512,0.17599027102154274,222.22709999995095,effect_25-30
4720,927,Motor,MOp2/3,4,0.017999604908676227,18,4.5,573,0.031413612565445025,222.22709999995095,effect_25-30
4721,930,Motor,MOp2/3,136,0.6119865668949918,785,5.772058823529412,1281,0.6128024980483997,222.22709999995095,effect_25-30
4722,932,Motor,MOp2/3,0,0.0,0,0.0,144,0.0,222.22709999995095,effect_25-30
4723,934,Motor,MOp2/3,2,0.008999802454338113,12,6.0,13,0.9230769230769231,222.22709999995095,effect_25-30
4724,935,Motor,MOp2/3,7,0.0314993085901834,26,3.7142857142857144,408,0.06372549019607843,222.22709999995095,effect_25-30
4725,936,Motor,MOp2/3,1,0.004499901227169057,19,19.0,579,0.03281519861830743,222.22709999995095,effect_25-30
4726,937,Motor,MOp2/3,0,0.0,0,0.0,508,0.0,222.22709999995095,effect_25-30
4727,939,Motor,MOp2/3,0,0.0,0,0.0,450,0.0,222.22709999995095,effect_25-30
4728,940,Motor,MOp2/3,0,0.0,0,0.0,501,0.0,222.22709999995095,effect_25-30
4729,941,Motor,MOp2/3,4,0.017999604908676227,16,4.0,722,0.0221606648199446,222.22709999995095,effect_25-30
4730,945,Motor,MOp2/3,0,0.0,0,0.0,114,0.0,222.22709999995095,effect_25-30
4731,946,Motor,MOp2/3,0,0.0,0,0.0,200,0.0,222.22709999995095,effect_25-30
4732,950,Motor,MOp2/3,0,0.0,0,0.0,483,0.0,222.22709999995095,effect_25-30
4733,951,Motor,MOp2/3,0,0.0,0,0.0,445,0.0,222.22709999995095,effect_25-30
4734,953,Motor,MOp2/3,2,0.008999802454338113,6,3.0,252,0.023809523809523808,222.22709999995095,effect_25-30
4735,954,Motor,MOp2/3,2,0.008999802454338113,6,3.0,325,0.018461538461538463,222.22709999995095,effect_25-30
4736,957,Motor,MOp2/3,0,0.0,0,0.0,13,0.0,222.22709999995095,effect_25-30
4737,962,Motor,MOp2/3,18,0.08099822208904302,60,3.3333333333333335,778,0.07712082262210797,222.22709999995095,effect_25-30
4738,963,Motor,MOp2/3,4,0.017999604908676227,14,3.5,576,0.024305555555555556,222.22709999995095,effect_25-30
4739,966,Motor,MOp2/3,1,0.004499901227169057,3,3.0,93,0.03225806451612903,222.22709999995095,effect_25-30
4740,967,Motor,MOp2/3,3,0.01349970368150717,9,3.0,318,0.02830188679245283,222.22709999995095,effect_25-30
4741,968,Motor,MOp2/3,10,0.04499901227169057,31,3.1,554,0.05595667870036101,222.22709999995095,effect_25-30
4742,972,Motor,MOp2/3,2,0.008999802454338113,6,3.0,380,0.015789473684210527,222.22709999995095,effect_25-30
4743,978,Motor,MOp2/3,0,0.0,0,0.0,609,0.0,222.22709999995095,effect_25-30
4744,982,Motor,MOp2/3,2,0.008999802454338113,6,3.0,569,0.01054481546572935,222.22709999995095,effect_25-30
4745,986,Motor,MOp1,17,0.07649832086187397,54,3.176470588235294,729,0.07407407407407407,222.22709999995095,effect_25-30
4746,991,STR,ACB,0,0.0,0,0.0,52,0.0,222.22709999995095,effect_25-30
4747,992,STR,ACB,24,0.10799762945205736,86,3.5833333333333335,1565,0.054952076677316296,222.22709999995095,effect_25-30
4748,993,STR,ACB,4,0.017999604908676227,13,3.25,589,0.022071307300509338,222.22709999995095,effect_25-30
4749,995,STR,ACB,0,0.0,0,0.0,16,0.0,222.22709999995095,effect_25-30
4750,997,STR,ACB,48,0.21599525890411472,149,3.1041666666666665,2605,0.05719769673704415,222.22709999995095,effect_25-30
4751,1000,STR,ACB,0,0.0,0,0.0,21,0.0,222.22709999995095,effect_25-30
4752,1001,STR,ACB,0,0.0,0,0.0,9,0.0,222.22709999995095,effect_25-30
4753,1003,STR,ACB,0,0.0,0,0.0,130,0.0,222.22709999995095,effect_25-30
4754,1006,STR,ACB,0,0.0,0,0.0,10,0.0,222.22709999995095,effect_25-30
4755,1007,STR,ACB,1,0.004499901227169057,3,3.0,120,0.025,222.22709999995095,effect_25-30
4756,1013,STR,ACB,0,0.0,0,0.0,9,0.0,222.22709999995095,effect_25-30
4757,1014,STR,ACB,0,0.0,0,0.0,4,0.0,222.22709999995095,effect_25-30
4758,1015,STR,ACB,0,0.0,0,0.0,2,0.0,222.22709999995095,effect_25-30
4759,1020,STR,ACB,0,0.0,0,0.0,271,0.0,222.22709999995095,effect_25-30
4760,1021,STR,ACB,0,0.0,0,0.0,67,0.0,222.22709999995095,effect_25-30
4761,1022,STR,ACB,7,0.0314993085901834,21,3.0,1130,0.018584070796460177,222.22709999995095,effect_25-30
4762,1023,STR,ACB,0,0.0,0,0.0,8,0.0,222.22709999995095,effect_25-30
4763,1024,Other,OLF,0,0.0,0,0.0,68,0.0,222.22709999995095,effect_25-30
4764,1025,Other,OLF,0,0.0,0,0.0,13,0.0,222.22709999995095,effect_25-30
4765,1026,Other,OLF,0,0.0,0,0.0,1720,0.0,222.22709999995095,effect_25-30
4766,1027,Other,OLF,0,0.0,0,0.0,142,0.0,222.22709999995095,effect_25-30
4767,1028,Other,OLF,0,0.0,0,0.0,26,0.0,222.22709999995095,effect_25-30
4768,1032,Other,OLF,0,0.0,0,0.0,91,0.0,222.22709999995095,effect_25-30
4769,1033,Other,OLF,0,0.0,0,0.0,452,0.0,222.22709999995095,effect_25-30
4770,1035,Other,ORBl5,1,0.004499901227169057,3,3.0,1451,0.002067539627842867,222.22709999995095,effect_25-30
4771,1038,Other,ORBl5,0,0.0,0,0.0,565,0.0,222.22709999995095,effect_25-30
4772,1039,Other,ORBl5,0,0.0,0,0.0,91,0.0,222.22709999995095,effect_25-30
4773,1042,Other,ORBl5,0,0.0,0,0.0,516,0.0,222.22709999995095,effect_25-30
4774,1045,Other,ORBl5,3,0.01349970368150717,13,4.333333333333333,567,0.02292768959435626,222.22709999995095,effect_25-30
4775,1047,Other,ORBl5,1,0.004499901227169057,6,6.0,136,0.04411764705882353,222.22709999995095,effect_25-30
4776,1049,Other,ORBl5,14,0.0629986171803668,45,3.2142857142857144,1240,0.036290322580645164,222.22709999995095,effect_25-30
4777,1052,Other,ORBl6a,0,0.0,0,0.0,10,0.0,222.22709999995095,effect_25-30
4778,1054,Other,ORBl6a,0,0.0,0,0.0,90,0.0,222.22709999995095,effect_25-30
4779,1058,Other,ORBl6a,0,0.0,0,0.0,9,0.0,222.22709999995095,effect_25-30
4780,1059,Other,ORBl6a,0,0.0,0,0.0,232,0.0,222.22709999995095,effect_25-30
4781,1060,Other,ORBl6a,2,0.008999802454338113,6,3.0,415,0.014457831325301205,222.22709999995095,effect_25-30
4782,1063,Other,ORBl6a,0,0.0,0,0.0,352,0.0,222.22709999995095,effect_25-30
4783,1064,Other,ORBl6a,0,0.0,0,0.0,105,0.0,222.22709999995095,effect_25-30
4784,1067,Other,ORBl6a,0,0.0,0,0.0,500,0.0,222.22709999995095,effect_25-30
4785,1068,Other,ORBl6a,0,0.0,0,0.0,56,0.0,222.22709999995095,effect_25-30
4786,1069,Other,ORBl6a,2,0.008999802454338113,6,3.0,994,0.006036217303822937,222.22709999995095,effect_25-30
4787,1070,Other,ORBl6a,1,0.004499901227169057,3,3.0,219,0.0136986301369863,222.22709999995095,effect_25-30
4788,1071,Other,ORBl6a,1,0.004499901227169057,4,4.0,2809,0.001423994304022784,222.22709999995095,effect_25-30
4789,1072,Other,ORBl6a,0,0.0,0,0.0,28,0.0,222.22709999995095,effect_25-30
4790,1073,Other,ORBl6a,0,0.0,0,0.0,1,0.0,222.22709999995095,effect_25-30
4791,1074,Other,ORBl6a,0,0.0,0,0.0,25,0.0,222.22709999995095,effect_25-30
4792,1076,Other,ORBl6a,0,0.0,0,0.0,182,0.0,222.22709999995095,effect_25-30
4793,1078,Other,ORBl6b,0,0.0,0,0.0,177,0.0,222.22709999995095,effect_25-30
4794,1079,Other,ORBl6b,2,0.008999802454338113,6,3.0,677,0.008862629246676515,222.22709999995095,effect_25-30
4795,1080,Other,ORBl6b,0,0.0,0,0.0,2,0.0,222.22709999995095,effect_25-30
4796,1081,Other,ORBl6b,1,0.004499901227169057,8,8.0,41,0.1951219512195122,222.22709999995095,effect_25-30
4797,1082,Other,ORBl6b,0,0.0,0,0.0,16,0.0,222.22709999995095,effect_25-30
4798,1083,Other,ORBl6b,0,0.0,0,0.0,8,0.0,222.22709999995095,effect_25-30
4799,1084,Other,scwm,0,0.0,0,0.0,24,0.0,222.22709999995095,effect_25-30
4800,1085,Other,scwm,0,0.0,0,0.0,5,0.0,222.22709999995095,effect_25-30
4801,1087,Other,scwm,0,0.0,0,0.0,423,0.0,222.22709999995095,effect_25-30
4802,1089,Other,AId6a,1,0.004499901227169057,7,7.0,1440,0.004861111111111111,222.22709999995095,effect_25-30
4803,1090,Other,AId6a,0,0.0,0,0.0,127,0.0,222.22709999995095,effect_25-30
4804,1092,Other,AId6a,1,0.004499901227169057,3,3.0,269,0.011152416356877323,222.22709999995095,effect_25-30
4805,1094,Motor,MOs6a,0,0.0,0,0.0,4,0.0,222.22709999995095,effect_25-30
4806,1095,Motor,MOs6a,0,0.0,0,0.0,5,0.0,222.22709999995095,effect_25-30
4807,1096,Motor,MOs6a,0,0.0,0,0.0,224,0.0,222.22709999995095,effect_25-30
4808,1097,Motor,MOs6a,1,0.004499901227169057,4,4.0,257,0.01556420233463035,222.22709999995095,effect_25-30
4809,1100,Motor,MOs6a,0,0.0,0,0.0,10,0.0,222.22709999995095,effect_25-30
4810,1103,Motor,MOs6a,0,0.0,0,0.0,61,0.0,222.22709999995095,effect_25-30
4811,1113,Motor,MOs6a,0,0.0,0,0.0,1434,0.0,222.22709999995095,effect_25-30
4812,1114,Motor,MOs5,1,0.004499901227169057,3,3.0,994,0.0030181086519114686,222.22709999995095,effect_25-30
4813,1116,Motor,MOs5,3,0.01349970368150717,9,3.0,983,0.009155645981688708,222.22709999995095,effect_25-30
4814,1117,Motor,MOs5,1,0.004499901227169057,4,4.0,47,0.0851063829787234,222.22709999995095,effect_25-30
4815,1118,Motor,MOs5,0,0.0,0,0.0,464,0.0,222.22709999995095,effect_25-30
4816,1122,Motor,MOs5,1,0.004499901227169057,3,3.0,487,0.006160164271047228,222.22709999995095,effect_25-30
4817,1126,Motor,MOs5,0,0.0,0,0.0,148,0.0,222.22709999995095,effect_25-30
4818,1128,Motor,MOs5,0,0.0,0,0.0,176,0.0,222.22709999995095,effect_25-30
4819,1130,Motor,MOs5,4,0.017999604908676227,18,4.5,796,0.022613065326633167,222.22709999995095,effect_25-30
4820,1132,Motor,MOp5,0,0.0,0,0.0,237,0.0,222.22709999995095,effect_25-30
4821,1133,Motor,MOp5,0,0.0,0,0.0,604,0.0,222.22709999995095,effect_25-30
4822,1136,Motor,MOp5,0,0.0,0,0.0,376,0.0,222.22709999995095,effect_25-30
4823,1137,Motor,MOp5,0,0.0,0,0.0,118,0.0,222.22709999995095,effect_25-30
4824,1138,Motor,MOp2/3,0,0.0,0,0.0,452,0.0,222.22709999995095,effect_25-30
4825,1140,Motor,MOp2/3,0,0.0,0,0.0,559,0.0,222.22709999995095,effect_25-30
4826,1141,Motor,MOp2/3,0,0.0,0,0.0,595,0.0,222.22709999995095,effect_25-30
4827,1142,Motor,MOp2/3,0,0.0,0,0.0,340,0.0,222.22709999995095,effect_25-30
4828,1143,Motor,MOp2/3,0,0.0,0,0.0,222,0.0,222.22709999995095,effect_25-30
4829,1148,Motor,MOp2/3,0,0.0,0,0.0,216,0.0,222.22709999995095,effect_25-30
4830,1150,STR,ACB,0,0.0,0,0.0,7,0.0,222.22709999995095,effect_25-30
4831,1158,STR,ACB,0,0.0,0,0.0,1,0.0,222.22709999995095,effect_25-30
4832,1159,STR,ACB,0,0.0,0,0.0,168,0.0,222.22709999995095,effect_25-30
4833,1160,Other,OLF,0,0.0,0,0.0,7,0.0,222.22709999995095,effect_25-30
4834,1161,Other,ORBl5,1,0.004499901227169057,3,3.0,118,0.025423728813559324,222.22709999995095,effect_25-30
4835,1162,Other,ORBl5,1,0.004499901227169057,3,3.0,38,0.07894736842105263,222.22709999995095,effect_25-30
4836,1164,Other,ORBl5,3,0.01349970368150717,11,3.6666666666666665,617,0.017828200972447326,222.22709999995095,effect_25-30
4837,1166,Other,ORBl6a,1,0.004499901227169057,6,6.0,285,0.021052631578947368,222.22709999995095,effect_25-30
4838,1168,Other,ORBl6a,0,0.0,0,0.0,33,0.0,222.22709999995095,effect_25-30
4839,1169,Other,ORBl6a,0,0.0,0,0.0,309,0.0,222.22709999995095,effect_25-30
4840,1172,Other,ORBl6a,0,0.0,0,0.0,10,0.0,222.22709999995095,effect_25-30
4841,1173,Other,ORBl6a,0,0.0,0,0.0,24,0.0,222.22709999995095,effect_25-30
4842,1174,Other,ORBl6a,0,0.0,0,0.0,86,0.0,222.22709999995095,effect_25-30
4843,1175,Other,ORBl6a,0,0.0,0,0.0,18,0.0,222.22709999995095,effect_25-30
4844,1176,Other,ORBl6a,0,0.0,0,0.0,10,0.0,222.22709999995095,effect_25-30
4845,1178,Other,ORBl6b,0,0.0,0,0.0,316,0.0,222.22709999995095,effect_25-30
4846,1179,Other,ORBl6b,1,0.004499901227169057,3,3.0,41,0.07317073170731707,222.22709999995095,effect_25-30
4847,1180,Other,scwm,0,0.0,0,0.0,212,0.0,222.22709999995095,effect_25-30
4848,1183,Motor,MOs6a,0,0.0,0,0.0,115,0.0,222.22709999995095,effect_25-30
4849,1186,Motor,MOs5,5,0.022499506135845285,15,3.0,2360,0.006355932203389831,222.22709999995095,effect_25-30
4850,1187,Motor,MOs5,0,0.0,0,0.0,103,0.0,222.22709999995095,effect_25-30
4851,1190,Motor,MOp5,0,0.0,0,0.0,278,0.0,222.22709999995095,effect_25-30
4852,1192,Other,ORBl5,1,0.004499901227169057,3,3.0,38,0.07894736842105263,222.22709999995095,effect_25-30
4853,1194,Other,ORBl6a,0,0.0,0,0.0,25,0.0,222.22709999995095,effect_25-30
4854,1195,Other,ORBl6a,0,0.0,0,0.0,463,0.0,222.22709999995095,effect_25-30
4855,1197,Other,ORBl6a,0,0.0,0,0.0,16,0.0,222.22709999995095,effect_25-30
4856,1200,STR,ACB,0,0.0,0,0.0,520,0.0,222.22709999995095,effect_25-30
4857,1201,STR,ACB,1,0.004499901227169057,3,3.0,917,0.003271537622682661,222.22709999995095,effect_25-30
4858,1202,STR,ACB,1,0.004499901227169057,3,3.0,799,0.0037546933667083854,222.22709999995095,effect_25-30
4859,1203,Other,OLF,0,0.0,0,0.0,53,0.0,222.22709999995095,effect_25-30
4860,1205,Other,ORBl5,1,0.004499901227169057,3,3.0,1988,0.0015090543259557343,222.22709999995095,effect_25-30
4861,1208,Other,ORBl5,0,0.0,0,0.0,3,0.0,222.22709999995095,effect_25-30
4862,1209,Other,ORBl6a,0,0.0,0,0.0,1042,0.0,222.22709999995095,effect_25-30
4863,1211,Other,ORBl6a,0,0.0,0,0.0,554,0.0,222.22709999995095,effect_25-30
4864,1212,Other,ORBl6a,0,0.0,0,0.0,22,0.0,222.22709999995095,effect_25-30
4865,1213,Other,ORBl6a,0,0.0,0,0.0,367,0.0,222.22709999995095,effect_25-30
4866,1214,Other,AId6a,0,0.0,0,0.0,1085,0.0,222.22709999995095,effect_25-30
4867,1218,Motor,MOp5,3,0.01349970368150717,9,3.0,1474,0.006105834464043419,222.22709999995095,effect_25-30
4868,1224,STR,ACB,0,0.0,0,0.0,157,0.0,222.22709999995095,effect_25-30
4869,1225,Other,ORBl6a,0,0.0,0,0.0,42,0.0,222.22709999995095,effect_25-30
4870,1226,Other,ORBl5,0,0.0,0,0.0,17,0.0,222.22709999995095,effect_25-30
4871,1228,Other,ORBl6a,0,0.0,0,0.0,80,0.0,222.22709999995095,effect_25-30
4872,0,Thalamus,PO,18,0.09753240839379075,31,1.7222222222222223,1258,0.0246422893481717,184.55403999995906,effect_30-34
4873,2,Thalamus,PO,4,0.021673868531953498,7,1.75,1373,0.005098324836125273,184.55403999995906,effect_30-34
4874,3,Thalamus,PO,10,0.05418467132988375,16,1.6,586,0.027303754266211604,184.55403999995906,effect_30-34
4875,5,Thalamus,PO,11,0.05960313846287212,19,1.7272727272727273,948,0.020042194092827006,184.55403999995906,effect_30-34
4876,7,Thalamus,PO,8,0.043347737063906995,16,2.0,478,0.03347280334728033,184.55403999995906,effect_30-34
4877,8,Thalamus,PO,6,0.03251080279793025,9,1.5,253,0.03557312252964427,184.55403999995906,effect_30-34
4878,9,Thalamus,PO,44,0.2384125538514885,96,2.1818181818181817,1766,0.05436013590033975,184.55403999995906,effect_30-34
4879,10,Thalamus,PO,16,0.08669547412781399,22,1.375,318,0.06918238993710692,184.55403999995906,effect_30-34
4880,13,Thalamus,PO,3,0.016255401398965124,4,1.3333333333333333,251,0.01593625498007968,184.55403999995906,effect_30-34
4881,16,Thalamus,PO,18,0.09753240839379075,33,1.8333333333333333,474,0.06962025316455696,184.55403999995906,effect_30-34
4882,17,Thalamus,PO,3,0.016255401398965124,5,1.6666666666666667,505,0.009900990099009901,184.55403999995906,effect_30-34
4883,18,Thalamus,PO,15,0.08127700699482562,31,2.066666666666667,794,0.03904282115869018,184.55403999995906,effect_30-34
4884,19,Thalamus,PO,9,0.048766204196895376,14,1.5555555555555556,413,0.03389830508474576,184.55403999995906,effect_30-34
4885,23,Thalamus,PO,2,0.010836934265976749,4,2.0,828,0.004830917874396135,184.55403999995906,effect_30-34
4886,25,Thalamus,PO,0,0.0,0,0.0,56,0.0,184.55403999995906,effect_30-34
4887,27,Thalamus,PO,0,0.0,0,0.0,139,0.0,184.55403999995906,effect_30-34
4888,28,Thalamus,PO,11,0.05960313846287212,18,1.6363636363636365,276,0.06521739130434782,184.55403999995906,effect_30-34
4889,29,Thalamus,PO,27,0.1462986125906861,50,1.8518518518518519,1474,0.033921302578018994,184.55403999995906,effect_30-34
4890,31,Thalamus,PO,5,0.027092335664941875,11,2.2,451,0.024390243902439025,184.55403999995906,effect_30-34
4891,32,Thalamus,PO,16,0.08669547412781399,31,1.9375,532,0.05827067669172932,184.55403999995906,effect_30-34
4892,33,Thalamus,PO,10,0.05418467132988375,19,1.9,866,0.021939953810623556,184.55403999995906,effect_30-34
4893,34,Thalamus,PO,23,0.12462474405873263,45,1.9565217391304348,1227,0.03667481662591687,184.55403999995906,effect_30-34
4894,35,Thalamus,PO,32,0.17339094825562798,69,2.15625,1979,0.03486609398686205,184.55403999995906,effect_30-34
4895,36,Thalamus,PO,7,0.03792926993091862,12,1.7142857142857142,1284,0.009345794392523364,184.55403999995906,effect_30-34
4896,38,Thalamus,PO,0,0.0,0,0.0,398,0.0,184.55403999995906,effect_30-34
4897,39,Thalamus,PO,0,0.0,0,0.0,591,0.0,184.55403999995906,effect_30-34
4898,40,Thalamus,PO,8,0.043347737063906995,15,1.875,903,0.016611295681063124,184.55403999995906,effect_30-34
4899,41,Thalamus,PO,11,0.05960313846287212,18,1.6363636363636365,1257,0.014319809069212411,184.55403999995906,effect_30-34
4900,42,Thalamus,PO,21,0.11378780979275586,39,1.8571428571428572,895,0.04357541899441341,184.55403999995906,effect_30-34
4901,43,Thalamus,PO,18,0.09753240839379075,40,2.2222222222222223,1486,0.026917900403768506,184.55403999995906,effect_30-34
4902,44,Thalamus,PO,30,0.16255401398965125,59,1.9666666666666666,1629,0.03621853898096992,184.55403999995906,effect_30-34
4903,46,Thalamus,PO,0,0.0,0,0.0,70,0.0,184.55403999995906,effect_30-34
4904,47,Thalamus,PO,9,0.048766204196895376,22,2.4444444444444446,1049,0.020972354623450904,184.55403999995906,effect_30-34
4905,50,Thalamus,PO,77,0.41722196924010485,163,2.116883116883117,2608,0.0625,184.55403999995906,effect_30-34
4906,53,Thalamus,PO,6,0.03251080279793025,10,1.6666666666666667,900,0.011111111111111112,184.55403999995906,effect_30-34
4907,54,Thalamus,PO,8,0.043347737063906995,17,2.125,1454,0.011691884456671253,184.55403999995906,effect_30-34
4908,55,Thalamus,PO,39,0.21132021818654662,89,2.282051282051282,1886,0.047189819724284196,184.55403999995906,effect_30-34
4909,56,Thalamus,PO,21,0.11378780979275586,40,1.9047619047619047,903,0.044296788482835,184.55403999995906,effect_30-34
4910,57,Thalamus,PO,24,0.130043211191721,47,1.9583333333333333,1677,0.02802623732856291,184.55403999995906,effect_30-34
4911,58,Thalamus,PO,0,0.0,0,0.0,801,0.0,184.55403999995906,effect_30-34
4912,59,Thalamus,PO,28,0.1517170797236745,60,2.142857142857143,899,0.06674082313681869,184.55403999995906,effect_30-34
4913,61,Thalamus,PO,16,0.08669547412781399,26,1.625,1289,0.02017067494181536,184.55403999995906,effect_30-34
4914,62,Thalamus,PO,21,0.11378780979275586,53,2.5238095238095237,1831,0.02894593118514473,184.55403999995906,effect_30-34
4915,64,Thalamus,PO,2,0.010836934265976749,5,2.5,1841,0.0027159152634437804,184.55403999995906,effect_30-34
4916,65,Thalamus,PO,52,0.2817602909153955,113,2.173076923076923,1409,0.0801987224982257,184.55403999995906,effect_30-34
4917,66,Thalamus,PO,5,0.027092335664941875,9,1.8,868,0.010368663594470046,184.55403999995906,effect_30-34
4918,68,Thalamus,PO,11,0.05960313846287212,23,2.090909090909091,1285,0.0178988326848249,184.55403999995906,effect_30-34
4919,69,Thalamus,PO,2,0.010836934265976749,6,3.0,1619,0.0037059913526868438,184.55403999995906,effect_30-34
4920,72,Thalamus,PO,157,0.8506993398791748,281,1.7898089171974523,3912,0.07183026584867076,184.55403999995906,effect_30-34
4921,74,Thalamus,PO,28,0.1517170797236745,68,2.4285714285714284,986,0.06896551724137931,184.55403999995906,effect_30-34
4922,75,Thalamus,PO,12,0.0650216055958605,20,1.6666666666666667,521,0.03838771593090211,184.55403999995906,effect_30-34
4923,78,Thalamus,PO,30,0.16255401398965125,69,2.3,1650,0.04181818181818182,184.55403999995906,effect_30-34
4924,80,Thalamus,PO,74,0.4009665678411397,197,2.6621621621621623,2517,0.07826777910210568,184.55403999995906,effect_30-34
4925,82,Thalamus,PO,9,0.048766204196895376,14,1.5555555555555556,239,0.058577405857740586,184.55403999995906,effect_30-34
4926,83,Thalamus,PO,19,0.10295087552677912,38,2.0,1591,0.023884349465744813,184.55403999995906,effect_30-34
4927,84,Thalamus,PO,4,0.021673868531953498,7,1.75,1917,0.0036515388628064684,184.55403999995906,effect_30-34
4928,85,Thalamus,PO,35,0.18964634965459312,70,2.0,1527,0.045841519318926,184.55403999995906,effect_30-34
4929,86,Thalamus,PO,39,0.21132021818654662,78,2.0,2347,0.033233915636983385,184.55403999995906,effect_30-34
4930,88,Thalamus,PO,12,0.0650216055958605,27,2.25,1131,0.023872679045092837,184.55403999995906,effect_30-34
4931,90,Thalamus,PO,35,0.18964634965459312,85,2.4285714285714284,1048,0.08110687022900763,184.55403999995906,effect_30-34
4932,92,Thalamus,PO,15,0.08127700699482562,32,2.1333333333333333,761,0.04204993429697766,184.55403999995906,effect_30-34
4933,95,Thalamus,PO,23,0.12462474405873263,49,2.130434782608696,1564,0.03132992327365729,184.55403999995906,effect_30-34
4934,96,Thalamus,PO,7,0.03792926993091862,16,2.2857142857142856,591,0.02707275803722504,184.55403999995906,effect_30-34
4935,97,Thalamus,PO,30,0.16255401398965125,64,2.1333333333333333,817,0.07833537331701346,184.55403999995906,effect_30-34
4936,98,Thalamus,PO,38,0.20590175105355824,91,2.3947368421052633,2345,0.03880597014925373,184.55403999995906,effect_30-34
4937,99,Thalamus,PO,38,0.20590175105355824,77,2.026315789473684,753,0.10225763612217796,184.55403999995906,effect_30-34
4938,102,Thalamus,PO,11,0.05960313846287212,22,2.0,1903,0.011560693641618497,184.55403999995906,effect_30-34
4939,103,Thalamus,PO,12,0.0650216055958605,32,2.6666666666666665,1459,0.02193283070596299,184.55403999995906,effect_30-34
4940,104,Thalamus,PO,13,0.07044007272884888,28,2.1538461538461537,331,0.08459214501510574,184.55403999995906,effect_30-34
4941,106,Thalamus,PO,18,0.09753240839379075,38,2.111111111111111,1029,0.0369290573372206,184.55403999995906,effect_30-34
4942,108,Thalamus,PO,7,0.03792926993091862,14,2.0,1252,0.011182108626198083,184.55403999995906,effect_30-34
4943,109,Thalamus,PO,25,0.13546167832470937,54,2.16,1173,0.04603580562659847,184.55403999995906,effect_30-34
4944,111,Thalamus,PO,20,0.1083693426597675,42,2.1,1397,0.030064423765211165,184.55403999995906,effect_30-34
4945,112,Thalamus,PO,99,0.536428246165849,245,2.474747474747475,1959,0.12506380806533945,184.55403999995906,effect_30-34
4946,114,Thalamus,PO,12,0.0650216055958605,24,2.0,1423,0.016865776528460996,184.55403999995906,effect_30-34
4947,116,Thalamus,PO,35,0.18964634965459312,76,2.1714285714285713,1920,0.03958333333333333,184.55403999995906,effect_30-34
4948,117,Thalamus,PO,28,0.1517170797236745,60,2.142857142857143,1056,0.056818181818181816,184.55403999995906,effect_30-34
4949,120,Thalamus,PO,12,0.0650216055958605,23,1.9166666666666667,1627,0.014136447449293177,184.55403999995906,effect_30-34
4950,121,Thalamus,PO,5,0.027092335664941875,7,1.4,905,0.0077348066298342545,184.55403999995906,effect_30-34
4951,124,Thalamus,PO,10,0.05418467132988375,18,1.8,1494,0.012048192771084338,184.55403999995906,effect_30-34
4952,125,Thalamus,PO,3,0.016255401398965124,4,1.3333333333333333,1085,0.003686635944700461,184.55403999995906,effect_30-34
4953,126,Thalamus,PO,22,0.11920627692574425,33,1.5,1830,0.018032786885245903,184.55403999995906,effect_30-34
4954,128,Thalamus,PO,48,0.260086422383442,113,2.3541666666666665,1102,0.10254083484573502,184.55403999995906,effect_30-34
4955,129,Thalamus,PO,7,0.03792926993091862,16,2.2857142857142856,855,0.01871345029239766,184.55403999995906,effect_30-34
4956,131,Thalamus,PO,17,0.09211394126080237,37,2.176470588235294,1648,0.022451456310679612,184.55403999995906,effect_30-34
4957,132,Thalamus,PO,9,0.048766204196895376,15,1.6666666666666667,703,0.021337126600284494,184.55403999995906,effect_30-34
4958,133,Thalamus,PO,23,0.12462474405873263,52,2.260869565217391,933,0.055734190782422297,184.55403999995906,effect_30-34
4959,134,Thalamus,PO,5,0.027092335664941875,8,1.6,666,0.012012012012012012,184.55403999995906,effect_30-34
4960,135,Thalamus,PO,2,0.010836934265976749,4,2.0,1568,0.002551020408163265,184.55403999995906,effect_30-34
4961,138,Thalamus,PO,28,0.1517170797236745,61,2.1785714285714284,1349,0.0452186805040771,184.55403999995906,effect_30-34
4962,139,Thalamus,PO,0,0.0,0,0.0,53,0.0,184.55403999995906,effect_30-34
4963,141,Thalamus,PO,11,0.05960313846287212,27,2.4545454545454546,1389,0.019438444924406047,184.55403999995906,effect_30-34
4964,142,Thalamus,PO,13,0.07044007272884888,28,2.1538461538461537,1371,0.020423048869438368,184.55403999995906,effect_30-34
4965,144,Thalamus,PO,0,0.0,0,0.0,40,0.0,184.55403999995906,effect_30-34
4966,146,Thalamus,PO,11,0.05960313846287212,28,2.5454545454545454,753,0.03718459495351926,184.55403999995906,effect_30-34
4967,147,Thalamus,PO,10,0.05418467132988375,24,2.4,675,0.035555555555555556,184.55403999995906,effect_30-34
4968,148,Thalamus,PO,61,0.3305264951122909,119,1.9508196721311475,3425,0.034744525547445254,184.55403999995906,effect_30-34
4969,149,Thalamus,PO,1,0.005418467132988374,1,1.0,65,0.015384615384615385,184.55403999995906,effect_30-34
4970,151,Thalamus,PO,19,0.10295087552677912,38,2.0,1371,0.027716994894237783,184.55403999995906,effect_30-34
4971,155,Thalamus,PO,9,0.048766204196895376,13,1.4444444444444444,1003,0.01296111665004985,184.55403999995906,effect_30-34
4972,157,Thalamus,PO,0,0.0,0,0.0,1771,0.0,184.55403999995906,effect_30-34
4973,158,Thalamus,PO,7,0.03792926993091862,13,1.8571428571428572,1338,0.009715994020926755,184.55403999995906,effect_30-34
4974,162,Thalamus,PO,8,0.043347737063906995,13,1.625,1554,0.008365508365508366,184.55403999995906,effect_30-34
4975,163,Thalamus,PO,4,0.021673868531953498,6,1.5,1246,0.004815409309791332,184.55403999995906,effect_30-34
4976,164,Thalamus,PO,0,0.0,0,0.0,24,0.0,184.55403999995906,effect_30-34
4977,166,Thalamus,PO,1,0.005418467132988374,2,2.0,400,0.005,184.55403999995906,effect_30-34
4978,172,Thalamus,PO,20,0.1083693426597675,51,2.55,979,0.05209397344228805,184.55403999995906,effect_30-34
4979,173,Thalamus,PO,0,0.0,0,0.0,2023,0.0,184.55403999995906,effect_30-34
4980,175,Thalamus,PO,3,0.016255401398965124,6,2.0,708,0.00847457627118644,184.55403999995906,effect_30-34
4981,176,Thalamus,PO,2,0.010836934265976749,5,2.5,1056,0.004734848484848485,184.55403999995906,effect_30-34
4982,178,Thalamus,PO,1,0.005418467132988374,4,4.0,2188,0.0018281535648994515,184.55403999995906,effect_30-34
4983,180,Thalamus,PO,13,0.07044007272884888,24,1.8461538461538463,2199,0.010914051841746248,184.55403999995906,effect_30-34
4984,181,Thalamus,PO,9,0.048766204196895376,15,1.6666666666666667,1737,0.008635578583765112,184.55403999995906,effect_30-34
4985,186,Thalamus,PO,3,0.016255401398965124,8,2.6666666666666665,620,0.012903225806451613,184.55403999995906,effect_30-34
4986,188,Thalamus,PO,3,0.016255401398965124,7,2.3333333333333335,1854,0.0037756202804746495,184.55403999995906,effect_30-34
4987,189,Thalamus,PO,2,0.010836934265976749,3,1.5,3567,0.0008410428931875525,184.55403999995906,effect_30-34
4988,190,Thalamus,PO,1,0.005418467132988374,3,3.0,594,0.005050505050505051,184.55403999995906,effect_30-34
4989,192,Thalamus,PO,0,0.0,0,0.0,408,0.0,184.55403999995906,effect_30-34
4990,193,Thalamus,PO,0,0.0,0,0.0,1414,0.0,184.55403999995906,effect_30-34
4991,194,Thalamus,PO,6,0.03251080279793025,18,3.0,1675,0.010746268656716417,184.55403999995906,effect_30-34
4992,195,Thalamus,PO,0,0.0,0,0.0,1410,0.0,184.55403999995906,effect_30-34
4993,196,Thalamus,PO,0,0.0,0,0.0,4,0.0,184.55403999995906,effect_30-34
4994,204,Thalamus,LD,5,0.027092335664941875,8,1.6,2140,0.003738317757009346,184.55403999995906,effect_30-34
4995,207,Thalamus,LD,1,0.005418467132988374,2,2.0,2640,0.0007575757575757576,184.55403999995906,effect_30-34
4996,209,Thalamus,LD,9,0.048766204196895376,26,2.888888888888889,2207,0.011780697779791573,184.55403999995906,effect_30-34
4997,210,Thalamus,LD,2,0.010836934265976749,3,1.5,1507,0.0019907100199071004,184.55403999995906,effect_30-34
4998,214,Thalamus,LD,6,0.03251080279793025,15,2.5,2461,0.006095083299471759,184.55403999995906,effect_30-34
4999,216,Thalamus,LD,12,0.0650216055958605,33,2.75,2612,0.012633996937212864,184.55403999995906,effect_30-34
5000,221,Thalamus,LD,0,0.0,0,0.0,580,0.0,184.55403999995906,effect_30-34
5001,222,Thalamus,LD,16,0.08669547412781399,33,2.0625,2647,0.012466943709860219,184.55403999995906,effect_30-34
5002,224,Thalamus,LD,16,0.08669547412781399,39,2.4375,2555,0.015264187866927592,184.55403999995906,effect_30-34
5003,225,Thalamus,LD,38,0.20590175105355824,107,2.8157894736842106,1848,0.057900432900432904,184.55403999995906,effect_30-34
5004,226,Thalamus,LD,0,0.0,0,0.0,209,0.0,184.55403999995906,effect_30-34
5005,230,Thalamus,LD,23,0.12462474405873263,46,2.0,2583,0.01780874951606659,184.55403999995906,effect_30-34
5006,238,Other,DG-mo,21,0.11378780979275586,92,4.380952380952381,1076,0.08550185873605948,184.55403999995906,effect_30-34
5007,239,Other,CA3,1,0.005418467132988374,3,3.0,1728,0.001736111111111111,184.55403999995906,effect_30-34
5008,240,Other,CA3,1,0.005418467132988374,3,3.0,1190,0.0025210084033613447,184.55403999995906,effect_30-34
5009,241,Other,CA3,0,0.0,0,0.0,2889,0.0,184.55403999995906,effect_30-34
5010,243,Other,CA3,4,0.021673868531953498,23,5.75,229,0.10043668122270742,184.55403999995906,effect_30-34
5011,244,Other,CA3,2,0.010836934265976749,7,3.5,1924,0.0036382536382536385,184.55403999995906,effect_30-34
5012,246,Other,CA3,1,0.005418467132988374,3,3.0,61,0.04918032786885246,184.55403999995906,effect_30-34
5013,247,Other,CA3,9,0.048766204196895376,34,3.7777777777777777,165,0.20606060606060606,184.55403999995906,effect_30-34
5014,248,Other,CA3,0,0.0,0,0.0,348,0.0,184.55403999995906,effect_30-34
5015,249,Other,CA3,0,0.0,0,0.0,90,0.0,184.55403999995906,effect_30-34
5016,251,Other,CA3,1,0.005418467132988374,3,3.0,3590,0.0008356545961002785,184.55403999995906,effect_30-34
5017,253,Other,DG-po,0,0.0,0,0.0,23,0.0,184.55403999995906,effect_30-34
5018,262,Other,CA1,0,0.0,0,0.0,496,0.0,184.55403999995906,effect_30-34
5019,263,Other,CA1,0,0.0,0,0.0,930,0.0,184.55403999995906,effect_30-34
5020,264,Other,CA1,3,0.016255401398965124,9,3.0,3498,0.002572898799313894,184.55403999995906,effect_30-34
5021,270,Other,CA1,8,0.043347737063906995,27,3.375,3344,0.008074162679425838,184.55403999995906,effect_30-34
5022,283,Other,CA1,17,0.09211394126080237,59,3.4705882352941178,233,0.2532188841201717,184.55403999995906,effect_30-34
5023,291,Other,CA1,0,0.0,0,0.0,149,0.0,184.55403999995906,effect_30-34
5024,300,Other,cing,0,0.0,0,0.0,136,0.0,184.55403999995906,effect_30-34
5025,305,Somatosensory,SSp-tr6a,0,0.0,0,0.0,1810,0.0,184.55403999995906,effect_30-34
5026,308,Somatosensory,SSp-tr6a,0,0.0,0,0.0,1701,0.0,184.55403999995906,effect_30-34
5027,309,Somatosensory,SSp-tr6a,6,0.03251080279793025,20,3.3333333333333335,1259,0.015885623510722795,184.55403999995906,effect_30-34
5028,310,Somatosensory,SSp-tr6a,1,0.005418467132988374,3,3.0,59,0.05084745762711865,184.55403999995906,effect_30-34
5029,311,Somatosensory,SSp-tr6a,0,0.0,0,0.0,267,0.0,184.55403999995906,effect_30-34
5030,316,Somatosensory,SSp-tr6a,0,0.0,0,0.0,687,0.0,184.55403999995906,effect_30-34
5031,317,Somatosensory,SSp-tr6a,4,0.021673868531953498,12,3.0,996,0.012048192771084338,184.55403999995906,effect_30-34
5032,318,Somatosensory,SSp-tr6a,15,0.08127700699482562,62,4.133333333333334,1712,0.036214953271028034,184.55403999995906,effect_30-34
5033,322,Somatosensory,SSp-tr6a,0,0.0,0,0.0,1217,0.0,184.55403999995906,effect_30-34
5034,324,Somatosensory,SSp-tr6a,0,0.0,0,0.0,0,0.0,184.55403999995906,effect_30-34
5035,326,Somatosensory,SSp-tr6a,1,0.005418467132988374,3,3.0,202,0.01485148514851485,184.55403999995906,effect_30-34
5036,332,Somatosensory,SSp-tr5,0,0.0,0,0.0,782,0.0,184.55403999995906,effect_30-34
5037,333,Somatosensory,SSp-tr5,4,0.021673868531953498,15,3.75,658,0.022796352583586626,184.55403999995906,effect_30-34
5038,337,Somatosensory,SSp-tr5,0,0.0,0,0.0,312,0.0,184.55403999995906,effect_30-34
5039,338,Somatosensory,SSp-tr5,0,0.0,0,0.0,11,0.0,184.55403999995906,effect_30-34
5040,339,Somatosensory,SSp-tr5,0,0.0,0,0.0,336,0.0,184.55403999995906,effect_30-34
5041,340,Somatosensory,SSp-tr5,0,0.0,0,0.0,250,0.0,184.55403999995906,effect_30-34
5042,341,Somatosensory,SSp-tr5,0,0.0,0,0.0,1057,0.0,184.55403999995906,effect_30-34
5043,343,Somatosensory,SSp-tr5,0,0.0,0,0.0,204,0.0,184.55403999995906,effect_30-34
5044,346,Somatosensory,SSp-tr5,0,0.0,0,0.0,3275,0.0,184.55403999995906,effect_30-34
5045,348,Somatosensory,SSp-tr5,1,0.005418467132988374,3,3.0,1443,0.002079002079002079,184.55403999995906,effect_30-34
5046,349,Somatosensory,SSp-tr5,0,0.0,0,0.0,397,0.0,184.55403999995906,effect_30-34
5047,353,Somatosensory,SSp-tr5,0,0.0,0,0.0,1396,0.0,184.55403999995906,effect_30-34
5048,355,Somatosensory,SSp-tr5,7,0.03792926993091862,22,3.142857142857143,2285,0.00962800875273523,184.55403999995906,effect_30-34
5049,356,Somatosensory,SSp-tr5,2,0.010836934265976749,7,3.5,1339,0.005227781926811053,184.55403999995906,effect_30-34
5050,359,Somatosensory,SSp-tr5,0,0.0,0,0.0,764,0.0,184.55403999995906,effect_30-34
5051,361,Somatosensory,SSp-tr5,0,0.0,0,0.0,387,0.0,184.55403999995906,effect_30-34
5052,362,Other,VISa5,0,0.0,0,0.0,211,0.0,184.55403999995906,effect_30-34
5053,363,Other,VISa5,0,0.0,0,0.0,910,0.0,184.55403999995906,effect_30-34
5054,364,Other,VISa5,1,0.005418467132988374,3,3.0,708,0.00423728813559322,184.55403999995906,effect_30-34
5055,365,Other,VISa5,2,0.010836934265976749,6,3.0,1009,0.005946481665014866,184.55403999995906,effect_30-34
5056,366,Other,VISa5,2,0.010836934265976749,6,3.0,723,0.008298755186721992,184.55403999995906,effect_30-34
5057,367,Other,VISa5,1,0.005418467132988374,3,3.0,915,0.003278688524590164,184.55403999995906,effect_30-34
5058,373,Other,VISa5,0,0.0,0,0.0,526,0.0,184.55403999995906,effect_30-34
5059,376,Other,VISa4,0,0.0,0,0.0,763,0.0,184.55403999995906,effect_30-34
5060,377,Other,VISa4,30,0.16255401398965125,106,3.533333333333333,2366,0.044801352493660185,184.55403999995906,effect_30-34
5061,383,Other,VISa2/3,0,0.0,0,0.0,229,0.0,184.55403999995906,effect_30-34
5062,384,Other,VISa2/3,1,0.005418467132988374,3,3.0,169,0.01775147928994083,184.55403999995906,effect_30-34
5063,390,Other,VISa2/3,1,0.005418467132988374,3,3.0,204,0.014705882352941176,184.55403999995906,effect_30-34
5064,391,Other,VISa2/3,0,0.0,0,0.0,136,0.0,184.55403999995906,effect_30-34
5065,398,Other,VISa2/3,0,0.0,0,0.0,20,0.0,184.55403999995906,effect_30-34
5066,399,Other,VISa2/3,0,0.0,0,0.0,15,0.0,184.55403999995906,effect_30-34
5067,400,Other,VISa2/3,0,0.0,0,0.0,28,0.0,184.55403999995906,effect_30-34
5068,401,Other,VISa2/3,0,0.0,0,0.0,128,0.0,184.55403999995906,effect_30-34
5069,405,Other,VISa2/3,0,0.0,0,0.0,57,0.0,184.55403999995906,effect_30-34
5070,413,Thalamus,PO,0,0.0,0,0.0,51,0.0,184.55403999995906,effect_30-34
5071,415,Thalamus,PO,12,0.0650216055958605,32,2.6666666666666665,1562,0.020486555697823303,184.55403999995906,effect_30-34
5072,418,Thalamus,PO,3,0.016255401398965124,5,1.6666666666666667,260,0.019230769230769232,184.55403999995906,effect_30-34
5073,421,Thalamus,PO,14,0.07585853986183724,35,2.5,579,0.06044905008635579,184.55403999995906,effect_30-34
5074,422,Thalamus,PO,18,0.09753240839379075,33,1.8333333333333333,1953,0.016897081413210446,184.55403999995906,effect_30-34
5075,423,Thalamus,PO,1,0.005418467132988374,1,1.0,307,0.003257328990228013,184.55403999995906,effect_30-34
5076,424,Thalamus,PO,0,0.0,0,0.0,15,0.0,184.55403999995906,effect_30-34
5077,426,Thalamus,PO,27,0.1462986125906861,51,1.8888888888888888,1037,0.04918032786885246,184.55403999995906,effect_30-34
5078,427,Thalamus,PO,1,0.005418467132988374,2,2.0,123,0.016260162601626018,184.55403999995906,effect_30-34
5079,428,Thalamus,PO,0,0.0,0,0.0,726,0.0,184.55403999995906,effect_30-34
5080,429,Thalamus,PO,0,0.0,0,0.0,17,0.0,184.55403999995906,effect_30-34
5081,433,Thalamus,PO,2,0.010836934265976749,4,2.0,933,0.004287245444801715,184.55403999995906,effect_30-34
5082,436,Thalamus,PO,9,0.048766204196895376,15,1.6666666666666667,1827,0.008210180623973728,184.55403999995906,effect_30-34
5083,438,Thalamus,PO,0,0.0,0,0.0,1866,0.0,184.55403999995906,effect_30-34
5084,439,Thalamus,LD,4,0.021673868531953498,13,3.25,1522,0.008541392904073587,184.55403999995906,effect_30-34
5085,440,Thalamus,LD,37,0.20048328392056985,82,2.2162162162162162,1968,0.041666666666666664,184.55403999995906,effect_30-34
5086,443,Other,DG-mo,0,0.0,0,0.0,1,0.0,184.55403999995906,effect_30-34
5087,446,Other,CA3,1,0.005418467132988374,4,4.0,17,0.23529411764705882,184.55403999995906,effect_30-34
5088,448,Other,CA3,0,0.0,0,0.0,384,0.0,184.55403999995906,effect_30-34
5089,454,Other,CA1,0,0.0,0,0.0,516,0.0,184.55403999995906,effect_30-34
5090,456,Somatosensory,SSp-tr5,0,0.0,0,0.0,282,0.0,184.55403999995906,effect_30-34
5091,457,Other,VISa5,0,0.0,0,0.0,344,0.0,184.55403999995906,effect_30-34
5092,458,Other,VISa5,0,0.0,0,0.0,429,0.0,184.55403999995906,effect_30-34
5093,463,Other,VISa2/3,0,0.0,0,0.0,4,0.0,184.55403999995906,effect_30-34
5094,465,Other,VISa2/3,0,0.0,0,0.0,42,0.0,184.55403999995906,effect_30-34
5095,466,Other,VISa2/3,0,0.0,0,0.0,3,0.0,184.55403999995906,effect_30-34
5096,467,Other,VISa2/3,0,0.0,0,0.0,33,0.0,184.55403999995906,effect_30-34
5097,468,Other,VISa2/3,0,0.0,0,0.0,12,0.0,184.55403999995906,effect_30-34
5098,472,Other,CA1,0,0.0,0,0.0,6,0.0,184.55403999995906,effect_30-34
5099,473,Other,VISa2/3,0,0.0,0,0.0,12,0.0,184.55403999995906,effect_30-34
5100,476,Thalamus,PO,55,0.2980156923143606,110,2.0,1412,0.07790368271954674,184.55403999995906,effect_30-34
5101,478,Thalamus,PO,16,0.08669547412781399,32,2.0,908,0.03524229074889868,184.55403999995906,effect_30-34
5102,479,Thalamus,PO,0,0.0,0,0.0,971,0.0,184.55403999995906,effect_30-34
5103,480,Other,DG-po,1,0.005418467132988374,3,3.0,760,0.003947368421052632,184.55403999995906,effect_30-34
5104,481,Somatosensory,SSp-tr6a,11,0.05960313846287212,61,5.545454545454546,246,0.24796747967479674,184.55403999995906,effect_30-34
5105,482,Other,VISa2/3,0,0.0,0,0.0,11,0.0,184.55403999995906,effect_30-34
5106,484,Other,VISa2/3,0,0.0,0,0.0,6,0.0,184.55403999995906,effect_30-34
5107,485,Other,VISa2/3,0,0.0,0,0.0,17,0.0,184.55403999995906,effect_30-34
5108,497,Other,ccb,3,0.016255401398965124,10,3.3333333333333335,283,0.0353356890459364,184.55403999995906,effect_30-34
5109,499,STR,ACB,0,0.0,0,0.0,145,0.0,184.55403999995906,effect_30-34
5110,500,STR,ACB,2,0.010836934265976749,6,3.0,1098,0.00546448087431694,184.55403999995906,effect_30-34
5111,502,STR,ACB,3,0.016255401398965124,9,3.0,1023,0.008797653958944282,184.55403999995906,effect_30-34
5112,506,STR,ACB,2,0.010836934265976749,6,3.0,642,0.009345794392523364,184.55403999995906,effect_30-34
5113,507,STR,ACB,0,0.0,0,0.0,4,0.0,184.55403999995906,effect_30-34
5114,508,STR,ACB,16,0.08669547412781399,59,3.6875,1548,0.03811369509043928,184.55403999995906,effect_30-34
5115,509,STR,ACB,38,0.20590175105355824,152,4.0,5147,0.029531766077326597,184.55403999995906,effect_30-34
5116,510,STR,ACB,2,0.010836934265976749,10,5.0,113,0.08849557522123894,184.55403999995906,effect_30-34
5117,511,STR,ACB,6,0.03251080279793025,24,4.0,1583,0.015161086544535692,184.55403999995906,effect_30-34
5118,514,STR,ACB,5,0.027092335664941875,18,3.6,547,0.03290676416819013,184.55403999995906,effect_30-34
5119,516,STR,ACB,7,0.03792926993091862,25,3.5714285714285716,251,0.099601593625498,184.55403999995906,effect_30-34
5120,517,STR,ACB,11,0.05960313846287212,38,3.4545454545454546,1257,0.030230708035003977,184.55403999995906,effect_30-34
5121,518,STR,ACB,36,0.1950648167875815,117,3.25,1573,0.0743801652892562,184.55403999995906,effect_30-34
5122,519,STR,ACB,27,0.1462986125906861,100,3.7037037037037037,969,0.10319917440660474,184.55403999995906,effect_30-34
5123,524,STR,ACB,12,0.0650216055958605,40,3.3333333333333335,3029,0.013205678441729944,184.55403999995906,effect_30-34
5124,525,STR,ACB,57,0.30885262658033735,235,4.12280701754386,736,0.31929347826086957,184.55403999995906,effect_30-34
5125,526,STR,ACB,1,0.005418467132988374,3,3.0,1203,0.0024937655860349127,184.55403999995906,effect_30-34
5126,527,STR,ACB,8,0.043347737063906995,26,3.25,1616,0.01608910891089109,184.55403999995906,effect_30-34
5127,530,STR,ACB,24,0.130043211191721,91,3.7916666666666665,1037,0.08775313404050145,184.55403999995906,effect_30-34
5128,532,STR,ACB,0,0.0,0,0.0,257,0.0,184.55403999995906,effect_30-34
5129,534,STR,ACB,1,0.005418467132988374,3,3.0,494,0.006072874493927126,184.55403999995906,effect_30-34
5130,543,STR,ACB,7,0.03792926993091862,25,3.5714285714285716,833,0.030012004801920768,184.55403999995906,effect_30-34
5131,544,STR,ACB,0,0.0,0,0.0,8,0.0,184.55403999995906,effect_30-34
5132,545,STR,ACB,10,0.05418467132988375,33,3.3,1574,0.02096569250317662,184.55403999995906,effect_30-34
5133,546,STR,ACB,0,0.0,0,0.0,49,0.0,184.55403999995906,effect_30-34
5134,547,STR,ACB,0,0.0,0,0.0,1011,0.0,184.55403999995906,effect_30-34
5135,548,STR,ACB,0,0.0,0,0.0,9,0.0,184.55403999995906,effect_30-34
5136,549,STR,ACB,9,0.048766204196895376,33,3.6666666666666665,2296,0.014372822299651568,184.55403999995906,effect_30-34
5137,550,STR,ACB,0,0.0,0,0.0,2,0.0,184.55403999995906,effect_30-34
5138,553,STR,ACB,5,0.027092335664941875,17,3.4,1331,0.012772351615326822,184.55403999995906,effect_30-34
5139,556,STR,ACB,0,0.0,0,0.0,51,0.0,184.55403999995906,effect_30-34
5140,558,STR,ACB,23,0.12462474405873263,77,3.347826086956522,982,0.07841140529531568,184.55403999995906,effect_30-34
5141,559,STR,ACB,3,0.016255401398965124,11,3.6666666666666665,286,0.038461538461538464,184.55403999995906,effect_30-34
5142,560,STR,ACB,4,0.021673868531953498,13,3.25,383,0.033942558746736295,184.55403999995906,effect_30-34
5143,562,STR,ACB,2,0.010836934265976749,6,3.0,134,0.04477611940298507,184.55403999995906,effect_30-34
5144,563,STR,ACB,0,0.0,0,0.0,7,0.0,184.55403999995906,effect_30-34
5145,564,STR,ACB,11,0.05960313846287212,36,3.272727272727273,1102,0.032667876588021776,184.55403999995906,effect_30-34
5146,565,STR,ACB,6,0.03251080279793025,23,3.8333333333333335,1174,0.019591141396933562,184.55403999995906,effect_30-34
5147,566,STR,ACB,0,0.0,0,0.0,345,0.0,184.55403999995906,effect_30-34
5148,567,STR,ACB,20,0.1083693426597675,67,3.35,1955,0.034271099744245526,184.55403999995906,effect_30-34
5149,568,STR,ACB,0,0.0,0,0.0,47,0.0,184.55403999995906,effect_30-34
5150,571,STR,ACB,43,0.2329940867185001,137,3.186046511627907,2593,0.052834554569996146,184.55403999995906,effect_30-34
5151,573,STR,ACB,0,0.0,0,0.0,0,0.0,184.55403999995906,effect_30-34
5152,575,STR,ACB,0,0.0,0,0.0,119,0.0,184.55403999995906,effect_30-34
5153,576,STR,ACB,2,0.010836934265976749,6,3.0,331,0.01812688821752266,184.55403999995906,effect_30-34
5154,577,STR,ACB,1,0.005418467132988374,3,3.0,2237,0.0013410818059901655,184.55403999995906,effect_30-34
5155,578,STR,ACB,0,0.0,0,0.0,15,0.0,184.55403999995906,effect_30-34
5156,579,STR,ACB,22,0.11920627692574425,71,3.227272727272727,1749,0.04059462550028588,184.55403999995906,effect_30-34
5157,582,STR,STR,0,0.0,0,0.0,459,0.0,184.55403999995906,effect_30-34
5158,583,STR,STR,0,0.0,0,0.0,617,0.0,184.55403999995906,effect_30-34
5159,584,STR,STR,0,0.0,0,0.0,610,0.0,184.55403999995906,effect_30-34
5160,586,STR,STR,0,0.0,0,0.0,655,0.0,184.55403999995906,effect_30-34
5161,587,Other,OLF,0,0.0,0,0.0,1143,0.0,184.55403999995906,effect_30-34
5162,588,Other,OLF,0,0.0,0,0.0,2586,0.0,184.55403999995906,effect_30-34
5163,592,Other,OLF,0,0.0,0,0.0,993,0.0,184.55403999995906,effect_30-34
5164,593,Other,OLF,0,0.0,0,0.0,441,0.0,184.55403999995906,effect_30-34
5165,594,Other,OLF,1,0.005418467132988374,3,3.0,1408,0.002130681818181818,184.55403999995906,effect_30-34
5166,596,Other,OLF,0,0.0,0,0.0,2614,0.0,184.55403999995906,effect_30-34
5167,598,Other,OLF,0,0.0,0,0.0,27,0.0,184.55403999995906,effect_30-34
5168,599,Other,OLF,0,0.0,0,0.0,131,0.0,184.55403999995906,effect_30-34
5169,600,Other,OLF,0,0.0,0,0.0,3229,0.0,184.55403999995906,effect_30-34
5170,612,Other,OLF,0,0.0,0,0.0,138,0.0,184.55403999995906,effect_30-34
5171,616,Other,OLF,0,0.0,0,0.0,127,0.0,184.55403999995906,effect_30-34
5172,620,Other,OLF,1,0.005418467132988374,3,3.0,934,0.0032119914346895075,184.55403999995906,effect_30-34
5173,621,Other,OLF,0,0.0,0,0.0,180,0.0,184.55403999995906,effect_30-34
5174,622,Other,ORBl6a,0,0.0,0,0.0,82,0.0,184.55403999995906,effect_30-34
5175,623,Other,ORBl5,0,0.0,0,0.0,872,0.0,184.55403999995906,effect_30-34
5176,624,Other,ORBl6a,1,0.005418467132988374,3,3.0,871,0.003444316877152698,184.55403999995906,effect_30-34
5177,627,Other,ORBl5,0,0.0,0,0.0,684,0.0,184.55403999995906,effect_30-34
5178,628,Other,ORBl5,0,0.0,0,0.0,8,0.0,184.55403999995906,effect_30-34
5179,632,Other,ORBl5,3,0.016255401398965124,9,3.0,1910,0.004712041884816754,184.55403999995906,effect_30-34
5180,633,Other,ORBl5,5,0.027092335664941875,18,3.6,868,0.020737327188940093,184.55403999995906,effect_30-34
5181,634,Other,ORBl5,0,0.0,0,0.0,48,0.0,184.55403999995906,effect_30-34
5182,635,Other,ORBl5,1,0.005418467132988374,3,3.0,156,0.019230769230769232,184.55403999995906,effect_30-34
5183,636,Other,ORBl5,2,0.010836934265976749,6,3.0,194,0.030927835051546393,184.55403999995906,effect_30-34
5184,639,Other,ORBl5,1,0.005418467132988374,3,3.0,828,0.0036231884057971015,184.55403999995906,effect_30-34
5185,640,Other,ORBl5,0,0.0,0,0.0,985,0.0,184.55403999995906,effect_30-34
5186,641,Other,ORBl5,0,0.0,0,0.0,1179,0.0,184.55403999995906,effect_30-34
5187,642,Other,ORBl5,0,0.0,0,0.0,13,0.0,184.55403999995906,effect_30-34
5188,643,Other,ORBl5,0,0.0,0,0.0,520,0.0,184.55403999995906,effect_30-34
5189,644,Other,ORBl5,0,0.0,0,0.0,793,0.0,184.55403999995906,effect_30-34
5190,646,Other,ORBl5,5,0.027092335664941875,18,3.6,1308,0.013761467889908258,184.55403999995906,effect_30-34
5191,648,Other,ORBl5,0,0.0,0,0.0,140,0.0,184.55403999995906,effect_30-34
5192,650,Other,ORBl5,0,0.0,0,0.0,332,0.0,184.55403999995906,effect_30-34
5193,651,Other,ORBl5,0,0.0,0,0.0,614,0.0,184.55403999995906,effect_30-34
5194,652,Other,ORBl5,2,0.010836934265976749,6,3.0,2550,0.002352941176470588,184.55403999995906,effect_30-34
5195,657,Other,ORBl5,2,0.010836934265976749,11,5.5,584,0.018835616438356163,184.55403999995906,effect_30-34
5196,658,Other,ORBl5,0,0.0,0,0.0,105,0.0,184.55403999995906,effect_30-34
5197,661,Other,ORBl5,0,0.0,0,0.0,282,0.0,184.55403999995906,effect_30-34
5198,662,Other,ORBl5,113,0.6122867860276864,526,4.654867256637168,1517,0.34673698088332233,184.55403999995906,effect_30-34
5199,663,Other,ORBl5,16,0.08669547412781399,64,4.0,242,0.2644628099173554,184.55403999995906,effect_30-34
5200,664,Other,ORBl5,6,0.03251080279793025,26,4.333333333333333,590,0.04406779661016949,184.55403999995906,effect_30-34
5201,665,Other,ORBl5,6,0.03251080279793025,26,4.333333333333333,1247,0.020850040096230954,184.55403999995906,effect_30-34
5202,666,Other,ORBl5,0,0.0,0,0.0,732,0.0,184.55403999995906,effect_30-34
5203,669,Other,ORBl6a,0,0.0,0,0.0,1464,0.0,184.55403999995906,effect_30-34
5204,671,Other,ORBl5,0,0.0,0,0.0,351,0.0,184.55403999995906,effect_30-34
5205,673,Other,ORBl5,0,0.0,0,0.0,497,0.0,184.55403999995906,effect_30-34
5206,677,Other,ORBl5,0,0.0,0,0.0,858,0.0,184.55403999995906,effect_30-34
5207,678,Other,ORBl5,0,0.0,0,0.0,54,0.0,184.55403999995906,effect_30-34
5208,679,Other,ORBl5,2,0.010836934265976749,6,3.0,411,0.014598540145985401,184.55403999995906,effect_30-34
5209,681,Other,ORBl6a,1,0.005418467132988374,14,14.0,329,0.0425531914893617,184.55403999995906,effect_30-34
5210,684,Other,ORBl6a,0,0.0,0,0.0,312,0.0,184.55403999995906,effect_30-34
5211,685,Other,ORBl6a,8,0.043347737063906995,35,4.375,802,0.043640897755610975,184.55403999995906,effect_30-34
5212,688,Other,ORBl6a,0,0.0,0,0.0,316,0.0,184.55403999995906,effect_30-34
5213,689,Other,ORBl6a,15,0.08127700699482562,83,5.533333333333333,482,0.17219917012448133,184.55403999995906,effect_30-34
5214,690,Other,ORBl6a,0,0.0,0,0.0,263,0.0,184.55403999995906,effect_30-34
5215,692,Other,ORBl6a,6,0.03251080279793025,21,3.5,357,0.058823529411764705,184.55403999995906,effect_30-34
5216,694,Other,ORBl6a,0,0.0,0,0.0,190,0.0,184.55403999995906,effect_30-34
5217,696,Other,ORBl6a,9,0.048766204196895376,27,3.0,1774,0.015219842164599774,184.55403999995906,effect_30-34
5218,698,Other,ORBl6a,4,0.021673868531953498,13,3.25,128,0.1015625,184.55403999995906,effect_30-34
5219,700,Other,ORBl6a,0,0.0,0,0.0,45,0.0,184.55403999995906,effect_30-34
5220,701,Other,ORBl6a,1,0.005418467132988374,3,3.0,1179,0.002544529262086514,184.55403999995906,effect_30-34
5221,703,Other,ORBl6a,0,0.0,0,0.0,22,0.0,184.55403999995906,effect_30-34
5222,706,Other,ORBl6a,0,0.0,0,0.0,1,0.0,184.55403999995906,effect_30-34
5223,707,Other,ORBl6a,0,0.0,0,0.0,15,0.0,184.55403999995906,effect_30-34
5224,709,Other,ORBl6a,1,0.005418467132988374,3,3.0,1430,0.002097902097902098,184.55403999995906,effect_30-34
5225,710,Other,ORBl6a,0,0.0,0,0.0,255,0.0,184.55403999995906,effect_30-34
5226,711,Other,ORBl6a,0,0.0,0,0.0,74,0.0,184.55403999995906,effect_30-34
5227,712,Other,ORBl6a,1,0.005418467132988374,3,3.0,2924,0.0010259917920656635,184.55403999995906,effect_30-34
5228,714,Other,ORBl6a,0,0.0,0,0.0,2998,0.0,184.55403999995906,effect_30-34
5229,715,Other,ORBl6a,0,0.0,0,0.0,907,0.0,184.55403999995906,effect_30-34
5230,718,Other,ORBl6a,0,0.0,0,0.0,741,0.0,184.55403999995906,effect_30-34
5231,719,Other,ORBl6a,1,0.005418467132988374,3,3.0,553,0.0054249547920434,184.55403999995906,effect_30-34
5232,720,Other,ORBl6a,46,0.24924948811746525,191,4.1521739130434785,1852,0.10313174946004319,184.55403999995906,effect_30-34
5233,721,Other,ORBl6a,0,0.0,0,0.0,502,0.0,184.55403999995906,effect_30-34
5234,725,Other,ORBl6a,1,0.005418467132988374,3,3.0,75,0.04,184.55403999995906,effect_30-34
5235,726,Other,ORBl6a,0,0.0,0,0.0,593,0.0,184.55403999995906,effect_30-34
5236,727,Other,ORBl6a,0,0.0,0,0.0,482,0.0,184.55403999995906,effect_30-34
5237,728,Other,ORBl6a,8,0.043347737063906995,34,4.25,1588,0.021410579345088162,184.55403999995906,effect_30-34
5238,729,Other,ORBl6a,0,0.0,0,0.0,136,0.0,184.55403999995906,effect_30-34
5239,730,Other,ORBl6a,3,0.016255401398965124,10,3.3333333333333335,504,0.01984126984126984,184.55403999995906,effect_30-34
5240,734,Other,ORBl6a,3,0.016255401398965124,12,4.0,521,0.023032629558541268,184.55403999995906,effect_30-34
5241,735,Other,ORBl6a,3,0.016255401398965124,9,3.0,122,0.07377049180327869,184.55403999995906,effect_30-34
5242,736,Other,ORBl6a,0,0.0,0,0.0,66,0.0,184.55403999995906,effect_30-34
5243,738,Other,ORBl6b,0,0.0,0,0.0,125,0.0,184.55403999995906,effect_30-34
5244,740,Other,ORBl6b,0,0.0,0,0.0,412,0.0,184.55403999995906,effect_30-34
5245,744,Other,ORBl6b,0,0.0,0,0.0,14,0.0,184.55403999995906,effect_30-34
5246,746,Other,scwm,0,0.0,0,0.0,255,0.0,184.55403999995906,effect_30-34
5247,747,Other,ORBl6b,0,0.0,0,0.0,19,0.0,184.55403999995906,effect_30-34
5248,753,Other,scwm,0,0.0,0,0.0,18,0.0,184.55403999995906,effect_30-34
5249,755,Other,scwm,0,0.0,0,0.0,2893,0.0,184.55403999995906,effect_30-34
5250,756,Other,scwm,0,0.0,0,0.0,222,0.0,184.55403999995906,effect_30-34
5251,758,Other,ORBl6b,0,0.0,0,0.0,28,0.0,184.55403999995906,effect_30-34
5252,760,Other,ORBl6b,1,0.005418467132988374,9,9.0,99,0.09090909090909091,184.55403999995906,effect_30-34
5253,761,Other,ORBl6b,0,0.0,0,0.0,149,0.0,184.55403999995906,effect_30-34
5254,762,Other,ORBl6b,0,0.0,0,0.0,40,0.0,184.55403999995906,effect_30-34
5255,764,Other,AId6a,0,0.0,0,0.0,58,0.0,184.55403999995906,effect_30-34
5256,765,Other,AId6a,0,0.0,0,0.0,107,0.0,184.55403999995906,effect_30-34
5257,768,Other,AId6a,2,0.010836934265976749,8,4.0,145,0.05517241379310345,184.55403999995906,effect_30-34
5258,769,Other,AId6a,7,0.03792926993091862,23,3.2857142857142856,2030,0.011330049261083743,184.55403999995906,effect_30-34
5259,771,Other,AId6a,1,0.005418467132988374,5,5.0,192,0.026041666666666668,184.55403999995906,effect_30-34
5260,773,Other,AId6a,0,0.0,0,0.0,67,0.0,184.55403999995906,effect_30-34
5261,779,Motor,MOs6a,0,0.0,0,0.0,27,0.0,184.55403999995906,effect_30-34
5262,780,Other,AId6a,9,0.048766204196895376,29,3.2222222222222223,501,0.05788423153692615,184.55403999995906,effect_30-34
5263,781,Motor,MOs6a,0,0.0,0,0.0,847,0.0,184.55403999995906,effect_30-34
5264,784,Motor,MOs6a,0,0.0,0,0.0,557,0.0,184.55403999995906,effect_30-34
5265,787,Motor,MOs6a,6,0.03251080279793025,22,3.6666666666666665,1351,0.01628423390081421,184.55403999995906,effect_30-34
5266,788,Motor,MOs6a,0,0.0,0,0.0,291,0.0,184.55403999995906,effect_30-34
5267,792,Motor,MOs6a,0,0.0,0,0.0,1998,0.0,184.55403999995906,effect_30-34
5268,796,Motor,MOs6a,0,0.0,0,0.0,8,0.0,184.55403999995906,effect_30-34
5269,798,Motor,MOs6a,0,0.0,0,0.0,75,0.0,184.55403999995906,effect_30-34
5270,799,Motor,MOs6a,0,0.0,0,0.0,23,0.0,184.55403999995906,effect_30-34
5271,803,Motor,MOs6a,1,0.005418467132988374,3,3.0,952,0.0031512605042016808,184.55403999995906,effect_30-34
5272,804,Motor,MOs6a,0,0.0,0,0.0,365,0.0,184.55403999995906,effect_30-34
5273,808,Motor,MOs6a,2,0.010836934265976749,6,3.0,778,0.007712082262210797,184.55403999995906,effect_30-34
5274,809,Motor,MOs6a,0,0.0,0,0.0,627,0.0,184.55403999995906,effect_30-34
5275,816,Motor,MOs6a,1,0.005418467132988374,3,3.0,1105,0.0027149321266968325,184.55403999995906,effect_30-34
5276,817,Motor,MOs6a,0,0.0,0,0.0,1232,0.0,184.55403999995906,effect_30-34
5277,818,Motor,MOs6a,0,0.0,0,0.0,683,0.0,184.55403999995906,effect_30-34
5278,826,Motor,MOs6a,1,0.005418467132988374,3,3.0,139,0.02158273381294964,184.55403999995906,effect_30-34
5279,827,Motor,MOs6a,9,0.048766204196895376,28,3.111111111111111,1912,0.014644351464435146,184.55403999995906,effect_30-34
5280,828,Motor,MOs6a,4,0.021673868531953498,18,4.5,2053,0.00876765708718948,184.55403999995906,effect_30-34
5281,829,Motor,MOs6a,0,0.0,0,0.0,654,0.0,184.55403999995906,effect_30-34
5282,830,Motor,MOs6a,1,0.005418467132988374,4,4.0,520,0.007692307692307693,184.55403999995906,effect_30-34
5283,832,Motor,MOs6a,0,0.0,0,0.0,1236,0.0,184.55403999995906,effect_30-34
5284,834,Motor,MOs6a,0,0.0,0,0.0,285,0.0,184.55403999995906,effect_30-34
5285,839,Motor,MOs5,1,0.005418467132988374,3,3.0,494,0.006072874493927126,184.55403999995906,effect_30-34
5286,840,Motor,MOs5,0,0.0,0,0.0,277,0.0,184.55403999995906,effect_30-34
5287,845,Motor,MOs5,9,0.048766204196895376,43,4.777777777777778,693,0.06204906204906205,184.55403999995906,effect_30-34
5288,849,Motor,MOs5,5,0.027092335664941875,16,3.2,762,0.02099737532808399,184.55403999995906,effect_30-34
5289,854,Motor,MOs5,1,0.005418467132988374,3,3.0,13,0.23076923076923078,184.55403999995906,effect_30-34
5290,857,Motor,MOs5,0,0.0,0,0.0,2471,0.0,184.55403999995906,effect_30-34
5291,859,Motor,MOs5,5,0.027092335664941875,17,3.4,639,0.026604068857589983,184.55403999995906,effect_30-34
5292,861,Motor,MOs5,9,0.048766204196895376,38,4.222222222222222,1268,0.02996845425867508,184.55403999995906,effect_30-34
5293,862,Motor,MOs5,8,0.043347737063906995,35,4.375,208,0.16826923076923078,184.55403999995906,effect_30-34
5294,864,Motor,MOs5,0,0.0,0,0.0,1233,0.0,184.55403999995906,effect_30-34
5295,868,Motor,MOp5,1,0.005418467132988374,3,3.0,2386,0.0012573344509639564,184.55403999995906,effect_30-34
5296,869,Motor,MOp5,0,0.0,0,0.0,2193,0.0,184.55403999995906,effect_30-34
5297,873,Motor,MOp5,0,0.0,0,0.0,227,0.0,184.55403999995906,effect_30-34
5298,874,Motor,MOp5,4,0.021673868531953498,15,3.75,1513,0.00991407799074686,184.55403999995906,effect_30-34
5299,875,Motor,MOp5,2,0.010836934265976749,6,3.0,492,0.012195121951219513,184.55403999995906,effect_30-34
5300,876,Motor,MOp5,0,0.0,0,0.0,76,0.0,184.55403999995906,effect_30-34
5301,878,Motor,MOs5,0,0.0,0,0.0,1576,0.0,184.55403999995906,effect_30-34
5302,881,Motor,MOp5,0,0.0,0,0.0,1273,0.0,184.55403999995906,effect_30-34
5303,882,Motor,MOs5,1,0.005418467132988374,3,3.0,411,0.0072992700729927005,184.55403999995906,effect_30-34
5304,883,Motor,MOs5,0,0.0,0,0.0,786,0.0,184.55403999995906,effect_30-34
5305,884,Motor,MOs5,0,0.0,0,0.0,1796,0.0,184.55403999995906,effect_30-34
5306,887,Motor,MOp5,0,0.0,0,0.0,282,0.0,184.55403999995906,effect_30-34
5307,891,Motor,MOp5,0,0.0,0,0.0,259,0.0,184.55403999995906,effect_30-34
5308,892,Motor,MOp5,0,0.0,0,0.0,125,0.0,184.55403999995906,effect_30-34
5309,893,Motor,MOp5,0,0.0,0,0.0,242,0.0,184.55403999995906,effect_30-34
5310,894,Motor,MOp5,0,0.0,0,0.0,17,0.0,184.55403999995906,effect_30-34
5311,895,Motor,MOp5,2,0.010836934265976749,9,4.5,2074,0.004339440694310511,184.55403999995906,effect_30-34
5312,897,Motor,MOp5,0,0.0,0,0.0,4,0.0,184.55403999995906,effect_30-34
5313,898,Motor,MOp5,0,0.0,0,0.0,32,0.0,184.55403999995906,effect_30-34
5314,899,Motor,MOp5,0,0.0,0,0.0,364,0.0,184.55403999995906,effect_30-34
5315,900,Motor,MOp5,0,0.0,0,0.0,22,0.0,184.55403999995906,effect_30-34
5316,906,Motor,MOp5,0,0.0,0,0.0,299,0.0,184.55403999995906,effect_30-34
5317,907,Motor,MOp2/3,0,0.0,0,0.0,8,0.0,184.55403999995906,effect_30-34
5318,909,Motor,MOp5,1,0.005418467132988374,4,4.0,259,0.015444015444015444,184.55403999995906,effect_30-34
5319,910,Motor,MOp5,0,0.0,0,0.0,651,0.0,184.55403999995906,effect_30-34
5320,911,Motor,MOp2/3,0,0.0,0,0.0,550,0.0,184.55403999995906,effect_30-34
5321,913,Motor,MOp5,0,0.0,0,0.0,164,0.0,184.55403999995906,effect_30-34
5322,914,Motor,MOp2/3,0,0.0,0,0.0,973,0.0,184.55403999995906,effect_30-34
5323,915,Motor,MOp2/3,2,0.010836934265976749,7,3.5,1079,0.006487488415199258,184.55403999995906,effect_30-34
5324,920,Motor,MOp2/3,0,0.0,0,0.0,534,0.0,184.55403999995906,effect_30-34
5325,921,Motor,MOp2/3,0,0.0,0,0.0,75,0.0,184.55403999995906,effect_30-34
5326,922,Motor,MOp2/3,0,0.0,0,0.0,445,0.0,184.55403999995906,effect_30-34
5327,924,Motor,MOp2/3,7,0.03792926993091862,31,4.428571428571429,40,0.775,184.55403999995906,effect_30-34
5328,926,Motor,MOp2/3,285,1.5442631329016867,1986,6.968421052631579,8802,0.2256305385139741,184.55403999995906,effect_30-34
5329,927,Motor,MOp2/3,2,0.010836934265976749,6,3.0,585,0.010256410256410256,184.55403999995906,effect_30-34
5330,930,Motor,MOp2/3,124,0.6718899244905585,702,5.661290322580645,1170,0.6,184.55403999995906,effect_30-34
5331,932,Motor,MOp2/3,0,0.0,0,0.0,46,0.0,184.55403999995906,effect_30-34
5332,934,Motor,MOp2/3,0,0.0,0,0.0,0,0.0,184.55403999995906,effect_30-34
5333,935,Motor,MOp2/3,7,0.03792926993091862,29,4.142857142857143,341,0.08504398826979472,184.55403999995906,effect_30-34
5334,936,Motor,MOp2/3,0,0.0,0,0.0,421,0.0,184.55403999995906,effect_30-34
5335,937,Motor,MOp2/3,0,0.0,0,0.0,353,0.0,184.55403999995906,effect_30-34
5336,939,Motor,MOp2/3,0,0.0,0,0.0,285,0.0,184.55403999995906,effect_30-34
5337,940,Motor,MOp2/3,2,0.010836934265976749,6,3.0,363,0.01652892561983471,184.55403999995906,effect_30-34
5338,941,Motor,MOp2/3,1,0.005418467132988374,3,3.0,536,0.005597014925373134,184.55403999995906,effect_30-34
5339,945,Motor,MOp2/3,0,0.0,0,0.0,123,0.0,184.55403999995906,effect_30-34
5340,946,Motor,MOp2/3,0,0.0,0,0.0,183,0.0,184.55403999995906,effect_30-34
5341,950,Motor,MOp2/3,0,0.0,0,0.0,479,0.0,184.55403999995906,effect_30-34
5342,951,Motor,MOp2/3,6,0.03251080279793025,18,3.0,480,0.0375,184.55403999995906,effect_30-34
5343,953,Motor,MOp2/3,0,0.0,0,0.0,271,0.0,184.55403999995906,effect_30-34
5344,954,Motor,MOp2/3,5,0.027092335664941875,19,3.8,355,0.05352112676056338,184.55403999995906,effect_30-34
5345,957,Motor,MOp2/3,0,0.0,0,0.0,11,0.0,184.55403999995906,effect_30-34
5346,962,Motor,MOp2/3,10,0.05418467132988375,33,3.3,575,0.057391304347826085,184.55403999995906,effect_30-34
5347,963,Motor,MOp2/3,1,0.005418467132988374,3,3.0,462,0.006493506493506494,184.55403999995906,effect_30-34
5348,966,Motor,MOp2/3,0,0.0,0,0.0,97,0.0,184.55403999995906,effect_30-34
5349,967,Motor,MOp2/3,1,0.005418467132988374,3,3.0,329,0.00911854103343465,184.55403999995906,effect_30-34
5350,968,Motor,MOp2/3,17,0.09211394126080237,58,3.411764705882353,516,0.1124031007751938,184.55403999995906,effect_30-34
5351,972,Motor,MOp2/3,1,0.005418467132988374,3,3.0,381,0.007874015748031496,184.55403999995906,effect_30-34
5352,978,Motor,MOp2/3,0,0.0,0,0.0,589,0.0,184.55403999995906,effect_30-34
5353,982,Motor,MOp2/3,0,0.0,0,0.0,613,0.0,184.55403999995906,effect_30-34
5354,986,Motor,MOp1,25,0.13546167832470937,80,3.2,678,0.11799410029498525,184.55403999995906,effect_30-34
5355,991,STR,ACB,2,0.010836934265976749,6,3.0,60,0.1,184.55403999995906,effect_30-34
5356,992,STR,ACB,14,0.07585853986183724,45,3.2142857142857144,1219,0.03691550451189499,184.55403999995906,effect_30-34
5357,993,STR,ACB,1,0.005418467132988374,3,3.0,386,0.007772020725388601,184.55403999995906,effect_30-34
5358,995,STR,ACB,1,0.005418467132988374,4,4.0,38,0.10526315789473684,184.55403999995906,effect_30-34
5359,997,STR,ACB,46,0.24924948811746525,153,3.3260869565217392,2331,0.06563706563706563,184.55403999995906,effect_30-34
5360,1000,STR,ACB,3,0.016255401398965124,9,3.0,112,0.08035714285714286,184.55403999995906,effect_30-34
5361,1001,STR,ACB,0,0.0,0,0.0,2,0.0,184.55403999995906,effect_30-34
5362,1003,STR,ACB,0,0.0,0,0.0,44,0.0,184.55403999995906,effect_30-34
5363,1006,STR,ACB,0,0.0,0,0.0,13,0.0,184.55403999995906,effect_30-34
5364,1007,STR,ACB,1,0.005418467132988374,3,3.0,118,0.025423728813559324,184.55403999995906,effect_30-34
5365,1013,STR,ACB,0,0.0,0,0.0,4,0.0,184.55403999995906,effect_30-34
5366,1014,STR,ACB,0,0.0,0,0.0,1,0.0,184.55403999995906,effect_30-34
5367,1015,STR,ACB,0,0.0,0,0.0,2,0.0,184.55403999995906,effect_30-34
5368,1020,STR,ACB,0,0.0,0,0.0,262,0.0,184.55403999995906,effect_30-34
5369,1021,STR,ACB,0,0.0,0,0.0,34,0.0,184.55403999995906,effect_30-34
5370,1022,STR,ACB,17,0.09211394126080237,52,3.0588235294117645,1104,0.04710144927536232,184.55403999995906,effect_30-34
5371,1023,STR,ACB,0,0.0,0,0.0,12,0.0,184.55403999995906,effect_30-34
5372,1024,Other,OLF,0,0.0,0,0.0,157,0.0,184.55403999995906,effect_30-34
5373,1025,Other,OLF,0,0.0,0,0.0,14,0.0,184.55403999995906,effect_30-34
5374,1026,Other,OLF,0,0.0,0,0.0,1075,0.0,184.55403999995906,effect_30-34
5375,1027,Other,OLF,0,0.0,0,0.0,199,0.0,184.55403999995906,effect_30-34
5376,1028,Other,OLF,0,0.0,0,0.0,13,0.0,184.55403999995906,effect_30-34
5377,1032,Other,OLF,0,0.0,0,0.0,8,0.0,184.55403999995906,effect_30-34
5378,1033,Other,OLF,0,0.0,0,0.0,494,0.0,184.55403999995906,effect_30-34
5379,1035,Other,ORBl5,0,0.0,0,0.0,1100,0.0,184.55403999995906,effect_30-34
5380,1038,Other,ORBl5,0,0.0,0,0.0,618,0.0,184.55403999995906,effect_30-34
5381,1039,Other,ORBl5,0,0.0,0,0.0,36,0.0,184.55403999995906,effect_30-34
5382,1042,Other,ORBl5,0,0.0,0,0.0,367,0.0,184.55403999995906,effect_30-34
5383,1045,Other,ORBl5,0,0.0,0,0.0,255,0.0,184.55403999995906,effect_30-34
5384,1047,Other,ORBl5,1,0.005418467132988374,4,4.0,100,0.04,184.55403999995906,effect_30-34
5385,1049,Other,ORBl5,6,0.03251080279793025,20,3.3333333333333335,937,0.021344717182497332,184.55403999995906,effect_30-34
5386,1052,Other,ORBl6a,1,0.005418467132988374,8,8.0,33,0.24242424242424243,184.55403999995906,effect_30-34
5387,1054,Other,ORBl6a,0,0.0,0,0.0,8,0.0,184.55403999995906,effect_30-34
5388,1058,Other,ORBl6a,0,0.0,0,0.0,8,0.0,184.55403999995906,effect_30-34
5389,1059,Other,ORBl6a,0,0.0,0,0.0,184,0.0,184.55403999995906,effect_30-34
5390,1060,Other,ORBl6a,0,0.0,0,0.0,299,0.0,184.55403999995906,effect_30-34
5391,1063,Other,ORBl6a,0,0.0,0,0.0,249,0.0,184.55403999995906,effect_30-34
5392,1064,Other,ORBl6a,0,0.0,0,0.0,102,0.0,184.55403999995906,effect_30-34
5393,1067,Other,ORBl6a,0,0.0,0,0.0,447,0.0,184.55403999995906,effect_30-34
5394,1068,Other,ORBl6a,0,0.0,0,0.0,40,0.0,184.55403999995906,effect_30-34
5395,1069,Other,ORBl6a,4,0.021673868531953498,14,3.5,941,0.01487778958554729,184.55403999995906,effect_30-34
5396,1070,Other,ORBl6a,2,0.010836934265976749,6,3.0,184,0.03260869565217391,184.55403999995906,effect_30-34
5397,1071,Other,ORBl6a,0,0.0,0,0.0,2069,0.0,184.55403999995906,effect_30-34
5398,1072,Other,ORBl6a,0,0.0,0,0.0,30,0.0,184.55403999995906,effect_30-34
5399,1073,Other,ORBl6a,0,0.0,0,0.0,11,0.0,184.55403999995906,effect_30-34
5400,1074,Other,ORBl6a,1,0.005418467132988374,4,4.0,71,0.056338028169014086,184.55403999995906,effect_30-34
5401,1076,Other,ORBl6a,0,0.0,0,0.0,92,0.0,184.55403999995906,effect_30-34
5402,1078,Other,ORBl6b,1,0.005418467132988374,3,3.0,182,0.016483516483516484,184.55403999995906,effect_30-34
5403,1079,Other,ORBl6b,0,0.0,0,0.0,456,0.0,184.55403999995906,effect_30-34
5404,1080,Other,ORBl6b,0,0.0,0,0.0,2,0.0,184.55403999995906,effect_30-34
5405,1081,Other,ORBl6b,0,0.0,0,0.0,46,0.0,184.55403999995906,effect_30-34
5406,1082,Other,ORBl6b,0,0.0,0,0.0,14,0.0,184.55403999995906,effect_30-34
5407,1083,Other,ORBl6b,0,0.0,0,0.0,47,0.0,184.55403999995906,effect_30-34
5408,1084,Other,scwm,0,0.0,0,0.0,36,0.0,184.55403999995906,effect_30-34
5409,1085,Other,scwm,0,0.0,0,0.0,9,0.0,184.55403999995906,effect_30-34
5410,1087,Other,scwm,1,0.005418467132988374,3,3.0,560,0.005357142857142857,184.55403999995906,effect_30-34
5411,1089,Other,AId6a,1,0.005418467132988374,6,6.0,1166,0.005145797598627788,184.55403999995906,effect_30-34
5412,1090,Other,AId6a,0,0.0,0,0.0,129,0.0,184.55403999995906,effect_30-34
5413,1092,Other,AId6a,0,0.0,0,0.0,230,0.0,184.55403999995906,effect_30-34
5414,1094,Motor,MOs6a,0,0.0,0,0.0,34,0.0,184.55403999995906,effect_30-34
5415,1095,Motor,MOs6a,0,0.0,0,0.0,22,0.0,184.55403999995906,effect_30-34
5416,1096,Motor,MOs6a,0,0.0,0,0.0,77,0.0,184.55403999995906,effect_30-34
5417,1097,Motor,MOs6a,0,0.0,0,0.0,77,0.0,184.55403999995906,effect_30-34
5418,1100,Motor,MOs6a,0,0.0,0,0.0,25,0.0,184.55403999995906,effect_30-34
5419,1103,Motor,MOs6a,0,0.0,0,0.0,62,0.0,184.55403999995906,effect_30-34
5420,1113,Motor,MOs6a,0,0.0,0,0.0,949,0.0,184.55403999995906,effect_30-34
5421,1114,Motor,MOs5,0,0.0,0,0.0,810,0.0,184.55403999995906,effect_30-34
5422,1116,Motor,MOs5,0,0.0,0,0.0,662,0.0,184.55403999995906,effect_30-34
5423,1117,Motor,MOs5,2,0.010836934265976749,6,3.0,77,0.07792207792207792,184.55403999995906,effect_30-34
5424,1118,Motor,MOs5,0,0.0,0,0.0,524,0.0,184.55403999995906,effect_30-34
5425,1122,Motor,MOs5,0,0.0,0,0.0,315,0.0,184.55403999995906,effect_30-34
5426,1126,Motor,MOs5,0,0.0,0,0.0,313,0.0,184.55403999995906,effect_30-34
5427,1128,Motor,MOs5,1,0.005418467132988374,3,3.0,162,0.018518518518518517,184.55403999995906,effect_30-34
5428,1130,Motor,MOs5,4,0.021673868531953498,17,4.25,626,0.027156549520766772,184.55403999995906,effect_30-34
5429,1132,Motor,MOp5,0,0.0,0,0.0,210,0.0,184.55403999995906,effect_30-34
5430,1133,Motor,MOp5,0,0.0,0,0.0,409,0.0,184.55403999995906,effect_30-34
5431,1136,Motor,MOp5,0,0.0,0,0.0,402,0.0,184.55403999995906,effect_30-34
5432,1137,Motor,MOp5,0,0.0,0,0.0,271,0.0,184.55403999995906,effect_30-34
5433,1138,Motor,MOp2/3,0,0.0,0,0.0,227,0.0,184.55403999995906,effect_30-34
5434,1140,Motor,MOp2/3,1,0.005418467132988374,3,3.0,487,0.006160164271047228,184.55403999995906,effect_30-34
5435,1141,Motor,MOp2/3,0,0.0,0,0.0,406,0.0,184.55403999995906,effect_30-34
5436,1142,Motor,MOp2/3,0,0.0,0,0.0,380,0.0,184.55403999995906,effect_30-34
5437,1143,Motor,MOp2/3,0,0.0,0,0.0,203,0.0,184.55403999995906,effect_30-34
5438,1148,Motor,MOp2/3,1,0.005418467132988374,3,3.0,198,0.015151515151515152,184.55403999995906,effect_30-34
5439,1150,STR,ACB,0,0.0,0,0.0,7,0.0,184.55403999995906,effect_30-34
5440,1158,STR,ACB,0,0.0,0,0.0,3,0.0,184.55403999995906,effect_30-34
5441,1159,STR,ACB,0,0.0,0,0.0,154,0.0,184.55403999995906,effect_30-34
5442,1160,Other,OLF,0,0.0,0,0.0,11,0.0,184.55403999995906,effect_30-34
5443,1161,Other,ORBl5,0,0.0,0,0.0,85,0.0,184.55403999995906,effect_30-34
5444,1162,Other,ORBl5,0,0.0,0,0.0,21,0.0,184.55403999995906,effect_30-34
5445,1164,Other,ORBl5,1,0.005418467132988374,3,3.0,483,0.006211180124223602,184.55403999995906,effect_30-34
5446,1166,Other,ORBl6a,1,0.005418467132988374,5,5.0,553,0.009041591320072333,184.55403999995906,effect_30-34
5447,1168,Other,ORBl6a,0,0.0,0,0.0,87,0.0,184.55403999995906,effect_30-34
5448,1169,Other,ORBl6a,0,0.0,0,0.0,246,0.0,184.55403999995906,effect_30-34
5449,1172,Other,ORBl6a,1,0.005418467132988374,3,3.0,23,0.13043478260869565,184.55403999995906,effect_30-34
5450,1173,Other,ORBl6a,0,0.0,0,0.0,24,0.0,184.55403999995906,effect_30-34
5451,1174,Other,ORBl6a,1,0.005418467132988374,3,3.0,87,0.034482758620689655,184.55403999995906,effect_30-34
5452,1175,Other,ORBl6a,0,0.0,0,0.0,29,0.0,184.55403999995906,effect_30-34
5453,1176,Other,ORBl6a,0,0.0,0,0.0,13,0.0,184.55403999995906,effect_30-34
5454,1178,Other,ORBl6b,0,0.0,0,0.0,325,0.0,184.55403999995906,effect_30-34
5455,1179,Other,ORBl6b,0,0.0,0,0.0,43,0.0,184.55403999995906,effect_30-34
5456,1180,Other,scwm,0,0.0,0,0.0,227,0.0,184.55403999995906,effect_30-34
5457,1183,Motor,MOs6a,0,0.0,0,0.0,113,0.0,184.55403999995906,effect_30-34
5458,1186,Motor,MOs5,1,0.005418467132988374,4,4.0,1749,0.002287021154945683,184.55403999995906,effect_30-34
5459,1187,Motor,MOs5,1,0.005418467132988374,3,3.0,103,0.02912621359223301,184.55403999995906,effect_30-34
5460,1190,Motor,MOp5,0,0.0,0,0.0,268,0.0,184.55403999995906,effect_30-34
5461,1192,Other,ORBl5,0,0.0,0,0.0,15,0.0,184.55403999995906,effect_30-34
5462,1194,Other,ORBl6a,0,0.0,0,0.0,54,0.0,184.55403999995906,effect_30-34
5463,1195,Other,ORBl6a,0,0.0,0,0.0,141,0.0,184.55403999995906,effect_30-34
5464,1197,Other,ORBl6a,0,0.0,0,0.0,14,0.0,184.55403999995906,effect_30-34
5465,1200,STR,ACB,0,0.0,0,0.0,346,0.0,184.55403999995906,effect_30-34
5466,1201,STR,ACB,1,0.005418467132988374,3,3.0,556,0.00539568345323741,184.55403999995906,effect_30-34
5467,1202,STR,ACB,0,0.0,0,0.0,757,0.0,184.55403999995906,effect_30-34
5468,1203,Other,OLF,0,0.0,0,0.0,65,0.0,184.55403999995906,effect_30-34
5469,1205,Other,ORBl5,1,0.005418467132988374,3,3.0,2012,0.0014910536779324055,184.55403999995906,effect_30-34
5470,1208,Other,ORBl5,0,0.0,0,0.0,3,0.0,184.55403999995906,effect_30-34
5471,1209,Other,ORBl6a,0,0.0,0,0.0,873,0.0,184.55403999995906,effect_30-34
5472,1211,Other,ORBl6a,0,0.0,0,0.0,467,0.0,184.55403999995906,effect_30-34
5473,1212,Other,ORBl6a,0,0.0,0,0.0,55,0.0,184.55403999995906,effect_30-34
5474,1213,Other,ORBl6a,0,0.0,0,0.0,246,0.0,184.55403999995906,effect_30-34
5475,1214,Other,AId6a,2,0.010836934265976749,8,4.0,715,0.011188811188811189,184.55403999995906,effect_30-34
5476,1218,Motor,MOp5,1,0.005418467132988374,3,3.0,1280,0.00234375,184.55403999995906,effect_30-34
5477,1224,STR,ACB,0,0.0,0,0.0,91,0.0,184.55403999995906,effect_30-34
5478,1225,Other,ORBl6a,0,0.0,0,0.0,28,0.0,184.55403999995906,effect_30-34
5479,1226,Other,ORBl5,0,0.0,0,0.0,4,0.0,184.55403999995906,effect_30-34
5480,1228,Other,ORBl6a,0,0.0,0,0.0,58,0.0,184.55403999995906,effect_30-34
