,amplitude_cutoff,electrode_group,electrodes,electrodes_index,id,isi_violations,location,presence_ratio,spike_times,spike_times_index,waveform_duration,x,y,z,spike_count,brain_area
3,0.0001690793232555,<HDF5 object reference>,32,4,3,0.005834084464797,IAD,0.99,27.598015658751905,267300,0.5768844221105527,251,171,209,76821,Thalamus
5,0.0491241184410308,<HDF5 object reference>,33,6,5,0.0034501367297933,IAD,0.99,29.792943085273784,531032,0.4257956448911223,251,171,209,262194,Thalamus
6,0.0010161408592935,<HDF5 object reference>,33,7,6,0.0112520965532754,IAD,0.99,30.434441358925426,572262,0.6592964824120603,251,171,209,41230,Thalamus
7,0.0001369114631854,<HDF5 object reference>,34,8,7,0.0015919315042549,IAD,0.99,31.435771997558597,657169,0.7005025125628142,251,170,209,84907,Thalamus
8,0.0084853079356113,<HDF5 object reference>,35,9,8,0.0245319935751498,IAD,0.99,32.24356982367832,753088,0.5906197654941374,251,170,209,95919,Thalamus
9,0.0024772759347437,<HDF5 object reference>,35,10,9,0.0106410999452397,IAD,0.99,32.451169265003465,803253,0.6318257956448912,251,170,209,50165,Thalamus
10,0.0813962311132854,<HDF5 object reference>,35,11,10,0.0728472205038249,IAD,0.99,32.492869152784095,881972,0.5906197654941373,251,170,209,78719,Thalamus
11,0.0060156335319809,<HDF5 object reference>,35,12,11,0.0646681680319477,IAD,0.99,32.622868802939536,941050,0.7829145728643216,251,170,209,59078,Thalamus
12,0.0015392089089377,<HDF5 object reference>,35,13,12,0.0630560421374324,IAD,0.99,32.83953488653193,1011151,0.5768844221105527,251,170,209,70101,Thalamus
13,0.0003452758952327,<HDF5 object reference>,36,14,13,0.0075441344282379,IAD,0.99,33.64473271964854,1061504,0.6180904522613065,252,169,209,50353,Thalamus
14,0.0001253548300261,<HDF5 object reference>,36,15,14,0.0103073954785453,IAD,0.99,33.94786523721612,1183347,0.5768844221105527,252,169,209,121843,Thalamus
17,0.0001854035293555,<HDF5 object reference>,37,18,17,0.0,IAD,0.99,34.64079670578824,1449955,0.535678391959799,252,169,208,116455,Thalamus
18,0.0006735635673407,<HDF5 object reference>,37,19,18,0.0008695535073218,IAD,0.99,34.73282979144956,1516283,0.5906197654941373,252,169,208,66328,Thalamus
19,0.001705302145928,<HDF5 object reference>,37,20,19,0.0109032556330984,IAD,0.99,34.99269575878592,1542773,0.6180904522613065,252,169,208,26490,Thalamus
24,0.0004101281830416,<HDF5 object reference>,39,25,24,0.039389172597712,IAD,0.99,37.129323342199626,1723404,0.604355108877722,252,168,208,39420,Thalamus
25,0.0002173571083592,<HDF5 object reference>,40,26,25,0.0394844675003064,IAD,0.99,38.03382090808881,1791599,0.6318257956448912,252,167,208,68195,Thalamus
26,9.12348718504627e-05,<HDF5 object reference>,40,27,26,0.0161317452474705,IAD,0.99,38.10338738754379,1927603,0.5494137353433837,252,167,208,136004,Thalamus
27,0.0245412244031306,<HDF5 object reference>,40,28,27,0.0847659398376442,IAD,0.99,38.34422007276765,1986934,0.5768844221105527,252,167,208,59331,Thalamus
31,0.0013684924829458,<HDF5 object reference>,41,32,31,0.0083565099951932,IAD,0.99,39.35651734855496,2097134,0.5494137353433837,252,167,208,21396,Thalamus
32,5.126062260847381e-05,<HDF5 object reference>,42,33,32,0.0,IAD,0.99,39.59161671587453,2161536,0.5494137353433837,252,166,208,64402,Thalamus
33,6.824147261514075e-05,<HDF5 object reference>,43,34,33,0.0199147505639621,IAD,0.99,40.913713157955335,2245842,0.5219430485762143,252,166,208,84306,Thalamus
35,0.0003751094683965,<HDF5 object reference>,43,36,35,0.0034859364109389,IAD,0.99,43.69460567424195,2392607,0.5082077051926298,252,166,208,93698,Thalamus
37,0.0747776186665613,<HDF5 object reference>,44,38,37,0.2892790855839419,IAD,0.99,45.978666194229376,2561515,0.5768844221105527,252,165,208,167872,Thalamus
38,0.0056231472510833,<HDF5 object reference>,44,39,38,0.0571606630666296,IAD,0.99,46.435198298980374,2587385,0.5768844221105527,252,165,208,25870,Thalamus
41,0.0414878058159284,<HDF5 object reference>,45,42,41,0.0370309620207819,IAD,0.99,50.068021855952296,2797202,0.5768844221105527,252,165,208,92598,Thalamus
42,0.0002174823018089,<HDF5 object reference>,47,43,42,0.0,MD,0.99,50.08298848234198,2871815,0.5494137353433837,252,165,207,74613,Thalamus
43,0.0167466195544271,<HDF5 object reference>,47,44,43,0.0557225003197024,MD,0.99,50.124621703635356,2956313,0.5768844221105527,252,165,207,84498,Thalamus
45,0.0008333216038118,<HDF5 object reference>,44,46,45,0.0064380499151666,IAD,0.99,50.49035405273932,3082187,0.5768844221105528,252,165,208,42221,Thalamus
46,0.0005632209285996,<HDF5 object reference>,48,47,46,0.0056455779873899,IAD,0.99,50.65268694921547,3186311,0.5219430485762143,252,164,207,104124,Thalamus
48,0.0072315416239668,<HDF5 object reference>,49,49,48,0.1815887169774331,MD,0.99,51.33708510741841,3398185,0.535678391959799,252,164,208,142212,Thalamus
49,0.0039371794687858,<HDF5 object reference>,53,50,49,0.0090172978427366,MD,0.99,51.9056502440085,3514700,0.5219430485762144,252,162,207,116515,Thalamus
50,0.0137810046820161,<HDF5 object reference>,51,51,50,0.0414887350921439,MD,0.99,52.230482703178936,3597303,0.5494137353433837,252,163,207,82603,Thalamus
51,0.00033956403608,<HDF5 object reference>,51,52,51,0.0063939647621468,MD,0.99,53.24611330332921,3777048,0.4257956448911223,252,163,207,179745,Thalamus
52,0.0782025753340014,<HDF5 object reference>,48,53,52,0.2929164444093231,IAD,0.99,54.40104352860759,3917618,0.5356783919597989,252,164,207,140570,Thalamus
53,0.0147611457197251,<HDF5 object reference>,54,54,53,0.0397387429188744,MD,0.99,54.64400954142374,4052861,0.5494137353433837,252,162,207,135243,Thalamus
55,0.0077058021316101,<HDF5 object reference>,53,56,55,0.0226494399115951,MD,0.99,55.61884025137138,4301441,0.5082077051926298,252,162,207,118401,Thalamus
56,2.993868564703523e-05,<HDF5 object reference>,53,57,56,0.0,MD,0.99,56.274005154911166,4422098,0.4532663316582914,252,162,207,120657,Thalamus
57,0.0009324119216374,<HDF5 object reference>,55,58,57,0.006599266322221,MD,0.99,57.96813392914193,4549500,0.4944723618090452,252,161,207,127402,Thalamus
58,0.0028297517477777,<HDF5 object reference>,55,59,58,0.0056417974668056,MD,0.99,58.29349972021045,4712118,0.4807370184254607,252,161,207,162618,Thalamus
59,0.0005415352410929,<HDF5 object reference>,56,60,59,0.0012867635995474,MD,0.99,58.33619960529997,4766643,0.5219430485762143,252,161,207,54525,Thalamus
61,0.0887484023990616,<HDF5 object reference>,56,62,61,0.1371387935492784,MD,0.99,58.968031238299034,4847191,0.5356783919597989,252,161,207,11810,Thalamus
62,0.0001584482992721,<HDF5 object reference>,56,63,62,0.0297455478663451,MD,0.99,59.29493035857452,4962285,0.5219430485762143,252,161,207,115094,Thalamus
64,0.0002742049180795,<HDF5 object reference>,58,65,64,0.0027460835963577,MD,0.99,61.35489148164015,5083439,0.4944723618090452,252,160,207,111972,Thalamus
66,0.0022194324523236,<HDF5 object reference>,59,67,66,0.0018970009235126,MD,0.99,64.88438198336031,5329805,0.5356783919597989,252,160,207,118812,Thalamus
67,0.0001799485533007,<HDF5 object reference>,60,68,67,0.0015858403634159,MD,0.99,65.54681353401133,5513577,0.5082077051926298,253,159,207,183772,Thalamus
68,0.0001870802342003,<HDF5 object reference>,60,69,68,0.0557226261602001,MD,0.99,66.37484463901423,5660407,0.5219430485762143,253,159,207,146830,Thalamus
70,0.0004480656195082,<HDF5 object reference>,62,71,70,0.0,MD,0.99,67.64687454916339,5996076,0.5631490787269682,253,158,207,219024,Thalamus
71,0.0002021873472331,<HDF5 object reference>,63,72,71,0.001376365634295,MD,0.99,68.79703812060272,6154237,0.5219430485762143,253,158,207,158161,Thalamus
72,0.0007120823952681,<HDF5 object reference>,63,73,72,0.0008950078692526,MD,0.99,69.09580398325481,6219615,0.5494137353433837,253,158,207,65378,Thalamus
73,0.0020665265627888,<HDF5 object reference>,64,74,73,0.0209223943981372,MD,0.99,69.11973725218087,6284464,0.535678391959799,253,157,207,64849,Thalamus
75,0.0574782822599725,<HDF5 object reference>,65,76,75,0.0343265927259064,MD,0.99,69.2034370269348,6424814,0.5219430485762143,253,157,207,88324,Thalamus
76,0.0076765464923043,<HDF5 object reference>,66,77,76,0.0089814652316908,MD,0.99,69.30200342834752,6534021,0.5219430485762143,253,157,207,109207,Thalamus
78,0.0145833466930009,<HDF5 object reference>,67,79,78,0.0839508827238207,MD,0.99,69.98256826353305,6681769,0.5082077051926298,253,156,207,118662,Thalamus
79,0.0188369249284545,<HDF5 object reference>,67,80,79,0.075525674306114,MD,0.99,70.00403487243052,6819773,0.4670016750418761,253,156,207,138004,Thalamus
80,0.0112859661562224,<HDF5 object reference>,67,81,80,0.2805433323486119,MD,0.99,70.5318334520616,6874170,0.535678391959799,253,156,207,54397,Thalamus
82,0.0030538910228216,<HDF5 object reference>,68,83,82,0.0143740143198461,MD,0.99,70.70269965890692,7039507,0.5082077051926298,253,156,206,97883,Thalamus
84,0.0032002716402646,<HDF5 object reference>,69,85,84,0.0133402469870517,MD,0.99,72.22172890435141,7228202,0.5631490787269681,253,155,206,82960,Thalamus
85,0.000113391386177,<HDF5 object reference>,69,86,85,0.0,MD,0.99,72.6949276309172,7419393,0.6180904522613065,253,155,206,191191,Thalamus
87,0.0515000327853315,<HDF5 object reference>,71,88,87,0.07357425753383,MD,0.99,73.15922638143391,7758949,0.5082077051926297,253,154,206,215239,Thalamus
89,0.0253098720575898,<HDF5 object reference>,71,90,89,0.1281454457443345,MD,0.99,73.40739238025627,8011101,0.5082077051926298,253,154,206,69112,Thalamus
91,0.0015012695630243,<HDF5 object reference>,72,92,91,0.059810836099093,MD,0.99,74.92422163162121,8296909,0.4944723618090452,253,154,206,197204,Thalamus
93,0.0001619022557337,<HDF5 object reference>,70,94,93,0.0007486803163778,MD,0.99,75.87755239942776,8738253,0.4944723618090451,253,155,206,247621,Thalamus
94,0.0148766794768986,<HDF5 object reference>,73,95,94,0.0172182575292407,MD,0.99,76.41305095833728,8822572,0.6455611390284756,253,154,206,84319,Thalamus
96,0.000270087149416,<HDF5 object reference>,75,97,96,0.0,MD,0.99,77.34501511697725,9073414,0.5219430485762143,253,153,206,117528,Thalamus
97,0.0464835932283941,<HDF5 object reference>,76,98,97,0.2444528904491714,MD,0.99,77.51708132059325,9226217,0.5631490787269682,253,152,206,152803,Thalamus
102,0.0750341204028384,<HDF5 object reference>,79,103,102,0.0439293262853024,MD,0.99,83.55429840705546,9581298,0.6043551088777219,253,151,206,59753,Thalamus
103,0.0220695675912214,<HDF5 object reference>,79,104,103,0.0293119904988831,MD,0.99,83.61679823886095,9654448,0.6180904522613065,253,151,206,73150,Thalamus
105,0.0161826359693296,<HDF5 object reference>,80,106,105,0.0340688087182975,MD,0.99,83.78403112215065,9846528,0.5219430485762143,253,150,206,129348,Thalamus
106,0.047495347088018,<HDF5 object reference>,80,107,106,0.279626575980988,MD,0.99,84.9724945905204,9896014,0.6180904522613065,253,150,206,49486,Thalamus
107,0.0001708108008548,<HDF5 object reference>,83,108,107,0.0,MD,0.99,86.00005849189006,9989358,0.4807370184254607,254,149,206,93344,Thalamus
109,0.0574662591223815,<HDF5 object reference>,85,110,109,0.1064808470191516,MD,0.99,86.64655675208616,10079408,0.5768844221105527,254,148,205,46040,Thalamus
112,0.0004247453519157,<HDF5 object reference>,108,113,112,0.0011379814329078,MD,0.99,88.24025246326093,10355143,0.5768844221105527,255,138,204,129647,Thalamus
116,0.0005186022485191,<HDF5 object reference>,144,117,116,0.0,DG-mo,0.74,89.16504997452056,10432028,0.5906197654941374,257,123,202,499,Other
134,0.0001866353227348,<HDF5 object reference>,164,135,134,0.006294295938186,DG-sg,0.99,97.14459516727952,11652196,0.5219430485762143,258,114,201,55126,Other
138,0.0033688058506108,<HDF5 object reference>,167,139,138,0.1625105609420068,DG-sg,0.99,99.66755504436028,11767066,0.6867671691792293,258,112,201,37583,Other
142,0.0065654465702197,<HDF5 object reference>,168,143,142,0.0507963206256752,DG-sg,0.99,102.3455145043187,11985687,0.4807370184254607,258,112,201,111135,Other
151,0.0016356002470537,<HDF5 object reference>,176,152,151,0.0,CA3,0.99,109.06542920052617,12081254,0.4944723618090452,258,109,200,9076,Other
153,0.0008713216229329,<HDF5 object reference>,180,154,153,0.0,CA3,0.81,110.6404246229545,12163025,0.5219430485762144,259,107,200,297,Other
155,0.0340553248049846,<HDF5 object reference>,184,156,155,0.113482268005366,CA3,0.99,113.99874819564558,12223756,0.5631490787269681,259,105,199,8211,Other
156,0.0040865201758235,<HDF5 object reference>,183,157,156,0.0797182844211717,CA3,0.99,114.29208067643647,12244538,0.5082077051926298,259,106,199,20782,Other
159,0.0031839182636576,<HDF5 object reference>,215,160,159,0.007581480702758,CA3,0.99,115.82474288856884,12598460,0.4257956448911221,260,92,198,127070,Other
168,0.001199842484308,<HDF5 object reference>,224,169,168,0.2704812924297791,CA1,0.98,117.51773796804258,12997784,0.6867671691792293,261,88,197,34468,Other
174,0.0324987696574984,<HDF5 object reference>,227,175,174,0.1609225347390775,CA1,0.99,122.44722364096984,13411368,0.6730318257956448,261,87,197,81586,Other
175,0.0340417457128566,<HDF5 object reference>,231,176,175,0.4917517179497647,CA1,0.99,122.65362304108997,13516249,0.6180904522613064,261,85,197,104881,Other
179,0.000385689881179,<HDF5 object reference>,230,180,179,0.0904734361176983,CA1,0.99,124.25401838969586,13733731,0.8790619765494136,261,86,197,35616,Other
180,0.0191389027345965,<HDF5 object reference>,231,181,180,0.264884329196432,CA1,0.99,124.29501827053369,13821633,0.7142378559463987,261,85,197,87902,Other
182,0.0345842062183909,<HDF5 object reference>,232,183,182,0.2029390764308302,CA1,0.99,124.78405018254313,14121972,0.6730318257956448,261,85,197,207950,Other
185,0.00062513984301,<HDF5 object reference>,235,186,185,0.0447388755242071,CA1,0.96,128.28773999940796,14301443,0.9065326633165828,262,83,197,20677,Other
187,0.0343778960465624,<HDF5 object reference>,234,188,187,0.0383781509131589,CA1,0.99,130.85909919266814,14414657,0.8515912897822445,262,84,197,106131,Other
188,0.0096870150837695,<HDF5 object reference>,232,189,188,0.0720474351650498,CA1,0.99,130.91746568969825,14524685,0.8790619765494136,261,85,197,110028,Other
190,0.007972683721637,<HDF5 object reference>,234,191,190,0.1221179489992518,CA1,0.98,131.7115633817302,14585448,0.8515912897822446,262,84,197,5597,Other
192,0.0960037934629957,<HDF5 object reference>,235,193,192,0.2871461640190353,CA1,0.99,132.25482846944948,14700263,0.6730318257956448,262,83,197,103045,Other
195,0.0127889888908424,<HDF5 object reference>,235,196,195,0.0790655517737147,CA1,0.99,134.1582229374178,15099837,0.7417085427135678,262,83,197,94357,Other
201,0.0866463546588382,<HDF5 object reference>,237,202,201,0.0209851270963624,CA1,0.99,137.65121276508714,15663034,0.8790619765494136,262,82,197,167552,Other
202,0.0070946633367907,<HDF5 object reference>,237,203,202,0.1317621308146384,CA1,0.97,137.76047910242016,15764130,0.7966499162479062,262,82,197,101096,Other
204,0.0020576388753907,<HDF5 object reference>,238,205,204,0.2107506759034079,CA1,0.92,138.4244437678676,15829042,0.7691792294807371,262,82,196,8521,Other
205,0.008962893918966,<HDF5 object reference>,238,206,205,0.2196195745943761,CA1,0.99,138.91874227802973,15855766,0.7554438860971523,262,82,196,26724,Other
211,0.0002901194434919,<HDF5 object reference>,244,212,211,0.0008287221029672,CA1,0.99,140.5818705986198,16372952,0.4670016750418761,262,79,196,96085,Other
212,0.0555880538588418,<HDF5 object reference>,246,213,212,0.0822740847952967,CA1,0.99,140.9261695608873,16428767,0.5768844221105527,262,79,196,55815,Other
213,0.0696285380077086,<HDF5 object reference>,247,214,213,0.0198204803150592,CA1,0.99,140.93506953406236,16695276,0.4395309882747068,262,78,196,266509,Other
219,0.0560570432703948,<HDF5 object reference>,272,220,219,0.0548560717894297,ccb,0.98,144.4285590045286,17453379,0.4257956448911223,263,67,195,75158,Other
223,0.0755909166219125,<HDF5 object reference>,280,224,223,0.1374046624817351,ccb,0.97,147.67404922247567,17704092,0.4944723618090452,264,64,194,45390,Other
224,0.0825031470451703,<HDF5 object reference>,280,225,224,0.4415138827133427,ccb,0.97,147.96291501848788,17723838,0.8378559463986601,264,64,194,19746,Other
226,0.0169392601337669,<HDF5 object reference>,280,227,226,0.1456434973702594,ccb,0.98,149.94617570751797,17817383,0.8653266331658291,264,64,194,42572,Other
228,0.0721034735926025,<HDF5 object reference>,288,229,228,0.0204677094028832,cing,0.99,152.64846756268926,17884372,0.6318257956448912,264,61,194,30570,Other
231,0.0181716077438785,<HDF5 object reference>,296,232,231,0.0042534727952145,cing,0.99,153.47129841597354,18004085,0.4670016750418761,265,57,193,94836,Other
236,0.005459001215385,<HDF5 object reference>,304,237,236,0.0782281498387051,RSPagl6b,0.92,155.10562682336783,18135382,0.7829145728643216,265,54,193,6993,Other
240,7.960132918049979e-05,<HDF5 object reference>,311,241,240,0.0,RSPagl6a,0.99,156.47112270770205,18527536,0.5768844221105527,265,51,193,3276,Other
246,1.120707297263495e-05,<HDF5 object reference>,320,247,246,0.0071747146451327,RSPagl6a,0.95,158.96611518768293,18841363,0.6043551088777218,265,47,192,23091,Other
247,2.369152449062407e-05,<HDF5 object reference>,320,248,247,0.1603157726412965,RSPagl6a,0.92,159.21048111781974,18852286,0.5494137353433837,265,47,192,10923,Other
250,0.0115097981689533,<HDF5 object reference>,323,251,250,0.0085111251684829,RSPagl6a,0.99,159.8370125627592,19006293,0.5631490787269681,265,45,192,92412,Other
253,0.0010509264821423,<HDF5 object reference>,324,254,253,0.0358222780890251,RSPagl6a,0.66,161.0920087801444,19262321,0.5768844221105527,265,45,192,10334,Other
254,0.0001486484347012,<HDF5 object reference>,324,255,254,0.0,RSPagl6a,0.89,161.29760816045865,19296891,0.6180904522613065,265,45,192,34570,Other
255,0.0035252888671121,<HDF5 object reference>,324,256,255,0.0072799477288762,RSPagl6a,0.99,161.79080667393623,19388585,0.6455611390284757,265,45,192,91694,Other
256,0.008867222960067,<HDF5 object reference>,327,257,256,0.0128017862199266,RSPagl6a,0.99,162.27337188612972,19487889,0.6455611390284757,265,44,192,99304,Other
258,0.002079247630642,<HDF5 object reference>,328,259,258,0.0665849117703718,RSPagl6a,0.99,162.82913687769582,19633775,0.5356783919597989,266,43,192,144017,Other
260,0.0012069910350212,<HDF5 object reference>,328,261,260,0.0,RSPagl6a,0.95,163.71216754953514,19642451,0.5906197654941374,266,43,192,8488,Other
265,0.036371972723882,<HDF5 object reference>,331,266,265,0.0263438695709354,RSPagl6a,0.99,164.3643322505482,19971984,0.5631490787269682,266,42,191,107783,Other
266,0.0008713624003674,<HDF5 object reference>,332,267,266,0.0011631977736571,RSPagl6a,0.99,165.2843294776353,20029332,0.5906197654941373,266,42,191,57348,Other
270,0.0009569707179023,<HDF5 object reference>,335,271,270,0.0015788681387647,RSPagl6a,0.99,168.56025288059695,20310388,0.6180904522613065,266,40,191,110067,Other
271,0.0098212977420239,<HDF5 object reference>,334,272,271,0.0239559000646403,RSPagl6a,0.99,168.7433189166706,20380747,0.5906197654941373,266,41,191,70359,Other
272,0.0047936205076204,<HDF5 object reference>,335,273,272,0.0112235474035426,RSPagl6a,0.99,168.8673851559762,20429593,0.5906197654941374,266,40,191,48846,Other
273,0.0046827387456288,<HDF5 object reference>,335,274,273,0.0072102887912718,RSPagl6a,0.99,169.01978463101784,20509385,0.5906197654941373,266,40,191,79792,Other
275,0.0976819766104754,<HDF5 object reference>,341,276,275,0.023979709598719,RSPagl5,0.99,170.56537930703087,20665723,0.6318257956448912,267,38,191,112263,Other
276,0.0011022328826831,<HDF5 object reference>,339,277,276,0.0046349129056401,RSPagl5,0.99,170.83464504617928,20736095,0.6043551088777218,266,39,191,70372,Other
277,0.0002434807965766,<HDF5 object reference>,340,278,277,0.0002627799759372,RSPagl5,0.99,171.08057753236855,20856751,0.6318257956448909,266,39,191,120656,Other
278,0.0001276928984362,<HDF5 object reference>,340,279,278,0.0060465932138201,RSPagl5,0.99,171.29624345614798,20918363,0.5768844221105528,266,39,191,61612,Other
279,0.0005778622004163,<HDF5 object reference>,340,280,279,0.0067758870521451,RSPagl5,0.99,171.781708450572,20959519,0.6043551088777218,266,39,191,41156,Other
280,0.0182983457127108,<HDF5 object reference>,340,281,280,0.0050885215389237,RSPagl5,0.99,173.30523653592942,21079035,0.6318257956448912,266,39,191,119516,Other
282,0.0113085553001832,<HDF5 object reference>,340,283,282,0.0119544515503931,RSPagl5,0.99,174.25349993618863,21232604,0.6043551088777218,266,39,191,131455,Other
283,0.0015397364926388,<HDF5 object reference>,342,284,283,0.0,RSPagl5,0.99,174.47676583378902,21250232,0.769179229480737,267,38,191,17628,Other
284,0.0041296581330263,<HDF5 object reference>,343,285,284,0.0160595073740308,RSPagl5,0.99,174.52253234280744,21303697,0.5768844221105527,267,37,191,53465,Other
286,0.0007183806695001,<HDF5 object reference>,344,287,286,0.0,RSPagl5,0.99,175.06766379836984,21394846,0.6592964824120603,267,37,191,23640,Other
288,0.0528782079449184,<HDF5 object reference>,347,289,288,0.0205155237165644,RSPagl5,0.99,175.3645961088841,21510110,0.5768844221105527,267,35,190,101271,Other
290,0.0805458550975356,<HDF5 object reference>,347,291,290,0.267538151415678,RSPagl5,0.99,175.73972815002992,21599341,0.6730318257956448,267,35,190,34242,Other
299,0.0009809719966909,<HDF5 object reference>,356,300,299,0.0,RSPagl5,0.98,180.22657936119734,21794778,0.6867671691792294,267,31,190,1269,Other
301,0.005938956799135,<HDF5 object reference>,358,302,301,0.0,RSPagl5,0.99,181.9017402575706,21799644,0.7279731993299832,267,30,190,3077,Other
308,7.387454239539637e-05,<HDF5 object reference>,367,309,308,0.0,RSPagl5,0.98,183.54316793680866,21953059,0.7005025125628142,268,26,189,3503,Other
309,0.0007271795867173,<HDF5 object reference>,32,310,309,0.0519435013874932,IAD,0.99,183.7111340248959,22011893,0.5906197654941373,251,171,209,58834,Thalamus
310,0.0002873455156904,<HDF5 object reference>,35,311,310,0.0242240904787914,IAD,0.99,184.14679919086146,22039993,0.5906197654941373,251,170,209,28100,Thalamus
312,0.0358843073600013,<HDF5 object reference>,39,313,312,0.0388261996949863,IAD,0.99,184.32066525862552,22179498,0.5631490787269681,252,168,208,51578,Thalamus
314,0.0515860885722767,<HDF5 object reference>,39,315,314,0.0366875130252388,IAD,0.99,185.800926826353,22388697,0.5494137353433837,252,168,208,203461,Thalamus
320,0.0276779239417274,<HDF5 object reference>,143,321,320,0.0,DG-mo,0.86,189.49288077563972,22622650,0.5494137353433837,257,124,202,231,Other
321,0.0389762026745882,<HDF5 object reference>,148,322,321,0.0,DG-mo,0.69,190.41424426855892,22622947,0.6318257956448912,258,121,202,297,Other
325,0.0108765665264992,<HDF5 object reference>,148,326,325,0.0,DG-mo,0.74,192.23707132294498,22628345,0.6318257956448912,258,121,202,272,Other
332,0.0005482680551082,<HDF5 object reference>,181,333,332,0.0,CA3,0.85,194.2235978134486,22704094,0.6043551088777219,259,107,199,472,Other
337,0.0121711218875947,<HDF5 object reference>,234,338,337,0.0419436885907211,CA1,0.99,195.78062578341164,22765936,0.9202680067001676,262,84,197,54024,Other
339,4.339603791930028e-05,<HDF5 object reference>,236,340,339,0.0900295376799218,CA1,0.9,196.1616911374528,22800012,0.8927973199329983,262,83,197,22581,Other
340,0.0046337541620373,<HDF5 object reference>,283,341,340,0.2014178043862278,ccb,0.65,197.01298820505755,22829570,0.9614740368509213,264,63,194,29558,Other
343,0.0006544176288374,<HDF5 object reference>,295,344,343,0.0,cing,0.68,199.62647915273578,22837683,0.6318257956448909,265,58,193,3715,Other
347,0.0922216960875698,<HDF5 object reference>,327,348,347,0.288605504662526,RSPagl6a,0.55,200.47900936589198,22880814,0.6318257956448912,265,44,192,8141,Other
348,0.0510483542051636,<HDF5 object reference>,327,349,348,0.1435807020090432,RSPagl6a,0.46,200.61514220099247,22910466,0.604355108877722,265,44,192,29652,Other
355,0.0070845208430436,<HDF5 object reference>,344,356,355,0.0,RSPagl5,0.99,204.33172859865016,23022250,0.7417085427135678,267,37,191,5047,Other
356,0.0001144548969531,<HDF5 object reference>,352,357,356,0.0,RSPagl5,0.99,204.71872718227323,23024511,0.6867671691792295,267,33,190,2261,Other
359,0.0101084317623042,<HDF5 object reference>,358,360,359,0.0,RSPagl5,0.99,206.33348793907362,23035491,0.7554438860971523,267,30,190,3928,Other
365,0.0526196240790399,<HDF5 object reference>,334,366,365,0.0419809801546414,RSPagl6a,0.99,208.96617830368464,23050053,0.6455611390284757,266,41,191,13500,Other
366,0.0203702778339935,<HDF5 object reference>,357,367,366,0.3007369126668772,RSPagl5,0.99,209.08404453897242,23061882,0.5494137353433837,267,31,190,11829,Other
369,0.0269459642774951,<HDF5 object reference>,280,370,369,0.1348521900667649,ccb,0.99,210.1016408146697,23097094,0.7966499162479059,264,64,194,33262,Other
370,0.002478516396167,<HDF5 object reference>,180,371,370,0.1529594827521879,CA3,0.99,210.71537190180734,23102095,0.5768844221105526,259,107,200,5001,Other
382,0.0001775739925721,<HDF5 object reference>,442,383,382,0.0042576777416755,ZI,0.99,218.73664254474215,24045397,0.4670016750418761,323,174,146,59950,Other
383,0.0214844434310204,<HDF5 object reference>,443,384,383,0.0610686161990359,TH,0.99,219.06277468446376,24191980,0.5219430485762143,323,174,146,146583,Thalamus
384,0.0020998292193335,<HDF5 object reference>,447,385,384,0.0039153561879967,TH,0.99,219.11170783870654,24304682,0.5082077051926298,324,172,145,112702,Thalamus
385,0.0206081957677776,<HDF5 object reference>,447,386,385,0.0951113072851808,TH,0.99,220.59250241914336,24391176,0.5082077051926298,324,172,145,86494,Thalamus
388,0.0132111797020521,<HDF5 object reference>,448,389,388,0.1920751051221975,TH,0.99,221.9123975884563,24757474,0.4395309882747068,324,172,145,67091,Thalamus
390,0.0376237021563248,<HDF5 object reference>,451,391,390,0.0691484474055963,PIL,0.99,222.76239447755088,25033724,0.4395309882747068,324,171,145,175069,Other
392,0.0018939203105739,<HDF5 object reference>,453,393,392,0.0576014777625428,PIL,0.99,222.99496029304944,25179497,0.4944723618090452,325,170,144,113801,Other
395,8.758692548912476e-05,<HDF5 object reference>,456,396,395,0.029664742857462,MGm,0.99,223.35749229955113,25483769,0.4807370184254607,325,169,144,134845,Other
396,0.0536296403250782,<HDF5 object reference>,456,397,396,0.1043190179377436,MGm,0.99,223.70152437376075,25606088,0.4670016750418761,325,169,144,122319,Other
408,0.0006685361698305,<HDF5 object reference>,479,409,408,0.0501044466298445,MGv,0.99,230.26433368785456,26482598,0.4120603015075377,328,160,140,30269,Other
411,0.0001321759989097,<HDF5 object reference>,479,412,411,0.0186676455460526,MGv,0.99,231.19236559302638,26638006,0.4807370184254607,328,160,140,65601,Other
414,0.0403782206358655,<HDF5 object reference>,481,415,414,0.0908442363964901,MGv,0.99,232.13146437996573,26765260,0.4120603015075377,328,159,140,45425,Other
415,0.0005588082022707,<HDF5 object reference>,483,416,415,0.0106823128264485,MGv,0.89,232.51389721929968,26784184,0.4257956448911223,329,158,140,18924,Other
424,0.0346671483743942,<HDF5 object reference>,495,425,424,0.4560006905006954,MGv,0.99,240.37712039548367,27093428,0.4257956448911223,330,153,138,30378,Other
425,0.0194984359639378,<HDF5 object reference>,495,426,425,0.0644538636780748,MGv,0.99,240.60582010006576,27141540,0.4395309882747068,330,153,138,48112,Other
428,0.0008342040752542,<HDF5 object reference>,499,429,428,0.181101505580799,MGv,0.93,241.17911935951878,27206399,0.4120603015075377,331,152,138,12160,Other
430,0.0320066837584796,<HDF5 object reference>,499,431,430,0.2465033855169866,MGv,0.99,243.08871689283725,27377974,0.4395309882747068,331,152,138,68912,Other
433,0.0049728336852732,<HDF5 object reference>,501,434,433,0.049752492550772,MGv,0.99,244.90061455235744,27546859,0.4532663316582913,331,151,137,70696,Other
436,0.0007423173576341,<HDF5 object reference>,503,437,436,0.0249329969382318,MGv,0.99,245.28231405930532,27773058,0.4395309882747068,331,150,137,98317,Other
437,0.0203801480689611,<HDF5 object reference>,503,438,437,0.1876458011697212,MGv,0.99,245.3331139936856,27834637,0.4532663316582916,331,150,137,61579,Other
438,0.0413536516500754,<HDF5 object reference>,503,439,438,0.1062882193201893,MGv,0.99,245.56008036717333,28010572,0.4807370184254607,331,150,137,175935,Other
449,0.0139960102876201,<HDF5 object reference>,544,450,449,0.4923988185959057,MGd,0.99,249.8053415501152,28357381,0.5906197654941373,337,134,131,18489,Other
456,6.953439057539263e-05,<HDF5 object reference>,552,457,456,0.0030999850288025,DG-mo,0.99,250.7808402900357,28991522,0.604355108877722,338,131,129,35129,Other
459,0.0004848872291187,<HDF5 object reference>,552,460,459,0.0031074109869711,DG-mo,0.99,252.1063719111421,29109601,0.6180904522613065,338,131,129,35087,Other
462,0.0041919311322317,<HDF5 object reference>,553,463,462,0.0093040404198353,DG-mo,0.99,252.5676713152685,29596093,0.6180904522613065,338,131,129,49669,Other
464,0.0027209485202499,<HDF5 object reference>,555,465,464,0.0820363458370404,DG-mo,0.99,253.2333371220757,29646175,0.5631490787269682,338,130,129,16727,Other
466,0.0031821328424012,<HDF5 object reference>,555,467,466,0.0,DG-mo,0.99,253.91846957040394,29717219,0.604355108877722,338,130,129,51201,Other
467,0.0049304883500026,<HDF5 object reference>,555,468,467,0.1132151232941531,DG-mo,0.99,253.96460284414562,29757492,0.6180904522613065,338,130,129,40273,Other
468,0.0022077827071737,<HDF5 object reference>,556,469,468,0.0318587387415377,DG-mo,0.99,254.33106903743746,29768450,0.6043551088777218,338,130,129,10958,Other
469,0.0002103889245164,<HDF5 object reference>,560,470,469,0.0,DG-mo,0.99,254.50333548158264,29790894,0.5631490787269681,339,128,128,22444,Other
470,0.0965382993983339,<HDF5 object reference>,559,471,470,0.1045128717612564,DG-mo,0.99,255.10843469995876,29892672,0.6730318257956449,339,129,128,101778,Other
471,0.095623668747136,<HDF5 object reference>,559,472,471,0.3604726571142883,DG-mo,0.99,255.64340067559462,29944795,0.6318257956448912,339,129,128,52123,Other
472,0.0001393343305937,<HDF5 object reference>,560,473,472,0.0254388640371855,DG-mo,0.99,255.73280056011424,29969321,0.4944723618090452,339,128,128,24526,Other
476,1.153476808607444e-05,<HDF5 object reference>,562,477,476,0.0152008900812148,DG-mo,0.99,256.33033312159773,30025078,0.5494137353433837,339,127,128,22435,Other
478,0.0026928872493615,<HDF5 object reference>,568,479,478,0.2230903113885632,DG-mo,0.99,258.4704636904635,30054732,0.5906197654941374,340,125,127,4141,Other
489,0.0118873628799802,<HDF5 object reference>,608,490,489,0.2984214274923357,DG-mo,0.99,264.023215059403,30560692,0.5631490787269682,345,110,122,8007,Other
494,0.0008758075634898,<HDF5 object reference>,622,495,494,0.0827441941548846,CA1,0.99,267.3969005331364,30701076,0.7279731993299832,348,105,119,37858,Other
495,0.089134959982392,<HDF5 object reference>,624,496,495,0.3002518780342141,CA1,0.99,268.00966456139065,30751933,0.5631490787269682,348,104,119,50857,Other
497,0.0001020055753436,<HDF5 object reference>,623,498,497,0.0322558748070819,CA1,0.99,269.9241563180562,30788987,0.5906197654941373,348,104,119,32671,Other
502,0.0024403986345143,<HDF5 object reference>,628,503,502,0.0433721980536009,CA1,0.99,273.21807546857724,31183305,0.5356783919597989,349,102,119,119904,Other
508,0.0237388775468815,<HDF5 object reference>,631,509,508,0.1112006561372014,CA1,0.99,276.2449624355404,31365440,0.5082077051926298,349,101,118,98670,Other
509,0.0002503043653734,<HDF5 object reference>,628,510,509,0.0072106730743127,CA1,0.99,276.5507944520357,31540857,0.5494137353433837,349,102,119,175417,Other
510,0.0095920345059999,<HDF5 object reference>,628,511,510,0.0928181476683361,CA1,0.99,277.6734896179842,31606012,0.5219430485762143,349,102,119,65155,Other
511,0.0391051311970724,<HDF5 object reference>,632,512,511,0.2991868226071287,CA1,0.99,278.17948743928105,31659887,0.6318257956448909,349,101,118,53875,Other
516,0.0200554017571472,<HDF5 object reference>,632,517,516,0.1525192867628138,CA1,0.99,279.4667485633153,31983747,0.4120603015075377,349,101,118,25537,Other
517,0.0110609309458862,<HDF5 object reference>,632,518,517,0.3178403040919319,CA1,0.99,279.9880129855446,31992245,0.5356783919597988,349,101,118,8498,Other
519,0.0007958397636037,<HDF5 object reference>,632,520,519,0.035207294898004,CA1,0.99,280.87714249050316,32147412,0.6043551088777219,349,101,118,80744,Other
520,0.0003829086294195,<HDF5 object reference>,632,521,520,0.0097092933864482,CA1,0.99,281.2372409400071,32229254,0.5906197654941374,349,101,118,81842,Other
521,0.0740628641592154,<HDF5 object reference>,636,522,521,0.1170186574759489,CA1,0.99,281.3728736893389,32276403,0.4807370184254607,350,99,117,47149,Other
522,0.0022739498249596,<HDF5 object reference>,635,523,522,0.0291496687437676,CA1,0.99,281.6392058759108,32347945,0.5631490787269682,349,100,118,71542,Other
524,8.283653588458003e-05,<HDF5 object reference>,636,525,524,0.0043695476275581,CA1,0.99,283.63969726228294,32509304,0.6180904522613065,350,99,117,93568,Other
525,0.0871201434839925,<HDF5 object reference>,636,526,525,0.1445141385206612,CA1,0.99,283.6813637495439,32563020,0.5219430485762143,350,99,117,53716,Other
529,1.0317048280153802e-05,<HDF5 object reference>,636,530,529,0.0608040089654653,CA1,0.99,285.22532376829537,32816739,0.5219430485762144,350,99,117,25083,Other
531,0.0003508888404352,<HDF5 object reference>,635,532,531,0.0034830395817131,CA1,0.99,286.91338316659005,32984606,0.5768844221105526,349,100,118,87683,Other
533,0.0134674180305968,<HDF5 object reference>,639,534,533,0.038285978317516,CA1,0.99,287.9157788505188,33214275,0.5631490787269682,350,98,117,87144,Other
534,0.0395446851058028,<HDF5 object reference>,639,535,534,0.2703105555931123,CA1,0.99,287.95987866063575,33312448,0.5631490787269682,350,98,117,98173,Other
535,0.0121230389447158,<HDF5 object reference>,640,536,535,0.2494695491327913,ProS,0.99,288.27484397113864,33376195,0.5631490787269682,349,98,117,63747,Other
536,0.0184548745168751,<HDF5 object reference>,640,537,536,0.2575022370145854,ProS,0.99,288.61300918174845,33402051,0.5356783919597988,349,98,117,25856,Other
538,0.0032061198900935,<HDF5 object reference>,640,539,538,0.0084309781747064,ProS,0.99,289.2954062435131,33576776,0.5082077051926298,349,98,117,141297,Other
539,0.0006428133470779,<HDF5 object reference>,642,540,539,0.0024458842834602,ProS,0.99,289.80547071396666,33758022,0.5219430485762144,350,97,116,181246,Other
541,0.0040700466409688,<HDF5 object reference>,643,542,541,0.0193282040467005,ProS,0.99,290.118436033081,33970731,0.5494137353433836,350,96,116,110776,Other
542,0.0007383603368237,<HDF5 object reference>,643,543,542,0.0069679996861566,ProS,0.99,291.9726613825723,34096911,0.6180904522613065,350,96,116,126180,Other
543,0.0399167236954309,<HDF5 object reference>,643,544,543,0.195589004923653,ProS,0.99,292.8359913488261,34168905,0.5906197654941373,350,96,116,71994,Other
544,0.0118849199811173,<HDF5 object reference>,643,545,544,0.174091817958658,ProS,0.99,292.88179118120377,34262541,0.4944723618090451,350,96,116,93636,Other
546,0.0001395999322733,<HDF5 object reference>,644,547,546,0.0140125866323714,CA1,0.99,293.09149041372757,34350020,0.4944723618090452,351,96,116,87431,Other
549,0.0015063138979718,<HDF5 object reference>,644,550,549,0.100627336210506,CA1,0.99,293.5041222368737,34496851,0.4532663316582914,351,96,116,15103,Other
555,0.0244343560386516,<HDF5 object reference>,644,556,555,0.1231929695678432,CA1,0.99,296.5799776462471,34952849,0.5494137353433836,351,96,116,18482,Other
559,0.0503017653489243,<HDF5 object reference>,452,560,559,0.0806700817305815,PIL,0.99,297.0855091293907,35205644,0.4670016750418761,324,170,145,69207,Other
560,0.0089523203240397,<HDF5 object reference>,455,561,560,0.0407833211554241,PIL,0.99,297.14520891089603,35313057,0.4944723618090452,325,169,144,107413,Other
564,0.0007174269306536,<HDF5 object reference>,491,565,564,0.148320127043203,MGv,0.99,297.85290632080114,35431588,0.4670016750418759,330,155,139,16060,Other
565,0.0496301066347125,<HDF5 object reference>,496,566,565,0.0574148534618067,MGv,0.99,298.71646982692016,35462130,0.4670016750418761,330,153,138,30542,Other
570,0.011391667857702,<HDF5 object reference>,566,571,570,0.0,DG-mo,0.59,301.22789396871667,35485812,0.5494137353433837,340,126,127,721,Other
572,0.0025575960955422,<HDF5 object reference>,628,573,572,0.099182579907422,CA1,0.99,302.7187218457836,35495221,0.4944723618090452,349,102,119,8783,Other
573,0.0012112367761528,<HDF5 object reference>,628,574,573,0.1341053224548979,CA1,0.99,303.477619068303,35505903,0.5494137353433837,349,102,119,10682,Other
574,0.0336183654207788,<HDF5 object reference>,636,575,574,0.1473531986525413,CA1,0.99,303.84601772000434,35540083,0.4395309882747068,350,99,117,34180,Other
579,0.0005665324885893,<HDF5 object reference>,624,580,579,0.1277595811630876,CA1,0.99,308.59153368527,35612822,0.5631490787269681,348,104,119,30468,Other
581,0.0544481547903984,<HDF5 object reference>,542,582,581,0.0,MGd,0.85,308.81153288009705,35613525,0.5768844221105527,337,135,131,380,Other
582,0.0055143807149835,<HDF5 object reference>,542,583,582,0.0,MGd,0.75,309.0864652072083,35613837,0.5082077051926298,337,135,131,312,Other
583,0.0120466884598104,<HDF5 object reference>,567,584,583,0.0,DG-mo,0.41,309.9260288011643,35614025,0.5494137353433834,340,125,127,188,Other
584,0.0008347555478587,<HDF5 object reference>,798,585,584,0.0229046036054731,RT,0.99,310.41929366253567,35803081,0.4670016750418761,280,190,141,189056,RT
585,0.002598261339803,<HDF5 object reference>,799,586,585,0.0066945389407784,RT,0.99,310.8081255727869,36043321,0.1922948073701842,280,190,141,240240,RT
586,0.0001073028311652,<HDF5 object reference>,799,587,586,0.0004561399838588,RT,0.99,310.96985831419613,36226479,0.4807370184254607,280,190,141,183158,RT
587,0.0003869561875496,<HDF5 object reference>,800,588,587,0.0018267106341465,RT,0.99,311.9223881613747,36420633,0.4532663316582914,280,189,140,194154,RT
589,0.0003829703644976,<HDF5 object reference>,802,590,589,0.0004008956953459,RT,0.99,312.06358764460015,36700539,0.4670016750418761,280,188,140,218431,RT
592,0.0474606008927294,<HDF5 object reference>,804,593,592,0.0377916009544128,RT,0.99,312.3803864851511,37018107,0.5768844221105527,281,187,140,147868,RT
593,0.0540126154646521,<HDF5 object reference>,804,594,593,0.0639876799142238,RT,0.99,312.4146196931947,37193576,0.4532663316582916,281,187,140,175469,RT
599,0.0158954042339248,<HDF5 object reference>,807,600,599,0.012544488866761,RT,0.99,314.7144446094212,37532056,0.4532663316582914,281,186,139,204399,RT
600,0.001720171358123,<HDF5 object reference>,807,601,600,0.0035839229507947,RT,0.99,314.8925439575971,37758410,0.4944723618090452,281,186,139,226354,RT
601,0.0001080580682736,<HDF5 object reference>,808,602,601,0.0356069825660847,em,0.99,315.5906747358484,37835976,0.4944723618090452,281,186,139,77566,Thalamus
602,0.0005706569842116,<HDF5 object reference>,808,603,602,0.0041666581894576,em,0.99,315.7153409462504,37921679,0.4807370184254606,281,186,139,85703,Thalamus
606,4.281555128174788e-05,<HDF5 object reference>,811,607,606,0.0012227397286281,RT,0.99,317.13393575434907,38733756,0.4395309882747069,281,184,138,158206,RT
608,0.0083319755673172,<HDF5 object reference>,811,609,608,0.0550001657167581,RT,0.99,317.78016672254796,38911458,0.4944723618090452,281,184,138,122855,RT
609,0.000181549854843,<HDF5 object reference>,812,610,609,0.0024861424819541,em,0.99,317.8068332916179,39115287,0.4807370184254606,281,184,138,203829,Thalamus
610,0.0002894005848945,<HDF5 object reference>,813,611,610,0.0048456760802235,em,0.99,318.50256407865294,39216594,0.5082077051926298,281,184,138,101307,Thalamus
611,0.0049878951968546,<HDF5 object reference>,814,612,611,0.0133732115080822,em,0.99,318.5815304563113,39310763,0.4257956448911223,281,183,138,94169,Thalamus
613,0.0007034710245301,<HDF5 object reference>,816,614,613,0.0377817471239293,VPL,0.99,319.2476280184673,39497376,0.4944723618090452,281,183,137,67501,Thalamus
615,5.604748415680827e-05,<HDF5 object reference>,817,616,615,0.0,VPL,0.99,319.8223259151361,39632961,0.4257956448911223,282,183,137,115275,Thalamus
617,0.0002176039926143,<HDF5 object reference>,818,618,617,0.0040641628772969,VPL,0.99,320.67838944870414,39734725,0.4944723618090452,282,183,137,101755,Thalamus
618,0.0252534972659152,<HDF5 object reference>,818,619,618,0.0134836132837115,VPL,0.99,320.95895508853135,39872598,0.4257956448911223,282,183,137,137873,Thalamus
619,0.003871411695724,<HDF5 object reference>,818,620,619,0.0679241575022571,VPL,0.99,321.0790213157688,39913012,0.4395309882747069,282,183,137,40414,Thalamus
622,0.003236980518516,<HDF5 object reference>,819,623,622,0.0242909155300304,VPL,0.99,321.9716180489627,40844437,0.4257956448911223,282,182,137,129204,Thalamus
624,0.0359902970175192,<HDF5 object reference>,820,625,624,0.0395843415993581,VPL,0.99,322.57721583254124,41078556,0.4257956448911221,282,182,137,203616,Thalamus
626,0.0519816894601102,<HDF5 object reference>,820,627,626,0.1868306856509098,VPL,0.99,322.7442818877645,41224723,0.4395309882747068,282,182,137,31022,Thalamus
627,2.3531519653625275e-05,<HDF5 object reference>,823,628,627,0.0015771889651281,VPL,0.99,322.7903150526215,41465996,0.4807370184254607,282,181,136,241273,Thalamus
633,0.0001037977680955,<HDF5 object reference>,824,634,633,0.0002084416202263,VPL,0.99,327.01116707901235,41914223,0.4670016750418761,282,180,136,135473,Thalamus
635,0.0012739080941999,<HDF5 object reference>,825,636,635,0.0012577001094324,VPL,0.99,328.8853606231687,42067202,0.4944723618090452,282,180,136,95525,Thalamus
636,0.0001167052499415,<HDF5 object reference>,826,637,636,0.0005616991856669,VPL,0.99,329.05139338458594,42183912,0.4944723618090452,283,179,136,116710,Thalamus
638,0.0001035859784328,<HDF5 object reference>,827,639,638,0.0364610292691928,VPL,0.99,330.15085626404476,42465096,0.4395309882747069,283,179,136,123343,Thalamus
639,0.0114773839455496,<HDF5 object reference>,827,640,639,0.0953343303310391,VPL,0.99,330.3382222853108,42567042,0.4532663316582914,283,179,136,101946,Thalamus
640,0.0003946050713595,<HDF5 object reference>,827,641,640,0.0608379536916361,VPL,0.99,330.66352116478686,42595633,0.4395309882747069,283,179,136,28591,Thalamus
641,0.0047998536639456,<HDF5 object reference>,828,642,641,0.0283226771734236,VPL,0.99,330.7099876713951,42863694,0.4944723618090452,283,179,135,268061,Thalamus
645,0.0008326934352001,<HDF5 object reference>,831,646,645,0.0359941389496011,VPL,0.99,332.2886489002082,43367209,0.4670016750418761,283,177,135,177070,Thalamus
646,0.000761107123544,<HDF5 object reference>,831,647,646,0.0400498779305453,VPL,0.99,332.3371820663643,43559970,0.4120603015075377,283,177,135,192761,Thalamus
650,5.7083291010873645e-05,<HDF5 object reference>,832,651,650,0.0,VPL,0.99,333.2992454191093,44020183,0.4120603015075377,283,177,135,118417,Thalamus
651,0.00893024506947,<HDF5 object reference>,832,652,651,0.008725863509343,VPL,0.99,333.5821777778543,44246665,0.4670016750418761,283,177,135,226482,Thalamus
652,0.0018596144497622,<HDF5 object reference>,833,653,652,0.0295680076796089,VPL,0.99,333.9646097938631,44406719,0.4257956448911223,283,176,134,160054,Thalamus
653,0.0006369978208199,<HDF5 object reference>,834,654,653,0.0178225066372389,VPL,0.99,334.26310876565407,44602735,0.4120603015075377,284,176,134,196016,Thalamus
654,0.0001572584176033,<HDF5 object reference>,835,655,654,0.0022906163792447,VPL,0.99,334.35257512414506,44857947,0.4395309882747068,284,176,134,255212,Thalamus
655,0.003673953115419,<HDF5 object reference>,835,656,655,0.3544807121958402,VPL,0.99,334.8453400934344,44909889,0.4120603015075377,284,176,134,51942,Thalamus
657,8.448119793847642e-05,<HDF5 object reference>,836,658,657,0.0017769848708974,VPL,0.99,335.2560386787428,45013746,0.4944723618090452,284,175,134,103750,Thalamus
659,0.0003292555517142,<HDF5 object reference>,837,660,659,0.0,VPL,0.99,335.8968698046705,45165373,0.4532663316582916,284,175,134,33157,Thalamus
660,0.0008542580773218,<HDF5 object reference>,837,661,660,0.0033254642677284,VPL,0.99,335.9117697533461,45338317,0.4120603015075376,284,175,134,172944,Thalamus
662,0.0002007979608344,<HDF5 object reference>,839,663,662,0.0,VPL,0.99,336.89113304649976,45643462,0.4670016750418761,284,174,133,195105,Thalamus
667,0.0117116161803543,<HDF5 object reference>,843,668,667,0.1155447511564339,VPL,0.99,338.28379491600595,46424774,0.535678391959799,285,172,133,5754,Thalamus
669,0.0054553814627672,<HDF5 object reference>,844,670,669,0.0146425498194135,VPL,0.99,338.74166000551133,46702899,0.4257956448911223,285,172,133,277618,Thalamus
670,0.0012521593555208,<HDF5 object reference>,844,671,670,0.0079518708691612,VPL,0.99,339.032092338422,46836316,0.4395309882747068,285,172,133,133417,Thalamus
671,2.501112773010657e-05,<HDF5 object reference>,843,672,671,0.004896867333247,VPL,0.99,339.4386576046347,46996878,0.4532663316582913,285,172,133,160562,Thalamus
672,0.039868184389717,<HDF5 object reference>,845,673,672,0.0456833357003683,VPL,0.82,339.5312239524475,47107070,0.4807370184254607,285,172,132,110192,Thalamus
674,0.0074273596785084,<HDF5 object reference>,846,675,674,0.0077575737221606,VPL,0.99,341.19368489260427,47267407,0.4807370184254607,285,171,132,131376,Thalamus
675,0.0447259155281089,<HDF5 object reference>,847,676,675,0.0200965083617022,VPL,0.99,344.4924401963845,47336392,0.4532663316582916,285,171,132,68985,Thalamus
681,0.0004877245044581,<HDF5 object reference>,849,682,681,0.0010322463328637,VPL,0.99,349.40222328415473,48106360,0.4807370184254607,285,170,132,192510,Thalamus
684,0.0002296287060088,<HDF5 object reference>,852,685,684,0.0,VPL,0.99,350.7098187800137,48330135,0.4944723618090452,286,169,131,120979,Thalamus
687,0.0001999007513871,<HDF5 object reference>,854,688,687,0.0,VPL,0.99,357.8005621761174,48703218,0.4944723618090452,286,168,131,173736,Thalamus
693,0.0360217215774345,<HDF5 object reference>,857,694,693,0.3253943827074061,VPL,0.99,361.10995184530793,49155863,0.4807370184254607,286,167,130,161699,Thalamus
694,0.058862911503585,<HDF5 object reference>,858,695,694,0.0867570440460309,VPL,0.99,361.82428294873813,49238535,0.4807370184254607,286,166,130,82672,Thalamus
696,0.021945327078997,<HDF5 object reference>,856,697,696,0.0338995692849632,VPL,0.99,363.0041459322665,49480944,0.6043551088777218,286,167,131,106760,Thalamus
704,0.0025142757895955,<HDF5 object reference>,879,705,704,0.0901238610335605,RT,0.99,366.00853655356224,50081145,0.1510887772194304,289,159,127,35686,RT
709,0.0038169730417055,<HDF5 object reference>,940,710,709,0.0305602871237578,fiber tracts,0.99,367.48633194037853,50302960,2.69212730318258,296,134,117,96894,Other
710,0.0012714346303704,<HDF5 object reference>,940,711,710,0.0334487771974802,fiber tracts,0.99,367.946497170563,50353121,1.4422110552763818,296,134,117,50161,Other
713,0.0017606961102149,<HDF5 object reference>,951,714,713,0.0653873591725836,root,0.99,370.70772188427486,50580268,0.4532663316582914,297,130,115,59248,Other
717,0.000389058269813,<HDF5 object reference>,951,718,717,0.0270201746098021,root,0.99,371.4782194790386,50675828,0.6592964824120603,297,130,115,44521,Other
722,0.0108014347574411,<HDF5 object reference>,953,723,722,0.2109981378615033,alv,0.69,374.44424355343523,50821248,0.7417085427135678,298,129,116,4258,Other
723,3.616149714393027e-06,<HDF5 object reference>,954,724,723,0.0291332948647107,alv,0.99,375.4328738005951,50892811,0.7417085427135678,298,129,115,71563,Other
728,0.0010575868156074,<HDF5 object reference>,957,729,728,0.0190551133316409,CA3,0.99,380.4205248974805,51043298,0.6592964824120603,298,128,115,14169,Other
756,0.0119993591546952,<HDF5 object reference>,990,757,756,0.0058225297223419,CA3,0.99,393.67811501832085,52459706,0.5494137353433836,302,115,109,223458,Other
766,0.0007189117330137,<HDF5 object reference>,1001,767,766,0.1120413138774983,CA3,0.99,397.7025015891565,52875762,0.6455611390284757,303,111,107,44883,Other
769,0.0019164417198499,<HDF5 object reference>,1004,770,769,0.3597225835305284,CA3,0.99,398.9443641117938,52976700,0.5494137353433836,303,109,107,8628,Other
770,0.0056986420137825,<HDF5 object reference>,1004,771,770,0.0,CA3,0.98,398.97936399500105,52979503,0.6455611390284757,303,109,107,2803,Other
771,0.0255751845190154,<HDF5 object reference>,1004,772,771,0.0939548822602254,CA3,0.99,399.55719540014167,53040038,0.6730318257956448,303,109,107,60535,Other
774,0.0096674086766236,<HDF5 object reference>,1005,775,774,0.3989175120944816,CA3,0.99,400.4312258168819,53123478,0.6455611390284757,303,109,107,27698,Other
775,0.0502648371890982,<HDF5 object reference>,1007,776,775,0.0,CA3,0.72,400.7866246309349,53123887,0.4395309882747068,304,108,106,409,Other
776,0.0024798921794758,<HDF5 object reference>,1007,777,776,0.3973479649587914,CA3,0.99,400.9227908432222,53150032,0.6180904522613065,304,108,106,26145,Other
779,0.0367252925007394,<HDF5 object reference>,1008,780,779,0.37694303030068,CA3,0.99,402.0761869944004,53337964,0.6592964824120603,304,108,106,46494,Other
782,0.0071682772652098,<HDF5 object reference>,1009,783,782,0.4719590787264779,CA3,0.99,402.4775856549544,53512811,0.7142378559463987,304,107,106,25307,Other
783,0.0032182542287169,<HDF5 object reference>,1009,784,783,0.2866890652991087,CA3,0.99,402.5059855601854,53523143,0.6180904522613065,304,107,106,10332,Other
784,0.0004451933810661,<HDF5 object reference>,1011,785,784,0.0568735747187355,CA2,0.99,402.6036185677226,53631019,0.7417085427135679,304,107,106,107876,Other
785,0.0167013750845611,<HDF5 object reference>,1013,786,785,0.2006867267730926,CA2,0.99,402.72641815794685,53692300,0.7417085427135678,305,106,106,61281,Other
786,0.0005428135085326,<HDF5 object reference>,1011,787,786,0.2576683037818177,CA2,0.99,402.80735122121087,53730252,0.6867671691792293,304,107,106,37952,Other
788,2.474256831543184e-05,<HDF5 object reference>,1011,789,788,0.4196535069431163,CA2,0.99,403.4491490795655,53741884,0.7691792294807371,304,107,106,10459,Other
793,0.0114077787760925,<HDF5 object reference>,1012,794,793,0.0,CA2,0.97,405.30047623511837,54122813,0.7279731993299832,304,107,106,785,Other
794,0.0023281361138542,<HDF5 object reference>,1013,795,794,0.0916859583862643,CA2,0.99,405.5409420993632,54131948,0.7691792294807371,305,106,106,9135,Other
795,0.0001794628329231,<HDF5 object reference>,1013,796,795,0.0189327015779706,CA2,0.99,405.6781416415356,54192256,0.8790619765494136,305,106,106,60308,Other
798,0.0009732034126242,<HDF5 object reference>,1013,799,798,0.0228651084650067,CA2,0.99,406.8799376312062,54273068,0.8103852596314907,305,106,106,57846,Other
800,4.782349978028885e-06,<HDF5 object reference>,1013,801,800,0.03396847992731,CA2,0.99,407.5591686979815,54335452,0.7966499162479062,305,106,106,54112,Other
801,0.0005797439158694,<HDF5 object reference>,1014,802,801,0.0456186901218403,CA2,0.99,407.66833500036597,54422327,0.8378559463986601,305,106,105,86875,Other
802,0.014178427949077,<HDF5 object reference>,1014,803,802,0.0647143624201449,CA2,0.99,407.81996782770864,54483353,0.8103852596314908,305,106,105,61026,Other
803,0.0015741961203175,<HDF5 object reference>,1015,804,803,0.3644747533419177,CA2,0.99,407.83276778499584,54627367,0.7554438860971525,305,105,105,144014,Other
805,0.0395584771548927,<HDF5 object reference>,1015,806,805,0.021093882747559,CA2,0.99,408.17023332555794,54796791,0.7554438860971523,305,105,105,103442,Other
806,0.0026753101250553,<HDF5 object reference>,1015,807,806,0.4622030832609124,CA2,0.99,408.2818996196001,54803224,0.7417085427135678,305,105,105,6433,Other
808,0.0008778897566005,<HDF5 object reference>,1016,809,808,0.0623841144859702,CA2,0.99,410.3888925886764,55013092,0.8653266331658291,305,105,105,163700,Other
809,0.0083173218019035,<HDF5 object reference>,1016,810,809,0.1560023717441692,CA2,0.99,410.4886922556502,55046678,0.4807370184254607,305,105,105,33586,Other
811,0.0005210309541814,<HDF5 object reference>,1016,812,811,0.058677739153347,CA2,0.99,411.99242057112195,55253590,0.8653266331658291,305,105,105,105586,Other
813,0.0008692913701487,<HDF5 object reference>,1017,814,813,0.0,CA1,0.99,412.5011188736227,55268317,0.7554438860971525,305,105,105,6825,Other
814,1.0988175534419393e-05,<HDF5 object reference>,1016,815,814,0.0206915243541957,CA2,0.99,412.58978524441443,55291868,0.7279731993299833,305,105,105,23551,Other
824,0.0002052444880718,<HDF5 object reference>,1021,825,824,0.0350158400382005,CA1,0.99,417.47173646796114,55641059,0.8790619765494136,305,103,105,78218,Other
825,0.0021189905808076,<HDF5 object reference>,1021,826,825,0.0773848136014269,CA1,0.98,417.6742692562616,55648090,0.7417085427135678,305,103,105,7031,Other
836,0.0018952722549428,<HDF5 object reference>,1059,837,836,0.0027729355469586,fp,0.99,422.2424236296389,56721282,0.8103852596314908,310,89,98,90981,Other
837,0.0030547324497321,<HDF5 object reference>,1058,838,837,0.0306206227579527,fp,0.99,422.4740230063854,56758353,0.8653266331658291,310,89,98,37071,Other
839,0.0007695121657064,<HDF5 object reference>,1059,840,839,0.0,fp,0.99,423.2044543740662,56806058,0.7691792294807371,310,89,98,26139,Other
840,0.0344212334514238,<HDF5 object reference>,1059,841,840,0.1860112392709413,fp,0.99,423.3701539281547,56827807,0.8378559463986598,310,89,98,21749,Other
842,0.0007350913632905,<HDF5 object reference>,1060,843,842,0.0066552874359241,fp,0.99,424.17845175295696,56911906,0.7005025125628142,310,88,98,33906,Other
844,0.0980192301953138,<HDF5 object reference>,1063,845,844,0.1468633884376625,fp,0.99,428.3693071416777,56996095,0.7417085427135679,310,87,97,63541,Other
845,1.369292142499982e-05,<HDF5 object reference>,1063,846,845,0.0321316880065266,fp,0.98,429.2702713837735,57014994,0.6455611390284757,310,87,97,18899,Other
846,3.245328843881045e-05,<HDF5 object reference>,1063,847,846,0.0,fp,0.99,429.3532378271704,57022968,0.6867671691792294,310,87,97,7974,Other
847,0.0165676175869579,<HDF5 object reference>,1065,848,847,0.0,fp,0.99,431.392765671962,57029339,0.7142378559463985,310,86,97,6371,Other
848,0.0029063960445906,<HDF5 object reference>,1066,849,848,0.025905267447083,fp,0.99,431.56196521663173,57094780,0.6043551088777218,311,85,97,65441,Other
850,0.016583716125202,<HDF5 object reference>,1067,851,850,0.0561310508950713,fp,0.99,432.590262449397,57184969,0.604355108877722,311,85,96,16511,Other
851,0.0184579009829022,<HDF5 object reference>,1067,852,851,0.0,fp,0.99,432.617795708636,57188033,0.6455611390284757,311,85,96,3064,Other
857,0.0049765869617508,<HDF5 object reference>,1072,858,857,0.0,or,0.38,435.5619877855664,57369450,0.4257956448911221,311,83,95,52,Other
859,0.0002632433438235,<HDF5 object reference>,1073,860,859,0.0120232852167875,or,0.99,437.13315022410217,57394712,0.5219430485762143,311,83,95,25226,Other
865,0.0023988421689037,<HDF5 object reference>,1079,866,865,0.3659978443361841,or,0.93,444.3007642687805,57731490,0.5631490787269681,312,80,94,3233,Other
870,0.0005880714714946,<HDF5 object reference>,1080,871,870,0.0,SSp-bfd6b,0.96,445.16146195257033,57765588,0.6592964824120603,312,80,94,3841,Somatosensory
874,0.0021145889969821,<HDF5 object reference>,1084,875,874,0.0,SSp-bfd6a,0.99,445.36316140978005,58160715,0.6730318257956448,312,79,94,6586,Somatosensory
875,0.0203543334170691,<HDF5 object reference>,1084,876,875,0.2801724517370576,SSp-bfd6a,0.99,446.12862601651676,58180615,0.5906197654941373,312,79,94,19900,Somatosensory
876,0.0013571428195979,<HDF5 object reference>,1084,877,876,0.0185703130705416,SSp-bfd6a,0.99,446.91979055409286,58313717,0.7691792294807371,312,79,94,133102,Somatosensory
877,0.002394007082227,<HDF5 object reference>,1085,878,877,0.1350048433700249,SSp-bfd6a,0.99,447.42275573932966,58322937,0.6180904522613065,312,78,94,9220,Somatosensory
878,0.0016655831641057,<HDF5 object reference>,1087,879,878,0.0,SSp-bfd6a,0.99,447.65688834178155,58328985,0.5631490787269682,312,77,93,6048,Somatosensory
880,0.010272716171871,<HDF5 object reference>,1088,881,880,0.0293270822910456,SSp-bfd6a,0.99,448.0606537480315,58407056,0.5631490787269682,313,77,93,54774,Somatosensory
883,0.0679812878517863,<HDF5 object reference>,1091,884,883,0.0428550371964816,SSp-bfd6a,0.99,448.56268551419436,58640007,0.6180904522613065,313,76,92,23143,Somatosensory
884,0.0497349656945546,<HDF5 object reference>,1091,885,884,0.2508911069027782,SSp-bfd6a,0.99,448.95945094229586,58712220,0.5494137353433837,313,76,92,72213,Somatosensory
887,0.0040880173502744,<HDF5 object reference>,1093,888,887,0.0089829588147427,SSp-bfd6a,0.99,456.08142870993123,59048692,0.5906197654941373,313,75,92,197940,Somatosensory
888,0.0001986061519925,<HDF5 object reference>,1093,889,888,0.0002818049531323,SSp-bfd6a,0.99,456.57632716502854,59165204,0.5631490787269682,313,75,92,116512,Somatosensory
889,0.0033938602565141,<HDF5 object reference>,1094,890,889,0.1119051310725623,SSp-bfd6a,0.99,457.16445866241764,59226526,0.5906197654941374,313,74,92,61322,Somatosensory
891,0.0002344044583434,<HDF5 object reference>,1095,892,891,0.0,SSp-bfd6a,0.87,457.744723517697,59281581,0.6592964824120603,313,74,92,1104,Somatosensory
893,0.0002079041561689,<HDF5 object reference>,1094,894,893,0.0,SSp-bfd6a,0.99,461.231879298663,59363792,0.5219430485762143,313,74,92,79909,Somatosensory
895,0.0710890315976439,<HDF5 object reference>,1096,896,895,0.0573175733754411,SSp-bfd6a,0.99,462.5079086486716,59489897,0.6043551088777218,314,73,92,110214,Somatosensory
897,0.0002511533241667,<HDF5 object reference>,1099,898,897,0.0,SSp-bfd6a,0.99,463.2323730538096,59720439,0.6180904522613065,314,72,91,126766,Somatosensory
898,0.0017303345763492,<HDF5 object reference>,1099,899,898,0.0137295795997976,SSp-bfd6a,0.99,463.58650528166396,59816330,0.5356783919597989,314,72,91,95891,Somatosensory
899,0.0052528168465386,<HDF5 object reference>,1099,900,899,0.0086746377378204,SSp-bfd6a,0.98,464.2929364097624,59837330,0.5906197654941373,314,72,91,21000,Somatosensory
901,0.0001872471387484,<HDF5 object reference>,1100,902,901,0.0210528139411877,SSp-bfd5,0.77,464.66940190123324,59889555,0.5219430485762143,315,72,92,40440,Somatosensory
902,0.0278081777891389,<HDF5 object reference>,1100,903,902,0.1901332514112105,SSp-bfd5,0.8,465.93563128183405,59899585,0.5768844221105527,315,72,92,10030,Somatosensory
903,0.0001444755397244,<HDF5 object reference>,1103,904,903,0.0009798021506446,SSp-bfd5,0.99,466.0724975212514,59962070,0.5906197654941374,315,71,91,62485,Somatosensory
905,0.0066096864048544,<HDF5 object reference>,1101,906,905,0.2882340019289943,SSp-bfd5,0.99,466.9490281183578,60142295,0.5631490787269682,315,72,91,104957,Somatosensory
907,3.2440676688405447e-06,<HDF5 object reference>,1102,908,907,0.007214082590776,SSp-bfd5,0.99,467.36269349370343,60227405,0.5768844221105527,315,71,91,79771,Somatosensory
908,0.0001962950752179,<HDF5 object reference>,1098,909,908,0.0022663506590544,SSp-bfd6a,0.99,467.89789182299836,60298567,0.5356783919597989,314,72,91,71162,Somatosensory
909,0.0016335232128571,<HDF5 object reference>,1097,910,909,0.0020180551785947,SSp-bfd6a,0.99,467.92305841110357,60342106,0.5082077051926298,314,73,91,43539,Somatosensory
910,6.209091655336156e-06,<HDF5 object reference>,1103,911,910,0.0044045971325105,SSp-bfd5,0.99,467.97359158668974,60383784,0.5768844221105527,315,71,91,41678,Somatosensory
912,0.0019501863075579,<HDF5 object reference>,1104,913,912,0.0053426689756991,VISrl5,0.94,469.73738608073006,60532014,0.5768844221105527,315,71,90,70797,Other
913,0.0205947859321833,<HDF5 object reference>,1104,914,913,0.0360521494207615,VISrl5,0.99,470.4390838902709,60542315,0.5906197654941374,315,71,90,10301,Other
914,0.0006132007417246,<HDF5 object reference>,1104,915,914,0.00497891623475,VISrl5,0.99,470.6653831838423,60570034,0.6455611390284757,315,71,90,27719,Other
916,0.0005655461191969,<HDF5 object reference>,1104,917,916,0.0709466326198678,VISrl5,0.99,471.31361449362055,60625520,0.7005025125628142,315,71,90,19428,Other
917,0.0001580816131031,<HDF5 object reference>,1105,918,917,0.0071857028888226,VISrl5,0.99,471.6244468566422,60694740,0.5494137353433837,315,71,90,69220,Other
918,4.226155000316741e-06,<HDF5 object reference>,1105,919,918,0.0019597924820145,VISrl5,0.99,471.8811460553156,60757222,0.6180904522613065,315,71,90,62482,Other
919,0.0006899345684793,<HDF5 object reference>,1106,920,919,0.0053318043876108,VISrl5,0.99,472.5491106368266,60784008,0.6730318257956448,315,70,90,26786,Other
920,0.0010273191809342,<HDF5 object reference>,1107,921,920,0.0055836590051764,VISrl5,0.99,473.03100913250523,60891930,0.7279731993299832,315,70,90,107922,Other
921,0.0079152596399653,<HDF5 object reference>,1107,922,921,0.0169263216005847,VISrl5,0.99,475.6401343210473,60917969,0.6867671691792293,315,70,90,26039,Other
922,0.0089893365962675,<HDF5 object reference>,1107,923,922,0.0434841075513001,VISrl5,0.99,475.7173340800562,60936728,0.7554438860971523,315,70,90,18759,Other
924,0.0048059838429667,<HDF5 object reference>,1108,925,924,0.037886996590534,VISrl5,0.99,478.03056019229336,60992645,0.6318257956448912,315,69,90,33327,Other
925,0.0005880525022363,<HDF5 object reference>,1108,926,925,0.0,VISrl5,0.99,478.551024839101,61028794,0.7005025125628142,315,69,90,36149,Other
926,2.283240885927893e-05,<HDF5 object reference>,1108,927,926,0.0,VISrl5,0.99,479.06452279394273,61040128,0.6592964824120603,315,69,90,11334,Other
927,0.0377693795679409,<HDF5 object reference>,1109,928,927,0.1071620679508041,VISrl5,0.99,479.6503871272305,61083213,0.7829145728643215,315,69,89,43085,Other
929,5.294995592517613e-05,<HDF5 object reference>,1110,930,929,0.235322576908058,VISrl5,0.99,480.446883954945,61181971,0.6730318257956448,315,68,89,23510,Other
932,0.005091354576814,<HDF5 object reference>,1112,933,932,0.090512994575744,VISrl5,0.99,481.49681310662334,61234430,0.7279731993299832,316,68,89,27582,Other
933,0.0009134968263987,<HDF5 object reference>,1112,934,933,0.122630648612799,VISrl5,0.99,482.05087756656354,61244104,0.7142378559463987,316,68,89,9674,Other
935,0.0060686178796332,<HDF5 object reference>,1111,936,935,0.0397366590516083,VISrl5,0.99,483.25363944287346,61276616,0.6318257956448912,316,68,89,13876,Other
936,0.0029321778613491,<HDF5 object reference>,1115,937,936,0.024725146592398,VISrl5,0.97,483.7402041716514,61294207,0.6455611390284757,316,66,88,17591,Other
937,3.9824949524636215e-05,<HDF5 object reference>,1115,938,937,0.0,VISrl5,0.99,484.94463270798997,61300705,0.5906197654941373,316,66,88,6498,Other
938,0.030289218557855,<HDF5 object reference>,1115,939,938,0.4192297527041163,VISrl5,0.99,485.5987967692538,61320969,0.6180904522613065,316,66,88,20264,Other
939,0.0058448055395865,<HDF5 object reference>,1114,940,939,0.4899547973983305,VISrl5,0.99,485.9842285674904,61338861,0.6455611390284757,316,67,89,17892,Other
940,0.0128959077239715,<HDF5 object reference>,1116,941,940,0.0,VISrl5,0.97,486.32876052862275,61342218,0.5768844221105527,316,66,88,3357,Other
944,0.0385550113999318,<HDF5 object reference>,1117,945,944,0.0,VISrl5,0.98,487.74478822220476,61425583,0.5768844221105527,316,65,88,7209,Other
945,0.0003657886879035,<HDF5 object reference>,1119,946,945,0.0568587697419999,VISrl5,0.99,488.0709202566203,61441988,0.6592964824120602,317,64,88,16405,Other
948,0.0765331708155738,<HDF5 object reference>,1120,949,948,0.1289767777108835,VISrl5,0.94,491.1873078446801,61514158,0.5768844221105527,317,64,87,9433,Other
949,0.0061871754822318,<HDF5 object reference>,1120,950,949,0.0200080282442819,VISrl5,0.99,491.73583899332505,61533713,0.4395309882747068,317,64,87,19555,Other
964,0.009926997466367,<HDF5 object reference>,1147,965,964,0.0,VISrl2/3,0.96,495.9583221760303,61795985,0.6318257956448912,320,54,83,2811,Other
965,0.0014902061006447,<HDF5 object reference>,1148,966,965,0.4746230579757802,VISrl2/3,0.98,496.28715419969234,61800000,0.7142378559463985,320,53,83,4015,Other
966,0.0549057250755075,<HDF5 object reference>,804,967,966,0.0883274075130896,RT,0.99,496.56795308132735,61919913,0.4944723618090452,281,187,140,119913,RT
970,0.0013098723402384,<HDF5 object reference>,843,971,970,0.0155117784971076,VPL,0.99,497.77348161328484,62279575,0.5356783919597988,285,172,133,208930,Thalamus
971,0.0052089041016452,<HDF5 object reference>,843,972,971,0.0,VPL,0.95,498.0736470844533,62289230,0.5356783919597988,285,172,133,9655,Thalamus
973,0.0279321134836349,<HDF5 object reference>,879,974,973,0.2149874520549634,RT,0.99,498.205579892325,62342802,0.2609715242881072,289,159,127,33215,RT
981,0.0482555590945395,<HDF5 object reference>,1016,982,981,0.1516407485949668,CA2,0.99,502.3026969076716,62515659,0.6730318257956449,305,105,105,42322,Other
982,0.0003080744309655,<HDF5 object reference>,1017,983,982,0.0,CA1,0.96,502.4353963791565,62516499,0.7829145728643216,305,105,105,840,Other
984,0.0077332303256037,<HDF5 object reference>,1067,985,984,0.2983167545074657,fp,0.99,502.9177944578627,62587300,0.6592964824120603,311,85,96,12405,Other
986,0.0001670739388027,<HDF5 object reference>,1072,987,986,0.0,or,0.96,503.13796024765367,62589908,0.6180904522613065,311,83,95,1628,Other
987,0.0049545468174411,<HDF5 object reference>,1072,988,987,0.0,or,0.99,503.24699314673103,62593830,0.7554438860971523,311,83,95,3922,Other
989,0.0007351776193497,<HDF5 object reference>,1080,990,989,0.0,SSp-bfd6b,0.75,503.8215908582248,62594384,0.6730318257956448,312,80,94,352,Somatosensory
990,0.0297122673693317,<HDF5 object reference>,1080,991,990,0.0,SSp-bfd6b,0.91,503.9842902102263,62594910,0.5768844221105527,312,80,94,526,Somatosensory
991,0.0057368274199576,<HDF5 object reference>,1079,992,991,0.0,or,0.99,504.0404233199928,62604782,0.6180904522613065,312,80,94,9872,Other
993,0.0102615175753442,<HDF5 object reference>,1088,994,993,0.0358353715070836,SSp-bfd6a,0.99,504.3887885991912,62637917,0.5631490787269682,313,77,93,32673,Somatosensory
994,0.0218750836498895,<HDF5 object reference>,1091,995,994,0.0,SSp-bfd6a,0.94,504.5235213959111,62641889,0.5494137353433837,313,76,92,3972,Somatosensory
995,0.0098617381881604,<HDF5 object reference>,1092,996,995,0.0552684955363384,SSp-bfd6a,0.74,504.52625471835813,62671886,0.5356783919597988,313,75,92,29997,Somatosensory
997,0.0005769879133516,<HDF5 object reference>,1101,998,997,0.012709317778341,SSp-bfd5,0.99,505.37491800497094,62763717,0.5494137353433837,315,72,91,90150,Somatosensory
998,0.0002139057571462,<HDF5 object reference>,1104,999,998,0.0556702724208478,VISrl5,0.99,505.53668402735633,62789931,0.6180904522613065,315,71,90,26214,Other
1000,0.002533814709912,<HDF5 object reference>,1104,1001,1000,0.0421289013964498,VISrl5,0.99,506.01538212079885,62808755,0.6043551088777218,315,71,90,16505,Other
1001,0.0015925200832786,<HDF5 object reference>,1112,1002,1001,0.0792447167025365,VISrl5,0.99,506.0299820626502,62829599,0.6455611390284757,316,68,89,20844,Other
1002,0.0407603326898054,<HDF5 object reference>,1112,1003,1002,0.35988613238732,VISrl5,0.99,506.6579462282629,62854214,0.6730318257956448,316,68,89,24615,Other
1004,0.0010901415767547,<HDF5 object reference>,1116,1005,1004,0.0315280080948306,VISrl5,0.99,508.7125380452401,62876941,0.7005025125628142,316,66,88,15578,Other
1006,0.0149013334962661,<HDF5 object reference>,1117,1007,1006,0.1256599025374711,VISrl5,0.99,512.1116594837459,62906356,0.6867671691792293,316,65,88,7803,Other
1007,0.0013004146834728,<HDF5 object reference>,1120,1008,1007,0.0,VISrl5,0.49,513.3200219881163,62906555,0.5494137353433837,317,64,87,199,Other
1009,0.0053954106112394,<HDF5 object reference>,1120,1010,1009,0.2002296202665385,VISrl5,0.98,514.2765520266092,62915970,0.6043551088777218,317,64,87,4371,Other
1010,0.0268747011995071,<HDF5 object reference>,1121,1011,1010,0.1861247216707197,VISrl5,0.99,515.1098824894725,62927075,0.6043551088777218,317,63,87,11105,Other
1012,0.0617436651710158,<HDF5 object reference>,1127,1013,1012,0.0,VISrl4,0.98,516.476977780409,62930372,0.604355108877722,318,61,87,1071,Other
1013,0.0004037168830126,<HDF5 object reference>,1129,1014,1013,0.0,VISrl4,0.69,516.887509699634,62931013,0.5219430485762143,318,61,86,641,Other
1016,0.0001619682477296,<HDF5 object reference>,1131,1017,1016,0.0,VISrl4,0.94,517.2718750423251,62936840,0.6180904522613064,318,60,86,1599,Other
1023,0.0004612879180233,<HDF5 object reference>,953,1024,1023,0.0,alv,0.44,518.8628362288051,62988178,0.4120603015075378,298,129,116,561,Other
1028,0.0212579076825378,<HDF5 object reference>,1100,1029,1028,0.0662108875776823,SSp-bfd5,0.99,520.5218971807104,63013868,0.5906197654941373,315,72,92,24037,Somatosensory
1029,0.0741228674962582,<HDF5 object reference>,1100,1030,1029,0.0,SSp-bfd5,0.82,520.6313634703122,63014192,0.5906197654941373,315,72,92,324,Somatosensory
1030,0.055145158155177,<HDF5 object reference>,1127,1031,1030,0.0715904649175147,VISrl4,0.99,520.6798633032508,63021502,0.6318257956448912,318,61,87,7310,Other
1031,0.0193867745943304,<HDF5 object reference>,1131,1032,1031,0.0,VISrl4,0.96,520.7358297771367,63022970,0.5906197654941373,318,60,86,1468,Other
1032,0.0274514609834043,<HDF5 object reference>,1084,1033,1032,0.0769901056461609,SSp-bfd6a,0.99,520.8803292793972,63030019,0.7829145728643216,312,79,94,7049,Somatosensory
1034,0.0048437183793894,<HDF5 object reference>,955,1035,1034,0.0,alv,0.74,521.2546279900969,63031305,0.6592964824120604,298,128,115,1150,Other
1036,0.0409843003647064,<HDF5 object reference>,1009,1037,1036,0.0,CA3,0.91,522.1558915522928,63032642,0.6318257956448912,304,107,106,469,Other
1039,0.0023907185595379,<HDF5 object reference>,1012,1040,1039,0.036712048121437,CA2,0.99,523.1165215766631,63049339,0.6867671691792295,304,107,106,10208,Other
1043,0.0101125123801669,<HDF5 object reference>,1120,1044,1043,0.0,VISrl5,0.76,523.8133858429279,63087410,0.5356783919597989,317,64,87,848,Other
1044,0.0011450554071288,<HDF5 object reference>,1120,1045,1044,0.0,VISrl5,0.44,524.0311184262648,63087636,0.5768844221105527,317,64,87,226,Other
1048,0.0010422131279633,<HDF5 object reference>,1183,1049,1048,0.0073519156164678,LSv,0.99,525.6629128054252,63345958,0.4944723618090452,186,188,248,51007,STR
1051,0.0024822879658948,<HDF5 object reference>,1184,1052,1051,0.0066425917600044,LSv,0.99,526.6944092523573,63711234,0.5082077051926297,186,187,247,261788,STR
1052,0.0096095589949957,<HDF5 object reference>,1188,1053,1052,0.0219874592222358,LSr,0.99,527.0976411967276,63787007,0.5631490787269683,185,186,246,75773,STR
1055,0.0087134769376528,<HDF5 object reference>,1186,1056,1055,0.0199277226818769,LSr,0.99,527.8278053482885,63852352,0.535678391959799,185,187,247,63493,STR
1057,0.0297069319445252,<HDF5 object reference>,1186,1058,1057,0.0483068582066488,LSr,0.99,528.2376372699247,63952601,0.6867671691792293,185,187,247,30827,STR
1058,0.0277112924042194,<HDF5 object reference>,1187,1059,1058,0.0485068498609834,LSr,0.99,528.4147366598924,63980684,0.5219430485762143,185,186,247,28083,STR
1061,0.0032818175313811,<HDF5 object reference>,1188,1062,1061,0.0062198224482857,LSr,0.99,529.191667317029,64219658,0.6867671691792293,185,186,246,199946,STR
1063,0.0012703068107733,<HDF5 object reference>,1189,1064,1063,0.0344371315300648,LSr,0.99,529.315600223466,64258418,0.4807370184254606,185,186,246,29811,STR
1064,0.0281489913611763,<HDF5 object reference>,1189,1065,1064,0.0687147252656604,LSr,0.99,529.5573660573519,64278159,0.6867671691792293,185,186,246,19741,STR
1065,0.0008858951595638,<HDF5 object reference>,1190,1066,1065,0.0,LSr,0.99,529.5745659981055,64295684,0.5219430485762143,185,185,246,17525,STR
1066,0.0305319781089379,<HDF5 object reference>,1190,1067,1066,0.0673927469963801,LSr,0.96,529.8960648906781,64306339,0.6592964824120604,185,185,246,10655,STR
1067,0.0404561770241043,<HDF5 object reference>,1191,1068,1067,0.1850200817223689,LSr,0.99,530.1119641469968,64437734,0.6043551088777218,185,185,246,131395,STR
1071,5.076604080516827e-05,<HDF5 object reference>,1193,1072,1071,0.0,LSr,0.99,531.7014253386437,64601733,0.5631490787269682,185,184,245,56292,STR
1072,0.0550148862274159,<HDF5 object reference>,1194,1073,1072,0.0128858630867135,LSr,0.99,531.7680251092357,64686143,0.6043551088777219,185,184,245,84410,STR
1076,0.0002225525276686,<HDF5 object reference>,1195,1077,1076,0.0437761749418686,LSr,0.99,533.9492175959526,64773448,0.4944723618090452,184,183,245,60583,STR
1077,0.0031529797113318,<HDF5 object reference>,1195,1078,1077,0.0057364477918184,LSr,0.99,534.5344489134122,64799272,0.4395309882747068,184,183,245,25824,STR
1079,0.0011838295721621,<HDF5 object reference>,1196,1080,1079,0.0265993250804708,LSr,0.99,535.2808463423896,64850617,0.3983249581239529,184,183,245,47970,STR
1080,0.0008760101969343,<HDF5 object reference>,1196,1081,1080,0.0103961455365746,LSr,0.99,535.8133445081593,64960813,0.6592964824120603,184,183,245,110196,STR
1081,0.0051661488190264,<HDF5 object reference>,1196,1082,1081,0.1617789522569063,LSr,0.99,536.2315764008611,64974567,0.4670016750418761,184,183,245,13754,STR
1082,0.0854661744080804,<HDF5 object reference>,1197,1083,1082,0.0255219804972167,LSr,0.95,536.3052428137782,64986810,0.4944723618090451,184,183,245,12243,STR
1083,0.0724758362857212,<HDF5 object reference>,1198,1084,1083,0.2617344425947188,LSr,0.99,536.3972424968783,65003030,0.4944723618090451,184,182,244,16220,STR
1084,0.0004134153097174,<HDF5 object reference>,1198,1085,1084,0.0,LSr,0.99,536.430709048267,65026149,0.6180904522613065,184,182,244,23119,STR
1085,8.130656089326688e-06,<HDF5 object reference>,1199,1086,1085,0.0,LSr,0.99,536.6209750595478,65057977,0.6867671691792295,184,182,244,31828,STR
1086,0.0108889819296113,<HDF5 object reference>,1199,1087,1086,0.0254174538276171,LSr,0.99,536.7689078833154,65124043,0.7966499162479062,184,182,244,66066,STR
1087,0.0007111129487469,<HDF5 object reference>,1199,1088,1087,0.0223413508023201,LSr,0.99,537.2793061252099,65150214,0.5768844221105527,184,182,244,26171,STR
1088,0.0007284308422754,<HDF5 object reference>,1199,1089,1088,0.0392774942309186,LSr,0.99,537.7125046330248,65160083,0.6318257956448912,184,182,244,9869,STR
1089,0.0013915429544591,<HDF5 object reference>,1200,1090,1089,0.0311451081764058,LSr,0.99,537.9014706487836,65179279,0.5631490787269682,184,182,244,19196,STR
1090,0.0002454693801225,<HDF5 object reference>,1200,1091,1090,0.012778097468622,LSr,0.99,537.9098039534123,65278675,0.6043551088777218,184,182,244,99396,STR
1093,0.0005315415618865,<HDF5 object reference>,1200,1094,1093,0.0377890578045968,LSr,0.85,538.1268698723788,65501982,0.6180904522613065,184,182,244,17427,STR
1094,0.0263972761596616,<HDF5 object reference>,1201,1095,1094,0.0395465884887718,LSr,0.99,538.5256684986867,65556743,0.4532663316582916,184,181,244,54761,STR
1098,0.0194541356802978,<HDF5 object reference>,1202,1099,1098,0.0187205450775768,LSr,0.99,540.4939283855327,65767901,0.6867671691792295,184,181,244,119601,STR
1099,0.097007956318157,<HDF5 object reference>,1203,1100,1099,0.0409729233788259,LSr,0.99,540.788194038579,65819936,0.4532663316582916,184,181,243,52035,STR
1101,0.0017622220091275,<HDF5 object reference>,1203,1102,1101,0.0210983613482954,LSr,0.99,541.0326265299461,66011830,0.5631490787269682,184,181,243,64578,STR
1103,0.0033838406526948,<HDF5 object reference>,1203,1104,1103,0.0155991671782771,LSr,0.99,541.2403258145102,66307228,0.7142378559463987,184,181,243,260166,STR
1104,0.0025213956896187,<HDF5 object reference>,1204,1105,1104,0.0479841724482545,LSr,0.99,541.5707246764263,66346148,0.5494137353433837,184,180,243,38920,STR
1105,0.0576093239111958,<HDF5 object reference>,1204,1106,1105,0.036705805700731,LSr,0.99,542.4020551461787,66580952,0.5082077051926297,184,180,243,234804,STR
1109,0.0391214909178558,<HDF5 object reference>,1205,1110,1109,0.1002681478074591,LSr,0.99,542.7019874463724,66742555,0.5906197654941374,183,180,243,30884,STR
1110,0.0004302484133342,<HDF5 object reference>,1206,1111,1110,0.0,LSr,0.98,543.6124176436598,66783244,0.4532663316582914,183,179,243,40689,STR
1111,0.0052329931955232,<HDF5 object reference>,1206,1112,1111,0.3336036838616635,LSr,0.99,545.0204127937136,66822150,0.4670016750418761,183,179,243,38906,STR
1112,0.0022202116020914,<HDF5 object reference>,1206,1113,1112,0.0276786251943399,LSr,0.99,546.7983066696232,66855402,0.5082077051926297,183,179,243,33252,STR
1115,0.0423322975486312,<HDF5 object reference>,1207,1116,1115,0.0500150858762252,LSr,0.99,548.3947011707212,66970286,0.5082077051926298,183,179,243,42845,STR
1119,0.000198111447758,<HDF5 object reference>,1208,1120,1119,0.032740374867997,LSr,0.99,550.8313261109149,67069016,0.5494137353433837,183,179,242,37445,STR
1120,0.0252767792207168,<HDF5 object reference>,1208,1121,1120,0.2878916240398764,LSr,0.99,551.6565566016792,67094792,0.7554438860971525,183,179,242,25776,STR
1121,0.0750959573161368,<HDF5 object reference>,1208,1122,1121,0.1535991980882186,LSr,0.99,551.6604565882454,67156522,0.4670016750418761,183,179,242,61730,STR
1123,0.0010767850761023,<HDF5 object reference>,1210,1124,1123,0.0027163989136777,LSr,0.99,552.0478219206028,67280239,0.7142378559463987,183,178,242,118672,STR
1124,0.0003826297249123,<HDF5 object reference>,1211,1125,1124,0.0044746661339987,LSr,0.99,553.0222185642195,67486991,0.6180904522613065,183,178,242,206752,STR
1125,0.0012475894314427,<HDF5 object reference>,1211,1126,1125,0.0310663097570759,LSr,0.99,554.163214633972,67534071,0.4670016750418761,183,178,242,47080,STR
1127,1.3410546164446782e-05,<HDF5 object reference>,1212,1128,1127,0.0560742778385988,LSr,0.99,555.286944096534,67598393,0.5219430485762144,183,177,242,20232,STR
1128,0.0005834573629905,<HDF5 object reference>,1212,1129,1128,0.0074934500139238,LSr,0.99,555.8208755906996,67648916,0.4670016750418761,183,177,242,50523,STR
1129,0.0025687931416501,<HDF5 object reference>,1212,1130,1129,0.1215757016285858,LSr,0.99,556.0662080789666,67690140,0.4670016750418761,183,177,242,41224,STR
1130,0.0416729483605209,<HDF5 object reference>,1212,1131,1130,0.1257976884374994,LSr,0.99,556.8835052637245,67779230,0.6455611390284757,183,177,242,89090,STR
1131,0.0309764579760959,<HDF5 object reference>,1212,1132,1131,0.0955835099463974,LSr,0.99,557.0192381295157,67808221,0.4395309882747068,183,177,242,28991,STR
1134,0.0864227501022843,<HDF5 object reference>,1213,1135,1134,0.2521584135122089,LSr,0.99,557.8648018835737,67947984,0.535678391959799,183,177,241,93399,STR
1135,0.0003227545219832,<HDF5 object reference>,1215,1136,1135,0.0,LSr,0.99,558.4179333116039,68052984,0.4670016750418761,182,176,241,105000,STR
1136,0.0923454143443727,<HDF5 object reference>,1214,1137,1136,0.0,LSr,0.69,558.9629981007536,68054109,0.5082077051926299,183,176,241,1125,STR
1138,0.0004406611188281,<HDF5 object reference>,1215,1139,1138,0.0007273819225789,LSr,0.99,559.8776282835737,68205800,0.4807370184254606,182,176,241,72521,STR
1139,0.0015654288804469,<HDF5 object reference>,1215,1140,1139,0.0,LSr,0.99,561.6724887677073,68234035,0.7142378559463987,182,176,241,28235,STR
1145,0.0061219972081992,<HDF5 object reference>,1217,1146,1145,0.0,LSr,0.99,565.1507101200431,68356393,0.535678391959799,182,175,241,13631,STR
1146,7.821949794029885e-05,<HDF5 object reference>,1218,1147,1146,0.0005230882930185,LSr,0.99,565.5281088200646,68441911,0.5494137353433837,182,175,240,85518,STR
1147,0.0012355296182467,<HDF5 object reference>,1218,1148,1147,0.0115059293563013,LSr,0.99,565.624208489042,68534887,0.5906197654941373,182,175,240,92976,STR
1148,0.0015646909536224,<HDF5 object reference>,1219,1149,1148,0.0058809620735998,LSr,0.99,565.7260414716039,68623238,0.535678391959799,182,175,240,88351,STR
1149,0.0009759095643013,<HDF5 object reference>,1219,1150,1149,0.006490827011586,LSr,0.99,565.9142074901184,68647515,0.4670016750418761,182,175,240,24277,STR
1150,0.0005989870120637,<HDF5 object reference>,1219,1151,1150,0.0,LSr,0.99,567.1378366085684,68683322,0.4807370184254607,182,175,240,35807,STR
1151,0.0255715745287688,<HDF5 object reference>,1220,1152,1151,0.2299164291825252,LSr,0.99,567.2749361363186,68757646,0.5219430485762143,182,174,240,74324,STR
1152,0.0003977720747301,<HDF5 object reference>,1220,1153,1152,0.0428046744397565,LSr,0.99,567.4444688856836,68778785,0.6043551088777218,182,174,240,21139,STR
1154,0.0015052954564704,<HDF5 object reference>,1222,1155,1154,0.0134784748018327,LSr,0.99,568.112733250463,68839428,0.6730318257956448,182,174,240,29180,STR
1155,0.0015407046441352,<HDF5 object reference>,1222,1156,1155,0.007233172398684,LSr,0.99,568.3563990778041,68885423,0.604355108877722,182,174,240,45995,STR
1156,0.0001241097372987,<HDF5 object reference>,1221,1157,1156,0.0024168572502115,LSr,0.99,569.3893621863509,68974385,0.5768844221105527,182,174,240,88962,STR
1158,0.0001476882230879,<HDF5 object reference>,1222,1159,1158,0.0,LSr,0.99,571.553721518696,69062995,0.7279731993299832,182,174,240,44920,STR
1159,0.0001352050794206,<HDF5 object reference>,1222,1160,1159,0.0,LSr,0.97,572.0700865178725,69064909,0.7279731993299833,182,174,240,1914,STR
1161,0.0014460899661522,<HDF5 object reference>,1223,1162,1161,0.1966017415015732,LSr,0.99,572.3299856785839,69129207,0.5906197654941373,182,173,239,60160,STR
1163,0.0002132705975523,<HDF5 object reference>,1223,1164,1163,0.0014195064455896,LSr,0.99,572.7726175825322,69251248,0.6180904522613064,182,173,239,89916,STR
1164,3.000724976937323e-05,<HDF5 object reference>,1223,1165,1164,0.0,LSr,0.97,572.8070841378966,69259872,0.5768844221105527,182,173,239,8624,STR
1165,0.0017413172444524,<HDF5 object reference>,1224,1166,1165,0.0120962911376543,LSr,0.99,573.2431827296095,69345159,0.5219430485762143,182,173,239,85287,STR
1166,0.0051726152529548,<HDF5 object reference>,1224,1167,1166,0.0390585938927109,LSr,0.99,573.2674493179125,69399365,0.5906197654941373,182,173,239,54206,STR
1167,0.0003400459524879,<HDF5 object reference>,1224,1168,1167,0.0024916166470535,LSr,0.99,573.7780810022703,69467233,0.6592964824120603,182,173,239,67868,STR
1169,0.0409810904064375,<HDF5 object reference>,1224,1170,1169,0.0501851864310525,LSr,0.99,575.3006760853756,69562375,0.5494137353433837,182,173,239,50155,STR
1171,0.0009309838834355,<HDF5 object reference>,1225,1172,1171,0.0002026714005215,LSr,0.99,578.1122336727194,69742746,0.604355108877722,181,172,239,137388,STR
1174,0.0034322519274912,<HDF5 object reference>,1224,1175,1174,0.0389801760778128,LSr,0.99,579.3737295989886,69772406,0.4807370184254606,182,173,239,28020,STR
1175,0.0001742162598122,<HDF5 object reference>,1229,1176,1175,0.0007013996574001,LSr,0.99,579.3878295534558,69846258,0.7279731993299832,181,171,238,73852,STR
1177,0.0003693781914681,<HDF5 object reference>,1228,1178,1177,0.0,LSr,0.99,580.0145608628947,69905218,0.5906197654941373,181,171,238,58216,STR
1179,0.0004317034798804,<HDF5 object reference>,1229,1180,1179,0.0016529914077929,LSr,0.99,582.3524199799463,70023128,0.5906197654941373,181,171,238,117838,STR
1180,0.0009242232928968,<HDF5 object reference>,1229,1181,1180,0.0,LSr,0.91,582.555785989886,70023408,0.9202680067001676,181,171,238,280,STR
1181,0.0001104771231794,<HDF5 object reference>,1230,1182,1181,0.0013029624981756,LSr,0.99,582.8563850191658,70077593,0.5494137353433837,181,171,238,54185,STR
1182,0.0053553969052112,<HDF5 object reference>,1230,1183,1182,0.0,LSr,0.99,583.5027495985365,70082234,0.7417085427135678,181,171,238,4641,STR
1183,0.0005191713806622,<HDF5 object reference>,1231,1184,1183,0.0311271061624746,LSr,0.99,584.1974473551589,70097912,0.3571189279731993,181,170,238,15678,STR
1185,0.0002983119911159,<HDF5 object reference>,1233,1186,1185,0.0,LSr,0.99,585.1863108285029,70156649,0.5631490787269681,181,170,237,20202,STR
1187,0.0080274365046231,<HDF5 object reference>,1234,1188,1187,0.0101886581944358,LSr,0.99,586.257307369949,70246560,0.4257956448911221,181,169,237,19377,STR
1188,0.0859649538887694,<HDF5 object reference>,1233,1189,1188,0.0,LSr,0.91,588.5011667905525,70247009,0.6455611390284756,181,170,237,449,STR
1189,0.0038703006489314,<HDF5 object reference>,1234,1190,1189,0.0280039097205362,LSr,0.99,588.7212327465633,70267254,0.4944723618090452,181,169,237,20245,STR
1190,0.0007787378794696,<HDF5 object reference>,1235,1191,1190,0.002565212357055,LSr,0.99,590.0522284483978,70361847,0.4670016750418761,180,169,237,94593,STR
1191,0.0028286850469147,<HDF5 object reference>,1235,1192,1191,0.0,LSr,0.99,590.6126599719377,70366844,0.4670016750418761,180,169,237,4997,STR
1192,0.0213215785723408,<HDF5 object reference>,1237,1193,1192,0.162136379250378,LSr,0.99,590.6917930497276,70443955,0.5494137353433837,180,168,236,77111,STR
1193,0.0062581694043286,<HDF5 object reference>,1235,1194,1193,0.124914185883179,LSr,0.77,590.9046256957636,70449489,0.6455611390284756,180,169,237,5534,STR
1195,0.0878635683421122,<HDF5 object reference>,1236,1196,1195,0.0847938377473027,LSr,0.99,591.4166573756003,70497587,0.604355108877722,180,168,237,47495,STR
1197,0.0044459585986351,<HDF5 object reference>,1236,1198,1197,0.0,LSr,0.99,591.9568556311457,70516620,0.5082077051926298,180,168,237,15731,STR
1198,0.0257113967446592,<HDF5 object reference>,1236,1199,1198,0.0166677058473063,LSr,0.99,591.9671555978842,70550496,0.5768844221105527,180,168,237,33876,STR
1199,0.0072738682903333,<HDF5 object reference>,1237,1200,1199,0.0639530186467292,LSr,0.94,593.0195521993949,70563892,0.769179229480737,180,168,236,13396,STR
1200,0.0042045159419626,<HDF5 object reference>,1237,1201,1200,0.0239767410988024,LSr,0.99,593.8669827961327,70609435,0.3708542713567838,180,168,236,45543,STR
1201,6.213130035565137e-05,<HDF5 object reference>,1238,1202,1201,0.0,LSr,0.99,594.0832820976403,70656242,0.5906197654941374,180,168,236,46807,STR
1202,0.007702171845633,<HDF5 object reference>,1238,1203,1202,0.0,LSr,0.99,594.4319809715921,70682965,0.6043551088777219,180,168,236,26723,STR
1203,0.02676249394461,<HDF5 object reference>,1239,1204,1203,0.0671398334421006,LSr,0.99,594.464114201158,70720707,0.5768844221105526,180,167,236,37742,STR
1206,0.0088385418977565,<HDF5 object reference>,1240,1207,1206,0.0956883814601983,LSr,0.99,594.9957791509266,70854608,0.4807370184254607,180,167,236,66315,STR
1207,0.0192830057910998,<HDF5 object reference>,1240,1208,1207,0.1277137577709512,LSr,0.99,595.210078458893,70950190,0.5631490787269682,180,167,236,95582,STR
1208,0.0328803018658817,<HDF5 object reference>,1240,1209,1208,0.0381173961339611,LSr,0.99,595.445111033239,71032801,0.5494137353433837,180,167,236,82611,STR
1211,0.0002165324567259,<HDF5 object reference>,1243,1212,1211,0.0038349155926476,LSr,0.99,595.9461427485977,71296093,0.6867671691792294,180,166,235,31584,STR
1212,4.053610933757668e-05,<HDF5 object reference>,1243,1213,1212,0.0,LSr,0.99,596.5555407806773,71302477,0.5494137353433837,180,166,235,6384,STR
1213,0.0038741795817292,<HDF5 object reference>,1243,1214,1213,0.0254696341299631,LSr,0.99,596.847106505795,71319809,0.7829145728643216,180,166,235,17332,STR
1215,0.00428941941239,<HDF5 object reference>,1245,1216,1215,0.0642500396454944,LSr,0.99,597.0221726071231,71413897,0.6867671691792293,179,165,235,40095,STR
1216,0.0334976869341291,<HDF5 object reference>,1245,1217,1216,0.0457118424526319,LSr,0.99,597.1103056558497,71463161,0.5768844221105527,179,165,235,49264,STR
1218,0.000292748062748,<HDF5 object reference>,1246,1219,1218,0.0,LSr,0.99,597.1383722318814,71498934,0.4944723618090452,179,165,235,34569,STR
1220,0.0043581802122377,<HDF5 object reference>,1247,1221,1220,0.0200966911862571,LSr,0.99,597.6367039559592,71551436,0.6043551088777219,179,164,234,47795,STR
1221,0.0694987156236513,<HDF5 object reference>,1247,1222,1221,0.0332310665645361,LSr,0.99,597.7226370117901,71600604,0.6043551088777218,179,164,234,49168,STR
1222,0.0017975211788579,<HDF5 object reference>,1247,1223,1222,0.0,LSr,0.99,598.5962008574695,71608807,0.6180904522613065,179,164,234,8203,STR
1223,0.0055879709646262,<HDF5 object reference>,1247,1224,1223,0.0,LSr,0.99,598.853266693997,71611463,0.3571189279731993,179,164,234,2656,STR
1224,0.0008175370308521,<HDF5 object reference>,1248,1225,1224,0.0966179853756524,LSr,0.99,599.0064328660465,71652725,0.6455611390284757,179,164,234,41262,STR
1225,0.0127721958444728,<HDF5 object reference>,1248,1226,1225,0.0833914490569451,LSr,0.99,599.3596650586921,71667870,0.5768844221105527,179,164,234,15145,STR
1227,0.003988708989085,<HDF5 object reference>,1247,1228,1227,0.0,LSr,0.98,599.8591301124434,71693147,0.6592964824120603,179,164,234,24944,STR
1228,0.0008621455796436,<HDF5 object reference>,1246,1229,1228,0.0067929433500831,LSr,0.99,602.065956307726,71716878,0.1373534338358458,179,165,235,23731,STR
1229,0.0005253523732673,<HDF5 object reference>,1249,1230,1229,0.0,LSr,0.99,602.089622895419,71740071,0.6455611390284757,179,164,234,23193,STR
1231,0.0322275006604382,<HDF5 object reference>,1251,1232,1231,0.0571351296436204,LSr,0.99,602.337222069199,71797102,0.5219430485762143,179,163,234,11572,STR
1233,0.0007646160355292,<HDF5 object reference>,1252,1234,1233,0.0,LSr,0.99,603.7143174739344,71876241,0.3571189279731993,179,163,233,7027,STR
1234,0.0018984249595679,<HDF5 object reference>,1253,1235,1234,0.0,LSr,0.99,604.5735146068577,71882262,0.5494137353433837,179,162,233,6021,STR
1235,0.0002631177674245,<HDF5 object reference>,1255,1236,1235,0.0248167687601553,LSr,0.99,605.1822792421221,71921524,0.4944723618090452,178,161,233,39262,STR
1236,0.0763979436915906,<HDF5 object reference>,1255,1237,1236,0.1947657080362761,LSr,0.99,606.3181087852771,71974891,0.6455611390284757,178,161,233,53367,STR
1237,0.0297514689910161,<HDF5 object reference>,1256,1238,1237,0.0115746181788828,LSr,0.99,606.4592749808827,72063954,0.6318257956448912,178,161,233,89063,STR
1238,0.0021983870480012,<HDF5 object reference>,1256,1239,1238,0.0,LSr,0.99,606.5259747583106,72072228,0.3845896147403685,178,161,233,8274,STR
1240,1.344331878570206e-05,<HDF5 object reference>,1257,1241,1240,0.0,LSr,0.99,606.981106572903,72292915,0.4532663316582916,178,161,232,220518,STR
1241,0.0024694538846446,<HDF5 object reference>,1257,1242,1241,0.0156653354597848,LSr,0.99,607.1446393605396,72432687,0.5494137353433837,178,161,232,139772,STR
1243,0.0091974364351412,<HDF5 object reference>,1260,1244,1243,0.0520285167538315,STR,0.99,607.2245724271422,72536574,0.3983249581239531,178,160,232,29704,STR
1244,0.0941661861517003,<HDF5 object reference>,1262,1245,1244,0.0562832073133237,SH,0.97,607.428338413857,72583211,0.2197654941373534,178,159,231,46637,STR
1245,0.0035422482125979,<HDF5 object reference>,1262,1246,1245,0.0,SH,0.99,607.8223370991128,72586643,0.2472361809045225,178,159,231,3432,STR
1248,0.0205321405482773,<HDF5 object reference>,1278,1249,1248,0.1599824536232851,STR,0.82,609.0290664056805,72622026,0.2197654941373534,177,153,229,4890,STR
1253,0.007314978174542,<HDF5 object reference>,1311,1254,1253,0.0688496851041912,ccg,0.99,611.6539243133923,72816828,0.5768844221105527,173,140,221,76017,Other
1254,0.0726697859540135,<HDF5 object reference>,1312,1255,1254,0.4916943171744305,ccg,0.99,612.2118224517278,72872147,0.4944723618090452,173,140,221,55319,Other
1256,0.0191823843290849,<HDF5 object reference>,1315,1257,1256,0.0419521999124109,ccg,0.98,613.1992858233028,72935097,0.7279731993299832,173,139,220,43760,Other
1259,0.0535523123056865,<HDF5 object reference>,1317,1260,1259,0.0708415071894434,ccg,0.99,614.3362820292314,73274967,1.0026800670016751,172,138,220,138652,Other
1260,0.0016482199106569,<HDF5 object reference>,1317,1261,1260,0.034401993928869,ccg,0.99,614.5237480703379,73323291,0.6592964824120602,172,138,220,48324,Other
1265,0.0406853644735237,<HDF5 object reference>,1322,1266,1265,0.0,ccg,0.99,615.3546452976958,73544411,0.6318257956448909,172,136,219,2970,Other
1266,0.0310211005219237,<HDF5 object reference>,1323,1267,1266,0.0315442151628095,ccg,0.99,615.536511357489,73559985,0.5494137353433837,172,136,219,15574,Other
1267,0.0880813544809264,<HDF5 object reference>,1323,1268,1267,0.0365639551746745,ccg,0.99,615.6694775804573,73588916,0.7279731993299832,172,136,219,28931,Other
1271,0.0006620112901556,<HDF5 object reference>,1324,1272,1271,0.0,ccg,0.99,617.4006718035914,73688369,0.6318257956448912,172,135,218,3412,Other
1272,0.0370829790164906,<HDF5 object reference>,1324,1273,1272,0.1276563229229227,ccg,0.99,617.4301050387082,73828257,0.6043551088777218,172,135,218,139888,Other
1274,0.0687848992029732,<HDF5 object reference>,1325,1275,1274,0.0,ccg,0.49,617.4562382848369,73837281,0.7005025125628139,172,135,218,550,Other
1275,0.0016342658104153,<HDF5 object reference>,1325,1276,1275,0.0103216465808984,ccg,0.99,618.0928028273352,73884438,0.6455611390284756,172,135,218,47157,Other
1276,0.0677942386807853,<HDF5 object reference>,1326,1277,1276,0.015011274105141,ccg,0.99,618.4427016597489,73981542,1.2499162479061976,171,135,218,97104,Other
1277,0.0191430932590397,<HDF5 object reference>,1325,1278,1277,0.1696789754230609,ccg,0.56,618.8147337516389,73994972,0.7417085427135679,172,135,218,13430,Other
1278,0.0005170379228721,<HDF5 object reference>,1327,1279,1278,0.0001802784719462,ccg,0.99,618.9572332761286,74140643,0.5768844221105527,171,134,218,145671,Other
1281,0.0004587246455832,<HDF5 object reference>,1328,1282,1281,0.0402090851030249,ccg,0.99,619.6083311034637,74212447,0.604355108877722,171,134,217,71677,Other
1283,0.0514641461671135,<HDF5 object reference>,1328,1284,1283,0.0,ccg,0.61,621.1927258164568,74223049,0.7005025125628142,171,134,217,591,Other
1284,0.0090989535605794,<HDF5 object reference>,1329,1285,1284,0.0047033002785036,ccg,0.99,621.3530919479937,74333505,0.7691792294807371,171,133,217,110456,Other
1286,0.0340917171036247,<HDF5 object reference>,1331,1287,1286,0.0541431425297237,ACAv5,0.99,621.8741902091276,74497802,0.8515912897822446,171,133,217,161905,Other
1287,0.0561961174900835,<HDF5 object reference>,1332,1288,1287,0.2359856096952893,ACAv5,0.99,623.785017166174,74518332,0.7417085427135678,171,133,216,20530,Other
1288,0.0729879628754252,<HDF5 object reference>,1333,1289,1288,0.118306719843794,ACAv5,0.99,623.8036171041074,74567578,0.7005025125628142,171,132,216,49246,Other
1289,0.0007597640578168,<HDF5 object reference>,1333,1290,1289,0.0499850630728345,ACAv5,0.98,623.9534166042376,74579950,0.7005025125628142,171,132,216,12372,Other
1290,0.0025366518336332,<HDF5 object reference>,1335,1291,1290,0.269730116578566,ACAv5,0.99,624.0433163042491,74583716,0.7142378559463987,170,132,216,3766,Other
1293,0.0018841261100478,<HDF5 object reference>,1336,1294,1293,0.0137878484113522,ACAv5,0.99,625.6393776449781,74618224,0.7554438860971523,170,131,216,16657,Other
1294,0.0874044674729224,<HDF5 object reference>,1336,1295,1294,0.3534258210184086,ACAv5,0.99,625.6888774798009,74631384,0.6318257956448912,170,131,216,13160,Other
1295,0.0074986656237921,<HDF5 object reference>,1339,1296,1295,0.2607368388890346,ACAv5,0.99,626.4005417716969,74636801,0.6455611390284757,170,130,215,5417,Other
1297,0.0002221070279204,<HDF5 object reference>,1340,1298,1297,0.0015565821677365,ACAv5,0.99,626.6289076763236,74804565,0.7691792294807371,170,130,215,131162,Other
1299,0.02741855631596,<HDF5 object reference>,1340,1300,1299,0.2398537122859756,ACAv5,0.99,627.8330703247894,75085422,0.6455611390284757,170,130,215,47924,Other
1302,0.0005406768828576,<HDF5 object reference>,1344,1303,1302,0.0219373444118649,ACAv5,0.99,628.1479026075509,75255678,0.6867671691792293,169,128,214,45745,Other
1306,2.325182995043952e-05,<HDF5 object reference>,1344,1307,1306,0.0045626503296817,ACAv5,0.99,628.7056340797759,75402283,0.5768844221105527,169,128,214,76610,Other
1310,0.0073367887558105,<HDF5 object reference>,1348,1311,1310,0.1897728024665218,ACAv5,0.99,629.7748971783915,75516773,0.6455611390284757,169,127,213,25792,Other
1311,0.0168711029870467,<HDF5 object reference>,1349,1312,1311,0.219693976354637,ACAv5,0.99,630.3144620445704,75585086,0.7005025125628142,169,127,213,68313,Other
1313,0.0003832269941537,<HDF5 object reference>,1352,1314,1313,0.0056588900818364,ACAv5,0.99,630.6881607975656,75745743,0.6455611390284757,169,125,212,160277,Other
1315,0.0046577608370906,<HDF5 object reference>,1355,1316,1315,0.0741414573484292,ACAv5,0.99,631.5202913541414,75887340,0.6592964824120603,168,124,212,84688,Other
1317,0.0922172515766308,<HDF5 object reference>,1356,1318,1317,0.2444117442859325,ACAv5,0.99,632.9945530938221,76018906,0.6318257956448912,168,124,212,61290,Other
1319,0.0058935756639318,<HDF5 object reference>,1359,1320,1319,0.0453191078804657,ACAv5,0.99,634.7950468919046,76145974,0.6592964824120603,168,123,211,49477,Other
1320,0.0116814045585396,<HDF5 object reference>,1359,1321,1320,0.0650436683556706,ACAv5,0.99,634.8489800394617,76217094,0.934003350083752,168,123,211,71120,Other
1328,0.0124476985703048,<HDF5 object reference>,1364,1329,1328,0.0772780633456172,ACAv5,0.99,636.6118073006223,76620793,0.5082077051926298,167,121,210,89275,Other
1330,0.0265697612914348,<HDF5 object reference>,1368,1331,1330,0.2370753541465052,ACAv5,0.99,636.9863393438558,76734356,0.5768844221105527,167,119,209,8034,Other
1332,0.0331076480726925,<HDF5 object reference>,1369,1333,1332,0.0588450881306533,ACAv5,0.99,637.7987032122825,76858428,0.6730318257956449,167,119,209,64503,Other
1333,0.0002291233341798,<HDF5 object reference>,1371,1334,1333,0.0,ACAv5,0.99,637.8949028809164,76913032,0.6592964824120603,167,118,208,54604,Other
1334,0.0017477767696878,<HDF5 object reference>,1371,1335,1334,0.002831135806706,ACAv5,0.99,638.0066358293784,77003073,0.8378559463986601,167,118,208,90041,Other
1336,0.0132223157072627,<HDF5 object reference>,1375,1337,1336,0.1102286155050925,ACAv5,0.99,639.0228323290237,77108956,0.6867671691792295,166,117,208,42888,Other
1341,0.0724993188868185,<HDF5 object reference>,1383,1342,1341,0.0543905218501274,ACAv5,0.99,640.7396597486337,77567781,0.5356783919597988,165,114,206,94883,Other
1342,0.0577601618118913,<HDF5 object reference>,1386,1343,1342,0.0477103954759588,ACAv5,0.99,640.9392257278824,77740720,0.604355108877722,165,113,205,172939,Other
1345,0.0078750003133078,<HDF5 object reference>,1388,1346,1345,0.0271985214625547,ACAv5,0.99,641.2769578978755,77915209,0.6867671691792293,165,112,205,105411,Other
1348,0.0101207059552101,<HDF5 object reference>,1394,1349,1348,0.1974484267089578,ACAv5,0.99,641.5105570932279,77994855,0.7279731993299832,164,110,204,51708,Other
1349,0.0366542774509193,<HDF5 object reference>,1395,1350,1349,0.1039131479218999,ACAv5,0.99,641.6117567446391,78006990,0.7554438860971523,164,109,203,12135,Other
1353,0.087400772917887,<HDF5 object reference>,1400,1354,1353,0.132168761709102,ACAv5,0.99,643.1218515430197,78310063,0.7142378559463987,164,108,202,24060,Other
1359,0.0106955472185189,<HDF5 object reference>,1403,1360,1359,0.0165278271606597,ACAv5,0.99,644.4616135947892,78701175,0.7142378559463987,163,106,202,37266,Other
1360,0.0082391171595639,<HDF5 object reference>,1403,1361,1360,0.2160414127895924,ACAv5,0.99,645.0830447875626,78727454,0.6592964824120603,163,106,202,26279,Other
1361,0.0052094719257417,<HDF5 object reference>,1403,1362,1361,0.0798115905706845,ACAv5,0.98,645.1330446153349,78737245,0.7005025125628142,163,106,202,9791,Other
1363,0.0029563374402394,<HDF5 object reference>,1404,1364,1363,0.061237653414916,ACAv5,0.99,645.8378088543955,78771475,0.6730318257956448,163,106,202,24994,Other
1364,0.0547030926128677,<HDF5 object reference>,1404,1365,1364,0.0747667128126145,ACAv5,0.99,646.0440414773473,78848847,0.6730318257956448,163,106,202,77372,Other
1365,0.0652369130973026,<HDF5 object reference>,1408,1366,1365,0.1668445569563459,ACAv6a,0.99,646.225807517909,78904483,0.7829145728643216,164,105,201,55636,Other
1366,0.0305300896926434,<HDF5 object reference>,1406,1367,1366,0.021045689670287,ACAv5,0.99,646.9333717473248,78927835,0.7279731993299832,163,105,201,23352,Other
1367,0.0253780920717507,<HDF5 object reference>,1407,1368,1367,0.0,ACAv5,0.99,647.0092381526647,78942227,0.7279731993299832,163,105,201,14392,Other
1368,0.0009685018483154,<HDF5 object reference>,1408,1369,1368,0.0215316008479691,ACAv6a,0.99,647.2967038291373,78965314,0.7966499162479062,164,105,201,23087,Other
1369,0.0213549109277458,<HDF5 object reference>,1408,1370,1369,0.0975802353367144,ACAv6a,0.99,647.6275693561162,79011749,0.6180904522613065,164,105,201,46435,Other
1371,0.0482558683207643,<HDF5 object reference>,1409,1372,1371,0.0911892080045755,ACAv6a,0.99,648.9658980794895,79058241,0.6867671691792294,163,104,201,39398,Other
1372,0.0115335813478205,<HDF5 object reference>,1410,1373,1372,0.0629924218266619,ACAv6a,0.99,649.7696286443208,79128809,0.7966499162479062,163,104,200,70568,Other
1373,0.0143208491975167,<HDF5 object reference>,1410,1374,1373,0.0097246242017297,ACAv6a,0.98,650.8208916898438,79217509,0.8103852596314908,163,104,200,88700,Other
1374,0.0132642646145744,<HDF5 object reference>,1410,1375,1374,0.4087087582300008,ACAv6a,0.72,651.5882890464939,79225003,0.8378559463986601,163,104,200,7494,Other
1377,0.0027961009915679,<HDF5 object reference>,1411,1378,1377,0.0420800861726013,ACAv6a,0.99,652.3786529907007,79506839,0.6318257956448912,163,103,200,31623,Other
1379,0.0456071221674921,<HDF5 object reference>,1414,1380,1379,0.0079399617129482,ACAd6a,0.99,653.3442496646404,79654288,0.8378559463986601,162,102,200,140549,Other
1380,0.0051508972194123,<HDF5 object reference>,1414,1381,1380,0.0655738621511411,ACAd6a,0.99,653.4019494658897,79661926,0.7554438860971523,162,102,200,7638,Other
1381,0.0042054473730734,<HDF5 object reference>,1414,1382,1381,0.0192062470450583,ACAd6a,0.99,654.3784127690653,79681885,0.6592964824120603,162,102,200,19959,Other
1384,0.0003234189289051,<HDF5 object reference>,1416,1385,1384,0.0189666685511058,ACAd6a,0.99,655.3011762572133,79745058,0.5768844221105527,162,102,199,14202,Other
1385,0.0004390914991196,<HDF5 object reference>,1416,1386,1385,0.0195053997649521,ACAd6a,0.99,655.675208302169,79801076,0.7142378559463987,162,102,199,56018,Other
1388,0.0030212947937853,<HDF5 object reference>,1419,1389,1388,0.1183608211828097,ACAd6a,0.99,656.2058064744892,79854393,0.7142378559463987,162,100,199,8040,Other
1390,0.084853135531691,<HDF5 object reference>,1419,1391,1390,0.1586416641263691,ACAd6a,0.99,657.0574702075451,79889707,0.6592964824120603,162,100,199,20834,Other
1393,0.0005508969520792,<HDF5 object reference>,1423,1394,1393,0.0,ACAd6a,0.99,657.2309696099151,80099523,0.7142378559463985,161,99,198,15889,Other
1394,0.0016142660141853,<HDF5 object reference>,1423,1395,1394,0.1739220622007435,ACAd6a,0.99,657.2801694404432,80151537,0.6043551088777218,161,99,198,52014,Other
1396,3.354712496902903e-05,<HDF5 object reference>,1425,1397,1396,0.3214406567458871,ACAd6a,0.98,657.8058009632045,80190592,0.6455611390284756,161,98,198,7714,Other
1399,0.0014405475905741,<HDF5 object reference>,1426,1400,1399,0.0,ACAd6a,0.98,659.8842604704828,80198060,0.7279731993299832,161,98,197,5919,Other
1402,0.0037527841326541,<HDF5 object reference>,1428,1403,1402,0.0077580063321554,ACAd6a,0.99,660.5252582625244,80318080,0.7279731993299832,161,97,197,94212,Other
1404,0.0001351289111393,<HDF5 object reference>,1429,1405,1404,0.0135221709132468,ACAd6a,0.99,661.2951556105631,80371804,0.4257956448911221,161,97,197,53189,Other
1405,0.0003851804484564,<HDF5 object reference>,1429,1406,1405,0.0196016953295665,ACAd6a,0.99,661.5590547015456,80403042,0.7554438860971523,161,97,197,31238,Other
1407,0.0025031878310286,<HDF5 object reference>,1431,1408,1407,0.0299865510078344,ACAd6a,0.99,662.1028861616162,80450662,0.604355108877722,161,96,196,46570,Other
1409,0.0137174037478074,<HDF5 object reference>,1431,1410,1409,0.1151354135248872,ACAd6a,0.99,662.5759178655612,80557001,0.5906197654941373,161,96,196,45020,Other
1410,0.0002576097078029,<HDF5 object reference>,1432,1411,1410,0.0599925909713603,ACAd6a,0.99,662.8742501712696,80706394,0.5494137353433837,161,96,196,149393,Other
1413,0.0088054329916111,<HDF5 object reference>,1432,1414,1413,0.0217669204764737,ACAd6a,0.99,663.1808157819512,80912944,0.5631490787269682,161,96,196,117083,Other
1416,0.0013505960898557,<HDF5 object reference>,1434,1417,1416,0.0815139767096237,ACAd6a,0.99,663.8408135085463,80955156,0.5356783919597988,160,95,196,18125,Other
1417,0.012006827950784,<HDF5 object reference>,1437,1418,1417,0.0,ACAd6a,0.99,664.0011796581819,80959385,0.5631490787269681,160,94,195,4229,Other
1419,0.0018095376677221,<HDF5 object reference>,1435,1420,1419,0.008073335746619,ACAd6a,0.99,664.3759451549672,81020903,0.5494137353433837,160,94,195,43536,Other
1422,0.0002166743698145,<HDF5 object reference>,1436,1423,1422,0.0,ACAd6a,0.99,665.0980762340703,81091590,0.5906197654941373,160,94,195,15040,Other
1425,2.444804175825195e-05,<HDF5 object reference>,1440,1426,1425,0.2731481942123414,ACAd6a,0.97,665.8622405152943,81228917,0.5631490787269681,160,93,194,10585,Other
1427,0.0010026312017525,<HDF5 object reference>,1439,1428,1427,0.0,ACAd6a,0.98,666.1075397495595,81283121,0.6318257956448912,160,93,195,14090,Other
1428,0.0227647239162357,<HDF5 object reference>,1439,1429,1428,0.0313712312040337,ACAd6a,0.99,666.3691389329421,81518672,0.7554438860971523,160,93,195,235551,Other
1430,0.0007444858073851,<HDF5 object reference>,1439,1431,1430,0.1583315263212282,ACAd6a,0.99,666.4732052747515,81532347,0.6043551088777218,160,93,195,13005,Other
1431,0.0222331247896146,<HDF5 object reference>,1439,1432,1431,0.3382051168656633,ACAd6a,0.99,666.9233372029369,81581776,0.5906197654941373,160,93,195,49429,Other
1433,0.0002912509786428,<HDF5 object reference>,1440,1434,1433,0.0556442836616657,ACAd6a,0.99,667.407835690509,81928947,0.5494137353433837,160,93,194,209767,Other
1434,0.0007107181774177,<HDF5 object reference>,1440,1435,1434,0.0051855263576685,ACAd6a,0.99,667.6746681908885,82094162,0.6730318257956448,160,93,194,165215,Other
1435,0.0121688990022521,<HDF5 object reference>,1441,1436,1435,0.0,ACAd6a,0.45,667.9806339024416,82094443,0.6318257956448909,160,92,194,281,Other
1437,0.0007289648507354,<HDF5 object reference>,1441,1438,1437,0.0,ACAd6a,0.5,669.1039970623776,82094830,0.6730318257956448,160,92,194,355,Other
1438,0.0276069203887585,<HDF5 object reference>,1442,1439,1438,0.0273717168514002,ACAd6a,0.99,669.184063479106,82236695,0.4807370184254607,160,92,194,141865,Other
1439,9.874419206997664e-05,<HDF5 object reference>,1443,1440,1439,0.0032438054829572,ACAd6a,0.99,669.5109291254172,82296176,0.604355108877722,159,91,194,59481,Other
1440,0.002045893820009,<HDF5 object reference>,1443,1441,1440,0.0571970920833584,ACAd6a,0.9,669.6315287489491,82339451,0.7554438860971525,159,91,194,43275,Other
1442,0.0002480960996507,<HDF5 object reference>,1444,1443,1442,0.0498059112696243,ACAd6a,0.99,669.9672277010192,82359419,0.5082077051926298,159,91,194,19597,Other
1444,0.0020104206782978,<HDF5 object reference>,1443,1445,1444,0.2325381316697738,ACAd6a,0.98,670.1595937671891,82689231,0.4944723618090453,159,91,194,4056,Other
1447,0.0192259496155129,<HDF5 object reference>,1447,1448,1447,0.0,ACAd6a,0.8,672.0801211053355,82721055,0.5082077051926297,159,90,193,1548,Other
1448,0.051230354016357,<HDF5 object reference>,1446,1449,1448,0.0135673314356004,ACAd6a,0.99,672.6117527791083,82934780,1.2911222780569511,159,90,193,213725,Other
1450,0.052568651679231,<HDF5 object reference>,1448,1451,1450,0.0355736324127329,MOs6a,0.99,672.8209187928348,83236209,0.6318257956448912,159,90,193,229785,Motor
1453,0.0238189725493354,<HDF5 object reference>,1451,1454,1453,0.0361935789940069,MOs6a,0.99,673.4403168592996,83353772,0.5768844221105527,159,89,192,106346,Motor
1454,0.0075594943060936,<HDF5 object reference>,1452,1455,1454,0.0542028254658776,MOs6a,0.99,674.4615136714951,83427491,0.5768844221105527,159,88,192,73719,Motor
1455,0.0087709555807261,<HDF5 object reference>,1454,1456,1455,0.2989895600129115,MOs6a,0.99,674.7645460588717,83453285,0.6180904522613064,158,88,192,25794,Motor
1456,0.0046146821051427,<HDF5 object reference>,1452,1457,1456,0.2048110461870004,MOs6a,0.99,675.2105446666264,83459397,0.5768844221105527,159,88,192,6112,Motor
1457,0.0800155103612531,<HDF5 object reference>,1452,1458,1457,0.2958205793691361,MOs6a,0.99,675.7674095949636,83504742,0.5631490787269682,159,88,192,45345,Motor
1460,0.0005377632360216,<HDF5 object reference>,1454,1461,1460,0.0167992748474534,MOs6a,0.99,676.9168726734251,83680761,0.5219430485762143,158,88,192,21341,Motor
1464,0.0067377883891956,<HDF5 object reference>,1455,1465,1464,0.0,MOs6a,0.98,677.323004738962,83844736,0.6867671691792295,158,87,191,3956,Motor
1466,0.0022180300914305,<HDF5 object reference>,1456,1467,1466,0.0259004390357898,MOs6a,0.99,677.6300704470814,83886915,0.5082077051926298,158,87,191,42100,Motor
1467,0.0056282382730648,<HDF5 object reference>,1456,1468,1467,0.0328815728270063,MOs6a,0.99,677.8329364804742,83978441,0.7417085427135678,158,87,191,91526,Motor
1468,0.0003442205649108,<HDF5 object reference>,1456,1469,1468,0.0066111855911256,MOs6a,0.99,678.0483024748467,84002496,0.5356783919597988,158,87,191,24055,Motor
1469,0.0004970126399822,<HDF5 object reference>,1456,1470,1469,0.0139479120089471,MOs6a,0.99,678.3920347351731,84025917,0.5768844221105527,158,87,191,23421,Motor
1471,0.0039856482306179,<HDF5 object reference>,1456,1472,1471,0.0988781319762827,MOs6a,0.99,679.0652326336943,84598810,0.5768844221105527,158,87,191,17593,Motor
1474,0.0014309457011463,<HDF5 object reference>,1459,1475,1474,0.0,MOs6a,0.99,679.6138642543996,84633724,0.6180904522613065,158,86,191,13103,Motor
1475,0.0375405596341211,<HDF5 object reference>,1459,1476,1475,0.2023536304949899,MOs6a,0.99,679.8244969302144,84759816,0.7142378559463987,158,86,191,126092,Motor
1478,0.0003286466692323,<HDF5 object reference>,1460,1479,1478,0.0135683924799197,MOs6a,0.99,681.1113929129938,85045482,0.6455611390284757,158,85,190,91970,Motor
1479,0.000854575104939,<HDF5 object reference>,1460,1480,1479,0.0218689683885261,MOs6a,0.99,683.668518263913,85121460,0.6043551088777218,158,85,190,75978,Motor
1481,0.0842285938511144,<HDF5 object reference>,1460,1482,1481,0.2972675741114387,MOs6a,0.99,686.0169775995448,85179803,0.7279731993299832,158,85,190,20293,Motor
1482,0.0004535226566424,<HDF5 object reference>,1463,1483,1482,0.0079904001044706,MOs6a,0.99,687.4789397024982,85261673,0.6592964824120603,157,84,190,81870,Motor
1483,0.0001749408625951,<HDF5 object reference>,1462,1484,1483,0.0,MOs6a,0.97,687.5533394702493,85290326,0.4944723618090452,157,85,190,28653,Motor
1485,0.0522377336724078,<HDF5 object reference>,1463,1486,1485,0.0283624194212873,MOs6a,0.99,688.3434370038525,85532506,0.5494137353433837,157,84,190,72528,Motor
1486,0.0022814987020518,<HDF5 object reference>,1463,1487,1486,0.0,MOs6a,0.99,688.3761702350046,85682450,0.7279731993299832,157,84,190,149944,Motor
1487,0.0223291969209378,<HDF5 object reference>,1463,1488,1487,0.0,MOs6a,0.99,688.771602333943,85688099,0.6318257956448912,157,84,190,5649,Motor
1489,0.0002347399167347,<HDF5 object reference>,1464,1490,1489,0.0024486129185595,MOs6a,0.99,690.7154295993554,85785028,0.6318257956448912,157,84,189,96819,Motor
1490,0.021568900603062,<HDF5 object reference>,1464,1491,1490,0.1436636255409994,MOs6a,0.99,692.2819580425574,85838655,0.7005025125628142,157,84,189,53627,Motor
1493,0.0001888527659445,<HDF5 object reference>,1467,1494,1493,0.0003761824730628,MOs5,0.99,692.8384229721432,85990499,0.5219430485762143,158,83,189,100843,Motor
1495,0.0004750864122909,<HDF5 object reference>,1468,1496,1495,0.0262836095483958,MOs5,0.99,693.7894866699354,86012525,0.6318257956448912,157,82,189,20896,Motor
1496,0.0005085424148851,<HDF5 object reference>,1468,1497,1496,0.0067614344880923,MOs5,0.99,693.8461198264806,86091415,0.6180904522613065,157,82,189,78890,Motor
1499,0.0002988357948485,<HDF5 object reference>,1469,1500,1499,0.0,MOs5,0.99,694.1823854434485,86215863,0.8378559463986601,157,82,189,58257,Motor
1500,0.0001023771228726,<HDF5 object reference>,1470,1501,1500,0.0,MOs5,0.99,694.2262519731798,86262232,0.6318257956448912,157,82,189,46369,Motor
1501,0.0404500329997879,<HDF5 object reference>,1471,1502,1501,0.0,MOs5,0.74,694.8059834968025,86262768,0.7142378559463985,157,81,188,536,Motor
1504,0.0006338247810219,<HDF5 object reference>,1472,1505,1504,0.0279294894132539,MOs5,0.99,696.413877138024,86378855,0.6730318257956449,157,81,188,54895,Motor
1506,0.0004480882853167,<HDF5 object reference>,1473,1507,1506,0.0,MOs5,0.99,697.0574412415218,86430733,0.7417085427135678,157,80,188,30915,Motor
1507,0.000551707649013,<HDF5 object reference>,1474,1508,1507,0.0,MOs5,0.96,697.1019410642892,86469354,0.7966499162479062,157,80,188,38621,Motor
1508,0.0028660324912256,<HDF5 object reference>,1474,1509,1508,0.0129870029812821,MOs5,0.99,697.4263397722832,86493626,0.7829145728643216,157,80,188,24272,Motor
1509,0.0003878485914994,<HDF5 object reference>,1475,1510,1509,0.0,MOs5,0.99,697.4557396551902,86602744,0.7005025125628142,157,80,188,109118,Motor
1510,0.0146534342809114,<HDF5 object reference>,1476,1511,1510,0.0688138956768869,MOs5,0.99,697.8293048340321,86626322,0.6592964824120603,157,79,187,23578,Motor
1512,0.0657661348599226,<HDF5 object reference>,1479,1513,1512,0.0,MOs5,0.93,699.5797645290176,86629777,0.8103852596314908,156,78,187,760,Motor
1516,0.0325552101347129,<HDF5 object reference>,1481,1517,1516,0.0,MOs5,0.97,701.8972552989811,86707216,0.5494137353433837,156,77,186,1761,Motor
1519,0.0617067026339936,<HDF5 object reference>,1182,1520,1519,0.1797458527032076,LSv,0.99,702.711485389422,86778211,0.5356783919597988,187,189,248,26097,STR
1520,0.0313725445577986,<HDF5 object reference>,1184,1521,1520,0.1489902291163769,LSv,0.99,702.7475852456445,86790623,0.6455611390284757,186,187,247,12412,STR
1521,0.0237902185081487,<HDF5 object reference>,1186,1522,1521,0.1090864013708572,LSr,0.99,703.1699835633285,86811137,0.4944723618090452,185,187,247,20514,STR
1523,0.0203419658070803,<HDF5 object reference>,1191,1524,1523,0.057489387292843,LSr,0.99,703.3214496267404,86838879,0.4670016750418761,185,185,246,27056,STR
1525,0.0009852400955286,<HDF5 object reference>,1191,1526,1525,0.0192671781182555,LSr,0.99,704.5842112641159,86866365,0.535678391959799,185,185,246,24406,STR
1526,0.0049601683622852,<HDF5 object reference>,1190,1527,1526,0.0074312070385692,LSr,0.99,705.262875227819,86889054,0.5494137353433834,185,185,246,22689,STR
1527,0.03044497588719,<HDF5 object reference>,1195,1528,1527,0.1002345097707057,LSr,0.99,705.2779751676794,86936103,0.5906197654941374,184,183,245,47049,STR
1529,0.0032474385637445,<HDF5 object reference>,1196,1530,1529,0.0183766254597047,LSr,0.99,705.3700081344664,87009631,0.5219430485762143,184,183,245,72141,STR
1531,0.0009722736946229,<HDF5 object reference>,1200,1532,1531,0.0,LSr,0.87,705.6064071929429,87033592,0.5082077051926297,184,182,244,23676,STR
1535,0.047939137766025,<HDF5 object reference>,1208,1536,1535,0.055120716031169,LSr,0.99,708.0572307652058,87158675,0.4670016750418761,183,179,242,42479,STR
1539,0.043891200012794,<HDF5 object reference>,1212,1540,1539,0.0203018567832156,LSr,0.99,709.8053238029505,87385750,0.5906197654941373,183,177,242,110671,STR
1540,0.037888974987488,<HDF5 object reference>,1216,1541,1540,0.0031261744941404,LSr,0.99,710.4252546672408,87455713,0.4532663316582914,182,176,241,69963,STR
1541,0.0171308238298433,<HDF5 object reference>,1217,1542,1541,0.0683559137928439,LSr,0.99,710.9721858222722,87541009,0.5631490787269682,182,175,241,85296,STR
1544,0.016694050255731,<HDF5 object reference>,1224,1545,1544,0.3168125988947065,LSr,0.99,712.2493140690955,87566051,0.6043551088777218,182,173,239,23568,STR
1546,0.0259044511971193,<HDF5 object reference>,1223,1547,1546,0.0205994894553852,LSr,0.99,712.8214117905609,87609674,0.6180904522613065,182,173,239,43094,STR
1549,0.0033809496863668,<HDF5 object reference>,1227,1550,1549,0.0447973300939343,LSr,0.99,713.7807079699032,87626987,0.5494137353433837,181,172,239,9241,STR
1550,0.0008301876986713,<HDF5 object reference>,1227,1551,1550,0.0091511012082075,LSr,0.99,714.7807373203481,87647433,0.4944723618090452,181,172,239,20446,STR
1553,0.0150504494058533,<HDF5 object reference>,1228,1554,1553,0.0602580672256675,LSr,0.99,716.5630302218825,87667325,0.5082077051926298,181,171,238,19518,STR
1556,0.0589792261005941,<HDF5 object reference>,1231,1557,1556,0.0,LSr,0.93,716.9350287402974,87668117,0.6318257956448912,181,170,238,419,STR
1557,0.0040002202882123,<HDF5 object reference>,1234,1558,1557,0.0,LSr,0.99,717.2067609913832,87670615,0.5631490787269681,181,169,237,2498,STR
1558,0.0051650554806491,<HDF5 object reference>,1234,1559,1558,0.0,LSr,0.99,717.312460570406,87674083,0.7142378559463987,181,169,237,3468,STR
1559,0.0807356157974323,<HDF5 object reference>,1233,1560,1559,0.2789810408666832,LSr,0.99,717.7535921468129,87689351,0.6730318257956449,181,170,237,15268,STR
1560,0.0002942680664245,<HDF5 object reference>,1235,1561,1560,0.0716576055968644,LSr,0.99,717.9370247495762,87705689,0.5906197654941373,180,169,237,16338,STR
1562,0.0091705565069979,<HDF5 object reference>,1235,1563,1562,0.2550431968733409,LSr,0.94,718.4814892477651,87728246,0.6043551088777219,180,169,237,13964,STR
1563,0.0437108927286855,<HDF5 object reference>,1235,1564,1563,0.2270105988965085,LSr,0.92,718.5825888451085,87752532,0.5219430485762145,180,169,237,24286,STR
1564,0.0090588349800336,<HDF5 object reference>,1234,1565,1564,0.0203200659435696,LSr,0.99,718.8880542951761,87812340,0.4395309882747069,181,169,237,59808,STR
1566,0.0294506799339712,<HDF5 object reference>,1236,1567,1566,0.0294567465293394,LSr,0.99,720.7912133819947,87920746,0.6592964824120603,180,168,237,108112,STR
1568,0.002646404109552,<HDF5 object reference>,1240,1569,1568,0.0,LSr,0.99,723.0455044036685,87994640,0.535678391959799,180,167,236,8967,STR
1569,0.0323331725689204,<HDF5 object reference>,1245,1570,1569,0.0096427264178949,LSr,0.99,723.3947030128901,88047338,0.5906197654941374,179,165,235,52698,STR
1571,0.011822941396482,<HDF5 object reference>,1248,1572,1571,0.0,LSr,0.73,723.4120029439885,88059425,0.2197654941373534,179,164,234,4176,STR
1572,0.0089389867895752,<HDF5 object reference>,1251,1573,1572,0.0568483909813343,LSr,0.99,723.7704015165688,88092238,0.5356783919597988,179,163,234,32813,STR
1573,0.0116672559184641,<HDF5 object reference>,1250,1574,1573,0.0911463941632381,LSr,0.99,724.7806974927906,88101400,0.535678391959799,179,163,234,9162,STR
1575,0.0033581472179729,<HDF5 object reference>,1321,1576,1575,0.1523495816402221,ccg,0.99,725.1183961478141,88145381,0.7005025125628142,172,137,219,10022,Other
1576,0.012844170162878,<HDF5 object reference>,1325,1577,1576,0.0043301684210561,ccg,0.99,725.2176290859253,88175104,0.6867671691792294,172,135,218,29723,Other
1577,0.0001261123401613,<HDF5 object reference>,1323,1578,1577,0.0,ccg,0.92,725.3087287230962,88177156,0.5631490787269682,172,136,219,2052,Other
1578,0.0003069780806774,<HDF5 object reference>,1324,1579,1578,0.0,ccg,0.97,725.4013950206942,88177999,0.604355108877722,172,135,218,843,Other
1579,0.0159658450322227,<HDF5 object reference>,1324,1580,1579,0.0,ccg,0.9,725.6598939911519,88178882,0.6730318257956448,172,135,218,883,Other
1581,0.0818783634068638,<HDF5 object reference>,1328,1582,1581,0.2866354077822681,ccg,0.99,727.0396892802191,88220601,0.604355108877722,171,134,217,28298,Other
1582,0.0054217367627009,<HDF5 object reference>,1329,1583,1582,0.0,ccg,0.69,727.7021537362986,88221615,0.7966499162479062,171,133,217,1014,Other
1583,0.014880575425342,<HDF5 object reference>,1329,1584,1583,0.2761139226706317,ccg,0.99,727.9254863243901,88226879,0.6867671691792293,171,133,217,5264,Other
1586,0.0002361154397911,<HDF5 object reference>,1350,1587,1586,0.0,ACAv5,0.34,730.363978187351,88244993,0.6043551088777219,169,126,213,1096,Other
1587,0.0661937902960507,<HDF5 object reference>,1350,1588,1587,0.0,ACAv5,0.5,730.4456112482818,88246033,0.7005025125628139,169,126,213,1040,Other
1588,1.2536698091807673e-05,<HDF5 object reference>,1355,1589,1588,0.0,ACAv5,0.99,730.5385776047276,88266675,0.7142378559463987,168,124,212,20642,Other
1590,0.014167933389986,<HDF5 object reference>,1364,1591,1590,0.0,ACAv5,0.48,730.947209574491,88277059,0.6592964824120603,167,121,210,373,Other
1591,0.0046174415016433,<HDF5 object reference>,1365,1592,1591,0.0962054988709252,ACAv5,0.99,732.0692391637074,88315931,0.8103852596314908,167,121,210,38872,Other
1592,0.0558078793981556,<HDF5 object reference>,1387,1593,1592,0.197688837467264,ACAv5,0.99,732.193438749264,88324729,0.7417085427135678,165,112,205,8798,Other
1593,0.0191952483294996,<HDF5 object reference>,1395,1594,1593,0.1240831862785881,ACAv5,0.99,733.2912350860114,88335834,0.6592964824120603,164,109,203,11105,Other
1594,8.88371170652566e-05,<HDF5 object reference>,1403,1595,1594,0.0,ACAv5,0.91,733.6655338370084,88338747,0.6180904522613065,163,106,202,2913,Other
1595,0.0027199535976185,<HDF5 object reference>,1404,1596,1595,0.1001643371268984,ACAv5,0.99,734.010299353222,88344927,0.6455611390284756,163,106,202,6180,Other
1596,0.0025639802180566,<HDF5 object reference>,1408,1597,1596,0.0776789555084069,ACAv6a,0.99,734.0350992704668,88391477,0.6318257956448912,164,105,201,46550,Other
1599,0.0097778023563265,<HDF5 object reference>,1427,1600,1599,0.0,ACAd6a,0.93,734.9930960737133,88412838,0.6180904522613065,161,97,197,3702,Other
1600,0.0015876228344238,<HDF5 object reference>,1426,1601,1600,0.0,ACAd6a,0.33,735.2289286200936,88413001,0.7417085427135679,161,98,197,163,Other
1603,0.0019599107156445,<HDF5 object reference>,1445,1604,1603,0.1085681123494883,ACAd6a,0.99,736.233091935953,88428592,0.5768844221105528,159,91,193,11872,Other
1605,0.003697280230344,<HDF5 object reference>,1452,1606,1605,0.2781592487605984,MOs6a,0.99,737.5039210286382,88436075,0.5356783919597988,159,88,192,7417,Motor
1607,0.0169148664663159,<HDF5 object reference>,1464,1608,1607,0.2992314387731503,MOs6a,0.99,737.8573531825986,88451083,0.6180904522613065,157,84,189,13848,Motor
1608,0.0009072672234444,<HDF5 object reference>,1463,1609,1608,0.0038406903938831,MOs6a,0.99,738.4722511307366,88605696,0.6318257956448909,157,84,190,154613,Motor
1609,0.0359932034971504,<HDF5 object reference>,1463,1610,1609,0.1779163579185208,MOs6a,0.99,738.5046510226209,88610333,0.7005025125628139,157,84,190,4637,Motor
1610,0.0045160045785504,<HDF5 object reference>,1467,1611,1610,0.1251649116874908,MOs5,0.99,739.3253149508022,88622695,0.7554438860971523,158,83,189,12362,Motor
1611,0.0078998266834333,<HDF5 object reference>,1471,1612,1611,0.0016571335859104,MOs5,0.99,739.4992143705147,88670742,0.7554438860971524,157,81,188,48047,Motor
1614,0.0226661127061149,<HDF5 object reference>,1472,1615,1614,0.1553140815022303,MOs5,0.99,740.5644774824893,88700025,0.6592964824120603,157,81,188,21056,Motor
1615,0.0175736279768872,<HDF5 object reference>,1472,1616,1615,0.0719907385039133,MOs5,0.99,740.9630428191775,88730081,0.8378559463986601,157,81,188,30056,Motor
1616,0.0024426518816611,<HDF5 object reference>,1476,1617,1616,0.098630212474391,MOs5,0.99,741.3189749647956,88751655,0.8241206030150753,157,79,187,21574,Motor
1619,0.086484023810466,<HDF5 object reference>,1479,1620,1619,0.0452137710357523,MOs5,0.99,741.5686407983487,88790296,0.7279731993299832,156,78,187,15932,Motor
1620,0.0007547032328013,<HDF5 object reference>,1191,1621,1620,0.0132720931274068,LSr,0.99,741.6676404679953,88819702,0.4944723618090452,185,185,246,29406,STR
1621,0.0319138203413864,<HDF5 object reference>,1198,1622,1621,0.0628014494266911,LSr,0.99,741.9504061910969,88837154,0.5494137353433837,184,182,244,17452,STR
1628,0.0116073867111197,<HDF5 object reference>,1412,1629,1628,0.0,ACAd6a,0.99,743.3888680577392,88925591,0.6867671691792295,163,103,200,949,Other
1629,0.0016275630315162,<HDF5 object reference>,1449,1630,1629,0.0,MOs6a,0.31,744.0344325702122,88925750,0.6318257956448912,159,90,193,159,Motor
1632,0.0172426637115717,<HDF5 object reference>,1250,1633,1632,0.0,LSr,0.99,745.3205949450648,88941810,0.5768844221105526,179,163,234,8643,STR
1634,0.000305934361474,<HDF5 object reference>,1195,1635,1634,0.0038851897055038,LSr,0.99,746.0151592940297,89005023,0.5631490787269682,184,183,245,54350,STR
1635,0.0016015847184124,<HDF5 object reference>,1321,1636,1635,0.0,ccg,0.43,748.4533844912137,89005185,0.7142378559463987,172,137,219,162,Other
1636,0.0001393551545563,<HDF5 object reference>,1323,1637,1636,0.0,ccg,0.9,749.8688464346047,89007042,0.7005025125628142,172,136,219,1857,Other
1637,0.0049388155173707,<HDF5 object reference>,1327,1638,1637,0.0,ccg,0.87,750.8196099286548,89010371,0.6730318257956448,171,134,218,3329,Other
1640,0.0002698390493173,<HDF5 object reference>,1463,1641,1640,0.008575132131345,MOs6a,0.99,751.0490424963913,89118096,0.6592964824120604,157,84,190,73167,Motor
