,unit_id,brain_area,location,n_bursts,burst_rate,total_spikes_in_bursts,mean_burst_size,total_spikes,burst_fraction,rest_duration,bin
0,0,Other,AMd,2,0.011913981056770048,6,3.0,1546,0.0038809831824062097,167.87000000000103,baseline_0-5
1,1,Other,AMd,3,0.01787097158515507,13,4.333333333333333,1024,0.0126953125,167.87000000000103,baseline_0-5
2,2,Other,AMd,6,0.03574194317031014,18,3.0,1592,0.011306532663316583,167.87000000000103,baseline_0-5
3,12,Other,AMd,26,0.1548817537380106,94,3.6153846153846154,3098,0.030342156229825695,167.87000000000103,baseline_0-5
4,13,Other,AMd,11,0.06552689581223525,44,4.0,951,0.046267087276550996,167.87000000000103,baseline_0-5
5,15,Other,AMd,8,0.04765592422708019,24,3.0,1759,0.013644115974985787,167.87000000000103,baseline_0-5
6,16,Other,AMd,1,0.005956990528385024,3,3.0,369,0.008130081300813009,167.87000000000103,baseline_0-5
7,20,Other,AMd,0,0.0,0,0.0,653,0.0,167.87000000000103,baseline_0-5
8,27,Other,AMd,23,0.13701078215285553,99,4.304347826086956,2330,0.04248927038626609,167.87000000000103,baseline_0-5
9,28,Other,AMd,20,0.11913981056770047,82,4.1,1250,0.0656,167.87000000000103,baseline_0-5
10,33,Thalamus,AV,0,0.0,0,0.0,211,0.0,167.87000000000103,baseline_0-5
11,35,Thalamus,AV,17,0.10126883898254539,34,2.0,743,0.04576043068640646,167.87000000000103,baseline_0-5
12,38,Thalamus,AV,34,0.20253767796509078,82,2.411764705882353,500,0.164,167.87000000000103,baseline_0-5
13,42,Thalamus,AV,18,0.10722582951093042,28,1.5555555555555556,1695,0.016519174041297935,167.87000000000103,baseline_0-5
14,51,Thalamus,AV,13,0.0774408768690053,26,2.0,1304,0.019938650306748466,167.87000000000103,baseline_0-5
15,52,Thalamus,AV,10,0.059569905283850234,16,1.6,1191,0.01343408900083963,167.87000000000103,baseline_0-5
16,59,Other,AD,0,0.0,0,0.0,889,0.0,167.87000000000103,baseline_0-5
17,62,Other,AD,2,0.011913981056770048,8,4.0,1223,0.006541291905151268,167.87000000000103,baseline_0-5
18,63,Other,AD,19,0.11318282003931544,58,3.0526315789473686,648,0.08950617283950617,167.87000000000103,baseline_0-5
19,68,Other,AD,16,0.09531184845416038,50,3.125,728,0.06868131868131869,167.87000000000103,baseline_0-5
20,72,Other,AD,35,0.2084946684934758,123,3.5142857142857142,939,0.13099041533546327,167.87000000000103,baseline_0-5
21,73,Other,AD,23,0.13701078215285553,91,3.9565217391304346,1027,0.08860759493670886,167.87000000000103,baseline_0-5
22,93,Other,AD,3,0.01787097158515507,10,3.3333333333333335,4103,0.0024372410431391664,167.87000000000103,baseline_0-5
23,114,Other,CA3,144,0.8578066360874433,604,4.194444444444445,704,0.8579545454545454,167.87000000000103,baseline_0-5
24,118,Other,CA3,267,1.5905164710788013,911,3.411985018726592,1273,0.7156323644933229,167.87000000000103,baseline_0-5
25,121,Other,CA3,76,0.4527312801572618,245,3.223684210526316,1520,0.1611842105263158,167.87000000000103,baseline_0-5
26,126,Other,CA3,609,3.627807231786479,2304,3.7832512315270934,2894,0.7961299239806496,167.87000000000103,baseline_0-5
27,131,Other,CA2,11,0.06552689581223525,50,4.545454545454546,85,0.5882352941176471,167.87000000000103,baseline_0-5
28,134,Somatosensory,SSp-tr6a,0,0.0,0,0.0,119,0.0,167.87000000000103,baseline_0-5
29,135,Somatosensory,SSp-tr6a,18,0.10722582951093042,54,3.0,3499,0.015432980851671906,167.87000000000103,baseline_0-5
30,136,Somatosensory,SSp-tr6a,0,0.0,0,0.0,939,0.0,167.87000000000103,baseline_0-5
31,137,Somatosensory,SSp-tr6a,0,0.0,0,0.0,96,0.0,167.87000000000103,baseline_0-5
32,138,Somatosensory,SSp-tr6a,0,0.0,0,0.0,14,0.0,167.87000000000103,baseline_0-5
33,140,Somatosensory,SSp-tr6a,3,0.01787097158515507,9,3.0,2457,0.003663003663003663,167.87000000000103,baseline_0-5
34,141,Somatosensory,SSp-tr6a,2,0.011913981056770048,8,4.0,180,0.044444444444444446,167.87000000000103,baseline_0-5
35,144,Somatosensory,SSp-tr5,1,0.005956990528385024,3,3.0,519,0.005780346820809248,167.87000000000103,baseline_0-5
36,145,Somatosensory,SSp-tr5,0,0.0,0,0.0,949,0.0,167.87000000000103,baseline_0-5
37,147,Somatosensory,SSp-tr5,4,0.023827962113540095,13,3.25,1342,0.009687034277198211,167.87000000000103,baseline_0-5
38,149,Somatosensory,SSp-tr5,0,0.0,0,0.0,139,0.0,167.87000000000103,baseline_0-5
39,150,Somatosensory,SSp-tr5,0,0.0,0,0.0,1312,0.0,167.87000000000103,baseline_0-5
40,153,Somatosensory,SSp-tr5,3,0.01787097158515507,13,4.333333333333333,649,0.020030816640986132,167.87000000000103,baseline_0-5
41,154,Somatosensory,SSp-tr5,1,0.005956990528385024,3,3.0,141,0.02127659574468085,167.87000000000103,baseline_0-5
42,162,Other,CA3,0,0.0,0,0.0,5,0.0,167.87000000000103,baseline_0-5
43,164,Somatosensory,SSp-tr6a,0,0.0,0,0.0,1525,0.0,167.87000000000103,baseline_0-5
44,165,Somatosensory,SSp-tr6a,4,0.023827962113540095,16,4.0,2309,0.006929406669553919,167.87000000000103,baseline_0-5
45,166,Somatosensory,SSp-tr6a,0,0.0,0,0.0,356,0.0,167.87000000000103,baseline_0-5
46,168,Somatosensory,SSp-tr5,0,0.0,0,0.0,2,0.0,167.87000000000103,baseline_0-5
47,170,Somatosensory,SSp-tr5,0,0.0,0,0.0,0,0.0,167.87000000000103,baseline_0-5
48,173,Somatosensory,SSp-tr5,0,0.0,0,0.0,794,0.0,167.87000000000103,baseline_0-5
49,185,Thalamus,Eth,15,0.08935485792577536,24,1.6,677,0.03545051698670606,167.87000000000103,baseline_0-5
50,191,Thalamus,Eth,25,0.14892476320962558,65,2.6,915,0.07103825136612021,167.87000000000103,baseline_0-5
51,192,Thalamus,TH,0,0.0,0,0.0,4761,0.0,167.87000000000103,baseline_0-5
52,209,Other,SUB,54,0.32167748853279127,172,3.185185185185185,2044,0.08414872798434442,167.87000000000103,baseline_0-5
53,210,Other,SUB,0,0.0,0,0.0,243,0.0,167.87000000000103,baseline_0-5
54,218,Thalamus,VPM,12,0.07148388634062028,22,1.8333333333333333,1293,0.017014694508894045,167.87000000000103,baseline_0-5
55,219,Thalamus,VPM,3,0.01787097158515507,5,1.6666666666666667,2068,0.0024177949709864605,167.87000000000103,baseline_0-5
56,224,Thalamus,VPM,0,0.0,0,0.0,113,0.0,167.87000000000103,baseline_0-5
57,227,Thalamus,VPM,8,0.04765592422708019,14,1.75,809,0.0173053152039555,167.87000000000103,baseline_0-5
58,230,Thalamus,VPM,41,0.24423661166378596,82,2.0,865,0.09479768786127167,167.87000000000103,baseline_0-5
59,232,Thalamus,VPM,3,0.01787097158515507,7,2.3333333333333335,205,0.03414634146341464,167.87000000000103,baseline_0-5
60,233,Thalamus,VPM,5,0.029784952641925117,10,2.0,962,0.010395010395010396,167.87000000000103,baseline_0-5
61,235,Thalamus,VPM,134,0.7982367308035931,564,4.208955223880597,2305,0.24468546637744035,167.87000000000103,baseline_0-5
62,237,Thalamus,VPM,34,0.20253767796509078,88,2.588235294117647,796,0.11055276381909548,167.87000000000103,baseline_0-5
63,238,Thalamus,VPM,12,0.07148388634062028,37,3.0833333333333335,348,0.10632183908045977,167.87000000000103,baseline_0-5
64,239,Thalamus,VPM,25,0.14892476320962558,65,2.6,978,0.06646216768916155,167.87000000000103,baseline_0-5
65,240,Thalamus,VPM,12,0.07148388634062028,21,1.75,924,0.022727272727272728,167.87000000000103,baseline_0-5
66,246,Thalamus,VPM,6,0.03574194317031014,9,1.5,202,0.04455445544554455,167.87000000000103,baseline_0-5
67,247,Thalamus,VPM,4,0.023827962113540095,7,1.75,572,0.012237762237762238,167.87000000000103,baseline_0-5
68,248,Thalamus,VPM,8,0.04765592422708019,22,2.75,1425,0.015438596491228071,167.87000000000103,baseline_0-5
69,250,Thalamus,VPM,11,0.06552689581223525,20,1.8181818181818181,1053,0.01899335232668566,167.87000000000103,baseline_0-5
70,254,Thalamus,VPM,0,0.0,0,0.0,1,0.0,167.87000000000103,baseline_0-5
71,256,Thalamus,VPM,0,0.0,0,0.0,85,0.0,167.87000000000103,baseline_0-5
72,258,Thalamus,VPM,19,0.11318282003931544,35,1.8421052631578947,485,0.07216494845360824,167.87000000000103,baseline_0-5
73,263,Thalamus,VPM,20,0.11913981056770047,46,2.3,2276,0.020210896309314587,167.87000000000103,baseline_0-5
74,264,Thalamus,VPM,4,0.023827962113540095,5,1.25,2016,0.00248015873015873,167.87000000000103,baseline_0-5
75,265,Thalamus,VPM,34,0.20253767796509078,56,1.6470588235294117,1234,0.04538087520259319,167.87000000000103,baseline_0-5
76,268,Thalamus,VPM,38,0.2263656400786309,77,2.026315789473684,1392,0.05531609195402299,167.87000000000103,baseline_0-5
77,269,Thalamus,VPM,11,0.06552689581223525,41,3.727272727272727,744,0.05510752688172043,167.87000000000103,baseline_0-5
78,270,Thalamus,VPM,11,0.06552689581223525,24,2.1818181818181817,1268,0.01892744479495268,167.87000000000103,baseline_0-5
79,271,Thalamus,VPM,8,0.04765592422708019,23,2.875,1574,0.014612452350698857,167.87000000000103,baseline_0-5
80,272,Thalamus,VPM,1,0.005956990528385024,2,2.0,420,0.004761904761904762,167.87000000000103,baseline_0-5
81,274,Thalamus,VPM,16,0.09531184845416038,34,2.125,814,0.04176904176904177,167.87000000000103,baseline_0-5
82,276,Thalamus,VPM,0,0.0,0,0.0,579,0.0,167.87000000000103,baseline_0-5
83,278,Thalamus,VPM,9,0.05361291475546521,17,1.8888888888888888,521,0.03262955854126679,167.87000000000103,baseline_0-5
84,279,Thalamus,VPM,5,0.029784952641925117,15,3.0,351,0.042735042735042736,167.87000000000103,baseline_0-5
85,280,Thalamus,VPM,12,0.07148388634062028,22,1.8333333333333333,733,0.030013642564802184,167.87000000000103,baseline_0-5
86,281,Thalamus,VPM,9,0.05361291475546521,15,1.6666666666666667,763,0.019659239842726082,167.87000000000103,baseline_0-5
87,290,Thalamus,VPM,60,0.3574194317031014,157,2.6166666666666667,2005,0.07830423940149626,167.87000000000103,baseline_0-5
88,292,Thalamus,VPM,10,0.059569905283850234,18,1.8,1387,0.012977649603460706,167.87000000000103,baseline_0-5
89,296,Other,or,10,0.059569905283850234,32,3.2,718,0.04456824512534819,167.87000000000103,baseline_0-5
90,303,Other,LGd-co,6,0.03574194317031014,24,4.0,909,0.026402640264026403,167.87000000000103,baseline_0-5
91,304,Other,LGd-co,5,0.029784952641925117,17,3.4,1263,0.013460015835312747,167.87000000000103,baseline_0-5
92,305,Other,LGd-co,0,0.0,0,0.0,54,0.0,167.87000000000103,baseline_0-5
93,307,Other,LGd-co,192,1.1437421814499245,1282,6.677083333333333,3069,0.4177256435320951,167.87000000000103,baseline_0-5
94,308,Other,LGd-co,4,0.023827962113540095,13,3.25,2820,0.004609929078014184,167.87000000000103,baseline_0-5
95,309,Other,LGd-co,5,0.029784952641925117,15,3.0,913,0.01642935377875137,167.87000000000103,baseline_0-5
96,310,Other,LGd-co,0,0.0,0,0.0,1863,0.0,167.87000000000103,baseline_0-5
97,311,Other,LGd-co,5,0.029784952641925117,16,3.2,2270,0.007048458149779736,167.87000000000103,baseline_0-5
98,312,Other,LGd-co,26,0.1548817537380106,89,3.423076923076923,182,0.489010989010989,167.87000000000103,baseline_0-5
99,313,Other,LGd-co,2,0.011913981056770048,6,3.0,507,0.011834319526627219,167.87000000000103,baseline_0-5
100,314,Other,LGd-co,11,0.06552689581223525,39,3.5454545454545454,373,0.10455764075067024,167.87000000000103,baseline_0-5
101,315,Other,LGd-co,9,0.05361291475546521,30,3.3333333333333335,4030,0.007444168734491315,167.87000000000103,baseline_0-5
102,316,Other,LGd-co,58,0.34550545064633137,234,4.0344827586206895,952,0.24579831932773108,167.87000000000103,baseline_0-5
103,318,Other,LGd-co,1,0.005956990528385024,3,3.0,1576,0.0019035532994923859,167.87000000000103,baseline_0-5
104,319,Other,LGd-co,7,0.041698933698695165,22,3.142857142857143,1128,0.01950354609929078,167.87000000000103,baseline_0-5
105,320,Other,LGd-co,0,0.0,0,0.0,101,0.0,167.87000000000103,baseline_0-5
106,323,Other,LGd-co,54,0.32167748853279127,209,3.8703703703703702,2517,0.08303535955502582,167.87000000000103,baseline_0-5
107,328,Other,LGd-co,2,0.011913981056770048,6,3.0,2198,0.00272975432211101,167.87000000000103,baseline_0-5
108,329,Other,LGd-co,3,0.01787097158515507,11,3.6666666666666665,1408,0.0078125,167.87000000000103,baseline_0-5
109,331,Other,LGd-sh,5,0.029784952641925117,16,3.2,2400,0.006666666666666667,167.87000000000103,baseline_0-5
110,335,Other,LGd-sh,33,0.19658068743670576,116,3.515151515151515,1237,0.09377526273241714,167.87000000000103,baseline_0-5
111,336,Other,LGd-sh,27,0.16083874426639563,99,3.6666666666666665,1701,0.0582010582010582,167.87000000000103,baseline_0-5
112,337,Other,LGd-sh,24,0.14296777268124056,83,3.4583333333333335,1453,0.05712319339298004,167.87000000000103,baseline_0-5
113,339,Other,LGd-sh,0,0.0,0,0.0,41,0.0,167.87000000000103,baseline_0-5
114,349,Other,CA1,111,0.6612259486507376,355,3.1981981981981984,962,0.369022869022869,167.87000000000103,baseline_0-5
115,350,Other,CA1,398,2.3708822302972394,1380,3.4673366834170856,2371,0.5820328975115985,167.87000000000103,baseline_0-5
116,356,Thalamus,VPM,0,0.0,0,0.0,200,0.0,167.87000000000103,baseline_0-5
117,357,Other,LGd-co,0,0.0,0,0.0,187,0.0,167.87000000000103,baseline_0-5
118,358,Other,LGd-co,22,0.1310537916244705,90,4.090909090909091,676,0.13313609467455623,167.87000000000103,baseline_0-5
119,359,Other,LGd-sh,19,0.11318282003931544,67,3.526315789473684,1577,0.0424857324032974,167.87000000000103,baseline_0-5
120,360,Other,LGd-sh,16,0.09531184845416038,54,3.375,1303,0.04144282425172678,167.87000000000103,baseline_0-5
121,367,Other,MS,9,0.05361291475546521,31,3.4444444444444446,4758,0.006515342580916352,167.87000000000103,baseline_0-5
122,370,Other,MS,0,0.0,0,0.0,101,0.0,167.87000000000103,baseline_0-5
123,374,Other,MS,0,0.0,0,0.0,15,0.0,167.87000000000103,baseline_0-5
124,377,Other,MS,0,0.0,0,0.0,670,0.0,167.87000000000103,baseline_0-5
125,382,Other,MS,0,0.0,0,0.0,24,0.0,167.87000000000103,baseline_0-5
126,384,STR,LSr,5,0.029784952641925117,15,3.0,1757,0.008537279453614115,167.87000000000103,baseline_0-5
127,386,STR,LSr,2,0.011913981056770048,6,3.0,939,0.006389776357827476,167.87000000000103,baseline_0-5
128,387,STR,LSr,9,0.05361291475546521,27,3.0,1220,0.022131147540983605,167.87000000000103,baseline_0-5
129,388,STR,LSr,1,0.005956990528385024,3,3.0,917,0.003271537622682661,167.87000000000103,baseline_0-5
130,389,STR,LSr,0,0.0,0,0.0,790,0.0,167.87000000000103,baseline_0-5
131,392,STR,LSr,0,0.0,0,0.0,440,0.0,167.87000000000103,baseline_0-5
132,393,STR,LSr,37,0.22040864955024586,117,3.1621621621621623,2220,0.052702702702702706,167.87000000000103,baseline_0-5
133,394,STR,LSr,3,0.01787097158515507,11,3.6666666666666665,1155,0.009523809523809525,167.87000000000103,baseline_0-5
134,398,STR,LSr,7,0.041698933698695165,21,3.0,1833,0.011456628477905073,167.87000000000103,baseline_0-5
135,399,STR,LSr,0,0.0,0,0.0,515,0.0,167.87000000000103,baseline_0-5
136,402,STR,LSr,3,0.01787097158515507,9,3.0,1154,0.00779896013864818,167.87000000000103,baseline_0-5
137,404,STR,LSr,0,0.0,0,0.0,106,0.0,167.87000000000103,baseline_0-5
138,406,STR,LSr,0,0.0,0,0.0,148,0.0,167.87000000000103,baseline_0-5
139,410,STR,LSr,3,0.01787097158515507,9,3.0,819,0.01098901098901099,167.87000000000103,baseline_0-5
140,411,STR,LSr,1,0.005956990528385024,3,3.0,364,0.008241758241758242,167.87000000000103,baseline_0-5
141,423,Motor,MOs6a,9,0.05361291475546521,33,3.6666666666666665,413,0.07990314769975787,167.87000000000103,baseline_0-5
142,425,Motor,MOs6a,0,0.0,0,0.0,65,0.0,167.87000000000103,baseline_0-5
143,426,Motor,MOs6a,11,0.06552689581223525,62,5.636363636363637,78,0.7948717948717948,167.87000000000103,baseline_0-5
144,427,Motor,MOs6a,3,0.01787097158515507,12,4.0,1635,0.007339449541284404,167.87000000000103,baseline_0-5
145,429,Motor,MOs6a,40,0.23827962113540094,208,5.2,337,0.6172106824925816,167.87000000000103,baseline_0-5
146,431,Motor,MOs6a,168,1.0007744087686838,759,4.517857142857143,3355,0.2262295081967213,167.87000000000103,baseline_0-5
147,432,Motor,MOs6a,8,0.04765592422708019,28,3.5,1255,0.022310756972111555,167.87000000000103,baseline_0-5
148,438,Motor,MOs5,21,0.12509680109608548,77,3.6666666666666665,1055,0.07298578199052133,167.87000000000103,baseline_0-5
149,440,Motor,MOs5,0,0.0,0,0.0,333,0.0,167.87000000000103,baseline_0-5
150,443,Other,MS,3,0.01787097158515507,9,3.0,1147,0.007846556233653008,167.87000000000103,baseline_0-5
151,444,Other,MS,0,0.0,0,0.0,67,0.0,167.87000000000103,baseline_0-5
152,445,STR,LSr,5,0.029784952641925117,16,3.2,1115,0.014349775784753363,167.87000000000103,baseline_0-5
153,448,STR,LSr,0,0.0,0,0.0,659,0.0,167.87000000000103,baseline_0-5
154,449,STR,LSr,0,0.0,0,0.0,168,0.0,167.87000000000103,baseline_0-5
155,451,STR,LSr,0,0.0,0,0.0,308,0.0,167.87000000000103,baseline_0-5
156,453,Motor,MOs6a,3,0.01787097158515507,12,4.0,1258,0.009538950715421303,167.87000000000103,baseline_0-5
157,455,Other,MS,0,0.0,0,0.0,136,0.0,167.87000000000103,baseline_0-5
158,457,Motor,MOs5,0,0.0,0,0.0,260,0.0,167.87000000000103,baseline_0-5
159,0,Other,AMd,9,0.05565862708719858,27,3.0,1587,0.017013232514177693,161.69999999999982,baseline_5-10
160,1,Other,AMd,2,0.01236858379715524,6,3.0,1054,0.0056925996204933585,161.69999999999982,baseline_5-10
161,2,Other,AMd,11,0.06802721088435382,36,3.272727272727273,1670,0.02155688622754491,161.69999999999982,baseline_5-10
162,12,Other,AMd,11,0.06802721088435382,40,3.6363636363636362,2937,0.013619339462036091,161.69999999999982,baseline_5-10
163,13,Other,AMd,10,0.0618429189857762,48,4.8,996,0.04819277108433735,161.69999999999982,baseline_5-10
164,15,Other,AMd,5,0.0309214594928881,16,3.2,1748,0.009153318077803204,161.69999999999982,baseline_5-10
165,16,Other,AMd,0,0.0,0,0.0,372,0.0,161.69999999999982,baseline_5-10
166,20,Other,AMd,6,0.03710575139146572,18,3.0,651,0.027649769585253458,161.69999999999982,baseline_5-10
167,27,Other,AMd,26,0.16079158936301813,100,3.8461538461538463,2508,0.03987240829346093,161.69999999999982,baseline_5-10
168,28,Other,AMd,16,0.09894867037724192,65,4.0625,1268,0.051261829652996846,161.69999999999982,baseline_5-10
169,33,Thalamus,AV,1,0.00618429189857762,1,1.0,238,0.004201680672268907,161.69999999999982,baseline_5-10
170,35,Thalamus,AV,18,0.11131725417439715,44,2.4444444444444446,565,0.07787610619469026,161.69999999999982,baseline_5-10
171,38,Thalamus,AV,19,0.11750154607297478,46,2.4210526315789473,484,0.09504132231404959,161.69999999999982,baseline_5-10
172,42,Thalamus,AV,9,0.05565862708719858,14,1.5555555555555556,1243,0.011263073209975865,161.69999999999982,baseline_5-10
173,51,Thalamus,AV,12,0.07421150278293144,19,1.5833333333333333,1852,0.010259179265658747,161.69999999999982,baseline_5-10
174,52,Thalamus,AV,6,0.03710575139146572,6,1.0,1082,0.005545286506469501,161.69999999999982,baseline_5-10
175,59,Other,AD,1,0.00618429189857762,3,3.0,1200,0.0025,161.69999999999982,baseline_5-10
176,62,Other,AD,2,0.01236858379715524,9,4.5,1337,0.006731488406881077,161.69999999999982,baseline_5-10
177,63,Other,AD,11,0.06802721088435382,34,3.090909090909091,736,0.04619565217391304,161.69999999999982,baseline_5-10
178,68,Other,AD,20,0.1236858379715524,61,3.05,903,0.06755260243632337,161.69999999999982,baseline_5-10
179,72,Other,AD,22,0.13605442176870763,74,3.3636363636363638,1213,0.06100577081615829,161.69999999999982,baseline_5-10
180,73,Other,AD,19,0.11750154607297478,70,3.6842105263157894,1030,0.06796116504854369,161.69999999999982,baseline_5-10
181,93,Other,AD,4,0.02473716759431048,12,3.0,4134,0.002902757619738752,161.69999999999982,baseline_5-10
182,114,Other,CA3,79,0.48855905998763194,315,3.9873417721518987,475,0.6631578947368421,161.69999999999982,baseline_5-10
183,118,Other,CA3,149,0.9214594928880654,536,3.597315436241611,811,0.6609124537607891,161.69999999999982,baseline_5-10
184,121,Other,CA3,67,0.4143475572047005,217,3.2388059701492535,1382,0.15701881331403764,161.69999999999982,baseline_5-10
185,126,Other,CA3,390,2.4118738404452715,1371,3.5153846153846153,2136,0.6418539325842697,161.69999999999982,baseline_5-10
186,131,Other,CA2,9,0.05565862708719858,41,4.555555555555555,87,0.47126436781609193,161.69999999999982,baseline_5-10
187,134,Somatosensory,SSp-tr6a,0,0.0,0,0.0,38,0.0,161.69999999999982,baseline_5-10
188,135,Somatosensory,SSp-tr6a,8,0.04947433518862096,24,3.0,3020,0.007947019867549669,161.69999999999982,baseline_5-10
189,136,Somatosensory,SSp-tr6a,0,0.0,0,0.0,906,0.0,161.69999999999982,baseline_5-10
190,137,Somatosensory,SSp-tr6a,0,0.0,0,0.0,95,0.0,161.69999999999982,baseline_5-10
191,138,Somatosensory,SSp-tr6a,0,0.0,0,0.0,13,0.0,161.69999999999982,baseline_5-10
192,140,Somatosensory,SSp-tr6a,5,0.0309214594928881,16,3.2,2646,0.006046863189720333,161.69999999999982,baseline_5-10
193,141,Somatosensory,SSp-tr6a,0,0.0,0,0.0,313,0.0,161.69999999999982,baseline_5-10
194,144,Somatosensory,SSp-tr5,1,0.00618429189857762,3,3.0,526,0.005703422053231939,161.69999999999982,baseline_5-10
195,145,Somatosensory,SSp-tr5,0,0.0,0,0.0,835,0.0,161.69999999999982,baseline_5-10
196,147,Somatosensory,SSp-tr5,3,0.01855287569573286,9,3.0,1633,0.005511328842620943,161.69999999999982,baseline_5-10
197,149,Somatosensory,SSp-tr5,2,0.01236858379715524,6,3.0,101,0.0594059405940594,161.69999999999982,baseline_5-10
198,150,Somatosensory,SSp-tr5,0,0.0,0,0.0,1374,0.0,161.69999999999982,baseline_5-10
199,153,Somatosensory,SSp-tr5,1,0.00618429189857762,3,3.0,906,0.0033112582781456954,161.69999999999982,baseline_5-10
200,154,Somatosensory,SSp-tr5,0,0.0,0,0.0,107,0.0,161.69999999999982,baseline_5-10
201,162,Other,CA3,0,0.0,0,0.0,2,0.0,161.69999999999982,baseline_5-10
202,164,Somatosensory,SSp-tr6a,0,0.0,0,0.0,1622,0.0,161.69999999999982,baseline_5-10
203,165,Somatosensory,SSp-tr6a,0,0.0,0,0.0,1959,0.0,161.69999999999982,baseline_5-10
204,166,Somatosensory,SSp-tr6a,0,0.0,0,0.0,383,0.0,161.69999999999982,baseline_5-10
205,168,Somatosensory,SSp-tr5,0,0.0,0,0.0,5,0.0,161.69999999999982,baseline_5-10
206,170,Somatosensory,SSp-tr5,0,0.0,0,0.0,0,0.0,161.69999999999982,baseline_5-10
207,173,Somatosensory,SSp-tr5,0,0.0,0,0.0,729,0.0,161.69999999999982,baseline_5-10
208,185,Thalamus,Eth,15,0.0927643784786643,35,2.3333333333333335,621,0.05636070853462158,161.69999999999982,baseline_5-10
209,191,Thalamus,Eth,17,0.10513296227581953,40,2.3529411764705883,743,0.05383580080753701,161.69999999999982,baseline_5-10
210,192,Thalamus,TH,0,0.0,0,0.0,4757,0.0,161.69999999999982,baseline_5-10
211,209,Other,SUB,43,0.26592455163883766,137,3.186046511627907,2005,0.06832917705735661,161.69999999999982,baseline_5-10
212,210,Other,SUB,1,0.00618429189857762,3,3.0,266,0.011278195488721804,161.69999999999982,baseline_5-10
213,218,Thalamus,VPM,11,0.06802721088435382,26,2.3636363636363638,1214,0.0214168039538715,161.69999999999982,baseline_5-10
214,219,Thalamus,VPM,1,0.00618429189857762,2,2.0,2256,0.0008865248226950354,161.69999999999982,baseline_5-10
215,224,Thalamus,VPM,0,0.0,0,0.0,56,0.0,161.69999999999982,baseline_5-10
216,227,Thalamus,VPM,8,0.04947433518862096,25,3.125,1020,0.024509803921568627,161.69999999999982,baseline_5-10
217,230,Thalamus,VPM,39,0.24118738404452716,74,1.8974358974358974,692,0.1069364161849711,161.69999999999982,baseline_5-10
218,232,Thalamus,VPM,5,0.0309214594928881,9,1.8,212,0.04245283018867924,161.69999999999982,baseline_5-10
219,233,Thalamus,VPM,9,0.05565862708719858,17,1.8888888888888888,962,0.017671517671517672,161.69999999999982,baseline_5-10
220,235,Thalamus,VPM,92,0.568954854669141,346,3.760869565217391,1613,0.21450712957222567,161.69999999999982,baseline_5-10
221,237,Thalamus,VPM,21,0.12987012987013002,46,2.1904761904761907,651,0.0706605222734255,161.69999999999982,baseline_5-10
222,238,Thalamus,VPM,13,0.08039579468150906,34,2.6153846153846154,314,0.10828025477707007,161.69999999999982,baseline_5-10
223,239,Thalamus,VPM,22,0.13605442176870763,57,2.590909090909091,1090,0.05229357798165138,161.69999999999982,baseline_5-10
224,240,Thalamus,VPM,10,0.0618429189857762,20,2.0,1046,0.019120458891013385,161.69999999999982,baseline_5-10
225,246,Thalamus,VPM,2,0.01236858379715524,2,1.0,182,0.01098901098901099,161.69999999999982,baseline_5-10
226,247,Thalamus,VPM,8,0.04947433518862096,18,2.25,594,0.030303030303030304,161.69999999999982,baseline_5-10
227,248,Thalamus,VPM,2,0.01236858379715524,2,1.0,1361,0.0014695077149155032,161.69999999999982,baseline_5-10
228,250,Thalamus,VPM,7,0.04329004329004334,15,2.142857142857143,1289,0.011636927851047323,161.69999999999982,baseline_5-10
229,254,Thalamus,VPM,0,0.0,0,0.0,3,0.0,161.69999999999982,baseline_5-10
230,256,Thalamus,VPM,2,0.01236858379715524,5,2.5,116,0.04310344827586207,161.69999999999982,baseline_5-10
231,258,Thalamus,VPM,18,0.11131725417439715,32,1.7777777777777777,526,0.060836501901140684,161.69999999999982,baseline_5-10
232,263,Thalamus,VPM,20,0.1236858379715524,44,2.2,2681,0.01641178664677359,161.69999999999982,baseline_5-10
233,264,Thalamus,VPM,5,0.0309214594928881,11,2.2,1909,0.005762179151388162,161.69999999999982,baseline_5-10
234,265,Thalamus,VPM,41,0.25355596784168244,61,1.4878048780487805,1181,0.05165114309906858,161.69999999999982,baseline_5-10
235,268,Thalamus,VPM,28,0.17316017316017335,63,2.25,1322,0.047655068078668684,161.69999999999982,baseline_5-10
236,269,Thalamus,VPM,14,0.08658008658008667,35,2.5,793,0.044136191677175286,161.69999999999982,baseline_5-10
237,270,Thalamus,VPM,9,0.05565862708719858,14,1.5555555555555556,1459,0.009595613433858808,161.69999999999982,baseline_5-10
238,271,Thalamus,VPM,7,0.04329004329004334,18,2.5714285714285716,1600,0.01125,161.69999999999982,baseline_5-10
239,272,Thalamus,VPM,0,0.0,0,0.0,540,0.0,161.69999999999982,baseline_5-10
240,274,Thalamus,VPM,14,0.08658008658008667,35,2.5,823,0.0425273390036452,161.69999999999982,baseline_5-10
241,276,Thalamus,VPM,0,0.0,0,0.0,547,0.0,161.69999999999982,baseline_5-10
242,278,Thalamus,VPM,7,0.04329004329004334,15,2.142857142857143,523,0.028680688336520075,161.69999999999982,baseline_5-10
243,279,Thalamus,VPM,3,0.01855287569573286,18,6.0,383,0.04699738903394256,161.69999999999982,baseline_5-10
244,280,Thalamus,VPM,7,0.04329004329004334,14,2.0,730,0.019178082191780823,161.69999999999982,baseline_5-10
245,281,Thalamus,VPM,9,0.05565862708719858,15,1.6666666666666667,745,0.020134228187919462,161.69999999999982,baseline_5-10
246,290,Thalamus,VPM,140,0.8658008658008668,383,2.7357142857142858,5615,0.06821015138023152,161.69999999999982,baseline_5-10
247,292,Thalamus,VPM,9,0.05565862708719858,13,1.4444444444444444,1563,0.008317338451695458,161.69999999999982,baseline_5-10
248,296,Other,or,7,0.04329004329004334,22,3.142857142857143,760,0.02894736842105263,161.69999999999982,baseline_5-10
249,303,Other,LGd-co,5,0.0309214594928881,16,3.2,997,0.0160481444332999,161.69999999999982,baseline_5-10
250,304,Other,LGd-co,5,0.0309214594928881,17,3.4,1599,0.010631644777986242,161.69999999999982,baseline_5-10
251,305,Other,LGd-co,0,0.0,0,0.0,76,0.0,161.69999999999982,baseline_5-10
252,307,Other,LGd-co,177,1.0946196660482388,1182,6.677966101694915,2848,0.41502808988764045,161.69999999999982,baseline_5-10
253,308,Other,LGd-co,2,0.01236858379715524,6,3.0,2454,0.0024449877750611247,161.69999999999982,baseline_5-10
254,309,Other,LGd-co,7,0.04329004329004334,21,3.0,1098,0.01912568306010929,161.69999999999982,baseline_5-10
255,310,Other,LGd-co,2,0.01236858379715524,7,3.5,1729,0.004048582995951417,161.69999999999982,baseline_5-10
256,311,Other,LGd-co,3,0.01855287569573286,9,3.0,2375,0.003789473684210526,161.69999999999982,baseline_5-10
257,312,Other,LGd-co,21,0.12987012987013002,74,3.5238095238095237,151,0.4900662251655629,161.69999999999982,baseline_5-10
258,313,Other,LGd-co,1,0.00618429189857762,4,4.0,510,0.00784313725490196,161.69999999999982,baseline_5-10
259,314,Other,LGd-co,11,0.06802721088435382,39,3.5454545454545454,421,0.09263657957244656,161.69999999999982,baseline_5-10
260,315,Other,LGd-co,18,0.11131725417439715,61,3.388888888888889,4175,0.014610778443113773,161.69999999999982,baseline_5-10
261,316,Other,LGd-co,45,0.2782931354359929,186,4.133333333333334,986,0.18864097363083165,161.69999999999982,baseline_5-10
262,318,Other,LGd-co,1,0.00618429189857762,3,3.0,1576,0.0019035532994923859,161.69999999999982,baseline_5-10
263,319,Other,LGd-co,5,0.0309214594928881,17,3.4,1502,0.011318242343541944,161.69999999999982,baseline_5-10
264,320,Other,LGd-co,0,0.0,0,0.0,152,0.0,161.69999999999982,baseline_5-10
265,323,Other,LGd-co,57,0.3525046382189243,224,3.9298245614035086,3233,0.06928549334982988,161.69999999999982,baseline_5-10
266,328,Other,LGd-co,1,0.00618429189857762,3,3.0,2352,0.0012755102040816326,161.69999999999982,baseline_5-10
267,329,Other,LGd-co,2,0.01236858379715524,7,3.5,1359,0.0051508462104488595,161.69999999999982,baseline_5-10
268,331,Other,LGd-sh,6,0.03710575139146572,21,3.5,2388,0.008793969849246231,161.69999999999982,baseline_5-10
269,335,Other,LGd-sh,31,0.1917130488559062,108,3.4838709677419355,1578,0.06844106463878327,161.69999999999982,baseline_5-10
270,336,Other,LGd-sh,20,0.1236858379715524,73,3.65,2000,0.0365,161.69999999999982,baseline_5-10
271,337,Other,LGd-sh,29,0.17934446505875098,98,3.3793103448275863,1856,0.052801724137931036,161.69999999999982,baseline_5-10
272,339,Other,LGd-sh,0,0.0,0,0.0,39,0.0,161.69999999999982,baseline_5-10
273,349,Other,CA1,81,0.5009276437847872,255,3.1481481481481484,925,0.2756756756756757,161.69999999999982,baseline_5-10
274,350,Other,CA1,451,2.7891156462585065,1603,3.5543237250554323,2615,0.613001912045889,161.69999999999982,baseline_5-10
275,356,Thalamus,VPM,1,0.00618429189857762,1,1.0,158,0.006329113924050633,161.69999999999982,baseline_5-10
276,357,Other,LGd-co,0,0.0,0,0.0,229,0.0,161.69999999999982,baseline_5-10
277,358,Other,LGd-co,17,0.10513296227581953,69,4.0588235294117645,746,0.09249329758713137,161.69999999999982,baseline_5-10
278,359,Other,LGd-sh,19,0.11750154607297478,64,3.3684210526315788,1579,0.04053198226725776,161.69999999999982,baseline_5-10
279,360,Other,LGd-sh,19,0.11750154607297478,69,3.6315789473684212,1344,0.05133928571428571,161.69999999999982,baseline_5-10
280,367,Other,MS,7,0.04329004329004334,22,3.142857142857143,4498,0.004891062694530902,161.69999999999982,baseline_5-10
281,370,Other,MS,1,0.00618429189857762,3,3.0,112,0.026785714285714284,161.69999999999982,baseline_5-10
282,374,Other,MS,0,0.0,0,0.0,13,0.0,161.69999999999982,baseline_5-10
283,377,Other,MS,1,0.00618429189857762,3,3.0,677,0.004431314623338257,161.69999999999982,baseline_5-10
284,382,Other,MS,0,0.0,0,0.0,33,0.0,161.69999999999982,baseline_5-10
285,384,STR,LSr,2,0.01236858379715524,6,3.0,1504,0.003989361702127659,161.69999999999982,baseline_5-10
286,386,STR,LSr,1,0.00618429189857762,3,3.0,920,0.003260869565217391,161.69999999999982,baseline_5-10
287,387,STR,LSr,5,0.0309214594928881,15,3.0,1047,0.014326647564469915,161.69999999999982,baseline_5-10
288,388,STR,LSr,2,0.01236858379715524,6,3.0,822,0.0072992700729927005,161.69999999999982,baseline_5-10
289,389,STR,LSr,0,0.0,0,0.0,796,0.0,161.69999999999982,baseline_5-10
290,392,STR,LSr,0,0.0,0,0.0,414,0.0,161.69999999999982,baseline_5-10
291,393,STR,LSr,46,0.2844774273345705,146,3.1739130434782608,2126,0.06867356538099718,161.69999999999982,baseline_5-10
292,394,STR,LSr,3,0.01855287569573286,9,3.0,1138,0.007908611599297012,161.69999999999982,baseline_5-10
293,398,STR,LSr,6,0.03710575139146572,18,3.0,1765,0.010198300283286119,161.69999999999982,baseline_5-10
294,399,STR,LSr,0,0.0,0,0.0,440,0.0,161.69999999999982,baseline_5-10
295,402,STR,LSr,5,0.0309214594928881,15,3.0,1026,0.014619883040935672,161.69999999999982,baseline_5-10
296,404,STR,LSr,0,0.0,0,0.0,141,0.0,161.69999999999982,baseline_5-10
297,406,STR,LSr,1,0.00618429189857762,3,3.0,133,0.022556390977443608,161.69999999999982,baseline_5-10
298,410,STR,LSr,1,0.00618429189857762,4,4.0,718,0.005571030640668524,161.69999999999982,baseline_5-10
299,411,STR,LSr,0,0.0,0,0.0,326,0.0,161.69999999999982,baseline_5-10
300,423,Motor,MOs6a,4,0.02473716759431048,15,3.75,356,0.042134831460674156,161.69999999999982,baseline_5-10
301,425,Motor,MOs6a,0,0.0,0,0.0,116,0.0,161.69999999999982,baseline_5-10
302,426,Motor,MOs6a,15,0.0927643784786643,109,7.266666666666667,126,0.8650793650793651,161.69999999999982,baseline_5-10
303,427,Motor,MOs6a,1,0.00618429189857762,3,3.0,1829,0.0016402405686167304,161.69999999999982,baseline_5-10
304,429,Motor,MOs6a,56,0.3463203463203467,259,4.625,469,0.5522388059701493,161.69999999999982,baseline_5-10
305,431,Motor,MOs6a,211,1.3048855905998777,1025,4.85781990521327,4574,0.22409269785745517,161.69999999999982,baseline_5-10
306,432,Motor,MOs6a,4,0.02473716759431048,16,4.0,1290,0.012403100775193798,161.69999999999982,baseline_5-10
307,438,Motor,MOs5,15,0.0927643784786643,58,3.8666666666666667,1027,0.05647517039922103,161.69999999999982,baseline_5-10
308,440,Motor,MOs5,1,0.00618429189857762,3,3.0,351,0.008547008547008548,161.69999999999982,baseline_5-10
309,443,Other,MS,0,0.0,0,0.0,855,0.0,161.69999999999982,baseline_5-10
310,444,Other,MS,0,0.0,0,0.0,72,0.0,161.69999999999982,baseline_5-10
311,445,STR,LSr,3,0.01855287569573286,10,3.3333333333333335,956,0.010460251046025104,161.69999999999982,baseline_5-10
312,448,STR,LSr,0,0.0,0,0.0,701,0.0,161.69999999999982,baseline_5-10
313,449,STR,LSr,0,0.0,0,0.0,176,0.0,161.69999999999982,baseline_5-10
314,451,STR,LSr,0,0.0,0,0.0,298,0.0,161.69999999999982,baseline_5-10
315,453,Motor,MOs6a,3,0.01855287569573286,9,3.0,771,0.011673151750972763,161.69999999999982,baseline_5-10
316,455,Other,MS,0,0.0,0,0.0,136,0.0,161.69999999999982,baseline_5-10
317,457,Motor,MOs5,0,0.0,0,0.0,228,0.0,161.69999999999982,baseline_5-10
318,0,Other,AMd,4,0.028922631959508276,12,3.0,1790,0.0067039106145251395,138.30000000000018,effect_0-5
319,1,Other,AMd,9,0.06507592190889362,33,3.6666666666666665,1431,0.023060796645702306,138.30000000000018,effect_0-5
320,2,Other,AMd,19,0.13738250180766431,61,3.210526315789474,2230,0.027354260089686097,138.30000000000018,effect_0-5
321,12,Other,AMd,11,0.07953723788864776,38,3.4545454545454546,1964,0.019348268839103868,138.30000000000018,effect_0-5
322,13,Other,AMd,0,0.0,0,0.0,1024,0.0,138.30000000000018,effect_0-5
323,15,Other,AMd,1,0.007230657989877069,3,3.0,1626,0.0018450184501845018,138.30000000000018,effect_0-5
324,16,Other,AMd,0,0.0,0,0.0,286,0.0,138.30000000000018,effect_0-5
325,20,Other,AMd,1,0.007230657989877069,3,3.0,533,0.005628517823639775,138.30000000000018,effect_0-5
326,27,Other,AMd,27,0.19522776572668088,103,3.814814814814815,2371,0.043441585828764236,138.30000000000018,effect_0-5
327,28,Other,AMd,7,0.05061460592913949,23,3.2857142857142856,1223,0.018806214227309895,138.30000000000018,effect_0-5
328,33,Thalamus,AV,4,0.028922631959508276,8,2.0,363,0.02203856749311295,138.30000000000018,effect_0-5
329,35,Thalamus,AV,6,0.04338394793926242,12,2.0,1442,0.008321775312066574,138.30000000000018,effect_0-5
330,38,Thalamus,AV,6,0.04338394793926242,12,2.0,805,0.014906832298136646,138.30000000000018,effect_0-5
331,42,Thalamus,AV,7,0.05061460592913949,10,1.4285714285714286,1911,0.0052328623757195184,138.30000000000018,effect_0-5
332,51,Thalamus,AV,4,0.028922631959508276,7,1.75,1555,0.0045016077170418,138.30000000000018,effect_0-5
333,52,Thalamus,AV,7,0.05061460592913949,10,1.4285714285714286,856,0.011682242990654205,138.30000000000018,effect_0-5
334,59,Other,AD,0,0.0,0,0.0,713,0.0,138.30000000000018,effect_0-5
335,62,Other,AD,0,0.0,0,0.0,963,0.0,138.30000000000018,effect_0-5
336,63,Other,AD,2,0.014461315979754138,7,3.5,920,0.007608695652173913,138.30000000000018,effect_0-5
337,68,Other,AD,1,0.007230657989877069,3,3.0,905,0.0033149171270718232,138.30000000000018,effect_0-5
338,72,Other,AD,5,0.036153289949385346,16,3.2,1440,0.011111111111111112,138.30000000000018,effect_0-5
339,73,Other,AD,8,0.05784526391901655,36,4.5,813,0.04428044280442804,138.30000000000018,effect_0-5
340,93,Other,AD,2,0.014461315979754138,6,3.0,3142,0.0019096117122851686,138.30000000000018,effect_0-5
341,114,Other,CA3,21,0.15184381778741846,79,3.761904761904762,125,0.632,138.30000000000018,effect_0-5
342,118,Other,CA3,129,0.9327548806941419,483,3.744186046511628,767,0.6297262059973925,138.30000000000018,effect_0-5
343,121,Other,CA3,56,0.4049168474331159,181,3.232142857142857,1204,0.15033222591362128,138.30000000000018,effect_0-5
344,126,Other,CA3,160,1.156905278380331,542,3.3875,890,0.6089887640449438,138.30000000000018,effect_0-5
345,131,Other,CA2,6,0.04338394793926242,29,4.833333333333333,51,0.5686274509803921,138.30000000000018,effect_0-5
346,134,Somatosensory,SSp-tr6a,1,0.007230657989877069,3,3.0,350,0.008571428571428572,138.30000000000018,effect_0-5
347,135,Somatosensory,SSp-tr6a,9,0.06507592190889362,29,3.2222222222222223,2715,0.010681399631675874,138.30000000000018,effect_0-5
348,136,Somatosensory,SSp-tr6a,0,0.0,0,0.0,851,0.0,138.30000000000018,effect_0-5
349,137,Somatosensory,SSp-tr6a,2,0.014461315979754138,6,3.0,139,0.04316546762589928,138.30000000000018,effect_0-5
350,138,Somatosensory,SSp-tr6a,0,0.0,0,0.0,69,0.0,138.30000000000018,effect_0-5
351,140,Somatosensory,SSp-tr6a,1,0.007230657989877069,3,3.0,2631,0.0011402508551881414,138.30000000000018,effect_0-5
352,141,Somatosensory,SSp-tr6a,0,0.0,0,0.0,217,0.0,138.30000000000018,effect_0-5
353,144,Somatosensory,SSp-tr5,3,0.02169197396963121,9,3.0,683,0.013177159590043924,138.30000000000018,effect_0-5
354,145,Somatosensory,SSp-tr5,1,0.007230657989877069,3,3.0,990,0.0030303030303030303,138.30000000000018,effect_0-5
355,147,Somatosensory,SSp-tr5,2,0.014461315979754138,6,3.0,1644,0.0036496350364963502,138.30000000000018,effect_0-5
356,149,Somatosensory,SSp-tr5,0,0.0,0,0.0,206,0.0,138.30000000000018,effect_0-5
357,150,Somatosensory,SSp-tr5,0,0.0,0,0.0,1240,0.0,138.30000000000018,effect_0-5
358,153,Somatosensory,SSp-tr5,0,0.0,0,0.0,1256,0.0,138.30000000000018,effect_0-5
359,154,Somatosensory,SSp-tr5,1,0.007230657989877069,3,3.0,195,0.015384615384615385,138.30000000000018,effect_0-5
360,162,Other,CA3,0,0.0,0,0.0,5,0.0,138.30000000000018,effect_0-5
361,164,Somatosensory,SSp-tr6a,0,0.0,0,0.0,1263,0.0,138.30000000000018,effect_0-5
362,165,Somatosensory,SSp-tr6a,2,0.014461315979754138,7,3.5,1608,0.004353233830845771,138.30000000000018,effect_0-5
363,166,Somatosensory,SSp-tr6a,0,0.0,0,0.0,1009,0.0,138.30000000000018,effect_0-5
364,168,Somatosensory,SSp-tr5,0,0.0,0,0.0,6,0.0,138.30000000000018,effect_0-5
365,170,Somatosensory,SSp-tr5,0,0.0,0,0.0,1,0.0,138.30000000000018,effect_0-5
366,173,Somatosensory,SSp-tr5,0,0.0,0,0.0,923,0.0,138.30000000000018,effect_0-5
367,185,Thalamus,Eth,9,0.06507592190889362,18,2.0,564,0.031914893617021274,138.30000000000018,effect_0-5
368,191,Thalamus,Eth,7,0.05061460592913949,16,2.2857142857142856,835,0.019161676646706587,138.30000000000018,effect_0-5
369,192,Thalamus,TH,0,0.0,0,0.0,4884,0.0,138.30000000000018,effect_0-5
370,209,Other,SUB,43,0.31091829356471395,131,3.046511627906977,2129,0.0615312353217473,138.30000000000018,effect_0-5
371,210,Other,SUB,0,0.0,0,0.0,361,0.0,138.30000000000018,effect_0-5
372,218,Thalamus,VPM,7,0.05061460592913949,9,1.2857142857142858,1244,0.007234726688102894,138.30000000000018,effect_0-5
373,219,Thalamus,VPM,3,0.02169197396963121,4,1.3333333333333333,1515,0.0026402640264026403,138.30000000000018,effect_0-5
374,224,Thalamus,VPM,0,0.0,0,0.0,12,0.0,138.30000000000018,effect_0-5
375,227,Thalamus,VPM,1,0.007230657989877069,2,2.0,991,0.0020181634712411706,138.30000000000018,effect_0-5
376,230,Thalamus,VPM,28,0.20245842371655795,56,2.0,560,0.1,138.30000000000018,effect_0-5
377,232,Thalamus,VPM,3,0.02169197396963121,3,1.0,264,0.011363636363636364,138.30000000000018,effect_0-5
378,233,Thalamus,VPM,2,0.014461315979754138,4,2.0,1004,0.00398406374501992,138.30000000000018,effect_0-5
379,235,Thalamus,VPM,15,0.10845986984815605,37,2.466666666666667,327,0.11314984709480122,138.30000000000018,effect_0-5
380,237,Thalamus,VPM,15,0.10845986984815605,32,2.1333333333333333,562,0.05693950177935943,138.30000000000018,effect_0-5
381,238,Thalamus,VPM,8,0.05784526391901655,27,3.375,216,0.125,138.30000000000018,effect_0-5
382,239,Thalamus,VPM,14,0.10122921185827898,34,2.4285714285714284,857,0.039673278879813305,138.30000000000018,effect_0-5
383,240,Thalamus,VPM,7,0.05061460592913949,12,1.7142857142857142,1082,0.011090573012939002,138.30000000000018,effect_0-5
384,246,Thalamus,VPM,3,0.02169197396963121,5,1.6666666666666667,504,0.00992063492063492,138.30000000000018,effect_0-5
385,247,Thalamus,VPM,5,0.036153289949385346,13,2.6,649,0.020030816640986132,138.30000000000018,effect_0-5
386,248,Thalamus,VPM,1,0.007230657989877069,3,3.0,1075,0.0027906976744186047,138.30000000000018,effect_0-5
387,250,Thalamus,VPM,0,0.0,0,0.0,396,0.0,138.30000000000018,effect_0-5
388,254,Thalamus,VPM,0,0.0,0,0.0,158,0.0,138.30000000000018,effect_0-5
389,256,Thalamus,VPM,7,0.05061460592913949,14,2.0,187,0.0748663101604278,138.30000000000018,effect_0-5
390,258,Thalamus,VPM,15,0.10845986984815605,28,1.8666666666666667,1187,0.02358887952822241,138.30000000000018,effect_0-5
391,263,Thalamus,VPM,11,0.07953723788864776,29,2.6363636363636362,2435,0.01190965092402464,138.30000000000018,effect_0-5
392,264,Thalamus,VPM,5,0.036153289949385346,10,2.0,1414,0.007072135785007072,138.30000000000018,effect_0-5
393,265,Thalamus,VPM,42,0.3036876355748369,70,1.6666666666666667,1618,0.04326328800988875,138.30000000000018,effect_0-5
394,268,Thalamus,VPM,11,0.07953723788864776,19,1.7272727272727273,1125,0.016888888888888887,138.30000000000018,effect_0-5
395,269,Thalamus,VPM,9,0.06507592190889362,26,2.888888888888889,741,0.03508771929824561,138.30000000000018,effect_0-5
396,270,Thalamus,VPM,3,0.02169197396963121,5,1.6666666666666667,2198,0.0022747952684258415,138.30000000000018,effect_0-5
397,271,Thalamus,VPM,3,0.02169197396963121,7,2.3333333333333335,1694,0.004132231404958678,138.30000000000018,effect_0-5
398,272,Thalamus,VPM,1,0.007230657989877069,1,1.0,907,0.0011025358324145535,138.30000000000018,effect_0-5
399,274,Thalamus,VPM,10,0.07230657989877069,22,2.2,599,0.03672787979966611,138.30000000000018,effect_0-5
400,276,Thalamus,VPM,0,0.0,0,0.0,1043,0.0,138.30000000000018,effect_0-5
401,278,Thalamus,VPM,2,0.014461315979754138,5,2.5,606,0.00825082508250825,138.30000000000018,effect_0-5
402,279,Thalamus,VPM,2,0.014461315979754138,4,2.0,1173,0.0034100596760443308,138.30000000000018,effect_0-5
403,280,Thalamus,VPM,12,0.08676789587852483,22,1.8333333333333333,861,0.025551684088269456,138.30000000000018,effect_0-5
404,281,Thalamus,VPM,9,0.06507592190889362,16,1.7777777777777777,1039,0.015399422521655439,138.30000000000018,effect_0-5
405,290,Thalamus,VPM,29,0.20968908170643502,84,2.896551724137931,1998,0.042042042042042045,138.30000000000018,effect_0-5
406,292,Thalamus,VPM,11,0.07953723788864776,21,1.9090909090909092,1803,0.011647254575707155,138.30000000000018,effect_0-5
407,296,Other,or,5,0.036153289949385346,20,4.0,632,0.03164556962025317,138.30000000000018,effect_0-5
408,303,Other,LGd-co,7,0.05061460592913949,25,3.5714285714285716,1100,0.022727272727272728,138.30000000000018,effect_0-5
409,304,Other,LGd-co,4,0.028922631959508276,13,3.25,1971,0.006595636732623034,138.30000000000018,effect_0-5
410,305,Other,LGd-co,0,0.0,0,0.0,99,0.0,138.30000000000018,effect_0-5
411,307,Other,LGd-co,65,0.4699927693420095,360,5.538461538461538,1906,0.1888772298006296,138.30000000000018,effect_0-5
412,308,Other,LGd-co,8,0.05784526391901655,27,3.375,2366,0.011411665257819104,138.30000000000018,effect_0-5
413,309,Other,LGd-co,0,0.0,0,0.0,933,0.0,138.30000000000018,effect_0-5
414,310,Other,LGd-co,1,0.007230657989877069,3,3.0,1407,0.0021321961620469083,138.30000000000018,effect_0-5
415,311,Other,LGd-co,2,0.014461315979754138,8,4.0,1368,0.005847953216374269,138.30000000000018,effect_0-5
416,312,Other,LGd-co,11,0.07953723788864776,43,3.909090909090909,164,0.2621951219512195,138.30000000000018,effect_0-5
417,313,Other,LGd-co,0,0.0,0,0.0,407,0.0,138.30000000000018,effect_0-5
418,314,Other,LGd-co,5,0.036153289949385346,18,3.6,523,0.03441682600382409,138.30000000000018,effect_0-5
419,315,Other,LGd-co,13,0.0939985538684019,45,3.4615384615384617,2893,0.015554787417905289,138.30000000000018,effect_0-5
420,316,Other,LGd-co,27,0.19522776572668088,106,3.925925925925926,873,0.12142038946162657,138.30000000000018,effect_0-5
421,318,Other,LGd-co,7,0.05061460592913949,23,3.2857142857142856,1024,0.0224609375,138.30000000000018,effect_0-5
422,319,Other,LGd-co,6,0.04338394793926242,18,3.0,2179,0.008260670032124828,138.30000000000018,effect_0-5
423,320,Other,LGd-co,0,0.0,0,0.0,192,0.0,138.30000000000018,effect_0-5
424,323,Other,LGd-co,36,0.2603036876355745,128,3.5555555555555554,2769,0.04622607439508848,138.30000000000018,effect_0-5
425,328,Other,LGd-co,4,0.028922631959508276,14,3.5,2634,0.005315110098709187,138.30000000000018,effect_0-5
426,329,Other,LGd-co,3,0.02169197396963121,9,3.0,1721,0.005229517722254503,138.30000000000018,effect_0-5
427,331,Other,LGd-sh,7,0.05061460592913949,27,3.857142857142857,2552,0.010579937304075235,138.30000000000018,effect_0-5
428,335,Other,LGd-sh,16,0.1156905278380331,57,3.5625,1214,0.04695222405271829,138.30000000000018,effect_0-5
429,336,Other,LGd-sh,21,0.15184381778741846,77,3.6666666666666665,1947,0.03954802259887006,138.30000000000018,effect_0-5
430,337,Other,LGd-sh,16,0.1156905278380331,54,3.375,1569,0.03441682600382409,138.30000000000018,effect_0-5
431,339,Other,LGd-sh,0,0.0,0,0.0,38,0.0,138.30000000000018,effect_0-5
432,349,Other,CA1,25,0.18076644974692674,78,3.12,788,0.09898477157360407,138.30000000000018,effect_0-5
433,350,Other,CA1,416,3.007953723788861,1516,3.644230769230769,2509,0.6042247907532882,138.30000000000018,effect_0-5
434,356,Thalamus,VPM,1,0.007230657989877069,2,2.0,224,0.008928571428571428,138.30000000000018,effect_0-5
435,357,Other,LGd-co,0,0.0,0,0.0,246,0.0,138.30000000000018,effect_0-5
436,358,Other,LGd-co,6,0.04338394793926242,18,3.0,1131,0.015915119363395226,138.30000000000018,effect_0-5
437,359,Other,LGd-sh,11,0.07953723788864776,38,3.4545454545454546,1661,0.022877784467188442,138.30000000000018,effect_0-5
438,360,Other,LGd-sh,8,0.05784526391901655,28,3.5,1207,0.0231980115990058,138.30000000000018,effect_0-5
439,367,Other,MS,4,0.028922631959508276,12,3.0,3443,0.0034853325588149867,138.30000000000018,effect_0-5
440,370,Other,MS,1,0.007230657989877069,3,3.0,92,0.03260869565217391,138.30000000000018,effect_0-5
441,374,Other,MS,0,0.0,0,0.0,5,0.0,138.30000000000018,effect_0-5
442,377,Other,MS,0,0.0,0,0.0,554,0.0,138.30000000000018,effect_0-5
443,382,Other,MS,0,0.0,0,0.0,33,0.0,138.30000000000018,effect_0-5
444,384,STR,LSr,2,0.014461315979754138,6,3.0,1156,0.005190311418685121,138.30000000000018,effect_0-5
445,386,STR,LSr,1,0.007230657989877069,4,4.0,813,0.004920049200492005,138.30000000000018,effect_0-5
446,387,STR,LSr,10,0.07230657989877069,34,3.4,918,0.037037037037037035,138.30000000000018,effect_0-5
447,388,STR,LSr,0,0.0,0,0.0,712,0.0,138.30000000000018,effect_0-5
448,389,STR,LSr,0,0.0,0,0.0,738,0.0,138.30000000000018,effect_0-5
449,392,STR,LSr,0,0.0,0,0.0,329,0.0,138.30000000000018,effect_0-5
450,393,STR,LSr,29,0.20968908170643502,89,3.0689655172413794,1800,0.049444444444444444,138.30000000000018,effect_0-5
451,394,STR,LSr,11,0.07953723788864776,37,3.3636363636363638,958,0.038622129436325675,138.30000000000018,effect_0-5
452,398,STR,LSr,4,0.028922631959508276,12,3.0,1557,0.007707129094412331,138.30000000000018,effect_0-5
453,399,STR,LSr,0,0.0,0,0.0,303,0.0,138.30000000000018,effect_0-5
454,402,STR,LSr,1,0.007230657989877069,3,3.0,742,0.004043126684636119,138.30000000000018,effect_0-5
455,404,STR,LSr,0,0.0,0,0.0,63,0.0,138.30000000000018,effect_0-5
456,406,STR,LSr,1,0.007230657989877069,3,3.0,218,0.013761467889908258,138.30000000000018,effect_0-5
457,410,STR,LSr,1,0.007230657989877069,3,3.0,591,0.005076142131979695,138.30000000000018,effect_0-5
458,411,STR,LSr,0,0.0,0,0.0,263,0.0,138.30000000000018,effect_0-5
459,423,Motor,MOs6a,1,0.007230657989877069,3,3.0,205,0.014634146341463415,138.30000000000018,effect_0-5
460,425,Motor,MOs6a,2,0.014461315979754138,11,5.5,155,0.07096774193548387,138.30000000000018,effect_0-5
461,426,Motor,MOs6a,3,0.02169197396963121,15,5.0,24,0.625,138.30000000000018,effect_0-5
462,427,Motor,MOs6a,1,0.007230657989877069,3,3.0,1688,0.0017772511848341231,138.30000000000018,effect_0-5
463,429,Motor,MOs6a,61,0.4410701373825012,267,4.377049180327869,558,0.478494623655914,138.30000000000018,effect_0-5
464,431,Motor,MOs6a,91,0.6579898770788133,452,4.967032967032967,2884,0.15672676837725383,138.30000000000018,effect_0-5
465,432,Motor,MOs6a,1,0.007230657989877069,3,3.0,1096,0.002737226277372263,138.30000000000018,effect_0-5
466,438,Motor,MOs5,8,0.05784526391901655,30,3.75,834,0.03597122302158273,138.30000000000018,effect_0-5
467,440,Motor,MOs5,0,0.0,0,0.0,252,0.0,138.30000000000018,effect_0-5
468,443,Other,MS,1,0.007230657989877069,5,5.0,772,0.006476683937823834,138.30000000000018,effect_0-5
469,444,Other,MS,0,0.0,0,0.0,64,0.0,138.30000000000018,effect_0-5
470,445,STR,LSr,5,0.036153289949385346,17,3.4,892,0.01905829596412556,138.30000000000018,effect_0-5
471,448,STR,LSr,0,0.0,0,0.0,281,0.0,138.30000000000018,effect_0-5
472,449,STR,LSr,0,0.0,0,0.0,100,0.0,138.30000000000018,effect_0-5
473,451,STR,LSr,0,0.0,0,0.0,233,0.0,138.30000000000018,effect_0-5
474,453,Motor,MOs6a,0,0.0,0,0.0,549,0.0,138.30000000000018,effect_0-5
475,455,Other,MS,0,0.0,0,0.0,128,0.0,138.30000000000018,effect_0-5
476,457,Motor,MOs5,0,0.0,0,0.0,148,0.0,138.30000000000018,effect_0-5
477,0,Other,AMd,6,0.03745552156813793,18,3.0,2196,0.00819672131147541,160.1899999999996,effect_5-10
478,1,Other,AMd,10,0.06242586928022988,30,3.0,1577,0.019023462270133164,160.1899999999996,effect_5-10
479,2,Other,AMd,13,0.08115363006429885,45,3.4615384615384617,1786,0.025195968645016796,160.1899999999996,effect_5-10
480,12,Other,AMd,6,0.03745552156813793,18,3.0,2444,0.007364975450081833,160.1899999999996,effect_5-10
481,13,Other,AMd,3,0.018727760784068966,12,4.0,1073,0.011183597390493943,160.1899999999996,effect_5-10
482,15,Other,AMd,0,0.0,0,0.0,1460,0.0,160.1899999999996,effect_5-10
483,16,Other,AMd,0,0.0,0,0.0,294,0.0,160.1899999999996,effect_5-10
484,20,Other,AMd,5,0.03121293464011494,16,3.2,810,0.019753086419753086,160.1899999999996,effect_5-10
485,27,Other,AMd,17,0.10612397777639081,67,3.9411764705882355,2472,0.027103559870550162,160.1899999999996,effect_5-10
486,28,Other,AMd,10,0.06242586928022988,34,3.4,1543,0.0220349967595593,160.1899999999996,effect_5-10
487,33,Thalamus,AV,9,0.0561832823522069,16,1.7777777777777777,484,0.03305785123966942,160.1899999999996,effect_5-10
488,35,Thalamus,AV,12,0.07491104313627586,20,1.6666666666666667,1578,0.012674271229404309,160.1899999999996,effect_5-10
489,38,Thalamus,AV,11,0.06866845620825288,21,1.9090909090909092,826,0.025423728813559324,160.1899999999996,effect_5-10
490,42,Thalamus,AV,11,0.06866845620825288,18,1.6363636363636365,2030,0.008866995073891626,160.1899999999996,effect_5-10
491,51,Thalamus,AV,5,0.03121293464011494,6,1.2,2001,0.0029985007496251873,160.1899999999996,effect_5-10
492,52,Thalamus,AV,13,0.08115363006429885,15,1.1538461538461537,966,0.015527950310559006,160.1899999999996,effect_5-10
493,59,Other,AD,0,0.0,0,0.0,653,0.0,160.1899999999996,effect_5-10
494,62,Other,AD,3,0.018727760784068966,10,3.3333333333333335,1182,0.008460236886632826,160.1899999999996,effect_5-10
495,63,Other,AD,6,0.03745552156813793,19,3.1666666666666665,848,0.02240566037735849,160.1899999999996,effect_5-10
496,68,Other,AD,6,0.03745552156813793,19,3.1666666666666665,1016,0.018700787401574805,160.1899999999996,effect_5-10
497,72,Other,AD,9,0.0561832823522069,32,3.5555555555555554,1795,0.017827298050139277,160.1899999999996,effect_5-10
498,73,Other,AD,11,0.06866845620825288,36,3.272727272727273,978,0.03680981595092025,160.1899999999996,effect_5-10
499,93,Other,AD,2,0.012485173856045976,6,3.0,3766,0.0015932023366967605,160.1899999999996,effect_5-10
500,114,Other,CA3,46,0.2871589986890575,181,3.9347826086956523,282,0.6418439716312057,160.1899999999996,effect_5-10
501,118,Other,CA3,130,0.8115363006429884,485,3.730769230769231,735,0.6598639455782312,160.1899999999996,effect_5-10
502,121,Other,CA3,100,0.6242586928022988,339,3.39,1347,0.2516703786191537,160.1899999999996,effect_5-10
503,126,Other,CA3,122,0.7615956052188045,422,3.459016393442623,697,0.6054519368723099,160.1899999999996,effect_5-10
504,131,Other,CA2,7,0.04369810849616092,27,3.857142857142857,55,0.4909090909090909,160.1899999999996,effect_5-10
505,134,Somatosensory,SSp-tr6a,0,0.0,0,0.0,118,0.0,160.1899999999996,effect_5-10
506,135,Somatosensory,SSp-tr6a,11,0.06866845620825288,33,3.0,3185,0.010361067503924647,160.1899999999996,effect_5-10
507,136,Somatosensory,SSp-tr6a,0,0.0,0,0.0,1017,0.0,160.1899999999996,effect_5-10
508,137,Somatosensory,SSp-tr6a,5,0.03121293464011494,15,3.0,258,0.05813953488372093,160.1899999999996,effect_5-10
509,138,Somatosensory,SSp-tr6a,0,0.0,0,0.0,84,0.0,160.1899999999996,effect_5-10
510,140,Somatosensory,SSp-tr6a,2,0.012485173856045976,6,3.0,3109,0.0019298809906722419,160.1899999999996,effect_5-10
511,141,Somatosensory,SSp-tr6a,0,0.0,0,0.0,368,0.0,160.1899999999996,effect_5-10
512,144,Somatosensory,SSp-tr5,0,0.0,0,0.0,784,0.0,160.1899999999996,effect_5-10
513,145,Somatosensory,SSp-tr5,0,0.0,0,0.0,909,0.0,160.1899999999996,effect_5-10
514,147,Somatosensory,SSp-tr5,3,0.018727760784068966,11,3.6666666666666665,2118,0.005193578847969783,160.1899999999996,effect_5-10
515,149,Somatosensory,SSp-tr5,0,0.0,0,0.0,277,0.0,160.1899999999996,effect_5-10
516,150,Somatosensory,SSp-tr5,1,0.006242586928022988,4,4.0,1260,0.0031746031746031746,160.1899999999996,effect_5-10
517,153,Somatosensory,SSp-tr5,1,0.006242586928022988,3,3.0,1302,0.002304147465437788,160.1899999999996,effect_5-10
518,154,Somatosensory,SSp-tr5,1,0.006242586928022988,7,7.0,197,0.03553299492385787,160.1899999999996,effect_5-10
519,162,Other,CA3,0,0.0,0,0.0,9,0.0,160.1899999999996,effect_5-10
520,164,Somatosensory,SSp-tr6a,0,0.0,0,0.0,1299,0.0,160.1899999999996,effect_5-10
521,165,Somatosensory,SSp-tr6a,2,0.012485173856045976,6,3.0,1791,0.0033500837520938024,160.1899999999996,effect_5-10
522,166,Somatosensory,SSp-tr6a,0,0.0,0,0.0,1552,0.0,160.1899999999996,effect_5-10
523,168,Somatosensory,SSp-tr5,0,0.0,0,0.0,21,0.0,160.1899999999996,effect_5-10
524,170,Somatosensory,SSp-tr5,0,0.0,0,0.0,3,0.0,160.1899999999996,effect_5-10
525,173,Somatosensory,SSp-tr5,0,0.0,0,0.0,835,0.0,160.1899999999996,effect_5-10
526,185,Thalamus,Eth,11,0.06866845620825288,23,2.090909090909091,618,0.0372168284789644,160.1899999999996,effect_5-10
527,191,Thalamus,Eth,15,0.09363880392034482,33,2.2,1201,0.027477102414654453,160.1899999999996,effect_5-10
528,192,Thalamus,TH,0,0.0,0,0.0,4549,0.0,160.1899999999996,effect_5-10
529,209,Other,SUB,42,0.26218865097696553,132,3.142857142857143,2294,0.05754141238012206,160.1899999999996,effect_5-10
530,210,Other,SUB,1,0.006242586928022988,3,3.0,410,0.007317073170731708,160.1899999999996,effect_5-10
531,218,Thalamus,VPM,13,0.08115363006429885,20,1.5384615384615385,1222,0.016366612111292964,160.1899999999996,effect_5-10
532,219,Thalamus,VPM,3,0.018727760784068966,6,2.0,1703,0.0035231943628890195,160.1899999999996,effect_5-10
533,224,Thalamus,VPM,0,0.0,0,0.0,32,0.0,160.1899999999996,effect_5-10
534,227,Thalamus,VPM,10,0.06242586928022988,34,3.4,955,0.0356020942408377,160.1899999999996,effect_5-10
535,230,Thalamus,VPM,33,0.20600536862475863,65,1.9696969696969697,516,0.12596899224806202,160.1899999999996,effect_5-10
536,232,Thalamus,VPM,4,0.024970347712091952,5,1.25,356,0.014044943820224719,160.1899999999996,effect_5-10
537,233,Thalamus,VPM,0,0.0,0,0.0,1437,0.0,160.1899999999996,effect_5-10
538,235,Thalamus,VPM,18,0.1123665647044138,39,2.1666666666666665,353,0.11048158640226628,160.1899999999996,effect_5-10
539,237,Thalamus,VPM,13,0.08115363006429885,31,2.3846153846153846,639,0.048513302034428794,160.1899999999996,effect_5-10
540,238,Thalamus,VPM,15,0.09363880392034482,61,4.066666666666666,316,0.1930379746835443,160.1899999999996,effect_5-10
541,239,Thalamus,VPM,16,0.09988139084836781,35,2.1875,884,0.03959276018099547,160.1899999999996,effect_5-10
542,240,Thalamus,VPM,10,0.06242586928022988,16,1.6,1136,0.014084507042253521,160.1899999999996,effect_5-10
543,246,Thalamus,VPM,2,0.012485173856045976,4,2.0,787,0.005082592121982211,160.1899999999996,effect_5-10
544,247,Thalamus,VPM,2,0.012485173856045976,4,2.0,573,0.006980802792321117,160.1899999999996,effect_5-10
545,248,Thalamus,VPM,0,0.0,0,0.0,1200,0.0,160.1899999999996,effect_5-10
546,250,Thalamus,VPM,0,0.0,0,0.0,524,0.0,160.1899999999996,effect_5-10
547,254,Thalamus,VPM,0,0.0,0,0.0,149,0.0,160.1899999999996,effect_5-10
548,256,Thalamus,VPM,12,0.07491104313627586,30,2.5,237,0.12658227848101267,160.1899999999996,effect_5-10
549,258,Thalamus,VPM,15,0.09363880392034482,33,2.2,1219,0.027071369975389663,160.1899999999996,effect_5-10
550,263,Thalamus,VPM,21,0.13109432548848277,44,2.0952380952380953,2177,0.020211299954065228,160.1899999999996,effect_5-10
551,264,Thalamus,VPM,9,0.0561832823522069,16,1.7777777777777777,1303,0.012279355333844973,160.1899999999996,effect_5-10
552,265,Thalamus,VPM,54,0.33709969411324137,74,1.3703703703703705,1691,0.04376108811354228,160.1899999999996,effect_5-10
553,268,Thalamus,VPM,8,0.049940695424183904,18,2.25,1271,0.014162077104642014,160.1899999999996,effect_5-10
554,269,Thalamus,VPM,5,0.03121293464011494,16,3.2,718,0.022284122562674095,160.1899999999996,effect_5-10
555,270,Thalamus,VPM,8,0.049940695424183904,13,1.625,2410,0.0053941908713692945,160.1899999999996,effect_5-10
556,271,Thalamus,VPM,7,0.04369810849616092,12,1.7142857142857142,1579,0.007599746675110829,160.1899999999996,effect_5-10
557,272,Thalamus,VPM,0,0.0,0,0.0,994,0.0,160.1899999999996,effect_5-10
558,274,Thalamus,VPM,5,0.03121293464011494,9,1.8,673,0.01337295690936107,160.1899999999996,effect_5-10
559,276,Thalamus,VPM,0,0.0,0,0.0,1115,0.0,160.1899999999996,effect_5-10
560,278,Thalamus,VPM,10,0.06242586928022988,17,1.7,545,0.031192660550458717,160.1899999999996,effect_5-10
561,279,Thalamus,VPM,3,0.018727760784068966,6,2.0,969,0.006191950464396285,160.1899999999996,effect_5-10
562,280,Thalamus,VPM,19,0.11860915163243678,31,1.631578947368421,958,0.032359081419624215,160.1899999999996,effect_5-10
563,281,Thalamus,VPM,11,0.06866845620825288,19,1.7272727272727273,809,0.023485784919653894,160.1899999999996,effect_5-10
564,290,Thalamus,VPM,12,0.07491104313627586,19,1.5833333333333333,685,0.027737226277372264,160.1899999999996,effect_5-10
565,292,Thalamus,VPM,12,0.07491104313627586,19,1.5833333333333333,1324,0.014350453172205438,160.1899999999996,effect_5-10
566,296,Other,or,3,0.018727760784068966,11,3.6666666666666665,647,0.017001545595054096,160.1899999999996,effect_5-10
567,303,Other,LGd-co,1,0.006242586928022988,3,3.0,1023,0.002932551319648094,160.1899999999996,effect_5-10
568,304,Other,LGd-co,6,0.03745552156813793,19,3.1666666666666665,2190,0.008675799086757991,160.1899999999996,effect_5-10
569,305,Other,LGd-co,0,0.0,0,0.0,117,0.0,160.1899999999996,effect_5-10
570,307,Other,LGd-co,47,0.29340158561708046,232,4.9361702127659575,2127,0.10907381288199341,160.1899999999996,effect_5-10
571,308,Other,LGd-co,8,0.049940695424183904,25,3.125,2331,0.010725010725010725,160.1899999999996,effect_5-10
572,309,Other,LGd-co,3,0.018727760784068966,13,4.333333333333333,875,0.014857142857142857,160.1899999999996,effect_5-10
573,310,Other,LGd-co,2,0.012485173856045976,6,3.0,1811,0.0033130866924351186,160.1899999999996,effect_5-10
574,311,Other,LGd-co,3,0.018727760784068966,9,3.0,1892,0.0047568710359408035,160.1899999999996,effect_5-10
575,312,Other,LGd-co,17,0.10612397777639081,59,3.4705882352941178,185,0.31891891891891894,160.1899999999996,effect_5-10
576,313,Other,LGd-co,1,0.006242586928022988,3,3.0,447,0.006711409395973154,160.1899999999996,effect_5-10
577,314,Other,LGd-co,7,0.04369810849616092,23,3.2857142857142856,542,0.042435424354243544,160.1899999999996,effect_5-10
578,315,Other,LGd-co,9,0.0561832823522069,31,3.4444444444444446,3315,0.009351432880844645,160.1899999999996,effect_5-10
579,316,Other,LGd-co,38,0.23721830326487356,159,4.184210526315789,953,0.16684155299055614,160.1899999999996,effect_5-10
580,318,Other,LGd-co,2,0.012485173856045976,8,4.0,850,0.009411764705882352,160.1899999999996,effect_5-10
581,319,Other,LGd-co,3,0.018727760784068966,10,3.3333333333333335,2230,0.004484304932735426,160.1899999999996,effect_5-10
582,320,Other,LGd-co,0,0.0,0,0.0,195,0.0,160.1899999999996,effect_5-10
583,323,Other,LGd-co,30,0.18727760784068964,100,3.3333333333333335,3041,0.03288391976323578,160.1899999999996,effect_5-10
584,328,Other,LGd-co,9,0.0561832823522069,33,3.6666666666666665,2895,0.011398963730569948,160.1899999999996,effect_5-10
585,329,Other,LGd-co,6,0.03745552156813793,24,4.0,1949,0.012314007183170857,160.1899999999996,effect_5-10
586,331,Other,LGd-sh,5,0.03121293464011494,19,3.8,3070,0.006188925081433224,160.1899999999996,effect_5-10
587,335,Other,LGd-sh,29,0.18103502091266666,104,3.586206896551724,1335,0.07790262172284644,160.1899999999996,effect_5-10
588,336,Other,LGd-sh,18,0.1123665647044138,69,3.8333333333333335,2139,0.03225806451612903,160.1899999999996,effect_5-10
589,337,Other,LGd-sh,17,0.10612397777639081,61,3.588235294117647,1548,0.03940568475452196,160.1899999999996,effect_5-10
590,339,Other,LGd-sh,0,0.0,0,0.0,51,0.0,160.1899999999996,effect_5-10
591,349,Other,CA1,48,0.29964417254510345,154,3.2083333333333335,941,0.1636556854410202,160.1899999999996,effect_5-10
592,350,Other,CA1,491,3.0651101816592874,1797,3.659877800407332,3043,0.5905356556030233,160.1899999999996,effect_5-10
593,356,Thalamus,VPM,1,0.006242586928022988,2,2.0,361,0.00554016620498615,160.1899999999996,effect_5-10
594,357,Other,LGd-co,0,0.0,0,0.0,231,0.0,160.1899999999996,effect_5-10
595,358,Other,LGd-co,9,0.0561832823522069,35,3.888888888888889,1208,0.028973509933774833,160.1899999999996,effect_5-10
596,359,Other,LGd-sh,12,0.07491104313627586,39,3.25,1755,0.022222222222222223,160.1899999999996,effect_5-10
597,360,Other,LGd-sh,18,0.1123665647044138,62,3.4444444444444446,1343,0.04616530156366344,160.1899999999996,effect_5-10
598,367,Other,MS,5,0.03121293464011494,18,3.6,4034,0.004462072384729797,160.1899999999996,effect_5-10
599,370,Other,MS,0,0.0,0,0.0,111,0.0,160.1899999999996,effect_5-10
600,374,Other,MS,0,0.0,0,0.0,15,0.0,160.1899999999996,effect_5-10
601,377,Other,MS,1,0.006242586928022988,3,3.0,648,0.004629629629629629,160.1899999999996,effect_5-10
602,382,Other,MS,0,0.0,0,0.0,25,0.0,160.1899999999996,effect_5-10
603,384,STR,LSr,0,0.0,0,0.0,1362,0.0,160.1899999999996,effect_5-10
604,386,STR,LSr,1,0.006242586928022988,3,3.0,812,0.003694581280788177,160.1899999999996,effect_5-10
605,387,STR,LSr,4,0.024970347712091952,12,3.0,954,0.012578616352201259,160.1899999999996,effect_5-10
606,388,STR,LSr,2,0.012485173856045976,6,3.0,849,0.007067137809187279,160.1899999999996,effect_5-10
607,389,STR,LSr,0,0.0,0,0.0,808,0.0,160.1899999999996,effect_5-10
608,392,STR,LSr,0,0.0,0,0.0,369,0.0,160.1899999999996,effect_5-10
609,393,STR,LSr,36,0.2247331294088276,113,3.138888888888889,2108,0.053605313092979126,160.1899999999996,effect_5-10
610,394,STR,LSr,6,0.03745552156813793,21,3.5,1114,0.018850987432675045,160.1899999999996,effect_5-10
611,398,STR,LSr,3,0.018727760784068966,9,3.0,1709,0.0052662375658279695,160.1899999999996,effect_5-10
612,399,STR,LSr,0,0.0,0,0.0,441,0.0,160.1899999999996,effect_5-10
613,402,STR,LSr,1,0.006242586928022988,3,3.0,735,0.004081632653061225,160.1899999999996,effect_5-10
614,404,STR,LSr,0,0.0,0,0.0,90,0.0,160.1899999999996,effect_5-10
615,406,STR,LSr,0,0.0,0,0.0,185,0.0,160.1899999999996,effect_5-10
616,410,STR,LSr,0,0.0,0,0.0,555,0.0,160.1899999999996,effect_5-10
617,411,STR,LSr,0,0.0,0,0.0,338,0.0,160.1899999999996,effect_5-10
618,423,Motor,MOs6a,4,0.024970347712091952,14,3.5,260,0.05384615384615385,160.1899999999996,effect_5-10
619,425,Motor,MOs6a,1,0.006242586928022988,3,3.0,325,0.009230769230769232,160.1899999999996,effect_5-10
620,426,Motor,MOs6a,4,0.024970347712091952,23,5.75,34,0.6764705882352942,160.1899999999996,effect_5-10
621,427,Motor,MOs6a,2,0.012485173856045976,6,3.0,1974,0.00303951367781155,160.1899999999996,effect_5-10
622,429,Motor,MOs6a,46,0.2871589986890575,186,4.043478260869565,454,0.40969162995594716,160.1899999999996,effect_5-10
623,431,Motor,MOs6a,131,0.8177788875710115,659,5.030534351145038,3688,0.1786876355748373,160.1899999999996,effect_5-10
624,432,Motor,MOs6a,3,0.018727760784068966,14,4.666666666666667,1222,0.011456628477905073,160.1899999999996,effect_5-10
625,438,Motor,MOs5,15,0.09363880392034482,58,3.8666666666666667,1096,0.05291970802919708,160.1899999999996,effect_5-10
626,440,Motor,MOs5,0,0.0,0,0.0,335,0.0,160.1899999999996,effect_5-10
627,443,Other,MS,1,0.006242586928022988,3,3.0,795,0.0037735849056603774,160.1899999999996,effect_5-10
628,444,Other,MS,0,0.0,0,0.0,63,0.0,160.1899999999996,effect_5-10
629,445,STR,LSr,4,0.024970347712091952,15,3.75,1025,0.014634146341463415,160.1899999999996,effect_5-10
630,448,STR,LSr,0,0.0,0,0.0,303,0.0,160.1899999999996,effect_5-10
631,449,STR,LSr,0,0.0,0,0.0,152,0.0,160.1899999999996,effect_5-10
632,451,STR,LSr,0,0.0,0,0.0,311,0.0,160.1899999999996,effect_5-10
633,453,Motor,MOs6a,1,0.006242586928022988,3,3.0,612,0.004901960784313725,160.1899999999996,effect_5-10
634,455,Other,MS,0,0.0,0,0.0,155,0.0,160.1899999999996,effect_5-10
635,457,Motor,MOs5,0,0.0,0,0.0,182,0.0,160.1899999999996,effect_5-10
636,0,Other,AMd,4,0.023272050267628686,12,3.0,2321,0.005170185264971995,171.8799999999992,effect_10-15
637,1,Other,AMd,17,0.09890621363742191,58,3.411764705882353,2577,0.022506790842064417,171.8799999999992,effect_10-15
638,2,Other,AMd,6,0.03490807540144303,19,3.1666666666666665,1097,0.01731996353691887,171.8799999999992,effect_10-15
639,12,Other,AMd,8,0.04654410053525737,25,3.125,2932,0.008526603001364257,171.8799999999992,effect_10-15
640,13,Other,AMd,14,0.0814521759367004,48,3.4285714285714284,1263,0.03800475059382423,171.8799999999992,effect_10-15
641,15,Other,AMd,1,0.005818012566907171,3,3.0,1593,0.0018832391713747645,171.8799999999992,effect_10-15
642,16,Other,AMd,0,0.0,0,0.0,320,0.0,171.8799999999992,effect_10-15
643,20,Other,AMd,4,0.023272050267628686,12,3.0,1036,0.011583011583011582,171.8799999999992,effect_10-15
644,27,Other,AMd,18,0.10472422620432909,64,3.5555555555555554,2570,0.024902723735408562,171.8799999999992,effect_10-15
645,28,Other,AMd,17,0.09890621363742191,66,3.8823529411764706,1654,0.03990326481257558,171.8799999999992,effect_10-15
646,33,Thalamus,AV,3,0.017454037700721514,5,1.6666666666666667,520,0.009615384615384616,171.8799999999992,effect_10-15
647,35,Thalamus,AV,9,0.05236211310216454,23,2.5555555555555554,1798,0.012791991101223582,171.8799999999992,effect_10-15
648,38,Thalamus,AV,14,0.0814521759367004,33,2.357142857142857,717,0.04602510460251046,171.8799999999992,effect_10-15
649,42,Thalamus,AV,12,0.06981615080288606,14,1.1666666666666667,2282,0.006134969325153374,171.8799999999992,effect_10-15
650,51,Thalamus,AV,13,0.07563416336979323,22,1.6923076923076923,1837,0.011976047904191617,171.8799999999992,effect_10-15
651,52,Thalamus,AV,21,0.1221782639050506,38,1.8095238095238095,1024,0.037109375,171.8799999999992,effect_10-15
652,59,Other,AD,2,0.011636025133814343,6,3.0,582,0.010309278350515464,171.8799999999992,effect_10-15
653,62,Other,AD,11,0.06399813823597889,36,3.272727272727273,1023,0.03519061583577713,171.8799999999992,effect_10-15
654,63,Other,AD,13,0.07563416336979323,42,3.230769230769231,976,0.0430327868852459,171.8799999999992,effect_10-15
655,68,Other,AD,12,0.06981615080288606,38,3.1666666666666665,1199,0.0316930775646372,171.8799999999992,effect_10-15
656,72,Other,AD,25,0.14545031417267928,81,3.24,2236,0.03622540250447227,171.8799999999992,effect_10-15
657,73,Other,AD,24,0.1396323016057721,90,3.75,1402,0.06419400855920114,171.8799999999992,effect_10-15
658,93,Other,AD,2,0.011636025133814343,8,4.0,3903,0.0020497053548552396,171.8799999999992,effect_10-15
659,114,Other,CA3,78,0.45380498021875937,325,4.166666666666667,443,0.7336343115124153,171.8799999999992,effect_10-15
660,118,Other,CA3,149,0.8668838724691685,551,3.697986577181208,860,0.6406976744186047,171.8799999999992,effect_10-15
661,121,Other,CA3,90,0.5236211310216454,301,3.3444444444444446,1685,0.17863501483679525,171.8799999999992,effect_10-15
662,126,Other,CA3,110,0.6399813823597889,394,3.581818181818182,720,0.5472222222222223,171.8799999999992,effect_10-15
663,131,Other,CA2,5,0.029090062834535857,22,4.4,66,0.3333333333333333,171.8799999999992,effect_10-15
664,134,Somatosensory,SSp-tr6a,0,0.0,0,0.0,152,0.0,171.8799999999992,effect_10-15
665,135,Somatosensory,SSp-tr6a,5,0.029090062834535857,15,3.0,3243,0.004625346901017576,171.8799999999992,effect_10-15
666,136,Somatosensory,SSp-tr6a,0,0.0,0,0.0,1161,0.0,171.8799999999992,effect_10-15
667,137,Somatosensory,SSp-tr6a,11,0.06399813823597889,38,3.4545454545454546,392,0.09693877551020408,171.8799999999992,effect_10-15
668,138,Somatosensory,SSp-tr6a,0,0.0,0,0.0,121,0.0,171.8799999999992,effect_10-15
669,140,Somatosensory,SSp-tr6a,0,0.0,0,0.0,3359,0.0,171.8799999999992,effect_10-15
670,141,Somatosensory,SSp-tr6a,0,0.0,0,0.0,504,0.0,171.8799999999992,effect_10-15
671,144,Somatosensory,SSp-tr5,1,0.005818012566907171,3,3.0,1252,0.0023961661341853034,171.8799999999992,effect_10-15
672,145,Somatosensory,SSp-tr5,2,0.011636025133814343,6,3.0,1153,0.005203816131830009,171.8799999999992,effect_10-15
673,147,Somatosensory,SSp-tr5,2,0.011636025133814343,6,3.0,2569,0.0023355391202802647,171.8799999999992,effect_10-15
674,149,Somatosensory,SSp-tr5,0,0.0,0,0.0,160,0.0,171.8799999999992,effect_10-15
675,150,Somatosensory,SSp-tr5,0,0.0,0,0.0,1695,0.0,171.8799999999992,effect_10-15
676,153,Somatosensory,SSp-tr5,1,0.005818012566907171,3,3.0,1492,0.0020107238605898124,171.8799999999992,effect_10-15
677,154,Somatosensory,SSp-tr5,1,0.005818012566907171,4,4.0,172,0.023255813953488372,171.8799999999992,effect_10-15
678,162,Other,CA3,0,0.0,0,0.0,12,0.0,171.8799999999992,effect_10-15
679,164,Somatosensory,SSp-tr6a,0,0.0,0,0.0,1577,0.0,171.8799999999992,effect_10-15
680,165,Somatosensory,SSp-tr6a,0,0.0,0,0.0,1980,0.0,171.8799999999992,effect_10-15
681,166,Somatosensory,SSp-tr6a,0,0.0,0,0.0,1794,0.0,171.8799999999992,effect_10-15
682,168,Somatosensory,SSp-tr5,0,0.0,0,0.0,25,0.0,171.8799999999992,effect_10-15
683,170,Somatosensory,SSp-tr5,0,0.0,0,0.0,4,0.0,171.8799999999992,effect_10-15
684,173,Somatosensory,SSp-tr5,0,0.0,0,0.0,917,0.0,171.8799999999992,effect_10-15
685,185,Thalamus,Eth,15,0.08727018850360757,30,2.0,677,0.04431314623338257,171.8799999999992,effect_10-15
686,191,Thalamus,Eth,7,0.0407260879683502,15,2.142857142857143,1032,0.014534883720930232,171.8799999999992,effect_10-15
687,192,Thalamus,TH,0,0.0,0,0.0,4721,0.0,171.8799999999992,effect_10-15
688,209,Other,SUB,34,0.19781242727484383,103,3.0294117647058822,2261,0.04555506413091552,171.8799999999992,effect_10-15
689,210,Other,SUB,2,0.011636025133814343,6,3.0,384,0.015625,171.8799999999992,effect_10-15
690,218,Thalamus,VPM,3,0.017454037700721514,4,1.3333333333333333,1389,0.0028797696184305254,171.8799999999992,effect_10-15
691,219,Thalamus,VPM,1,0.005818012566907171,1,1.0,1588,0.0006297229219143577,171.8799999999992,effect_10-15
692,224,Thalamus,VPM,0,0.0,0,0.0,43,0.0,171.8799999999992,effect_10-15
693,227,Thalamus,VPM,7,0.0407260879683502,20,2.857142857142857,976,0.020491803278688523,171.8799999999992,effect_10-15
694,230,Thalamus,VPM,37,0.21526646497556534,76,2.054054054054054,581,0.13080895008605853,171.8799999999992,effect_10-15
695,232,Thalamus,VPM,8,0.04654410053525737,11,1.375,369,0.02981029810298103,171.8799999999992,effect_10-15
696,233,Thalamus,VPM,3,0.017454037700721514,5,1.6666666666666667,1213,0.004122011541632316,171.8799999999992,effect_10-15
697,235,Thalamus,VPM,12,0.06981615080288606,26,2.1666666666666665,531,0.04896421845574388,171.8799999999992,effect_10-15
698,237,Thalamus,VPM,24,0.1396323016057721,66,2.75,874,0.07551487414187644,171.8799999999992,effect_10-15
699,238,Thalamus,VPM,25,0.14545031417267928,83,3.32,356,0.23314606741573032,171.8799999999992,effect_10-15
700,239,Thalamus,VPM,17,0.09890621363742191,41,2.411764705882353,914,0.044857768052516414,171.8799999999992,effect_10-15
701,240,Thalamus,VPM,13,0.07563416336979323,23,1.7692307692307692,1148,0.02003484320557491,171.8799999999992,effect_10-15
702,246,Thalamus,VPM,1,0.005818012566907171,2,2.0,959,0.0020855057351407717,171.8799999999992,effect_10-15
703,247,Thalamus,VPM,8,0.04654410053525737,17,2.125,677,0.025110782865583457,171.8799999999992,effect_10-15
704,248,Thalamus,VPM,1,0.005818012566907171,2,2.0,1385,0.001444043321299639,171.8799999999992,effect_10-15
705,250,Thalamus,VPM,0,0.0,0,0.0,617,0.0,171.8799999999992,effect_10-15
706,254,Thalamus,VPM,0,0.0,0,0.0,198,0.0,171.8799999999992,effect_10-15
707,256,Thalamus,VPM,10,0.058180125669071714,32,3.2,294,0.10884353741496598,171.8799999999992,effect_10-15
708,258,Thalamus,VPM,17,0.09890621363742191,40,2.3529411764705883,1549,0.025823111684958037,171.8799999999992,effect_10-15
709,263,Thalamus,VPM,16,0.09308820107051474,36,2.25,2616,0.013761467889908258,171.8799999999992,effect_10-15
710,264,Thalamus,VPM,7,0.0407260879683502,12,1.7142857142857142,1795,0.006685236768802228,171.8799999999992,effect_10-15
711,265,Thalamus,VPM,80,0.4654410053525737,116,1.45,1957,0.05927439959121104,171.8799999999992,effect_10-15
712,268,Thalamus,VPM,20,0.11636025133814343,42,2.1,1208,0.0347682119205298,171.8799999999992,effect_10-15
713,269,Thalamus,VPM,7,0.0407260879683502,21,3.0,831,0.02527075812274368,171.8799999999992,effect_10-15
714,270,Thalamus,VPM,6,0.03490807540144303,9,1.5,2104,0.0042775665399239545,171.8799999999992,effect_10-15
715,271,Thalamus,VPM,11,0.06399813823597889,17,1.5454545454545454,1475,0.01152542372881356,171.8799999999992,effect_10-15
716,272,Thalamus,VPM,0,0.0,0,0.0,841,0.0,171.8799999999992,effect_10-15
717,274,Thalamus,VPM,11,0.06399813823597889,24,2.1818181818181817,872,0.027522935779816515,171.8799999999992,effect_10-15
718,276,Thalamus,VPM,0,0.0,0,0.0,1040,0.0,171.8799999999992,effect_10-15
719,278,Thalamus,VPM,5,0.029090062834535857,9,1.8,505,0.01782178217821782,171.8799999999992,effect_10-15
720,279,Thalamus,VPM,5,0.029090062834535857,10,2.0,823,0.012150668286755772,171.8799999999992,effect_10-15
721,280,Thalamus,VPM,10,0.058180125669071714,19,1.9,869,0.02186421173762946,171.8799999999992,effect_10-15
722,281,Thalamus,VPM,5,0.029090062834535857,7,1.4,715,0.009790209790209791,171.8799999999992,effect_10-15
723,290,Thalamus,VPM,16,0.09308820107051474,39,2.4375,926,0.042116630669546434,171.8799999999992,effect_10-15
724,292,Thalamus,VPM,9,0.05236211310216454,14,1.5555555555555556,993,0.014098690835850957,171.8799999999992,effect_10-15
725,296,Other,or,7,0.0407260879683502,22,3.142857142857143,642,0.03426791277258567,171.8799999999992,effect_10-15
726,303,Other,LGd-co,4,0.023272050267628686,18,4.5,960,0.01875,171.8799999999992,effect_10-15
727,304,Other,LGd-co,4,0.023272050267628686,12,3.0,2222,0.0054005400540054005,171.8799999999992,effect_10-15
728,305,Other,LGd-co,0,0.0,0,0.0,93,0.0,171.8799999999992,effect_10-15
729,307,Other,LGd-co,24,0.1396323016057721,86,3.5833333333333335,2574,0.03341103341103341,171.8799999999992,effect_10-15
730,308,Other,LGd-co,6,0.03490807540144303,20,3.3333333333333335,2712,0.007374631268436578,171.8799999999992,effect_10-15
731,309,Other,LGd-co,1,0.005818012566907171,3,3.0,1006,0.002982107355864811,171.8799999999992,effect_10-15
732,310,Other,LGd-co,2,0.011636025133814343,6,3.0,2082,0.002881844380403458,171.8799999999992,effect_10-15
733,311,Other,LGd-co,1,0.005818012566907171,3,3.0,1456,0.0020604395604395605,171.8799999999992,effect_10-15
734,312,Other,LGd-co,21,0.1221782639050506,77,3.6666666666666665,203,0.3793103448275862,171.8799999999992,effect_10-15
735,313,Other,LGd-co,0,0.0,0,0.0,212,0.0,171.8799999999992,effect_10-15
736,314,Other,LGd-co,8,0.04654410053525737,28,3.5,531,0.05273069679849341,171.8799999999992,effect_10-15
737,315,Other,LGd-co,9,0.05236211310216454,28,3.111111111111111,3336,0.008393285371702638,171.8799999999992,effect_10-15
738,316,Other,LGd-co,40,0.23272050267628686,172,4.3,1084,0.15867158671586715,171.8799999999992,effect_10-15
739,318,Other,LGd-co,3,0.017454037700721514,10,3.3333333333333335,1095,0.0091324200913242,171.8799999999992,effect_10-15
740,319,Other,LGd-co,8,0.04654410053525737,27,3.375,2114,0.012771996215704825,171.8799999999992,effect_10-15
741,320,Other,LGd-co,0,0.0,0,0.0,216,0.0,171.8799999999992,effect_10-15
742,323,Other,LGd-co,16,0.09308820107051474,55,3.4375,3086,0.01782242384964355,171.8799999999992,effect_10-15
743,328,Other,LGd-co,3,0.017454037700721514,9,3.0,3210,0.002803738317757009,171.8799999999992,effect_10-15
744,329,Other,LGd-co,12,0.06981615080288606,44,3.6666666666666665,1808,0.024336283185840708,171.8799999999992,effect_10-15
745,331,Other,LGd-sh,6,0.03490807540144303,22,3.6666666666666665,2613,0.008419441255262151,171.8799999999992,effect_10-15
746,335,Other,LGd-sh,31,0.1803583895741223,113,3.6451612903225805,1488,0.07594086021505377,171.8799999999992,effect_10-15
747,336,Other,LGd-sh,16,0.09308820107051474,65,4.0625,2255,0.028824833702882482,171.8799999999992,effect_10-15
748,337,Other,LGd-sh,14,0.0814521759367004,50,3.5714285714285716,1642,0.030450669914738125,171.8799999999992,effect_10-15
749,339,Other,LGd-sh,0,0.0,0,0.0,41,0.0,171.8799999999992,effect_10-15
750,349,Other,CA1,55,0.3199906911798944,181,3.290909090909091,1104,0.16394927536231885,171.8799999999992,effect_10-15
751,350,Other,CA1,531,3.089364673027708,1919,3.6139359698681734,3183,0.602890355010996,171.8799999999992,effect_10-15
752,356,Thalamus,VPM,4,0.023272050267628686,8,2.0,367,0.021798365122615803,171.8799999999992,effect_10-15
753,357,Other,LGd-co,0,0.0,0,0.0,234,0.0,171.8799999999992,effect_10-15
754,358,Other,LGd-co,12,0.06981615080288606,47,3.9166666666666665,880,0.053409090909090906,171.8799999999992,effect_10-15
755,359,Other,LGd-sh,13,0.07563416336979323,44,3.3846153846153846,1567,0.028079132099553285,171.8799999999992,effect_10-15
756,360,Other,LGd-sh,14,0.0814521759367004,48,3.4285714285714284,1416,0.03389830508474576,171.8799999999992,effect_10-15
757,367,Other,MS,7,0.0407260879683502,27,3.857142857142857,4642,0.005816458423093494,171.8799999999992,effect_10-15
758,370,Other,MS,0,0.0,0,0.0,113,0.0,171.8799999999992,effect_10-15
759,374,Other,MS,0,0.0,0,0.0,15,0.0,171.8799999999992,effect_10-15
760,377,Other,MS,0,0.0,0,0.0,601,0.0,171.8799999999992,effect_10-15
761,382,Other,MS,0,0.0,0,0.0,29,0.0,171.8799999999992,effect_10-15
762,384,STR,LSr,2,0.011636025133814343,6,3.0,1534,0.003911342894393742,171.8799999999992,effect_10-15
763,386,STR,LSr,3,0.017454037700721514,10,3.3333333333333335,869,0.011507479861910242,171.8799999999992,effect_10-15
764,387,STR,LSr,6,0.03490807540144303,19,3.1666666666666665,986,0.019269776876267748,171.8799999999992,effect_10-15
765,388,STR,LSr,0,0.0,0,0.0,874,0.0,171.8799999999992,effect_10-15
766,389,STR,LSr,0,0.0,0,0.0,901,0.0,171.8799999999992,effect_10-15
767,392,STR,LSr,0,0.0,0,0.0,401,0.0,171.8799999999992,effect_10-15
768,393,STR,LSr,36,0.20944845240865817,116,3.2222222222222223,2029,0.05717102020699852,171.8799999999992,effect_10-15
769,394,STR,LSr,8,0.04654410053525737,29,3.625,1210,0.023966942148760332,171.8799999999992,effect_10-15
770,398,STR,LSr,7,0.0407260879683502,23,3.2857142857142856,1768,0.013009049773755657,171.8799999999992,effect_10-15
771,399,STR,LSr,1,0.005818012566907171,3,3.0,487,0.006160164271047228,171.8799999999992,effect_10-15
772,402,STR,LSr,5,0.029090062834535857,15,3.0,835,0.017964071856287425,171.8799999999992,effect_10-15
773,404,STR,LSr,0,0.0,0,0.0,118,0.0,171.8799999999992,effect_10-15
774,406,STR,LSr,0,0.0,0,0.0,188,0.0,171.8799999999992,effect_10-15
775,410,STR,LSr,0,0.0,0,0.0,570,0.0,171.8799999999992,effect_10-15
776,411,STR,LSr,1,0.005818012566907171,3,3.0,324,0.009259259259259259,171.8799999999992,effect_10-15
777,423,Motor,MOs6a,4,0.023272050267628686,13,3.25,308,0.04220779220779221,171.8799999999992,effect_10-15
778,425,Motor,MOs6a,1,0.005818012566907171,3,3.0,338,0.008875739644970414,171.8799999999992,effect_10-15
779,426,Motor,MOs6a,1,0.005818012566907171,3,3.0,14,0.21428571428571427,171.8799999999992,effect_10-15
780,427,Motor,MOs6a,6,0.03490807540144303,21,3.5,2306,0.009106678230702514,171.8799999999992,effect_10-15
781,429,Motor,MOs6a,53,0.3083546660460801,235,4.433962264150943,542,0.43357933579335795,171.8799999999992,effect_10-15
782,431,Motor,MOs6a,133,0.7737956713986538,608,4.571428571428571,3608,0.16851441241685144,171.8799999999992,effect_10-15
783,432,Motor,MOs6a,8,0.04654410053525737,28,3.5,1370,0.020437956204379562,171.8799999999992,effect_10-15
784,438,Motor,MOs5,15,0.08727018850360757,61,4.066666666666666,1037,0.058823529411764705,171.8799999999992,effect_10-15
785,440,Motor,MOs5,0,0.0,0,0.0,391,0.0,171.8799999999992,effect_10-15
786,443,Other,MS,4,0.023272050267628686,15,3.75,887,0.016910935738444193,171.8799999999992,effect_10-15
787,444,Other,MS,0,0.0,0,0.0,56,0.0,171.8799999999992,effect_10-15
788,445,STR,LSr,11,0.06399813823597889,37,3.3636363636363638,1191,0.031066330814441646,171.8799999999992,effect_10-15
789,448,STR,LSr,0,0.0,0,0.0,274,0.0,171.8799999999992,effect_10-15
790,449,STR,LSr,1,0.005818012566907171,3,3.0,226,0.01327433628318584,171.8799999999992,effect_10-15
791,451,STR,LSr,0,0.0,0,0.0,349,0.0,171.8799999999992,effect_10-15
792,453,Motor,MOs6a,4,0.023272050267628686,12,3.0,644,0.018633540372670808,171.8799999999992,effect_10-15
793,455,Other,MS,0,0.0,0,0.0,138,0.0,171.8799999999992,effect_10-15
794,457,Motor,MOs5,0,0.0,0,0.0,228,0.0,171.8799999999992,effect_10-15
795,0,Other,AMd,11,0.06738957299516,37,3.3636363636363638,2227,0.01661427929950606,163.23000000000047,effect_15-20
796,1,Other,AMd,15,0.09189487226612729,47,3.1333333333333333,2533,0.018555073035925778,163.23000000000047,effect_15-20
797,2,Other,AMd,8,0.04901059854193455,24,3.0,608,0.039473684210526314,163.23000000000047,effect_15-20
798,12,Other,AMd,15,0.09189487226612729,59,3.933333333333333,2828,0.02086280056577086,163.23000000000047,effect_15-20
799,13,Other,AMd,7,0.042884273724192734,32,4.571428571428571,1416,0.022598870056497175,163.23000000000047,effect_15-20
800,15,Other,AMd,0,0.0,0,0.0,1678,0.0,163.23000000000047,effect_15-20
801,16,Other,AMd,0,0.0,0,0.0,318,0.0,163.23000000000047,effect_15-20
802,20,Other,AMd,3,0.018378974453225456,10,3.3333333333333335,1026,0.009746588693957114,163.23000000000047,effect_15-20
803,27,Other,AMd,11,0.06738957299516,45,4.090909090909091,2315,0.019438444924406047,163.23000000000047,effect_15-20
804,28,Other,AMd,14,0.08576854744838547,56,4.0,1795,0.03119777158774373,163.23000000000047,effect_15-20
805,33,Thalamus,AV,2,0.012252649635483637,3,1.5,570,0.005263157894736842,163.23000000000047,effect_15-20
806,35,Thalamus,AV,11,0.06738957299516,21,1.9090909090909092,2189,0.009593421653723162,163.23000000000047,effect_15-20
807,38,Thalamus,AV,15,0.09189487226612729,29,1.9333333333333333,735,0.03945578231292517,163.23000000000047,effect_15-20
808,42,Thalamus,AV,12,0.07351589781290183,15,1.25,2317,0.006473888649115235,163.23000000000047,effect_15-20
809,51,Thalamus,AV,9,0.05513692335967637,16,1.7777777777777777,2232,0.007168458781362007,163.23000000000047,effect_15-20
810,52,Thalamus,AV,25,0.1531581204435455,50,2.0,1064,0.046992481203007516,163.23000000000047,effect_15-20
811,59,Other,AD,3,0.018378974453225456,9,3.0,397,0.022670025188916875,163.23000000000047,effect_15-20
812,62,Other,AD,4,0.024505299270967274,15,3.75,929,0.016146393972012917,163.23000000000047,effect_15-20
813,63,Other,AD,19,0.11640017153709456,58,3.0526315789473686,920,0.06304347826086956,163.23000000000047,effect_15-20
814,68,Other,AD,10,0.06126324817741819,31,3.1,1409,0.0220014194464159,163.23000000000047,effect_15-20
815,72,Other,AD,11,0.06738957299516,39,3.5454545454545454,1983,0.019667170953101363,163.23000000000047,effect_15-20
816,73,Other,AD,8,0.04901059854193455,28,3.5,1325,0.021132075471698115,163.23000000000047,effect_15-20
817,93,Other,AD,4,0.024505299270967274,15,3.75,3709,0.004044216770018873,163.23000000000047,effect_15-20
818,114,Other,CA3,42,0.2573056423451564,178,4.238095238095238,245,0.726530612244898,163.23000000000047,effect_15-20
819,118,Other,CA3,171,1.047601543833851,641,3.7485380116959064,948,0.6761603375527426,163.23000000000047,effect_15-20
820,121,Other,CA3,68,0.41659008760644367,238,3.5,1445,0.16470588235294117,163.23000000000047,effect_15-20
821,126,Other,CA3,151,0.9250750474790147,546,3.615894039735099,876,0.6232876712328768,163.23000000000047,effect_15-20
822,131,Other,CA2,6,0.03675794890645091,35,5.833333333333333,83,0.42168674698795183,163.23000000000047,effect_15-20
823,134,Somatosensory,SSp-tr6a,1,0.0061263248177418185,3,3.0,124,0.024193548387096774,163.23000000000047,effect_15-20
824,135,Somatosensory,SSp-tr6a,49,0.30018991606934914,147,3.0,4527,0.032471835652750164,163.23000000000047,effect_15-20
825,136,Somatosensory,SSp-tr6a,0,0.0,0,0.0,1146,0.0,163.23000000000047,effect_15-20
826,137,Somatosensory,SSp-tr6a,21,0.1286528211725782,69,3.2857142857142856,487,0.14168377823408623,163.23000000000047,effect_15-20
827,138,Somatosensory,SSp-tr6a,0,0.0,0,0.0,245,0.0,163.23000000000047,effect_15-20
828,140,Somatosensory,SSp-tr6a,4,0.024505299270967274,12,3.0,3306,0.003629764065335753,163.23000000000047,effect_15-20
829,141,Somatosensory,SSp-tr6a,0,0.0,0,0.0,374,0.0,163.23000000000047,effect_15-20
830,144,Somatosensory,SSp-tr5,0,0.0,0,0.0,875,0.0,163.23000000000047,effect_15-20
831,145,Somatosensory,SSp-tr5,1,0.0061263248177418185,3,3.0,1029,0.0029154518950437317,163.23000000000047,effect_15-20
832,147,Somatosensory,SSp-tr5,5,0.030631624088709095,15,3.0,2332,0.006432246998284734,163.23000000000047,effect_15-20
833,149,Somatosensory,SSp-tr5,0,0.0,0,0.0,298,0.0,163.23000000000047,effect_15-20
834,150,Somatosensory,SSp-tr5,0,0.0,0,0.0,1586,0.0,163.23000000000047,effect_15-20
835,153,Somatosensory,SSp-tr5,0,0.0,0,0.0,1459,0.0,163.23000000000047,effect_15-20
836,154,Somatosensory,SSp-tr5,0,0.0,0,0.0,187,0.0,163.23000000000047,effect_15-20
837,162,Other,CA3,0,0.0,0,0.0,17,0.0,163.23000000000047,effect_15-20
838,164,Somatosensory,SSp-tr6a,4,0.024505299270967274,12,3.0,1605,0.007476635514018692,163.23000000000047,effect_15-20
839,165,Somatosensory,SSp-tr6a,1,0.0061263248177418185,3,3.0,1864,0.001609442060085837,163.23000000000047,effect_15-20
840,166,Somatosensory,SSp-tr6a,0,0.0,0,0.0,1535,0.0,163.23000000000047,effect_15-20
841,168,Somatosensory,SSp-tr5,0,0.0,0,0.0,18,0.0,163.23000000000047,effect_15-20
842,170,Somatosensory,SSp-tr5,0,0.0,0,0.0,2,0.0,163.23000000000047,effect_15-20
843,173,Somatosensory,SSp-tr5,0,0.0,0,0.0,839,0.0,163.23000000000047,effect_15-20
844,185,Thalamus,Eth,11,0.06738957299516,18,1.6363636363636365,593,0.03035413153456998,163.23000000000047,effect_15-20
845,191,Thalamus,Eth,17,0.10414752190161092,32,1.8823529411764706,888,0.036036036036036036,163.23000000000047,effect_15-20
846,192,Thalamus,TH,0,0.0,0,0.0,4978,0.0,163.23000000000047,effect_15-20
847,209,Other,SUB,37,0.2266740182564473,117,3.1621621621621623,2186,0.0535224153705398,163.23000000000047,effect_15-20
848,210,Other,SUB,0,0.0,0,0.0,384,0.0,163.23000000000047,effect_15-20
849,218,Thalamus,VPM,5,0.030631624088709095,11,2.2,1135,0.009691629955947136,163.23000000000047,effect_15-20
850,219,Thalamus,VPM,3,0.018378974453225456,4,1.3333333333333333,1605,0.0024922118380062306,163.23000000000047,effect_15-20
851,224,Thalamus,VPM,0,0.0,0,0.0,30,0.0,163.23000000000047,effect_15-20
852,227,Thalamus,VPM,8,0.04901059854193455,17,2.125,974,0.017453798767967144,163.23000000000047,effect_15-20
853,230,Thalamus,VPM,43,0.26343196716289824,95,2.2093023255813953,654,0.1452599388379205,163.23000000000047,effect_15-20
854,232,Thalamus,VPM,7,0.042884273724192734,13,1.8571428571428572,382,0.034031413612565446,163.23000000000047,effect_15-20
855,233,Thalamus,VPM,4,0.024505299270967274,7,1.75,1068,0.006554307116104869,163.23000000000047,effect_15-20
856,235,Thalamus,VPM,18,0.11027384671935274,40,2.2222222222222223,417,0.09592326139088729,163.23000000000047,effect_15-20
857,237,Thalamus,VPM,29,0.17766341971451274,67,2.310344827586207,744,0.09005376344086022,163.23000000000047,effect_15-20
858,238,Thalamus,VPM,10,0.06126324817741819,37,3.7,298,0.12416107382550336,163.23000000000047,effect_15-20
859,239,Thalamus,VPM,17,0.10414752190161092,42,2.4705882352941178,844,0.04976303317535545,163.23000000000047,effect_15-20
860,240,Thalamus,VPM,8,0.04901059854193455,15,1.875,960,0.015625,163.23000000000047,effect_15-20
861,246,Thalamus,VPM,5,0.030631624088709095,8,1.6,975,0.008205128205128205,163.23000000000047,effect_15-20
862,247,Thalamus,VPM,5,0.030631624088709095,12,2.4,616,0.01948051948051948,163.23000000000047,effect_15-20
863,248,Thalamus,VPM,3,0.018378974453225456,11,3.6666666666666665,1209,0.009098428453267164,163.23000000000047,effect_15-20
864,250,Thalamus,VPM,1,0.0061263248177418185,2,2.0,476,0.004201680672268907,163.23000000000047,effect_15-20
865,254,Thalamus,VPM,0,0.0,0,0.0,177,0.0,163.23000000000047,effect_15-20
866,256,Thalamus,VPM,19,0.11640017153709456,56,2.9473684210526314,309,0.18122977346278318,163.23000000000047,effect_15-20
867,258,Thalamus,VPM,25,0.1531581204435455,51,2.04,1361,0.03747244673034533,163.23000000000047,effect_15-20
868,263,Thalamus,VPM,29,0.17766341971451274,75,2.586206896551724,2508,0.029904306220095694,163.23000000000047,effect_15-20
869,264,Thalamus,VPM,5,0.030631624088709095,10,2.0,1569,0.006373486297004461,163.23000000000047,effect_15-20
870,265,Thalamus,VPM,78,0.47785333578386185,139,1.7820512820512822,1245,0.11164658634538152,163.23000000000047,effect_15-20
871,268,Thalamus,VPM,18,0.11027384671935274,31,1.7222222222222223,1055,0.029383886255924172,163.23000000000047,effect_15-20
872,269,Thalamus,VPM,8,0.04901059854193455,14,1.75,745,0.01879194630872483,163.23000000000047,effect_15-20
873,270,Thalamus,VPM,11,0.06738957299516,23,2.090909090909091,2015,0.01141439205955335,163.23000000000047,effect_15-20
874,271,Thalamus,VPM,11,0.06738957299516,22,2.0,1316,0.016717325227963525,163.23000000000047,effect_15-20
875,272,Thalamus,VPM,1,0.0061263248177418185,2,2.0,1043,0.0019175455417066154,163.23000000000047,effect_15-20
876,274,Thalamus,VPM,23,0.14090547080806184,46,2.0,803,0.057285180572851806,163.23000000000047,effect_15-20
877,276,Thalamus,VPM,0,0.0,0,0.0,1068,0.0,163.23000000000047,effect_15-20
878,278,Thalamus,VPM,6,0.03675794890645091,13,2.1666666666666665,423,0.030732860520094562,163.23000000000047,effect_15-20
879,279,Thalamus,VPM,5,0.030631624088709095,14,2.8,1246,0.011235955056179775,163.23000000000047,effect_15-20
880,280,Thalamus,VPM,17,0.10414752190161092,31,1.8235294117647058,1081,0.028677150786308975,163.23000000000047,effect_15-20
881,281,Thalamus,VPM,5,0.030631624088709095,9,1.8,732,0.012295081967213115,163.23000000000047,effect_15-20
882,290,Thalamus,VPM,16,0.0980211970838691,31,1.9375,1067,0.029053420805998126,163.23000000000047,effect_15-20
883,292,Thalamus,VPM,6,0.03675794890645091,8,1.3333333333333333,666,0.012012012012012012,163.23000000000047,effect_15-20
884,296,Other,or,7,0.042884273724192734,23,3.2857142857142856,576,0.03993055555555555,163.23000000000047,effect_15-20
885,303,Other,LGd-co,4,0.024505299270967274,26,6.5,984,0.026422764227642278,163.23000000000047,effect_15-20
886,304,Other,LGd-co,3,0.018378974453225456,10,3.3333333333333335,2474,0.004042037186742118,163.23000000000047,effect_15-20
887,305,Other,LGd-co,0,0.0,0,0.0,164,0.0,163.23000000000047,effect_15-20
888,307,Other,LGd-co,5,0.030631624088709095,17,3.4,2031,0.008370260955194485,163.23000000000047,effect_15-20
889,308,Other,LGd-co,10,0.06126324817741819,32,3.2,2325,0.013763440860215054,163.23000000000047,effect_15-20
890,309,Other,LGd-co,0,0.0,0,0.0,980,0.0,163.23000000000047,effect_15-20
891,310,Other,LGd-co,1,0.0061263248177418185,3,3.0,1412,0.002124645892351275,163.23000000000047,effect_15-20
892,311,Other,LGd-co,1,0.0061263248177418185,3,3.0,1338,0.002242152466367713,163.23000000000047,effect_15-20
893,312,Other,LGd-co,21,0.1286528211725782,69,3.2857142857142856,197,0.350253807106599,163.23000000000047,effect_15-20
894,313,Other,LGd-co,1,0.0061263248177418185,4,4.0,159,0.025157232704402517,163.23000000000047,effect_15-20
895,314,Other,LGd-co,12,0.07351589781290183,42,3.5,600,0.07,163.23000000000047,effect_15-20
896,315,Other,LGd-co,10,0.06126324817741819,38,3.8,3144,0.012086513994910942,163.23000000000047,effect_15-20
897,316,Other,LGd-co,49,0.30018991606934914,199,4.061224489795919,1195,0.16652719665271967,163.23000000000047,effect_15-20
898,318,Other,LGd-co,2,0.012252649635483637,9,4.5,1411,0.0063784549964564135,163.23000000000047,effect_15-20
899,319,Other,LGd-co,5,0.030631624088709095,17,3.4,2199,0.007730786721236926,163.23000000000047,effect_15-20
900,320,Other,LGd-co,0,0.0,0,0.0,274,0.0,163.23000000000047,effect_15-20
901,323,Other,LGd-co,29,0.17766341971451274,96,3.310344827586207,3249,0.029547553093259463,163.23000000000047,effect_15-20
902,328,Other,LGd-co,3,0.018378974453225456,12,4.0,2866,0.00418702023726448,163.23000000000047,effect_15-20
903,329,Other,LGd-co,1,0.0061263248177418185,4,4.0,2012,0.0019880715705765406,163.23000000000047,effect_15-20
904,331,Other,LGd-sh,4,0.024505299270967274,17,4.25,3171,0.005361084831283507,163.23000000000047,effect_15-20
905,335,Other,LGd-sh,23,0.14090547080806184,82,3.5652173913043477,1226,0.06688417618270799,163.23000000000047,effect_15-20
906,336,Other,LGd-sh,13,0.07964222263064365,54,4.153846153846154,2180,0.024770642201834864,163.23000000000047,effect_15-20
907,337,Other,LGd-sh,19,0.11640017153709456,70,3.6842105263157894,1661,0.04214328717639976,163.23000000000047,effect_15-20
908,339,Other,LGd-sh,0,0.0,0,0.0,63,0.0,163.23000000000047,effect_15-20
909,349,Other,CA1,73,0.4472217116951528,232,3.1780821917808217,1183,0.19611158072696533,163.23000000000047,effect_15-20
910,350,Other,CA1,509,3.1182993322305856,1913,3.7583497053045187,3157,0.605955020589167,163.23000000000047,effect_15-20
911,356,Thalamus,VPM,13,0.07964222263064365,27,2.076923076923077,394,0.06852791878172589,163.23000000000047,effect_15-20
912,357,Other,LGd-co,0,0.0,0,0.0,189,0.0,163.23000000000047,effect_15-20
913,358,Other,LGd-co,19,0.11640017153709456,73,3.8421052631578947,908,0.08039647577092511,163.23000000000047,effect_15-20
914,359,Other,LGd-sh,10,0.06126324817741819,40,4.0,1460,0.0273972602739726,163.23000000000047,effect_15-20
915,360,Other,LGd-sh,16,0.0980211970838691,54,3.375,1336,0.040419161676646706,163.23000000000047,effect_15-20
916,367,Other,MS,1,0.0061263248177418185,3,3.0,4109,0.0007301046483329277,163.23000000000047,effect_15-20
917,370,Other,MS,0,0.0,0,0.0,110,0.0,163.23000000000047,effect_15-20
918,374,Other,MS,0,0.0,0,0.0,13,0.0,163.23000000000047,effect_15-20
919,377,Other,MS,0,0.0,0,0.0,671,0.0,163.23000000000047,effect_15-20
920,382,Other,MS,0,0.0,0,0.0,35,0.0,163.23000000000047,effect_15-20
921,384,STR,LSr,2,0.012252649635483637,7,3.5,1547,0.004524886877828055,163.23000000000047,effect_15-20
922,386,STR,LSr,3,0.018378974453225456,10,3.3333333333333335,823,0.012150668286755772,163.23000000000047,effect_15-20
923,387,STR,LSr,7,0.042884273724192734,21,3.0,987,0.02127659574468085,163.23000000000047,effect_15-20
924,388,STR,LSr,2,0.012252649635483637,6,3.0,892,0.006726457399103139,163.23000000000047,effect_15-20
925,389,STR,LSr,0,0.0,0,0.0,855,0.0,163.23000000000047,effect_15-20
926,392,STR,LSr,0,0.0,0,0.0,372,0.0,163.23000000000047,effect_15-20
927,393,STR,LSr,35,0.21442136862096367,111,3.1714285714285713,2120,0.05235849056603774,163.23000000000047,effect_15-20
928,394,STR,LSr,7,0.042884273724192734,22,3.142857142857143,1216,0.018092105263157895,163.23000000000047,effect_15-20
929,398,STR,LSr,6,0.03675794890645091,18,3.0,1701,0.010582010582010581,163.23000000000047,effect_15-20
930,399,STR,LSr,0,0.0,0,0.0,406,0.0,163.23000000000047,effect_15-20
931,402,STR,LSr,2,0.012252649635483637,6,3.0,868,0.0069124423963133645,163.23000000000047,effect_15-20
932,404,STR,LSr,0,0.0,0,0.0,123,0.0,163.23000000000047,effect_15-20
933,406,STR,LSr,0,0.0,0,0.0,202,0.0,163.23000000000047,effect_15-20
934,410,STR,LSr,1,0.0061263248177418185,3,3.0,655,0.004580152671755725,163.23000000000047,effect_15-20
935,411,STR,LSr,0,0.0,0,0.0,345,0.0,163.23000000000047,effect_15-20
936,423,Motor,MOs6a,1,0.0061263248177418185,3,3.0,244,0.012295081967213115,163.23000000000047,effect_15-20
937,425,Motor,MOs6a,0,0.0,0,0.0,324,0.0,163.23000000000047,effect_15-20
938,426,Motor,MOs6a,16,0.0980211970838691,93,5.8125,127,0.7322834645669292,163.23000000000047,effect_15-20
939,427,Motor,MOs6a,6,0.03675794890645091,23,3.8333333333333335,2097,0.010968049594659036,163.23000000000047,effect_15-20
940,429,Motor,MOs6a,40,0.24505299270967276,162,4.05,417,0.38848920863309355,163.23000000000047,effect_15-20
941,431,Motor,MOs6a,119,0.7290326533112764,536,4.504201680672269,3324,0.16125150421179302,163.23000000000047,effect_15-20
942,432,Motor,MOs6a,3,0.018378974453225456,9,3.0,920,0.009782608695652175,163.23000000000047,effect_15-20
943,438,Motor,MOs5,13,0.07964222263064365,48,3.6923076923076925,1129,0.042515500442869794,163.23000000000047,effect_15-20
944,440,Motor,MOs5,0,0.0,0,0.0,399,0.0,163.23000000000047,effect_15-20
945,443,Other,MS,3,0.018378974453225456,9,3.0,902,0.009977827050997782,163.23000000000047,effect_15-20
946,444,Other,MS,0,0.0,0,0.0,55,0.0,163.23000000000047,effect_15-20
947,445,STR,LSr,3,0.018378974453225456,9,3.0,1019,0.008832188420019628,163.23000000000047,effect_15-20
948,448,STR,LSr,0,0.0,0,0.0,273,0.0,163.23000000000047,effect_15-20
949,449,STR,LSr,0,0.0,0,0.0,244,0.0,163.23000000000047,effect_15-20
950,451,STR,LSr,0,0.0,0,0.0,399,0.0,163.23000000000047,effect_15-20
951,453,Motor,MOs6a,2,0.012252649635483637,11,5.5,618,0.01779935275080906,163.23000000000047,effect_15-20
952,455,Other,MS,0,0.0,0,0.0,120,0.0,163.23000000000047,effect_15-20
953,457,Motor,MOs5,1,0.0061263248177418185,3,3.0,243,0.012345679012345678,163.23000000000047,effect_15-20
954,0,Other,AMd,13,0.08061015687976664,42,3.230769230769231,2674,0.015706806282722512,161.27000000000044,effect_20-25
955,1,Other,AMd,23,0.1426179698642025,75,3.260869565217391,2936,0.025544959128065394,161.27000000000044,effect_20-25
956,2,Other,AMd,1,0.006200781298443587,3,3.0,218,0.013761467889908258,161.27000000000044,effect_20-25
957,12,Other,AMd,17,0.10541328207354098,65,3.823529411764706,2816,0.023082386363636364,161.27000000000044,effect_20-25
958,13,Other,AMd,10,0.06200781298443587,35,3.5,1285,0.027237354085603113,161.27000000000044,effect_20-25
959,15,Other,AMd,2,0.012401562596887175,6,3.0,1847,0.0032485110990795887,161.27000000000044,effect_20-25
960,16,Other,AMd,0,0.0,0,0.0,352,0.0,161.27000000000044,effect_20-25
961,20,Other,AMd,9,0.055807031685992284,30,3.3333333333333335,1107,0.02710027100271003,161.27000000000044,effect_20-25
962,27,Other,AMd,17,0.10541328207354098,66,3.8823529411764706,2326,0.028374892519346516,161.27000000000044,effect_20-25
963,28,Other,AMd,15,0.0930117194766538,60,4.0,1865,0.032171581769437,161.27000000000044,effect_20-25
964,33,Thalamus,AV,5,0.031003906492217934,10,2.0,637,0.015698587127158554,161.27000000000044,effect_20-25
965,35,Thalamus,AV,12,0.07440937558132305,20,1.6666666666666667,2322,0.008613264427217916,161.27000000000044,effect_20-25
966,38,Thalamus,AV,16,0.0992125007750974,32,2.0,956,0.03347280334728033,161.27000000000044,effect_20-25
967,42,Thalamus,AV,6,0.03720468779066152,11,1.8333333333333333,2321,0.004739336492890996,161.27000000000044,effect_20-25
968,51,Thalamus,AV,9,0.055807031685992284,14,1.5555555555555556,1925,0.007272727272727273,161.27000000000044,effect_20-25
969,52,Thalamus,AV,22,0.1364171885657589,43,1.9545454545454546,1137,0.03781882145998241,161.27000000000044,effect_20-25
970,59,Other,AD,5,0.031003906492217934,15,3.0,310,0.04838709677419355,161.27000000000044,effect_20-25
971,62,Other,AD,7,0.04340546908910511,21,3.0,956,0.021966527196652718,161.27000000000044,effect_20-25
972,63,Other,AD,6,0.03720468779066152,18,3.0,1156,0.015570934256055362,161.27000000000044,effect_20-25
973,68,Other,AD,15,0.0930117194766538,55,3.6666666666666665,1701,0.03233392122281011,161.27000000000044,effect_20-25
974,72,Other,AD,16,0.0992125007750974,50,3.125,2227,0.0224517287831163,161.27000000000044,effect_20-25
975,73,Other,AD,20,0.12401562596887174,69,3.45,1367,0.05047549378200439,161.27000000000044,effect_20-25
976,93,Other,AD,8,0.0496062503875487,24,3.0,3856,0.006224066390041493,161.27000000000044,effect_20-25
977,114,Other,CA3,23,0.1426179698642025,96,4.173913043478261,176,0.5454545454545454,161.27000000000044,effect_20-25
978,118,Other,CA3,164,1.0169281329447484,627,3.823170731707317,944,0.6641949152542372,161.27000000000044,effect_20-25
979,121,Other,CA3,73,0.45265703478638186,253,3.4657534246575343,1097,0.23062898814949864,161.27000000000044,effect_20-25
980,126,Other,CA3,159,0.9859242264525303,567,3.5660377358490565,978,0.5797546012269938,161.27000000000044,effect_20-25
981,131,Other,CA2,8,0.0496062503875487,41,5.125,83,0.4939759036144578,161.27000000000044,effect_20-25
982,134,Somatosensory,SSp-tr6a,0,0.0,0,0.0,576,0.0,161.27000000000044,effect_20-25
983,135,Somatosensory,SSp-tr6a,14,0.08681093817821021,42,3.0,3189,0.01317027281279398,161.27000000000044,effect_20-25
984,136,Somatosensory,SSp-tr6a,1,0.006200781298443587,3,3.0,1114,0.0026929982046678637,161.27000000000044,effect_20-25
985,137,Somatosensory,SSp-tr6a,14,0.08681093817821021,46,3.2857142857142856,379,0.12137203166226913,161.27000000000044,effect_20-25
986,138,Somatosensory,SSp-tr6a,0,0.0,0,0.0,284,0.0,161.27000000000044,effect_20-25
987,140,Somatosensory,SSp-tr6a,2,0.012401562596887175,7,3.5,3499,0.002000571591883395,161.27000000000044,effect_20-25
988,141,Somatosensory,SSp-tr6a,0,0.0,0,0.0,472,0.0,161.27000000000044,effect_20-25
989,144,Somatosensory,SSp-tr5,0,0.0,0,0.0,933,0.0,161.27000000000044,effect_20-25
990,145,Somatosensory,SSp-tr5,0,0.0,0,0.0,1055,0.0,161.27000000000044,effect_20-25
991,147,Somatosensory,SSp-tr5,4,0.02480312519377435,13,3.25,2327,0.00558659217877095,161.27000000000044,effect_20-25
992,149,Somatosensory,SSp-tr5,0,0.0,0,0.0,154,0.0,161.27000000000044,effect_20-25
993,150,Somatosensory,SSp-tr5,2,0.012401562596887175,6,3.0,1469,0.0040844111640571815,161.27000000000044,effect_20-25
994,153,Somatosensory,SSp-tr5,2,0.012401562596887175,6,3.0,1496,0.004010695187165776,161.27000000000044,effect_20-25
995,154,Somatosensory,SSp-tr5,0,0.0,0,0.0,164,0.0,161.27000000000044,effect_20-25
996,162,Other,CA3,0,0.0,0,0.0,31,0.0,161.27000000000044,effect_20-25
997,164,Somatosensory,SSp-tr6a,0,0.0,0,0.0,1627,0.0,161.27000000000044,effect_20-25
998,165,Somatosensory,SSp-tr6a,0,0.0,0,0.0,1846,0.0,161.27000000000044,effect_20-25
999,166,Somatosensory,SSp-tr6a,1,0.006200781298443587,4,4.0,1550,0.0025806451612903226,161.27000000000044,effect_20-25
1000,168,Somatosensory,SSp-tr5,0,0.0,0,0.0,19,0.0,161.27000000000044,effect_20-25
1001,170,Somatosensory,SSp-tr5,0,0.0,0,0.0,6,0.0,161.27000000000044,effect_20-25
1002,173,Somatosensory,SSp-tr5,0,0.0,0,0.0,865,0.0,161.27000000000044,effect_20-25
1003,185,Thalamus,Eth,11,0.06820859428287945,23,2.090909090909091,608,0.03782894736842105,161.27000000000044,effect_20-25
1004,191,Thalamus,Eth,22,0.1364171885657589,45,2.0454545454545454,1172,0.03839590443686007,161.27000000000044,effect_20-25
1005,192,Thalamus,TH,0,0.0,0,0.0,5071,0.0,161.27000000000044,effect_20-25
1006,209,Other,SUB,46,0.285235939728405,140,3.0434782608695654,2395,0.05845511482254697,161.27000000000044,effect_20-25
1007,210,Other,SUB,1,0.006200781298443587,3,3.0,390,0.007692307692307693,161.27000000000044,effect_20-25
1008,218,Thalamus,VPM,9,0.055807031685992284,17,1.8888888888888888,1466,0.011596180081855388,161.27000000000044,effect_20-25
1009,219,Thalamus,VPM,5,0.031003906492217934,9,1.8,1852,0.004859611231101512,161.27000000000044,effect_20-25
1010,224,Thalamus,VPM,0,0.0,0,0.0,184,0.0,161.27000000000044,effect_20-25
1011,227,Thalamus,VPM,5,0.031003906492217934,12,2.4,1221,0.009828009828009828,161.27000000000044,effect_20-25
1012,230,Thalamus,VPM,35,0.21702734544552554,65,1.8571428571428572,669,0.09715994020926756,161.27000000000044,effect_20-25
1013,232,Thalamus,VPM,9,0.055807031685992284,17,1.8888888888888888,497,0.03420523138832998,161.27000000000044,effect_20-25
1014,233,Thalamus,VPM,3,0.01860234389533076,6,2.0,1055,0.005687203791469194,161.27000000000044,effect_20-25
1015,235,Thalamus,VPM,11,0.06820859428287945,21,1.9090909090909092,511,0.0410958904109589,161.27000000000044,effect_20-25
1016,237,Thalamus,VPM,32,0.1984250015501948,85,2.65625,1075,0.07906976744186046,161.27000000000044,effect_20-25
1017,238,Thalamus,VPM,13,0.08061015687976664,31,2.3846153846153846,284,0.10915492957746478,161.27000000000044,effect_20-25
1018,239,Thalamus,VPM,31,0.1922242202517512,74,2.3870967741935485,1184,0.0625,161.27000000000044,effect_20-25
1019,240,Thalamus,VPM,11,0.06820859428287945,21,1.9090909090909092,1281,0.01639344262295082,161.27000000000044,effect_20-25
1020,246,Thalamus,VPM,0,0.0,0,0.0,1238,0.0,161.27000000000044,effect_20-25
1021,247,Thalamus,VPM,6,0.03720468779066152,13,2.1666666666666665,736,0.017663043478260868,161.27000000000044,effect_20-25
1022,248,Thalamus,VPM,3,0.01860234389533076,5,1.6666666666666667,1277,0.003915426781519186,161.27000000000044,effect_20-25
1023,250,Thalamus,VPM,0,0.0,0,0.0,665,0.0,161.27000000000044,effect_20-25
1024,254,Thalamus,VPM,0,0.0,0,0.0,144,0.0,161.27000000000044,effect_20-25
1025,256,Thalamus,VPM,28,0.17362187635642043,73,2.607142857142857,453,0.16114790286975716,161.27000000000044,effect_20-25
1026,258,Thalamus,VPM,20,0.12401562596887174,44,2.2,1487,0.029589778076664425,161.27000000000044,effect_20-25
1027,263,Thalamus,VPM,28,0.17362187635642043,80,2.857142857142857,2536,0.031545741324921134,161.27000000000044,effect_20-25
1028,264,Thalamus,VPM,6,0.03720468779066152,11,1.8333333333333333,1755,0.0062678062678062675,161.27000000000044,effect_20-25
1029,265,Thalamus,VPM,106,0.6572828176350203,187,1.7641509433962264,1171,0.1596925704526046,161.27000000000044,effect_20-25
1030,268,Thalamus,VPM,18,0.11161406337198457,33,1.8333333333333333,1151,0.028670721112076455,161.27000000000044,effect_20-25
1031,269,Thalamus,VPM,7,0.04340546908910511,12,1.7142857142857142,839,0.014302741358760428,161.27000000000044,effect_20-25
1032,270,Thalamus,VPM,8,0.0496062503875487,19,2.375,2142,0.008870214752567693,161.27000000000044,effect_20-25
1033,271,Thalamus,VPM,4,0.02480312519377435,9,2.25,1242,0.007246376811594203,161.27000000000044,effect_20-25
1034,272,Thalamus,VPM,1,0.006200781298443587,2,2.0,1190,0.0016806722689075631,161.27000000000044,effect_20-25
1035,274,Thalamus,VPM,15,0.0930117194766538,30,2.0,890,0.033707865168539325,161.27000000000044,effect_20-25
1036,276,Thalamus,VPM,0,0.0,0,0.0,742,0.0,161.27000000000044,effect_20-25
1037,278,Thalamus,VPM,6,0.03720468779066152,13,2.1666666666666665,610,0.021311475409836064,161.27000000000044,effect_20-25
1038,279,Thalamus,VPM,5,0.031003906492217934,7,1.4,1220,0.005737704918032787,161.27000000000044,effect_20-25
1039,280,Thalamus,VPM,27,0.16742109505797687,47,1.7407407407407407,1460,0.03219178082191781,161.27000000000044,effect_20-25
1040,281,Thalamus,VPM,7,0.04340546908910511,13,1.8571428571428572,770,0.016883116883116882,161.27000000000044,effect_20-25
1041,290,Thalamus,VPM,29,0.17982265765486402,56,1.9310344827586208,1371,0.040846097738876735,161.27000000000044,effect_20-25
1042,292,Thalamus,VPM,7,0.04340546908910511,12,1.7142857142857142,433,0.02771362586605081,161.27000000000044,effect_20-25
1043,296,Other,or,7,0.04340546908910511,23,3.2857142857142856,611,0.03764320785597381,161.27000000000044,effect_20-25
1044,303,Other,LGd-co,1,0.006200781298443587,8,8.0,1005,0.007960199004975124,161.27000000000044,effect_20-25
1045,304,Other,LGd-co,10,0.06200781298443587,35,3.5,2459,0.014233428222854819,161.27000000000044,effect_20-25
1046,305,Other,LGd-co,2,0.012401562596887175,7,3.5,201,0.03482587064676617,161.27000000000044,effect_20-25
1047,307,Other,LGd-co,1,0.006200781298443587,3,3.0,2530,0.0011857707509881424,161.27000000000044,effect_20-25
1048,308,Other,LGd-co,6,0.03720468779066152,28,4.666666666666667,2342,0.011955593509820665,161.27000000000044,effect_20-25
1049,309,Other,LGd-co,3,0.01860234389533076,10,3.3333333333333335,983,0.01017293997965412,161.27000000000044,effect_20-25
1050,310,Other,LGd-co,0,0.0,0,0.0,1485,0.0,161.27000000000044,effect_20-25
1051,311,Other,LGd-co,7,0.04340546908910511,24,3.4285714285714284,1492,0.0160857908847185,161.27000000000044,effect_20-25
1052,312,Other,LGd-co,30,0.1860234389533076,101,3.3666666666666667,214,0.4719626168224299,161.27000000000044,effect_20-25
1053,313,Other,LGd-co,4,0.02480312519377435,12,3.0,202,0.0594059405940594,161.27000000000044,effect_20-25
1054,314,Other,LGd-co,18,0.11161406337198457,69,3.8333333333333335,606,0.11386138613861387,161.27000000000044,effect_20-25
1055,315,Other,LGd-co,4,0.02480312519377435,13,3.25,3100,0.004193548387096774,161.27000000000044,effect_20-25
1056,316,Other,LGd-co,63,0.390649221801946,271,4.301587301587301,1216,0.22286184210526316,161.27000000000044,effect_20-25
1057,318,Other,LGd-co,4,0.02480312519377435,14,3.5,1517,0.00922874093605801,161.27000000000044,effect_20-25
1058,319,Other,LGd-co,9,0.055807031685992284,30,3.3333333333333335,2244,0.013368983957219251,161.27000000000044,effect_20-25
1059,320,Other,LGd-co,0,0.0,0,0.0,284,0.0,161.27000000000044,effect_20-25
1060,323,Other,LGd-co,25,0.15501953246108968,88,3.52,3279,0.02683745044220799,161.27000000000044,effect_20-25
1061,328,Other,LGd-co,4,0.02480312519377435,16,4.0,2893,0.00553059108192188,161.27000000000044,effect_20-25
1062,329,Other,LGd-co,5,0.031003906492217934,20,4.0,2378,0.008410428931875526,161.27000000000044,effect_20-25
1063,331,Other,LGd-sh,10,0.06200781298443587,33,3.3,2925,0.011282051282051283,161.27000000000044,effect_20-25
1064,335,Other,LGd-sh,32,0.1984250015501948,111,3.46875,1382,0.08031837916063676,161.27000000000044,effect_20-25
1065,336,Other,LGd-sh,28,0.17362187635642043,101,3.607142857142857,1937,0.05214248838409912,161.27000000000044,effect_20-25
1066,337,Other,LGd-sh,25,0.15501953246108968,82,3.28,1295,0.06332046332046332,161.27000000000044,effect_20-25
1067,339,Other,LGd-sh,0,0.0,0,0.0,34,0.0,161.27000000000044,effect_20-25
1068,349,Other,CA1,110,0.6820859428287945,386,3.5090909090909093,1581,0.2441492726122707,161.27000000000044,effect_20-25
1069,350,Other,CA1,533,3.305016432070432,1994,3.74108818011257,3659,0.5449576386990981,161.27000000000044,effect_20-25
1070,356,Thalamus,VPM,11,0.06820859428287945,28,2.5454545454545454,623,0.0449438202247191,161.27000000000044,effect_20-25
1071,357,Other,LGd-co,0,0.0,0,0.0,288,0.0,161.27000000000044,effect_20-25
1072,358,Other,LGd-co,20,0.12401562596887174,88,4.4,1017,0.08652900688298919,161.27000000000044,effect_20-25
1073,359,Other,LGd-sh,15,0.0930117194766538,45,3.0,1576,0.028553299492385786,161.27000000000044,effect_20-25
1074,360,Other,LGd-sh,23,0.1426179698642025,73,3.1739130434782608,1326,0.05505279034690799,161.27000000000044,effect_20-25
1075,367,Other,MS,6,0.03720468779066152,20,3.3333333333333335,4133,0.004839099927413501,161.27000000000044,effect_20-25
1076,370,Other,MS,0,0.0,0,0.0,127,0.0,161.27000000000044,effect_20-25
1077,374,Other,MS,0,0.0,0,0.0,8,0.0,161.27000000000044,effect_20-25
1078,377,Other,MS,0,0.0,0,0.0,635,0.0,161.27000000000044,effect_20-25
1079,382,Other,MS,0,0.0,0,0.0,36,0.0,161.27000000000044,effect_20-25
1080,384,STR,LSr,1,0.006200781298443587,3,3.0,1657,0.0018105009052504525,161.27000000000044,effect_20-25
1081,386,STR,LSr,2,0.012401562596887175,8,4.0,857,0.009334889148191364,161.27000000000044,effect_20-25
1082,387,STR,LSr,6,0.03720468779066152,19,3.1666666666666665,1010,0.01881188118811881,161.27000000000044,effect_20-25
1083,388,STR,LSr,3,0.01860234389533076,9,3.0,749,0.012016021361815754,161.27000000000044,effect_20-25
1084,389,STR,LSr,0,0.0,0,0.0,839,0.0,161.27000000000044,effect_20-25
1085,392,STR,LSr,0,0.0,0,0.0,454,0.0,161.27000000000044,effect_20-25
1086,393,STR,LSr,41,0.2542320332361871,129,3.1463414634146343,2037,0.06332842415316642,161.27000000000044,effect_20-25
1087,394,STR,LSr,5,0.031003906492217934,15,3.0,1334,0.011244377811094454,161.27000000000044,effect_20-25
1088,398,STR,LSr,5,0.031003906492217934,16,3.2,1640,0.00975609756097561,161.27000000000044,effect_20-25
1089,399,STR,LSr,0,0.0,0,0.0,492,0.0,161.27000000000044,effect_20-25
1090,402,STR,LSr,9,0.055807031685992284,27,3.0,843,0.03202846975088968,161.27000000000044,effect_20-25
1091,404,STR,LSr,0,0.0,0,0.0,125,0.0,161.27000000000044,effect_20-25
1092,406,STR,LSr,1,0.006200781298443587,3,3.0,162,0.018518518518518517,161.27000000000044,effect_20-25
1093,410,STR,LSr,3,0.01860234389533076,9,3.0,616,0.01461038961038961,161.27000000000044,effect_20-25
1094,411,STR,LSr,0,0.0,0,0.0,329,0.0,161.27000000000044,effect_20-25
1095,423,Motor,MOs6a,1,0.006200781298443587,3,3.0,214,0.014018691588785047,161.27000000000044,effect_20-25
1096,425,Motor,MOs6a,0,0.0,0,0.0,304,0.0,161.27000000000044,effect_20-25
1097,426,Motor,MOs6a,8,0.0496062503875487,44,5.5,73,0.6027397260273972,161.27000000000044,effect_20-25
1098,427,Motor,MOs6a,9,0.055807031685992284,29,3.2222222222222223,2013,0.014406358668653751,161.27000000000044,effect_20-25
1099,429,Motor,MOs6a,20,0.12401562596887174,75,3.75,274,0.2737226277372263,161.27000000000044,effect_20-25
1100,431,Motor,MOs6a,90,0.5580703168599228,395,4.388888888888889,2943,0.13421678559293237,161.27000000000044,effect_20-25
1101,432,Motor,MOs6a,6,0.03720468779066152,18,3.0,1035,0.017391304347826087,161.27000000000044,effect_20-25
1102,438,Motor,MOs5,10,0.06200781298443587,39,3.9,1179,0.03307888040712468,161.27000000000044,effect_20-25
1103,440,Motor,MOs5,2,0.012401562596887175,8,4.0,444,0.018018018018018018,161.27000000000044,effect_20-25
1104,443,Other,MS,3,0.01860234389533076,10,3.3333333333333335,805,0.012422360248447204,161.27000000000044,effect_20-25
1105,444,Other,MS,0,0.0,0,0.0,62,0.0,161.27000000000044,effect_20-25
1106,445,STR,LSr,4,0.02480312519377435,13,3.25,1087,0.011959521619135235,161.27000000000044,effect_20-25
1107,448,STR,LSr,0,0.0,0,0.0,327,0.0,161.27000000000044,effect_20-25
1108,449,STR,LSr,0,0.0,0,0.0,282,0.0,161.27000000000044,effect_20-25
1109,451,STR,LSr,1,0.006200781298443587,3,3.0,388,0.007731958762886598,161.27000000000044,effect_20-25
1110,453,Motor,MOs6a,1,0.006200781298443587,3,3.0,598,0.005016722408026756,161.27000000000044,effect_20-25
1111,455,Other,MS,0,0.0,0,0.0,128,0.0,161.27000000000044,effect_20-25
1112,457,Motor,MOs5,0,0.0,0,0.0,211,0.0,161.27000000000044,effect_20-25
1113,0,Other,AMd,12,0.08938547486033338,44,3.6666666666666665,2104,0.02091254752851711,134.25000000000273,effect_25-30
1114,1,Other,AMd,22,0.16387337057727785,72,3.272727272727273,2518,0.028594122319301033,134.25000000000273,effect_25-30
1115,2,Other,AMd,0,0.0,0,0.0,136,0.0,134.25000000000273,effect_25-30
1116,12,Other,AMd,15,0.11173184357541673,50,3.3333333333333335,2281,0.021920210434020166,134.25000000000273,effect_25-30
1117,13,Other,AMd,9,0.06703910614525004,29,3.2222222222222223,1213,0.023907666941467436,134.25000000000273,effect_25-30
1118,15,Other,AMd,0,0.0,0,0.0,1591,0.0,134.25000000000273,effect_25-30
1119,16,Other,AMd,0,0.0,0,0.0,308,0.0,134.25000000000273,effect_25-30
1120,20,Other,AMd,6,0.04469273743016669,20,3.3333333333333335,1135,0.01762114537444934,134.25000000000273,effect_25-30
1121,27,Other,AMd,21,0.1564245810055834,84,4.0,1981,0.04240282685512368,134.25000000000273,effect_25-30
1122,28,Other,AMd,20,0.14897579143388898,69,3.45,1634,0.04222766217870257,134.25000000000273,effect_25-30
1123,33,Thalamus,AV,5,0.037243947858472244,7,1.4,560,0.0125,134.25000000000273,effect_25-30
1124,35,Thalamus,AV,8,0.05959031657355559,19,2.375,1811,0.010491441192711209,134.25000000000273,effect_25-30
1125,38,Thalamus,AV,7,0.052141527001861136,11,1.5714285714285714,1001,0.01098901098901099,134.25000000000273,effect_25-30
1126,42,Thalamus,AV,3,0.022346368715083345,3,1.0,1981,0.001514386673397274,134.25000000000273,effect_25-30
1127,51,Thalamus,AV,13,0.09683426443202783,20,1.5384615384615385,1614,0.012391573729863693,134.25000000000273,effect_25-30
1128,52,Thalamus,AV,13,0.09683426443202783,22,1.6923076923076923,990,0.022222222222222223,134.25000000000273,effect_25-30
1129,59,Other,AD,4,0.029795158286777795,12,3.0,376,0.031914893617021274,134.25000000000273,effect_25-30
1130,62,Other,AD,1,0.007448789571694449,3,3.0,888,0.0033783783783783786,134.25000000000273,effect_25-30
1131,63,Other,AD,6,0.04469273743016669,21,3.5,858,0.024475524475524476,134.25000000000273,effect_25-30
1132,68,Other,AD,9,0.06703910614525004,43,4.777777777777778,1545,0.027831715210355986,134.25000000000273,effect_25-30
1133,72,Other,AD,12,0.08938547486033338,40,3.3333333333333335,2067,0.019351717464925013,134.25000000000273,effect_25-30
1134,73,Other,AD,11,0.08193668528863893,51,4.636363636363637,954,0.05345911949685535,134.25000000000273,effect_25-30
1135,93,Other,AD,3,0.022346368715083345,10,3.3333333333333335,3007,0.0033255736614566014,134.25000000000273,effect_25-30
1136,114,Other,CA3,23,0.1713221601489723,110,4.782608695652174,140,0.7857142857142857,134.25000000000273,effect_25-30
1137,118,Other,CA3,135,1.0055865921787506,511,3.785185185185185,744,0.6868279569892473,134.25000000000273,effect_25-30
1138,121,Other,CA3,100,0.7448789571694449,333,3.33,1186,0.28077571669477236,134.25000000000273,effect_25-30
1139,126,Other,CA3,175,1.3035381750465285,625,3.5714285714285716,1151,0.5430060816681147,134.25000000000273,effect_25-30
1140,131,Other,CA2,15,0.11173184357541673,67,4.466666666666667,104,0.6442307692307693,134.25000000000273,effect_25-30
1141,134,Somatosensory,SSp-tr6a,1,0.007448789571694449,4,4.0,246,0.016260162601626018,134.25000000000273,effect_25-30
1142,135,Somatosensory,SSp-tr6a,8,0.05959031657355559,25,3.125,3021,0.00827540549486925,134.25000000000273,effect_25-30
1143,136,Somatosensory,SSp-tr6a,1,0.007448789571694449,3,3.0,930,0.0032258064516129032,134.25000000000273,effect_25-30
1144,137,Somatosensory,SSp-tr6a,21,0.1564245810055834,73,3.4761904761904763,503,0.14512922465208747,134.25000000000273,effect_25-30
1145,138,Somatosensory,SSp-tr6a,0,0.0,0,0.0,266,0.0,134.25000000000273,effect_25-30
1146,140,Somatosensory,SSp-tr6a,3,0.022346368715083345,9,3.0,3224,0.002791563275434243,134.25000000000273,effect_25-30
1147,141,Somatosensory,SSp-tr6a,0,0.0,0,0.0,466,0.0,134.25000000000273,effect_25-30
1148,144,Somatosensory,SSp-tr5,0,0.0,0,0.0,1095,0.0,134.25000000000273,effect_25-30
1149,145,Somatosensory,SSp-tr5,0,0.0,0,0.0,915,0.0,134.25000000000273,effect_25-30
1150,147,Somatosensory,SSp-tr5,8,0.05959031657355559,25,3.125,2399,0.010421008753647354,134.25000000000273,effect_25-30
1151,149,Somatosensory,SSp-tr5,0,0.0,0,0.0,252,0.0,134.25000000000273,effect_25-30
1152,150,Somatosensory,SSp-tr5,0,0.0,0,0.0,1160,0.0,134.25000000000273,effect_25-30
1153,153,Somatosensory,SSp-tr5,2,0.014897579143388897,6,3.0,1547,0.003878474466709761,134.25000000000273,effect_25-30
1154,154,Somatosensory,SSp-tr5,1,0.007448789571694449,7,7.0,208,0.03365384615384615,134.25000000000273,effect_25-30
1155,162,Other,CA3,0,0.0,0,0.0,43,0.0,134.25000000000273,effect_25-30
1156,164,Somatosensory,SSp-tr6a,5,0.037243947858472244,16,3.2,1458,0.010973936899862825,134.25000000000273,effect_25-30
1157,165,Somatosensory,SSp-tr6a,0,0.0,0,0.0,1372,0.0,134.25000000000273,effect_25-30
1158,166,Somatosensory,SSp-tr6a,0,0.0,0,0.0,1757,0.0,134.25000000000273,effect_25-30
1159,168,Somatosensory,SSp-tr5,0,0.0,0,0.0,21,0.0,134.25000000000273,effect_25-30
1160,170,Somatosensory,SSp-tr5,0,0.0,0,0.0,6,0.0,134.25000000000273,effect_25-30
1161,173,Somatosensory,SSp-tr5,0,0.0,0,0.0,604,0.0,134.25000000000273,effect_25-30
1162,185,Thalamus,Eth,6,0.04469273743016669,12,2.0,634,0.01892744479495268,134.25000000000273,effect_25-30
1163,191,Thalamus,Eth,22,0.16387337057727785,42,1.9090909090909092,980,0.04285714285714286,134.25000000000273,effect_25-30
1164,192,Thalamus,TH,0,0.0,0,0.0,4465,0.0,134.25000000000273,effect_25-30
1165,209,Other,SUB,37,0.27560521415269457,119,3.2162162162162162,1964,0.060590631364562116,134.25000000000273,effect_25-30
1166,210,Other,SUB,0,0.0,0,0.0,332,0.0,134.25000000000273,effect_25-30
1167,218,Thalamus,VPM,4,0.029795158286777795,10,2.5,1224,0.008169934640522876,134.25000000000273,effect_25-30
1168,219,Thalamus,VPM,3,0.022346368715083345,6,2.0,1501,0.003997335109926716,134.25000000000273,effect_25-30
1169,224,Thalamus,VPM,0,0.0,0,0.0,492,0.0,134.25000000000273,effect_25-30
1170,227,Thalamus,VPM,5,0.037243947858472244,16,3.2,985,0.016243654822335026,134.25000000000273,effect_25-30
1171,230,Thalamus,VPM,21,0.1564245810055834,35,1.6666666666666667,556,0.06294964028776978,134.25000000000273,effect_25-30
1172,232,Thalamus,VPM,8,0.05959031657355559,16,2.0,418,0.03827751196172249,134.25000000000273,effect_25-30
1173,233,Thalamus,VPM,8,0.05959031657355559,15,1.875,1169,0.01283147989734816,134.25000000000273,effect_25-30
1174,235,Thalamus,VPM,9,0.06703910614525004,21,2.3333333333333335,450,0.04666666666666667,134.25000000000273,effect_25-30
1175,237,Thalamus,VPM,21,0.1564245810055834,53,2.5238095238095237,810,0.0654320987654321,134.25000000000273,effect_25-30
1176,238,Thalamus,VPM,35,0.2607076350093057,106,3.0285714285714285,356,0.29775280898876405,134.25000000000273,effect_25-30
1177,239,Thalamus,VPM,16,0.11918063314711118,50,3.125,984,0.0508130081300813,134.25000000000273,effect_25-30
1178,240,Thalamus,VPM,15,0.11173184357541673,26,1.7333333333333334,1153,0.022549869904596703,134.25000000000273,effect_25-30
1179,246,Thalamus,VPM,4,0.029795158286777795,8,2.0,1209,0.006617038875103391,134.25000000000273,effect_25-30
1180,247,Thalamus,VPM,10,0.07448789571694449,26,2.6,735,0.03537414965986395,134.25000000000273,effect_25-30
1181,248,Thalamus,VPM,4,0.029795158286777795,8,2.0,1293,0.006187161639597835,134.25000000000273,effect_25-30
1182,250,Thalamus,VPM,0,0.0,0,0.0,428,0.0,134.25000000000273,effect_25-30
1183,254,Thalamus,VPM,0,0.0,0,0.0,253,0.0,134.25000000000273,effect_25-30
1184,256,Thalamus,VPM,13,0.09683426443202783,40,3.076923076923077,303,0.132013201320132,134.25000000000273,effect_25-30
1185,258,Thalamus,VPM,11,0.08193668528863893,23,2.090909090909091,1484,0.01549865229110512,134.25000000000273,effect_25-30
1186,263,Thalamus,VPM,16,0.11918063314711118,35,2.1875,2253,0.015534842432312472,134.25000000000273,effect_25-30
1187,264,Thalamus,VPM,3,0.022346368715083345,6,2.0,1576,0.0038071065989847717,134.25000000000273,effect_25-30
1188,265,Thalamus,VPM,83,0.6182495344506392,141,1.6987951807228916,1049,0.1344137273593899,134.25000000000273,effect_25-30
1189,268,Thalamus,VPM,20,0.14897579143388898,37,1.85,974,0.037987679671457907,134.25000000000273,effect_25-30
1190,269,Thalamus,VPM,3,0.022346368715083345,6,2.0,697,0.00860832137733142,134.25000000000273,effect_25-30
1191,270,Thalamus,VPM,14,0.10428305400372227,29,2.0714285714285716,1784,0.016255605381165918,134.25000000000273,effect_25-30
1192,271,Thalamus,VPM,5,0.037243947858472244,7,1.4,1096,0.006386861313868613,134.25000000000273,effect_25-30
1193,272,Thalamus,VPM,0,0.0,0,0.0,927,0.0,134.25000000000273,effect_25-30
1194,274,Thalamus,VPM,12,0.08938547486033338,33,2.75,861,0.03832752613240418,134.25000000000273,effect_25-30
1195,276,Thalamus,VPM,0,0.0,0,0.0,659,0.0,134.25000000000273,effect_25-30
1196,278,Thalamus,VPM,4,0.029795158286777795,6,1.5,602,0.009966777408637873,134.25000000000273,effect_25-30
1197,279,Thalamus,VPM,5,0.037243947858472244,10,2.0,1136,0.008802816901408451,134.25000000000273,effect_25-30
1198,280,Thalamus,VPM,16,0.11918063314711118,31,1.9375,1365,0.02271062271062271,134.25000000000273,effect_25-30
1199,281,Thalamus,VPM,10,0.07448789571694449,19,1.9,705,0.02695035460992908,134.25000000000273,effect_25-30
1200,290,Thalamus,VPM,14,0.10428305400372227,29,2.0714285714285716,1353,0.021433850702143386,134.25000000000273,effect_25-30
1201,292,Thalamus,VPM,5,0.037243947858472244,7,1.4,414,0.016908212560386472,134.25000000000273,effect_25-30
1202,296,Other,or,8,0.05959031657355559,28,3.5,572,0.04895104895104895,134.25000000000273,effect_25-30
1203,303,Other,LGd-co,2,0.014897579143388897,9,4.5,918,0.00980392156862745,134.25000000000273,effect_25-30
1204,304,Other,LGd-co,11,0.08193668528863893,36,3.272727272727273,2424,0.01485148514851485,134.25000000000273,effect_25-30
1205,305,Other,LGd-co,1,0.007448789571694449,3,3.0,210,0.014285714285714285,134.25000000000273,effect_25-30
1206,307,Other,LGd-co,3,0.022346368715083345,10,3.3333333333333335,2509,0.0039856516540454365,134.25000000000273,effect_25-30
1207,308,Other,LGd-co,3,0.022346368715083345,9,3.0,1886,0.004772004241781549,134.25000000000273,effect_25-30
1208,309,Other,LGd-co,3,0.022346368715083345,13,4.333333333333333,880,0.014772727272727272,134.25000000000273,effect_25-30
1209,310,Other,LGd-co,1,0.007448789571694449,3,3.0,1474,0.0020352781546811396,134.25000000000273,effect_25-30
1210,311,Other,LGd-co,2,0.014897579143388897,6,3.0,1389,0.004319654427645789,134.25000000000273,effect_25-30
1211,312,Other,LGd-co,13,0.09683426443202783,47,3.6153846153846154,161,0.2919254658385093,134.25000000000273,effect_25-30
1212,313,Other,LGd-co,3,0.022346368715083345,12,4.0,195,0.06153846153846154,134.25000000000273,effect_25-30
1213,314,Other,LGd-co,15,0.11173184357541673,57,3.8,707,0.08062234794908062,134.25000000000273,effect_25-30
1214,315,Other,LGd-co,5,0.037243947858472244,17,3.4,2349,0.007237122179650915,134.25000000000273,effect_25-30
1215,316,Other,LGd-co,41,0.3054003724394724,163,3.975609756097561,905,0.18011049723756906,134.25000000000273,effect_25-30
1216,318,Other,LGd-co,2,0.014897579143388897,6,3.0,1105,0.005429864253393665,134.25000000000273,effect_25-30
1217,319,Other,LGd-co,5,0.037243947858472244,18,3.6,1967,0.009150991357397052,134.25000000000273,effect_25-30
1218,320,Other,LGd-co,0,0.0,0,0.0,297,0.0,134.25000000000273,effect_25-30
1219,323,Other,LGd-co,30,0.22346368715083345,100,3.3333333333333335,2854,0.0350385423966363,134.25000000000273,effect_25-30
1220,328,Other,LGd-co,2,0.014897579143388897,7,3.5,2856,0.0024509803921568627,134.25000000000273,effect_25-30
1221,329,Other,LGd-co,2,0.014897579143388897,6,3.0,2137,0.0028076743097800653,134.25000000000273,effect_25-30
1222,331,Other,LGd-sh,9,0.06703910614525004,36,4.0,2714,0.013264554163596167,134.25000000000273,effect_25-30
1223,335,Other,LGd-sh,20,0.14897579143388898,68,3.4,1172,0.05802047781569966,134.25000000000273,effect_25-30
1224,336,Other,LGd-sh,15,0.11173184357541673,61,4.066666666666666,1921,0.031754294638209266,134.25000000000273,effect_25-30
1225,337,Other,LGd-sh,14,0.10428305400372227,50,3.5714285714285716,1257,0.03977724741447892,134.25000000000273,effect_25-30
1226,339,Other,LGd-sh,0,0.0,0,0.0,38,0.0,134.25000000000273,effect_25-30
1227,349,Other,CA1,126,0.9385474860335005,450,3.5714285714285716,1640,0.27439024390243905,134.25000000000273,effect_25-30
1228,350,Other,CA1,417,3.106145251396585,1512,3.6258992805755397,2940,0.5142857142857142,134.25000000000273,effect_25-30
1229,356,Thalamus,VPM,8,0.05959031657355559,21,2.625,471,0.044585987261146494,134.25000000000273,effect_25-30
1230,357,Other,LGd-co,2,0.014897579143388897,6,3.0,295,0.020338983050847456,134.25000000000273,effect_25-30
1231,358,Other,LGd-co,14,0.10428305400372227,53,3.7857142857142856,925,0.057297297297297295,134.25000000000273,effect_25-30
1232,359,Other,LGd-sh,9,0.06703910614525004,29,3.2222222222222223,1297,0.02235929067077872,134.25000000000273,effect_25-30
1233,360,Other,LGd-sh,11,0.08193668528863893,40,3.6363636363636362,1066,0.0375234521575985,134.25000000000273,effect_25-30
1234,367,Other,MS,3,0.022346368715083345,11,3.6666666666666665,3541,0.0031064670996893535,134.25000000000273,effect_25-30
1235,370,Other,MS,0,0.0,0,0.0,93,0.0,134.25000000000273,effect_25-30
1236,374,Other,MS,0,0.0,0,0.0,9,0.0,134.25000000000273,effect_25-30
1237,377,Other,MS,0,0.0,0,0.0,470,0.0,134.25000000000273,effect_25-30
1238,382,Other,MS,0,0.0,0,0.0,20,0.0,134.25000000000273,effect_25-30
1239,384,STR,LSr,2,0.014897579143388897,6,3.0,1296,0.004629629629629629,134.25000000000273,effect_25-30
1240,386,STR,LSr,0,0.0,0,0.0,799,0.0,134.25000000000273,effect_25-30
1241,387,STR,LSr,6,0.04469273743016669,22,3.6666666666666665,838,0.026252983293556086,134.25000000000273,effect_25-30
1242,388,STR,LSr,1,0.007448789571694449,3,3.0,680,0.004411764705882353,134.25000000000273,effect_25-30
1243,389,STR,LSr,1,0.007448789571694449,3,3.0,680,0.004411764705882353,134.25000000000273,effect_25-30
1244,392,STR,LSr,0,0.0,0,0.0,318,0.0,134.25000000000273,effect_25-30
1245,393,STR,LSr,42,0.3128491620111668,130,3.0952380952380953,1725,0.07536231884057971,134.25000000000273,effect_25-30
1246,394,STR,LSr,8,0.05959031657355559,28,3.5,1101,0.025431425976385105,134.25000000000273,effect_25-30
1247,398,STR,LSr,4,0.029795158286777795,12,3.0,1458,0.00823045267489712,134.25000000000273,effect_25-30
1248,399,STR,LSr,0,0.0,0,0.0,399,0.0,134.25000000000273,effect_25-30
1249,402,STR,LSr,3,0.022346368715083345,9,3.0,712,0.012640449438202247,134.25000000000273,effect_25-30
1250,404,STR,LSr,0,0.0,0,0.0,123,0.0,134.25000000000273,effect_25-30
1251,406,STR,LSr,0,0.0,0,0.0,165,0.0,134.25000000000273,effect_25-30
1252,410,STR,LSr,1,0.007448789571694449,4,4.0,458,0.008733624454148471,134.25000000000273,effect_25-30
1253,411,STR,LSr,1,0.007448789571694449,4,4.0,278,0.014388489208633094,134.25000000000273,effect_25-30
1254,423,Motor,MOs6a,0,0.0,0,0.0,181,0.0,134.25000000000273,effect_25-30
1255,425,Motor,MOs6a,0,0.0,0,0.0,362,0.0,134.25000000000273,effect_25-30
1256,426,Motor,MOs6a,12,0.08938547486033338,63,5.25,97,0.6494845360824743,134.25000000000273,effect_25-30
1257,427,Motor,MOs6a,0,0.0,0,0.0,1776,0.0,134.25000000000273,effect_25-30
1258,429,Motor,MOs6a,42,0.3128491620111668,171,4.071428571428571,482,0.35477178423236516,134.25000000000273,effect_25-30
1259,431,Motor,MOs6a,80,0.5959031657355559,378,4.725,2448,0.15441176470588236,134.25000000000273,effect_25-30
1260,432,Motor,MOs6a,7,0.052141527001861136,26,3.7142857142857144,866,0.03002309468822171,134.25000000000273,effect_25-30
1261,438,Motor,MOs5,11,0.08193668528863893,41,3.727272727272727,1057,0.03878902554399243,134.25000000000273,effect_25-30
1262,440,Motor,MOs5,1,0.007448789571694449,3,3.0,386,0.007772020725388601,134.25000000000273,effect_25-30
1263,443,Other,MS,0,0.0,0,0.0,630,0.0,134.25000000000273,effect_25-30
1264,444,Other,MS,0,0.0,0,0.0,46,0.0,134.25000000000273,effect_25-30
1265,445,STR,LSr,3,0.022346368715083345,9,3.0,906,0.009933774834437087,134.25000000000273,effect_25-30
1266,448,STR,LSr,1,0.007448789571694449,4,4.0,313,0.012779552715654952,134.25000000000273,effect_25-30
1267,449,STR,LSr,1,0.007448789571694449,3,3.0,258,0.011627906976744186,134.25000000000273,effect_25-30
1268,451,STR,LSr,0,0.0,0,0.0,310,0.0,134.25000000000273,effect_25-30
1269,453,Motor,MOs6a,0,0.0,0,0.0,542,0.0,134.25000000000273,effect_25-30
1270,455,Other,MS,0,0.0,0,0.0,109,0.0,134.25000000000273,effect_25-30
1271,457,Motor,MOs5,0,0.0,0,0.0,212,0.0,134.25000000000273,effect_25-30
1272,0,Other,AMd,7,0.053804765564949515,21,3.0,1706,0.0123094958968347,130.10000000000127,effect_30-35
1273,1,Other,AMd,9,0.06917755572636365,31,3.4444444444444446,2001,0.015492253873063468,130.10000000000127,effect_30-35
1274,2,Other,AMd,4,0.030745580322828293,12,3.0,703,0.017069701280227598,130.10000000000127,effect_30-35
1275,12,Other,AMd,10,0.07686395080707073,35,3.5,1945,0.017994858611825194,130.10000000000127,effect_30-35
1276,13,Other,AMd,8,0.06149116064565659,31,3.875,1096,0.028284671532846715,130.10000000000127,effect_30-35
1277,15,Other,AMd,1,0.007686395080707073,3,3.0,1270,0.002362204724409449,130.10000000000127,effect_30-35
1278,16,Other,AMd,0,0.0,0,0.0,230,0.0,130.10000000000127,effect_30-35
1279,20,Other,AMd,6,0.04611837048424244,24,4.0,1125,0.021333333333333333,130.10000000000127,effect_30-35
1280,27,Other,AMd,12,0.09223674096848487,44,3.6666666666666665,1847,0.023822414726583648,130.10000000000127,effect_30-35
1281,28,Other,AMd,11,0.08455034588777781,43,3.909090909090909,1517,0.028345418589321027,130.10000000000127,effect_30-35
1282,33,Thalamus,AV,6,0.04611837048424244,14,2.3333333333333335,664,0.02108433734939759,130.10000000000127,effect_30-35
1283,35,Thalamus,AV,8,0.06149116064565659,15,1.875,2079,0.007215007215007215,130.10000000000127,effect_30-35
1284,38,Thalamus,AV,9,0.06917755572636365,18,2.0,1124,0.01601423487544484,130.10000000000127,effect_30-35
1285,42,Thalamus,AV,4,0.030745580322828293,5,1.25,2049,0.002440214738897023,130.10000000000127,effect_30-35
1286,51,Thalamus,AV,8,0.06149116064565659,13,1.625,1589,0.008181246066708621,130.10000000000127,effect_30-35
1287,52,Thalamus,AV,15,0.1152959262106061,27,1.8,922,0.02928416485900217,130.10000000000127,effect_30-35
1288,59,Other,AD,5,0.038431975403535365,15,3.0,451,0.03325942350332594,130.10000000000127,effect_30-35
1289,62,Other,AD,2,0.015372790161414147,6,3.0,923,0.0065005417118093175,130.10000000000127,effect_30-35
1290,63,Other,AD,11,0.08455034588777781,34,3.090909090909091,778,0.043701799485861184,130.10000000000127,effect_30-35
1291,68,Other,AD,11,0.08455034588777781,38,3.4545454545454546,1357,0.02800294767870302,130.10000000000127,effect_30-35
1292,72,Other,AD,15,0.1152959262106061,47,3.1333333333333333,1677,0.02802623732856291,130.10000000000127,effect_30-35
1293,73,Other,AD,13,0.09992313604919195,46,3.5384615384615383,934,0.04925053533190578,130.10000000000127,effect_30-35
1294,93,Other,AD,0,0.0,0,0.0,2992,0.0,130.10000000000127,effect_30-35
1295,114,Other,CA3,8,0.06149116064565659,29,3.625,50,0.58,130.10000000000127,effect_30-35
1296,118,Other,CA3,116,0.8916218293620205,467,4.025862068965517,655,0.7129770992366412,130.10000000000127,effect_30-35
1297,121,Other,CA3,136,1.045349730976162,483,3.551470588235294,1236,0.3907766990291262,130.10000000000127,effect_30-35
1298,126,Other,CA3,175,1.3451191391237378,628,3.5885714285714285,1135,0.5533039647577093,130.10000000000127,effect_30-35
1299,131,Other,CA2,8,0.06149116064565659,41,5.125,58,0.7068965517241379,130.10000000000127,effect_30-35
1300,134,Somatosensory,SSp-tr6a,3,0.02305918524212122,11,3.6666666666666665,1088,0.01011029411764706,130.10000000000127,effect_30-35
1301,135,Somatosensory,SSp-tr6a,20,0.15372790161414146,60,3.0,3187,0.01882648258550361,130.10000000000127,effect_30-35
1302,136,Somatosensory,SSp-tr6a,2,0.015372790161414147,6,3.0,1022,0.005870841487279843,130.10000000000127,effect_30-35
1303,137,Somatosensory,SSp-tr6a,26,0.1998462720983839,96,3.6923076923076925,701,0.1369472182596291,130.10000000000127,effect_30-35
1304,138,Somatosensory,SSp-tr6a,0,0.0,0,0.0,473,0.0,130.10000000000127,effect_30-35
1305,140,Somatosensory,SSp-tr6a,3,0.02305918524212122,10,3.3333333333333335,3384,0.002955082742316785,130.10000000000127,effect_30-35
1306,141,Somatosensory,SSp-tr6a,0,0.0,0,0.0,787,0.0,130.10000000000127,effect_30-35
1307,144,Somatosensory,SSp-tr5,0,0.0,0,0.0,1055,0.0,130.10000000000127,effect_30-35
1308,145,Somatosensory,SSp-tr5,1,0.007686395080707073,4,4.0,973,0.0041109969167523125,130.10000000000127,effect_30-35
1309,147,Somatosensory,SSp-tr5,7,0.053804765564949515,26,3.7142857142857144,2291,0.011348756001745963,130.10000000000127,effect_30-35
1310,149,Somatosensory,SSp-tr5,0,0.0,0,0.0,333,0.0,130.10000000000127,effect_30-35
1311,150,Somatosensory,SSp-tr5,0,0.0,0,0.0,911,0.0,130.10000000000127,effect_30-35
1312,153,Somatosensory,SSp-tr5,3,0.02305918524212122,11,3.6666666666666665,1983,0.005547150781643974,130.10000000000127,effect_30-35
1313,154,Somatosensory,SSp-tr5,0,0.0,0,0.0,201,0.0,130.10000000000127,effect_30-35
1314,162,Other,CA3,0,0.0,0,0.0,22,0.0,130.10000000000127,effect_30-35
1315,164,Somatosensory,SSp-tr6a,3,0.02305918524212122,9,3.0,1482,0.006072874493927126,130.10000000000127,effect_30-35
1316,165,Somatosensory,SSp-tr6a,2,0.015372790161414147,6,3.0,1238,0.004846526655896607,130.10000000000127,effect_30-35
1317,166,Somatosensory,SSp-tr6a,0,0.0,0,0.0,1933,0.0,130.10000000000127,effect_30-35
1318,168,Somatosensory,SSp-tr5,0,0.0,0,0.0,17,0.0,130.10000000000127,effect_30-35
1319,170,Somatosensory,SSp-tr5,0,0.0,0,0.0,5,0.0,130.10000000000127,effect_30-35
1320,173,Somatosensory,SSp-tr5,1,0.007686395080707073,3,3.0,886,0.003386004514672686,130.10000000000127,effect_30-35
1321,185,Thalamus,Eth,4,0.030745580322828293,9,2.25,702,0.01282051282051282,130.10000000000127,effect_30-35
1322,191,Thalamus,Eth,17,0.13066871637202024,33,1.9411764705882353,973,0.03391572456320658,130.10000000000127,effect_30-35
1323,192,Thalamus,TH,0,0.0,0,0.0,4672,0.0,130.10000000000127,effect_30-35
1324,209,Other,SUB,46,0.35357417371252536,147,3.1956521739130435,2166,0.06786703601108034,130.10000000000127,effect_30-35
1325,210,Other,SUB,0,0.0,0,0.0,354,0.0,130.10000000000127,effect_30-35
1326,218,Thalamus,VPM,5,0.038431975403535365,8,1.6,1077,0.007428040854224698,130.10000000000127,effect_30-35
1327,219,Thalamus,VPM,1,0.007686395080707073,2,2.0,1597,0.0012523481527864746,130.10000000000127,effect_30-35
1328,224,Thalamus,VPM,0,0.0,0,0.0,186,0.0,130.10000000000127,effect_30-35
1329,227,Thalamus,VPM,14,0.10760953112989903,44,3.142857142857143,1139,0.038630377524143986,130.10000000000127,effect_30-35
1330,230,Thalamus,VPM,18,0.1383551114527273,29,1.6111111111111112,471,0.06157112526539278,130.10000000000127,effect_30-35
1331,232,Thalamus,VPM,6,0.04611837048424244,12,2.0,384,0.03125,130.10000000000127,effect_30-35
1332,233,Thalamus,VPM,5,0.038431975403535365,11,2.2,1122,0.00980392156862745,130.10000000000127,effect_30-35
1333,235,Thalamus,VPM,5,0.038431975403535365,9,1.8,318,0.02830188679245283,130.10000000000127,effect_30-35
1334,237,Thalamus,VPM,22,0.16910069177555562,58,2.6363636363636362,683,0.0849194729136164,130.10000000000127,effect_30-35
1335,238,Thalamus,VPM,19,0.1460415065334344,58,3.0526315789473686,302,0.19205298013245034,130.10000000000127,effect_30-35
1336,239,Thalamus,VPM,17,0.13066871637202024,37,2.176470588235294,878,0.04214123006833713,130.10000000000127,effect_30-35
1337,240,Thalamus,VPM,7,0.053804765564949515,13,1.8571428571428572,1093,0.011893870082342177,130.10000000000127,effect_30-35
1338,246,Thalamus,VPM,1,0.007686395080707073,2,2.0,1000,0.002,130.10000000000127,effect_30-35
1339,247,Thalamus,VPM,5,0.038431975403535365,13,2.6,665,0.019548872180451128,130.10000000000127,effect_30-35
1340,248,Thalamus,VPM,2,0.015372790161414147,5,2.5,969,0.005159958720330237,130.10000000000127,effect_30-35
1341,250,Thalamus,VPM,0,0.0,0,0.0,345,0.0,130.10000000000127,effect_30-35
1342,254,Thalamus,VPM,0,0.0,0,0.0,132,0.0,130.10000000000127,effect_30-35
1343,256,Thalamus,VPM,8,0.06149116064565659,23,2.875,219,0.1050228310502283,130.10000000000127,effect_30-35
1344,258,Thalamus,VPM,10,0.07686395080707073,28,2.8,1401,0.01998572448251249,130.10000000000127,effect_30-35
1345,263,Thalamus,VPM,29,0.22290545734050513,81,2.793103448275862,2078,0.03897978825794033,130.10000000000127,effect_30-35
1346,264,Thalamus,VPM,3,0.02305918524212122,6,2.0,1578,0.0038022813688212928,130.10000000000127,effect_30-35
1347,265,Thalamus,VPM,86,0.6610299769408083,162,1.8837209302325582,1110,0.14594594594594595,130.10000000000127,effect_30-35
1348,268,Thalamus,VPM,24,0.18447348193696975,50,2.0833333333333335,967,0.05170630816959669,130.10000000000127,effect_30-35
1349,269,Thalamus,VPM,10,0.07686395080707073,22,2.2,680,0.03235294117647059,130.10000000000127,effect_30-35
1350,270,Thalamus,VPM,6,0.04611837048424244,15,2.5,1843,0.008138903960933261,130.10000000000127,effect_30-35
1351,271,Thalamus,VPM,4,0.030745580322828293,9,2.25,1461,0.006160164271047228,130.10000000000127,effect_30-35
1352,272,Thalamus,VPM,1,0.007686395080707073,2,2.0,1020,0.00196078431372549,130.10000000000127,effect_30-35
1353,274,Thalamus,VPM,9,0.06917755572636365,14,1.5555555555555556,583,0.024013722126929673,130.10000000000127,effect_30-35
1354,276,Thalamus,VPM,1,0.007686395080707073,1,1.0,677,0.0014771048744460858,130.10000000000127,effect_30-35
1355,278,Thalamus,VPM,5,0.038431975403535365,10,2.0,685,0.014598540145985401,130.10000000000127,effect_30-35
1356,279,Thalamus,VPM,6,0.04611837048424244,10,1.6666666666666667,1270,0.007874015748031496,130.10000000000127,effect_30-35
1357,280,Thalamus,VPM,20,0.15372790161414146,38,1.9,1247,0.030473135525260625,130.10000000000127,effect_30-35
1358,281,Thalamus,VPM,6,0.04611837048424244,12,2.0,741,0.016194331983805668,130.10000000000127,effect_30-35
1359,290,Thalamus,VPM,15,0.1152959262106061,31,2.066666666666667,1526,0.020314547837483616,130.10000000000127,effect_30-35
1360,292,Thalamus,VPM,4,0.030745580322828293,7,1.75,753,0.009296148738379814,130.10000000000127,effect_30-35
1361,296,Other,or,5,0.038431975403535365,19,3.8,590,0.03220338983050847,130.10000000000127,effect_30-35
1362,303,Other,LGd-co,3,0.02305918524212122,9,3.0,943,0.009544008483563097,130.10000000000127,effect_30-35
1363,304,Other,LGd-co,9,0.06917755572636365,29,3.2222222222222223,2569,0.011288439081354613,130.10000000000127,effect_30-35
1364,305,Other,LGd-co,1,0.007686395080707073,4,4.0,169,0.023668639053254437,130.10000000000127,effect_30-35
1365,307,Other,LGd-co,0,0.0,0,0.0,2191,0.0,130.10000000000127,effect_30-35
1366,308,Other,LGd-co,9,0.06917755572636365,29,3.2222222222222223,1788,0.01621923937360179,130.10000000000127,effect_30-35
1367,309,Other,LGd-co,1,0.007686395080707073,3,3.0,967,0.0031023784901758012,130.10000000000127,effect_30-35
1368,310,Other,LGd-co,0,0.0,0,0.0,1150,0.0,130.10000000000127,effect_30-35
1369,311,Other,LGd-co,5,0.038431975403535365,15,3.0,1088,0.013786764705882353,130.10000000000127,effect_30-35
1370,312,Other,LGd-co,18,0.1383551114527273,61,3.388888888888889,172,0.3546511627906977,130.10000000000127,effect_30-35
1371,313,Other,LGd-co,3,0.02305918524212122,12,4.0,124,0.0967741935483871,130.10000000000127,effect_30-35
1372,314,Other,LGd-co,8,0.06149116064565659,28,3.5,690,0.04057971014492753,130.10000000000127,effect_30-35
1373,315,Other,LGd-co,4,0.030745580322828293,12,3.0,2100,0.005714285714285714,130.10000000000127,effect_30-35
1374,316,Other,LGd-co,36,0.2767102229054546,139,3.861111111111111,901,0.15427302996670367,130.10000000000127,effect_30-35
1375,318,Other,LGd-co,4,0.030745580322828293,12,3.0,1146,0.010471204188481676,130.10000000000127,effect_30-35
1376,319,Other,LGd-co,4,0.030745580322828293,14,3.5,2153,0.006502554575011612,130.10000000000127,effect_30-35
1377,320,Other,LGd-co,0,0.0,0,0.0,262,0.0,130.10000000000127,effect_30-35
1378,323,Other,LGd-co,20,0.15372790161414146,63,3.15,2664,0.02364864864864865,130.10000000000127,effect_30-35
1379,328,Other,LGd-co,0,0.0,0,0.0,2812,0.0,130.10000000000127,effect_30-35
1380,329,Other,LGd-co,3,0.02305918524212122,9,3.0,2215,0.004063205417607223,130.10000000000127,effect_30-35
1381,331,Other,LGd-sh,9,0.06917755572636365,38,4.222222222222222,2973,0.012781701984527414,130.10000000000127,effect_30-35
1382,335,Other,LGd-sh,14,0.10760953112989903,51,3.642857142857143,1402,0.03637660485021398,130.10000000000127,effect_30-35
1383,336,Other,LGd-sh,23,0.17678708685626268,79,3.4347826086956523,1936,0.040805785123966945,130.10000000000127,effect_30-35
1384,337,Other,LGd-sh,12,0.09223674096848487,44,3.6666666666666665,1169,0.037639007698887936,130.10000000000127,effect_30-35
1385,339,Other,LGd-sh,0,0.0,0,0.0,36,0.0,130.10000000000127,effect_30-35
1386,349,Other,CA1,133,1.0222905457340408,527,3.962406015037594,1771,0.29757199322416716,130.10000000000127,effect_30-35
1387,350,Other,CA1,392,3.0130668716371725,1468,3.7448979591836733,2954,0.4969532836831415,130.10000000000127,effect_30-35
1388,356,Thalamus,VPM,10,0.07686395080707073,21,2.1,631,0.03328050713153724,130.10000000000127,effect_30-35
1389,357,Other,LGd-co,1,0.007686395080707073,3,3.0,274,0.010948905109489052,130.10000000000127,effect_30-35
1390,358,Other,LGd-co,14,0.10760953112989903,51,3.642857142857143,922,0.055314533622559656,130.10000000000127,effect_30-35
1391,359,Other,LGd-sh,7,0.053804765564949515,32,4.571428571428571,1238,0.025848142164781908,130.10000000000127,effect_30-35
1392,360,Other,LGd-sh,9,0.06917755572636365,31,3.4444444444444446,1179,0.026293469041560644,130.10000000000127,effect_30-35
1393,367,Other,MS,4,0.030745580322828293,18,4.5,3432,0.005244755244755245,130.10000000000127,effect_30-35
1394,370,Other,MS,0,0.0,0,0.0,101,0.0,130.10000000000127,effect_30-35
1395,374,Other,MS,0,0.0,0,0.0,8,0.0,130.10000000000127,effect_30-35
1396,377,Other,MS,1,0.007686395080707073,3,3.0,445,0.006741573033707865,130.10000000000127,effect_30-35
1397,382,Other,MS,0,0.0,0,0.0,22,0.0,130.10000000000127,effect_30-35
1398,384,STR,LSr,1,0.007686395080707073,3,3.0,1279,0.0023455824863174357,130.10000000000127,effect_30-35
1399,386,STR,LSr,0,0.0,0,0.0,769,0.0,130.10000000000127,effect_30-35
1400,387,STR,LSr,6,0.04611837048424244,18,3.0,844,0.02132701421800948,130.10000000000127,effect_30-35
1401,388,STR,LSr,2,0.015372790161414147,6,3.0,697,0.00860832137733142,130.10000000000127,effect_30-35
1402,389,STR,LSr,1,0.007686395080707073,3,3.0,691,0.004341534008683068,130.10000000000127,effect_30-35
1403,392,STR,LSr,0,0.0,0,0.0,343,0.0,130.10000000000127,effect_30-35
1404,393,STR,LSr,36,0.2767102229054546,111,3.0833333333333335,1715,0.06472303206997085,130.10000000000127,effect_30-35
1405,394,STR,LSr,5,0.038431975403535365,16,3.2,1056,0.015151515151515152,130.10000000000127,effect_30-35
1406,398,STR,LSr,6,0.04611837048424244,21,3.5,1363,0.015407190022010272,130.10000000000127,effect_30-35
1407,399,STR,LSr,1,0.007686395080707073,4,4.0,401,0.00997506234413965,130.10000000000127,effect_30-35
1408,402,STR,LSr,2,0.015372790161414147,6,3.0,723,0.008298755186721992,130.10000000000127,effect_30-35
1409,404,STR,LSr,0,0.0,0,0.0,117,0.0,130.10000000000127,effect_30-35
1410,406,STR,LSr,1,0.007686395080707073,3,3.0,143,0.02097902097902098,130.10000000000127,effect_30-35
1411,410,STR,LSr,0,0.0,0,0.0,587,0.0,130.10000000000127,effect_30-35
1412,411,STR,LSr,1,0.007686395080707073,3,3.0,238,0.012605042016806723,130.10000000000127,effect_30-35
1413,423,Motor,MOs6a,1,0.007686395080707073,3,3.0,211,0.014218009478672985,130.10000000000127,effect_30-35
1414,425,Motor,MOs6a,0,0.0,0,0.0,287,0.0,130.10000000000127,effect_30-35
1415,426,Motor,MOs6a,18,0.1383551114527273,88,4.888888888888889,136,0.6470588235294118,130.10000000000127,effect_30-35
1416,427,Motor,MOs6a,3,0.02305918524212122,9,3.0,1833,0.004909983633387889,130.10000000000127,effect_30-35
1417,429,Motor,MOs6a,26,0.1998462720983839,109,4.1923076923076925,365,0.29863013698630136,130.10000000000127,effect_30-35
1418,431,Motor,MOs6a,46,0.35357417371252536,201,4.369565217391305,2010,0.1,130.10000000000127,effect_30-35
1419,432,Motor,MOs6a,5,0.038431975403535365,23,4.6,1069,0.021515434985968196,130.10000000000127,effect_30-35
1420,438,Motor,MOs5,12,0.09223674096848487,48,4.0,1059,0.0453257790368272,130.10000000000127,effect_30-35
1421,440,Motor,MOs5,2,0.015372790161414147,6,3.0,321,0.018691588785046728,130.10000000000127,effect_30-35
1422,443,Other,MS,1,0.007686395080707073,3,3.0,696,0.004310344827586207,130.10000000000127,effect_30-35
1423,444,Other,MS,0,0.0,0,0.0,46,0.0,130.10000000000127,effect_30-35
1424,445,STR,LSr,3,0.02305918524212122,9,3.0,958,0.009394572025052192,130.10000000000127,effect_30-35
1425,448,STR,LSr,0,0.0,0,0.0,288,0.0,130.10000000000127,effect_30-35
1426,449,STR,LSr,0,0.0,0,0.0,195,0.0,130.10000000000127,effect_30-35
1427,451,STR,LSr,0,0.0,0,0.0,283,0.0,130.10000000000127,effect_30-35
1428,453,Motor,MOs6a,2,0.015372790161414147,7,3.5,664,0.010542168674698794,130.10000000000127,effect_30-35
1429,455,Other,MS,0,0.0,0,0.0,89,0.0,130.10000000000127,effect_30-35
1430,457,Motor,MOs5,0,0.0,0,0.0,201,0.0,130.10000000000127,effect_30-35
1431,0,Other,AMd,4,0.031276878567518436,12,3.0,1790,0.0067039106145251395,127.89000000000215,effect_35-40
1432,1,Other,AMd,8,0.06255375713503687,30,3.75,1392,0.021551724137931036,127.89000000000215,effect_35-40
1433,2,Other,AMd,6,0.04691531785127766,19,3.1666666666666665,1127,0.01685891748003549,127.89000000000215,effect_35-40
1434,12,Other,AMd,9,0.07037297677691648,32,3.5555555555555554,1658,0.019300361881785282,127.89000000000215,effect_35-40
1435,13,Other,AMd,15,0.11728829462819414,54,3.6,1239,0.043583535108958835,127.89000000000215,effect_35-40
1436,15,Other,AMd,0,0.0,0,0.0,1242,0.0,127.89000000000215,effect_35-40
1437,16,Other,AMd,0,0.0,0,0.0,265,0.0,127.89000000000215,effect_35-40
1438,20,Other,AMd,9,0.07037297677691648,30,3.3333333333333335,1079,0.027803521779425393,127.89000000000215,effect_35-40
1439,27,Other,AMd,10,0.07819219641879609,44,4.4,1465,0.030034129692832763,127.89000000000215,effect_35-40
1440,28,Other,AMd,11,0.08601141606067571,42,3.8181818181818183,1625,0.025846153846153845,127.89000000000215,effect_35-40
1441,33,Thalamus,AV,3,0.02345765892563883,4,1.3333333333333333,838,0.00477326968973747,127.89000000000215,effect_35-40
1442,35,Thalamus,AV,5,0.03909609820939804,12,2.4,2195,0.005466970387243736,127.89000000000215,effect_35-40
1443,38,Thalamus,AV,9,0.07037297677691648,17,1.8888888888888888,1143,0.014873140857392825,127.89000000000215,effect_35-40
1444,42,Thalamus,AV,8,0.06255375713503687,10,1.25,2054,0.004868549172346641,127.89000000000215,effect_35-40
1445,51,Thalamus,AV,9,0.07037297677691648,16,1.7777777777777777,1785,0.008963585434173669,127.89000000000215,effect_35-40
1446,52,Thalamus,AV,18,0.14074595355383296,32,1.7777777777777777,935,0.034224598930481284,127.89000000000215,effect_35-40
1447,59,Other,AD,8,0.06255375713503687,25,3.125,515,0.04854368932038835,127.89000000000215,effect_35-40
1448,62,Other,AD,2,0.015638439283759218,6,3.0,856,0.007009345794392523,127.89000000000215,effect_35-40
1449,63,Other,AD,5,0.03909609820939804,15,3.0,773,0.019404915912031046,127.89000000000215,effect_35-40
1450,68,Other,AD,12,0.09383063570255532,39,3.25,1590,0.024528301886792454,127.89000000000215,effect_35-40
1451,72,Other,AD,10,0.07819219641879609,43,4.3,1775,0.024225352112676058,127.89000000000215,effect_35-40
1452,73,Other,AD,11,0.08601141606067571,39,3.5454545454545454,1043,0.037392138063279005,127.89000000000215,effect_35-40
1453,93,Other,AD,4,0.031276878567518436,15,3.75,3177,0.004721435316336166,127.89000000000215,effect_35-40
1454,114,Other,CA3,4,0.031276878567518436,18,4.5,26,0.6923076923076923,127.89000000000215,effect_35-40
1455,118,Other,CA3,77,0.6020799124247299,315,4.090909090909091,407,0.773955773955774,127.89000000000215,effect_35-40
1456,121,Other,CA3,136,1.063413871295627,512,3.764705882352941,1092,0.46886446886446886,127.89000000000215,effect_35-40
1457,126,Other,CA3,138,1.079052310579386,494,3.579710144927536,898,0.5501113585746102,127.89000000000215,effect_35-40
1458,131,Other,CA2,8,0.06255375713503687,38,4.75,63,0.6031746031746031,127.89000000000215,effect_35-40
1459,134,Somatosensory,SSp-tr6a,3,0.02345765892563883,10,3.3333333333333335,1229,0.008136696501220505,127.89000000000215,effect_35-40
1460,135,Somatosensory,SSp-tr6a,22,0.17202283212135142,67,3.0454545454545454,3190,0.021003134796238245,127.89000000000215,effect_35-40
1461,136,Somatosensory,SSp-tr6a,1,0.007819219641879609,3,3.0,1020,0.0029411764705882353,127.89000000000215,effect_35-40
1462,137,Somatosensory,SSp-tr6a,31,0.2423958088982679,134,4.32258064516129,855,0.1567251461988304,127.89000000000215,effect_35-40
1463,138,Somatosensory,SSp-tr6a,0,0.0,0,0.0,510,0.0,127.89000000000215,effect_35-40
1464,140,Somatosensory,SSp-tr6a,4,0.031276878567518436,14,3.5,3599,0.003889969435954432,127.89000000000215,effect_35-40
1465,141,Somatosensory,SSp-tr6a,0,0.0,0,0.0,764,0.0,127.89000000000215,effect_35-40
1466,144,Somatosensory,SSp-tr5,2,0.015638439283759218,6,3.0,1239,0.004842615012106538,127.89000000000215,effect_35-40
1467,145,Somatosensory,SSp-tr5,0,0.0,0,0.0,1021,0.0,127.89000000000215,effect_35-40
1468,147,Somatosensory,SSp-tr5,13,0.10164985534443492,41,3.1538461538461537,2486,0.016492357200321803,127.89000000000215,effect_35-40
1469,149,Somatosensory,SSp-tr5,0,0.0,0,0.0,200,0.0,127.89000000000215,effect_35-40
1470,150,Somatosensory,SSp-tr5,1,0.007819219641879609,3,3.0,795,0.0037735849056603774,127.89000000000215,effect_35-40
1471,153,Somatosensory,SSp-tr5,5,0.03909609820939804,15,3.0,2463,0.0060901339829476245,127.89000000000215,effect_35-40
1472,154,Somatosensory,SSp-tr5,1,0.007819219641879609,3,3.0,207,0.014492753623188406,127.89000000000215,effect_35-40
1473,162,Other,CA3,4,0.031276878567518436,13,3.25,53,0.24528301886792453,127.89000000000215,effect_35-40
1474,164,Somatosensory,SSp-tr6a,4,0.031276878567518436,13,3.25,1467,0.008861622358554875,127.89000000000215,effect_35-40
1475,165,Somatosensory,SSp-tr6a,1,0.007819219641879609,3,3.0,1181,0.002540220152413209,127.89000000000215,effect_35-40
1476,166,Somatosensory,SSp-tr6a,2,0.015638439283759218,6,3.0,1945,0.003084832904884319,127.89000000000215,effect_35-40
1477,168,Somatosensory,SSp-tr5,0,0.0,0,0.0,12,0.0,127.89000000000215,effect_35-40
1478,170,Somatosensory,SSp-tr5,0,0.0,0,0.0,4,0.0,127.89000000000215,effect_35-40
1479,173,Somatosensory,SSp-tr5,0,0.0,0,0.0,712,0.0,127.89000000000215,effect_35-40
1480,185,Thalamus,Eth,6,0.04691531785127766,12,2.0,734,0.01634877384196185,127.89000000000215,effect_35-40
1481,191,Thalamus,Eth,14,0.10946907498631453,33,2.357142857142857,1150,0.028695652173913042,127.89000000000215,effect_35-40
1482,192,Thalamus,TH,0,0.0,0,0.0,4356,0.0,127.89000000000215,effect_35-40
1483,209,Other,SUB,52,0.4065994213777397,163,3.1346153846153846,2147,0.0759198882161155,127.89000000000215,effect_35-40
1484,210,Other,SUB,2,0.015638439283759218,6,3.0,419,0.014319809069212411,127.89000000000215,effect_35-40
1485,218,Thalamus,VPM,3,0.02345765892563883,5,1.6666666666666667,1225,0.004081632653061225,127.89000000000215,effect_35-40
1486,219,Thalamus,VPM,1,0.007819219641879609,3,3.0,1395,0.002150537634408602,127.89000000000215,effect_35-40
1487,224,Thalamus,VPM,0,0.0,0,0.0,147,0.0,127.89000000000215,effect_35-40
1488,227,Thalamus,VPM,6,0.04691531785127766,12,2.0,975,0.012307692307692308,127.89000000000215,effect_35-40
1489,230,Thalamus,VPM,22,0.17202283212135142,46,2.090909090909091,464,0.09913793103448276,127.89000000000215,effect_35-40
1490,232,Thalamus,VPM,5,0.03909609820939804,14,2.8,464,0.03017241379310345,127.89000000000215,effect_35-40
1491,233,Thalamus,VPM,4,0.031276878567518436,8,2.0,1089,0.0073461891643709825,127.89000000000215,effect_35-40
1492,235,Thalamus,VPM,7,0.054734537493157265,16,2.2857142857142856,358,0.0446927374301676,127.89000000000215,effect_35-40
1493,237,Thalamus,VPM,25,0.19548049104699022,67,2.68,652,0.10276073619631902,127.89000000000215,effect_35-40
1494,238,Thalamus,VPM,10,0.07819219641879609,28,2.8,206,0.13592233009708737,127.89000000000215,effect_35-40
1495,239,Thalamus,VPM,17,0.13292673391195337,43,2.5294117647058822,793,0.05422446406052964,127.89000000000215,effect_35-40
1496,240,Thalamus,VPM,12,0.09383063570255532,23,1.9166666666666667,972,0.023662551440329218,127.89000000000215,effect_35-40
1497,246,Thalamus,VPM,0,0.0,0,0.0,885,0.0,127.89000000000215,effect_35-40
1498,247,Thalamus,VPM,5,0.03909609820939804,8,1.6,611,0.01309328968903437,127.89000000000215,effect_35-40
1499,248,Thalamus,VPM,2,0.015638439283759218,3,1.5,959,0.0031282586027111575,127.89000000000215,effect_35-40
1500,250,Thalamus,VPM,1,0.007819219641879609,1,1.0,415,0.0024096385542168677,127.89000000000215,effect_35-40
1501,254,Thalamus,VPM,0,0.0,0,0.0,136,0.0,127.89000000000215,effect_35-40
1502,256,Thalamus,VPM,19,0.14856517319571258,51,2.6842105263157894,288,0.17708333333333334,127.89000000000215,effect_35-40
1503,258,Thalamus,VPM,16,0.12510751427007374,28,1.75,1464,0.01912568306010929,127.89000000000215,effect_35-40
1504,263,Thalamus,VPM,16,0.12510751427007374,45,2.8125,2055,0.021897810218978103,127.89000000000215,effect_35-40
1505,264,Thalamus,VPM,1,0.007819219641879609,2,2.0,1438,0.0013908205841446453,127.89000000000215,effect_35-40
1506,265,Thalamus,VPM,84,0.6568144499178872,170,2.0238095238095237,1067,0.15932521087160262,127.89000000000215,effect_35-40
1507,268,Thalamus,VPM,11,0.08601141606067571,20,1.8181818181818181,939,0.021299254526091587,127.89000000000215,effect_35-40
1508,269,Thalamus,VPM,1,0.007819219641879609,2,2.0,568,0.0035211267605633804,127.89000000000215,effect_35-40
1509,270,Thalamus,VPM,5,0.03909609820939804,10,2.0,2084,0.0047984644913627635,127.89000000000215,effect_35-40
1510,271,Thalamus,VPM,1,0.007819219641879609,1,1.0,1478,0.0006765899864682003,127.89000000000215,effect_35-40
1511,272,Thalamus,VPM,0,0.0,0,0.0,1139,0.0,127.89000000000215,effect_35-40
1512,274,Thalamus,VPM,6,0.04691531785127766,14,2.3333333333333335,643,0.02177293934681182,127.89000000000215,effect_35-40
1513,276,Thalamus,VPM,0,0.0,0,0.0,744,0.0,127.89000000000215,effect_35-40
1514,278,Thalamus,VPM,8,0.06255375713503687,15,1.875,751,0.019973368841544607,127.89000000000215,effect_35-40
1515,279,Thalamus,VPM,6,0.04691531785127766,11,1.8333333333333333,1319,0.008339651250947688,127.89000000000215,effect_35-40
1516,280,Thalamus,VPM,15,0.11728829462819414,25,1.6666666666666667,1489,0.0167897918065816,127.89000000000215,effect_35-40
1517,281,Thalamus,VPM,7,0.054734537493157265,11,1.5714285714285714,699,0.015736766809728183,127.89000000000215,effect_35-40
1518,290,Thalamus,VPM,12,0.09383063570255532,22,1.8333333333333333,1263,0.01741884402216944,127.89000000000215,effect_35-40
1519,292,Thalamus,VPM,7,0.054734537493157265,10,1.4285714285714286,860,0.011627906976744186,127.89000000000215,effect_35-40
1520,296,Other,or,6,0.04691531785127766,19,3.1666666666666665,591,0.032148900169204735,127.89000000000215,effect_35-40
1521,303,Other,LGd-co,1,0.007819219641879609,11,11.0,1040,0.010576923076923078,127.89000000000215,effect_35-40
1522,304,Other,LGd-co,8,0.06255375713503687,27,3.375,2906,0.009291121816930488,127.89000000000215,effect_35-40
1523,305,Other,LGd-co,1,0.007819219641879609,3,3.0,137,0.021897810218978103,127.89000000000215,effect_35-40
1524,307,Other,LGd-co,3,0.02345765892563883,13,4.333333333333333,2148,0.006052141527001862,127.89000000000215,effect_35-40
1525,308,Other,LGd-co,6,0.04691531785127766,21,3.5,1792,0.01171875,127.89000000000215,effect_35-40
1526,309,Other,LGd-co,2,0.015638439283759218,7,3.5,1039,0.006737247353224254,127.89000000000215,effect_35-40
1527,310,Other,LGd-co,0,0.0,0,0.0,1250,0.0,127.89000000000215,effect_35-40
1528,311,Other,LGd-co,2,0.015638439283759218,6,3.0,994,0.006036217303822937,127.89000000000215,effect_35-40
1529,312,Other,LGd-co,10,0.07819219641879609,38,3.8,154,0.24675324675324675,127.89000000000215,effect_35-40
1530,313,Other,LGd-co,2,0.015638439283759218,6,3.0,94,0.06382978723404255,127.89000000000215,effect_35-40
1531,314,Other,LGd-co,9,0.07037297677691648,30,3.3333333333333335,668,0.04491017964071856,127.89000000000215,effect_35-40
1532,315,Other,LGd-co,1,0.007819219641879609,3,3.0,1860,0.0016129032258064516,127.89000000000215,effect_35-40
1533,316,Other,LGd-co,29,0.22675736961450865,119,4.103448275862069,895,0.1329608938547486,127.89000000000215,effect_35-40
1534,318,Other,LGd-co,4,0.031276878567518436,12,3.0,926,0.012958963282937365,127.89000000000215,effect_35-40
1535,319,Other,LGd-co,9,0.07037297677691648,29,3.2222222222222223,2129,0.013621418506341005,127.89000000000215,effect_35-40
1536,320,Other,LGd-co,0,0.0,0,0.0,272,0.0,127.89000000000215,effect_35-40
1537,323,Other,LGd-co,14,0.10946907498631453,48,3.4285714285714284,2791,0.017198136868505912,127.89000000000215,effect_35-40
1538,328,Other,LGd-co,3,0.02345765892563883,11,3.6666666666666665,2952,0.0037262872628726286,127.89000000000215,effect_35-40
1539,329,Other,LGd-co,4,0.031276878567518436,13,3.25,2357,0.005515485787017395,127.89000000000215,effect_35-40
1540,331,Other,LGd-sh,12,0.09383063570255532,47,3.9166666666666665,2977,0.015787705744037622,127.89000000000215,effect_35-40
1541,335,Other,LGd-sh,12,0.09383063570255532,38,3.1666666666666665,1273,0.029850746268656716,127.89000000000215,effect_35-40
1542,336,Other,LGd-sh,12,0.09383063570255532,44,3.6666666666666665,1576,0.027918781725888325,127.89000000000215,effect_35-40
1543,337,Other,LGd-sh,6,0.04691531785127766,20,3.3333333333333335,942,0.021231422505307854,127.89000000000215,effect_35-40
1544,339,Other,LGd-sh,0,0.0,0,0.0,29,0.0,127.89000000000215,effect_35-40
1545,349,Other,CA1,109,0.8522949409648773,410,3.761467889908257,1628,0.25184275184275184,127.89000000000215,effect_35-40
1546,350,Other,CA1,382,2.986941903198011,1439,3.7670157068062826,2921,0.49263950701814446,127.89000000000215,effect_35-40
1547,356,Thalamus,VPM,8,0.06255375713503687,15,1.875,521,0.028790786948176585,127.89000000000215,effect_35-40
1548,357,Other,LGd-co,1,0.007819219641879609,4,4.0,272,0.014705882352941176,127.89000000000215,effect_35-40
1549,358,Other,LGd-co,13,0.10164985534443492,49,3.769230769230769,780,0.06282051282051282,127.89000000000215,effect_35-40
1550,359,Other,LGd-sh,8,0.06255375713503687,33,4.125,1268,0.026025236593059938,127.89000000000215,effect_35-40
1551,360,Other,LGd-sh,9,0.07037297677691648,29,3.2222222222222223,1030,0.02815533980582524,127.89000000000215,effect_35-40
1552,367,Other,MS,7,0.054734537493157265,25,3.5714285714285716,3245,0.007704160246533128,127.89000000000215,effect_35-40
1553,370,Other,MS,0,0.0,0,0.0,89,0.0,127.89000000000215,effect_35-40
1554,374,Other,MS,0,0.0,0,0.0,6,0.0,127.89000000000215,effect_35-40
1555,377,Other,MS,0,0.0,0,0.0,358,0.0,127.89000000000215,effect_35-40
1556,382,Other,MS,0,0.0,0,0.0,27,0.0,127.89000000000215,effect_35-40
1557,384,STR,LSr,1,0.007819219641879609,3,3.0,1499,0.0020013342228152103,127.89000000000215,effect_35-40
1558,386,STR,LSr,0,0.0,0,0.0,824,0.0,127.89000000000215,effect_35-40
1559,387,STR,LSr,3,0.02345765892563883,9,3.0,770,0.011688311688311689,127.89000000000215,effect_35-40
1560,388,STR,LSr,1,0.007819219641879609,3,3.0,650,0.004615384615384616,127.89000000000215,effect_35-40
1561,389,STR,LSr,1,0.007819219641879609,3,3.0,638,0.004702194357366771,127.89000000000215,effect_35-40
1562,392,STR,LSr,0,0.0,0,0.0,302,0.0,127.89000000000215,effect_35-40
1563,393,STR,LSr,37,0.28931112674954557,115,3.108108108108108,1646,0.06986634264884568,127.89000000000215,effect_35-40
1564,394,STR,LSr,5,0.03909609820939804,15,3.0,1005,0.014925373134328358,127.89000000000215,effect_35-40
1565,398,STR,LSr,3,0.02345765892563883,9,3.0,1283,0.007014809041309431,127.89000000000215,effect_35-40
1566,399,STR,LSr,1,0.007819219641879609,3,3.0,397,0.007556675062972292,127.89000000000215,effect_35-40
1567,402,STR,LSr,2,0.015638439283759218,6,3.0,634,0.00946372239747634,127.89000000000215,effect_35-40
1568,404,STR,LSr,0,0.0,0,0.0,138,0.0,127.89000000000215,effect_35-40
1569,406,STR,LSr,3,0.02345765892563883,9,3.0,133,0.06766917293233082,127.89000000000215,effect_35-40
1570,410,STR,LSr,4,0.031276878567518436,12,3.0,475,0.02526315789473684,127.89000000000215,effect_35-40
1571,411,STR,LSr,1,0.007819219641879609,3,3.0,276,0.010869565217391304,127.89000000000215,effect_35-40
1572,423,Motor,MOs6a,2,0.015638439283759218,6,3.0,259,0.023166023166023165,127.89000000000215,effect_35-40
1573,425,Motor,MOs6a,0,0.0,0,0.0,227,0.0,127.89000000000215,effect_35-40
1574,426,Motor,MOs6a,4,0.031276878567518436,28,7.0,70,0.4,127.89000000000215,effect_35-40
1575,427,Motor,MOs6a,3,0.02345765892563883,14,4.666666666666667,1725,0.008115942028985508,127.89000000000215,effect_35-40
1576,429,Motor,MOs6a,15,0.11728829462819414,64,4.266666666666667,287,0.2229965156794425,127.89000000000215,effect_35-40
1577,431,Motor,MOs6a,42,0.3284072249589436,162,3.857142857142857,1728,0.09375,127.89000000000215,effect_35-40
1578,432,Motor,MOs6a,3,0.02345765892563883,9,3.0,887,0.010146561443066516,127.89000000000215,effect_35-40
1579,438,Motor,MOs5,8,0.06255375713503687,34,4.25,1024,0.033203125,127.89000000000215,effect_35-40
1580,440,Motor,MOs5,0,0.0,0,0.0,368,0.0,127.89000000000215,effect_35-40
1581,443,Other,MS,1,0.007819219641879609,3,3.0,659,0.004552352048558422,127.89000000000215,effect_35-40
1582,444,Other,MS,0,0.0,0,0.0,40,0.0,127.89000000000215,effect_35-40
1583,445,STR,LSr,10,0.07819219641879609,35,3.5,859,0.04074505238649592,127.89000000000215,effect_35-40
1584,448,STR,LSr,0,0.0,0,0.0,230,0.0,127.89000000000215,effect_35-40
1585,449,STR,LSr,1,0.007819219641879609,3,3.0,174,0.017241379310344827,127.89000000000215,effect_35-40
1586,451,STR,LSr,0,0.0,0,0.0,348,0.0,127.89000000000215,effect_35-40
1587,453,Motor,MOs6a,2,0.015638439283759218,7,3.5,525,0.013333333333333334,127.89000000000215,effect_35-40
1588,455,Other,MS,0,0.0,0,0.0,78,0.0,127.89000000000215,effect_35-40
1589,457,Motor,MOs5,0,0.0,0,0.0,184,0.0,127.89000000000215,effect_35-40
1590,0,Other,AMd,1,0.013737705440520574,3,3.0,880,0.003409090909090909,72.79235999997582,effect_40-45
1591,1,Other,AMd,2,0.02747541088104115,7,3.5,756,0.009259259259259259,72.79235999997582,effect_40-45
1592,2,Other,AMd,10,0.13737705440520576,31,3.1,928,0.0334051724137931,72.79235999997582,effect_40-45
1593,12,Other,AMd,3,0.04121311632156172,11,3.6666666666666665,926,0.011879049676025918,72.79235999997582,effect_40-45
1594,13,Other,AMd,6,0.08242623264312345,26,4.333333333333333,871,0.029850746268656716,72.79235999997582,effect_40-45
1595,15,Other,AMd,0,0.0,0,0.0,904,0.0,72.79235999997582,effect_40-45
1596,16,Other,AMd,0,0.0,0,0.0,225,0.0,72.79235999997582,effect_40-45
1597,20,Other,AMd,2,0.02747541088104115,12,6.0,797,0.015056461731493099,72.79235999997582,effect_40-45
1598,27,Other,AMd,8,0.1099016435241646,30,3.75,991,0.030272452068617558,72.79235999997582,effect_40-45
1599,28,Other,AMd,5,0.06868852720260288,19,3.8,1007,0.018867924528301886,72.79235999997582,effect_40-45
1600,33,Thalamus,AV,1,0.013737705440520574,2,2.0,540,0.003703703703703704,72.79235999997582,effect_40-45
1601,35,Thalamus,AV,1,0.013737705440520574,1,1.0,1402,0.0007132667617689016,72.79235999997582,effect_40-45
1602,38,Thalamus,AV,0,0.0,0,0.0,730,0.0,72.79235999997582,effect_40-45
1603,42,Thalamus,AV,1,0.013737705440520574,1,1.0,1279,0.0007818608287724785,72.79235999997582,effect_40-45
1604,51,Thalamus,AV,4,0.0549508217620823,5,1.25,910,0.005494505494505495,72.79235999997582,effect_40-45
1605,52,Thalamus,AV,4,0.0549508217620823,6,1.5,505,0.011881188118811881,72.79235999997582,effect_40-45
1606,59,Other,AD,0,0.0,0,0.0,502,0.0,72.79235999997582,effect_40-45
1607,62,Other,AD,1,0.013737705440520574,3,3.0,632,0.004746835443037975,72.79235999997582,effect_40-45
1608,63,Other,AD,1,0.013737705440520574,4,4.0,602,0.006644518272425249,72.79235999997582,effect_40-45
1609,68,Other,AD,7,0.09616393808364403,27,3.857142857142857,1001,0.026973026973026972,72.79235999997582,effect_40-45
1610,72,Other,AD,6,0.08242623264312345,19,3.1666666666666665,888,0.021396396396396396,72.79235999997582,effect_40-45
1611,73,Other,AD,2,0.02747541088104115,7,3.5,404,0.017326732673267328,72.79235999997582,effect_40-45
1612,93,Other,AD,1,0.013737705440520574,3,3.0,1842,0.0016286644951140066,72.79235999997582,effect_40-45
1613,114,Other,CA3,1,0.013737705440520574,3,3.0,4,0.75,72.79235999997582,effect_40-45
1614,118,Other,CA3,56,0.7693115046691522,243,4.339285714285714,316,0.7689873417721519,72.79235999997582,effect_40-45
1615,121,Other,CA3,68,0.9341639699553991,272,4.0,606,0.44884488448844884,72.79235999997582,effect_40-45
1616,126,Other,CA3,61,0.8380000318717551,208,3.4098360655737703,447,0.465324384787472,72.79235999997582,effect_40-45
1617,131,Other,CA2,3,0.04121311632156172,14,4.666666666666667,34,0.4117647058823529,72.79235999997582,effect_40-45
1618,134,Somatosensory,SSp-tr6a,0,0.0,0,0.0,510,0.0,72.79235999997582,effect_40-45
1619,135,Somatosensory,SSp-tr6a,9,0.12363934896468518,27,3.0,1836,0.014705882352941176,72.79235999997582,effect_40-45
1620,136,Somatosensory,SSp-tr6a,1,0.013737705440520574,3,3.0,605,0.0049586776859504135,72.79235999997582,effect_40-45
1621,137,Somatosensory,SSp-tr6a,16,0.2198032870483292,77,4.8125,408,0.18872549019607843,72.79235999997582,effect_40-45
1622,138,Somatosensory,SSp-tr6a,0,0.0,0,0.0,226,0.0,72.79235999997582,effect_40-45
1623,140,Somatosensory,SSp-tr6a,4,0.0549508217620823,13,3.25,2074,0.00626808100289296,72.79235999997582,effect_40-45
1624,141,Somatosensory,SSp-tr6a,0,0.0,0,0.0,422,0.0,72.79235999997582,effect_40-45
1625,144,Somatosensory,SSp-tr5,0,0.0,0,0.0,603,0.0,72.79235999997582,effect_40-45
1626,145,Somatosensory,SSp-tr5,0,0.0,0,0.0,584,0.0,72.79235999997582,effect_40-45
1627,147,Somatosensory,SSp-tr5,10,0.13737705440520576,32,3.2,1388,0.023054755043227664,72.79235999997582,effect_40-45
1628,149,Somatosensory,SSp-tr5,0,0.0,0,0.0,63,0.0,72.79235999997582,effect_40-45
1629,150,Somatosensory,SSp-tr5,0,0.0,0,0.0,459,0.0,72.79235999997582,effect_40-45
1630,153,Somatosensory,SSp-tr5,1,0.013737705440520574,3,3.0,1336,0.002245508982035928,72.79235999997582,effect_40-45
1631,154,Somatosensory,SSp-tr5,2,0.02747541088104115,7,3.5,98,0.07142857142857142,72.79235999997582,effect_40-45
1632,162,Other,CA3,0,0.0,0,0.0,15,0.0,72.79235999997582,effect_40-45
1633,164,Somatosensory,SSp-tr6a,2,0.02747541088104115,6,3.0,863,0.006952491309385863,72.79235999997582,effect_40-45
1634,165,Somatosensory,SSp-tr6a,0,0.0,0,0.0,705,0.0,72.79235999997582,effect_40-45
1635,166,Somatosensory,SSp-tr6a,0,0.0,0,0.0,1134,0.0,72.79235999997582,effect_40-45
1636,168,Somatosensory,SSp-tr5,0,0.0,0,0.0,6,0.0,72.79235999997582,effect_40-45
1637,170,Somatosensory,SSp-tr5,0,0.0,0,0.0,1,0.0,72.79235999997582,effect_40-45
1638,173,Somatosensory,SSp-tr5,0,0.0,0,0.0,456,0.0,72.79235999997582,effect_40-45
1639,185,Thalamus,Eth,1,0.013737705440520574,1,1.0,430,0.002325581395348837,72.79235999997582,effect_40-45
1640,191,Thalamus,Eth,4,0.0549508217620823,7,1.75,663,0.010558069381598794,72.79235999997582,effect_40-45
1641,192,Thalamus,TH,0,0.0,0,0.0,2813,0.0,72.79235999997582,effect_40-45
1642,209,Other,SUB,21,0.28849181425093207,67,3.1904761904761907,1182,0.05668358714043993,72.79235999997582,effect_40-45
1643,210,Other,SUB,0,0.0,0,0.0,271,0.0,72.79235999997582,effect_40-45
1644,218,Thalamus,VPM,5,0.06868852720260288,5,1.0,740,0.006756756756756757,72.79235999997582,effect_40-45
1645,219,Thalamus,VPM,0,0.0,0,0.0,835,0.0,72.79235999997582,effect_40-45
1646,224,Thalamus,VPM,0,0.0,0,0.0,62,0.0,72.79235999997582,effect_40-45
1647,227,Thalamus,VPM,4,0.0549508217620823,12,3.0,685,0.017518248175182483,72.79235999997582,effect_40-45
1648,230,Thalamus,VPM,10,0.13737705440520576,21,2.1,361,0.05817174515235457,72.79235999997582,effect_40-45
1649,232,Thalamus,VPM,2,0.02747541088104115,4,2.0,248,0.016129032258064516,72.79235999997582,effect_40-45
1650,233,Thalamus,VPM,0,0.0,0,0.0,773,0.0,72.79235999997582,effect_40-45
1651,235,Thalamus,VPM,0,0.0,0,0.0,223,0.0,72.79235999997582,effect_40-45
1652,237,Thalamus,VPM,8,0.1099016435241646,23,2.875,569,0.040421792618629174,72.79235999997582,effect_40-45
1653,238,Thalamus,VPM,2,0.02747541088104115,6,3.0,142,0.04225352112676056,72.79235999997582,effect_40-45
1654,239,Thalamus,VPM,11,0.1511147598457263,24,2.1818181818181817,525,0.045714285714285714,72.79235999997582,effect_40-45
1655,240,Thalamus,VPM,8,0.1099016435241646,17,2.125,696,0.02442528735632184,72.79235999997582,effect_40-45
1656,246,Thalamus,VPM,0,0.0,0,0.0,610,0.0,72.79235999997582,effect_40-45
1657,247,Thalamus,VPM,4,0.0549508217620823,10,2.5,436,0.022935779816513763,72.79235999997582,effect_40-45
1658,248,Thalamus,VPM,0,0.0,0,0.0,648,0.0,72.79235999997582,effect_40-45
1659,250,Thalamus,VPM,0,0.0,0,0.0,290,0.0,72.79235999997582,effect_40-45
1660,254,Thalamus,VPM,0,0.0,0,0.0,125,0.0,72.79235999997582,effect_40-45
1661,256,Thalamus,VPM,2,0.02747541088104115,5,2.5,139,0.03597122302158273,72.79235999997582,effect_40-45
1662,258,Thalamus,VPM,5,0.06868852720260288,9,1.8,1061,0.008482563619227144,72.79235999997582,effect_40-45
1663,263,Thalamus,VPM,8,0.1099016435241646,19,2.375,1377,0.013798111837327523,72.79235999997582,effect_40-45
1664,264,Thalamus,VPM,1,0.013737705440520574,2,2.0,1109,0.0018034265103697023,72.79235999997582,effect_40-45
1665,265,Thalamus,VPM,61,0.8380000318717551,116,1.901639344262295,718,0.1615598885793872,72.79235999997582,effect_40-45
1666,268,Thalamus,VPM,9,0.12363934896468518,14,1.5555555555555556,609,0.022988505747126436,72.79235999997582,effect_40-45
1667,269,Thalamus,VPM,4,0.0549508217620823,6,1.5,360,0.016666666666666666,72.79235999997582,effect_40-45
1668,270,Thalamus,VPM,1,0.013737705440520574,1,1.0,1182,0.0008460236886632825,72.79235999997582,effect_40-45
1669,271,Thalamus,VPM,2,0.02747541088104115,7,3.5,862,0.008120649651972157,72.79235999997582,effect_40-45
1670,272,Thalamus,VPM,0,0.0,0,0.0,950,0.0,72.79235999997582,effect_40-45
1671,274,Thalamus,VPM,1,0.013737705440520574,3,3.0,619,0.004846526655896607,72.79235999997582,effect_40-45
1672,276,Thalamus,VPM,0,0.0,0,0.0,431,0.0,72.79235999997582,effect_40-45
1673,278,Thalamus,VPM,1,0.013737705440520574,2,2.0,419,0.00477326968973747,72.79235999997582,effect_40-45
1674,279,Thalamus,VPM,1,0.013737705440520574,2,2.0,656,0.003048780487804878,72.79235999997582,effect_40-45
1675,280,Thalamus,VPM,12,0.1648524652862469,23,1.9166666666666667,895,0.02569832402234637,72.79235999997582,effect_40-45
1676,281,Thalamus,VPM,1,0.013737705440520574,2,2.0,383,0.005221932114882507,72.79235999997582,effect_40-45
1677,290,Thalamus,VPM,14,0.19232787616728805,25,1.7857142857142858,786,0.031806615776081425,72.79235999997582,effect_40-45
1678,292,Thalamus,VPM,4,0.0549508217620823,7,1.75,534,0.013108614232209739,72.79235999997582,effect_40-45
1679,296,Other,or,2,0.02747541088104115,6,3.0,439,0.01366742596810934,72.79235999997582,effect_40-45
1680,303,Other,LGd-co,6,0.08242623264312345,20,3.3333333333333335,673,0.029717682020802376,72.79235999997582,effect_40-45
1681,304,Other,LGd-co,2,0.02747541088104115,7,3.5,1776,0.003941441441441441,72.79235999997582,effect_40-45
1682,305,Other,LGd-co,0,0.0,0,0.0,85,0.0,72.79235999997582,effect_40-45
1683,307,Other,LGd-co,2,0.02747541088104115,6,3.0,727,0.008253094910591471,72.79235999997582,effect_40-45
1684,308,Other,LGd-co,3,0.04121311632156172,9,3.0,784,0.011479591836734694,72.79235999997582,effect_40-45
1685,309,Other,LGd-co,3,0.04121311632156172,10,3.3333333333333335,504,0.01984126984126984,72.79235999997582,effect_40-45
1686,310,Other,LGd-co,1,0.013737705440520574,3,3.0,404,0.007425742574257425,72.79235999997582,effect_40-45
1687,311,Other,LGd-co,3,0.04121311632156172,9,3.0,480,0.01875,72.79235999997582,effect_40-45
1688,312,Other,LGd-co,47,0.645672155704467,166,3.5319148936170213,245,0.6775510204081633,72.79235999997582,effect_40-45
1689,313,Other,LGd-co,19,0.2610164033698909,73,3.8421052631578947,217,0.33640552995391704,72.79235999997582,effect_40-45
1690,314,Other,LGd-co,34,0.46708198497769954,116,3.411764705882353,442,0.26244343891402716,72.79235999997582,effect_40-45
1691,315,Other,LGd-co,6,0.08242623264312345,18,3.0,684,0.02631578947368421,72.79235999997582,effect_40-45
1692,316,Other,LGd-co,71,0.9753770862769607,295,4.154929577464789,702,0.4202279202279202,72.79235999997582,effect_40-45
1693,318,Other,LGd-co,3,0.04121311632156172,9,3.0,519,0.017341040462427744,72.79235999997582,effect_40-45
1694,319,Other,LGd-co,11,0.1511147598457263,38,3.4545454545454546,798,0.047619047619047616,72.79235999997582,effect_40-45
1695,320,Other,LGd-co,0,0.0,0,0.0,116,0.0,72.79235999997582,effect_40-45
1696,323,Other,LGd-co,13,0.17859017072676747,42,3.230769230769231,960,0.04375,72.79235999997582,effect_40-45
1697,328,Other,LGd-co,1,0.013737705440520574,4,4.0,1550,0.0025806451612903226,72.79235999997582,effect_40-45
1698,329,Other,LGd-co,3,0.04121311632156172,11,3.6666666666666665,1053,0.010446343779677113,72.79235999997582,effect_40-45
1699,331,Other,LGd-sh,3,0.04121311632156172,10,3.3333333333333335,1249,0.008006405124099279,72.79235999997582,effect_40-45
1700,335,Other,LGd-sh,31,0.4258688686561378,117,3.774193548387097,518,0.22586872586872586,72.79235999997582,effect_40-45
1701,336,Other,LGd-sh,26,0.35718034145353494,97,3.730769230769231,773,0.12548512289780078,72.79235999997582,effect_40-45
1702,337,Other,LGd-sh,15,0.2060655816078086,49,3.2666666666666666,473,0.10359408033826638,72.79235999997582,effect_40-45
1703,339,Other,LGd-sh,0,0.0,0,0.0,18,0.0,72.79235999997582,effect_40-45
1704,349,Other,CA1,57,0.7830492101096728,206,3.6140350877192984,953,0.2161594963273872,72.79235999997582,effect_40-45
1705,350,Other,CA1,198,2.7200656772230736,747,3.772727272727273,1666,0.44837935174069626,72.79235999997582,effect_40-45
1706,356,Thalamus,VPM,10,0.13737705440520576,19,1.9,354,0.05367231638418079,72.79235999997582,effect_40-45
1707,357,Other,LGd-co,0,0.0,0,0.0,217,0.0,72.79235999997582,effect_40-45
1708,358,Other,LGd-co,50,0.6868852720260287,182,3.64,490,0.37142857142857144,72.79235999997582,effect_40-45
1709,359,Other,LGd-sh,9,0.12363934896468518,28,3.111111111111111,700,0.04,72.79235999997582,effect_40-45
1710,360,Other,LGd-sh,15,0.2060655816078086,49,3.2666666666666666,612,0.08006535947712418,72.79235999997582,effect_40-45
1711,367,Other,MS,5,0.06868852720260288,16,3.2,1847,0.008662696264212236,72.79235999997582,effect_40-45
1712,370,Other,MS,0,0.0,0,0.0,54,0.0,72.79235999997582,effect_40-45
1713,374,Other,MS,0,0.0,0,0.0,1,0.0,72.79235999997582,effect_40-45
1714,377,Other,MS,0,0.0,0,0.0,331,0.0,72.79235999997582,effect_40-45
1715,382,Other,MS,0,0.0,0,0.0,21,0.0,72.79235999997582,effect_40-45
1716,384,STR,LSr,0,0.0,0,0.0,648,0.0,72.79235999997582,effect_40-45
1717,386,STR,LSr,1,0.013737705440520574,3,3.0,418,0.007177033492822967,72.79235999997582,effect_40-45
1718,387,STR,LSr,0,0.0,0,0.0,371,0.0,72.79235999997582,effect_40-45
1719,388,STR,LSr,0,0.0,0,0.0,351,0.0,72.79235999997582,effect_40-45
1720,389,STR,LSr,1,0.013737705440520574,3,3.0,392,0.007653061224489796,72.79235999997582,effect_40-45
1721,392,STR,LSr,0,0.0,0,0.0,168,0.0,72.79235999997582,effect_40-45
1722,393,STR,LSr,12,0.1648524652862469,37,3.0833333333333335,933,0.03965702036441586,72.79235999997582,effect_40-45
1723,394,STR,LSr,3,0.04121311632156172,9,3.0,587,0.015332197614991482,72.79235999997582,effect_40-45
1724,398,STR,LSr,3,0.04121311632156172,9,3.0,751,0.011984021304926764,72.79235999997582,effect_40-45
1725,399,STR,LSr,1,0.013737705440520574,3,3.0,190,0.015789473684210527,72.79235999997582,effect_40-45
1726,402,STR,LSr,1,0.013737705440520574,3,3.0,540,0.005555555555555556,72.79235999997582,effect_40-45
1727,404,STR,LSr,0,0.0,0,0.0,73,0.0,72.79235999997582,effect_40-45
1728,406,STR,LSr,1,0.013737705440520574,3,3.0,113,0.02654867256637168,72.79235999997582,effect_40-45
1729,410,STR,LSr,0,0.0,0,0.0,230,0.0,72.79235999997582,effect_40-45
1730,411,STR,LSr,0,0.0,0,0.0,139,0.0,72.79235999997582,effect_40-45
1731,423,Motor,MOs6a,2,0.02747541088104115,7,3.5,151,0.046357615894039736,72.79235999997582,effect_40-45
1732,425,Motor,MOs6a,1,0.013737705440520574,6,6.0,134,0.04477611940298507,72.79235999997582,effect_40-45
1733,426,Motor,MOs6a,0,0.0,0,0.0,11,0.0,72.79235999997582,effect_40-45
1734,427,Motor,MOs6a,1,0.013737705440520574,3,3.0,1164,0.002577319587628866,72.79235999997582,effect_40-45
1735,429,Motor,MOs6a,18,0.24727869792937035,67,3.7222222222222223,394,0.1700507614213198,72.79235999997582,effect_40-45
1736,431,Motor,MOs6a,12,0.1648524652862469,44,3.6666666666666665,631,0.06973058637083994,72.79235999997582,effect_40-45
1737,432,Motor,MOs6a,2,0.02747541088104115,7,3.5,572,0.012237762237762238,72.79235999997582,effect_40-45
1738,438,Motor,MOs5,9,0.12363934896468518,33,3.6666666666666665,556,0.05935251798561151,72.79235999997582,effect_40-45
1739,440,Motor,MOs5,1,0.013737705440520574,3,3.0,210,0.014285714285714285,72.79235999997582,effect_40-45
1740,443,Other,MS,0,0.0,0,0.0,472,0.0,72.79235999997582,effect_40-45
1741,444,Other,MS,0,0.0,0,0.0,33,0.0,72.79235999997582,effect_40-45
1742,445,STR,LSr,1,0.013737705440520574,3,3.0,513,0.005847953216374269,72.79235999997582,effect_40-45
1743,448,STR,LSr,0,0.0,0,0.0,129,0.0,72.79235999997582,effect_40-45
1744,449,STR,LSr,0,0.0,0,0.0,125,0.0,72.79235999997582,effect_40-45
1745,451,STR,LSr,0,0.0,0,0.0,107,0.0,72.79235999997582,effect_40-45
1746,453,Motor,MOs6a,1,0.013737705440520574,3,3.0,360,0.008333333333333333,72.79235999997582,effect_40-45
1747,455,Other,MS,0,0.0,0,0.0,41,0.0,72.79235999997582,effect_40-45
1748,457,Motor,MOs5,0,0.0,0,0.0,98,0.0,72.79235999997582,effect_40-45
1749,0,Other,AMd,4,0.037508561329135236,14,3.5,1311,0.010678871090770405,106.64231999996628,effect_45-50
1750,1,Other,AMd,4,0.037508561329135236,14,3.5,993,0.014098690835850957,106.64231999996628,effect_45-50
1751,2,Other,AMd,5,0.04688570166141904,20,4.0,1453,0.013764624913971095,106.64231999996628,effect_45-50
1752,12,Other,AMd,5,0.04688570166141904,19,3.8,1469,0.012933968686181076,106.64231999996628,effect_45-50
1753,13,Other,AMd,6,0.05626284199370285,27,4.5,1227,0.022004889975550123,106.64231999996628,effect_45-50
1754,15,Other,AMd,0,0.0,0,0.0,1256,0.0,106.64231999996628,effect_45-50
1755,16,Other,AMd,0,0.0,0,0.0,362,0.0,106.64231999996628,effect_45-50
1756,20,Other,AMd,8,0.07501712265827047,27,3.375,1267,0.021310181531176007,106.64231999996628,effect_45-50
1757,27,Other,AMd,8,0.07501712265827047,33,4.125,1647,0.020036429872495445,106.64231999996628,effect_45-50
1758,28,Other,AMd,9,0.08439426299055428,35,3.888888888888889,1435,0.024390243902439025,106.64231999996628,effect_45-50
1759,33,Thalamus,AV,2,0.018754280664567618,4,2.0,841,0.0047562425683709865,106.64231999996628,effect_45-50
1760,35,Thalamus,AV,5,0.04688570166141904,10,2.0,1934,0.005170630816959669,106.64231999996628,effect_45-50
1761,38,Thalamus,AV,5,0.04688570166141904,8,1.6,948,0.008438818565400843,106.64231999996628,effect_45-50
1762,42,Thalamus,AV,4,0.037508561329135236,8,2.0,1866,0.004287245444801715,106.64231999996628,effect_45-50
1763,51,Thalamus,AV,7,0.06563998232598665,10,1.4285714285714286,1387,0.007209805335255948,106.64231999996628,effect_45-50
1764,52,Thalamus,AV,5,0.04688570166141904,11,2.2,721,0.015256588072122053,106.64231999996628,effect_45-50
1765,59,Other,AD,4,0.037508561329135236,12,3.0,722,0.01662049861495845,106.64231999996628,effect_45-50
1766,62,Other,AD,5,0.04688570166141904,15,3.0,882,0.017006802721088437,106.64231999996628,effect_45-50
1767,63,Other,AD,4,0.037508561329135236,13,3.25,697,0.018651362984218076,106.64231999996628,effect_45-50
1768,68,Other,AD,5,0.04688570166141904,16,3.2,1258,0.012718600953895072,106.64231999996628,effect_45-50
1769,72,Other,AD,6,0.05626284199370285,19,3.1666666666666665,1326,0.014328808446455505,106.64231999996628,effect_45-50
1770,73,Other,AD,14,0.1312799646519733,48,3.4285714285714284,651,0.07373271889400922,106.64231999996628,effect_45-50
1771,93,Other,AD,0,0.0,0,0.0,2290,0.0,106.64231999996628,effect_45-50
1772,114,Other,CA3,4,0.037508561329135236,14,3.5,36,0.3888888888888889,106.64231999996628,effect_45-50
1773,118,Other,CA3,54,0.5063655779433257,230,4.2592592592592595,323,0.7120743034055728,106.64231999996628,effect_45-50
1774,121,Other,CA3,84,0.7876797879118399,333,3.9642857142857144,727,0.4580467675378267,106.64231999996628,effect_45-50
1775,126,Other,CA3,103,0.9658454542252323,367,3.563106796116505,652,0.5628834355828221,106.64231999996628,effect_45-50
1776,131,Other,CA2,4,0.037508561329135236,14,3.5,32,0.4375,106.64231999996628,effect_45-50
1777,134,Somatosensory,SSp-tr6a,3,0.028131420996851425,10,3.3333333333333335,456,0.021929824561403508,106.64231999996628,effect_45-50
1778,135,Somatosensory,SSp-tr6a,9,0.08439426299055428,28,3.111111111111111,2238,0.012511170688114389,106.64231999996628,effect_45-50
1779,136,Somatosensory,SSp-tr6a,1,0.009377140332283809,6,6.0,936,0.00641025641025641,106.64231999996628,effect_45-50
1780,137,Somatosensory,SSp-tr6a,25,0.23442850830709522,104,4.16,547,0.19012797074954296,106.64231999996628,effect_45-50
1781,138,Somatosensory,SSp-tr6a,0,0.0,0,0.0,504,0.0,106.64231999996628,effect_45-50
1782,140,Somatosensory,SSp-tr6a,7,0.06563998232598665,26,3.7142857142857144,2981,0.00872190540087219,106.64231999996628,effect_45-50
1783,141,Somatosensory,SSp-tr6a,0,0.0,0,0.0,669,0.0,106.64231999996628,effect_45-50
1784,144,Somatosensory,SSp-tr5,1,0.009377140332283809,3,3.0,951,0.0031545741324921135,106.64231999996628,effect_45-50
1785,145,Somatosensory,SSp-tr5,0,0.0,0,0.0,921,0.0,106.64231999996628,effect_45-50
1786,147,Somatosensory,SSp-tr5,5,0.04688570166141904,16,3.2,2008,0.00796812749003984,106.64231999996628,effect_45-50
1787,149,Somatosensory,SSp-tr5,0,0.0,0,0.0,169,0.0,106.64231999996628,effect_45-50
1788,150,Somatosensory,SSp-tr5,1,0.009377140332283809,3,3.0,770,0.003896103896103896,106.64231999996628,effect_45-50
1789,153,Somatosensory,SSp-tr5,2,0.018754280664567618,6,3.0,1997,0.0030045067601402104,106.64231999996628,effect_45-50
1790,154,Somatosensory,SSp-tr5,0,0.0,0,0.0,161,0.0,106.64231999996628,effect_45-50
1791,162,Other,CA3,2,0.018754280664567618,6,3.0,46,0.13043478260869565,106.64231999996628,effect_45-50
1792,164,Somatosensory,SSp-tr6a,2,0.018754280664567618,6,3.0,1306,0.004594180704441042,106.64231999996628,effect_45-50
1793,165,Somatosensory,SSp-tr6a,0,0.0,0,0.0,1007,0.0,106.64231999996628,effect_45-50
1794,166,Somatosensory,SSp-tr6a,0,0.0,0,0.0,1650,0.0,106.64231999996628,effect_45-50
1795,168,Somatosensory,SSp-tr5,0,0.0,0,0.0,9,0.0,106.64231999996628,effect_45-50
1796,170,Somatosensory,SSp-tr5,0,0.0,0,0.0,9,0.0,106.64231999996628,effect_45-50
1797,173,Somatosensory,SSp-tr5,0,0.0,0,0.0,691,0.0,106.64231999996628,effect_45-50
1798,185,Thalamus,Eth,4,0.037508561329135236,7,1.75,663,0.010558069381598794,106.64231999996628,effect_45-50
1799,191,Thalamus,Eth,4,0.037508561329135236,10,2.5,927,0.010787486515641856,106.64231999996628,effect_45-50
1800,192,Thalamus,TH,0,0.0,0,0.0,3912,0.0,106.64231999996628,effect_45-50
1801,209,Other,SUB,24,0.2250513679748114,75,3.125,1656,0.04528985507246377,106.64231999996628,effect_45-50
1802,210,Other,SUB,1,0.009377140332283809,3,3.0,424,0.007075471698113208,106.64231999996628,effect_45-50
1803,218,Thalamus,VPM,3,0.028131420996851425,4,1.3333333333333333,768,0.005208333333333333,106.64231999996628,effect_45-50
1804,219,Thalamus,VPM,0,0.0,0,0.0,1229,0.0,106.64231999996628,effect_45-50
1805,224,Thalamus,VPM,0,0.0,0,0.0,90,0.0,106.64231999996628,effect_45-50
1806,227,Thalamus,VPM,5,0.04688570166141904,14,2.8,891,0.015712682379349047,106.64231999996628,effect_45-50
1807,230,Thalamus,VPM,18,0.16878852598110855,38,2.111111111111111,490,0.07755102040816327,106.64231999996628,effect_45-50
1808,232,Thalamus,VPM,7,0.06563998232598665,14,2.0,449,0.031180400890868598,106.64231999996628,effect_45-50
1809,233,Thalamus,VPM,4,0.037508561329135236,4,1.0,1201,0.0033305578684429643,106.64231999996628,effect_45-50
1810,235,Thalamus,VPM,1,0.009377140332283809,1,1.0,391,0.0025575447570332483,106.64231999996628,effect_45-50
1811,237,Thalamus,VPM,22,0.2062970873102438,54,2.4545454545454546,884,0.06108597285067873,106.64231999996628,effect_45-50
1812,238,Thalamus,VPM,7,0.06563998232598665,17,2.4285714285714284,183,0.09289617486338798,106.64231999996628,effect_45-50
1813,239,Thalamus,VPM,18,0.16878852598110855,38,2.111111111111111,838,0.045346062052505964,106.64231999996628,effect_45-50
1814,240,Thalamus,VPM,6,0.05626284199370285,10,1.6666666666666667,923,0.010834236186348862,106.64231999996628,effect_45-50
1815,246,Thalamus,VPM,1,0.009377140332283809,3,3.0,909,0.0033003300330033004,106.64231999996628,effect_45-50
1816,247,Thalamus,VPM,1,0.009377140332283809,2,2.0,655,0.0030534351145038168,106.64231999996628,effect_45-50
1817,248,Thalamus,VPM,1,0.009377140332283809,1,1.0,910,0.001098901098901099,106.64231999996628,effect_45-50
1818,250,Thalamus,VPM,0,0.0,0,0.0,443,0.0,106.64231999996628,effect_45-50
1819,254,Thalamus,VPM,0,0.0,0,0.0,139,0.0,106.64231999996628,effect_45-50
1820,256,Thalamus,VPM,3,0.028131420996851425,6,2.0,122,0.04918032786885246,106.64231999996628,effect_45-50
1821,258,Thalamus,VPM,9,0.08439426299055428,17,1.8888888888888888,1348,0.012611275964391691,106.64231999996628,effect_45-50
1822,263,Thalamus,VPM,11,0.1031485436551219,26,2.3636363636363638,1913,0.013591217982226868,106.64231999996628,effect_45-50
1823,264,Thalamus,VPM,0,0.0,0,0.0,1434,0.0,106.64231999996628,effect_45-50
1824,265,Thalamus,VPM,56,0.5251198586078932,120,2.142857142857143,727,0.16506189821182943,106.64231999996628,effect_45-50
1825,268,Thalamus,VPM,12,0.1125256839874057,22,1.8333333333333333,894,0.024608501118568233,106.64231999996628,effect_45-50
1826,269,Thalamus,VPM,1,0.009377140332283809,1,1.0,603,0.001658374792703151,106.64231999996628,effect_45-50
1827,270,Thalamus,VPM,5,0.04688570166141904,12,2.4,1529,0.007848266841072597,106.64231999996628,effect_45-50
1828,271,Thalamus,VPM,3,0.028131420996851425,4,1.3333333333333333,1223,0.003270645952575634,106.64231999996628,effect_45-50
1829,272,Thalamus,VPM,0,0.0,0,0.0,905,0.0,106.64231999996628,effect_45-50
1830,274,Thalamus,VPM,3,0.028131420996851425,4,1.3333333333333333,711,0.005625879043600563,106.64231999996628,effect_45-50
1831,276,Thalamus,VPM,1,0.009377140332283809,2,2.0,581,0.0034423407917383822,106.64231999996628,effect_45-50
1832,278,Thalamus,VPM,5,0.04688570166141904,8,1.6,653,0.01225114854517611,106.64231999996628,effect_45-50
1833,279,Thalamus,VPM,4,0.037508561329135236,7,1.75,1017,0.00688298918387414,106.64231999996628,effect_45-50
1834,280,Thalamus,VPM,13,0.1219028243196895,21,1.6153846153846154,1216,0.017269736842105265,106.64231999996628,effect_45-50
1835,281,Thalamus,VPM,8,0.07501712265827047,14,1.75,523,0.02676864244741874,106.64231999996628,effect_45-50
1836,290,Thalamus,VPM,11,0.1031485436551219,16,1.4545454545454546,901,0.017758046614872364,106.64231999996628,effect_45-50
1837,292,Thalamus,VPM,3,0.028131420996851425,5,1.6666666666666667,706,0.007082152974504249,106.64231999996628,effect_45-50
1838,296,Other,or,4,0.037508561329135236,14,3.5,501,0.027944111776447105,106.64231999996628,effect_45-50
1839,303,Other,LGd-co,2,0.018754280664567618,6,3.0,871,0.006888633754305396,106.64231999996628,effect_45-50
1840,304,Other,LGd-co,4,0.037508561329135236,15,3.75,2391,0.006273525721455458,106.64231999996628,effect_45-50
1841,305,Other,LGd-co,0,0.0,0,0.0,116,0.0,106.64231999996628,effect_45-50
1842,307,Other,LGd-co,0,0.0,0,0.0,1405,0.0,106.64231999996628,effect_45-50
1843,308,Other,LGd-co,6,0.05626284199370285,20,3.3333333333333335,1112,0.017985611510791366,106.64231999996628,effect_45-50
1844,309,Other,LGd-co,6,0.05626284199370285,29,4.833333333333333,897,0.032329988851727984,106.64231999996628,effect_45-50
1845,310,Other,LGd-co,3,0.028131420996851425,9,3.0,914,0.009846827133479213,106.64231999996628,effect_45-50
1846,311,Other,LGd-co,4,0.037508561329135236,13,3.25,840,0.015476190476190477,106.64231999996628,effect_45-50
1847,312,Other,LGd-co,53,0.49698843761104183,181,3.4150943396226414,325,0.556923076923077,106.64231999996628,effect_45-50
1848,313,Other,LGd-co,26,0.243805648639379,88,3.3846153846153846,310,0.2838709677419355,106.64231999996628,effect_45-50
1849,314,Other,LGd-co,36,0.3375770519622171,122,3.388888888888889,768,0.15885416666666666,106.64231999996628,effect_45-50
1850,315,Other,LGd-co,22,0.2062970873102438,73,3.3181818181818183,1473,0.04955872369314324,106.64231999996628,effect_45-50
1851,316,Other,LGd-co,72,0.6751541039244342,265,3.6805555555555554,1055,0.25118483412322273,106.64231999996628,effect_45-50
1852,318,Other,LGd-co,12,0.1125256839874057,38,3.1666666666666665,931,0.04081632653061224,106.64231999996628,effect_45-50
1853,319,Other,LGd-co,12,0.1125256839874057,37,3.0833333333333335,1220,0.030327868852459017,106.64231999996628,effect_45-50
1854,320,Other,LGd-co,0,0.0,0,0.0,200,0.0,106.64231999996628,effect_45-50
1855,323,Other,LGd-co,14,0.1312799646519733,45,3.2142857142857144,1237,0.03637833468067906,106.64231999996628,effect_45-50
1856,328,Other,LGd-co,4,0.037508561329135236,15,3.75,1971,0.0076103500761035,106.64231999996628,effect_45-50
1857,329,Other,LGd-co,3,0.028131420996851425,9,3.0,1782,0.005050505050505051,106.64231999996628,effect_45-50
1858,331,Other,LGd-sh,4,0.037508561329135236,17,4.25,1981,0.008581524482584554,106.64231999996628,effect_45-50
1859,335,Other,LGd-sh,31,0.29069135030079807,108,3.4838709677419355,778,0.13881748071979436,106.64231999996628,effect_45-50
1860,336,Other,LGd-sh,30,0.28131420996851425,113,3.7666666666666666,1072,0.10541044776119403,106.64231999996628,effect_45-50
1861,337,Other,LGd-sh,16,0.15003424531654094,54,3.375,782,0.06905370843989769,106.64231999996628,effect_45-50
1862,339,Other,LGd-sh,0,0.0,0,0.0,32,0.0,106.64231999996628,effect_45-50
1863,349,Other,CA1,96,0.9002054718992456,358,3.7291666666666665,1394,0.2568149210903874,106.64231999996628,effect_45-50
1864,350,Other,CA1,263,2.4661879073906414,976,3.711026615969582,2452,0.39804241435562804,106.64231999996628,effect_45-50
1865,356,Thalamus,VPM,10,0.09377140332283808,24,2.4,566,0.04240282685512368,106.64231999996628,effect_45-50
1866,357,Other,LGd-co,0,0.0,0,0.0,222,0.0,106.64231999996628,effect_45-50
1867,358,Other,LGd-co,63,0.5907598409338799,232,3.6825396825396823,783,0.2962962962962963,106.64231999996628,effect_45-50
1868,359,Other,LGd-sh,6,0.05626284199370285,25,4.166666666666667,957,0.02612330198537095,106.64231999996628,effect_45-50
1869,360,Other,LGd-sh,13,0.1219028243196895,42,3.230769230769231,926,0.04535637149028078,106.64231999996628,effect_45-50
1870,367,Other,MS,1,0.009377140332283809,3,3.0,2896,0.0010359116022099447,106.64231999996628,effect_45-50
1871,370,Other,MS,0,0.0,0,0.0,91,0.0,106.64231999996628,effect_45-50
1872,374,Other,MS,0,0.0,0,0.0,0,0.0,106.64231999996628,effect_45-50
1873,377,Other,MS,0,0.0,0,0.0,486,0.0,106.64231999996628,effect_45-50
1874,382,Other,MS,0,0.0,0,0.0,22,0.0,106.64231999996628,effect_45-50
1875,384,STR,LSr,1,0.009377140332283809,3,3.0,974,0.003080082135523614,106.64231999996628,effect_45-50
1876,386,STR,LSr,2,0.018754280664567618,7,3.5,493,0.014198782961460446,106.64231999996628,effect_45-50
1877,387,STR,LSr,1,0.009377140332283809,4,4.0,567,0.007054673721340388,106.64231999996628,effect_45-50
1878,388,STR,LSr,0,0.0,0,0.0,469,0.0,106.64231999996628,effect_45-50
1879,389,STR,LSr,0,0.0,0,0.0,571,0.0,106.64231999996628,effect_45-50
1880,392,STR,LSr,0,0.0,0,0.0,257,0.0,106.64231999996628,effect_45-50
1881,393,STR,LSr,16,0.15003424531654094,50,3.125,1320,0.03787878787878788,106.64231999996628,effect_45-50
1882,394,STR,LSr,6,0.05626284199370285,19,3.1666666666666665,826,0.023002421307506054,106.64231999996628,effect_45-50
1883,398,STR,LSr,6,0.05626284199370285,18,3.0,1064,0.016917293233082706,106.64231999996628,effect_45-50
1884,399,STR,LSr,1,0.009377140332283809,3,3.0,303,0.009900990099009901,106.64231999996628,effect_45-50
1885,402,STR,LSr,3,0.028131420996851425,9,3.0,619,0.014539579967689823,106.64231999996628,effect_45-50
1886,404,STR,LSr,0,0.0,0,0.0,85,0.0,106.64231999996628,effect_45-50
1887,406,STR,LSr,0,0.0,0,0.0,166,0.0,106.64231999996628,effect_45-50
1888,410,STR,LSr,0,0.0,0,0.0,376,0.0,106.64231999996628,effect_45-50
1889,411,STR,LSr,2,0.018754280664567618,6,3.0,211,0.02843601895734597,106.64231999996628,effect_45-50
1890,423,Motor,MOs6a,1,0.009377140332283809,3,3.0,293,0.010238907849829351,106.64231999996628,effect_45-50
1891,425,Motor,MOs6a,0,0.0,0,0.0,264,0.0,106.64231999996628,effect_45-50
1892,426,Motor,MOs6a,0,0.0,0,0.0,14,0.0,106.64231999996628,effect_45-50
1893,427,Motor,MOs6a,6,0.05626284199370285,18,3.0,1586,0.011349306431273645,106.64231999996628,effect_45-50
1894,429,Motor,MOs6a,19,0.17816566631339237,78,4.105263157894737,351,0.2222222222222222,106.64231999996628,effect_45-50
1895,431,Motor,MOs6a,16,0.15003424531654094,63,3.9375,635,0.09921259842519685,106.64231999996628,effect_45-50
1896,432,Motor,MOs6a,7,0.06563998232598665,29,4.142857142857143,810,0.03580246913580247,106.64231999996628,effect_45-50
1897,438,Motor,MOs5,7,0.06563998232598665,24,3.4285714285714284,793,0.03026481715006305,106.64231999996628,effect_45-50
1898,440,Motor,MOs5,1,0.009377140332283809,4,4.0,288,0.013888888888888888,106.64231999996628,effect_45-50
1899,443,Other,MS,0,0.0,0,0.0,632,0.0,106.64231999996628,effect_45-50
1900,444,Other,MS,0,0.0,0,0.0,42,0.0,106.64231999996628,effect_45-50
1901,445,STR,LSr,2,0.018754280664567618,6,3.0,798,0.007518796992481203,106.64231999996628,effect_45-50
1902,448,STR,LSr,0,0.0,0,0.0,209,0.0,106.64231999996628,effect_45-50
1903,449,STR,LSr,0,0.0,0,0.0,145,0.0,106.64231999996628,effect_45-50
1904,451,STR,LSr,0,0.0,0,0.0,201,0.0,106.64231999996628,effect_45-50
1905,453,Motor,MOs6a,0,0.0,0,0.0,539,0.0,106.64231999996628,effect_45-50
1906,455,Other,MS,0,0.0,0,0.0,36,0.0,106.64231999996628,effect_45-50
1907,457,Motor,MOs5,0,0.0,0,0.0,184,0.0,106.64231999996628,effect_45-50
1908,0,Other,AMd,7,0.04951195360022757,22,3.142857142857143,1850,0.011891891891891892,141.37999999999647,effect_50-55
1909,1,Other,AMd,1,0.007073136228603939,3,3.0,798,0.0037593984962406013,141.37999999999647,effect_50-55
1910,2,Other,AMd,11,0.07780449851464333,33,3.0,1590,0.020754716981132074,141.37999999999647,effect_50-55
1911,12,Other,AMd,4,0.028292544914415758,16,4.0,2384,0.006711409395973154,141.37999999999647,effect_50-55
1912,13,Other,AMd,4,0.028292544914415758,16,4.0,1481,0.010803511141120865,141.37999999999647,effect_50-55
1913,15,Other,AMd,1,0.007073136228603939,3,3.0,1874,0.0016008537886872999,141.37999999999647,effect_50-55
1914,16,Other,AMd,1,0.007073136228603939,3,3.0,570,0.005263157894736842,141.37999999999647,effect_50-55
1915,20,Other,AMd,11,0.07780449851464333,35,3.1818181818181817,1559,0.02245028864656831,141.37999999999647,effect_50-55
1916,27,Other,AMd,11,0.07780449851464333,40,3.6363636363636362,1722,0.023228803716608595,141.37999999999647,effect_50-55
1917,28,Other,AMd,20,0.14146272457207879,71,3.55,1895,0.03746701846965699,141.37999999999647,effect_50-55
1918,33,Thalamus,AV,2,0.014146272457207879,3,1.5,1290,0.002325581395348837,141.37999999999647,effect_50-55
1919,35,Thalamus,AV,7,0.04951195360022757,19,2.7142857142857144,2633,0.0072161033042157235,141.37999999999647,effect_50-55
1920,38,Thalamus,AV,10,0.07073136228603939,20,2.0,1347,0.014847809948032665,141.37999999999647,effect_50-55
1921,42,Thalamus,AV,8,0.056585089828831515,13,1.625,2297,0.0056595559425337396,141.37999999999647,effect_50-55
1922,51,Thalamus,AV,2,0.014146272457207879,3,1.5,1716,0.0017482517482517483,141.37999999999647,effect_50-55
1923,52,Thalamus,AV,19,0.13438958834347484,34,1.7894736842105263,961,0.03537981269510926,141.37999999999647,effect_50-55
1924,59,Other,AD,2,0.014146272457207879,6,3.0,890,0.006741573033707865,141.37999999999647,effect_50-55
1925,62,Other,AD,7,0.04951195360022757,22,3.142857142857143,1100,0.02,141.37999999999647,effect_50-55
1926,63,Other,AD,8,0.056585089828831515,25,3.125,1015,0.024630541871921183,141.37999999999647,effect_50-55
1927,68,Other,AD,10,0.07073136228603939,40,4.0,1588,0.02518891687657431,141.37999999999647,effect_50-55
1928,72,Other,AD,13,0.09195077097185121,45,3.4615384615384617,2001,0.022488755622188907,141.37999999999647,effect_50-55
1929,73,Other,AD,13,0.09195077097185121,49,3.769230769230769,1057,0.046357615894039736,141.37999999999647,effect_50-55
1930,93,Other,AD,3,0.02121940868581182,16,5.333333333333333,3402,0.004703115814226925,141.37999999999647,effect_50-55
1931,114,Other,CA3,2,0.014146272457207879,8,4.0,45,0.17777777777777778,141.37999999999647,effect_50-55
1932,118,Other,CA3,69,0.4880463997736718,277,4.0144927536231885,443,0.6252821670428894,141.37999999999647,effect_50-55
1933,121,Other,CA3,112,0.7921912576036412,440,3.9285714285714284,823,0.534629404617254,141.37999999999647,effect_50-55
1934,126,Other,CA3,94,0.6648748054887703,329,3.5,746,0.4410187667560322,141.37999999999647,effect_50-55
1935,131,Other,CA2,11,0.07780449851464333,61,5.545454545454546,99,0.6161616161616161,141.37999999999647,effect_50-55
1936,134,Somatosensory,SSp-tr6a,1,0.007073136228603939,3,3.0,452,0.00663716814159292,141.37999999999647,effect_50-55
1937,135,Somatosensory,SSp-tr6a,13,0.09195077097185121,39,3.0,2916,0.013374485596707819,141.37999999999647,effect_50-55
1938,136,Somatosensory,SSp-tr6a,0,0.0,0,0.0,1289,0.0,141.37999999999647,effect_50-55
1939,137,Somatosensory,SSp-tr6a,34,0.24048663177253393,173,5.088235294117647,804,0.21517412935323382,141.37999999999647,effect_50-55
1940,138,Somatosensory,SSp-tr6a,0,0.0,0,0.0,831,0.0,141.37999999999647,effect_50-55
1941,140,Somatosensory,SSp-tr6a,9,0.06365822605743546,27,3.0,4022,0.006713078070611636,141.37999999999647,effect_50-55
1942,141,Somatosensory,SSp-tr6a,0,0.0,0,0.0,797,0.0,141.37999999999647,effect_50-55
1943,144,Somatosensory,SSp-tr5,0,0.0,0,0.0,1019,0.0,141.37999999999647,effect_50-55
1944,145,Somatosensory,SSp-tr5,0,0.0,0,0.0,1251,0.0,141.37999999999647,effect_50-55
1945,147,Somatosensory,SSp-tr5,1,0.007073136228603939,3,3.0,2174,0.0013799448022079118,141.37999999999647,effect_50-55
1946,149,Somatosensory,SSp-tr5,0,0.0,0,0.0,101,0.0,141.37999999999647,effect_50-55
1947,150,Somatosensory,SSp-tr5,1,0.007073136228603939,3,3.0,1018,0.0029469548133595285,141.37999999999647,effect_50-55
1948,153,Somatosensory,SSp-tr5,1,0.007073136228603939,3,3.0,2506,0.0011971268954509178,141.37999999999647,effect_50-55
1949,154,Somatosensory,SSp-tr5,1,0.007073136228603939,3,3.0,239,0.012552301255230125,141.37999999999647,effect_50-55
1950,162,Other,CA3,4,0.028292544914415758,12,3.0,86,0.13953488372093023,141.37999999999647,effect_50-55
1951,164,Somatosensory,SSp-tr6a,4,0.028292544914415758,12,3.0,1643,0.007303712720632989,141.37999999999647,effect_50-55
1952,165,Somatosensory,SSp-tr6a,0,0.0,0,0.0,1298,0.0,141.37999999999647,effect_50-55
1953,166,Somatosensory,SSp-tr6a,2,0.014146272457207879,6,3.0,2201,0.0027260336210813267,141.37999999999647,effect_50-55
1954,168,Somatosensory,SSp-tr5,0,0.0,0,0.0,21,0.0,141.37999999999647,effect_50-55
1955,170,Somatosensory,SSp-tr5,0,0.0,0,0.0,22,0.0,141.37999999999647,effect_50-55
1956,173,Somatosensory,SSp-tr5,0,0.0,0,0.0,639,0.0,141.37999999999647,effect_50-55
1957,185,Thalamus,Eth,6,0.04243881737162364,12,2.0,635,0.01889763779527559,141.37999999999647,effect_50-55
1958,191,Thalamus,Eth,10,0.07073136228603939,25,2.5,1078,0.023191094619666047,141.37999999999647,effect_50-55
1959,192,Thalamus,TH,0,0.0,0,0.0,4866,0.0,141.37999999999647,effect_50-55
1960,209,Other,SUB,37,0.2617060404583458,115,3.108108108108108,2189,0.052535404294198264,141.37999999999647,effect_50-55
1961,210,Other,SUB,1,0.007073136228603939,3,3.0,563,0.0053285968028419185,141.37999999999647,effect_50-55
1962,218,Thalamus,VPM,10,0.07073136228603939,16,1.6,1077,0.014856081708449397,141.37999999999647,effect_50-55
1963,219,Thalamus,VPM,3,0.02121940868581182,5,1.6666666666666667,1489,0.0033579583613163196,141.37999999999647,effect_50-55
1964,224,Thalamus,VPM,0,0.0,0,0.0,52,0.0,141.37999999999647,effect_50-55
1965,227,Thalamus,VPM,16,0.11317017965766303,38,2.375,1007,0.03773584905660377,141.37999999999647,effect_50-55
1966,230,Thalamus,VPM,26,0.18390154194370242,61,2.3461538461538463,571,0.10683012259194395,141.37999999999647,effect_50-55
1967,232,Thalamus,VPM,12,0.08487763474324728,23,1.9166666666666667,437,0.05263157894736842,141.37999999999647,effect_50-55
1968,233,Thalamus,VPM,2,0.014146272457207879,2,1.0,1278,0.001564945226917058,141.37999999999647,effect_50-55
1969,235,Thalamus,VPM,1,0.007073136228603939,1,1.0,321,0.003115264797507788,141.37999999999647,effect_50-55
1970,237,Thalamus,VPM,27,0.19097467817230637,64,2.3703703703703702,1058,0.06049149338374291,141.37999999999647,effect_50-55
1971,238,Thalamus,VPM,5,0.035365681143019696,15,3.0,233,0.06437768240343347,141.37999999999647,effect_50-55
1972,239,Thalamus,VPM,21,0.14853586080068273,46,2.1904761904761907,906,0.05077262693156733,141.37999999999647,effect_50-55
1973,240,Thalamus,VPM,8,0.056585089828831515,19,2.375,1089,0.017447199265381085,141.37999999999647,effect_50-55
1974,246,Thalamus,VPM,3,0.02121940868581182,7,2.3333333333333335,1107,0.006323396567299007,141.37999999999647,effect_50-55
1975,247,Thalamus,VPM,7,0.04951195360022757,14,2.0,737,0.018995929443690638,141.37999999999647,effect_50-55
1976,248,Thalamus,VPM,1,0.007073136228603939,3,3.0,1082,0.0027726432532347504,141.37999999999647,effect_50-55
1977,250,Thalamus,VPM,2,0.014146272457207879,4,2.0,520,0.007692307692307693,141.37999999999647,effect_50-55
1978,254,Thalamus,VPM,0,0.0,0,0.0,264,0.0,141.37999999999647,effect_50-55
1979,256,Thalamus,VPM,10,0.07073136228603939,27,2.7,209,0.1291866028708134,141.37999999999647,effect_50-55
1980,258,Thalamus,VPM,12,0.08487763474324728,26,2.1666666666666665,1699,0.015303119482048263,141.37999999999647,effect_50-55
1981,263,Thalamus,VPM,15,0.1060970434290591,50,3.3333333333333335,2237,0.022351363433169423,141.37999999999647,effect_50-55
1982,264,Thalamus,VPM,1,0.007073136228603939,2,2.0,1558,0.0012836970474967907,141.37999999999647,effect_50-55
1983,265,Thalamus,VPM,92,0.6507285330315624,175,1.9021739130434783,1082,0.16173752310536044,141.37999999999647,effect_50-55
1984,268,Thalamus,VPM,17,0.12024331588626697,30,1.7647058823529411,1059,0.028328611898016998,141.37999999999647,effect_50-55
1985,269,Thalamus,VPM,5,0.035365681143019696,11,2.2,580,0.01896551724137931,141.37999999999647,effect_50-55
1986,270,Thalamus,VPM,4,0.028292544914415758,8,2.0,2061,0.0038816108685104317,141.37999999999647,effect_50-55
1987,271,Thalamus,VPM,2,0.014146272457207879,2,1.0,1266,0.001579778830963665,141.37999999999647,effect_50-55
1988,272,Thalamus,VPM,1,0.007073136228603939,2,2.0,1214,0.0016474464579901153,141.37999999999647,effect_50-55
1989,274,Thalamus,VPM,10,0.07073136228603939,18,1.8,740,0.024324324324324326,141.37999999999647,effect_50-55
1990,276,Thalamus,VPM,0,0.0,0,0.0,636,0.0,141.37999999999647,effect_50-55
1991,278,Thalamus,VPM,4,0.028292544914415758,8,2.0,925,0.008648648648648649,141.37999999999647,effect_50-55
1992,279,Thalamus,VPM,7,0.04951195360022757,19,2.7142857142857144,1213,0.015663643858202802,141.37999999999647,effect_50-55
1993,280,Thalamus,VPM,15,0.1060970434290591,29,1.9333333333333333,1403,0.020669992872416252,141.37999999999647,effect_50-55
1994,281,Thalamus,VPM,1,0.007073136228603939,1,1.0,541,0.0018484288354898336,141.37999999999647,effect_50-55
1995,290,Thalamus,VPM,5,0.035365681143019696,9,1.8,794,0.011335012594458438,141.37999999999647,effect_50-55
1996,292,Thalamus,VPM,8,0.056585089828831515,13,1.625,682,0.01906158357771261,141.37999999999647,effect_50-55
1997,296,Other,or,4,0.028292544914415758,12,3.0,583,0.02058319039451115,141.37999999999647,effect_50-55
1998,303,Other,LGd-co,5,0.035365681143019696,26,5.2,1312,0.019817073170731708,141.37999999999647,effect_50-55
1999,304,Other,LGd-co,7,0.04951195360022757,21,3.0,3398,0.006180105944673337,141.37999999999647,effect_50-55
2000,305,Other,LGd-co,0,0.0,0,0.0,115,0.0,141.37999999999647,effect_50-55
2001,307,Other,LGd-co,0,0.0,0,0.0,2020,0.0,141.37999999999647,effect_50-55
2002,308,Other,LGd-co,11,0.07780449851464333,44,4.0,2454,0.017929910350448247,141.37999999999647,effect_50-55
2003,309,Other,LGd-co,4,0.028292544914415758,14,3.5,1315,0.01064638783269962,141.37999999999647,effect_50-55
2004,310,Other,LGd-co,2,0.014146272457207879,6,3.0,1186,0.00505902192242833,141.37999999999647,effect_50-55
2005,311,Other,LGd-co,5,0.035365681143019696,15,3.0,1482,0.010121457489878543,141.37999999999647,effect_50-55
2006,312,Other,LGd-co,15,0.1060970434290591,53,3.533333333333333,235,0.225531914893617,141.37999999999647,effect_50-55
2007,313,Other,LGd-co,7,0.04951195360022757,25,3.5714285714285716,150,0.16666666666666666,141.37999999999647,effect_50-55
2008,314,Other,LGd-co,12,0.08487763474324728,38,3.1666666666666665,1064,0.03571428571428571,141.37999999999647,effect_50-55
2009,315,Other,LGd-co,10,0.07073136228603939,32,3.2,2498,0.012810248198558846,141.37999999999647,effect_50-55
2010,316,Other,LGd-co,31,0.2192672230867221,127,4.096774193548387,1046,0.121414913957935,141.37999999999647,effect_50-55
2011,318,Other,LGd-co,8,0.056585089828831515,27,3.375,931,0.02900107411385607,141.37999999999647,effect_50-55
2012,319,Other,LGd-co,8,0.056585089828831515,25,3.125,2570,0.009727626459143969,141.37999999999647,effect_50-55
2013,320,Other,LGd-co,0,0.0,0,0.0,346,0.0,141.37999999999647,effect_50-55
2014,323,Other,LGd-co,16,0.11317017965766303,55,3.4375,2689,0.020453700260319823,141.37999999999647,effect_50-55
2015,328,Other,LGd-co,0,0.0,0,0.0,3246,0.0,141.37999999999647,effect_50-55
2016,329,Other,LGd-co,8,0.056585089828831515,26,3.25,2565,0.0101364522417154,141.37999999999647,effect_50-55
2017,331,Other,LGd-sh,9,0.06365822605743546,30,3.3333333333333335,3076,0.00975292587776333,141.37999999999647,effect_50-55
2018,335,Other,LGd-sh,23,0.1626821332578906,81,3.5217391304347827,1463,0.05536568694463431,141.37999999999647,effect_50-55
2019,336,Other,LGd-sh,16,0.11317017965766303,59,3.6875,1888,0.03125,141.37999999999647,effect_50-55
2020,337,Other,LGd-sh,12,0.08487763474324728,45,3.75,1216,0.03700657894736842,141.37999999999647,effect_50-55
2021,339,Other,LGd-sh,0,0.0,0,0.0,52,0.0,141.37999999999647,effect_50-55
2022,349,Other,CA1,109,0.7709718489178294,387,3.55045871559633,1865,0.20750670241286864,141.37999999999647,effect_50-55
2023,350,Other,CA1,333,2.355354364125112,1219,3.660660660660661,3165,0.38515007898894155,141.37999999999647,effect_50-55
2024,356,Thalamus,VPM,11,0.07780449851464333,22,2.0,587,0.03747870528109029,141.37999999999647,effect_50-55
2025,357,Other,LGd-co,0,0.0,0,0.0,336,0.0,141.37999999999647,effect_50-55
2026,358,Other,LGd-co,17,0.12024331588626697,62,3.6470588235294117,1086,0.0570902394106814,141.37999999999647,effect_50-55
2027,359,Other,LGd-sh,13,0.09195077097185121,51,3.923076923076923,1723,0.02959953569355775,141.37999999999647,effect_50-55
2028,360,Other,LGd-sh,19,0.13438958834347484,62,3.263157894736842,1345,0.046096654275092935,141.37999999999647,effect_50-55
2029,367,Other,MS,5,0.035365681143019696,15,3.0,3868,0.0038779731127197518,141.37999999999647,effect_50-55
2030,370,Other,MS,0,0.0,0,0.0,122,0.0,141.37999999999647,effect_50-55
2031,374,Other,MS,0,0.0,0,0.0,4,0.0,141.37999999999647,effect_50-55
2032,377,Other,MS,1,0.007073136228603939,3,3.0,532,0.005639097744360902,141.37999999999647,effect_50-55
2033,382,Other,MS,0,0.0,0,0.0,30,0.0,141.37999999999647,effect_50-55
2034,384,STR,LSr,2,0.014146272457207879,6,3.0,1493,0.004018754186202277,141.37999999999647,effect_50-55
2035,386,STR,LSr,4,0.028292544914415758,13,3.25,747,0.01740294511378849,141.37999999999647,effect_50-55
2036,387,STR,LSr,1,0.007073136228603939,3,3.0,819,0.003663003663003663,141.37999999999647,effect_50-55
2037,388,STR,LSr,2,0.014146272457207879,7,3.5,663,0.010558069381598794,141.37999999999647,effect_50-55
2038,389,STR,LSr,0,0.0,0,0.0,691,0.0,141.37999999999647,effect_50-55
2039,392,STR,LSr,0,0.0,0,0.0,376,0.0,141.37999999999647,effect_50-55
2040,393,STR,LSr,8,0.056585089828831515,24,3.0,1930,0.012435233160621761,141.37999999999647,effect_50-55
2041,394,STR,LSr,6,0.04243881737162364,19,3.1666666666666665,1099,0.017288444040036398,141.37999999999647,effect_50-55
2042,398,STR,LSr,2,0.014146272457207879,7,3.5,1442,0.0048543689320388345,141.37999999999647,effect_50-55
2043,399,STR,LSr,0,0.0,0,0.0,415,0.0,141.37999999999647,effect_50-55
2044,402,STR,LSr,3,0.02121940868581182,9,3.0,873,0.010309278350515464,141.37999999999647,effect_50-55
2045,404,STR,LSr,0,0.0,0,0.0,120,0.0,141.37999999999647,effect_50-55
2046,406,STR,LSr,0,0.0,0,0.0,135,0.0,141.37999999999647,effect_50-55
2047,410,STR,LSr,3,0.02121940868581182,10,3.3333333333333335,501,0.01996007984031936,141.37999999999647,effect_50-55
2048,411,STR,LSr,2,0.014146272457207879,6,3.0,275,0.02181818181818182,141.37999999999647,effect_50-55
2049,423,Motor,MOs6a,4,0.028292544914415758,14,3.5,381,0.03674540682414698,141.37999999999647,effect_50-55
2050,425,Motor,MOs6a,1,0.007073136228603939,5,5.0,389,0.012853470437017995,141.37999999999647,effect_50-55
2051,426,Motor,MOs6a,3,0.02121940868581182,9,3.0,43,0.20930232558139536,141.37999999999647,effect_50-55
2052,427,Motor,MOs6a,5,0.035365681143019696,16,3.2,1960,0.00816326530612245,141.37999999999647,effect_50-55
2053,429,Motor,MOs6a,17,0.12024331588626697,77,4.529411764705882,414,0.1859903381642512,141.37999999999647,effect_50-55
2054,431,Motor,MOs6a,12,0.08487763474324728,49,4.083333333333333,645,0.07596899224806201,141.37999999999647,effect_50-55
2055,432,Motor,MOs6a,1,0.007073136228603939,5,5.0,948,0.005274261603375527,141.37999999999647,effect_50-55
2056,438,Motor,MOs5,10,0.07073136228603939,33,3.3,1101,0.02997275204359673,141.37999999999647,effect_50-55
2057,440,Motor,MOs5,2,0.014146272457207879,7,3.5,395,0.017721518987341773,141.37999999999647,effect_50-55
2058,443,Other,MS,0,0.0,0,0.0,813,0.0,141.37999999999647,effect_50-55
2059,444,Other,MS,0,0.0,0,0.0,30,0.0,141.37999999999647,effect_50-55
2060,445,STR,LSr,2,0.014146272457207879,7,3.5,1043,0.006711409395973154,141.37999999999647,effect_50-55
2061,448,STR,LSr,0,0.0,0,0.0,274,0.0,141.37999999999647,effect_50-55
2062,449,STR,LSr,0,0.0,0,0.0,196,0.0,141.37999999999647,effect_50-55
2063,451,STR,LSr,0,0.0,0,0.0,299,0.0,141.37999999999647,effect_50-55
2064,453,Motor,MOs6a,1,0.007073136228603939,4,4.0,661,0.006051437216338881,141.37999999999647,effect_50-55
2065,455,Other,MS,0,0.0,0,0.0,66,0.0,141.37999999999647,effect_50-55
2066,457,Motor,MOs5,1,0.007073136228603939,3,3.0,266,0.011278195488721804,141.37999999999647,effect_50-55
2067,0,Other,AMd,6,0.04221487370716973,20,3.3333333333333335,1841,0.010863661053775122,142.1299999999992,effect_55-60
2068,1,Other,AMd,1,0.007035812284528289,3,3.0,815,0.0036809815950920245,142.1299999999992,effect_55-60
2069,2,Other,AMd,7,0.04925068599169802,23,3.2857142857142856,1694,0.01357733175914994,142.1299999999992,effect_55-60
2070,12,Other,AMd,9,0.0633223105607546,30,3.3333333333333335,2220,0.013513513513513514,142.1299999999992,effect_55-60
2071,13,Other,AMd,10,0.07035812284528288,35,3.5,1411,0.024805102763997167,142.1299999999992,effect_55-60
2072,15,Other,AMd,0,0.0,0,0.0,1861,0.0,142.1299999999992,effect_55-60
2073,16,Other,AMd,0,0.0,0,0.0,660,0.0,142.1299999999992,effect_55-60
2074,20,Other,AMd,7,0.04925068599169802,23,3.2857142857142856,1712,0.013434579439252336,142.1299999999992,effect_55-60
2075,27,Other,AMd,12,0.08442974741433946,42,3.5,1977,0.021244309559939303,142.1299999999992,effect_55-60
2076,28,Other,AMd,15,0.10553718426792433,59,3.933333333333333,1806,0.032668881506090805,142.1299999999992,effect_55-60
2077,33,Thalamus,AV,4,0.028143249138113155,7,1.75,1341,0.005219985085756898,142.1299999999992,effect_55-60
2078,35,Thalamus,AV,9,0.0633223105607546,18,2.0,2585,0.006963249516441006,142.1299999999992,effect_55-60
2079,38,Thalamus,AV,6,0.04221487370716973,14,2.3333333333333335,1405,0.0099644128113879,142.1299999999992,effect_55-60
2080,42,Thalamus,AV,12,0.08442974741433946,17,1.4166666666666667,2284,0.0074430823117338,142.1299999999992,effect_55-60
2081,51,Thalamus,AV,9,0.0633223105607546,13,1.4444444444444444,1756,0.007403189066059226,142.1299999999992,effect_55-60
2082,52,Thalamus,AV,9,0.0633223105607546,18,2.0,944,0.019067796610169493,142.1299999999992,effect_55-60
2083,59,Other,AD,6,0.04221487370716973,19,3.1666666666666665,848,0.02240566037735849,142.1299999999992,effect_55-60
2084,62,Other,AD,7,0.04925068599169802,21,3.0,1140,0.018421052631578946,142.1299999999992,effect_55-60
2085,63,Other,AD,7,0.04925068599169802,23,3.2857142857142856,995,0.023115577889447236,142.1299999999992,effect_55-60
2086,68,Other,AD,6,0.04221487370716973,21,3.5,1647,0.012750455373406194,142.1299999999992,effect_55-60
2087,72,Other,AD,9,0.0633223105607546,27,3.0,2028,0.013313609467455622,142.1299999999992,effect_55-60
2088,73,Other,AD,17,0.1196088088369809,63,3.7058823529411766,949,0.06638566912539515,142.1299999999992,effect_55-60
2089,93,Other,AD,1,0.007035812284528289,3,3.0,3517,0.0008529997156667614,142.1299999999992,effect_55-60
2090,114,Other,CA3,1,0.007035812284528289,3,3.0,33,0.09090909090909091,142.1299999999992,effect_55-60
2091,118,Other,CA3,45,0.31661155280377296,177,3.933333333333333,412,0.42961165048543687,142.1299999999992,effect_55-60
2092,121,Other,CA3,111,0.78097516358264,447,4.027027027027027,870,0.5137931034482759,142.1299999999992,effect_55-60
2093,126,Other,CA3,120,0.8442974741433946,429,3.575,780,0.55,142.1299999999992,effect_55-60
2094,131,Other,CA2,12,0.08442974741433946,61,5.083333333333333,131,0.46564885496183206,142.1299999999992,effect_55-60
2095,134,Somatosensory,SSp-tr6a,0,0.0,0,0.0,570,0.0,142.1299999999992,effect_55-60
2096,135,Somatosensory,SSp-tr6a,21,0.14775205797509405,65,3.0952380952380953,3298,0.019708914493632504,142.1299999999992,effect_55-60
2097,136,Somatosensory,SSp-tr6a,0,0.0,0,0.0,1089,0.0,142.1299999999992,effect_55-60
2098,137,Somatosensory,SSp-tr6a,30,0.21107436853584866,129,4.3,872,0.14793577981651376,142.1299999999992,effect_55-60
2099,138,Somatosensory,SSp-tr6a,0,0.0,0,0.0,528,0.0,142.1299999999992,effect_55-60
2100,140,Somatosensory,SSp-tr6a,7,0.04925068599169802,23,3.2857142857142856,4205,0.005469678953626635,142.1299999999992,effect_55-60
2101,141,Somatosensory,SSp-tr6a,0,0.0,0,0.0,915,0.0,142.1299999999992,effect_55-60
2102,144,Somatosensory,SSp-tr5,0,0.0,0,0.0,955,0.0,142.1299999999992,effect_55-60
2103,145,Somatosensory,SSp-tr5,0,0.0,0,0.0,1299,0.0,142.1299999999992,effect_55-60
2104,147,Somatosensory,SSp-tr5,3,0.021107436853584866,9,3.0,1958,0.004596527068437181,142.1299999999992,effect_55-60
2105,149,Somatosensory,SSp-tr5,0,0.0,0,0.0,99,0.0,142.1299999999992,effect_55-60
2106,150,Somatosensory,SSp-tr5,0,0.0,0,0.0,732,0.0,142.1299999999992,effect_55-60
2107,153,Somatosensory,SSp-tr5,1,0.007035812284528289,3,3.0,2334,0.0012853470437017994,142.1299999999992,effect_55-60
2108,154,Somatosensory,SSp-tr5,0,0.0,0,0.0,264,0.0,142.1299999999992,effect_55-60
2109,162,Other,CA3,0,0.0,0,0.0,82,0.0,142.1299999999992,effect_55-60
2110,164,Somatosensory,SSp-tr6a,2,0.014071624569056577,6,3.0,1621,0.003701418877236274,142.1299999999992,effect_55-60
2111,165,Somatosensory,SSp-tr6a,0,0.0,0,0.0,1229,0.0,142.1299999999992,effect_55-60
2112,166,Somatosensory,SSp-tr6a,0,0.0,0,0.0,2101,0.0,142.1299999999992,effect_55-60
2113,168,Somatosensory,SSp-tr5,0,0.0,0,0.0,31,0.0,142.1299999999992,effect_55-60
2114,170,Somatosensory,SSp-tr5,0,0.0,0,0.0,15,0.0,142.1299999999992,effect_55-60
2115,173,Somatosensory,SSp-tr5,0,0.0,0,0.0,815,0.0,142.1299999999992,effect_55-60
2116,185,Thalamus,Eth,8,0.05628649827622631,15,1.875,672,0.022321428571428572,142.1299999999992,effect_55-60
2117,191,Thalamus,Eth,13,0.09146555969886774,25,1.9230769230769231,1390,0.017985611510791366,142.1299999999992,effect_55-60
2118,192,Thalamus,TH,0,0.0,0,0.0,4679,0.0,142.1299999999992,effect_55-60
2119,209,Other,SUB,44,0.3095757405192447,141,3.2045454545454546,2307,0.0611183355006502,142.1299999999992,effect_55-60
2120,210,Other,SUB,2,0.014071624569056577,6,3.0,574,0.010452961672473868,142.1299999999992,effect_55-60
2121,218,Thalamus,VPM,11,0.07739393512981117,19,1.7272727272727273,1187,0.016006739679865205,142.1299999999992,effect_55-60
2122,219,Thalamus,VPM,2,0.014071624569056577,3,1.5,1448,0.0020718232044198894,142.1299999999992,effect_55-60
2123,224,Thalamus,VPM,0,0.0,0,0.0,7,0.0,142.1299999999992,effect_55-60
2124,227,Thalamus,VPM,5,0.03517906142264144,16,3.2,1140,0.014035087719298246,142.1299999999992,effect_55-60
2125,230,Thalamus,VPM,32,0.22514599310490524,71,2.21875,582,0.12199312714776632,142.1299999999992,effect_55-60
2126,232,Thalamus,VPM,7,0.04925068599169802,18,2.5714285714285716,461,0.039045553145336226,142.1299999999992,effect_55-60
2127,233,Thalamus,VPM,3,0.021107436853584866,4,1.3333333333333333,1367,0.002926115581565472,142.1299999999992,effect_55-60
2128,235,Thalamus,VPM,4,0.028143249138113155,6,1.5,523,0.011472275334608031,142.1299999999992,effect_55-60
2129,237,Thalamus,VPM,29,0.20403855625132036,80,2.7586206896551726,1461,0.05475701574264202,142.1299999999992,effect_55-60
2130,238,Thalamus,VPM,9,0.0633223105607546,30,3.3333333333333335,216,0.1388888888888889,142.1299999999992,effect_55-60
2131,239,Thalamus,VPM,24,0.16885949482867893,60,2.5,927,0.06472491909385113,142.1299999999992,effect_55-60
2132,240,Thalamus,VPM,6,0.04221487370716973,10,1.6666666666666667,1118,0.008944543828264758,142.1299999999992,effect_55-60
2133,246,Thalamus,VPM,1,0.007035812284528289,2,2.0,1099,0.0018198362147406734,142.1299999999992,effect_55-60
2134,247,Thalamus,VPM,10,0.07035812284528288,29,2.9,835,0.03473053892215569,142.1299999999992,effect_55-60
2135,248,Thalamus,VPM,3,0.021107436853584866,5,1.6666666666666667,1265,0.003952569169960474,142.1299999999992,effect_55-60
2136,250,Thalamus,VPM,1,0.007035812284528289,2,2.0,550,0.0036363636363636364,142.1299999999992,effect_55-60
2137,254,Thalamus,VPM,0,0.0,0,0.0,301,0.0,142.1299999999992,effect_55-60
2138,256,Thalamus,VPM,15,0.10553718426792433,28,1.8666666666666667,215,0.13023255813953488,142.1299999999992,effect_55-60
2139,258,Thalamus,VPM,15,0.10553718426792433,34,2.2666666666666666,1880,0.018085106382978722,142.1299999999992,effect_55-60
2140,263,Thalamus,VPM,24,0.16885949482867893,68,2.8333333333333335,2358,0.02883799830364716,142.1299999999992,effect_55-60
2141,264,Thalamus,VPM,3,0.021107436853584866,4,1.3333333333333333,1768,0.0022624434389140274,142.1299999999992,effect_55-60
2142,265,Thalamus,VPM,89,0.6261872933230177,196,2.202247191011236,783,0.2503192848020434,142.1299999999992,effect_55-60
2143,268,Thalamus,VPM,23,0.16182368254415064,42,1.826086956521739,1077,0.03899721448467967,142.1299999999992,effect_55-60
2144,269,Thalamus,VPM,5,0.03517906142264144,16,3.2,615,0.026016260162601626,142.1299999999992,effect_55-60
2145,270,Thalamus,VPM,7,0.04925068599169802,20,2.857142857142857,2209,0.009053870529651425,142.1299999999992,effect_55-60
2146,271,Thalamus,VPM,2,0.014071624569056577,3,1.5,1499,0.0020013342228152103,142.1299999999992,effect_55-60
2147,272,Thalamus,VPM,2,0.014071624569056577,4,2.0,1334,0.0029985007496251873,142.1299999999992,effect_55-60
2148,274,Thalamus,VPM,8,0.05628649827622631,16,2.0,857,0.01866977829638273,142.1299999999992,effect_55-60
2149,276,Thalamus,VPM,2,0.014071624569056577,2,1.0,620,0.0032258064516129032,142.1299999999992,effect_55-60
2150,278,Thalamus,VPM,11,0.07739393512981117,22,2.0,1075,0.020465116279069766,142.1299999999992,effect_55-60
2151,279,Thalamus,VPM,7,0.04925068599169802,12,1.7142857142857142,1464,0.00819672131147541,142.1299999999992,effect_55-60
2152,280,Thalamus,VPM,5,0.03517906142264144,11,2.2,1482,0.007422402159244264,142.1299999999992,effect_55-60
2153,281,Thalamus,VPM,4,0.028143249138113155,8,2.0,618,0.012944983818770227,142.1299999999992,effect_55-60
2154,290,Thalamus,VPM,5,0.03517906142264144,9,1.8,806,0.011166253101736972,142.1299999999992,effect_55-60
2155,292,Thalamus,VPM,5,0.03517906142264144,10,2.0,715,0.013986013986013986,142.1299999999992,effect_55-60
2156,296,Other,or,6,0.04221487370716973,21,3.5,610,0.03442622950819672,142.1299999999992,effect_55-60
2157,303,Other,LGd-co,2,0.014071624569056577,13,6.5,1041,0.012487992315081652,142.1299999999992,effect_55-60
2158,304,Other,LGd-co,5,0.03517906142264144,16,3.2,3570,0.004481792717086834,142.1299999999992,effect_55-60
2159,305,Other,LGd-co,0,0.0,0,0.0,198,0.0,142.1299999999992,effect_55-60
2160,307,Other,LGd-co,0,0.0,0,0.0,2331,0.0,142.1299999999992,effect_55-60
2161,308,Other,LGd-co,11,0.07739393512981117,42,3.8181818181818183,2010,0.020895522388059702,142.1299999999992,effect_55-60
2162,309,Other,LGd-co,2,0.014071624569056577,6,3.0,1256,0.004777070063694267,142.1299999999992,effect_55-60
2163,310,Other,LGd-co,0,0.0,0,0.0,985,0.0,142.1299999999992,effect_55-60
2164,311,Other,LGd-co,7,0.04925068599169802,26,3.7142857142857144,1254,0.02073365231259968,142.1299999999992,effect_55-60
2165,312,Other,LGd-co,19,0.13368043340603747,63,3.3157894736842106,237,0.26582278481012656,142.1299999999992,effect_55-60
2166,313,Other,LGd-co,3,0.021107436853584866,11,3.6666666666666665,107,0.102803738317757,142.1299999999992,effect_55-60
2167,314,Other,LGd-co,9,0.0633223105607546,29,3.2222222222222223,970,0.029896907216494847,142.1299999999992,effect_55-60
2168,315,Other,LGd-co,0,0.0,0,0.0,1889,0.0,142.1299999999992,effect_55-60
2169,316,Other,LGd-co,33,0.2321818053894335,128,3.878787878787879,1074,0.1191806331471136,142.1299999999992,effect_55-60
2170,318,Other,LGd-co,3,0.021107436853584866,13,4.333333333333333,1128,0.01152482269503546,142.1299999999992,effect_55-60
2171,319,Other,LGd-co,6,0.04221487370716973,19,3.1666666666666665,2558,0.007427677873338546,142.1299999999992,effect_55-60
2172,320,Other,LGd-co,0,0.0,0,0.0,351,0.0,142.1299999999992,effect_55-60
2173,323,Other,LGd-co,19,0.13368043340603747,64,3.3684210526315788,2840,0.022535211267605635,142.1299999999992,effect_55-60
2174,328,Other,LGd-co,4,0.028143249138113155,13,3.25,3253,0.003996311097448509,142.1299999999992,effect_55-60
2175,329,Other,LGd-co,5,0.03517906142264144,16,3.2,2796,0.005722460658082976,142.1299999999992,effect_55-60
2176,331,Other,LGd-sh,8,0.05628649827622631,30,3.75,3147,0.009532888465204958,142.1299999999992,effect_55-60
2177,335,Other,LGd-sh,13,0.09146555969886774,49,3.769230769230769,1221,0.04013104013104013,142.1299999999992,effect_55-60
2178,336,Other,LGd-sh,13,0.09146555969886774,50,3.8461538461538463,1878,0.026624068157614485,142.1299999999992,effect_55-60
2179,337,Other,LGd-sh,14,0.09850137198339604,48,3.4285714285714284,1036,0.04633204633204633,142.1299999999992,effect_55-60
2180,339,Other,LGd-sh,0,0.0,0,0.0,42,0.0,142.1299999999992,effect_55-60
2181,349,Other,CA1,105,0.7387602898754703,374,3.5619047619047617,1777,0.2104670793472144,142.1299999999992,effect_55-60
2182,350,Other,CA1,337,2.371068739886033,1231,3.6528189910979227,3146,0.391290527654164,142.1299999999992,effect_55-60
2183,356,Thalamus,VPM,11,0.07739393512981117,28,2.5454545454545454,587,0.04770017035775128,142.1299999999992,effect_55-60
2184,357,Other,LGd-co,0,0.0,0,0.0,432,0.0,142.1299999999992,effect_55-60
2185,358,Other,LGd-co,10,0.07035812284528288,39,3.9,1025,0.03804878048780488,142.1299999999992,effect_55-60
2186,359,Other,LGd-sh,18,0.1266446211215092,69,3.8333333333333335,1641,0.04204753199268738,142.1299999999992,effect_55-60
2187,360,Other,LGd-sh,11,0.07739393512981117,35,3.1818181818181817,1228,0.028501628664495113,142.1299999999992,effect_55-60
2188,367,Other,MS,4,0.028143249138113155,13,3.25,3786,0.003433703116745906,142.1299999999992,effect_55-60
2189,370,Other,MS,0,0.0,0,0.0,116,0.0,142.1299999999992,effect_55-60
2190,374,Other,MS,0,0.0,0,0.0,1,0.0,142.1299999999992,effect_55-60
2191,377,Other,MS,1,0.007035812284528289,3,3.0,600,0.005,142.1299999999992,effect_55-60
2192,382,Other,MS,0,0.0,0,0.0,28,0.0,142.1299999999992,effect_55-60
2193,384,STR,LSr,2,0.014071624569056577,6,3.0,1565,0.0038338658146964857,142.1299999999992,effect_55-60
2194,386,STR,LSr,4,0.028143249138113155,13,3.25,753,0.017264276228419653,142.1299999999992,effect_55-60
2195,387,STR,LSr,5,0.03517906142264144,16,3.2,887,0.018038331454340473,142.1299999999992,effect_55-60
2196,388,STR,LSr,1,0.007035812284528289,3,3.0,693,0.004329004329004329,142.1299999999992,effect_55-60
2197,389,STR,LSr,0,0.0,0,0.0,761,0.0,142.1299999999992,effect_55-60
2198,392,STR,LSr,0,0.0,0,0.0,344,0.0,142.1299999999992,effect_55-60
2199,393,STR,LSr,10,0.07035812284528288,31,3.1,2065,0.015012106537530266,142.1299999999992,effect_55-60
2200,394,STR,LSr,4,0.028143249138113155,13,3.25,1125,0.011555555555555555,142.1299999999992,effect_55-60
2201,398,STR,LSr,3,0.021107436853584866,9,3.0,1502,0.005992010652463382,142.1299999999992,effect_55-60
2202,399,STR,LSr,0,0.0,0,0.0,418,0.0,142.1299999999992,effect_55-60
2203,402,STR,LSr,0,0.0,0,0.0,815,0.0,142.1299999999992,effect_55-60
2204,404,STR,LSr,0,0.0,0,0.0,113,0.0,142.1299999999992,effect_55-60
2205,406,STR,LSr,1,0.007035812284528289,3,3.0,165,0.01818181818181818,142.1299999999992,effect_55-60
2206,410,STR,LSr,2,0.014071624569056577,6,3.0,458,0.013100436681222707,142.1299999999992,effect_55-60
2207,411,STR,LSr,0,0.0,0,0.0,298,0.0,142.1299999999992,effect_55-60
2208,423,Motor,MOs6a,3,0.021107436853584866,11,3.6666666666666665,418,0.02631578947368421,142.1299999999992,effect_55-60
2209,425,Motor,MOs6a,0,0.0,0,0.0,428,0.0,142.1299999999992,effect_55-60
2210,426,Motor,MOs6a,2,0.014071624569056577,9,4.5,33,0.2727272727272727,142.1299999999992,effect_55-60
2211,427,Motor,MOs6a,3,0.021107436853584866,12,4.0,1901,0.00631246712256707,142.1299999999992,effect_55-60
2212,429,Motor,MOs6a,23,0.16182368254415064,78,3.391304347826087,329,0.23708206686930092,142.1299999999992,effect_55-60
2213,431,Motor,MOs6a,18,0.1266446211215092,72,4.0,659,0.10925644916540213,142.1299999999992,effect_55-60
2214,432,Motor,MOs6a,10,0.07035812284528288,31,3.1,957,0.03239289446185998,142.1299999999992,effect_55-60
2215,438,Motor,MOs5,8,0.05628649827622631,31,3.875,1073,0.028890959925442685,142.1299999999992,effect_55-60
2216,440,Motor,MOs5,2,0.014071624569056577,6,3.0,461,0.013015184381778741,142.1299999999992,effect_55-60
2217,443,Other,MS,1,0.007035812284528289,3,3.0,823,0.0036452004860267314,142.1299999999992,effect_55-60
2218,444,Other,MS,0,0.0,0,0.0,44,0.0,142.1299999999992,effect_55-60
2219,445,STR,LSr,3,0.021107436853584866,10,3.3333333333333335,1091,0.00916590284142988,142.1299999999992,effect_55-60
2220,448,STR,LSr,2,0.014071624569056577,6,3.0,301,0.019933554817275746,142.1299999999992,effect_55-60
2221,449,STR,LSr,0,0.0,0,0.0,209,0.0,142.1299999999992,effect_55-60
2222,451,STR,LSr,0,0.0,0,0.0,283,0.0,142.1299999999992,effect_55-60
2223,453,Motor,MOs6a,0,0.0,0,0.0,546,0.0,142.1299999999992,effect_55-60
2224,455,Other,MS,0,0.0,0,0.0,60,0.0,142.1299999999992,effect_55-60
2225,457,Motor,MOs5,0,0.0,0,0.0,234,0.0,142.1299999999992,effect_55-60
2226,0,Other,AMd,1,0.007741136398823439,3,3.0,1625,0.0018461538461538461,129.17999999999847,effect_60-65
2227,1,Other,AMd,1,0.007741136398823439,4,4.0,710,0.005633802816901409,129.17999999999847,effect_60-65
2228,2,Other,AMd,3,0.023223409196470316,9,3.0,1497,0.006012024048096192,129.17999999999847,effect_60-65
2229,12,Other,AMd,4,0.030964545595293755,13,3.25,2102,0.006184586108468126,129.17999999999847,effect_60-65
2230,13,Other,AMd,8,0.06192909119058751,34,4.25,1523,0.02232435981615233,129.17999999999847,effect_60-65
2231,15,Other,AMd,6,0.04644681839294063,20,3.3333333333333335,1865,0.010723860589812333,129.17999999999847,effect_60-65
2232,16,Other,AMd,0,0.0,0,0.0,686,0.0,129.17999999999847,effect_60-65
2233,20,Other,AMd,5,0.0387056819941172,17,3.4,1543,0.01101749837977965,129.17999999999847,effect_60-65
2234,27,Other,AMd,10,0.0774113639882344,53,5.3,1930,0.027461139896373058,129.17999999999847,effect_60-65
2235,28,Other,AMd,9,0.06967022758941095,42,4.666666666666667,1762,0.02383654937570942,129.17999999999847,effect_60-65
2236,33,Thalamus,AV,3,0.023223409196470316,6,2.0,1124,0.005338078291814947,129.17999999999847,effect_60-65
2237,35,Thalamus,AV,5,0.0387056819941172,9,1.8,2426,0.003709810387469085,129.17999999999847,effect_60-65
2238,38,Thalamus,AV,11,0.08515250038705782,19,1.7272727272727273,1313,0.014470677837014471,129.17999999999847,effect_60-65
2239,42,Thalamus,AV,11,0.08515250038705782,14,1.2727272727272727,2204,0.006352087114337568,129.17999999999847,effect_60-65
2240,51,Thalamus,AV,8,0.06192909119058751,13,1.625,1832,0.007096069868995633,129.17999999999847,effect_60-65
2241,52,Thalamus,AV,18,0.1393404551788219,33,1.8333333333333333,1017,0.032448377581120944,129.17999999999847,effect_60-65
2242,59,Other,AD,1,0.007741136398823439,3,3.0,989,0.003033367037411527,129.17999999999847,effect_60-65
2243,62,Other,AD,1,0.007741136398823439,3,3.0,1141,0.0026292725679228747,129.17999999999847,effect_60-65
2244,63,Other,AD,2,0.015482272797646877,6,3.0,988,0.006072874493927126,129.17999999999847,effect_60-65
2245,68,Other,AD,7,0.054187954791764074,22,3.142857142857143,1555,0.01414790996784566,129.17999999999847,effect_60-65
2246,72,Other,AD,11,0.08515250038705782,37,3.3636363636363638,2039,0.018146150073565473,129.17999999999847,effect_60-65
2247,73,Other,AD,12,0.09289363678588126,44,3.6666666666666665,1098,0.04007285974499089,129.17999999999847,effect_60-65
2248,93,Other,AD,0,0.0,0,0.0,3366,0.0,129.17999999999847,effect_60-65
2249,114,Other,CA3,1,0.007741136398823439,5,5.0,56,0.08928571428571429,129.17999999999847,effect_60-65
2250,118,Other,CA3,51,0.39479795633999537,211,4.137254901960785,508,0.4153543307086614,129.17999999999847,effect_60-65
2251,121,Other,CA3,125,0.9676420498529299,503,4.024,947,0.5311510031678986,129.17999999999847,effect_60-65
2252,126,Other,CA3,92,0.7121845486917564,327,3.5543478260869565,650,0.5030769230769231,129.17999999999847,effect_60-65
2253,131,Other,CA2,27,0.20901068276823284,109,4.037037037037037,298,0.36577181208053694,129.17999999999847,effect_60-65
2254,134,Somatosensory,SSp-tr6a,0,0.0,0,0.0,443,0.0,129.17999999999847,effect_60-65
2255,135,Somatosensory,SSp-tr6a,12,0.09289363678588126,37,3.0833333333333335,2764,0.013386396526772794,129.17999999999847,effect_60-65
2256,136,Somatosensory,SSp-tr6a,0,0.0,0,0.0,1127,0.0,129.17999999999847,effect_60-65
2257,137,Somatosensory,SSp-tr6a,16,0.12385818238117502,95,5.9375,646,0.14705882352941177,129.17999999999847,effect_60-65
2258,138,Somatosensory,SSp-tr6a,0,0.0,0,0.0,448,0.0,129.17999999999847,effect_60-65
2259,140,Somatosensory,SSp-tr6a,5,0.0387056819941172,15,3.0,3597,0.004170141784820684,129.17999999999847,effect_60-65
2260,141,Somatosensory,SSp-tr6a,0,0.0,0,0.0,628,0.0,129.17999999999847,effect_60-65
2261,144,Somatosensory,SSp-tr5,0,0.0,0,0.0,965,0.0,129.17999999999847,effect_60-65
2262,145,Somatosensory,SSp-tr5,1,0.007741136398823439,3,3.0,1159,0.0025884383088869713,129.17999999999847,effect_60-65
2263,147,Somatosensory,SSp-tr5,1,0.007741136398823439,3,3.0,2077,0.0014443909484833895,129.17999999999847,effect_60-65
2264,149,Somatosensory,SSp-tr5,0,0.0,0,0.0,98,0.0,129.17999999999847,effect_60-65
2265,150,Somatosensory,SSp-tr5,3,0.023223409196470316,10,3.3333333333333335,842,0.011876484560570071,129.17999999999847,effect_60-65
2266,153,Somatosensory,SSp-tr5,7,0.054187954791764074,25,3.5714285714285716,2775,0.009009009009009009,129.17999999999847,effect_60-65
2267,154,Somatosensory,SSp-tr5,1,0.007741136398823439,3,3.0,227,0.013215859030837005,129.17999999999847,effect_60-65
2268,162,Other,CA3,3,0.023223409196470316,9,3.0,116,0.07758620689655173,129.17999999999847,effect_60-65
2269,164,Somatosensory,SSp-tr6a,1,0.007741136398823439,3,3.0,1355,0.002214022140221402,129.17999999999847,effect_60-65
2270,165,Somatosensory,SSp-tr6a,0,0.0,0,0.0,1141,0.0,129.17999999999847,effect_60-65
2271,166,Somatosensory,SSp-tr6a,1,0.007741136398823439,3,3.0,1842,0.0016286644951140066,129.17999999999847,effect_60-65
2272,168,Somatosensory,SSp-tr5,0,0.0,0,0.0,24,0.0,129.17999999999847,effect_60-65
2273,170,Somatosensory,SSp-tr5,0,0.0,0,0.0,30,0.0,129.17999999999847,effect_60-65
2274,173,Somatosensory,SSp-tr5,0,0.0,0,0.0,879,0.0,129.17999999999847,effect_60-65
2275,185,Thalamus,Eth,5,0.0387056819941172,9,1.8,721,0.012482662968099861,129.17999999999847,effect_60-65
2276,191,Thalamus,Eth,10,0.0774113639882344,25,2.5,1359,0.01839587932303164,129.17999999999847,effect_60-65
2277,192,Thalamus,TH,0,0.0,0,0.0,4515,0.0,129.17999999999847,effect_60-65
2278,209,Other,SUB,40,0.3096454559529376,127,3.175,2072,0.061293436293436296,129.17999999999847,effect_60-65
2279,210,Other,SUB,2,0.015482272797646877,6,3.0,571,0.010507880910683012,129.17999999999847,effect_60-65
2280,218,Thalamus,VPM,4,0.030964545595293755,7,1.75,1011,0.006923837784371909,129.17999999999847,effect_60-65
2281,219,Thalamus,VPM,2,0.015482272797646877,2,1.0,1366,0.0014641288433382138,129.17999999999847,effect_60-65
2282,224,Thalamus,VPM,1,0.007741136398823439,2,2.0,19,0.10526315789473684,129.17999999999847,effect_60-65
2283,227,Thalamus,VPM,7,0.054187954791764074,18,2.5714285714285716,1096,0.016423357664233577,129.17999999999847,effect_60-65
2284,230,Thalamus,VPM,18,0.1393404551788219,35,1.9444444444444444,533,0.06566604127579738,129.17999999999847,effect_60-65
2285,232,Thalamus,VPM,8,0.06192909119058751,18,2.25,517,0.03481624758220503,129.17999999999847,effect_60-65
2286,233,Thalamus,VPM,3,0.023223409196470316,6,2.0,1576,0.0038071065989847717,129.17999999999847,effect_60-65
2287,235,Thalamus,VPM,5,0.0387056819941172,7,1.4,620,0.01129032258064516,129.17999999999847,effect_60-65
2288,237,Thalamus,VPM,32,0.24771636476235004,76,2.375,1475,0.05152542372881356,129.17999999999847,effect_60-65
2289,238,Thalamus,VPM,7,0.054187954791764074,23,3.2857142857142856,223,0.1031390134529148,129.17999999999847,effect_60-65
2290,239,Thalamus,VPM,19,0.14708159157764533,49,2.5789473684210527,991,0.04944500504540868,129.17999999999847,effect_60-65
2291,240,Thalamus,VPM,5,0.0387056819941172,10,2.0,1072,0.009328358208955223,129.17999999999847,effect_60-65
2292,246,Thalamus,VPM,5,0.0387056819941172,12,2.4,1135,0.010572687224669603,129.17999999999847,effect_60-65
2293,247,Thalamus,VPM,7,0.054187954791764074,14,2.0,876,0.01598173515981735,129.17999999999847,effect_60-65
2294,248,Thalamus,VPM,4,0.030964545595293755,8,2.0,1479,0.005409060175794456,129.17999999999847,effect_60-65
2295,250,Thalamus,VPM,2,0.015482272797646877,4,2.0,446,0.008968609865470852,129.17999999999847,effect_60-65
2296,254,Thalamus,VPM,0,0.0,0,0.0,270,0.0,129.17999999999847,effect_60-65
2297,256,Thalamus,VPM,9,0.06967022758941095,21,2.3333333333333335,240,0.0875,129.17999999999847,effect_60-65
2298,258,Thalamus,VPM,15,0.11611704598235158,34,2.2666666666666666,1689,0.020130254588513915,129.17999999999847,effect_60-65
2299,263,Thalamus,VPM,17,0.13159931877999845,41,2.411764705882353,2129,0.01925786754344763,129.17999999999847,effect_60-65
2300,264,Thalamus,VPM,2,0.015482272797646877,3,1.5,1937,0.0015487867836861124,129.17999999999847,effect_60-65
2301,265,Thalamus,VPM,44,0.3406100015482313,101,2.2954545454545454,680,0.14852941176470588,129.17999999999847,effect_60-65
2302,268,Thalamus,VPM,19,0.14708159157764533,32,1.6842105263157894,845,0.0378698224852071,129.17999999999847,effect_60-65
2303,269,Thalamus,VPM,3,0.023223409196470316,10,3.3333333333333335,696,0.014367816091954023,129.17999999999847,effect_60-65
2304,270,Thalamus,VPM,10,0.0774113639882344,19,1.9,1870,0.010160427807486631,129.17999999999847,effect_60-65
2305,271,Thalamus,VPM,4,0.030964545595293755,4,1.0,1280,0.003125,129.17999999999847,effect_60-65
2306,272,Thalamus,VPM,1,0.007741136398823439,2,2.0,1186,0.0016863406408094434,129.17999999999847,effect_60-65
2307,274,Thalamus,VPM,6,0.04644681839294063,9,1.5,874,0.010297482837528604,129.17999999999847,effect_60-65
2308,276,Thalamus,VPM,3,0.023223409196470316,4,1.3333333333333333,467,0.008565310492505354,129.17999999999847,effect_60-65
2309,278,Thalamus,VPM,6,0.04644681839294063,8,1.3333333333333333,1073,0.007455731593662628,129.17999999999847,effect_60-65
2310,279,Thalamus,VPM,5,0.0387056819941172,10,2.0,1146,0.008726003490401396,129.17999999999847,effect_60-65
2311,280,Thalamus,VPM,8,0.06192909119058751,14,1.75,1419,0.009866102889358703,129.17999999999847,effect_60-65
2312,281,Thalamus,VPM,1,0.007741136398823439,2,2.0,429,0.004662004662004662,129.17999999999847,effect_60-65
2313,290,Thalamus,VPM,3,0.023223409196470316,6,2.0,649,0.009244992295839754,129.17999999999847,effect_60-65
2314,292,Thalamus,VPM,4,0.030964545595293755,6,1.5,675,0.008888888888888889,129.17999999999847,effect_60-65
2315,296,Other,or,1,0.007741136398823439,3,3.0,531,0.005649717514124294,129.17999999999847,effect_60-65
2316,303,Other,LGd-co,4,0.030964545595293755,18,4.5,872,0.020642201834862386,129.17999999999847,effect_60-65
2317,304,Other,LGd-co,6,0.04644681839294063,18,3.0,2932,0.006139154160982265,129.17999999999847,effect_60-65
2318,305,Other,LGd-co,1,0.007741136398823439,3,3.0,241,0.012448132780082987,129.17999999999847,effect_60-65
2319,307,Other,LGd-co,3,0.023223409196470316,11,3.6666666666666665,1994,0.005516549648946841,129.17999999999847,effect_60-65
2320,308,Other,LGd-co,6,0.04644681839294063,23,3.8333333333333335,1602,0.01435705368289638,129.17999999999847,effect_60-65
2321,309,Other,LGd-co,2,0.015482272797646877,7,3.5,1065,0.006572769953051643,129.17999999999847,effect_60-65
2322,310,Other,LGd-co,0,0.0,0,0.0,837,0.0,129.17999999999847,effect_60-65
2323,311,Other,LGd-co,3,0.023223409196470316,9,3.0,1039,0.008662175168431183,129.17999999999847,effect_60-65
2324,312,Other,LGd-co,6,0.04644681839294063,21,3.5,203,0.10344827586206896,129.17999999999847,effect_60-65
2325,313,Other,LGd-co,0,0.0,0,0.0,95,0.0,129.17999999999847,effect_60-65
2326,314,Other,LGd-co,4,0.030964545595293755,13,3.25,1014,0.01282051282051282,129.17999999999847,effect_60-65
2327,315,Other,LGd-co,0,0.0,0,0.0,1835,0.0,129.17999999999847,effect_60-65
2328,316,Other,LGd-co,21,0.16256386437529222,81,3.857142857142857,999,0.08108108108108109,129.17999999999847,effect_60-65
2329,318,Other,LGd-co,5,0.0387056819941172,16,3.2,1058,0.015122873345935728,129.17999999999847,effect_60-65
2330,319,Other,LGd-co,5,0.0387056819941172,16,3.2,2577,0.006208769887466045,129.17999999999847,effect_60-65
2331,320,Other,LGd-co,0,0.0,0,0.0,336,0.0,129.17999999999847,effect_60-65
2332,323,Other,LGd-co,25,0.19352840997058596,84,3.36,2852,0.029453015427769985,129.17999999999847,effect_60-65
2333,328,Other,LGd-co,4,0.030964545595293755,13,3.25,2927,0.004441407584557568,129.17999999999847,effect_60-65
2334,329,Other,LGd-co,6,0.04644681839294063,20,3.3333333333333335,2606,0.007674597083653108,129.17999999999847,effect_60-65
2335,331,Other,LGd-sh,7,0.054187954791764074,34,4.857142857142857,2989,0.011375041820006692,129.17999999999847,effect_60-65
2336,335,Other,LGd-sh,11,0.08515250038705782,40,3.6363636363636362,1256,0.03184713375796178,129.17999999999847,effect_60-65
2337,336,Other,LGd-sh,7,0.054187954791764074,25,3.5714285714285716,1851,0.01350621285791464,129.17999999999847,effect_60-65
2338,337,Other,LGd-sh,8,0.06192909119058751,26,3.25,1247,0.020850040096230954,129.17999999999847,effect_60-65
2339,339,Other,LGd-sh,0,0.0,0,0.0,43,0.0,129.17999999999847,effect_60-65
2340,349,Other,CA1,102,0.7895959126799907,366,3.588235294117647,1654,0.22128174123337363,129.17999999999847,effect_60-65
2341,350,Other,CA1,340,2.6319863755999693,1258,3.7,2987,0.4211583528624038,129.17999999999847,effect_60-65
2342,356,Thalamus,VPM,7,0.054187954791764074,16,2.2857142857142856,678,0.02359882005899705,129.17999999999847,effect_60-65
2343,357,Other,LGd-co,2,0.015482272797646877,7,3.5,671,0.010432190760059613,129.17999999999847,effect_60-65
2344,358,Other,LGd-co,5,0.0387056819941172,16,3.2,1006,0.015904572564612324,129.17999999999847,effect_60-65
2345,359,Other,LGd-sh,4,0.030964545595293755,15,3.75,1361,0.011021307861866276,129.17999999999847,effect_60-65
2346,360,Other,LGd-sh,10,0.0774113639882344,33,3.3,1200,0.0275,129.17999999999847,effect_60-65
2347,367,Other,MS,2,0.015482272797646877,6,3.0,3415,0.0017569546120058566,129.17999999999847,effect_60-65
2348,370,Other,MS,0,0.0,0,0.0,115,0.0,129.17999999999847,effect_60-65
2349,374,Other,MS,0,0.0,0,0.0,3,0.0,129.17999999999847,effect_60-65
2350,377,Other,MS,1,0.007741136398823439,3,3.0,544,0.0055147058823529415,129.17999999999847,effect_60-65
2351,382,Other,MS,0,0.0,0,0.0,32,0.0,129.17999999999847,effect_60-65
2352,384,STR,LSr,1,0.007741136398823439,3,3.0,1459,0.00205620287868403,129.17999999999847,effect_60-65
2353,386,STR,LSr,3,0.023223409196470316,9,3.0,720,0.0125,129.17999999999847,effect_60-65
2354,387,STR,LSr,0,0.0,0,0.0,818,0.0,129.17999999999847,effect_60-65
2355,388,STR,LSr,1,0.007741136398823439,3,3.0,612,0.004901960784313725,129.17999999999847,effect_60-65
2356,389,STR,LSr,1,0.007741136398823439,3,3.0,701,0.0042796005706134095,129.17999999999847,effect_60-65
2357,392,STR,LSr,0,0.0,0,0.0,387,0.0,129.17999999999847,effect_60-65
2358,393,STR,LSr,2,0.015482272797646877,6,3.0,1886,0.003181336161187699,129.17999999999847,effect_60-65
2359,394,STR,LSr,10,0.0774113639882344,37,3.7,999,0.037037037037037035,129.17999999999847,effect_60-65
2360,398,STR,LSr,3,0.023223409196470316,9,3.0,1375,0.006545454545454545,129.17999999999847,effect_60-65
2361,399,STR,LSr,1,0.007741136398823439,3,3.0,361,0.008310249307479225,129.17999999999847,effect_60-65
2362,402,STR,LSr,4,0.030964545595293755,12,3.0,793,0.015132408575031526,129.17999999999847,effect_60-65
2363,404,STR,LSr,0,0.0,0,0.0,109,0.0,129.17999999999847,effect_60-65
2364,406,STR,LSr,2,0.015482272797646877,6,3.0,186,0.03225806451612903,129.17999999999847,effect_60-65
2365,410,STR,LSr,2,0.015482272797646877,6,3.0,458,0.013100436681222707,129.17999999999847,effect_60-65
2366,411,STR,LSr,0,0.0,0,0.0,305,0.0,129.17999999999847,effect_60-65
2367,423,Motor,MOs6a,3,0.023223409196470316,10,3.3333333333333335,321,0.03115264797507788,129.17999999999847,effect_60-65
2368,425,Motor,MOs6a,0,0.0,0,0.0,372,0.0,129.17999999999847,effect_60-65
2369,426,Motor,MOs6a,12,0.09289363678588126,60,5.0,108,0.5555555555555556,129.17999999999847,effect_60-65
2370,427,Motor,MOs6a,3,0.023223409196470316,10,3.3333333333333335,1676,0.0059665871121718375,129.17999999999847,effect_60-65
2371,429,Motor,MOs6a,4,0.030964545595293755,13,3.25,271,0.04797047970479705,129.17999999999847,effect_60-65
2372,431,Motor,MOs6a,17,0.13159931877999845,64,3.764705882352941,424,0.1509433962264151,129.17999999999847,effect_60-65
2373,432,Motor,MOs6a,4,0.030964545595293755,22,5.5,1041,0.021133525456292025,129.17999999999847,effect_60-65
2374,438,Motor,MOs5,12,0.09289363678588126,51,4.25,957,0.05329153605015674,129.17999999999847,effect_60-65
2375,440,Motor,MOs5,1,0.007741136398823439,3,3.0,400,0.0075,129.17999999999847,effect_60-65
2376,443,Other,MS,0,0.0,0,0.0,790,0.0,129.17999999999847,effect_60-65
2377,444,Other,MS,0,0.0,0,0.0,57,0.0,129.17999999999847,effect_60-65
2378,445,STR,LSr,3,0.023223409196470316,11,3.6666666666666665,959,0.011470281543274244,129.17999999999847,effect_60-65
2379,448,STR,LSr,0,0.0,0,0.0,229,0.0,129.17999999999847,effect_60-65
2380,449,STR,LSr,0,0.0,0,0.0,213,0.0,129.17999999999847,effect_60-65
2381,451,STR,LSr,0,0.0,0,0.0,244,0.0,129.17999999999847,effect_60-65
2382,453,Motor,MOs6a,0,0.0,0,0.0,620,0.0,129.17999999999847,effect_60-65
2383,455,Other,MS,0,0.0,0,0.0,42,0.0,129.17999999999847,effect_60-65
2384,457,Motor,MOs5,0,0.0,0,0.0,195,0.0,129.17999999999847,effect_60-65
2385,0,Other,AMd,2,0.014840097944646788,6,3.0,1540,0.003896103896103896,134.7699999999968,effect_65-70
2386,1,Other,AMd,2,0.014840097944646788,6,3.0,723,0.008298755186721992,134.7699999999968,effect_65-70
2387,2,Other,AMd,9,0.06678044075091054,30,3.3333333333333335,1497,0.02004008016032064,134.7699999999968,effect_65-70
2388,12,Other,AMd,6,0.044520293833940364,26,4.333333333333333,1850,0.014054054054054054,134.7699999999968,effect_65-70
2389,13,Other,AMd,4,0.029680195889293576,12,3.0,1266,0.009478672985781991,134.7699999999968,effect_65-70
2390,15,Other,AMd,2,0.014840097944646788,8,4.0,1873,0.004271222637479978,134.7699999999968,effect_65-70
2391,16,Other,AMd,0,0.0,0,0.0,736,0.0,134.7699999999968,effect_65-70
2392,20,Other,AMd,3,0.022260146916970182,10,3.3333333333333335,1582,0.006321112515802781,134.7699999999968,effect_65-70
2393,27,Other,AMd,8,0.05936039177858715,32,4.0,1900,0.016842105263157894,134.7699999999968,effect_65-70
2394,28,Other,AMd,8,0.05936039177858715,35,4.375,1849,0.018929150892374257,134.7699999999968,effect_65-70
2395,33,Thalamus,AV,1,0.007420048972323394,1,1.0,1352,0.0007396449704142012,134.7699999999968,effect_65-70
2396,35,Thalamus,AV,3,0.022260146916970182,6,2.0,2545,0.002357563850687623,134.7699999999968,effect_65-70
2397,38,Thalamus,AV,7,0.05194034280626376,12,1.7142857142857142,1548,0.007751937984496124,134.7699999999968,effect_65-70
2398,42,Thalamus,AV,6,0.044520293833940364,7,1.1666666666666667,2099,0.0033349213911386373,134.7699999999968,effect_65-70
2399,51,Thalamus,AV,6,0.044520293833940364,10,1.6666666666666667,1703,0.005871990604815032,134.7699999999968,effect_65-70
2400,52,Thalamus,AV,22,0.16324107739111465,33,1.5,1087,0.03035878564857406,134.7699999999968,effect_65-70
2401,59,Other,AD,3,0.022260146916970182,10,3.3333333333333335,991,0.010090817356205853,134.7699999999968,effect_65-70
2402,62,Other,AD,4,0.029680195889293576,13,3.25,1463,0.00888585099111415,134.7699999999968,effect_65-70
2403,63,Other,AD,4,0.029680195889293576,12,3.0,1049,0.011439466158245948,134.7699999999968,effect_65-70
2404,68,Other,AD,10,0.07420048972323394,38,3.8,1842,0.02062975027144408,134.7699999999968,effect_65-70
2405,72,Other,AD,9,0.06678044075091054,31,3.4444444444444446,2077,0.014925373134328358,134.7699999999968,effect_65-70
2406,73,Other,AD,11,0.08162053869555733,37,3.3636363636363638,1000,0.037,134.7699999999968,effect_65-70
2407,93,Other,AD,0,0.0,0,0.0,3560,0.0,134.7699999999968,effect_65-70
2408,114,Other,CA3,0,0.0,0,0.0,13,0.0,134.7699999999968,effect_65-70
2409,118,Other,CA3,67,0.49714328114566736,271,4.044776119402985,621,0.4363929146537842,134.7699999999968,effect_65-70
2410,121,Other,CA3,107,0.7939452400386031,449,4.196261682242991,825,0.5442424242424242,134.7699999999968,effect_65-70
2411,126,Other,CA3,75,0.5565036729242545,275,3.6666666666666665,581,0.47332185886402756,134.7699999999968,effect_65-70
2412,131,Other,CA2,37,0.27454181197596556,154,4.162162162162162,378,0.4074074074074074,134.7699999999968,effect_65-70
2413,134,Somatosensory,SSp-tr6a,1,0.007420048972323394,3,3.0,934,0.0032119914346895075,134.7699999999968,effect_65-70
2414,135,Somatosensory,SSp-tr6a,7,0.05194034280626376,21,3.0,2418,0.008684863523573201,134.7699999999968,effect_65-70
2415,136,Somatosensory,SSp-tr6a,1,0.007420048972323394,3,3.0,989,0.003033367037411527,134.7699999999968,effect_65-70
2416,137,Somatosensory,SSp-tr6a,35,0.25970171403131875,202,5.771428571428571,768,0.2630208333333333,134.7699999999968,effect_65-70
2417,138,Somatosensory,SSp-tr6a,0,0.0,0,0.0,524,0.0,134.7699999999968,effect_65-70
2418,140,Somatosensory,SSp-tr6a,8,0.05936039177858715,24,3.0,4191,0.00572655690765927,134.7699999999968,effect_65-70
2419,141,Somatosensory,SSp-tr6a,0,0.0,0,0.0,800,0.0,134.7699999999968,effect_65-70
2420,144,Somatosensory,SSp-tr5,0,0.0,0,0.0,841,0.0,134.7699999999968,effect_65-70
2421,145,Somatosensory,SSp-tr5,0,0.0,0,0.0,1037,0.0,134.7699999999968,effect_65-70
2422,147,Somatosensory,SSp-tr5,1,0.007420048972323394,3,3.0,1884,0.0015923566878980893,134.7699999999968,effect_65-70
2423,149,Somatosensory,SSp-tr5,0,0.0,0,0.0,162,0.0,134.7699999999968,effect_65-70
2424,150,Somatosensory,SSp-tr5,0,0.0,0,0.0,829,0.0,134.7699999999968,effect_65-70
2425,153,Somatosensory,SSp-tr5,3,0.022260146916970182,11,3.6666666666666665,2564,0.004290171606864275,134.7699999999968,effect_65-70
2426,154,Somatosensory,SSp-tr5,0,0.0,0,0.0,244,0.0,134.7699999999968,effect_65-70
2427,162,Other,CA3,1,0.007420048972323394,3,3.0,35,0.08571428571428572,134.7699999999968,effect_65-70
2428,164,Somatosensory,SSp-tr6a,0,0.0,0,0.0,1409,0.0,134.7699999999968,effect_65-70
2429,165,Somatosensory,SSp-tr6a,0,0.0,0,0.0,1068,0.0,134.7699999999968,effect_65-70
2430,166,Somatosensory,SSp-tr6a,2,0.014840097944646788,6,3.0,2301,0.002607561929595828,134.7699999999968,effect_65-70
2431,168,Somatosensory,SSp-tr5,0,0.0,0,0.0,12,0.0,134.7699999999968,effect_65-70
2432,170,Somatosensory,SSp-tr5,0,0.0,0,0.0,46,0.0,134.7699999999968,effect_65-70
2433,173,Somatosensory,SSp-tr5,0,0.0,0,0.0,546,0.0,134.7699999999968,effect_65-70
2434,185,Thalamus,Eth,5,0.03710024486161697,8,1.6,771,0.010376134889753566,134.7699999999968,effect_65-70
2435,191,Thalamus,Eth,7,0.05194034280626376,18,2.5714285714285716,1590,0.011320754716981131,134.7699999999968,effect_65-70
2436,192,Thalamus,TH,0,0.0,0,0.0,5099,0.0,134.7699999999968,effect_65-70
2437,209,Other,SUB,34,0.2522816650589954,109,3.2058823529411766,2026,0.05380059230009872,134.7699999999968,effect_65-70
2438,210,Other,SUB,2,0.014840097944646788,6,3.0,516,0.011627906976744186,134.7699999999968,effect_65-70
2439,218,Thalamus,VPM,3,0.022260146916970182,4,1.3333333333333333,1199,0.003336113427856547,134.7699999999968,effect_65-70
2440,219,Thalamus,VPM,5,0.03710024486161697,8,1.6,1459,0.0054832076764907475,134.7699999999968,effect_65-70
2441,224,Thalamus,VPM,0,0.0,0,0.0,16,0.0,134.7699999999968,effect_65-70
2442,227,Thalamus,VPM,8,0.05936039177858715,23,2.875,1191,0.019311502938706968,134.7699999999968,effect_65-70
2443,230,Thalamus,VPM,29,0.2151814201973784,68,2.3448275862068964,674,0.10089020771513353,134.7699999999968,effect_65-70
2444,232,Thalamus,VPM,4,0.029680195889293576,9,2.25,441,0.02040816326530612,134.7699999999968,effect_65-70
2445,233,Thalamus,VPM,3,0.022260146916970182,7,2.3333333333333335,1293,0.005413766434648105,134.7699999999968,effect_65-70
2446,235,Thalamus,VPM,3,0.022260146916970182,7,2.3333333333333335,579,0.012089810017271158,134.7699999999968,effect_65-70
2447,237,Thalamus,VPM,33,0.24486161608667198,80,2.4242424242424243,1742,0.045924225028702644,134.7699999999968,effect_65-70
2448,238,Thalamus,VPM,8,0.05936039177858715,38,4.75,264,0.14393939393939395,134.7699999999968,effect_65-70
2449,239,Thalamus,VPM,23,0.17066112636343805,57,2.4782608695652173,1085,0.052534562211981564,134.7699999999968,effect_65-70
2450,240,Thalamus,VPM,5,0.03710024486161697,9,1.8,1170,0.007692307692307693,134.7699999999968,effect_65-70
2451,246,Thalamus,VPM,4,0.029680195889293576,12,3.0,1070,0.011214953271028037,134.7699999999968,effect_65-70
2452,247,Thalamus,VPM,6,0.044520293833940364,13,2.1666666666666665,946,0.013742071881606765,134.7699999999968,effect_65-70
2453,248,Thalamus,VPM,2,0.014840097944646788,3,1.5,1297,0.002313030069390902,134.7699999999968,effect_65-70
2454,250,Thalamus,VPM,2,0.014840097944646788,3,1.5,621,0.004830917874396135,134.7699999999968,effect_65-70
2455,254,Thalamus,VPM,0,0.0,0,0.0,261,0.0,134.7699999999968,effect_65-70
2456,256,Thalamus,VPM,12,0.08904058766788073,30,2.5,251,0.11952191235059761,134.7699999999968,effect_65-70
2457,258,Thalamus,VPM,13,0.09646063664020411,35,2.6923076923076925,1861,0.018807092960773777,134.7699999999968,effect_65-70
2458,263,Thalamus,VPM,17,0.1261408325294977,47,2.764705882352941,2178,0.02157943067033976,134.7699999999968,effect_65-70
2459,264,Thalamus,VPM,0,0.0,0,0.0,2152,0.0,134.7699999999968,effect_65-70
2460,265,Thalamus,VPM,70,0.5194034280626375,152,2.1714285714285713,1257,0.12092283214001591,134.7699999999968,effect_65-70
2461,268,Thalamus,VPM,16,0.1187207835571743,33,2.0625,1081,0.030527289546716005,134.7699999999968,effect_65-70
2462,269,Thalamus,VPM,10,0.07420048972323394,19,1.9,607,0.03130148270181219,134.7699999999968,effect_65-70
2463,270,Thalamus,VPM,3,0.022260146916970182,7,2.3333333333333335,1891,0.0037017451084082496,134.7699999999968,effect_65-70
2464,271,Thalamus,VPM,6,0.044520293833940364,8,1.3333333333333333,1273,0.006284367635506678,134.7699999999968,effect_65-70
2465,272,Thalamus,VPM,0,0.0,0,0.0,1221,0.0,134.7699999999968,effect_65-70
2466,274,Thalamus,VPM,8,0.05936039177858715,15,1.875,1166,0.012864493996569469,134.7699999999968,effect_65-70
2467,276,Thalamus,VPM,0,0.0,0,0.0,243,0.0,134.7699999999968,effect_65-70
2468,278,Thalamus,VPM,8,0.05936039177858715,12,1.5,1189,0.010092514718250631,134.7699999999968,effect_65-70
2469,279,Thalamus,VPM,11,0.08162053869555733,20,1.8181818181818181,1220,0.01639344262295082,134.7699999999968,effect_65-70
2470,280,Thalamus,VPM,19,0.14098093047414448,41,2.1578947368421053,1313,0.031226199543031227,134.7699999999968,effect_65-70
2471,281,Thalamus,VPM,4,0.029680195889293576,7,1.75,442,0.01583710407239819,134.7699999999968,effect_65-70
2472,290,Thalamus,VPM,9,0.06678044075091054,16,1.7777777777777777,681,0.023494860499265784,134.7699999999968,effect_65-70
2473,292,Thalamus,VPM,5,0.03710024486161697,8,1.6,701,0.011412268188302425,134.7699999999968,effect_65-70
2474,296,Other,or,3,0.022260146916970182,11,3.6666666666666665,592,0.018581081081081082,134.7699999999968,effect_65-70
2475,303,Other,LGd-co,1,0.007420048972323394,6,6.0,920,0.006521739130434782,134.7699999999968,effect_65-70
2476,304,Other,LGd-co,6,0.044520293833940364,21,3.5,3238,0.006485484867201977,134.7699999999968,effect_65-70
2477,305,Other,LGd-co,2,0.014840097944646788,7,3.5,226,0.030973451327433628,134.7699999999968,effect_65-70
2478,307,Other,LGd-co,3,0.022260146916970182,9,3.0,1936,0.0046487603305785125,134.7699999999968,effect_65-70
2479,308,Other,LGd-co,5,0.03710024486161697,21,4.2,2100,0.01,134.7699999999968,effect_65-70
2480,309,Other,LGd-co,0,0.0,0,0.0,977,0.0,134.7699999999968,effect_65-70
2481,310,Other,LGd-co,0,0.0,0,0.0,979,0.0,134.7699999999968,effect_65-70
2482,311,Other,LGd-co,8,0.05936039177858715,25,3.125,1264,0.01977848101265823,134.7699999999968,effect_65-70
2483,312,Other,LGd-co,13,0.09646063664020411,49,3.769230769230769,219,0.2237442922374429,134.7699999999968,effect_65-70
2484,313,Other,LGd-co,6,0.044520293833940364,22,3.6666666666666665,180,0.12222222222222222,134.7699999999968,effect_65-70
2485,314,Other,LGd-co,14,0.10388068561252752,54,3.857142857142857,1272,0.04245283018867924,134.7699999999968,effect_65-70
2486,315,Other,LGd-co,5,0.03710024486161697,15,3.0,1976,0.0075910931174089065,134.7699999999968,effect_65-70
2487,316,Other,LGd-co,34,0.2522816650589954,139,4.088235294117647,1079,0.12882298424467098,134.7699999999968,effect_65-70
2488,318,Other,LGd-co,6,0.044520293833940364,20,3.3333333333333335,1094,0.018281535648994516,134.7699999999968,effect_65-70
2489,319,Other,LGd-co,8,0.05936039177858715,26,3.25,2390,0.010878661087866108,134.7699999999968,effect_65-70
2490,320,Other,LGd-co,0,0.0,0,0.0,391,0.0,134.7699999999968,effect_65-70
2491,323,Other,LGd-co,13,0.09646063664020411,41,3.1538461538461537,2497,0.016419703644373247,134.7699999999968,effect_65-70
2492,328,Other,LGd-co,5,0.03710024486161697,18,3.6,3373,0.005336495701156241,134.7699999999968,effect_65-70
2493,329,Other,LGd-co,7,0.05194034280626376,22,3.142857142857143,2635,0.008349146110056925,134.7699999999968,effect_65-70
2494,331,Other,LGd-sh,9,0.06678044075091054,36,4.0,3067,0.011737854581023801,134.7699999999968,effect_65-70
2495,335,Other,LGd-sh,20,0.14840097944646788,77,3.85,1245,0.061847389558232935,134.7699999999968,effect_65-70
2496,336,Other,LGd-sh,19,0.14098093047414448,65,3.4210526315789473,1651,0.03937007874015748,134.7699999999968,effect_65-70
2497,337,Other,LGd-sh,14,0.10388068561252752,46,3.2857142857142856,1174,0.039182282793867124,134.7699999999968,effect_65-70
2498,339,Other,LGd-sh,0,0.0,0,0.0,45,0.0,134.7699999999968,effect_65-70
2499,349,Other,CA1,92,0.6826445054537522,324,3.5217391304347827,1545,0.20970873786407768,134.7699999999968,effect_65-70
2500,350,Other,CA1,355,2.6341173851748048,1322,3.723943661971831,3229,0.40941467946732735,134.7699999999968,effect_65-70
2501,356,Thalamus,VPM,16,0.1187207835571743,36,2.25,721,0.049930651872399444,134.7699999999968,effect_65-70
2502,357,Other,LGd-co,2,0.014840097944646788,7,3.5,654,0.010703363914373088,134.7699999999968,effect_65-70
2503,358,Other,LGd-co,12,0.08904058766788073,43,3.5833333333333335,995,0.04321608040201005,134.7699999999968,effect_65-70
2504,359,Other,LGd-sh,6,0.044520293833940364,27,4.5,1303,0.02072141212586339,134.7699999999968,effect_65-70
2505,360,Other,LGd-sh,14,0.10388068561252752,48,3.4285714285714284,1402,0.034236804564907276,134.7699999999968,effect_65-70
2506,367,Other,MS,5,0.03710024486161697,19,3.8,3621,0.005247169290251312,134.7699999999968,effect_65-70
2507,370,Other,MS,0,0.0,0,0.0,118,0.0,134.7699999999968,effect_65-70
2508,374,Other,MS,0,0.0,0,0.0,6,0.0,134.7699999999968,effect_65-70
2509,377,Other,MS,0,0.0,0,0.0,587,0.0,134.7699999999968,effect_65-70
2510,382,Other,MS,0,0.0,0,0.0,32,0.0,134.7699999999968,effect_65-70
2511,384,STR,LSr,0,0.0,0,0.0,1422,0.0,134.7699999999968,effect_65-70
2512,386,STR,LSr,1,0.007420048972323394,3,3.0,732,0.004098360655737705,134.7699999999968,effect_65-70
2513,387,STR,LSr,4,0.029680195889293576,13,3.25,911,0.014270032930845226,134.7699999999968,effect_65-70
2514,388,STR,LSr,0,0.0,0,0.0,650,0.0,134.7699999999968,effect_65-70
2515,389,STR,LSr,1,0.007420048972323394,3,3.0,746,0.004021447721179625,134.7699999999968,effect_65-70
2516,392,STR,LSr,0,0.0,0,0.0,390,0.0,134.7699999999968,effect_65-70
2517,393,STR,LSr,8,0.05936039177858715,26,3.25,1983,0.013111447302067574,134.7699999999968,effect_65-70
2518,394,STR,LSr,9,0.06678044075091054,32,3.5555555555555554,1040,0.03076923076923077,134.7699999999968,effect_65-70
2519,398,STR,LSr,4,0.029680195889293576,12,3.0,1430,0.008391608391608392,134.7699999999968,effect_65-70
2520,399,STR,LSr,0,0.0,0,0.0,395,0.0,134.7699999999968,effect_65-70
2521,402,STR,LSr,2,0.014840097944646788,6,3.0,913,0.0065717415115005475,134.7699999999968,effect_65-70
2522,404,STR,LSr,0,0.0,0,0.0,85,0.0,134.7699999999968,effect_65-70
2523,406,STR,LSr,1,0.007420048972323394,3,3.0,160,0.01875,134.7699999999968,effect_65-70
2524,410,STR,LSr,1,0.007420048972323394,4,4.0,454,0.00881057268722467,134.7699999999968,effect_65-70
2525,411,STR,LSr,0,0.0,0,0.0,284,0.0,134.7699999999968,effect_65-70
2526,423,Motor,MOs6a,3,0.022260146916970182,13,4.333333333333333,428,0.030373831775700934,134.7699999999968,effect_65-70
2527,425,Motor,MOs6a,0,0.0,0,0.0,291,0.0,134.7699999999968,effect_65-70
2528,426,Motor,MOs6a,1,0.007420048972323394,6,6.0,40,0.15,134.7699999999968,effect_65-70
2529,427,Motor,MOs6a,4,0.029680195889293576,14,3.5,1981,0.007067137809187279,134.7699999999968,effect_65-70
2530,429,Motor,MOs6a,11,0.08162053869555733,42,3.8181818181818183,371,0.11320754716981132,134.7699999999968,effect_65-70
2531,431,Motor,MOs6a,9,0.06678044075091054,34,3.7777777777777777,436,0.0779816513761468,134.7699999999968,effect_65-70
2532,432,Motor,MOs6a,7,0.05194034280626376,27,3.857142857142857,1040,0.025961538461538463,134.7699999999968,effect_65-70
2533,438,Motor,MOs5,8,0.05936039177858715,27,3.375,1039,0.02598652550529355,134.7699999999968,effect_65-70
2534,440,Motor,MOs5,3,0.022260146916970182,9,3.0,416,0.021634615384615384,134.7699999999968,effect_65-70
2535,443,Other,MS,0,0.0,0,0.0,844,0.0,134.7699999999968,effect_65-70
2536,444,Other,MS,0,0.0,0,0.0,40,0.0,134.7699999999968,effect_65-70
2537,445,STR,LSr,3,0.022260146916970182,12,4.0,979,0.012257405515832482,134.7699999999968,effect_65-70
2538,448,STR,LSr,0,0.0,0,0.0,261,0.0,134.7699999999968,effect_65-70
2539,449,STR,LSr,0,0.0,0,0.0,202,0.0,134.7699999999968,effect_65-70
2540,451,STR,LSr,0,0.0,0,0.0,231,0.0,134.7699999999968,effect_65-70
2541,453,Motor,MOs6a,0,0.0,0,0.0,592,0.0,134.7699999999968,effect_65-70
2542,455,Other,MS,0,0.0,0,0.0,31,0.0,134.7699999999968,effect_65-70
2543,457,Motor,MOs5,0,0.0,0,0.0,203,0.0,134.7699999999968,effect_65-70
2544,0,Other,AMd,2,0.014560279557367151,6,3.0,1815,0.003305785123966942,137.3600000000033,effect_70-75
2545,1,Other,AMd,1,0.007280139778683576,3,3.0,614,0.004885993485342019,137.3600000000033,effect_70-75
2546,2,Other,AMd,9,0.06552125800815217,30,3.3333333333333335,1332,0.02252252252252252,137.3600000000033,effect_70-75
2547,12,Other,AMd,12,0.0873616773442029,48,4.0,1960,0.024489795918367346,137.3600000000033,effect_70-75
2548,13,Other,AMd,4,0.029120559114734303,14,3.5,1281,0.01092896174863388,137.3600000000033,effect_70-75
2549,15,Other,AMd,3,0.021840419336050725,10,3.3333333333333335,2113,0.00473260766682442,137.3600000000033,effect_70-75
2550,16,Other,AMd,0,0.0,0,0.0,791,0.0,137.3600000000033,effect_70-75
2551,20,Other,AMd,3,0.021840419336050725,9,3.0,1617,0.0055658627087198514,137.3600000000033,effect_70-75
2552,27,Other,AMd,15,0.10920209668025363,82,5.466666666666667,1869,0.043873729266987696,137.3600000000033,effect_70-75
2553,28,Other,AMd,19,0.13832265579498793,89,4.684210526315789,2010,0.044278606965174126,137.3600000000033,effect_70-75
2554,33,Thalamus,AV,2,0.014560279557367151,6,3.0,1367,0.0043891733723482075,137.3600000000033,effect_70-75
2555,35,Thalamus,AV,8,0.058241118229468605,15,1.875,2571,0.005834305717619603,137.3600000000033,effect_70-75
2556,38,Thalamus,AV,7,0.050960978450785024,11,1.5714285714285714,1184,0.009290540540540541,137.3600000000033,effect_70-75
2557,42,Thalamus,AV,7,0.050960978450785024,9,1.2857142857142858,2244,0.004010695187165776,137.3600000000033,effect_70-75
2558,51,Thalamus,AV,6,0.04368083867210145,12,2.0,1628,0.007371007371007371,137.3600000000033,effect_70-75
2559,52,Thalamus,AV,21,0.1528829353523551,35,1.6666666666666667,1233,0.028386050283860504,137.3600000000033,effect_70-75
2560,59,Other,AD,7,0.050960978450785024,21,3.0,909,0.0231023102310231,137.3600000000033,effect_70-75
2561,62,Other,AD,2,0.014560279557367151,7,3.5,1157,0.006050129645635264,137.3600000000033,effect_70-75
2562,63,Other,AD,5,0.03640069889341788,15,3.0,1046,0.014340344168260038,137.3600000000033,effect_70-75
2563,68,Other,AD,7,0.050960978450785024,23,3.2857142857142856,1855,0.012398921832884097,137.3600000000033,effect_70-75
2564,72,Other,AD,15,0.10920209668025363,65,4.333333333333333,2030,0.03201970443349754,137.3600000000033,effect_70-75
2565,73,Other,AD,17,0.12376237623762078,78,4.588235294117647,1052,0.0741444866920152,137.3600000000033,effect_70-75
2566,93,Other,AD,1,0.007280139778683576,3,3.0,3649,0.000822143052891203,137.3600000000033,effect_70-75
2567,114,Other,CA3,2,0.014560279557367151,8,4.0,18,0.4444444444444444,137.3600000000033,effect_70-75
2568,118,Other,CA3,57,0.4149679673849638,222,3.8947368421052633,632,0.3512658227848101,137.3600000000033,effect_70-75
2569,121,Other,CA3,90,0.6552125800815217,401,4.455555555555556,826,0.4854721549636804,137.3600000000033,effect_70-75
2570,126,Other,CA3,75,0.5460104834012681,279,3.72,603,0.4626865671641791,137.3600000000033,effect_70-75
2571,131,Other,CA2,44,0.32032615026207734,222,5.045454545454546,449,0.49443207126948774,137.3600000000033,effect_70-75
2572,134,Somatosensory,SSp-tr6a,2,0.014560279557367151,7,3.5,812,0.008620689655172414,137.3600000000033,effect_70-75
2573,135,Somatosensory,SSp-tr6a,6,0.04368083867210145,18,3.0,3020,0.005960264900662252,137.3600000000033,effect_70-75
2574,136,Somatosensory,SSp-tr6a,0,0.0,0,0.0,1133,0.0,137.3600000000033,effect_70-75
2575,137,Somatosensory,SSp-tr6a,30,0.21840419336050726,144,4.8,722,0.1994459833795014,137.3600000000033,effect_70-75
2576,138,Somatosensory,SSp-tr6a,0,0.0,0,0.0,799,0.0,137.3600000000033,effect_70-75
2577,140,Somatosensory,SSp-tr6a,10,0.07280139778683575,34,3.4,4140,0.00821256038647343,137.3600000000033,effect_70-75
2578,141,Somatosensory,SSp-tr6a,0,0.0,0,0.0,943,0.0,137.3600000000033,effect_70-75
2579,144,Somatosensory,SSp-tr5,0,0.0,0,0.0,766,0.0,137.3600000000033,effect_70-75
2580,145,Somatosensory,SSp-tr5,0,0.0,0,0.0,933,0.0,137.3600000000033,effect_70-75
2581,147,Somatosensory,SSp-tr5,4,0.029120559114734303,13,3.25,1795,0.0072423398328690805,137.3600000000033,effect_70-75
2582,149,Somatosensory,SSp-tr5,0,0.0,0,0.0,239,0.0,137.3600000000033,effect_70-75
2583,150,Somatosensory,SSp-tr5,0,0.0,0,0.0,838,0.0,137.3600000000033,effect_70-75
2584,153,Somatosensory,SSp-tr5,5,0.03640069889341788,15,3.0,2800,0.005357142857142857,137.3600000000033,effect_70-75
2585,154,Somatosensory,SSp-tr5,3,0.021840419336050725,9,3.0,249,0.03614457831325301,137.3600000000033,effect_70-75
2586,162,Other,CA3,3,0.021840419336050725,9,3.0,71,0.1267605633802817,137.3600000000033,effect_70-75
2587,164,Somatosensory,SSp-tr6a,0,0.0,0,0.0,1444,0.0,137.3600000000033,effect_70-75
2588,165,Somatosensory,SSp-tr6a,0,0.0,0,0.0,1090,0.0,137.3600000000033,effect_70-75
2589,166,Somatosensory,SSp-tr6a,0,0.0,0,0.0,2152,0.0,137.3600000000033,effect_70-75
2590,168,Somatosensory,SSp-tr5,0,0.0,0,0.0,27,0.0,137.3600000000033,effect_70-75
2591,170,Somatosensory,SSp-tr5,0,0.0,0,0.0,43,0.0,137.3600000000033,effect_70-75
2592,173,Somatosensory,SSp-tr5,0,0.0,0,0.0,1031,0.0,137.3600000000033,effect_70-75
2593,185,Thalamus,Eth,3,0.021840419336050725,5,1.6666666666666667,670,0.007462686567164179,137.3600000000033,effect_70-75
2594,191,Thalamus,Eth,11,0.08008153756551933,14,1.2727272727272727,1107,0.012646793134598013,137.3600000000033,effect_70-75
2595,192,Thalamus,TH,0,0.0,0,0.0,4873,0.0,137.3600000000033,effect_70-75
2596,209,Other,SUB,42,0.3057658707047102,129,3.0714285714285716,2127,0.06064880112834979,137.3600000000033,effect_70-75
2597,210,Other,SUB,3,0.021840419336050725,9,3.0,548,0.016423357664233577,137.3600000000033,effect_70-75
2598,218,Thalamus,VPM,1,0.007280139778683576,2,2.0,1022,0.0019569471624266144,137.3600000000033,effect_70-75
2599,219,Thalamus,VPM,1,0.007280139778683576,1,1.0,1336,0.0007485029940119761,137.3600000000033,effect_70-75
2600,224,Thalamus,VPM,0,0.0,0,0.0,41,0.0,137.3600000000033,effect_70-75
2601,227,Thalamus,VPM,9,0.06552125800815217,22,2.4444444444444446,1090,0.02018348623853211,137.3600000000033,effect_70-75
2602,230,Thalamus,VPM,29,0.21112405358182368,51,1.7586206896551724,593,0.08600337268128162,137.3600000000033,effect_70-75
2603,232,Thalamus,VPM,3,0.021840419336050725,7,2.3333333333333335,431,0.016241299303944315,137.3600000000033,effect_70-75
2604,233,Thalamus,VPM,7,0.050960978450785024,15,2.142857142857143,1451,0.010337698139214336,137.3600000000033,effect_70-75
2605,235,Thalamus,VPM,0,0.0,0,0.0,414,0.0,137.3600000000033,effect_70-75
2606,237,Thalamus,VPM,27,0.19656377402445654,66,2.4444444444444446,1774,0.03720405862457723,137.3600000000033,effect_70-75
2607,238,Thalamus,VPM,7,0.050960978450785024,21,3.0,204,0.10294117647058823,137.3600000000033,effect_70-75
2608,239,Thalamus,VPM,17,0.12376237623762078,43,2.5294117647058822,991,0.04339051463168517,137.3600000000033,effect_70-75
2609,240,Thalamus,VPM,10,0.07280139778683575,15,1.5,1063,0.014111006585136407,137.3600000000033,effect_70-75
2610,246,Thalamus,VPM,6,0.04368083867210145,9,1.5,1053,0.008547008547008548,137.3600000000033,effect_70-75
2611,247,Thalamus,VPM,7,0.050960978450785024,15,2.142857142857143,880,0.017045454545454544,137.3600000000033,effect_70-75
2612,248,Thalamus,VPM,1,0.007280139778683576,3,3.0,1191,0.0025188916876574307,137.3600000000033,effect_70-75
2613,250,Thalamus,VPM,0,0.0,0,0.0,542,0.0,137.3600000000033,effect_70-75
2614,254,Thalamus,VPM,0,0.0,0,0.0,273,0.0,137.3600000000033,effect_70-75
2615,256,Thalamus,VPM,14,0.10192195690157005,32,2.2857142857142856,252,0.12698412698412698,137.3600000000033,effect_70-75
2616,258,Thalamus,VPM,12,0.0873616773442029,28,2.3333333333333335,1816,0.015418502202643172,137.3600000000033,effect_70-75
2617,263,Thalamus,VPM,20,0.1456027955736715,44,2.2,2199,0.020009095043201454,137.3600000000033,effect_70-75
2618,264,Thalamus,VPM,3,0.021840419336050725,6,2.0,1863,0.00322061191626409,137.3600000000033,effect_70-75
2619,265,Thalamus,VPM,76,0.5532906231799517,153,2.013157894736842,1135,0.13480176211453745,137.3600000000033,effect_70-75
2620,268,Thalamus,VPM,18,0.13104251601630434,26,1.4444444444444444,945,0.027513227513227514,137.3600000000033,effect_70-75
2621,269,Thalamus,VPM,2,0.014560279557367151,6,3.0,652,0.009202453987730062,137.3600000000033,effect_70-75
2622,270,Thalamus,VPM,7,0.050960978450785024,16,2.2857142857142856,1836,0.008714596949891068,137.3600000000033,effect_70-75
2623,271,Thalamus,VPM,4,0.029120559114734303,7,1.75,1259,0.005559968228752979,137.3600000000033,effect_70-75
2624,272,Thalamus,VPM,0,0.0,0,0.0,1200,0.0,137.3600000000033,effect_70-75
2625,274,Thalamus,VPM,6,0.04368083867210145,12,2.0,1062,0.011299435028248588,137.3600000000033,effect_70-75
2626,276,Thalamus,VPM,2,0.014560279557367151,3,1.5,293,0.010238907849829351,137.3600000000033,effect_70-75
2627,278,Thalamus,VPM,9,0.06552125800815217,14,1.5555555555555556,1170,0.011965811965811967,137.3600000000033,effect_70-75
2628,279,Thalamus,VPM,8,0.058241118229468605,19,2.375,1248,0.015224358974358974,137.3600000000033,effect_70-75
2629,280,Thalamus,VPM,13,0.09464181712288648,24,1.8461538461538463,1354,0.01772525849335303,137.3600000000033,effect_70-75
2630,281,Thalamus,VPM,11,0.08008153756551933,20,1.8181818181818181,508,0.03937007874015748,137.3600000000033,effect_70-75
2631,290,Thalamus,VPM,3,0.021840419336050725,6,2.0,701,0.008559201141226819,137.3600000000033,effect_70-75
2632,292,Thalamus,VPM,4,0.029120559114734303,6,1.5,734,0.008174386920980926,137.3600000000033,effect_70-75
2633,296,Other,or,6,0.04368083867210145,19,3.1666666666666665,620,0.03064516129032258,137.3600000000033,effect_70-75
2634,303,Other,LGd-co,6,0.04368083867210145,18,3.0,981,0.01834862385321101,137.3600000000033,effect_70-75
2635,304,Other,LGd-co,14,0.10192195690157005,49,3.5,3132,0.015644955300127713,137.3600000000033,effect_70-75
2636,305,Other,LGd-co,2,0.014560279557367151,6,3.0,346,0.017341040462427744,137.3600000000033,effect_70-75
2637,307,Other,LGd-co,0,0.0,0,0.0,2043,0.0,137.3600000000033,effect_70-75
2638,308,Other,LGd-co,12,0.0873616773442029,43,3.5833333333333335,2048,0.02099609375,137.3600000000033,effect_70-75
2639,309,Other,LGd-co,5,0.03640069889341788,16,3.2,1026,0.015594541910331383,137.3600000000033,effect_70-75
2640,310,Other,LGd-co,0,0.0,0,0.0,983,0.0,137.3600000000033,effect_70-75
2641,311,Other,LGd-co,4,0.029120559114734303,12,3.0,937,0.012806830309498399,137.3600000000033,effect_70-75
2642,312,Other,LGd-co,15,0.10920209668025363,51,3.4,230,0.2217391304347826,137.3600000000033,effect_70-75
2643,313,Other,LGd-co,1,0.007280139778683576,3,3.0,131,0.022900763358778626,137.3600000000033,effect_70-75
2644,314,Other,LGd-co,10,0.07280139778683575,36,3.6,986,0.036511156186612576,137.3600000000033,effect_70-75
2645,315,Other,LGd-co,1,0.007280139778683576,3,3.0,2226,0.0013477088948787063,137.3600000000033,effect_70-75
2646,316,Other,LGd-co,29,0.21112405358182368,111,3.8275862068965516,1124,0.09875444839857651,137.3600000000033,effect_70-75
2647,318,Other,LGd-co,2,0.014560279557367151,8,4.0,1028,0.007782101167315175,137.3600000000033,effect_70-75
2648,319,Other,LGd-co,8,0.058241118229468605,25,3.125,2548,0.009811616954474097,137.3600000000033,effect_70-75
2649,320,Other,LGd-co,0,0.0,0,0.0,402,0.0,137.3600000000033,effect_70-75
2650,323,Other,LGd-co,17,0.12376237623762078,55,3.235294117647059,2698,0.020385470719051148,137.3600000000033,effect_70-75
2651,328,Other,LGd-co,7,0.050960978450785024,29,4.142857142857143,3215,0.009020217729393468,137.3600000000033,effect_70-75
2652,329,Other,LGd-co,4,0.029120559114734303,15,3.75,2837,0.005287275290800141,137.3600000000033,effect_70-75
2653,331,Other,LGd-sh,12,0.0873616773442029,46,3.8333333333333335,3290,0.01398176291793313,137.3600000000033,effect_70-75
2654,335,Other,LGd-sh,12,0.0873616773442029,39,3.25,1305,0.029885057471264367,137.3600000000033,effect_70-75
2655,336,Other,LGd-sh,12,0.0873616773442029,40,3.3333333333333335,1774,0.02254791431792559,137.3600000000033,effect_70-75
2656,337,Other,LGd-sh,11,0.08008153756551933,38,3.4545454545454546,1087,0.034958601655933765,137.3600000000033,effect_70-75
2657,339,Other,LGd-sh,0,0.0,0,0.0,40,0.0,137.3600000000033,effect_70-75
2658,349,Other,CA1,89,0.6479324403028383,324,3.640449438202247,1574,0.20584498094027953,137.3600000000033,effect_70-75
2659,350,Other,CA1,290,2.111240535818237,1021,3.5206896551724136,2788,0.3662123385939742,137.3600000000033,effect_70-75
2660,356,Thalamus,VPM,9,0.06552125800815217,21,2.3333333333333335,715,0.02937062937062937,137.3600000000033,effect_70-75
2661,357,Other,LGd-co,0,0.0,0,0.0,575,0.0,137.3600000000033,effect_70-75
2662,358,Other,LGd-co,11,0.08008153756551933,45,4.090909090909091,993,0.045317220543806644,137.3600000000033,effect_70-75
2663,359,Other,LGd-sh,9,0.06552125800815217,33,3.6666666666666665,1267,0.026045777426992895,137.3600000000033,effect_70-75
2664,360,Other,LGd-sh,10,0.07280139778683575,31,3.1,1216,0.02549342105263158,137.3600000000033,effect_70-75
2665,367,Other,MS,5,0.03640069889341788,15,3.0,3715,0.004037685060565276,137.3600000000033,effect_70-75
2666,370,Other,MS,0,0.0,0,0.0,105,0.0,137.3600000000033,effect_70-75
2667,374,Other,MS,0,0.0,0,0.0,2,0.0,137.3600000000033,effect_70-75
2668,377,Other,MS,1,0.007280139778683576,3,3.0,524,0.0057251908396946565,137.3600000000033,effect_70-75
2669,382,Other,MS,0,0.0,0,0.0,35,0.0,137.3600000000033,effect_70-75
2670,384,STR,LSr,3,0.021840419336050725,11,3.6666666666666665,1565,0.007028753993610224,137.3600000000033,effect_70-75
2671,386,STR,LSr,5,0.03640069889341788,17,3.4,784,0.021683673469387755,137.3600000000033,effect_70-75
2672,387,STR,LSr,3,0.021840419336050725,9,3.0,801,0.011235955056179775,137.3600000000033,effect_70-75
2673,388,STR,LSr,2,0.014560279557367151,6,3.0,672,0.008928571428571428,137.3600000000033,effect_70-75
2674,389,STR,LSr,0,0.0,0,0.0,742,0.0,137.3600000000033,effect_70-75
2675,392,STR,LSr,0,0.0,0,0.0,337,0.0,137.3600000000033,effect_70-75
2676,393,STR,LSr,7,0.050960978450785024,24,3.4285714285714284,1998,0.012012012012012012,137.3600000000033,effect_70-75
2677,394,STR,LSr,7,0.050960978450785024,21,3.0,1010,0.020792079207920793,137.3600000000033,effect_70-75
2678,398,STR,LSr,7,0.050960978450785024,23,3.2857142857142856,1376,0.016715116279069766,137.3600000000033,effect_70-75
2679,399,STR,LSr,0,0.0,0,0.0,441,0.0,137.3600000000033,effect_70-75
2680,402,STR,LSr,7,0.050960978450785024,23,3.2857142857142856,787,0.029224904701397714,137.3600000000033,effect_70-75
2681,404,STR,LSr,0,0.0,0,0.0,84,0.0,137.3600000000033,effect_70-75
2682,406,STR,LSr,0,0.0,0,0.0,157,0.0,137.3600000000033,effect_70-75
2683,410,STR,LSr,3,0.021840419336050725,9,3.0,483,0.018633540372670808,137.3600000000033,effect_70-75
2684,411,STR,LSr,1,0.007280139778683576,3,3.0,350,0.008571428571428572,137.3600000000033,effect_70-75
2685,423,Motor,MOs6a,1,0.007280139778683576,3,3.0,421,0.007125890736342043,137.3600000000033,effect_70-75
2686,425,Motor,MOs6a,0,0.0,0,0.0,342,0.0,137.3600000000033,effect_70-75
2687,426,Motor,MOs6a,2,0.014560279557367151,8,4.0,38,0.21052631578947367,137.3600000000033,effect_70-75
2688,427,Motor,MOs6a,3,0.021840419336050725,11,3.6666666666666665,1877,0.005860415556739478,137.3600000000033,effect_70-75
2689,429,Motor,MOs6a,12,0.0873616773442029,62,5.166666666666667,413,0.15012106537530268,137.3600000000033,effect_70-75
2690,431,Motor,MOs6a,7,0.050960978450785024,27,3.857142857142857,457,0.05908096280087528,137.3600000000033,effect_70-75
2691,432,Motor,MOs6a,8,0.058241118229468605,32,4.0,1015,0.03152709359605911,137.3600000000033,effect_70-75
2692,438,Motor,MOs5,13,0.09464181712288648,51,3.923076923076923,1030,0.04951456310679612,137.3600000000033,effect_70-75
2693,440,Motor,MOs5,2,0.014560279557367151,6,3.0,414,0.014492753623188406,137.3600000000033,effect_70-75
2694,443,Other,MS,0,0.0,0,0.0,736,0.0,137.3600000000033,effect_70-75
2695,444,Other,MS,0,0.0,0,0.0,66,0.0,137.3600000000033,effect_70-75
2696,445,STR,LSr,4,0.029120559114734303,12,3.0,1057,0.011352885525070956,137.3600000000033,effect_70-75
2697,448,STR,LSr,0,0.0,0,0.0,257,0.0,137.3600000000033,effect_70-75
2698,449,STR,LSr,0,0.0,0,0.0,277,0.0,137.3600000000033,effect_70-75
2699,451,STR,LSr,0,0.0,0,0.0,212,0.0,137.3600000000033,effect_70-75
2700,453,Motor,MOs6a,1,0.007280139778683576,3,3.0,598,0.005016722408026756,137.3600000000033,effect_70-75
2701,455,Other,MS,0,0.0,0,0.0,40,0.0,137.3600000000033,effect_70-75
2702,457,Motor,MOs5,0,0.0,0,0.0,212,0.0,137.3600000000033,effect_70-75
2703,0,Other,AMd,3,0.023507287259050828,9,3.0,1755,0.005128205128205128,127.61999999999716,effect_75-80
2704,1,Other,AMd,1,0.007835762419683609,3,3.0,589,0.0050933786078098476,127.61999999999716,effect_75-80
2705,2,Other,AMd,4,0.031343049678734435,12,3.0,1275,0.009411764705882352,127.61999999999716,effect_75-80
2706,12,Other,AMd,5,0.039178812098418045,15,3.0,1920,0.0078125,127.61999999999716,effect_75-80
2707,13,Other,AMd,6,0.047014574518101655,21,3.5,1202,0.01747088186356073,127.61999999999716,effect_75-80
2708,15,Other,AMd,1,0.007835762419683609,3,3.0,1826,0.0016429353778751369,127.61999999999716,effect_75-80
2709,16,Other,AMd,0,0.0,0,0.0,756,0.0,127.61999999999716,effect_75-80
2710,20,Other,AMd,12,0.09402914903620331,36,3.0,1539,0.023391812865497075,127.61999999999716,effect_75-80
2711,27,Other,AMd,8,0.06268609935746887,25,3.125,1600,0.015625,127.61999999999716,effect_75-80
2712,28,Other,AMd,12,0.09402914903620331,61,5.083333333333333,1761,0.034639409426462237,127.61999999999716,effect_75-80
2713,33,Thalamus,AV,1,0.007835762419683609,1,1.0,1437,0.0006958942240779402,127.61999999999716,effect_75-80
2714,35,Thalamus,AV,10,0.07835762419683609,20,2.0,2288,0.008741258741258742,127.61999999999716,effect_75-80
2715,38,Thalamus,AV,7,0.054850336937785266,11,1.5714285714285714,1282,0.00858034321372855,127.61999999999716,effect_75-80
2716,42,Thalamus,AV,7,0.054850336937785266,8,1.1428571428571428,2164,0.0036968576709796672,127.61999999999716,effect_75-80
2717,51,Thalamus,AV,12,0.09402914903620331,21,1.75,1757,0.01195219123505976,127.61999999999716,effect_75-80
2718,52,Thalamus,AV,13,0.10186491145588693,28,2.1538461538461537,1158,0.024179620034542316,127.61999999999716,effect_75-80
2719,59,Other,AD,2,0.015671524839367217,6,3.0,881,0.00681044267877412,127.61999999999716,effect_75-80
2720,62,Other,AD,4,0.031343049678734435,14,3.5,1005,0.013930348258706468,127.61999999999716,effect_75-80
2721,63,Other,AD,5,0.039178812098418045,16,3.2,981,0.0163098878695209,127.61999999999716,effect_75-80
2722,68,Other,AD,14,0.10970067387557053,55,3.9285714285714284,1774,0.03100338218714769,127.61999999999716,effect_75-80
2723,72,Other,AD,8,0.06268609935746887,25,3.125,1596,0.015664160401002505,127.61999999999716,effect_75-80
2724,73,Other,AD,15,0.11753643629525413,47,3.1333333333333333,955,0.049214659685863874,127.61999999999716,effect_75-80
2725,93,Other,AD,0,0.0,0,0.0,3487,0.0,127.61999999999716,effect_75-80
2726,114,Other,CA3,2,0.015671524839367217,7,3.5,18,0.3888888888888889,127.61999999999716,effect_75-80
2727,118,Other,CA3,53,0.4152954082432313,211,3.981132075471698,530,0.39811320754716983,127.61999999999716,effect_75-80
2728,121,Other,CA3,81,0.6346967559943724,351,4.333333333333333,657,0.5342465753424658,127.61999999999716,effect_75-80
2729,126,Other,CA3,58,0.45447422034164936,211,3.6379310344827585,429,0.49184149184149184,127.61999999999716,effect_75-80
2730,131,Other,CA2,41,0.321266259207028,226,5.512195121951219,382,0.5916230366492147,127.61999999999716,effect_75-80
2731,134,Somatosensory,SSp-tr6a,2,0.015671524839367217,6,3.0,941,0.006376195536663124,127.61999999999716,effect_75-80
2732,135,Somatosensory,SSp-tr6a,1,0.007835762419683609,3,3.0,2183,0.001374255611543747,127.61999999999716,effect_75-80
2733,136,Somatosensory,SSp-tr6a,2,0.015671524839367217,6,3.0,972,0.006172839506172839,127.61999999999716,effect_75-80
2734,137,Somatosensory,SSp-tr6a,19,0.1488794859739886,76,4.0,585,0.12991452991452992,127.61999999999716,effect_75-80
2735,138,Somatosensory,SSp-tr6a,0,0.0,0,0.0,160,0.0,127.61999999999716,effect_75-80
2736,140,Somatosensory,SSp-tr6a,4,0.031343049678734435,12,3.0,3848,0.0031185031185031187,127.61999999999716,effect_75-80
2737,141,Somatosensory,SSp-tr6a,0,0.0,0,0.0,947,0.0,127.61999999999716,effect_75-80
2738,144,Somatosensory,SSp-tr5,0,0.0,0,0.0,807,0.0,127.61999999999716,effect_75-80
2739,145,Somatosensory,SSp-tr5,1,0.007835762419683609,3,3.0,987,0.00303951367781155,127.61999999999716,effect_75-80
2740,147,Somatosensory,SSp-tr5,3,0.023507287259050828,9,3.0,1920,0.0046875,127.61999999999716,effect_75-80
2741,149,Somatosensory,SSp-tr5,0,0.0,0,0.0,134,0.0,127.61999999999716,effect_75-80
2742,150,Somatosensory,SSp-tr5,1,0.007835762419683609,3,3.0,903,0.0033222591362126247,127.61999999999716,effect_75-80
2743,153,Somatosensory,SSp-tr5,2,0.015671524839367217,7,3.5,2678,0.0026138909634055266,127.61999999999716,effect_75-80
2744,154,Somatosensory,SSp-tr5,0,0.0,0,0.0,213,0.0,127.61999999999716,effect_75-80
2745,162,Other,CA3,6,0.047014574518101655,18,3.0,54,0.3333333333333333,127.61999999999716,effect_75-80
2746,164,Somatosensory,SSp-tr6a,0,0.0,0,0.0,1254,0.0,127.61999999999716,effect_75-80
2747,165,Somatosensory,SSp-tr6a,0,0.0,0,0.0,1132,0.0,127.61999999999716,effect_75-80
2748,166,Somatosensory,SSp-tr6a,0,0.0,0,0.0,2034,0.0,127.61999999999716,effect_75-80
2749,168,Somatosensory,SSp-tr5,0,0.0,0,0.0,6,0.0,127.61999999999716,effect_75-80
2750,170,Somatosensory,SSp-tr5,0,0.0,0,0.0,30,0.0,127.61999999999716,effect_75-80
2751,173,Somatosensory,SSp-tr5,0,0.0,0,0.0,682,0.0,127.61999999999716,effect_75-80
2752,185,Thalamus,Eth,3,0.023507287259050828,7,2.3333333333333335,670,0.010447761194029851,127.61999999999716,effect_75-80
2753,191,Thalamus,Eth,10,0.07835762419683609,19,1.9,936,0.0202991452991453,127.61999999999716,effect_75-80
2754,192,Thalamus,TH,0,0.0,0,0.0,4819,0.0,127.61999999999716,effect_75-80
2755,209,Other,SUB,21,0.1645510108133558,65,3.0952380952380953,1915,0.033942558746736295,127.61999999999716,effect_75-80
2756,210,Other,SUB,3,0.023507287259050828,9,3.0,526,0.017110266159695818,127.61999999999716,effect_75-80
2757,218,Thalamus,VPM,1,0.007835762419683609,2,2.0,993,0.002014098690835851,127.61999999999716,effect_75-80
2758,219,Thalamus,VPM,0,0.0,0,0.0,1313,0.0,127.61999999999716,effect_75-80
2759,224,Thalamus,VPM,1,0.007835762419683609,1,1.0,114,0.008771929824561403,127.61999999999716,effect_75-80
2760,227,Thalamus,VPM,10,0.07835762419683609,20,2.0,1027,0.019474196689386564,127.61999999999716,effect_75-80
2761,230,Thalamus,VPM,20,0.15671524839367218,44,2.2,464,0.09482758620689655,127.61999999999716,effect_75-80
2762,232,Thalamus,VPM,4,0.031343049678734435,8,2.0,350,0.022857142857142857,127.61999999999716,effect_75-80
2763,233,Thalamus,VPM,5,0.039178812098418045,9,1.8,1404,0.00641025641025641,127.61999999999716,effect_75-80
2764,235,Thalamus,VPM,1,0.007835762419683609,2,2.0,393,0.005089058524173028,127.61999999999716,effect_75-80
2765,237,Thalamus,VPM,23,0.180222535652723,56,2.4347826086956523,1839,0.030451332245785754,127.61999999999716,effect_75-80
2766,238,Thalamus,VPM,4,0.031343049678734435,13,3.25,194,0.06701030927835051,127.61999999999716,effect_75-80
2767,239,Thalamus,VPM,16,0.12537219871493774,36,2.25,900,0.04,127.61999999999716,effect_75-80
2768,240,Thalamus,VPM,4,0.031343049678734435,6,1.5,1158,0.0051813471502590676,127.61999999999716,effect_75-80
2769,246,Thalamus,VPM,1,0.007835762419683609,2,2.0,1069,0.0018709073900841909,127.61999999999716,effect_75-80
2770,247,Thalamus,VPM,6,0.047014574518101655,11,1.8333333333333333,738,0.014905149051490514,127.61999999999716,effect_75-80
2771,248,Thalamus,VPM,1,0.007835762419683609,3,3.0,1105,0.0027149321266968325,127.61999999999716,effect_75-80
2772,250,Thalamus,VPM,1,0.007835762419683609,2,2.0,493,0.004056795131845842,127.61999999999716,effect_75-80
2773,254,Thalamus,VPM,0,0.0,0,0.0,281,0.0,127.61999999999716,effect_75-80
2774,256,Thalamus,VPM,15,0.11753643629525413,41,2.7333333333333334,213,0.19248826291079812,127.61999999999716,effect_75-80
2775,258,Thalamus,VPM,12,0.09402914903620331,25,2.0833333333333335,1706,0.014654161781946073,127.61999999999716,effect_75-80
2776,263,Thalamus,VPM,15,0.11753643629525413,40,2.6666666666666665,2125,0.018823529411764704,127.61999999999716,effect_75-80
2777,264,Thalamus,VPM,1,0.007835762419683609,2,2.0,1577,0.0012682308180088776,127.61999999999716,effect_75-80
2778,265,Thalamus,VPM,76,0.5955179438959544,159,2.0921052631578947,801,0.19850187265917604,127.61999999999716,effect_75-80
2779,268,Thalamus,VPM,11,0.08619338661651971,14,1.2727272727272727,829,0.016887816646562123,127.61999999999716,effect_75-80
2780,269,Thalamus,VPM,4,0.031343049678734435,10,2.5,526,0.019011406844106463,127.61999999999716,effect_75-80
2781,270,Thalamus,VPM,5,0.039178812098418045,12,2.4,1737,0.0069084628670120895,127.61999999999716,effect_75-80
2782,271,Thalamus,VPM,2,0.015671524839367217,3,1.5,1339,0.0022404779686333084,127.61999999999716,effect_75-80
2783,272,Thalamus,VPM,0,0.0,0,0.0,1434,0.0,127.61999999999716,effect_75-80
2784,274,Thalamus,VPM,8,0.06268609935746887,18,2.25,960,0.01875,127.61999999999716,effect_75-80
2785,276,Thalamus,VPM,0,0.0,0,0.0,216,0.0,127.61999999999716,effect_75-80
2786,278,Thalamus,VPM,8,0.06268609935746887,12,1.5,1388,0.008645533141210375,127.61999999999716,effect_75-80
2787,279,Thalamus,VPM,9,0.07052186177715249,19,2.111111111111111,1261,0.01506740681998414,127.61999999999716,effect_75-80
2788,280,Thalamus,VPM,11,0.08619338661651971,20,1.8181818181818181,1254,0.01594896331738437,127.61999999999716,effect_75-80
2789,281,Thalamus,VPM,5,0.039178812098418045,9,1.8,426,0.02112676056338028,127.61999999999716,effect_75-80
2790,290,Thalamus,VPM,5,0.039178812098418045,7,1.4,694,0.010086455331412104,127.61999999999716,effect_75-80
2791,292,Thalamus,VPM,6,0.047014574518101655,10,1.6666666666666667,616,0.016233766233766232,127.61999999999716,effect_75-80
2792,296,Other,or,2,0.015671524839367217,7,3.5,478,0.014644351464435146,127.61999999999716,effect_75-80
2793,303,Other,LGd-co,5,0.039178812098418045,23,4.6,812,0.02832512315270936,127.61999999999716,effect_75-80
2794,304,Other,LGd-co,7,0.054850336937785266,22,3.142857142857143,2879,0.007641542202153525,127.61999999999716,effect_75-80
2795,305,Other,LGd-co,0,0.0,0,0.0,208,0.0,127.61999999999716,effect_75-80
2796,307,Other,LGd-co,0,0.0,0,0.0,2093,0.0,127.61999999999716,effect_75-80
2797,308,Other,LGd-co,8,0.06268609935746887,28,3.5,1875,0.014933333333333333,127.61999999999716,effect_75-80
2798,309,Other,LGd-co,1,0.007835762419683609,5,5.0,918,0.0054466230936819175,127.61999999999716,effect_75-80
2799,310,Other,LGd-co,1,0.007835762419683609,5,5.0,801,0.006242197253433208,127.61999999999716,effect_75-80
2800,311,Other,LGd-co,5,0.039178812098418045,17,3.4,1179,0.01441899915182358,127.61999999999716,effect_75-80
2801,312,Other,LGd-co,12,0.09402914903620331,44,3.6666666666666665,166,0.26506024096385544,127.61999999999716,effect_75-80
2802,313,Other,LGd-co,1,0.007835762419683609,3,3.0,113,0.02654867256637168,127.61999999999716,effect_75-80
2803,314,Other,LGd-co,6,0.047014574518101655,21,3.5,1006,0.020874751491053677,127.61999999999716,effect_75-80
2804,315,Other,LGd-co,2,0.015671524839367217,6,3.0,1615,0.0037151702786377707,127.61999999999716,effect_75-80
2805,316,Other,LGd-co,15,0.11753643629525413,60,4.0,922,0.0650759219088937,127.61999999999716,effect_75-80
2806,318,Other,LGd-co,0,0.0,0,0.0,805,0.0,127.61999999999716,effect_75-80
2807,319,Other,LGd-co,4,0.031343049678734435,13,3.25,2383,0.005455308434746118,127.61999999999716,effect_75-80
2808,320,Other,LGd-co,0,0.0,0,0.0,420,0.0,127.61999999999716,effect_75-80
2809,323,Other,LGd-co,19,0.1488794859739886,61,3.210526315789474,2453,0.024867509172441907,127.61999999999716,effect_75-80
2810,328,Other,LGd-co,4,0.031343049678734435,12,3.0,2965,0.004047217537942664,127.61999999999716,effect_75-80
2811,329,Other,LGd-co,8,0.06268609935746887,25,3.125,2508,0.009968102073365232,127.61999999999716,effect_75-80
2812,331,Other,LGd-sh,8,0.06268609935746887,28,3.5,3014,0.0092899800928998,127.61999999999716,effect_75-80
2813,335,Other,LGd-sh,9,0.07052186177715249,31,3.4444444444444446,1242,0.0249597423510467,127.61999999999716,effect_75-80
2814,336,Other,LGd-sh,13,0.10186491145588693,46,3.5384615384615383,1652,0.02784503631961259,127.61999999999716,effect_75-80
2815,337,Other,LGd-sh,10,0.07835762419683609,36,3.6,967,0.03722854188210962,127.61999999999716,effect_75-80
2816,339,Other,LGd-sh,0,0.0,0,0.0,21,0.0,127.61999999999716,effect_75-80
2817,349,Other,CA1,89,0.6973828553518412,311,3.49438202247191,1444,0.21537396121883656,127.61999999999716,effect_75-80
2818,350,Other,CA1,111,0.8697696285848806,369,3.324324324324324,2043,0.18061674008810572,127.61999999999716,effect_75-80
2819,356,Thalamus,VPM,16,0.12537219871493774,31,1.9375,615,0.05040650406504065,127.61999999999716,effect_75-80
2820,357,Other,LGd-co,2,0.015671524839367217,6,3.0,453,0.013245033112582781,127.61999999999716,effect_75-80
2821,358,Other,LGd-co,10,0.07835762419683609,37,3.7,1186,0.031197301854974706,127.61999999999716,effect_75-80
2822,359,Other,LGd-sh,9,0.07052186177715249,32,3.5555555555555554,1128,0.028368794326241134,127.61999999999716,effect_75-80
2823,360,Other,LGd-sh,12,0.09402914903620331,43,3.5833333333333335,1111,0.0387038703870387,127.61999999999716,effect_75-80
2824,367,Other,MS,7,0.054850336937785266,25,3.5714285714285716,3501,0.007140816909454442,127.61999999999716,effect_75-80
2825,370,Other,MS,0,0.0,0,0.0,96,0.0,127.61999999999716,effect_75-80
2826,374,Other,MS,0,0.0,0,0.0,7,0.0,127.61999999999716,effect_75-80
2827,377,Other,MS,2,0.015671524839367217,6,3.0,504,0.011904761904761904,127.61999999999716,effect_75-80
2828,382,Other,MS,0,0.0,0,0.0,28,0.0,127.61999999999716,effect_75-80
2829,384,STR,LSr,1,0.007835762419683609,3,3.0,1542,0.0019455252918287938,127.61999999999716,effect_75-80
2830,386,STR,LSr,1,0.007835762419683609,3,3.0,714,0.004201680672268907,127.61999999999716,effect_75-80
2831,387,STR,LSr,5,0.039178812098418045,17,3.4,862,0.019721577726218097,127.61999999999716,effect_75-80
2832,388,STR,LSr,3,0.023507287259050828,9,3.0,675,0.013333333333333334,127.61999999999716,effect_75-80
2833,389,STR,LSr,0,0.0,0,0.0,681,0.0,127.61999999999716,effect_75-80
2834,392,STR,LSr,0,0.0,0,0.0,346,0.0,127.61999999999716,effect_75-80
2835,393,STR,LSr,9,0.07052186177715249,28,3.111111111111111,1901,0.014729089952656496,127.61999999999716,effect_75-80
2836,394,STR,LSr,9,0.07052186177715249,28,3.111111111111111,963,0.029075804776739357,127.61999999999716,effect_75-80
2837,398,STR,LSr,3,0.023507287259050828,10,3.3333333333333335,1346,0.007429420505200594,127.61999999999716,effect_75-80
2838,399,STR,LSr,0,0.0,0,0.0,373,0.0,127.61999999999716,effect_75-80
2839,402,STR,LSr,1,0.007835762419683609,3,3.0,742,0.004043126684636119,127.61999999999716,effect_75-80
2840,404,STR,LSr,0,0.0,0,0.0,82,0.0,127.61999999999716,effect_75-80
2841,406,STR,LSr,2,0.015671524839367217,6,3.0,192,0.03125,127.61999999999716,effect_75-80
2842,410,STR,LSr,2,0.015671524839367217,6,3.0,394,0.015228426395939087,127.61999999999716,effect_75-80
2843,411,STR,LSr,0,0.0,0,0.0,242,0.0,127.61999999999716,effect_75-80
2844,423,Motor,MOs6a,2,0.015671524839367217,6,3.0,358,0.01675977653631285,127.61999999999716,effect_75-80
2845,425,Motor,MOs6a,1,0.007835762419683609,7,7.0,358,0.019553072625698324,127.61999999999716,effect_75-80
2846,426,Motor,MOs6a,3,0.023507287259050828,9,3.0,33,0.2727272727272727,127.61999999999716,effect_75-80
2847,427,Motor,MOs6a,3,0.023507287259050828,13,4.333333333333333,1781,0.0072992700729927005,127.61999999999716,effect_75-80
2848,429,Motor,MOs6a,13,0.10186491145588693,48,3.6923076923076925,363,0.1322314049586777,127.61999999999716,effect_75-80
2849,431,Motor,MOs6a,10,0.07835762419683609,40,4.0,482,0.08298755186721991,127.61999999999716,effect_75-80
2850,432,Motor,MOs6a,3,0.023507287259050828,10,3.3333333333333335,752,0.013297872340425532,127.61999999999716,effect_75-80
2851,438,Motor,MOs5,4,0.031343049678734435,16,4.0,1024,0.015625,127.61999999999716,effect_75-80
2852,440,Motor,MOs5,2,0.015671524839367217,6,3.0,387,0.015503875968992248,127.61999999999716,effect_75-80
2853,443,Other,MS,1,0.007835762419683609,4,4.0,755,0.005298013245033113,127.61999999999716,effect_75-80
2854,444,Other,MS,0,0.0,0,0.0,44,0.0,127.61999999999716,effect_75-80
2855,445,STR,LSr,2,0.015671524839367217,7,3.5,1035,0.00676328502415459,127.61999999999716,effect_75-80
2856,448,STR,LSr,1,0.007835762419683609,3,3.0,275,0.01090909090909091,127.61999999999716,effect_75-80
2857,449,STR,LSr,0,0.0,0,0.0,209,0.0,127.61999999999716,effect_75-80
2858,451,STR,LSr,1,0.007835762419683609,3,3.0,253,0.011857707509881422,127.61999999999716,effect_75-80
2859,453,Motor,MOs6a,0,0.0,0,0.0,605,0.0,127.61999999999716,effect_75-80
2860,455,Other,MS,0,0.0,0,0.0,46,0.0,127.61999999999716,effect_75-80
2861,457,Motor,MOs5,0,0.0,0,0.0,194,0.0,127.61999999999716,effect_75-80
2862,0,Other,AMd,4,0.02807805699845534,12,3.0,1913,0.006272869837950863,142.46000000000186,effect_80-85
2863,1,Other,AMd,1,0.007019514249613835,3,3.0,709,0.004231311706629055,142.46000000000186,effect_80-85
2864,2,Other,AMd,11,0.07721465674575219,35,3.1818181818181817,1491,0.023474178403755867,142.46000000000186,effect_80-85
2865,12,Other,AMd,10,0.07019514249613835,31,3.1,2221,0.013957676722197209,142.46000000000186,effect_80-85
2866,13,Other,AMd,8,0.05615611399691068,28,3.5,1374,0.020378457059679767,142.46000000000186,effect_80-85
2867,15,Other,AMd,1,0.007019514249613835,4,4.0,1981,0.0020191822311963654,142.46000000000186,effect_80-85
2868,16,Other,AMd,1,0.007019514249613835,3,3.0,869,0.0034522439585730723,142.46000000000186,effect_80-85
2869,20,Other,AMd,1,0.007019514249613835,3,3.0,1570,0.001910828025477707,142.46000000000186,effect_80-85
2870,27,Other,AMd,10,0.07019514249613835,41,4.1,1793,0.02286670384829894,142.46000000000186,effect_80-85
2871,28,Other,AMd,12,0.08423417099536602,46,3.8333333333333335,2029,0.022671266633809757,142.46000000000186,effect_80-85
2872,33,Thalamus,AV,3,0.021058542748841506,5,1.6666666666666667,1464,0.0034153005464480873,142.46000000000186,effect_80-85
2873,35,Thalamus,AV,8,0.05615611399691068,15,1.875,2461,0.006095083299471759,142.46000000000186,effect_80-85
2874,38,Thalamus,AV,7,0.049136599747296845,15,2.142857142857143,1335,0.011235955056179775,142.46000000000186,effect_80-85
2875,42,Thalamus,AV,12,0.08423417099536602,19,1.5833333333333333,2051,0.009263773768893223,142.46000000000186,effect_80-85
2876,51,Thalamus,AV,14,0.09827319949459369,30,2.142857142857143,1732,0.017321016166281754,142.46000000000186,effect_80-85
2877,52,Thalamus,AV,22,0.15442931349150438,42,1.9090909090909092,1232,0.03409090909090909,142.46000000000186,effect_80-85
2878,59,Other,AD,3,0.021058542748841506,9,3.0,873,0.010309278350515464,142.46000000000186,effect_80-85
2879,62,Other,AD,5,0.03509757124806918,17,3.4,1174,0.014480408858603067,142.46000000000186,effect_80-85
2880,63,Other,AD,9,0.06317562824652452,27,3.0,1084,0.024907749077490774,142.46000000000186,effect_80-85
2881,68,Other,AD,12,0.08423417099536602,47,3.9166666666666665,1900,0.024736842105263158,142.46000000000186,effect_80-85
2882,72,Other,AD,12,0.08423417099536602,38,3.1666666666666665,2037,0.018654884634266077,142.46000000000186,effect_80-85
2883,73,Other,AD,7,0.049136599747296845,22,3.142857142857143,925,0.023783783783783784,142.46000000000186,effect_80-85
2884,93,Other,AD,1,0.007019514249613835,5,5.0,3825,0.00130718954248366,142.46000000000186,effect_80-85
2885,114,Other,CA3,2,0.01403902849922767,7,3.5,24,0.2916666666666667,142.46000000000186,effect_80-85
2886,118,Other,CA3,50,0.35097571248069176,209,4.18,465,0.44946236559139785,142.46000000000186,effect_80-85
2887,121,Other,CA3,80,0.5615611399691068,338,4.225,625,0.5408,142.46000000000186,effect_80-85
2888,126,Other,CA3,63,0.4422293977256716,228,3.619047619047619,461,0.4945770065075922,142.46000000000186,effect_80-85
2889,131,Other,CA2,43,0.3018391127333949,210,4.883720930232558,603,0.3482587064676617,142.46000000000186,effect_80-85
2890,134,Somatosensory,SSp-tr6a,1,0.007019514249613835,5,5.0,538,0.00929368029739777,142.46000000000186,effect_80-85
2891,135,Somatosensory,SSp-tr6a,21,0.14740979924189054,63,3.0,3350,0.018805970149253733,142.46000000000186,effect_80-85
2892,136,Somatosensory,SSp-tr6a,0,0.0,0,0.0,1095,0.0,142.46000000000186,effect_80-85
2893,137,Somatosensory,SSp-tr6a,29,0.20356591323880122,144,4.9655172413793105,698,0.20630372492836677,142.46000000000186,effect_80-85
2894,138,Somatosensory,SSp-tr6a,0,0.0,0,0.0,447,0.0,142.46000000000186,effect_80-85
2895,140,Somatosensory,SSp-tr6a,17,0.1193317422434352,58,3.411764705882353,4017,0.014438635797859098,142.46000000000186,effect_80-85
2896,141,Somatosensory,SSp-tr6a,0,0.0,0,0.0,888,0.0,142.46000000000186,effect_80-85
2897,144,Somatosensory,SSp-tr5,0,0.0,0,0.0,904,0.0,142.46000000000186,effect_80-85
2898,145,Somatosensory,SSp-tr5,0,0.0,0,0.0,1086,0.0,142.46000000000186,effect_80-85
2899,147,Somatosensory,SSp-tr5,4,0.02807805699845534,13,3.25,2081,0.006246996636232581,142.46000000000186,effect_80-85
2900,149,Somatosensory,SSp-tr5,0,0.0,0,0.0,65,0.0,142.46000000000186,effect_80-85
2901,150,Somatosensory,SSp-tr5,0,0.0,0,0.0,864,0.0,142.46000000000186,effect_80-85
2902,153,Somatosensory,SSp-tr5,1,0.007019514249613835,3,3.0,2337,0.0012836970474967907,142.46000000000186,effect_80-85
2903,154,Somatosensory,SSp-tr5,0,0.0,0,0.0,209,0.0,142.46000000000186,effect_80-85
2904,162,Other,CA3,2,0.01403902849922767,8,4.0,55,0.14545454545454545,142.46000000000186,effect_80-85
2905,164,Somatosensory,SSp-tr6a,0,0.0,0,0.0,1649,0.0,142.46000000000186,effect_80-85
2906,165,Somatosensory,SSp-tr6a,0,0.0,0,0.0,1142,0.0,142.46000000000186,effect_80-85
2907,166,Somatosensory,SSp-tr6a,1,0.007019514249613835,3,3.0,2231,0.001344688480502017,142.46000000000186,effect_80-85
2908,168,Somatosensory,SSp-tr5,0,0.0,0,0.0,28,0.0,142.46000000000186,effect_80-85
2909,170,Somatosensory,SSp-tr5,0,0.0,0,0.0,56,0.0,142.46000000000186,effect_80-85
2910,173,Somatosensory,SSp-tr5,0,0.0,0,0.0,732,0.0,142.46000000000186,effect_80-85
2911,185,Thalamus,Eth,3,0.021058542748841506,6,2.0,622,0.00964630225080386,142.46000000000186,effect_80-85
2912,191,Thalamus,Eth,15,0.10529271374420753,28,1.8666666666666667,1030,0.027184466019417475,142.46000000000186,effect_80-85
2913,192,Thalamus,TH,1,0.007019514249613835,1,1.0,4911,0.00020362451639177357,142.46000000000186,effect_80-85
2914,209,Other,SUB,30,0.21058542748841505,93,3.1,1944,0.047839506172839504,142.46000000000186,effect_80-85
2915,210,Other,SUB,5,0.03509757124806918,15,3.0,647,0.023183925811437404,142.46000000000186,effect_80-85
2916,218,Thalamus,VPM,4,0.02807805699845534,5,1.25,1154,0.004332755632582322,142.46000000000186,effect_80-85
2917,219,Thalamus,VPM,1,0.007019514249613835,3,3.0,1334,0.0022488755622188904,142.46000000000186,effect_80-85
2918,224,Thalamus,VPM,0,0.0,0,0.0,336,0.0,142.46000000000186,effect_80-85
2919,227,Thalamus,VPM,11,0.07721465674575219,26,2.3636363636363638,1126,0.023090586145648313,142.46000000000186,effect_80-85
2920,230,Thalamus,VPM,18,0.12635125649304904,43,2.388888888888889,588,0.07312925170068027,142.46000000000186,effect_80-85
2921,232,Thalamus,VPM,9,0.06317562824652452,17,1.8888888888888888,292,0.05821917808219178,142.46000000000186,effect_80-85
2922,233,Thalamus,VPM,4,0.02807805699845534,9,2.25,1214,0.007413509060955519,142.46000000000186,effect_80-85
2923,235,Thalamus,VPM,4,0.02807805699845534,10,2.5,385,0.025974025974025976,142.46000000000186,effect_80-85
2924,237,Thalamus,VPM,24,0.16846834199073205,59,2.4583333333333335,1972,0.029918864097363083,142.46000000000186,effect_80-85
2925,238,Thalamus,VPM,18,0.12635125649304904,59,3.2777777777777777,282,0.20921985815602837,142.46000000000186,effect_80-85
2926,239,Thalamus,VPM,11,0.07721465674575219,24,2.1818181818181817,846,0.028368794326241134,142.46000000000186,effect_80-85
2927,240,Thalamus,VPM,5,0.03509757124806918,8,1.6,1022,0.007827788649706457,142.46000000000186,effect_80-85
2928,246,Thalamus,VPM,2,0.01403902849922767,4,2.0,1049,0.0038131553860819827,142.46000000000186,effect_80-85
2929,247,Thalamus,VPM,5,0.03509757124806918,11,2.2,849,0.012956419316843345,142.46000000000186,effect_80-85
2930,248,Thalamus,VPM,4,0.02807805699845534,8,2.0,1082,0.0073937153419593345,142.46000000000186,effect_80-85
2931,250,Thalamus,VPM,0,0.0,0,0.0,594,0.0,142.46000000000186,effect_80-85
2932,254,Thalamus,VPM,0,0.0,0,0.0,142,0.0,142.46000000000186,effect_80-85
2933,256,Thalamus,VPM,8,0.05615611399691068,21,2.625,201,0.1044776119402985,142.46000000000186,effect_80-85
2934,258,Thalamus,VPM,13,0.09125368524497986,36,2.769230769230769,1647,0.02185792349726776,142.46000000000186,effect_80-85
2935,263,Thalamus,VPM,13,0.09125368524497986,39,3.0,2051,0.01901511457825451,142.46000000000186,effect_80-85
2936,264,Thalamus,VPM,1,0.007019514249613835,4,4.0,1771,0.002258610954263128,142.46000000000186,effect_80-85
2937,265,Thalamus,VPM,71,0.49838551172258233,142,2.0,899,0.15795328142380421,142.46000000000186,effect_80-85
2938,268,Thalamus,VPM,8,0.05615611399691068,16,2.0,964,0.016597510373443983,142.46000000000186,effect_80-85
2939,269,Thalamus,VPM,8,0.05615611399691068,25,3.125,675,0.037037037037037035,142.46000000000186,effect_80-85
2940,270,Thalamus,VPM,3,0.021058542748841506,11,3.6666666666666665,1722,0.006387921022067364,142.46000000000186,effect_80-85
2941,271,Thalamus,VPM,3,0.021058542748841506,3,1.0,1210,0.0024793388429752068,142.46000000000186,effect_80-85
2942,272,Thalamus,VPM,1,0.007019514249613835,2,2.0,1130,0.0017699115044247787,142.46000000000186,effect_80-85
2943,274,Thalamus,VPM,5,0.03509757124806918,12,2.4,756,0.015873015873015872,142.46000000000186,effect_80-85
2944,276,Thalamus,VPM,1,0.007019514249613835,1,1.0,317,0.0031545741324921135,142.46000000000186,effect_80-85
2945,278,Thalamus,VPM,7,0.049136599747296845,13,1.8571428571428572,1164,0.011168384879725086,142.46000000000186,effect_80-85
2946,279,Thalamus,VPM,4,0.02807805699845534,6,1.5,975,0.006153846153846154,142.46000000000186,effect_80-85
2947,280,Thalamus,VPM,14,0.09827319949459369,27,1.9285714285714286,1470,0.018367346938775512,142.46000000000186,effect_80-85
2948,281,Thalamus,VPM,10,0.07019514249613835,17,1.7,574,0.029616724738675958,142.46000000000186,effect_80-85
2949,290,Thalamus,VPM,7,0.049136599747296845,18,2.5714285714285716,730,0.024657534246575342,142.46000000000186,effect_80-85
2950,292,Thalamus,VPM,2,0.01403902849922767,4,2.0,648,0.006172839506172839,142.46000000000186,effect_80-85
2951,296,Other,or,3,0.021058542748841506,10,3.3333333333333335,511,0.019569471624266144,142.46000000000186,effect_80-85
2952,303,Other,LGd-co,4,0.02807805699845534,12,3.0,929,0.012917115177610334,142.46000000000186,effect_80-85
2953,304,Other,LGd-co,4,0.02807805699845534,14,3.5,3251,0.004306367271608736,142.46000000000186,effect_80-85
2954,305,Other,LGd-co,0,0.0,0,0.0,249,0.0,142.46000000000186,effect_80-85
2955,307,Other,LGd-co,2,0.01403902849922767,6,3.0,1944,0.0030864197530864196,142.46000000000186,effect_80-85
2956,308,Other,LGd-co,6,0.04211708549768301,18,3.0,2012,0.008946322067594433,142.46000000000186,effect_80-85
2957,309,Other,LGd-co,0,0.0,0,0.0,922,0.0,142.46000000000186,effect_80-85
2958,310,Other,LGd-co,3,0.021058542748841506,12,4.0,1187,0.010109519797809604,142.46000000000186,effect_80-85
2959,311,Other,LGd-co,2,0.01403902849922767,9,4.5,927,0.009708737864077669,142.46000000000186,effect_80-85
2960,312,Other,LGd-co,10,0.07019514249613835,37,3.7,260,0.1423076923076923,142.46000000000186,effect_80-85
2961,313,Other,LGd-co,0,0.0,0,0.0,105,0.0,142.46000000000186,effect_80-85
2962,314,Other,LGd-co,8,0.05615611399691068,31,3.875,914,0.03391684901531729,142.46000000000186,effect_80-85
2963,315,Other,LGd-co,4,0.02807805699845534,14,3.5,1789,0.007825600894354388,142.46000000000186,effect_80-85
2964,316,Other,LGd-co,49,0.3439561982310779,186,3.795918367346939,1021,0.1821743388834476,142.46000000000186,effect_80-85
2965,318,Other,LGd-co,3,0.021058542748841506,10,3.3333333333333335,948,0.010548523206751054,142.46000000000186,effect_80-85
2966,319,Other,LGd-co,5,0.03509757124806918,15,3.0,2374,0.006318449873631003,142.46000000000186,effect_80-85
2967,320,Other,LGd-co,0,0.0,0,0.0,299,0.0,142.46000000000186,effect_80-85
2968,323,Other,LGd-co,6,0.04211708549768301,18,3.0,2192,0.008211678832116789,142.46000000000186,effect_80-85
2969,328,Other,LGd-co,5,0.03509757124806918,17,3.4,2943,0.0057764186204553175,142.46000000000186,effect_80-85
2970,329,Other,LGd-co,8,0.05615611399691068,26,3.25,2268,0.01146384479717813,142.46000000000186,effect_80-85
2971,331,Other,LGd-sh,8,0.05615611399691068,25,3.125,2906,0.008602890571231933,142.46000000000186,effect_80-85
2972,335,Other,LGd-sh,32,0.22462445598764272,116,3.625,910,0.12747252747252746,142.46000000000186,effect_80-85
2973,336,Other,LGd-sh,19,0.13337077074266288,67,3.526315789473684,1528,0.04384816753926701,142.46000000000186,effect_80-85
2974,337,Other,LGd-sh,18,0.12635125649304904,58,3.2222222222222223,876,0.06621004566210045,142.46000000000186,effect_80-85
2975,339,Other,LGd-sh,0,0.0,0,0.0,35,0.0,142.46000000000186,effect_80-85
2976,349,Other,CA1,85,0.596658711217176,299,3.5176470588235293,1452,0.2059228650137741,142.46000000000186,effect_80-85
2977,350,Other,CA1,68,0.4773269689737408,224,3.2941176470588234,1612,0.13895781637717122,142.46000000000186,effect_80-85
2978,356,Thalamus,VPM,11,0.07721465674575219,24,2.1818181818181817,676,0.03550295857988166,142.46000000000186,effect_80-85
2979,357,Other,LGd-co,2,0.01403902849922767,6,3.0,484,0.012396694214876033,142.46000000000186,effect_80-85
2980,358,Other,LGd-co,15,0.10529271374420753,58,3.8666666666666667,792,0.07323232323232323,142.46000000000186,effect_80-85
2981,359,Other,LGd-sh,11,0.07721465674575219,39,3.5454545454545454,1223,0.03188879803761243,142.46000000000186,effect_80-85
2982,360,Other,LGd-sh,18,0.12635125649304904,63,3.5,1211,0.05202312138728324,142.46000000000186,effect_80-85
2983,367,Other,MS,4,0.02807805699845534,13,3.25,3776,0.0034427966101694915,142.46000000000186,effect_80-85
2984,370,Other,MS,0,0.0,0,0.0,107,0.0,142.46000000000186,effect_80-85
2985,374,Other,MS,0,0.0,0,0.0,1,0.0,142.46000000000186,effect_80-85
2986,377,Other,MS,0,0.0,0,0.0,407,0.0,142.46000000000186,effect_80-85
2987,382,Other,MS,0,0.0,0,0.0,28,0.0,142.46000000000186,effect_80-85
2988,384,STR,LSr,0,0.0,0,0.0,1437,0.0,142.46000000000186,effect_80-85
2989,386,STR,LSr,3,0.021058542748841506,9,3.0,691,0.013024602026049204,142.46000000000186,effect_80-85
2990,387,STR,LSr,6,0.04211708549768301,19,3.1666666666666665,873,0.021764032073310423,142.46000000000186,effect_80-85
2991,388,STR,LSr,2,0.01403902849922767,6,3.0,724,0.008287292817679558,142.46000000000186,effect_80-85
2992,389,STR,LSr,0,0.0,0,0.0,739,0.0,142.46000000000186,effect_80-85
2993,392,STR,LSr,0,0.0,0,0.0,361,0.0,142.46000000000186,effect_80-85
2994,393,STR,LSr,1,0.007019514249613835,3,3.0,1946,0.001541623843782117,142.46000000000186,effect_80-85
2995,394,STR,LSr,4,0.02807805699845534,13,3.25,1106,0.011754068716094032,142.46000000000186,effect_80-85
2996,398,STR,LSr,3,0.021058542748841506,11,3.6666666666666665,1277,0.008613938919342208,142.46000000000186,effect_80-85
2997,399,STR,LSr,1,0.007019514249613835,3,3.0,470,0.006382978723404255,142.46000000000186,effect_80-85
2998,402,STR,LSr,4,0.02807805699845534,12,3.0,849,0.014134275618374558,142.46000000000186,effect_80-85
2999,404,STR,LSr,0,0.0,0,0.0,110,0.0,142.46000000000186,effect_80-85
3000,406,STR,LSr,0,0.0,0,0.0,173,0.0,142.46000000000186,effect_80-85
3001,410,STR,LSr,0,0.0,0,0.0,470,0.0,142.46000000000186,effect_80-85
3002,411,STR,LSr,1,0.007019514249613835,3,3.0,301,0.009966777408637873,142.46000000000186,effect_80-85
3003,423,Motor,MOs6a,10,0.07019514249613835,30,3.0,459,0.06535947712418301,142.46000000000186,effect_80-85
3004,425,Motor,MOs6a,0,0.0,0,0.0,479,0.0,142.46000000000186,effect_80-85
3005,426,Motor,MOs6a,0,0.0,0,0.0,5,0.0,142.46000000000186,effect_80-85
3006,427,Motor,MOs6a,3,0.021058542748841506,9,3.0,1687,0.005334914048606995,142.46000000000186,effect_80-85
3007,429,Motor,MOs6a,12,0.08423417099536602,41,3.4166666666666665,399,0.10275689223057644,142.46000000000186,effect_80-85
3008,431,Motor,MOs6a,5,0.03509757124806918,21,4.2,325,0.06461538461538462,142.46000000000186,effect_80-85
3009,432,Motor,MOs6a,5,0.03509757124806918,21,4.2,972,0.021604938271604937,142.46000000000186,effect_80-85
3010,438,Motor,MOs5,9,0.06317562824652452,31,3.4444444444444446,1204,0.02574750830564784,142.46000000000186,effect_80-85
3011,440,Motor,MOs5,3,0.021058542748841506,9,3.0,401,0.022443890274314215,142.46000000000186,effect_80-85
3012,443,Other,MS,0,0.0,0,0.0,798,0.0,142.46000000000186,effect_80-85
3013,444,Other,MS,0,0.0,0,0.0,68,0.0,142.46000000000186,effect_80-85
3014,445,STR,LSr,7,0.049136599747296845,23,3.2857142857142856,1030,0.02233009708737864,142.46000000000186,effect_80-85
3015,448,STR,LSr,0,0.0,0,0.0,247,0.0,142.46000000000186,effect_80-85
3016,449,STR,LSr,0,0.0,0,0.0,197,0.0,142.46000000000186,effect_80-85
3017,451,STR,LSr,0,0.0,0,0.0,239,0.0,142.46000000000186,effect_80-85
3018,453,Motor,MOs6a,1,0.007019514249613835,7,7.0,821,0.008526187576126675,142.46000000000186,effect_80-85
3019,455,Other,MS,0,0.0,0,0.0,32,0.0,142.46000000000186,effect_80-85
3020,457,Motor,MOs5,0,0.0,0,0.0,190,0.0,142.46000000000186,effect_80-85
3021,0,Other,AMd,5,0.026175269605277,16,3.2,2045,0.007823960880195598,191.01999999999953,effect_85-90
3022,1,Other,AMd,2,0.010470107842110799,6,3.0,973,0.006166495375128468,191.01999999999953,effect_85-90
3023,2,Other,AMd,10,0.052350539210554,33,3.3,2157,0.015299026425591099,191.01999999999953,effect_85-90
3024,12,Other,AMd,10,0.052350539210554,37,3.7,3094,0.011958629605688428,191.01999999999953,effect_85-90
3025,13,Other,AMd,6,0.0314103235263324,21,3.5,1562,0.013444302176696543,191.01999999999953,effect_85-90
3026,15,Other,AMd,3,0.0157051617631662,14,4.666666666666667,2246,0.006233303650934996,191.01999999999953,effect_85-90
3027,16,Other,AMd,0,0.0,0,0.0,1091,0.0,191.01999999999953,effect_85-90
3028,20,Other,AMd,5,0.026175269605277,16,3.2,2038,0.007850834151128557,191.01999999999953,effect_85-90
3029,27,Other,AMd,22,0.1151711862632188,85,3.8636363636363638,2479,0.03428801936264623,191.01999999999953,effect_85-90
3030,28,Other,AMd,19,0.0994660245000526,67,3.526315789473684,2435,0.02751540041067762,191.01999999999953,effect_85-90
3031,33,Thalamus,AV,3,0.0157051617631662,7,2.3333333333333335,1692,0.004137115839243499,191.01999999999953,effect_85-90
3032,35,Thalamus,AV,14,0.0732907548947756,27,1.9285714285714286,3006,0.008982035928143712,191.01999999999953,effect_85-90
3033,38,Thalamus,AV,13,0.0680557009737202,26,2.0,1617,0.016079158936301793,191.01999999999953,effect_85-90
3034,42,Thalamus,AV,10,0.052350539210554,15,1.5,2428,0.006177924217462933,191.01999999999953,effect_85-90
3035,51,Thalamus,AV,22,0.1151711862632188,41,1.8636363636363635,2510,0.016334661354581673,191.01999999999953,effect_85-90
3036,52,Thalamus,AV,32,0.16752172547377278,71,2.21875,1659,0.04279686558167571,191.01999999999953,effect_85-90
3037,59,Other,AD,6,0.0314103235263324,18,3.0,1069,0.01683816651075772,191.01999999999953,effect_85-90
3038,62,Other,AD,8,0.041880431368443195,25,3.125,1587,0.01575299306868305,191.01999999999953,effect_85-90
3039,63,Other,AD,19,0.0994660245000526,58,3.0526315789473686,1403,0.041339985744832504,191.01999999999953,effect_85-90
3040,68,Other,AD,13,0.0680557009737202,44,3.3846153846153846,2182,0.02016498625114574,191.01999999999953,effect_85-90
3041,72,Other,AD,27,0.14134645586849579,86,3.185185185185185,2573,0.03342401865526622,191.01999999999953,effect_85-90
3042,73,Other,AD,22,0.1151711862632188,77,3.5,1388,0.05547550432276657,191.01999999999953,effect_85-90
3043,93,Other,AD,2,0.010470107842110799,6,3.0,4449,0.0013486176668914363,191.01999999999953,effect_85-90
3044,114,Other,CA3,5,0.026175269605277,21,4.2,57,0.3684210526315789,191.01999999999953,effect_85-90
3045,118,Other,CA3,58,0.3036331274212132,230,3.9655172413793105,619,0.3715670436187399,191.01999999999953,effect_85-90
3046,121,Other,CA3,92,0.48162496073709676,376,4.086956521739131,883,0.4258210645526614,191.01999999999953,effect_85-90
3047,126,Other,CA3,60,0.314103235263324,218,3.6333333333333333,508,0.42913385826771655,191.01999999999953,effect_85-90
3048,131,Other,CA2,32,0.16752172547377278,156,4.875,242,0.6446280991735537,191.01999999999953,effect_85-90
3049,134,Somatosensory,SSp-tr6a,0,0.0,0,0.0,336,0.0,191.01999999999953,effect_85-90
3050,135,Somatosensory,SSp-tr6a,7,0.0366453774473878,22,3.142857142857143,4229,0.005202175455190352,191.01999999999953,effect_85-90
3051,136,Somatosensory,SSp-tr6a,1,0.005235053921055399,3,3.0,1797,0.001669449081803005,191.01999999999953,effect_85-90
3052,137,Somatosensory,SSp-tr6a,31,0.1622866715527174,138,4.451612903225806,556,0.24820143884892087,191.01999999999953,effect_85-90
3053,138,Somatosensory,SSp-tr6a,0,0.0,0,0.0,452,0.0,191.01999999999953,effect_85-90
3054,140,Somatosensory,SSp-tr6a,10,0.052350539210554,32,3.2,4712,0.006791171477079796,191.01999999999953,effect_85-90
3055,141,Somatosensory,SSp-tr6a,1,0.005235053921055399,3,3.0,1003,0.0029910269192422734,191.01999999999953,effect_85-90
3056,144,Somatosensory,SSp-tr5,0,0.0,0,0.0,1447,0.0,191.01999999999953,effect_85-90
3057,145,Somatosensory,SSp-tr5,0,0.0,0,0.0,1472,0.0,191.01999999999953,effect_85-90
3058,147,Somatosensory,SSp-tr5,4,0.020940215684221598,12,3.0,2899,0.004139358399448086,191.01999999999953,effect_85-90
3059,149,Somatosensory,SSp-tr5,0,0.0,0,0.0,299,0.0,191.01999999999953,effect_85-90
3060,150,Somatosensory,SSp-tr5,1,0.005235053921055399,3,3.0,1322,0.0022692889561270802,191.01999999999953,effect_85-90
3061,153,Somatosensory,SSp-tr5,5,0.026175269605277,16,3.2,1744,0.009174311926605505,191.01999999999953,effect_85-90
3062,154,Somatosensory,SSp-tr5,0,0.0,0,0.0,291,0.0,191.01999999999953,effect_85-90
3063,162,Other,CA3,5,0.026175269605277,15,3.0,83,0.18072289156626506,191.01999999999953,effect_85-90
3064,164,Somatosensory,SSp-tr6a,0,0.0,0,0.0,2080,0.0,191.01999999999953,effect_85-90
3065,165,Somatosensory,SSp-tr6a,0,0.0,0,0.0,1162,0.0,191.01999999999953,effect_85-90
3066,166,Somatosensory,SSp-tr6a,0,0.0,0,0.0,2285,0.0,191.01999999999953,effect_85-90
3067,168,Somatosensory,SSp-tr5,0,0.0,0,0.0,72,0.0,191.01999999999953,effect_85-90
3068,170,Somatosensory,SSp-tr5,0,0.0,0,0.0,80,0.0,191.01999999999953,effect_85-90
3069,173,Somatosensory,SSp-tr5,0,0.0,0,0.0,1092,0.0,191.01999999999953,effect_85-90
3070,185,Thalamus,Eth,10,0.052350539210554,19,1.9,854,0.02224824355971897,191.01999999999953,effect_85-90
3071,191,Thalamus,Eth,15,0.078525808815831,26,1.7333333333333334,1219,0.02132895816242822,191.01999999999953,effect_85-90
3072,192,Thalamus,TH,0,0.0,0,0.0,5609,0.0,191.01999999999953,effect_85-90
3073,209,Other,SUB,41,0.21463721076327139,128,3.1219512195121952,2595,0.04932562620423892,191.01999999999953,effect_85-90
3074,210,Other,SUB,2,0.010470107842110799,6,3.0,817,0.0073439412484700125,191.01999999999953,effect_85-90
3075,218,Thalamus,VPM,6,0.0314103235263324,9,1.5,1321,0.006813020439061317,191.01999999999953,effect_85-90
3076,219,Thalamus,VPM,3,0.0157051617631662,8,2.6666666666666665,1167,0.006855184233076264,191.01999999999953,effect_85-90
3077,224,Thalamus,VPM,0,0.0,0,0.0,540,0.0,191.01999999999953,effect_85-90
3078,227,Thalamus,VPM,9,0.0471154852894986,22,2.4444444444444446,1103,0.019945602901178604,191.01999999999953,effect_85-90
3079,230,Thalamus,VPM,31,0.1622866715527174,66,2.129032258064516,612,0.10784313725490197,191.01999999999953,effect_85-90
3080,232,Thalamus,VPM,4,0.020940215684221598,9,2.25,324,0.027777777777777776,191.01999999999953,effect_85-90
3081,233,Thalamus,VPM,2,0.010470107842110799,3,1.5,1563,0.0019193857965451055,191.01999999999953,effect_85-90
3082,235,Thalamus,VPM,1,0.005235053921055399,2,2.0,408,0.004901960784313725,191.01999999999953,effect_85-90
3083,237,Thalamus,VPM,22,0.1151711862632188,47,2.1363636363636362,2055,0.022871046228710463,191.01999999999953,effect_85-90
3084,238,Thalamus,VPM,18,0.0942309705789972,55,3.0555555555555554,346,0.15895953757225434,191.01999999999953,effect_85-90
3085,239,Thalamus,VPM,15,0.078525808815831,33,2.2,941,0.03506907545164718,191.01999999999953,effect_85-90
3086,240,Thalamus,VPM,9,0.0471154852894986,15,1.6666666666666667,1266,0.011848341232227487,191.01999999999953,effect_85-90
3087,246,Thalamus,VPM,6,0.0314103235263324,13,2.1666666666666665,1436,0.009052924791086351,191.01999999999953,effect_85-90
3088,247,Thalamus,VPM,17,0.08899591665794179,37,2.176470588235294,1042,0.03550863723608445,191.01999999999953,effect_85-90
3089,248,Thalamus,VPM,3,0.0157051617631662,10,3.3333333333333335,1599,0.006253908692933083,191.01999999999953,effect_85-90
3090,250,Thalamus,VPM,3,0.0157051617631662,6,2.0,642,0.009345794392523364,191.01999999999953,effect_85-90
3091,254,Thalamus,VPM,0,0.0,0,0.0,367,0.0,191.01999999999953,effect_85-90
3092,256,Thalamus,VPM,16,0.08376086273688639,43,2.6875,388,0.11082474226804123,191.01999999999953,effect_85-90
3093,258,Thalamus,VPM,18,0.0942309705789972,39,2.1666666666666665,2145,0.01818181818181818,191.01999999999953,effect_85-90
3094,263,Thalamus,VPM,15,0.078525808815831,49,3.2666666666666666,2250,0.021777777777777778,191.01999999999953,effect_85-90
3095,264,Thalamus,VPM,0,0.0,0,0.0,2095,0.0,191.01999999999953,effect_85-90
3096,265,Thalamus,VPM,71,0.3716888283949334,141,1.9859154929577465,743,0.18977119784656796,191.01999999999953,effect_85-90
3097,268,Thalamus,VPM,14,0.0732907548947756,25,1.7857142857142858,1126,0.022202486678507993,191.01999999999953,effect_85-90
3098,269,Thalamus,VPM,4,0.020940215684221598,8,2.0,858,0.009324009324009324,191.01999999999953,effect_85-90
3099,270,Thalamus,VPM,12,0.0628206470526648,30,2.5,1381,0.02172338884866039,191.01999999999953,effect_85-90
3100,271,Thalamus,VPM,3,0.0157051617631662,8,2.6666666666666665,979,0.008171603677221655,191.01999999999953,effect_85-90
3101,272,Thalamus,VPM,1,0.005235053921055399,2,2.0,1228,0.0016286644951140066,191.01999999999953,effect_85-90
3102,274,Thalamus,VPM,27,0.14134645586849579,62,2.2962962962962963,916,0.06768558951965066,191.01999999999953,effect_85-90
3103,276,Thalamus,VPM,0,0.0,0,0.0,251,0.0,191.01999999999953,effect_85-90
3104,278,Thalamus,VPM,7,0.0366453774473878,14,2.0,1149,0.012184508268059183,191.01999999999953,effect_85-90
3105,279,Thalamus,VPM,4,0.020940215684221598,6,1.5,1010,0.005940594059405941,191.01999999999953,effect_85-90
3106,280,Thalamus,VPM,25,0.130876348026385,42,1.68,1727,0.024319629415170817,191.01999999999953,effect_85-90
3107,281,Thalamus,VPM,11,0.0575855931316094,21,1.9090909090909092,719,0.02920723226703755,191.01999999999953,effect_85-90
3108,290,Thalamus,VPM,5,0.026175269605277,9,1.8,706,0.012747875354107648,191.01999999999953,effect_85-90
3109,292,Thalamus,VPM,4,0.020940215684221598,8,2.0,660,0.012121212121212121,191.01999999999953,effect_85-90
3110,296,Other,or,3,0.0157051617631662,9,3.0,663,0.013574660633484163,191.01999999999953,effect_85-90
3111,303,Other,LGd-co,0,0.0,0,0.0,1063,0.0,191.01999999999953,effect_85-90
3112,304,Other,LGd-co,12,0.0628206470526648,39,3.25,3962,0.009843513377082282,191.01999999999953,effect_85-90
3113,305,Other,LGd-co,0,0.0,0,0.0,589,0.0,191.01999999999953,effect_85-90
3114,307,Other,LGd-co,2,0.010470107842110799,6,3.0,2174,0.0027598896044158236,191.01999999999953,effect_85-90
3115,308,Other,LGd-co,10,0.052350539210554,32,3.2,2059,0.015541525012141816,191.01999999999953,effect_85-90
3116,309,Other,LGd-co,1,0.005235053921055399,3,3.0,897,0.0033444816053511705,191.01999999999953,effect_85-90
3117,310,Other,LGd-co,3,0.0157051617631662,9,3.0,1145,0.007860262008733625,191.01999999999953,effect_85-90
3118,311,Other,LGd-co,6,0.0314103235263324,20,3.3333333333333335,1334,0.014992503748125937,191.01999999999953,effect_85-90
3119,312,Other,LGd-co,29,0.1518165637106066,110,3.793103448275862,439,0.2505694760820046,191.01999999999953,effect_85-90
3120,313,Other,LGd-co,7,0.0366453774473878,24,3.4285714285714284,230,0.10434782608695652,191.01999999999953,effect_85-90
3121,314,Other,LGd-co,18,0.0942309705789972,66,3.6666666666666665,1049,0.06291706387035272,191.01999999999953,effect_85-90
3122,315,Other,LGd-co,9,0.0471154852894986,31,3.4444444444444446,2754,0.011256354393609296,191.01999999999953,effect_85-90
3123,316,Other,LGd-co,64,0.33504345094754556,251,3.921875,1506,0.16666666666666666,191.01999999999953,effect_85-90
3124,318,Other,LGd-co,7,0.0366453774473878,22,3.142857142857143,1248,0.017628205128205128,191.01999999999953,effect_85-90
3125,319,Other,LGd-co,15,0.078525808815831,48,3.2,3305,0.014523449319213313,191.01999999999953,effect_85-90
3126,320,Other,LGd-co,0,0.0,0,0.0,371,0.0,191.01999999999953,effect_85-90
3127,323,Other,LGd-co,13,0.0680557009737202,39,3.0,2727,0.014301430143014302,191.01999999999953,effect_85-90
3128,328,Other,LGd-co,2,0.010470107842110799,14,7.0,3150,0.0044444444444444444,191.01999999999953,effect_85-90
3129,329,Other,LGd-co,4,0.020940215684221598,13,3.25,2634,0.004935459377372817,191.01999999999953,effect_85-90
3130,331,Other,LGd-sh,14,0.0732907548947756,50,3.5714285714285716,3851,0.012983640612827837,191.01999999999953,effect_85-90
3131,335,Other,LGd-sh,36,0.1884619411579944,129,3.5833333333333335,1117,0.11548791405550582,191.01999999999953,effect_85-90
3132,336,Other,LGd-sh,32,0.16752172547377278,117,3.65625,2048,0.05712890625,191.01999999999953,effect_85-90
3133,337,Other,LGd-sh,21,0.1099361323421634,73,3.4761904761904763,1179,0.06191687871077184,191.01999999999953,effect_85-90
3134,339,Other,LGd-sh,0,0.0,0,0.0,46,0.0,191.01999999999953,effect_85-90
3135,349,Other,CA1,115,0.602031200921371,413,3.591304347826087,1626,0.25399753997539976,191.01999999999953,effect_85-90
3136,350,Other,CA1,118,0.6177363626845371,389,3.2966101694915255,2406,0.16167913549459684,191.01999999999953,effect_85-90
3137,356,Thalamus,VPM,5,0.026175269605277,14,2.8,617,0.022690437601296597,191.01999999999953,effect_85-90
3138,357,Other,LGd-co,1,0.005235053921055399,3,3.0,952,0.0031512605042016808,191.01999999999953,effect_85-90
3139,358,Other,LGd-co,32,0.16752172547377278,135,4.21875,866,0.1558891454965358,191.01999999999953,effect_85-90
3140,359,Other,LGd-sh,15,0.078525808815831,57,3.8,1501,0.0379746835443038,191.01999999999953,effect_85-90
3141,360,Other,LGd-sh,25,0.130876348026385,92,3.68,1647,0.05585913782635094,191.01999999999953,effect_85-90
3142,367,Other,MS,4,0.020940215684221598,13,3.25,5647,0.0023021073136178503,191.01999999999953,effect_85-90
3143,370,Other,MS,0,0.0,0,0.0,129,0.0,191.01999999999953,effect_85-90
3144,374,Other,MS,0,0.0,0,0.0,8,0.0,191.01999999999953,effect_85-90
3145,377,Other,MS,0,0.0,0,0.0,593,0.0,191.01999999999953,effect_85-90
3146,382,Other,MS,0,0.0,0,0.0,28,0.0,191.01999999999953,effect_85-90
3147,384,STR,LSr,2,0.010470107842110799,6,3.0,1935,0.0031007751937984496,191.01999999999953,effect_85-90
3148,386,STR,LSr,2,0.010470107842110799,7,3.5,887,0.007891770011273957,191.01999999999953,effect_85-90
3149,387,STR,LSr,6,0.0314103235263324,18,3.0,1010,0.01782178217821782,191.01999999999953,effect_85-90
3150,388,STR,LSr,0,0.0,0,0.0,900,0.0,191.01999999999953,effect_85-90
3151,389,STR,LSr,1,0.005235053921055399,3,3.0,1014,0.0029585798816568047,191.01999999999953,effect_85-90
3152,392,STR,LSr,1,0.005235053921055399,4,4.0,397,0.010075566750629723,191.01999999999953,effect_85-90
3153,393,STR,LSr,7,0.0366453774473878,22,3.142857142857143,2513,0.008754476721050538,191.01999999999953,effect_85-90
3154,394,STR,LSr,8,0.041880431368443195,28,3.5,1504,0.018617021276595744,191.01999999999953,effect_85-90
3155,398,STR,LSr,5,0.026175269605277,16,3.2,1560,0.010256410256410256,191.01999999999953,effect_85-90
3156,399,STR,LSr,1,0.005235053921055399,3,3.0,688,0.00436046511627907,191.01999999999953,effect_85-90
3157,402,STR,LSr,4,0.020940215684221598,12,3.0,1047,0.011461318051575931,191.01999999999953,effect_85-90
3158,404,STR,LSr,0,0.0,0,0.0,131,0.0,191.01999999999953,effect_85-90
3159,406,STR,LSr,2,0.010470107842110799,7,3.5,268,0.026119402985074626,191.01999999999953,effect_85-90
3160,410,STR,LSr,0,0.0,0,0.0,646,0.0,191.01999999999953,effect_85-90
3161,411,STR,LSr,2,0.010470107842110799,6,3.0,334,0.017964071856287425,191.01999999999953,effect_85-90
3162,423,Motor,MOs6a,5,0.026175269605277,16,3.2,626,0.025559105431309903,191.01999999999953,effect_85-90
3163,425,Motor,MOs6a,0,0.0,0,0.0,626,0.0,191.01999999999953,effect_85-90
3164,426,Motor,MOs6a,3,0.0157051617631662,10,3.3333333333333335,37,0.2702702702702703,191.01999999999953,effect_85-90
3165,427,Motor,MOs6a,0,0.0,0,0.0,1877,0.0,191.01999999999953,effect_85-90
3166,429,Motor,MOs6a,6,0.0314103235263324,21,3.5,312,0.0673076923076923,191.01999999999953,effect_85-90
3167,431,Motor,MOs6a,6,0.0314103235263324,21,3.5,316,0.06645569620253164,191.01999999999953,effect_85-90
3168,432,Motor,MOs6a,5,0.026175269605277,16,3.2,1210,0.013223140495867768,191.01999999999953,effect_85-90
3169,438,Motor,MOs5,13,0.0680557009737202,45,3.4615384615384617,1369,0.03287070854638422,191.01999999999953,effect_85-90
3170,440,Motor,MOs5,1,0.005235053921055399,3,3.0,502,0.00597609561752988,191.01999999999953,effect_85-90
3171,443,Other,MS,0,0.0,0,0.0,989,0.0,191.01999999999953,effect_85-90
3172,444,Other,MS,0,0.0,0,0.0,69,0.0,191.01999999999953,effect_85-90
3173,445,STR,LSr,3,0.0157051617631662,9,3.0,1394,0.006456241032998565,191.01999999999953,effect_85-90
3174,448,STR,LSr,0,0.0,0,0.0,370,0.0,191.01999999999953,effect_85-90
3175,449,STR,LSr,0,0.0,0,0.0,253,0.0,191.01999999999953,effect_85-90
3176,451,STR,LSr,0,0.0,0,0.0,263,0.0,191.01999999999953,effect_85-90
3177,453,Motor,MOs6a,1,0.005235053921055399,3,3.0,851,0.0035252643948296123,191.01999999999953,effect_85-90
3178,455,Other,MS,0,0.0,0,0.0,42,0.0,191.01999999999953,effect_85-90
3179,457,Motor,MOs5,0,0.0,0,0.0,277,0.0,191.01999999999953,effect_85-90
3180,0,Other,AMd,1,0.014293882218410141,3,3.0,773,0.0038809831824062097,69.96000000000186,effect_90-92
3181,1,Other,AMd,1,0.014293882218410141,3,3.0,424,0.007075471698113208,69.96000000000186,effect_90-92
3182,2,Other,AMd,3,0.04288164665523042,9,3.0,851,0.010575793184488837,69.96000000000186,effect_90-92
3183,12,Other,AMd,3,0.04288164665523042,17,5.666666666666667,1308,0.012996941896024464,69.96000000000186,effect_90-92
3184,13,Other,AMd,4,0.057175528873640566,12,3.0,648,0.018518518518518517,69.96000000000186,effect_90-92
3185,15,Other,AMd,1,0.014293882218410141,3,3.0,1042,0.0028790786948176585,69.96000000000186,effect_90-92
3186,16,Other,AMd,1,0.014293882218410141,3,3.0,465,0.0064516129032258064,69.96000000000186,effect_90-92
3187,20,Other,AMd,2,0.028587764436820283,6,3.0,763,0.007863695937090432,69.96000000000186,effect_90-92
3188,27,Other,AMd,3,0.04288164665523042,9,3.0,932,0.009656652360515022,69.96000000000186,effect_90-92
3189,28,Other,AMd,5,0.07146941109205071,19,3.8,955,0.019895287958115182,69.96000000000186,effect_90-92
3190,33,Thalamus,AV,3,0.04288164665523042,7,2.3333333333333335,691,0.010130246020260492,69.96000000000186,effect_90-92
3191,35,Thalamus,AV,5,0.07146941109205071,11,2.2,1185,0.009282700421940928,69.96000000000186,effect_90-92
3192,38,Thalamus,AV,3,0.04288164665523042,4,1.3333333333333333,678,0.0058997050147492625,69.96000000000186,effect_90-92
3193,42,Thalamus,AV,4,0.057175528873640566,8,2.0,1039,0.007699711260827719,69.96000000000186,effect_90-92
3194,51,Thalamus,AV,12,0.17152658662092168,25,2.0833333333333335,793,0.031525851197982346,69.96000000000186,effect_90-92
3195,52,Thalamus,AV,14,0.20011435105774197,27,1.9285714285714286,601,0.04492512479201331,69.96000000000186,effect_90-92
3196,59,Other,AD,3,0.04288164665523042,10,3.3333333333333335,433,0.023094688221709007,69.96000000000186,effect_90-92
3197,62,Other,AD,3,0.04288164665523042,9,3.0,465,0.01935483870967742,69.96000000000186,effect_90-92
3198,63,Other,AD,9,0.12864493996569126,27,3.0,535,0.05046728971962617,69.96000000000186,effect_90-92
3199,68,Other,AD,3,0.04288164665523042,11,3.6666666666666665,910,0.012087912087912088,69.96000000000186,effect_90-92
3200,72,Other,AD,6,0.08576329331046084,19,3.1666666666666665,969,0.0196078431372549,69.96000000000186,effect_90-92
3201,73,Other,AD,6,0.08576329331046084,22,3.6666666666666665,436,0.05045871559633028,69.96000000000186,effect_90-92
3202,93,Other,AD,0,0.0,0,0.0,1893,0.0,69.96000000000186,effect_90-92
3203,114,Other,CA3,2,0.028587764436820283,7,3.5,8,0.875,69.96000000000186,effect_90-92
3204,118,Other,CA3,22,0.3144654088050231,96,4.363636363636363,238,0.40336134453781514,69.96000000000186,effect_90-92
3205,121,Other,CA3,37,0.5288736420811753,157,4.243243243243243,353,0.4447592067988669,69.96000000000186,effect_90-92
3206,126,Other,CA3,32,0.4574042309891245,115,3.59375,213,0.539906103286385,69.96000000000186,effect_90-92
3207,131,Other,CA2,34,0.4859919954259448,160,4.705882352941177,274,0.583941605839416,69.96000000000186,effect_90-92
3208,134,Somatosensory,SSp-tr6a,2,0.028587764436820283,6,3.0,125,0.048,69.96000000000186,effect_90-92
3209,135,Somatosensory,SSp-tr6a,0,0.0,0,0.0,1175,0.0,69.96000000000186,effect_90-92
3210,136,Somatosensory,SSp-tr6a,0,0.0,0,0.0,656,0.0,69.96000000000186,effect_90-92
3211,137,Somatosensory,SSp-tr6a,13,0.18582046883933184,51,3.923076923076923,177,0.288135593220339,69.96000000000186,effect_90-92
3212,138,Somatosensory,SSp-tr6a,0,0.0,0,0.0,238,0.0,69.96000000000186,effect_90-92
3213,140,Somatosensory,SSp-tr6a,3,0.04288164665523042,9,3.0,1784,0.005044843049327354,69.96000000000186,effect_90-92
3214,141,Somatosensory,SSp-tr6a,0,0.0,0,0.0,221,0.0,69.96000000000186,effect_90-92
3215,144,Somatosensory,SSp-tr5,0,0.0,0,0.0,537,0.0,69.96000000000186,effect_90-92
3216,145,Somatosensory,SSp-tr5,0,0.0,0,0.0,389,0.0,69.96000000000186,effect_90-92
3217,147,Somatosensory,SSp-tr5,1,0.014293882218410141,3,3.0,894,0.003355704697986577,69.96000000000186,effect_90-92
3218,149,Somatosensory,SSp-tr5,0,0.0,0,0.0,29,0.0,69.96000000000186,effect_90-92
3219,150,Somatosensory,SSp-tr5,0,0.0,0,0.0,512,0.0,69.96000000000186,effect_90-92
3220,153,Somatosensory,SSp-tr5,2,0.028587764436820283,6,3.0,900,0.006666666666666667,69.96000000000186,effect_90-92
3221,154,Somatosensory,SSp-tr5,0,0.0,0,0.0,149,0.0,69.96000000000186,effect_90-92
3222,162,Other,CA3,1,0.014293882218410141,3,3.0,43,0.06976744186046512,69.96000000000186,effect_90-92
3223,164,Somatosensory,SSp-tr6a,0,0.0,0,0.0,777,0.0,69.96000000000186,effect_90-92
3224,165,Somatosensory,SSp-tr6a,0,0.0,0,0.0,371,0.0,69.96000000000186,effect_90-92
3225,166,Somatosensory,SSp-tr6a,0,0.0,0,0.0,781,0.0,69.96000000000186,effect_90-92
3226,168,Somatosensory,SSp-tr5,0,0.0,0,0.0,4,0.0,69.96000000000186,effect_90-92
3227,170,Somatosensory,SSp-tr5,0,0.0,0,0.0,30,0.0,69.96000000000186,effect_90-92
3228,173,Somatosensory,SSp-tr5,0,0.0,0,0.0,288,0.0,69.96000000000186,effect_90-92
3229,185,Thalamus,Eth,1,0.014293882218410141,1,1.0,303,0.0033003300330033004,69.96000000000186,effect_90-92
3230,191,Thalamus,Eth,7,0.10005717552887099,16,2.2857142857142856,398,0.04020100502512563,69.96000000000186,effect_90-92
3231,192,Thalamus,TH,0,0.0,0,0.0,1993,0.0,69.96000000000186,effect_90-92
3232,209,Other,SUB,9,0.12864493996569126,30,3.3333333333333335,959,0.03128258602711158,69.96000000000186,effect_90-92
3233,210,Other,SUB,1,0.014293882218410141,3,3.0,315,0.009523809523809525,69.96000000000186,effect_90-92
3234,218,Thalamus,VPM,1,0.014293882218410141,4,4.0,564,0.0070921985815602835,69.96000000000186,effect_90-92
3235,219,Thalamus,VPM,1,0.014293882218410141,2,2.0,610,0.003278688524590164,69.96000000000186,effect_90-92
3236,224,Thalamus,VPM,0,0.0,0,0.0,288,0.0,69.96000000000186,effect_90-92
3237,227,Thalamus,VPM,7,0.10005717552887099,14,2.0,578,0.02422145328719723,69.96000000000186,effect_90-92
3238,230,Thalamus,VPM,6,0.08576329331046084,11,1.8333333333333333,264,0.041666666666666664,69.96000000000186,effect_90-92
3239,232,Thalamus,VPM,5,0.07146941109205071,8,1.6,128,0.0625,69.96000000000186,effect_90-92
3240,233,Thalamus,VPM,1,0.014293882218410141,2,2.0,553,0.003616636528028933,69.96000000000186,effect_90-92
3241,235,Thalamus,VPM,2,0.028587764436820283,3,1.5,192,0.015625,69.96000000000186,effect_90-92
3242,237,Thalamus,VPM,10,0.14293882218410142,23,2.3,954,0.02410901467505241,69.96000000000186,effect_90-92
3243,238,Thalamus,VPM,13,0.18582046883933184,46,3.5384615384615383,153,0.3006535947712418,69.96000000000186,effect_90-92
3244,239,Thalamus,VPM,8,0.11435105774728113,18,2.25,456,0.039473684210526314,69.96000000000186,effect_90-92
3245,240,Thalamus,VPM,6,0.08576329331046084,11,1.8333333333333333,657,0.0167427701674277,69.96000000000186,effect_90-92
3246,246,Thalamus,VPM,3,0.04288164665523042,8,2.6666666666666665,653,0.01225114854517611,69.96000000000186,effect_90-92
3247,247,Thalamus,VPM,3,0.04288164665523042,7,2.3333333333333335,506,0.01383399209486166,69.96000000000186,effect_90-92
3248,248,Thalamus,VPM,4,0.057175528873640566,15,3.75,622,0.024115755627009645,69.96000000000186,effect_90-92
3249,250,Thalamus,VPM,0,0.0,0,0.0,303,0.0,69.96000000000186,effect_90-92
3250,254,Thalamus,VPM,0,0.0,0,0.0,200,0.0,69.96000000000186,effect_90-92
3251,256,Thalamus,VPM,11,0.15723270440251155,26,2.3636363636363638,202,0.12871287128712872,69.96000000000186,effect_90-92
3252,258,Thalamus,VPM,6,0.08576329331046084,14,2.3333333333333335,906,0.01545253863134658,69.96000000000186,effect_90-92
3253,263,Thalamus,VPM,8,0.11435105774728113,21,2.625,1050,0.02,69.96000000000186,effect_90-92
3254,264,Thalamus,VPM,2,0.028587764436820283,4,2.0,987,0.004052684903748734,69.96000000000186,effect_90-92
3255,265,Thalamus,VPM,30,0.4288164665523042,61,2.033333333333333,413,0.14769975786924938,69.96000000000186,effect_90-92
3256,268,Thalamus,VPM,6,0.08576329331046084,12,2.0,413,0.029055690072639227,69.96000000000186,effect_90-92
3257,269,Thalamus,VPM,6,0.08576329331046084,14,2.3333333333333335,363,0.03856749311294766,69.96000000000186,effect_90-92
3258,270,Thalamus,VPM,6,0.08576329331046084,11,1.8333333333333333,632,0.01740506329113924,69.96000000000186,effect_90-92
3259,271,Thalamus,VPM,2,0.028587764436820283,3,1.5,506,0.005928853754940711,69.96000000000186,effect_90-92
3260,272,Thalamus,VPM,1,0.014293882218410141,2,2.0,519,0.0038535645472061657,69.96000000000186,effect_90-92
3261,274,Thalamus,VPM,8,0.11435105774728113,17,2.125,458,0.03711790393013101,69.96000000000186,effect_90-92
3262,276,Thalamus,VPM,0,0.0,0,0.0,125,0.0,69.96000000000186,effect_90-92
3263,278,Thalamus,VPM,5,0.07146941109205071,10,2.0,527,0.018975332068311195,69.96000000000186,effect_90-92
3264,279,Thalamus,VPM,2,0.028587764436820283,4,2.0,461,0.008676789587852495,69.96000000000186,effect_90-92
3265,280,Thalamus,VPM,12,0.17152658662092168,25,2.0833333333333335,789,0.031685678073510776,69.96000000000186,effect_90-92
3266,281,Thalamus,VPM,8,0.11435105774728113,17,2.125,287,0.059233449477351915,69.96000000000186,effect_90-92
3267,290,Thalamus,VPM,3,0.04288164665523042,6,2.0,321,0.018691588785046728,69.96000000000186,effect_90-92
3268,292,Thalamus,VPM,1,0.014293882218410141,2,2.0,272,0.007352941176470588,69.96000000000186,effect_90-92
3269,296,Other,or,4,0.057175528873640566,13,3.25,285,0.0456140350877193,69.96000000000186,effect_90-92
3270,303,Other,LGd-co,1,0.014293882218410141,7,7.0,372,0.01881720430107527,69.96000000000186,effect_90-92
3271,304,Other,LGd-co,7,0.10005717552887099,27,3.857142857142857,1618,0.01668726823238566,69.96000000000186,effect_90-92
3272,305,Other,LGd-co,0,0.0,0,0.0,384,0.0,69.96000000000186,effect_90-92
3273,307,Other,LGd-co,1,0.014293882218410141,4,4.0,664,0.006024096385542169,69.96000000000186,effect_90-92
3274,308,Other,LGd-co,5,0.07146941109205071,16,3.2,925,0.017297297297297298,69.96000000000186,effect_90-92
3275,309,Other,LGd-co,3,0.04288164665523042,9,3.0,430,0.020930232558139535,69.96000000000186,effect_90-92
3276,310,Other,LGd-co,2,0.028587764436820283,6,3.0,354,0.01694915254237288,69.96000000000186,effect_90-92
3277,311,Other,LGd-co,1,0.014293882218410141,4,4.0,585,0.006837606837606838,69.96000000000186,effect_90-92
3278,312,Other,LGd-co,9,0.12864493996569126,36,4.0,149,0.24161073825503357,69.96000000000186,effect_90-92
3279,313,Other,LGd-co,4,0.057175528873640566,15,3.75,107,0.14018691588785046,69.96000000000186,effect_90-92
3280,314,Other,LGd-co,13,0.18582046883933184,45,3.4615384615384617,589,0.07640067911714771,69.96000000000186,effect_90-92
3281,315,Other,LGd-co,4,0.057175528873640566,13,3.25,1236,0.010517799352750809,69.96000000000186,effect_90-92
3282,316,Other,LGd-co,22,0.3144654088050231,93,4.2272727272727275,612,0.15196078431372548,69.96000000000186,effect_90-92
3283,318,Other,LGd-co,8,0.11435105774728113,25,3.125,432,0.05787037037037037,69.96000000000186,effect_90-92
3284,319,Other,LGd-co,4,0.057175528873640566,14,3.5,1065,0.013145539906103286,69.96000000000186,effect_90-92
3285,320,Other,LGd-co,0,0.0,0,0.0,170,0.0,69.96000000000186,effect_90-92
3286,323,Other,LGd-co,2,0.028587764436820283,6,3.0,935,0.006417112299465241,69.96000000000186,effect_90-92
3287,328,Other,LGd-co,2,0.028587764436820283,6,3.0,1179,0.005089058524173028,69.96000000000186,effect_90-92
3288,329,Other,LGd-co,4,0.057175528873640566,14,3.5,1054,0.013282732447817837,69.96000000000186,effect_90-92
3289,331,Other,LGd-sh,6,0.08576329331046084,18,3.0,1299,0.013856812933025405,69.96000000000186,effect_90-92
3290,335,Other,LGd-sh,18,0.2572898799313825,62,3.4444444444444446,459,0.13507625272331156,69.96000000000186,effect_90-92
3291,336,Other,LGd-sh,9,0.12864493996569126,32,3.5555555555555554,778,0.04113110539845758,69.96000000000186,effect_90-92
3292,337,Other,LGd-sh,12,0.17152658662092168,44,3.6666666666666665,594,0.07407407407407407,69.96000000000186,effect_90-92
3293,339,Other,LGd-sh,0,0.0,0,0.0,13,0.0,69.96000000000186,effect_90-92
3294,349,Other,CA1,43,0.6146369353916361,149,3.4651162790697674,689,0.216255442670537,69.96000000000186,effect_90-92
3295,350,Other,CA1,19,0.2715837621497927,61,3.210526315789474,800,0.07625,69.96000000000186,effect_90-92
3296,356,Thalamus,VPM,5,0.07146941109205071,7,1.4,296,0.02364864864864865,69.96000000000186,effect_90-92
3297,357,Other,LGd-co,3,0.04288164665523042,10,3.3333333333333335,409,0.02444987775061125,69.96000000000186,effect_90-92
3298,358,Other,LGd-co,11,0.15723270440251155,43,3.909090909090909,310,0.13870967741935483,69.96000000000186,effect_90-92
3299,359,Other,LGd-sh,5,0.07146941109205071,16,3.2,599,0.02671118530884808,69.96000000000186,effect_90-92
3300,360,Other,LGd-sh,10,0.14293882218410142,35,3.5,580,0.0603448275862069,69.96000000000186,effect_90-92
3301,367,Other,MS,2,0.028587764436820283,6,3.0,2073,0.002894356005788712,69.96000000000186,effect_90-92
3302,370,Other,MS,1,0.014293882218410141,3,3.0,54,0.05555555555555555,69.96000000000186,effect_90-92
3303,374,Other,MS,0,0.0,0,0.0,3,0.0,69.96000000000186,effect_90-92
3304,377,Other,MS,0,0.0,0,0.0,245,0.0,69.96000000000186,effect_90-92
3305,382,Other,MS,0,0.0,0,0.0,14,0.0,69.96000000000186,effect_90-92
3306,384,STR,LSr,4,0.057175528873640566,13,3.25,828,0.01570048309178744,69.96000000000186,effect_90-92
3307,386,STR,LSr,1,0.014293882218410141,3,3.0,359,0.008356545961002786,69.96000000000186,effect_90-92
3308,387,STR,LSr,1,0.014293882218410141,3,3.0,380,0.007894736842105263,69.96000000000186,effect_90-92
3309,388,STR,LSr,0,0.0,0,0.0,335,0.0,69.96000000000186,effect_90-92
3310,389,STR,LSr,0,0.0,0,0.0,387,0.0,69.96000000000186,effect_90-92
3311,392,STR,LSr,0,0.0,0,0.0,170,0.0,69.96000000000186,effect_90-92
3312,393,STR,LSr,1,0.014293882218410141,3,3.0,943,0.003181336161187699,69.96000000000186,effect_90-92
3313,394,STR,LSr,1,0.014293882218410141,3,3.0,479,0.006263048016701462,69.96000000000186,effect_90-92
3314,398,STR,LSr,1,0.014293882218410141,3,3.0,602,0.0049833887043189366,69.96000000000186,effect_90-92
3315,399,STR,LSr,0,0.0,0,0.0,215,0.0,69.96000000000186,effect_90-92
3316,402,STR,LSr,1,0.014293882218410141,3,3.0,421,0.007125890736342043,69.96000000000186,effect_90-92
3317,404,STR,LSr,0,0.0,0,0.0,41,0.0,69.96000000000186,effect_90-92
3318,406,STR,LSr,0,0.0,0,0.0,96,0.0,69.96000000000186,effect_90-92
3319,410,STR,LSr,0,0.0,0,0.0,205,0.0,69.96000000000186,effect_90-92
3320,411,STR,LSr,0,0.0,0,0.0,148,0.0,69.96000000000186,effect_90-92
3321,423,Motor,MOs6a,2,0.028587764436820283,6,3.0,216,0.027777777777777776,69.96000000000186,effect_90-92
3322,425,Motor,MOs6a,0,0.0,0,0.0,217,0.0,69.96000000000186,effect_90-92
3323,426,Motor,MOs6a,0,0.0,0,0.0,5,0.0,69.96000000000186,effect_90-92
3324,427,Motor,MOs6a,2,0.028587764436820283,7,3.5,832,0.008413461538461538,69.96000000000186,effect_90-92
3325,429,Motor,MOs6a,5,0.07146941109205071,25,5.0,124,0.20161290322580644,69.96000000000186,effect_90-92
3326,431,Motor,MOs6a,2,0.028587764436820283,7,3.5,110,0.06363636363636363,69.96000000000186,effect_90-92
3327,432,Motor,MOs6a,4,0.057175528873640566,16,4.0,429,0.037296037296037296,69.96000000000186,effect_90-92
3328,438,Motor,MOs5,5,0.07146941109205071,18,3.6,494,0.03643724696356275,69.96000000000186,effect_90-92
3329,440,Motor,MOs5,1,0.014293882218410141,3,3.0,181,0.016574585635359115,69.96000000000186,effect_90-92
3330,443,Other,MS,0,0.0,0,0.0,357,0.0,69.96000000000186,effect_90-92
3331,444,Other,MS,0,0.0,0,0.0,30,0.0,69.96000000000186,effect_90-92
3332,445,STR,LSr,1,0.014293882218410141,3,3.0,504,0.005952380952380952,69.96000000000186,effect_90-92
3333,448,STR,LSr,0,0.0,0,0.0,129,0.0,69.96000000000186,effect_90-92
3334,449,STR,LSr,0,0.0,0,0.0,98,0.0,69.96000000000186,effect_90-92
3335,451,STR,LSr,0,0.0,0,0.0,84,0.0,69.96000000000186,effect_90-92
3336,453,Motor,MOs6a,1,0.014293882218410141,3,3.0,335,0.008955223880597015,69.96000000000186,effect_90-92
3337,455,Other,MS,0,0.0,0,0.0,15,0.0,69.96000000000186,effect_90-92
3338,457,Motor,MOs5,0,0.0,0,0.0,94,0.0,69.96000000000186,effect_90-92
