,unit_id,brain_area,location,total_spikes,firing_rate,rest_duration,bin
0,0,Thalamus,MD,487,2.181262462757177,223.2652000000121,baseline_0-5
1,1,Thalamus,MD,1030,4.613347713839614,223.2652000000121,baseline_0-5
2,5,Thalamus,MD,4526,20.271856070716595,223.2652000000121,baseline_0-5
3,6,Thalamus,MD,123,0.550914338642983,223.2652000000121,baseline_0-5
4,8,Thalamus,MD,7611,34.08950432042068,223.2652000000121,baseline_0-5
5,10,Thalamus,MD,22004,98.5554398983756,223.2652000000121,baseline_0-5
6,15,Thalamus,MD,1292,5.786840044932798,223.2652000000121,baseline_0-5
7,16,Thalamus,MD,88,0.3941500959396952,223.2652000000121,baseline_0-5
8,21,Thalamus,MD,854,3.8250475219602236,223.2652000000121,baseline_0-5
9,22,Thalamus,MD,2523,11.30046240972558,223.2652000000121,baseline_0-5
10,23,Thalamus,MD,1499,6.713988566063671,223.2652000000121,baseline_0-5
11,24,Thalamus,MD,406,1.818465215358139,223.2652000000121,baseline_0-5
12,26,Thalamus,MD,412,1.8453390855358456,223.2652000000121,baseline_0-5
13,28,Thalamus,MD,4140,18.54297042261748,223.2652000000121,baseline_0-5
14,29,Thalamus,MD,1323,5.925688374184281,223.2652000000121,baseline_0-5
15,30,Thalamus,MD,1921,8.604117435229028,223.2652000000121,baseline_0-5
16,38,Thalamus,MD,218,0.9764172831233358,223.2652000000121,baseline_0-5
17,39,Thalamus,MD,900,4.031080526655973,223.2652000000121,baseline_0-5
18,41,Thalamus,MD,14,0.06270569708131514,223.2652000000121,baseline_0-5
19,44,Thalamus,MD,307,1.375046357425982,223.2652000000121,baseline_0-5
20,45,Thalamus,MD,3778,16.921580255229188,223.2652000000121,baseline_0-5
21,46,Thalamus,MD,672,3.009873459903127,223.2652000000121,baseline_0-5
22,47,Thalamus,MD,602,2.696344974496551,223.2652000000121,baseline_0-5
23,48,Thalamus,MD,420,1.8811709124394542,223.2652000000121,baseline_0-5
24,50,Thalamus,MD,1266,5.670386607496069,223.2652000000121,baseline_0-5
25,51,Thalamus,MD,47,0.21051198305870084,223.2652000000121,baseline_0-5
26,52,Thalamus,MD,1172,5.249362641378667,223.2652000000121,baseline_0-5
27,53,Thalamus,MD,2719,12.17834216886399,223.2652000000121,baseline_0-5
28,54,Thalamus,MD,264,1.1824502878190855,223.2652000000121,baseline_0-5
29,58,Thalamus,MD,4296,19.241691047237847,223.2652000000121,baseline_0-5
30,59,Thalamus,MD,1129,5.056766571771771,223.2652000000121,baseline_0-5
31,60,Thalamus,MD,512,2.2932369218309536,223.2652000000121,baseline_0-5
32,61,Thalamus,MD,1948,8.725049851028707,223.2652000000121,baseline_0-5
33,64,Thalamus,MD,190,0.8510058889607055,223.2652000000121,baseline_0-5
34,65,Thalamus,MD,336,1.5049367299515635,223.2652000000121,baseline_0-5
35,67,Thalamus,MD,906,4.05795439683368,223.2652000000121,baseline_0-5
36,69,Thalamus,MD,416,1.86325499898765,223.2652000000121,baseline_0-5
37,71,Thalamus,MD,422,1.8901288691653564,223.2652000000121,baseline_0-5
38,73,Thalamus,MD,1015,4.546163038395347,223.2652000000121,baseline_0-5
39,74,Thalamus,MD,397,1.7781544100915794,223.2652000000121,baseline_0-5
40,76,Thalamus,MD,877,3.9280640243080986,223.2652000000121,baseline_0-5
41,79,Thalamus,MD,151,0.6763257328056133,223.2652000000121,baseline_0-5
42,80,Thalamus,MD,1563,7.00064318129254,223.2652000000121,baseline_0-5
43,81,Thalamus,MD,2941,13.172675365439131,223.2652000000121,baseline_0-5
44,82,Thalamus,MD,717,3.2114274862359253,223.2652000000121,baseline_0-5
45,83,Thalamus,MD,2877,12.886020750210262,223.2652000000121,baseline_0-5
46,84,Thalamus,MD,2788,12.487391675907615,223.2652000000121,baseline_0-5
47,86,Thalamus,MD,1334,5.974957136176743,223.2652000000121,baseline_0-5
48,100,Thalamus,LP,86,0.38519213921379303,223.2652000000121,baseline_0-5
49,102,Thalamus,LP,594,2.660513147592942,223.2652000000121,baseline_0-5
50,104,Thalamus,LP,538,2.4096903592676817,223.2652000000121,baseline_0-5
51,105,Thalamus,LP,1129,5.056766571771771,223.2652000000121,baseline_0-5
52,106,Thalamus,LP,99,0.4434188579321571,223.2652000000121,baseline_0-5
53,110,Thalamus,LP,895,4.008685634841218,223.2652000000121,baseline_0-5
54,111,Thalamus,LP,656,2.9382098060959096,223.2652000000121,baseline_0-5
55,112,Thalamus,LP,1555,6.964811354388932,223.2652000000121,baseline_0-5
56,114,Thalamus,LP,204,0.9137115860420206,223.2652000000121,baseline_0-5
57,117,Other,DG-mo,2871,12.859146880032554,223.2652000000121,baseline_0-5
58,118,Other,DG-mo,596,2.6694711043188444,223.2652000000121,baseline_0-5
59,120,Other,DG-mo,699,3.130805875702806,223.2652000000121,baseline_0-5
60,121,Other,DG-mo,4353,19.49699281392606,223.2652000000121,baseline_0-5
61,122,Other,DG-mo,2150,9.629803480344826,223.2652000000121,baseline_0-5
62,123,Other,DG-mo,293,1.3123406603446668,223.2652000000121,baseline_0-5
63,139,Other,DG-mo,31,0.13884832925148352,223.2652000000121,baseline_0-5
64,145,Other,DG-sg,230,1.0301650234787487,223.2652000000121,baseline_0-5
65,160,Other,DG-mo,78,0.3493603123101844,223.2652000000121,baseline_0-5
66,162,Other,DG-mo,2510,11.242235691007215,223.2652000000121,baseline_0-5
67,164,Other,DG-mo,1699,7.609784238653887,223.2652000000121,baseline_0-5
68,166,Other,DG-mo,1024,4.586473843661907,223.2652000000121,baseline_0-5
69,167,Other,DG-mo,99,0.4434188579321571,223.2652000000121,baseline_0-5
70,172,Other,DG-mo,2775,12.42916495718925,223.2652000000121,baseline_0-5
71,174,Other,DG-mo,907,4.062433375196631,223.2652000000121,baseline_0-5
72,179,Other,DG-mo,757,3.3905866207539685,223.2652000000121,baseline_0-5
73,180,Other,CA1,407,1.8229441937210902,223.2652000000121,baseline_0-5
74,183,Other,CA1,2919,13.074137841454206,223.2652000000121,baseline_0-5
75,190,Other,CA1,1330,5.957041222724938,223.2652000000121,baseline_0-5
76,192,Other,CA1,1633,7.314171666699116,223.2652000000121,baseline_0-5
77,193,Other,CA1,959,4.295340250070087,223.2652000000121,baseline_0-5
78,209,Other,CA1,563,2.521664818341459,223.2652000000121,baseline_0-5
79,210,Other,CA1,144,0.6449728842649557,223.2652000000121,baseline_0-5
80,211,Other,CA1,149,0.6673677760797111,223.2652000000121,baseline_0-5
81,212,Other,CA1,68,0.3045705286806735,223.2652000000121,baseline_0-5
82,217,Other,CA1,559,2.5037489048896546,223.2652000000121,baseline_0-5
83,221,Other,CA1,5,0.02239489181475541,223.2652000000121,baseline_0-5
84,226,Thalamus,MD,247,1.106307655648917,223.2652000000121,baseline_0-5
85,227,Thalamus,MD,188,0.8420479322348033,223.2652000000121,baseline_0-5
86,228,Thalamus,MD,995,4.456583471136326,223.2652000000121,baseline_0-5
87,230,Thalamus,MD,849,3.8026526301454684,223.2652000000121,baseline_0-5
88,231,Thalamus,MD,160,0.7166365380721731,223.2652000000121,baseline_0-5
89,239,Other,DG-mo,0,0.0,223.2652000000121,baseline_0-5
90,242,Other,DG-mo,1058,4.738759108002244,223.2652000000121,baseline_0-5
91,243,Other,DG-sg,8,0.03583182690360865,223.2652000000121,baseline_0-5
92,247,Other,DG-sg,42,0.18811709124394543,223.2652000000121,baseline_0-5
93,249,Other,DG-mo,2442,10.93766516232654,223.2652000000121,baseline_0-5
94,253,Other,CA1,34,0.15228526434033676,223.2652000000121,baseline_0-5
95,254,Thalamus,MD,54,0.2418648315993584,223.2652000000121,baseline_0-5
96,256,Other,DG-mo,27,0.1209324157996792,223.2652000000121,baseline_0-5
97,260,Other,DG-sg,4,0.017915913451804325,223.2652000000121,baseline_0-5
98,272,Other,scwm,6453,28.90284737612333,223.2652000000121,baseline_0-5
99,276,Somatosensory,SSp-tr6a,207,0.9271485211308739,223.2652000000121,baseline_0-5
100,277,Somatosensory,SSp-tr6a,3552,15.909331145202241,223.2652000000121,baseline_0-5
101,279,Somatosensory,SSp-tr6a,624,2.794882498481475,223.2652000000121,baseline_0-5
102,280,Somatosensory,SSp-tr6a,1907,8.541411738147712,223.2652000000121,baseline_0-5
103,281,Somatosensory,SSp-tr6a,41,0.18363811288099435,223.2652000000121,baseline_0-5
104,284,Somatosensory,SSp-tr6a,4686,20.988492608788768,223.2652000000121,baseline_0-5
105,285,Somatosensory,SSp-tr6a,225,1.0077701316639933,223.2652000000121,baseline_0-5
106,287,Somatosensory,SSp-tr6a,2228,9.97916379265501,223.2652000000121,baseline_0-5
107,288,Somatosensory,SSp-tr6a,4586,20.54059477249366,223.2652000000121,baseline_0-5
108,290,Somatosensory,SSp-tr6a,1974,8.841503288465434,223.2652000000121,baseline_0-5
109,291,Somatosensory,SSp-tr6a,21,0.09405854562197272,223.2652000000121,baseline_0-5
110,292,Somatosensory,SSp-tr6a,1749,7.833733156801442,223.2652000000121,baseline_0-5
111,300,Somatosensory,SSp-tr5,1188,5.321026295185884,223.2652000000121,baseline_0-5
112,310,Somatosensory,SSp-tr5,1124,5.034371679957015,223.2652000000121,baseline_0-5
113,318,Somatosensory,SSp-tr4,338,1.5138946866774656,223.2652000000121,baseline_0-5
114,321,Somatosensory,SSp-tr6a,2186,9.791046701411064,223.2652000000121,baseline_0-5
115,325,Somatosensory,SSp-tr4,4,0.017915913451804325,223.2652000000121,baseline_0-5
116,326,STR,LSr,0,0.0,223.2652000000121,baseline_0-5
117,327,STR,LSr,2152,9.638761437070727,223.2652000000121,baseline_0-5
118,329,STR,LSr,573,2.5664546019709698,223.2652000000121,baseline_0-5
119,330,STR,LSr,632,2.8307143253850837,223.2652000000121,baseline_0-5
120,331,STR,LSr,1183,5.29863140337113,223.2652000000121,baseline_0-5
121,332,STR,LSr,392,1.755759518276824,223.2652000000121,baseline_0-5
122,335,STR,LSr,3789,16.97084901722165,223.2652000000121,baseline_0-5
123,338,STR,LSr,220,0.9853752398492379,223.2652000000121,baseline_0-5
124,339,STR,LSr,1274,5.706218434399678,223.2652000000121,baseline_0-5
125,342,STR,LSr,1974,8.841503288465434,223.2652000000121,baseline_0-5
126,343,STR,LSr,199,0.8913166942272652,223.2652000000121,baseline_0-5
127,344,STR,LSr,1430,6.404939059020046,223.2652000000121,baseline_0-5
128,348,STR,LSr,424,1.8990868258912585,223.2652000000121,baseline_0-5
129,349,STR,LSr,1056,4.729801151276342,223.2652000000121,baseline_0-5
130,350,STR,LSr,1167,5.226967749563912,223.2652000000121,baseline_0-5
131,351,STR,LSr,343,1.536289578492221,223.2652000000121,baseline_0-5
132,353,STR,LSr,529,2.369379554001122,223.2652000000121,baseline_0-5
133,354,STR,LSr,254,1.1376605041895747,223.2652000000121,baseline_0-5
134,355,STR,LSr,427,1.9125237609801118,223.2652000000121,baseline_0-5
135,358,STR,LSr,241,1.0794337854712106,223.2652000000121,baseline_0-5
136,359,STR,LSr,2093,9.374501713656613,223.2652000000121,baseline_0-5
137,360,STR,LSr,73,0.3269654204954289,223.2652000000121,baseline_0-5
138,363,STR,LSr,1458,6.530350453182677,223.2652000000121,baseline_0-5
139,365,STR,LSr,404,1.809507258632237,223.2652000000121,baseline_0-5
140,366,STR,LSr,29,0.12989037252558136,223.2652000000121,baseline_0-5
141,367,STR,LSr,1644,7.363440428691578,223.2652000000121,baseline_0-5
142,370,STR,LSr,3418,15.309148044566797,223.2652000000121,baseline_0-5
143,371,STR,LSr,0,0.0,223.2652000000121,baseline_0-5
144,373,STR,LSr,683,3.0591422218955886,223.2652000000121,baseline_0-5
145,374,STR,LSr,1562,6.996164202929589,223.2652000000121,baseline_0-5
146,376,STR,LSr,565,2.530622775067361,223.2652000000121,baseline_0-5
147,377,STR,LSr,271,1.213803136359743,223.2652000000121,baseline_0-5
148,378,STR,LSr,1767,7.914354767334561,223.2652000000121,baseline_0-5
149,379,STR,LSr,6,0.02687387017770649,223.2652000000121,baseline_0-5
150,381,STR,LSr,39,0.1746801561550922,223.2652000000121,baseline_0-5
151,382,STR,LSr,220,0.9853752398492379,223.2652000000121,baseline_0-5
152,383,STR,LSr,1691,7.573952411750279,223.2652000000121,baseline_0-5
153,384,STR,LSr,2221,9.947810944114352,223.2652000000121,baseline_0-5
154,387,STR,LSr,1512,6.772215284782035,223.2652000000121,baseline_0-5
155,388,STR,STR,1004,4.496894276402886,223.2652000000121,baseline_0-5
156,390,STR,STR,17,0.07614263217016838,223.2652000000121,baseline_0-5
157,392,STR,STR,2230,9.988121749380912,223.2652000000121,baseline_0-5
158,393,STR,STR,375,1.6796168861066556,223.2652000000121,baseline_0-5
159,394,STR,STR,74,0.33144439885838,223.2652000000121,baseline_0-5
160,395,STR,STR,1113,4.985102917964554,223.2652000000121,baseline_0-5
161,396,STR,STR,1765,7.905396810608659,223.2652000000121,baseline_0-5
162,397,STR,STR,561,2.512706861615557,223.2652000000121,baseline_0-5
163,398,STR,STR,2052,9.19086360077562,223.2652000000121,baseline_0-5
164,399,STR,STR,958,4.290861271707136,223.2652000000121,baseline_0-5
165,400,Other,OLF,842,3.7712997816048106,223.2652000000121,baseline_0-5
166,401,STR,STR,65,0.2911335935918203,223.2652000000121,baseline_0-5
167,402,Other,OLF,1037,4.6447005623802715,223.2652000000121,baseline_0-5
168,403,Other,OLF,678,3.0367473300808334,223.2652000000121,baseline_0-5
169,405,Other,OLF,3659,16.388581830038007,223.2652000000121,baseline_0-5
170,407,Other,OLF,2106,9.432728432374978,223.2652000000121,baseline_0-5
171,408,Other,OLF,820,3.672762257619887,223.2652000000121,baseline_0-5
172,409,Other,OLF,200,0.8957956725902163,223.2652000000121,baseline_0-5
173,412,Other,OLF,26,0.11645343743672812,223.2652000000121,baseline_0-5
174,413,Other,OLF,1723,7.717279719364713,223.2652000000121,baseline_0-5
175,415,Other,OLF,1363,6.104847508702324,223.2652000000121,baseline_0-5
176,419,Other,OLF,1992,8.922124898998554,223.2652000000121,baseline_0-5
177,420,Other,OLF,2523,11.30046240972558,223.2652000000121,baseline_0-5
178,423,Other,OLF,1781,7.977060464415876,223.2652000000121,baseline_0-5
179,426,Other,OLF,62,0.27769665850296704,223.2652000000121,baseline_0-5
180,428,Other,OLF,846,3.789215695056615,223.2652000000121,baseline_0-5
181,430,Other,OLF,58,0.2597807450511627,223.2652000000121,baseline_0-5
182,432,Other,OLF,1615,7.2335500561659964,223.2652000000121,baseline_0-5
183,433,Other,OLF,155,0.6942416462574176,223.2652000000121,baseline_0-5
184,435,Other,OLF,164,0.7345524515239774,223.2652000000121,baseline_0-5
185,436,Other,OLF,651,2.915814914281154,223.2652000000121,baseline_0-5
186,437,Other,OLF,3,0.013436935088853245,223.2652000000121,baseline_0-5
187,439,Other,OLF,361,1.6169111890253405,223.2652000000121,baseline_0-5
188,441,Other,OLF,162,0.7255944947980753,223.2652000000121,baseline_0-5
189,443,Other,fa,3018,13.517556699386365,223.2652000000121,baseline_0-5
190,452,Other,fa,742,3.3234019453097026,223.2652000000121,baseline_0-5
191,456,Other,fa,0,0.0,223.2652000000121,baseline_0-5
192,458,Other,fa,58,0.2597807450511627,223.2652000000121,baseline_0-5
193,463,Other,fa,0,0.0,223.2652000000121,baseline_0-5
194,464,Other,fa,2332,10.444977542401922,223.2652000000121,baseline_0-5
195,469,Other,fa,28,0.12541139416263028,223.2652000000121,baseline_0-5
196,470,Other,fa,850,3.8071316085084193,223.2652000000121,baseline_0-5
197,471,Other,fa,0,0.0,223.2652000000121,baseline_0-5
198,473,Other,fa,336,1.5049367299515635,223.2652000000121,baseline_0-5
199,474,Other,fa,348,1.5586844703069764,223.2652000000121,baseline_0-5
200,477,Other,fa,859,3.847442413774979,223.2652000000121,baseline_0-5
201,478,Other,fa,606,2.714260887948355,223.2652000000121,baseline_0-5
202,482,Other,fa,889,3.9818117646635116,223.2652000000121,baseline_0-5
203,483,Other,fa,356,1.594516297210585,223.2652000000121,baseline_0-5
204,485,Other,fa,914,4.093786223737289,223.2652000000121,baseline_0-5
205,490,Other,fa,954,4.272945358255332,223.2652000000121,baseline_0-5
206,491,Other,fa,47,0.21051198305870084,223.2652000000121,baseline_0-5
207,493,Other,fa,684,3.06362120025854,223.2652000000121,baseline_0-5
208,498,Other,fa,99,0.4434188579321571,223.2652000000121,baseline_0-5
209,500,Other,fa,214,0.9585013696715314,223.2652000000121,baseline_0-5
210,501,Other,fa,219,0.9808962614862868,223.2652000000121,baseline_0-5
211,505,Other,fa,693,3.1039320055250994,223.2652000000121,baseline_0-5
212,510,Other,fa,1037,4.6447005623802715,223.2652000000121,baseline_0-5
213,513,Other,fa,6,0.02687387017770649,223.2652000000121,baseline_0-5
214,514,Other,fa,41,0.18363811288099435,223.2652000000121,baseline_0-5
215,515,Motor,MOs6b,35,0.15676424270328784,223.2652000000121,baseline_0-5
216,517,Motor,MOs6b,425,1.9035658042542096,223.2652000000121,baseline_0-5
217,518,Motor,MOs6b,1097,4.913439264157336,223.2652000000121,baseline_0-5
218,520,Motor,MOs6a,97,0.4344609012062549,223.2652000000121,baseline_0-5
219,521,Motor,MOs6a,57,0.25530176668821164,223.2652000000121,baseline_0-5
220,522,Motor,MOs6a,20,0.08957956725902164,223.2652000000121,baseline_0-5
221,523,Motor,MOs6a,1,0.004478978362951081,223.2652000000121,baseline_0-5
222,530,Motor,MOs6a,284,1.272029855078107,223.2652000000121,baseline_0-5
223,533,Motor,MOs6a,0,0.0,223.2652000000121,baseline_0-5
224,534,Motor,MOs6a,95,0.42550294448035275,223.2652000000121,baseline_0-5
225,535,Motor,MOs6a,241,1.0794337854712106,223.2652000000121,baseline_0-5
226,536,Motor,MOs6a,699,3.130805875702806,223.2652000000121,baseline_0-5
227,538,Motor,MOs6a,1012,4.532726103306494,223.2652000000121,baseline_0-5
228,541,Motor,MOs6a,31,0.13884832925148352,223.2652000000121,baseline_0-5
229,542,Motor,MOs6a,324,1.4511889895961505,223.2652000000121,baseline_0-5
230,544,Motor,MOs6a,695,3.1128899622510016,223.2652000000121,baseline_0-5
231,549,Motor,MOs6a,1581,7.08126479182566,223.2652000000121,baseline_0-5
232,550,Motor,MOs6a,0,0.0,223.2652000000121,baseline_0-5
233,551,Motor,MOs6a,14,0.06270569708131514,223.2652000000121,baseline_0-5
234,555,Motor,MOs6a,83,0.3717552041249398,223.2652000000121,baseline_0-5
235,557,Motor,MOs6a,145,0.6494518626279068,223.2652000000121,baseline_0-5
236,560,Motor,MOs6a,64,0.2866546152288692,223.2652000000121,baseline_0-5
237,568,Motor,MOs6a,1121,5.020934744868162,223.2652000000121,baseline_0-5
238,573,Motor,MOs5,167,0.7479893866128307,223.2652000000121,baseline_0-5
239,575,Motor,MOs5,1357,6.077973638524617,223.2652000000121,baseline_0-5
240,576,Motor,MOs5,7,0.03135284854065757,223.2652000000121,baseline_0-5
241,578,Motor,MOs5,1143,5.1194722688530865,223.2652000000121,baseline_0-5
242,579,Motor,MOs5,590,2.642597234141138,223.2652000000121,baseline_0-5
243,580,Motor,MOs5,840,3.7623418248789084,223.2652000000121,baseline_0-5
244,582,Motor,MOs5,610,2.7321768014001595,223.2652000000121,baseline_0-5
245,585,Motor,MOs5,246,1.101828677285966,223.2652000000121,baseline_0-5
246,586,Motor,MOs5,878,3.9325430026710495,223.2652000000121,baseline_0-5
247,587,Motor,MOs5,1086,4.864170502164875,223.2652000000121,baseline_0-5
248,588,Motor,MOs5,303,1.3571304439741776,223.2652000000121,baseline_0-5
249,589,Motor,MOs5,29,0.12989037252558136,223.2652000000121,baseline_0-5
250,590,Motor,MOs5,90,0.40310805266559735,223.2652000000121,baseline_0-5
251,591,Motor,MOs5,271,1.213803136359743,223.2652000000121,baseline_0-5
252,593,Motor,MOs5,2404,10.7674639845344,223.2652000000121,baseline_0-5
253,594,Motor,MOs5,403,1.8050282802692859,223.2652000000121,baseline_0-5
254,595,Motor,MOs5,466,2.087203917135204,223.2652000000121,baseline_0-5
255,597,Motor,MOs5,434,1.9438766095207693,223.2652000000121,baseline_0-5
256,599,Motor,MOs5,8,0.03583182690360865,223.2652000000121,baseline_0-5
257,601,Motor,MOs5,235,1.0525599152935041,223.2652000000121,baseline_0-5
258,602,Motor,MOs5,310,1.3884832925148352,223.2652000000121,baseline_0-5
259,603,Motor,MOs5,369,1.6527430159289491,223.2652000000121,baseline_0-5
260,605,Motor,MOs5,724,3.242780334776583,223.2652000000121,baseline_0-5
261,606,Motor,MOs5,337,1.5094157083145145,223.2652000000121,baseline_0-5
262,609,Motor,MOs5,530,2.373858532364073,223.2652000000121,baseline_0-5
263,610,Motor,MOs5,367,1.643785059203047,223.2652000000121,baseline_0-5
264,611,Motor,MOs5,655,2.9337308277329583,223.2652000000121,baseline_0-5
265,612,Motor,MOs5,551,2.467917077986046,223.2652000000121,baseline_0-5
266,613,Motor,MOs5,134,0.6001831006354449,223.2652000000121,baseline_0-5
267,614,Motor,MOs5,481,2.1543885925794704,223.2652000000121,baseline_0-5
268,615,Motor,MOs5,56,0.25082278832526056,223.2652000000121,baseline_0-5
269,617,Motor,MOs5,517,2.3156318136457092,223.2652000000121,baseline_0-5
270,618,Motor,MOs5,396,1.7736754317286283,223.2652000000121,baseline_0-5
271,620,Motor,MOs5,341,1.5273316217663189,223.2652000000121,baseline_0-5
272,622,Motor,MOs5,88,0.3941500959396952,223.2652000000121,baseline_0-5
273,624,Motor,MOs5,131,0.5867461655465916,223.2652000000121,baseline_0-5
274,625,Motor,MOs5,169,0.7569473433387328,223.2652000000121,baseline_0-5
275,628,Motor,MOs5,978,4.380440838966158,223.2652000000121,baseline_0-5
276,630,Motor,MOs5,0,0.0,223.2652000000121,baseline_0-5
277,631,Motor,MOs5,349,1.5631634486699275,223.2652000000121,baseline_0-5
278,632,Motor,MOs5,0,0.0,223.2652000000121,baseline_0-5
279,635,Motor,MOs5,299,1.3392145305223733,223.2652000000121,baseline_0-5
280,637,Motor,MOs5,291,1.3033827036187646,223.2652000000121,baseline_0-5
281,638,Motor,MOs5,394,1.7647174750027261,223.2652000000121,baseline_0-5
282,639,Motor,MOs5,285,1.2765088334410581,223.2652000000121,baseline_0-5
283,651,Motor,MOs5,67,0.30009155031772244,223.2652000000121,baseline_0-5
284,653,Motor,MOs5,63,0.2821756368659181,223.2652000000121,baseline_0-5
285,664,Motor,MOs2/3,594,2.660513147592942,223.2652000000121,baseline_0-5
286,680,STR,LSr,175,0.7838212135164393,223.2652000000121,baseline_0-5
287,681,STR,LSr,404,1.809507258632237,223.2652000000121,baseline_0-5
288,683,STR,LSr,442,1.979708436424378,223.2652000000121,baseline_0-5
289,686,STR,LSr,978,4.380440838966158,223.2652000000121,baseline_0-5
290,688,STR,LSr,211,0.9450644345826782,223.2652000000121,baseline_0-5
291,691,STR,LSr,427,1.9125237609801118,223.2652000000121,baseline_0-5
292,692,STR,LSr,586,2.6246813206893336,223.2652000000121,baseline_0-5
293,693,STR,LSr,986,4.416272665869767,223.2652000000121,baseline_0-5
294,694,STR,LSr,305,1.3660884007000798,223.2652000000121,baseline_0-5
295,698,STR,LSr,656,2.9382098060959096,223.2652000000121,baseline_0-5
296,699,STR,LSr,117,0.5240404684652765,223.2652000000121,baseline_0-5
297,700,STR,LSr,137,0.6136200357242981,223.2652000000121,baseline_0-5
298,701,STR,LSr,504,2.257405094927345,223.2652000000121,baseline_0-5
299,703,STR,LSr,647,2.8978990008293497,223.2652000000121,baseline_0-5
300,706,STR,LSr,3091,13.844522119881793,223.2652000000121,baseline_0-5
301,707,STR,LSr,1709,7.6545740222833984,223.2652000000121,baseline_0-5
302,708,STR,LSr,15,0.06718467544426622,223.2652000000121,baseline_0-5
303,709,STR,STR,161,0.7211155164351242,223.2652000000121,baseline_0-5
304,711,STR,STR,389,1.7423225831879707,223.2652000000121,baseline_0-5
305,712,Other,OLF,33,0.14780628597738568,223.2652000000121,baseline_0-5
306,713,Other,OLF,241,1.0794337854712106,223.2652000000121,baseline_0-5
307,714,Other,OLF,250,1.1197445907377703,223.2652000000121,baseline_0-5
308,715,Other,OLF,351,1.5721214053958297,223.2652000000121,baseline_0-5
309,716,Other,OLF,3,0.013436935088853245,223.2652000000121,baseline_0-5
310,717,Other,OLF,607,2.7187398663113065,223.2652000000121,baseline_0-5
311,718,Other,OLF,20,0.08957956725902164,223.2652000000121,baseline_0-5
312,719,Other,OLF,172,0.7703842784275861,223.2652000000121,baseline_0-5
313,722,Other,OLF,182,0.8151740620570969,223.2652000000121,baseline_0-5
314,726,Other,fa,154,0.6897626678944665,223.2652000000121,baseline_0-5
315,731,Other,fa,391,1.751280539913873,223.2652000000121,baseline_0-5
316,732,Other,fa,703,3.14872178915461,223.2652000000121,baseline_0-5
317,733,Other,fa,99,0.4434188579321571,223.2652000000121,baseline_0-5
318,735,Other,fa,14,0.06270569708131514,223.2652000000121,baseline_0-5
319,737,Motor,MOs6a,4,0.017915913451804325,223.2652000000121,baseline_0-5
320,738,Motor,MOs6a,257,1.151097439278428,223.2652000000121,baseline_0-5
321,739,Motor,MOs6a,14,0.06270569708131514,223.2652000000121,baseline_0-5
322,741,Motor,MOs6a,54,0.2418648315993584,223.2652000000121,baseline_0-5
323,743,Motor,MOs6a,0,0.0,223.2652000000121,baseline_0-5
324,745,Motor,MOs6a,12,0.05374774035541298,223.2652000000121,baseline_0-5
325,747,Motor,MOs6a,0,0.0,223.2652000000121,baseline_0-5
326,748,Motor,MOs6a,397,1.7781544100915794,223.2652000000121,baseline_0-5
327,750,Motor,MOs6a,45,0.20155402633279867,223.2652000000121,baseline_0-5
328,755,Motor,MOs6a,617,2.7635296499408173,223.2652000000121,baseline_0-5
329,757,Motor,MOs6a,6,0.02687387017770649,223.2652000000121,baseline_0-5
330,761,Motor,MOs5,8,0.03583182690360865,223.2652000000121,baseline_0-5
331,762,Motor,MOs5,668,2.9919575464513226,223.2652000000121,baseline_0-5
332,763,Motor,MOs5,268,1.2003662012708898,223.2652000000121,baseline_0-5
333,764,Motor,MOs5,2,0.008957956725902163,223.2652000000121,baseline_0-5
334,766,Motor,MOs5,29,0.12989037252558136,223.2652000000121,baseline_0-5
335,767,Motor,MOs5,51,0.22842789651050516,223.2652000000121,baseline_0-5
336,768,Motor,MOs5,377,1.6885748428325578,223.2652000000121,baseline_0-5
337,770,Motor,MOs5,6,0.02687387017770649,223.2652000000121,baseline_0-5
338,774,Motor,MOs5,196,0.877879759138412,223.2652000000121,baseline_0-5
339,775,Motor,MOs5,126,0.5643512737318362,223.2652000000121,baseline_0-5
340,776,Motor,MOs5,135,0.604662078998396,223.2652000000121,baseline_0-5
341,779,Motor,MOs5,29,0.12989037252558136,223.2652000000121,baseline_0-5
342,780,Motor,MOs5,0,0.0,223.2652000000121,baseline_0-5
343,781,Motor,MOs5,404,1.809507258632237,223.2652000000121,baseline_0-5
344,787,Motor,MOs5,23,0.10301650234787488,223.2652000000121,baseline_0-5
345,789,Motor,MOs5,2,0.008957956725902163,223.2652000000121,baseline_0-5
346,790,Motor,MOs5,34,0.15228526434033676,223.2652000000121,baseline_0-5
347,794,Motor,MOs2/3,39,0.1746801561550922,223.2652000000121,baseline_0-5
348,818,STR,LSr,96,0.42998192284330383,223.2652000000121,baseline_0-5
349,821,STR,LSr,79,0.35383929067313546,223.2652000000121,baseline_0-5
350,823,Other,OLF,551,2.467917077986046,223.2652000000121,baseline_0-5
351,826,Motor,MOs6a,0,0.0,223.2652000000121,baseline_0-5
352,828,Motor,MOs6a,168,0.7524683649757817,223.2652000000121,baseline_0-5
353,829,Motor,MOs6a,19,0.08510058889607054,223.2652000000121,baseline_0-5
354,830,Motor,MOs5,0,0.0,223.2652000000121,baseline_0-5
355,831,Motor,MOs5,709,3.1755956593323167,223.2652000000121,baseline_0-5
356,836,Motor,MOs5,443,1.984187414787329,223.2652000000121,baseline_0-5
357,837,Motor,MOs5,484,2.1678255276683234,223.2652000000121,baseline_0-5
358,843,STR,LSr,30,0.13436935088853244,223.2652000000121,baseline_0-5
359,844,Motor,MOs6a,91,0.40758703102854843,223.2652000000121,baseline_0-5
360,846,Motor,MOs5,113,0.5061245550134722,223.2652000000121,baseline_0-5
361,850,STR,LSr,79,0.35383929067313546,223.2652000000121,baseline_0-5
362,854,Motor,MOs6a,2,0.008957956725902163,223.2652000000121,baseline_0-5
363,857,Motor,MOs5,121,0.5419563819170808,223.2652000000121,baseline_0-5
364,861,Other,fa,14,0.06270569708131514,223.2652000000121,baseline_0-5
365,862,Motor,MOs5,495,2.2170942896607855,223.2652000000121,baseline_0-5
366,864,Other,fa,4,0.017915913451804325,223.2652000000121,baseline_0-5
367,0,Thalamus,MD,329,1.9556314189959345,168.23211000001015,baseline_5-10
368,1,Thalamus,MD,698,4.1490295758637155,168.23211000001015,baseline_5-10
369,5,Thalamus,MD,2752,16.358351565583014,168.23211000001015,baseline_5-10
370,6,Thalamus,MD,159,0.9451227830405884,168.23211000001015,baseline_5-10
371,8,Thalamus,MD,5818,34.58317202346002,168.23211000001015,baseline_5-10
372,10,Thalamus,MD,15481,92.02167172485126,168.23211000001015,baseline_5-10
373,15,Thalamus,MD,1115,6.627747818177712,168.23211000001015,baseline_5-10
374,16,Thalamus,MD,147,0.8737927616790345,168.23211000001015,baseline_5-10
375,21,Thalamus,MD,542,3.221739298163515,168.23211000001015,baseline_5-10
376,22,Thalamus,MD,1925,11.442524260082596,168.23211000001015,baseline_5-10
377,23,Thalamus,MD,1118,6.645580323518099,168.23211000001015,baseline_5-10
378,24,Thalamus,MD,339,2.0150731034638962,168.23211000001015,baseline_5-10
379,26,Thalamus,MD,311,1.8486363869536038,168.23211000001015,baseline_5-10
380,28,Thalamus,MD,3249,19.3126032836407,168.23211000001015,baseline_5-10
381,29,Thalamus,MD,1471,8.743871785237141,168.23211000001015,baseline_5-10
382,30,Thalamus,MD,1331,7.9116882026856805,168.23211000001015,baseline_5-10
383,38,Thalamus,MD,147,0.8737927616790345,168.23211000001015,baseline_5-10
384,39,Thalamus,MD,717,4.261968776352842,168.23211000001015,baseline_5-10
385,41,Thalamus,MD,20,0.11888336893592306,168.23211000001015,baseline_5-10
386,44,Thalamus,MD,277,1.6465346597625345,168.23211000001015,baseline_5-10
387,45,Thalamus,MD,2497,14.842588611649996,168.23211000001015,baseline_5-10
388,46,Thalamus,MD,380,2.2587840097825382,168.23211000001015,baseline_5-10
389,47,Thalamus,MD,637,3.78643530060915,168.23211000001015,baseline_5-10
390,48,Thalamus,MD,400,2.3776673787184612,168.23211000001015,baseline_5-10
391,50,Thalamus,MD,897,5.33191909677615,168.23211000001015,baseline_5-10
392,51,Thalamus,MD,87,0.5171426548712653,168.23211000001015,baseline_5-10
393,52,Thalamus,MD,343,2.0388497772510807,168.23211000001015,baseline_5-10
394,53,Thalamus,MD,2092,12.435200390697553,168.23211000001015,baseline_5-10
395,54,Thalamus,MD,244,1.4503771010182616,168.23211000001015,baseline_5-10
396,58,Thalamus,MD,3524,20.947249606509644,168.23211000001015,baseline_5-10
397,59,Thalamus,MD,669,3.9766486909066265,168.23211000001015,baseline_5-10
398,60,Thalamus,MD,346,2.0566822825914692,168.23211000001015,baseline_5-10
399,61,Thalamus,MD,1560,9.272902777001999,168.23211000001015,baseline_5-10
400,64,Thalamus,MD,141,0.8381277509982576,168.23211000001015,baseline_5-10
401,65,Thalamus,MD,272,1.6168138175285538,168.23211000001015,baseline_5-10
402,67,Thalamus,MD,796,4.731558083649738,168.23211000001015,baseline_5-10
403,69,Thalamus,MD,328,1.9496872505491383,168.23211000001015,baseline_5-10
404,71,Thalamus,MD,252,1.4979304485926308,168.23211000001015,baseline_5-10
405,73,Thalamus,MD,778,4.624563051607407,168.23211000001015,baseline_5-10
406,74,Thalamus,MD,303,1.8010830393792345,168.23211000001015,baseline_5-10
407,76,Thalamus,MD,583,3.4654502044821576,168.23211000001015,baseline_5-10
408,79,Thalamus,MD,130,0.7727418980834999,168.23211000001015,baseline_5-10
409,80,Thalamus,MD,1629,9.683050399830934,168.23211000001015,baseline_5-10
410,81,Thalamus,MD,1954,11.614905145039684,168.23211000001015,baseline_5-10
411,82,Thalamus,MD,615,3.6556635947796345,168.23211000001015,baseline_5-10
412,83,Thalamus,MD,2202,13.08905891984513,168.23211000001015,baseline_5-10
413,84,Thalamus,MD,2429,14.438385157267858,168.23211000001015,baseline_5-10
414,86,Thalamus,MD,875,5.201147390946634,168.23211000001015,baseline_5-10
415,100,Thalamus,LP,76,0.4517568019565077,168.23211000001015,baseline_5-10
416,102,Thalamus,LP,195,1.1591128471252499,168.23211000001015,baseline_5-10
417,104,Thalamus,LP,333,1.9794080927831192,168.23211000001015,baseline_5-10
418,105,Thalamus,LP,825,4.903938968606827,168.23211000001015,baseline_5-10
419,106,Thalamus,LP,207,1.2304428684868038,168.23211000001015,baseline_5-10
420,110,Thalamus,LP,625,3.715105279247596,168.23211000001015,baseline_5-10
421,111,Thalamus,LP,490,2.912642538930115,168.23211000001015,baseline_5-10
422,112,Thalamus,LP,1164,6.919012072070723,168.23211000001015,baseline_5-10
423,114,Thalamus,LP,122,0.7251885505091308,168.23211000001015,baseline_5-10
424,117,Other,DG-mo,2129,12.65513462322901,168.23211000001015,baseline_5-10
425,118,Other,DG-mo,685,4.071755386055365,168.23211000001015,baseline_5-10
426,120,Other,DG-mo,652,3.875597827311092,168.23211000001015,baseline_5-10
427,121,Other,DG-mo,3516,20.899696258935275,168.23211000001015,baseline_5-10
428,122,Other,DG-mo,1578,9.37989780904433,168.23211000001015,baseline_5-10
429,123,Other,DG-mo,275,1.6346463228689423,168.23211000001015,baseline_5-10
430,139,Other,DG-mo,55,0.32692926457378846,168.23211000001015,baseline_5-10
431,145,Other,DG-sg,136,0.8084069087642769,168.23211000001015,baseline_5-10
432,160,Other,DG-mo,56,0.3328734330205846,168.23211000001015,baseline_5-10
433,162,Other,DG-mo,1677,9.96837048527715,168.23211000001015,baseline_5-10
434,164,Other,DG-mo,1237,7.352936368686842,168.23211000001015,baseline_5-10
435,166,Other,DG-mo,840,4.993101495308769,168.23211000001015,baseline_5-10
436,167,Other,DG-mo,80,0.47553347574369226,168.23211000001015,baseline_5-10
437,172,Other,DG-mo,2097,12.464921232931534,168.23211000001015,baseline_5-10
438,174,Other,DG-mo,683,4.059867049161773,168.23211000001015,baseline_5-10
439,179,Other,DG-mo,712,4.2322479341188615,168.23211000001015,baseline_5-10
440,180,Other,CA1,129,0.7667977296367038,168.23211000001015,baseline_5-10
441,183,Other,CA1,1593,9.469060335746272,168.23211000001015,baseline_5-10
442,190,Other,CA1,883,5.248700738521004,168.23211000001015,baseline_5-10
443,192,Other,CA1,1176,6.990342093432276,168.23211000001015,baseline_5-10
444,193,Other,CA1,895,5.320030759882558,168.23211000001015,baseline_5-10
445,209,Other,CA1,193,1.1472245102316576,168.23211000001015,baseline_5-10
446,210,Other,CA1,238,1.4147120903374846,168.23211000001015,baseline_5-10
447,211,Other,CA1,221,1.3136612267419499,168.23211000001015,baseline_5-10
448,212,Other,CA1,105,0.6241376869135962,168.23211000001015,baseline_5-10
449,217,Other,CA1,661,3.9290953433322575,168.23211000001015,baseline_5-10
450,221,Other,CA1,7,0.04160917912757307,168.23211000001015,baseline_5-10
451,226,Thalamus,MD,210,1.2482753738271923,168.23211000001015,baseline_5-10
452,227,Thalamus,MD,112,0.6657468660411692,168.23211000001015,baseline_5-10
453,228,Thalamus,MD,340,2.0210172719106922,168.23211000001015,baseline_5-10
454,230,Thalamus,MD,706,4.1965829234380845,168.23211000001015,baseline_5-10
455,231,Thalamus,MD,124,0.737076887402723,168.23211000001015,baseline_5-10
456,239,Other,DG-mo,1,0.005944168446796154,168.23211000001015,baseline_5-10
457,242,Other,DG-mo,1136,6.75257535556043,168.23211000001015,baseline_5-10
458,243,Other,DG-sg,2,0.011888336893592307,168.23211000001015,baseline_5-10
459,247,Other,DG-sg,27,0.16049254806349614,168.23211000001015,baseline_5-10
460,249,Other,DG-mo,1931,11.478189270763373,168.23211000001015,baseline_5-10
461,253,Other,CA1,12,0.07133002136155384,168.23211000001015,baseline_5-10
462,254,Thalamus,MD,66,0.39231511748854614,168.23211000001015,baseline_5-10
463,256,Other,DG-mo,20,0.11888336893592306,168.23211000001015,baseline_5-10
464,260,Other,DG-sg,0,0.0,168.23211000001015,baseline_5-10
465,272,Other,scwm,4809,28.585506060642704,168.23211000001015,baseline_5-10
466,276,Somatosensory,SSp-tr6a,93,0.5528076655520423,168.23211000001015,baseline_5-10
467,277,Somatosensory,SSp-tr6a,2501,14.86636528543718,168.23211000001015,baseline_5-10
468,279,Somatosensory,SSp-tr6a,1178,7.002230430325869,168.23211000001015,baseline_5-10
469,280,Somatosensory,SSp-tr6a,1217,7.234052999750919,168.23211000001015,baseline_5-10
470,281,Somatosensory,SSp-tr6a,662,3.9350395117790535,168.23211000001015,baseline_5-10
471,284,Somatosensory,SSp-tr6a,2960,17.594738602516614,168.23211000001015,baseline_5-10
472,285,Somatosensory,SSp-tr6a,445,2.645154958824288,168.23211000001015,baseline_5-10
473,287,Somatosensory,SSp-tr6a,3265,19.40770997878944,168.23211000001015,baseline_5-10
474,288,Somatosensory,SSp-tr6a,3330,19.794080927831192,168.23211000001015,baseline_5-10
475,290,Somatosensory,SSp-tr6a,821,4.880162294819642,168.23211000001015,baseline_5-10
476,291,Somatosensory,SSp-tr6a,11,0.0653858529147577,168.23211000001015,baseline_5-10
477,292,Somatosensory,SSp-tr6a,1033,6.140326005540427,168.23211000001015,baseline_5-10
478,300,Somatosensory,SSp-tr5,964,5.730178382711492,168.23211000001015,baseline_5-10
479,310,Somatosensory,SSp-tr5,973,5.783675898732658,168.23211000001015,baseline_5-10
480,318,Somatosensory,SSp-tr4,304,1.8070272078260308,168.23211000001015,baseline_5-10
481,321,Somatosensory,SSp-tr6a,1769,10.515233982382396,168.23211000001015,baseline_5-10
482,325,Somatosensory,SSp-tr4,5,0.029720842233980766,168.23211000001015,baseline_5-10
483,326,STR,LSr,0,0.0,168.23211000001015,baseline_5-10
484,327,STR,LSr,1628,9.677106231384139,168.23211000001015,baseline_5-10
485,329,STR,LSr,79,0.46958930729689613,168.23211000001015,baseline_5-10
486,330,STR,LSr,562,3.340622667099438,168.23211000001015,baseline_5-10
487,331,STR,LSr,833,4.951492316181196,168.23211000001015,baseline_5-10
488,332,STR,LSr,358,2.1280123039530228,168.23211000001015,baseline_5-10
489,335,STR,LSr,3016,17.927612035537198,168.23211000001015,baseline_5-10
490,338,STR,LSr,165,0.9807877937213654,168.23211000001015,baseline_5-10
491,339,STR,LSr,999,5.938224278349358,168.23211000001015,baseline_5-10
492,342,STR,LSr,1495,8.88653182796025,168.23211000001015,baseline_5-10
493,343,STR,LSr,140,0.8321835825514615,168.23211000001015,baseline_5-10
494,344,STR,LSr,1204,7.156778809942569,168.23211000001015,baseline_5-10
495,348,STR,LSr,295,1.7535296918048653,168.23211000001015,baseline_5-10
496,349,STR,LSr,757,4.499735514224688,168.23211000001015,baseline_5-10
497,350,STR,LSr,920,5.468634971052461,168.23211000001015,baseline_5-10
498,351,STR,LSr,211,1.2542195422739884,168.23211000001015,baseline_5-10
499,353,STR,LSr,486,2.8888658651429306,168.23211000001015,baseline_5-10
500,354,STR,LSr,264,1.5692604699541846,168.23211000001015,baseline_5-10
501,355,STR,LSr,391,2.324169862697296,168.23211000001015,baseline_5-10
502,358,STR,LSr,233,1.3849912481035038,168.23211000001015,baseline_5-10
503,359,STR,LSr,1630,9.68899456827773,168.23211000001015,baseline_5-10
504,360,STR,LSr,55,0.32692926457378846,168.23211000001015,baseline_5-10
505,363,STR,LSr,1084,6.44347859632703,168.23211000001015,baseline_5-10
506,365,STR,LSr,250,1.4860421116990383,168.23211000001015,baseline_5-10
507,366,STR,LSr,27,0.16049254806349614,168.23211000001015,baseline_5-10
508,367,STR,LSr,1186,7.049783777900238,168.23211000001015,baseline_5-10
509,370,STR,LSr,2585,15.365675434968058,168.23211000001015,baseline_5-10
510,371,STR,LSr,0,0.0,168.23211000001015,baseline_5-10
511,373,STR,LSr,265,1.5752046384009808,168.23211000001015,baseline_5-10
512,374,STR,LSr,1264,7.513428916750338,168.23211000001015,baseline_5-10
513,376,STR,LSr,386,2.2944490204633152,168.23211000001015,baseline_5-10
514,377,STR,LSr,226,1.3433820689759306,168.23211000001015,baseline_5-10
515,378,STR,LSr,1426,8.476384205131316,168.23211000001015,baseline_5-10
516,379,STR,LSr,342,2.0329056088042847,168.23211000001015,baseline_5-10
517,381,STR,LSr,21,0.12482753738271922,168.23211000001015,baseline_5-10
518,382,STR,LSr,219,1.3017728898483576,168.23211000001015,baseline_5-10
519,383,STR,LSr,1392,8.274282477940245,168.23211000001015,baseline_5-10
520,384,STR,LSr,1629,9.683050399830934,168.23211000001015,baseline_5-10
521,387,STR,LSr,1467,8.720095111449957,168.23211000001015,baseline_5-10
522,388,STR,STR,721,4.285745450140027,168.23211000001015,baseline_5-10
523,390,STR,STR,10,0.05944168446796153,168.23211000001015,baseline_5-10
524,392,STR,STR,1819,10.812442404722203,168.23211000001015,baseline_5-10
525,393,STR,STR,358,2.1280123039530228,168.23211000001015,baseline_5-10
526,394,STR,STR,112,0.6657468660411692,168.23211000001015,baseline_5-10
527,395,STR,STR,848,5.040654842883138,168.23211000001015,baseline_5-10
528,396,STR,STR,1470,8.737927616790346,168.23211000001015,baseline_5-10
529,397,STR,STR,541,3.215795129716719,168.23211000001015,baseline_5-10
530,398,STR,STR,1637,9.730603747405304,168.23211000001015,baseline_5-10
531,399,STR,STR,585,3.47733854137575,168.23211000001015,baseline_5-10
532,400,Other,OLF,599,3.560556899630896,168.23211000001015,baseline_5-10
533,401,STR,STR,116,0.6895235398283538,168.23211000001015,baseline_5-10
534,402,Other,OLF,832,4.945548147734399,168.23211000001015,baseline_5-10
535,403,Other,OLF,380,2.2587840097825382,168.23211000001015,baseline_5-10
536,405,Other,OLF,2849,16.93493590492224,168.23211000001015,baseline_5-10
537,407,Other,OLF,1762,10.473624803254822,168.23211000001015,baseline_5-10
538,408,Other,OLF,614,3.649719426332838,168.23211000001015,baseline_5-10
539,409,Other,OLF,100,0.5944168446796153,168.23211000001015,baseline_5-10
540,412,Other,OLF,37,0.2199342325314577,168.23211000001015,baseline_5-10
541,413,Other,OLF,1260,7.489652242963153,168.23211000001015,baseline_5-10
542,415,Other,OLF,917,5.450802465712073,168.23211000001015,baseline_5-10
543,419,Other,OLF,1772,10.533066487722785,168.23211000001015,baseline_5-10
544,420,Other,OLF,1893,11.252310869785118,168.23211000001015,baseline_5-10
545,423,Other,OLF,1593,9.469060335746272,168.23211000001015,baseline_5-10
546,426,Other,OLF,59,0.3507059383609731,168.23211000001015,baseline_5-10
547,428,Other,OLF,663,3.94098368022585,168.23211000001015,baseline_5-10
548,430,Other,OLF,57,0.33881760146738077,168.23211000001015,baseline_5-10
549,432,Other,OLF,1944,11.555463460571723,168.23211000001015,baseline_5-10
550,433,Other,OLF,86,0.5111984864244692,168.23211000001015,baseline_5-10
551,435,Other,OLF,337,2.0031847665703038,168.23211000001015,baseline_5-10
552,436,Other,OLF,552,3.2811809826314766,168.23211000001015,baseline_5-10
553,437,Other,OLF,3,0.01783250534038846,168.23211000001015,baseline_5-10
554,439,Other,OLF,289,1.7178646811240883,168.23211000001015,baseline_5-10
555,441,Other,OLF,119,0.7073560451687423,168.23211000001015,baseline_5-10
556,443,Other,fa,1337,7.9473532133664575,168.23211000001015,baseline_5-10
557,452,Other,fa,583,3.4654502044821576,168.23211000001015,baseline_5-10
558,456,Other,fa,10,0.05944168446796153,168.23211000001015,baseline_5-10
559,458,Other,fa,40,0.23776673787184613,168.23211000001015,baseline_5-10
560,463,Other,fa,0,0.0,168.23211000001015,baseline_5-10
561,464,Other,fa,1705,10.134807201787442,168.23211000001015,baseline_5-10
562,469,Other,fa,9,0.053497516021165384,168.23211000001015,baseline_5-10
563,470,Other,fa,651,3.869653658864296,168.23211000001015,baseline_5-10
564,471,Other,fa,17,0.10105086359553461,168.23211000001015,baseline_5-10
565,473,Other,fa,222,1.319605395188746,168.23211000001015,baseline_5-10
566,474,Other,fa,48,0.28532008544621534,168.23211000001015,baseline_5-10
567,477,Other,fa,309,1.8367480500600115,168.23211000001015,baseline_5-10
568,478,Other,fa,402,2.3895557156120537,168.23211000001015,baseline_5-10
569,482,Other,fa,646,3.839932816630315,168.23211000001015,baseline_5-10
570,483,Other,fa,350,2.0804589563786537,168.23211000001015,baseline_5-10
571,485,Other,fa,661,3.9290953433322575,168.23211000001015,baseline_5-10
572,490,Other,fa,685,4.071755386055365,168.23211000001015,baseline_5-10
573,491,Other,fa,43,0.2555992432122346,168.23211000001015,baseline_5-10
574,493,Other,fa,519,3.0850234238872036,168.23211000001015,baseline_5-10
575,498,Other,fa,336,1.9972405981235075,168.23211000001015,baseline_5-10
576,500,Other,fa,291,1.7297530180176808,168.23211000001015,baseline_5-10
577,501,Other,fa,216,1.283940384507969,168.23211000001015,baseline_5-10
578,505,Other,fa,560,3.328734330205846,168.23211000001015,baseline_5-10
579,510,Other,fa,717,4.261968776352842,168.23211000001015,baseline_5-10
580,513,Other,fa,13,0.07727418980834999,168.23211000001015,baseline_5-10
581,514,Other,fa,22,0.1307717058295154,168.23211000001015,baseline_5-10
582,515,Motor,MOs6b,25,0.14860421116990383,168.23211000001015,baseline_5-10
583,517,Motor,MOs6b,1517,9.017303533789764,168.23211000001015,baseline_5-10
584,518,Motor,MOs6b,592,3.518947720503323,168.23211000001015,baseline_5-10
585,520,Motor,MOs6a,68,0.40420345438213845,168.23211000001015,baseline_5-10
586,521,Motor,MOs6a,9,0.053497516021165384,168.23211000001015,baseline_5-10
587,522,Motor,MOs6a,12,0.07133002136155384,168.23211000001015,baseline_5-10
588,523,Motor,MOs6a,1,0.005944168446796154,168.23211000001015,baseline_5-10
589,530,Motor,MOs6a,163,0.968899456827773,168.23211000001015,baseline_5-10
590,533,Motor,MOs6a,0,0.0,168.23211000001015,baseline_5-10
591,534,Motor,MOs6a,17,0.10105086359553461,168.23211000001015,baseline_5-10
592,535,Motor,MOs6a,76,0.4517568019565077,168.23211000001015,baseline_5-10
593,536,Motor,MOs6a,677,4.024202038480996,168.23211000001015,baseline_5-10
594,538,Motor,MOs6a,1025,6.092772657966058,168.23211000001015,baseline_5-10
595,541,Motor,MOs6a,19,0.11293920048912692,168.23211000001015,baseline_5-10
596,542,Motor,MOs6a,303,1.8010830393792345,168.23211000001015,baseline_5-10
597,544,Motor,MOs6a,467,2.7759266646538037,168.23211000001015,baseline_5-10
598,549,Motor,MOs6a,1156,6.871458724496353,168.23211000001015,baseline_5-10
599,550,Motor,MOs6a,0,0.0,168.23211000001015,baseline_5-10
600,551,Motor,MOs6a,4,0.023776673787184614,168.23211000001015,baseline_5-10
601,555,Motor,MOs6a,812,4.826664778798476,168.23211000001015,baseline_5-10
602,557,Motor,MOs6a,87,0.5171426548712653,168.23211000001015,baseline_5-10
603,560,Motor,MOs6a,44,0.2615434116590308,168.23211000001015,baseline_5-10
604,568,Motor,MOs6a,992,5.896615099221784,168.23211000001015,baseline_5-10
605,573,Motor,MOs5,117,0.6954677082751499,168.23211000001015,baseline_5-10
606,575,Motor,MOs5,1170,6.9546770827515,168.23211000001015,baseline_5-10
607,576,Motor,MOs5,8,0.04755334757436923,168.23211000001015,baseline_5-10
608,578,Motor,MOs5,939,5.581574171541588,168.23211000001015,baseline_5-10
609,579,Motor,MOs5,395,2.3479465364844807,168.23211000001015,baseline_5-10
610,580,Motor,MOs5,731,4.345187134607988,168.23211000001015,baseline_5-10
611,582,Motor,MOs5,880,5.230868233180615,168.23211000001015,baseline_5-10
612,585,Motor,MOs5,162,0.9629552883809769,168.23211000001015,baseline_5-10
613,586,Motor,MOs5,1038,6.170046847774407,168.23211000001015,baseline_5-10
614,587,Motor,MOs5,688,4.0895878913957535,168.23211000001015,baseline_5-10
615,588,Motor,MOs5,187,1.1115594995508806,168.23211000001015,baseline_5-10
616,589,Motor,MOs5,28,0.1664367165102923,168.23211000001015,baseline_5-10
617,590,Motor,MOs5,75,0.4458126335097115,168.23211000001015,baseline_5-10
618,591,Motor,MOs5,204,1.2126103631464153,168.23211000001015,baseline_5-10
619,593,Motor,MOs5,1802,10.71139154112667,168.23211000001015,baseline_5-10
620,594,Motor,MOs5,216,1.283940384507969,168.23211000001015,baseline_5-10
621,595,Motor,MOs5,316,1.8783572291875845,168.23211000001015,baseline_5-10
622,597,Motor,MOs5,259,1.5395396277202038,168.23211000001015,baseline_5-10
623,599,Motor,MOs5,34,0.20210172719106922,168.23211000001015,baseline_5-10
624,601,Motor,MOs5,124,0.737076887402723,168.23211000001015,baseline_5-10
625,602,Motor,MOs5,239,1.4206562587842806,168.23211000001015,baseline_5-10
626,603,Motor,MOs5,350,2.0804589563786537,168.23211000001015,baseline_5-10
627,605,Motor,MOs5,506,3.0077492340788536,168.23211000001015,baseline_5-10
628,606,Motor,MOs5,218,1.2958287214015616,168.23211000001015,baseline_5-10
629,609,Motor,MOs5,331,1.9675197558895268,168.23211000001015,baseline_5-10
630,610,Motor,MOs5,137,0.814351077211073,168.23211000001015,baseline_5-10
631,611,Motor,MOs5,510,3.031525907866038,168.23211000001015,baseline_5-10
632,612,Motor,MOs5,471,2.799703338440988,168.23211000001015,baseline_5-10
633,613,Motor,MOs5,114,0.6776352029347615,168.23211000001015,baseline_5-10
634,614,Motor,MOs5,853,5.070375685117119,168.23211000001015,baseline_5-10
635,615,Motor,MOs5,54,0.3209850961269923,168.23211000001015,baseline_5-10
636,617,Motor,MOs5,366,2.1755656515273922,168.23211000001015,baseline_5-10
637,618,Motor,MOs5,315,1.8724130607407883,168.23211000001015,baseline_5-10
638,620,Motor,MOs5,317,1.8843013976343808,168.23211000001015,baseline_5-10
639,622,Motor,MOs5,108,0.6419701922539846,168.23211000001015,baseline_5-10
640,624,Motor,MOs5,86,0.5111984864244692,168.23211000001015,baseline_5-10
641,625,Motor,MOs5,331,1.9675197558895268,168.23211000001015,baseline_5-10
642,628,Motor,MOs5,511,3.0374700763128346,168.23211000001015,baseline_5-10
643,630,Motor,MOs5,19,0.11293920048912692,168.23211000001015,baseline_5-10
644,631,Motor,MOs5,330,1.9615755874427308,168.23211000001015,baseline_5-10
645,632,Motor,MOs5,0,0.0,168.23211000001015,baseline_5-10
646,635,Motor,MOs5,231,1.3731029112099116,168.23211000001015,baseline_5-10
647,637,Motor,MOs5,381,2.2647281782293347,168.23211000001015,baseline_5-10
648,638,Motor,MOs5,290,1.7238088495708845,168.23211000001015,baseline_5-10
649,639,Motor,MOs5,254,1.509818785486223,168.23211000001015,baseline_5-10
650,651,Motor,MOs5,78,0.4636451388501,168.23211000001015,baseline_5-10
651,653,Motor,MOs5,69,0.4101476228289346,168.23211000001015,baseline_5-10
652,664,Motor,MOs2/3,478,2.841312517568561,168.23211000001015,baseline_5-10
653,680,STR,LSr,46,0.2734317485526231,168.23211000001015,baseline_5-10
654,681,STR,LSr,192,1.1412803417848614,168.23211000001015,baseline_5-10
655,683,STR,LSr,354,2.1042356301658383,168.23211000001015,baseline_5-10
656,686,STR,LSr,687,4.083643722948957,168.23211000001015,baseline_5-10
657,688,STR,LSr,189,1.123447836444473,168.23211000001015,baseline_5-10
658,691,STR,LSr,346,2.0566822825914692,168.23211000001015,baseline_5-10
659,692,STR,LSr,428,2.5441040952287537,168.23211000001015,baseline_5-10
660,693,STR,LSr,639,3.798323637502742,168.23211000001015,baseline_5-10
661,694,STR,LSr,236,1.4028237534438923,168.23211000001015,baseline_5-10
662,698,STR,LSr,444,2.639210790377492,168.23211000001015,baseline_5-10
663,699,STR,LSr,89,0.5290309917648577,168.23211000001015,baseline_5-10
664,700,STR,LSr,100,0.5944168446796153,168.23211000001015,baseline_5-10
665,701,STR,LSr,451,2.680819969505065,168.23211000001015,baseline_5-10
666,703,STR,LSr,485,2.8829216966961346,168.23211000001015,baseline_5-10
667,706,STR,LSr,2442,14.515659347076207,168.23211000001015,baseline_5-10
668,707,STR,LSr,1318,7.83441401287733,168.23211000001015,baseline_5-10
669,708,STR,LSr,6,0.03566501068077692,168.23211000001015,baseline_5-10
670,709,STR,STR,114,0.6776352029347615,168.23211000001015,baseline_5-10
671,711,STR,STR,390,2.3182256942504997,168.23211000001015,baseline_5-10
672,712,Other,OLF,23,0.13671587427631154,168.23211000001015,baseline_5-10
673,713,Other,OLF,248,1.474153774805446,168.23211000001015,baseline_5-10
674,714,Other,OLF,299,1.77730636559205,168.23211000001015,baseline_5-10
675,715,Other,OLF,357,2.1220681355062267,168.23211000001015,baseline_5-10
676,716,Other,OLF,1,0.005944168446796154,168.23211000001015,baseline_5-10
677,717,Other,OLF,465,2.764038327760211,168.23211000001015,baseline_5-10
678,718,Other,OLF,7,0.04160917912757307,168.23211000001015,baseline_5-10
679,719,Other,OLF,100,0.5944168446796153,168.23211000001015,baseline_5-10
680,722,Other,OLF,94,0.5587518339988384,168.23211000001015,baseline_5-10
681,726,Other,fa,85,0.5052543179776731,168.23211000001015,baseline_5-10
682,731,Other,fa,357,2.1220681355062267,168.23211000001015,baseline_5-10
683,732,Other,fa,714,4.2441362710124535,168.23211000001015,baseline_5-10
684,733,Other,fa,98,0.582528507786023,168.23211000001015,baseline_5-10
685,735,Other,fa,16,0.09510669514873846,168.23211000001015,baseline_5-10
686,737,Motor,MOs6a,1,0.005944168446796154,168.23211000001015,baseline_5-10
687,738,Motor,MOs6a,155,0.9213461092534038,168.23211000001015,baseline_5-10
688,739,Motor,MOs6a,9,0.053497516021165384,168.23211000001015,baseline_5-10
689,741,Motor,MOs6a,35,0.20804589563786538,168.23211000001015,baseline_5-10
690,743,Motor,MOs6a,0,0.0,168.23211000001015,baseline_5-10
691,745,Motor,MOs6a,11,0.0653858529147577,168.23211000001015,baseline_5-10
692,747,Motor,MOs6a,0,0.0,168.23211000001015,baseline_5-10
693,748,Motor,MOs6a,210,1.2482753738271923,168.23211000001015,baseline_5-10
694,750,Motor,MOs6a,37,0.2199342325314577,168.23211000001015,baseline_5-10
695,755,Motor,MOs6a,426,2.532215758335161,168.23211000001015,baseline_5-10
696,757,Motor,MOs6a,0,0.0,168.23211000001015,baseline_5-10
697,761,Motor,MOs5,7,0.04160917912757307,168.23211000001015,baseline_5-10
698,762,Motor,MOs5,598,3.5546127311841,168.23211000001015,baseline_5-10
699,763,Motor,MOs5,430,2.555992432122346,168.23211000001015,baseline_5-10
700,764,Motor,MOs5,1,0.005944168446796154,168.23211000001015,baseline_5-10
701,766,Motor,MOs5,31,0.18426922185068076,168.23211000001015,baseline_5-10
702,767,Motor,MOs5,42,0.24965507476543844,168.23211000001015,baseline_5-10
703,768,Motor,MOs5,410,2.437109063186423,168.23211000001015,baseline_5-10
704,770,Motor,MOs5,4,0.023776673787184614,168.23211000001015,baseline_5-10
705,774,Motor,MOs5,149,0.8856810985726269,168.23211000001015,baseline_5-10
706,775,Motor,MOs5,85,0.5052543179776731,168.23211000001015,baseline_5-10
707,776,Motor,MOs5,304,1.8070272078260308,168.23211000001015,baseline_5-10
708,779,Motor,MOs5,11,0.0653858529147577,168.23211000001015,baseline_5-10
709,780,Motor,MOs5,0,0.0,168.23211000001015,baseline_5-10
710,781,Motor,MOs5,143,0.85001608789185,168.23211000001015,baseline_5-10
711,787,Motor,MOs5,8,0.04755334757436923,168.23211000001015,baseline_5-10
712,789,Motor,MOs5,1,0.005944168446796154,168.23211000001015,baseline_5-10
713,790,Motor,MOs5,33,0.19615755874427307,168.23211000001015,baseline_5-10
714,794,Motor,MOs2/3,63,0.3744826121481577,168.23211000001015,baseline_5-10
715,818,STR,LSr,79,0.46958930729689613,168.23211000001015,baseline_5-10
716,821,STR,LSr,42,0.24965507476543844,168.23211000001015,baseline_5-10
717,823,Other,OLF,638,3.792379469055946,168.23211000001015,baseline_5-10
718,826,Motor,MOs6a,0,0.0,168.23211000001015,baseline_5-10
719,828,Motor,MOs6a,99,0.5884726762328192,168.23211000001015,baseline_5-10
720,829,Motor,MOs6a,24,0.14266004272310767,168.23211000001015,baseline_5-10
721,830,Motor,MOs5,3,0.01783250534038846,168.23211000001015,baseline_5-10
722,831,Motor,MOs5,503,2.989916728738465,168.23211000001015,baseline_5-10
723,836,Motor,MOs5,298,1.7713621971452538,168.23211000001015,baseline_5-10
724,837,Motor,MOs5,292,1.7356971864644768,168.23211000001015,baseline_5-10
725,843,STR,LSr,32,0.19021339029747691,168.23211000001015,baseline_5-10
726,844,Motor,MOs6a,26,0.15454837961669998,168.23211000001015,baseline_5-10
727,846,Motor,MOs5,78,0.4636451388501,168.23211000001015,baseline_5-10
728,850,STR,LSr,62,0.3685384437013615,168.23211000001015,baseline_5-10
729,854,Motor,MOs6a,2,0.011888336893592307,168.23211000001015,baseline_5-10
730,857,Motor,MOs5,166,0.9867319621681615,168.23211000001015,baseline_5-10
731,861,Other,fa,9,0.053497516021165384,168.23211000001015,baseline_5-10
732,862,Motor,MOs5,272,1.6168138175285538,168.23211000001015,baseline_5-10
733,864,Other,fa,3,0.01783250534038846,168.23211000001015,baseline_5-10
734,0,Thalamus,MD,672,3.4262988833936734,196.12999999999965,effect_0-5
735,1,Thalamus,MD,1145,5.837964615306185,196.12999999999965,effect_0-5
736,5,Thalamus,MD,2182,11.1252740529241,196.12999999999965,effect_0-5
737,6,Thalamus,MD,549,2.7991638199153672,196.12999999999965,effect_0-5
738,8,Thalamus,MD,4286,21.85285269974001,196.12999999999965,effect_0-5
739,10,Thalamus,MD,14911,76.0261051343498,196.12999999999965,effect_0-5
740,15,Thalamus,MD,1618,8.249630347218696,196.12999999999965,effect_0-5
741,16,Thalamus,MD,258,1.3154540355886426,196.12999999999965,effect_0-5
742,21,Thalamus,MD,2120,10.809157191658613,196.12999999999965,effect_0-5
743,22,Thalamus,MD,2114,10.778565237342598,196.12999999999965,effect_0-5
744,23,Thalamus,MD,1385,7.0616427879467825,196.12999999999965,effect_0-5
745,24,Thalamus,MD,431,2.197522051700407,196.12999999999965,effect_0-5
746,26,Thalamus,MD,722,3.6812318360271314,196.12999999999965,effect_0-5
747,28,Thalamus,MD,4170,21.261408249630385,196.12999999999965,effect_0-5
748,29,Thalamus,MD,1470,7.495028807423661,196.12999999999965,effect_0-5
749,30,Thalamus,MD,1260,6.424310406363138,196.12999999999965,effect_0-5
750,38,Thalamus,MD,412,2.1006475296996925,196.12999999999965,effect_0-5
751,39,Thalamus,MD,1877,9.570183041860007,196.12999999999965,effect_0-5
752,41,Thalamus,MD,79,0.4027940651608634,196.12999999999965,effect_0-5
753,44,Thalamus,MD,425,2.166930097384392,196.12999999999965,effect_0-5
754,45,Thalamus,MD,3212,16.376892877173333,196.12999999999965,effect_0-5
755,46,Thalamus,MD,1242,6.332534543415093,196.12999999999965,effect_0-5
756,47,Thalamus,MD,1487,7.581706011319037,196.12999999999965,effect_0-5
757,48,Thalamus,MD,930,4.741752918982316,196.12999999999965,effect_0-5
758,50,Thalamus,MD,1627,8.295518278692718,196.12999999999965,effect_0-5
759,51,Thalamus,MD,399,2.0343649620149935,196.12999999999965,effect_0-5
760,52,Thalamus,MD,1520,7.7499617600571185,196.12999999999965,effect_0-5
761,53,Thalamus,MD,1339,6.8271044715240015,196.12999999999965,effect_0-5
762,54,Thalamus,MD,343,1.7488400550655208,196.12999999999965,effect_0-5
763,58,Thalamus,MD,4006,20.425228164992642,196.12999999999965,effect_0-5
764,59,Thalamus,MD,1517,7.734665782899111,196.12999999999965,effect_0-5
765,60,Thalamus,MD,758,3.864783561923221,196.12999999999965,effect_0-5
766,61,Thalamus,MD,2466,12.57329322388214,196.12999999999965,effect_0-5
767,64,Thalamus,MD,325,1.657064192117476,196.12999999999965,effect_0-5
768,65,Thalamus,MD,427,2.17712741548973,196.12999999999965,effect_0-5
769,67,Thalamus,MD,1574,8.025289348901254,196.12999999999965,effect_0-5
770,69,Thalamus,MD,520,2.651302707387962,196.12999999999965,effect_0-5
771,71,Thalamus,MD,473,2.411665731912511,196.12999999999965,effect_0-5
772,73,Thalamus,MD,1141,5.817569979095508,196.12999999999965,effect_0-5
773,74,Thalamus,MD,520,2.651302707387962,196.12999999999965,effect_0-5
774,76,Thalamus,MD,341,1.7386427369601825,196.12999999999965,effect_0-5
775,79,Thalamus,MD,572,2.9164329781267577,196.12999999999965,effect_0-5
776,80,Thalamus,MD,831,4.2369856727680695,196.12999999999965,effect_0-5
777,81,Thalamus,MD,1621,8.264926324376704,196.12999999999965,effect_0-5
778,82,Thalamus,MD,666,3.3957069290776585,196.12999999999965,effect_0-5
779,83,Thalamus,MD,2551,13.00667924335902,196.12999999999965,effect_0-5
780,84,Thalamus,MD,3040,15.499923520114237,196.12999999999965,effect_0-5
781,86,Thalamus,MD,1246,6.35292917962577,196.12999999999965,effect_0-5
782,100,Thalamus,LP,244,1.2440728088512742,196.12999999999965,effect_0-5
783,102,Thalamus,LP,413,2.1057461887523616,196.12999999999965,effect_0-5
784,104,Thalamus,LP,608,3.0999847040228476,196.12999999999965,effect_0-5
785,105,Thalamus,LP,1135,5.7869780247794935,196.12999999999965,effect_0-5
786,106,Thalamus,LP,1045,5.328098710039269,196.12999999999965,effect_0-5
787,110,Thalamus,LP,860,4.384846785295475,196.12999999999965,effect_0-5
788,111,Thalamus,LP,930,4.741752918982316,196.12999999999965,effect_0-5
789,112,Thalamus,LP,1904,9.707846836282075,196.12999999999965,effect_0-5
790,114,Thalamus,LP,219,1.1166063325345454,196.12999999999965,effect_0-5
791,117,Other,DG-mo,2508,12.787436904094246,196.12999999999965,effect_0-5
792,118,Other,DG-mo,510,2.6003161168612703,196.12999999999965,effect_0-5
793,120,Other,DG-mo,602,3.0693927497068327,196.12999999999965,effect_0-5
794,121,Other,DG-mo,4389,22.37801458216493,196.12999999999965,effect_0-5
795,122,Other,DG-mo,2263,11.538265436190303,196.12999999999965,effect_0-5
796,123,Other,DG-mo,324,1.6519655330648069,196.12999999999965,effect_0-5
797,139,Other,DG-mo,201,1.0248304695865005,196.12999999999965,effect_0-5
798,145,Other,DG-sg,503,2.564625503492586,196.12999999999965,effect_0-5
799,160,Other,DG-mo,263,1.3409473308519884,196.12999999999965,effect_0-5
800,162,Other,DG-mo,2020,10.299291286391696,196.12999999999965,effect_0-5
801,164,Other,DG-mo,1821,9.284658134910535,196.12999999999965,effect_0-5
802,166,Other,DG-mo,1518,7.73976444195178,196.12999999999965,effect_0-5
803,167,Other,DG-mo,209,1.065619742007854,196.12999999999965,effect_0-5
804,172,Other,DG-mo,2582,13.164737673991763,196.12999999999965,effect_0-5
805,174,Other,DG-mo,1755,8.94814663743437,196.12999999999965,effect_0-5
806,179,Other,DG-mo,1802,9.18778361290982,196.12999999999965,effect_0-5
807,180,Other,CA1,214,1.0911130372711997,196.12999999999965,effect_0-5
808,183,Other,CA1,1841,9.386631315963918,196.12999999999965,effect_0-5
809,190,Other,CA1,508,2.5901187987559315,196.12999999999965,effect_0-5
810,192,Other,CA1,420,2.141436802121046,196.12999999999965,effect_0-5
811,193,Other,CA1,1510,7.698975169530427,196.12999999999965,effect_0-5
812,209,Other,CA1,389,1.983378371488302,196.12999999999965,effect_0-5
813,210,Other,CA1,322,1.6417682149594686,196.12999999999965,effect_0-5
814,211,Other,CA1,11,0.05608524957936073,196.12999999999965,effect_0-5
815,212,Other,CA1,365,1.8610105542242423,196.12999999999965,effect_0-5
816,217,Other,CA1,302,1.5397950339060855,196.12999999999965,effect_0-5
817,221,Other,CA1,39,0.19884770305409713,196.12999999999965,effect_0-5
818,226,Thalamus,MD,355,1.8100239636975508,196.12999999999965,effect_0-5
819,227,Thalamus,MD,188,0.9585479019018015,196.12999999999965,effect_0-5
820,228,Thalamus,MD,388,1.9782797124356328,196.12999999999965,effect_0-5
821,230,Thalamus,MD,1016,5.180237597511863,196.12999999999965,effect_0-5
822,231,Thalamus,MD,107,0.5455565186355998,196.12999999999965,effect_0-5
823,239,Other,DG-mo,6,0.03059195431601494,196.12999999999965,effect_0-5
824,242,Other,DG-mo,973,4.96099525824709,196.12999999999965,effect_0-5
825,243,Other,DG-sg,6,0.03059195431601494,196.12999999999965,effect_0-5
826,247,Other,DG-sg,74,0.3773007698975176,196.12999999999965,effect_0-5
827,249,Other,DG-mo,1617,8.244531688166028,196.12999999999965,effect_0-5
828,253,Other,CA1,20,0.10197318105338314,196.12999999999965,effect_0-5
829,254,Thalamus,MD,678,3.4568908377096883,196.12999999999965,effect_0-5
830,256,Other,DG-mo,17,0.08667720389537567,196.12999999999965,effect_0-5
831,260,Other,DG-sg,1,0.005098659052669157,196.12999999999965,effect_0-5
832,272,Other,scwm,6741,34.37006067404279,196.12999999999965,effect_0-5
833,276,Somatosensory,SSp-tr6a,1507,7.68367919237242,196.12999999999965,effect_0-5
834,277,Somatosensory,SSp-tr6a,2113,10.773466578289929,196.12999999999965,effect_0-5
835,279,Somatosensory,SSp-tr6a,490,2.498342935807887,196.12999999999965,effect_0-5
836,280,Somatosensory,SSp-tr6a,957,4.8794167134043835,196.12999999999965,effect_0-5
837,281,Somatosensory,SSp-tr6a,1563,7.969204099321892,196.12999999999965,effect_0-5
838,284,Somatosensory,SSp-tr6a,5144,26.227502166930144,196.12999999999965,effect_0-5
839,285,Somatosensory,SSp-tr6a,219,1.1166063325345454,196.12999999999965,effect_0-5
840,287,Somatosensory,SSp-tr6a,1882,9.595676337123354,196.12999999999965,effect_0-5
841,288,Somatosensory,SSp-tr6a,2834,14.44959975526439,196.12999999999965,effect_0-5
842,290,Somatosensory,SSp-tr6a,118,0.6016417682149605,196.12999999999965,effect_0-5
843,291,Somatosensory,SSp-tr6a,523,2.6665986845459693,196.12999999999965,effect_0-5
844,292,Somatosensory,SSp-tr6a,996,5.07826441645848,196.12999999999965,effect_0-5
845,300,Somatosensory,SSp-tr5,1306,6.658848722785919,196.12999999999965,effect_0-5
846,310,Somatosensory,SSp-tr5,1293,6.59256615510122,196.12999999999965,effect_0-5
847,318,Somatosensory,SSp-tr4,334,1.7029521235914984,196.12999999999965,effect_0-5
848,321,Somatosensory,SSp-tr6a,2544,12.970988629990336,196.12999999999965,effect_0-5
849,325,Somatosensory,SSp-tr4,8,0.04078927242135326,196.12999999999965,effect_0-5
850,326,STR,LSr,5,0.025493295263345785,196.12999999999965,effect_0-5
851,327,STR,LSr,1847,9.417223270279933,196.12999999999965,effect_0-5
852,329,STR,LSr,301,1.5346963748534164,196.12999999999965,effect_0-5
853,330,STR,LSr,673,3.4313975424463425,196.12999999999965,effect_0-5
854,331,STR,LSr,743,3.7883036761331836,196.12999999999965,effect_0-5
855,332,STR,LSr,280,1.427624534747364,196.12999999999965,effect_0-5
856,335,STR,LSr,3705,18.890531790139228,196.12999999999965,effect_0-5
857,338,STR,LSr,259,1.3205526946413118,196.12999999999965,effect_0-5
858,339,STR,LSr,1404,7.158517309947497,196.12999999999965,effect_0-5
859,342,STR,LSr,2435,12.415234793249397,196.12999999999965,effect_0-5
860,343,STR,LSr,152,0.7749961760057119,196.12999999999965,effect_0-5
861,344,STR,LSr,1187,6.052108295518289,196.12999999999965,effect_0-5
862,348,STR,LSr,236,1.203283536429921,196.12999999999965,effect_0-5
863,349,STR,LSr,850,4.333860194768784,196.12999999999965,effect_0-5
864,350,STR,LSr,1041,5.307704073828592,196.12999999999965,effect_0-5
865,351,STR,LSr,159,0.810686789374396,196.12999999999965,effect_0-5
866,353,STR,LSr,642,3.273339111813599,196.12999999999965,effect_0-5
867,354,STR,LSr,490,2.498342935807887,196.12999999999965,effect_0-5
868,355,STR,LSr,502,2.5595268444399166,196.12999999999965,effect_0-5
869,358,STR,LSr,310,1.5805843063274387,196.12999999999965,effect_0-5
870,359,STR,LSr,1896,9.667057563860721,196.12999999999965,effect_0-5
871,360,STR,LSr,14,0.0713812267373682,196.12999999999965,effect_0-5
872,363,STR,LSr,1703,8.683016366695574,196.12999999999965,effect_0-5
873,365,STR,LSr,661,3.3702136338143127,196.12999999999965,effect_0-5
874,366,STR,LSr,57,0.29062356600214195,196.12999999999965,effect_0-5
875,367,STR,LSr,1253,6.3886197929944535,196.12999999999965,effect_0-5
876,370,STR,LSr,3055,15.576403405904275,196.12999999999965,effect_0-5
877,371,STR,LSr,786,4.007546015397957,196.12999999999965,effect_0-5
878,373,STR,LSr,5,0.025493295263345785,196.12999999999965,effect_0-5
879,374,STR,LSr,1490,7.597001988477044,196.12999999999965,effect_0-5
880,376,STR,LSr,1209,6.164278794677011,196.12999999999965,effect_0-5
881,377,STR,LSr,278,1.4174272166420256,196.12999999999965,effect_0-5
882,378,STR,LSr,1415,7.214602559526857,196.12999999999965,effect_0-5
883,379,STR,LSr,663,3.380410951919651,196.12999999999965,effect_0-5
884,381,STR,LSr,36,0.18355172589608965,196.12999999999965,effect_0-5
885,382,STR,LSr,186,0.9483505837964632,196.12999999999965,effect_0-5
886,383,STR,LSr,1545,7.877428236373848,196.12999999999965,effect_0-5
887,384,STR,LSr,1804,9.19798093101516,196.12999999999965,effect_0-5
888,387,STR,LSr,2240,11.420996277978912,196.12999999999965,effect_0-5
889,388,STR,STR,538,2.7430785703360065,196.12999999999965,effect_0-5
890,390,STR,STR,53,0.27022892979146534,196.12999999999965,effect_0-5
891,392,STR,STR,2186,11.145668689134776,196.12999999999965,effect_0-5
892,393,STR,STR,273,1.3919339213786799,196.12999999999965,effect_0-5
893,394,STR,STR,208,1.0605210829551845,196.12999999999965,effect_0-5
894,395,STR,STR,941,4.797838168561677,196.12999999999965,effect_0-5
895,396,STR,STR,1589,8.101769234691291,196.12999999999965,effect_0-5
896,397,STR,STR,1585,8.081374598480615,196.12999999999965,effect_0-5
897,398,STR,STR,430,2.1924233926477377,196.12999999999965,effect_0-5
898,399,STR,STR,392,1.9986743486463094,196.12999999999965,effect_0-5
899,400,Other,OLF,584,2.9776168867587876,196.12999999999965,effect_0-5
900,401,STR,STR,154,0.7851934941110502,196.12999999999965,effect_0-5
901,402,Other,OLF,1369,6.980064243104076,196.12999999999965,effect_0-5
902,403,Other,OLF,688,3.50787742823638,196.12999999999965,effect_0-5
903,405,Other,OLF,3405,17.36093407433848,196.12999999999965,effect_0-5
904,407,Other,OLF,1056,5.38418395961863,196.12999999999965,effect_0-5
905,408,Other,OLF,1193,6.082700249834304,196.12999999999965,effect_0-5
906,409,Other,OLF,202,1.0299291286391696,196.12999999999965,effect_0-5
907,412,Other,OLF,213,1.0860143782185305,196.12999999999965,effect_0-5
908,413,Other,OLF,1538,7.841737623005163,196.12999999999965,effect_0-5
909,415,Other,OLF,780,3.9769540610819423,196.12999999999965,effect_0-5
910,419,Other,OLF,2315,11.803395706929098,196.12999999999965,effect_0-5
911,420,Other,OLF,2280,11.624942640085678,196.12999999999965,effect_0-5
912,423,Other,OLF,2397,12.22148574924797,196.12999999999965,effect_0-5
913,426,Other,OLF,140,0.713812267373682,196.12999999999965,effect_0-5
914,428,Other,OLF,750,3.8239942895018677,196.12999999999965,effect_0-5
915,430,Other,OLF,165,0.8412787436904109,196.12999999999965,effect_0-5
916,432,Other,OLF,1476,7.525620761739676,196.12999999999965,effect_0-5
917,433,Other,OLF,142,0.7240095854790203,196.12999999999965,effect_0-5
918,435,Other,OLF,1201,6.123489522255658,196.12999999999965,effect_0-5
919,436,Other,OLF,561,2.860347728547397,196.12999999999965,effect_0-5
920,437,Other,OLF,16,0.08157854484270652,196.12999999999965,effect_0-5
921,439,Other,OLF,264,1.3460459899046575,196.12999999999965,effect_0-5
922,441,Other,OLF,140,0.713812267373682,196.12999999999965,effect_0-5
923,443,Other,fa,2174,11.084484780502747,196.12999999999965,effect_0-5
924,452,Other,fa,1059,5.399479936776637,196.12999999999965,effect_0-5
925,456,Other,fa,20,0.10197318105338314,196.12999999999965,effect_0-5
926,458,Other,fa,100,0.5098659052669157,196.12999999999965,effect_0-5
927,463,Other,fa,11,0.05608524957936073,196.12999999999965,effect_0-5
928,464,Other,fa,2129,10.855045123132635,196.12999999999965,effect_0-5
929,469,Other,fa,80,0.40789272421353256,196.12999999999965,effect_0-5
930,470,Other,fa,1080,5.50655177688269,196.12999999999965,effect_0-5
931,471,Other,fa,1644,8.382195482588093,196.12999999999965,effect_0-5
932,473,Other,fa,445,2.268903278437775,196.12999999999965,effect_0-5
933,474,Other,fa,130,0.6628256768469905,196.12999999999965,effect_0-5
934,477,Other,fa,1027,5.236322847091224,196.12999999999965,effect_0-5
935,478,Other,fa,454,2.3147912099117973,196.12999999999965,effect_0-5
936,482,Other,fa,476,2.4269617090705187,196.12999999999965,effect_0-5
937,483,Other,fa,595,3.0337021363381482,196.12999999999965,effect_0-5
938,485,Other,fa,1080,5.50655177688269,196.12999999999965,effect_0-5
939,490,Other,fa,133,0.6781216540049979,196.12999999999965,effect_0-5
940,491,Other,fa,44,0.22434099831744292,196.12999999999965,effect_0-5
941,493,Other,fa,616,3.140773976444201,196.12999999999965,effect_0-5
942,498,Other,fa,113,0.5761484729516148,196.12999999999965,effect_0-5
943,500,Other,fa,822,4.191097741294047,196.12999999999965,effect_0-5
944,501,Other,fa,351,1.7896293274868742,196.12999999999965,effect_0-5
945,505,Other,fa,529,2.697190638861984,196.12999999999965,effect_0-5
946,510,Other,fa,794,4.04833528781931,196.12999999999965,effect_0-5
947,513,Other,fa,45,0.22943965737011207,196.12999999999965,effect_0-5
948,514,Other,fa,30,0.1529597715800747,196.12999999999965,effect_0-5
949,515,Motor,MOs6b,32,0.16315708968541304,196.12999999999965,effect_0-5
950,517,Motor,MOs6b,1053,5.368887982460622,196.12999999999965,effect_0-5
951,518,Motor,MOs6b,449,2.2892979146484516,196.12999999999965,effect_0-5
952,520,Motor,MOs6a,178,0.90756131137511,196.12999999999965,effect_0-5
953,521,Motor,MOs6a,16,0.08157854484270652,196.12999999999965,effect_0-5
954,522,Motor,MOs6a,1,0.005098659052669157,196.12999999999965,effect_0-5
955,523,Motor,MOs6a,63,0.32121552031815687,196.12999999999965,effect_0-5
956,530,Motor,MOs6a,397,2.024167643909655,196.12999999999965,effect_0-5
957,533,Motor,MOs6a,0,0.0,196.12999999999965,effect_0-5
958,534,Motor,MOs6a,113,0.5761484729516148,196.12999999999965,effect_0-5
959,535,Motor,MOs6a,180,0.9177586294804483,196.12999999999965,effect_0-5
960,536,Motor,MOs6a,1127,5.74618875235814,196.12999999999965,effect_0-5
961,538,Motor,MOs6a,686,3.4976801101310415,196.12999999999965,effect_0-5
962,541,Motor,MOs6a,2,0.010197318105338315,196.12999999999965,effect_0-5
963,542,Motor,MOs6a,483,2.4626523224392027,196.12999999999965,effect_0-5
964,544,Motor,MOs6a,545,2.7787691837046906,196.12999999999965,effect_0-5
965,549,Motor,MOs6a,1866,9.514097792280648,196.12999999999965,effect_0-5
966,550,Motor,MOs6a,16,0.08157854484270652,196.12999999999965,effect_0-5
967,551,Motor,MOs6a,433,2.207719369805745,196.12999999999965,effect_0-5
968,555,Motor,MOs6a,1611,8.213939733850012,196.12999999999965,effect_0-5
969,557,Motor,MOs6a,143,0.7291082445316894,196.12999999999965,effect_0-5
970,560,Motor,MOs6a,53,0.27022892979146534,196.12999999999965,effect_0-5
971,568,Motor,MOs6a,959,4.889614031509722,196.12999999999965,effect_0-5
972,573,Motor,MOs5,223,1.137000968745222,196.12999999999965,effect_0-5
973,575,Motor,MOs5,1738,8.861469433538995,196.12999999999965,effect_0-5
974,576,Motor,MOs5,12,0.06118390863202988,196.12999999999965,effect_0-5
975,578,Motor,MOs5,1134,5.781879365726824,196.12999999999965,effect_0-5
976,579,Motor,MOs5,544,2.7736705246520215,196.12999999999965,effect_0-5
977,580,Motor,MOs5,1173,5.980727068780921,196.12999999999965,effect_0-5
978,582,Motor,MOs5,575,2.931728955284765,196.12999999999965,effect_0-5
979,585,Motor,MOs5,484,2.467750981491872,196.12999999999965,effect_0-5
980,586,Motor,MOs5,1267,6.460001019731822,196.12999999999965,effect_0-5
981,587,Motor,MOs5,697,3.5537653597104026,196.12999999999965,effect_0-5
982,588,Motor,MOs5,422,2.1516341202263845,196.12999999999965,effect_0-5
983,589,Motor,MOs5,109,0.5557538367409381,196.12999999999965,effect_0-5
984,590,Motor,MOs5,99,0.5047672462142465,196.12999999999965,effect_0-5
985,591,Motor,MOs5,357,1.8202212818028891,196.12999999999965,effect_0-5
986,593,Motor,MOs5,1642,8.371998164482756,196.12999999999965,effect_0-5
987,594,Motor,MOs5,352,1.7947279865395434,196.12999999999965,effect_0-5
988,595,Motor,MOs5,358,1.8253199408555583,196.12999999999965,effect_0-5
989,597,Motor,MOs5,414,2.110844847805031,196.12999999999965,effect_0-5
990,599,Motor,MOs5,138,0.7036149492683437,196.12999999999965,effect_0-5
991,601,Motor,MOs5,274,1.397032580431349,196.12999999999965,effect_0-5
992,602,Motor,MOs5,376,1.917095803803603,196.12999999999965,effect_0-5
993,603,Motor,MOs5,515,2.625809412124616,196.12999999999965,effect_0-5
994,605,Motor,MOs5,798,4.068729924029987,196.12999999999965,effect_0-5
995,606,Motor,MOs5,207,1.0554224239025154,196.12999999999965,effect_0-5
996,609,Motor,MOs5,659,3.3600163157089744,196.12999999999965,effect_0-5
997,610,Motor,MOs5,235,1.1981848773772519,196.12999999999965,effect_0-5
998,611,Motor,MOs5,745,3.798500994238522,196.12999999999965,effect_0-5
999,612,Motor,MOs5,538,2.7430785703360065,196.12999999999965,effect_0-5
1000,613,Motor,MOs5,286,1.4582164890633789,196.12999999999965,effect_0-5
1001,614,Motor,MOs5,1283,6.541579564574528,196.12999999999965,effect_0-5
1002,615,Motor,MOs5,76,0.38749808800285596,196.12999999999965,effect_0-5
1003,617,Motor,MOs5,364,1.8559118951715732,196.12999999999965,effect_0-5
1004,618,Motor,MOs5,444,2.263804619385106,196.12999999999965,effect_0-5
1005,620,Motor,MOs5,338,1.723346759802175,196.12999999999965,effect_0-5
1006,622,Motor,MOs5,107,0.5455565186355998,196.12999999999965,effect_0-5
1007,624,Motor,MOs5,208,1.0605210829551845,196.12999999999965,effect_0-5
1008,625,Motor,MOs5,545,2.7787691837046906,196.12999999999965,effect_0-5
1009,628,Motor,MOs5,463,2.3606791413858197,196.12999999999965,effect_0-5
1010,630,Motor,MOs5,922,4.700963646560963,196.12999999999965,effect_0-5
1011,631,Motor,MOs5,1620,8.259827665324034,196.12999999999965,effect_0-5
1012,632,Motor,MOs5,183,0.9330546066384557,196.12999999999965,effect_0-5
1013,635,Motor,MOs5,418,2.131239484015708,196.12999999999965,effect_0-5
1014,637,Motor,MOs5,26,0.13256513536939807,196.12999999999965,effect_0-5
1015,638,Motor,MOs5,406,2.0700555753836776,196.12999999999965,effect_0-5
1016,639,Motor,MOs5,544,2.7736705246520215,196.12999999999965,effect_0-5
1017,651,Motor,MOs5,138,0.7036149492683437,196.12999999999965,effect_0-5
1018,653,Motor,MOs5,3,0.01529597715800747,196.12999999999965,effect_0-5
1019,664,Motor,MOs2/3,550,2.8042624789680364,196.12999999999965,effect_0-5
1020,680,STR,LSr,76,0.38749808800285596,196.12999999999965,effect_0-5
1021,681,STR,LSr,224,1.1420996277978912,196.12999999999965,effect_0-5
1022,683,STR,LSr,546,2.7838678427573598,196.12999999999965,effect_0-5
1023,686,STR,LSr,985,5.02217916687912,196.12999999999965,effect_0-5
1024,688,STR,LSr,317,1.6162749196961228,196.12999999999965,effect_0-5
1025,691,STR,LSr,467,2.3810737775964963,196.12999999999965,effect_0-5
1026,692,STR,LSr,819,4.17580176413604,196.12999999999965,effect_0-5
1027,693,STR,LSr,874,4.4562280120328435,196.12999999999965,effect_0-5
1028,694,STR,LSr,221,1.1268036506398837,196.12999999999965,effect_0-5
1029,698,STR,LSr,580,2.957222250548111,196.12999999999965,effect_0-5
1030,699,STR,LSr,184,0.9381532656911249,196.12999999999965,effect_0-5
1031,700,STR,LSr,135,0.6883189721103362,196.12999999999965,effect_0-5
1032,701,STR,LSr,769,3.9208688115025816,196.12999999999965,effect_0-5
1033,703,STR,LSr,787,4.012644674450627,196.12999999999965,effect_0-5
1034,706,STR,LSr,1766,9.00423188701373,196.12999999999965,effect_0-5
1035,707,STR,LSr,1826,9.31015143017388,196.12999999999965,effect_0-5
1036,708,STR,LSr,21,0.1070718401060523,196.12999999999965,effect_0-5
1037,709,STR,STR,108,0.550655177688269,196.12999999999965,effect_0-5
1038,711,STR,STR,613,3.1254779992861934,196.12999999999965,effect_0-5
1039,712,Other,OLF,20,0.10197318105338314,196.12999999999965,effect_0-5
1040,713,Other,OLF,414,2.110844847805031,196.12999999999965,effect_0-5
1041,714,Other,OLF,396,2.019068984856986,196.12999999999965,effect_0-5
1042,715,Other,OLF,730,3.7220211084484847,196.12999999999965,effect_0-5
1043,716,Other,OLF,7,0.0356906133686841,196.12999999999965,effect_0-5
1044,717,Other,OLF,583,2.9725182277061184,196.12999999999965,effect_0-5
1045,718,Other,OLF,15,0.07647988579003735,196.12999999999965,effect_0-5
1046,719,Other,OLF,501,2.5544281853872475,196.12999999999965,effect_0-5
1047,722,Other,OLF,206,1.0503237648498462,196.12999999999965,effect_0-5
1048,726,Other,fa,170,0.8667720389537567,196.12999999999965,effect_0-5
1049,731,Other,fa,767,3.9106714933972433,196.12999999999965,effect_0-5
1050,732,Other,fa,1089,5.552439708356712,196.12999999999965,effect_0-5
1051,733,Other,fa,144,0.7342069035843586,196.12999999999965,effect_0-5
1052,735,Other,fa,37,0.1886503849487588,196.12999999999965,effect_0-5
1053,737,Motor,MOs6a,12,0.06118390863202988,196.12999999999965,effect_0-5
1054,738,Motor,MOs6a,411,2.0955488706470233,196.12999999999965,effect_0-5
1055,739,Motor,MOs6a,12,0.06118390863202988,196.12999999999965,effect_0-5
1056,741,Motor,MOs6a,118,0.6016417682149605,196.12999999999965,effect_0-5
1057,743,Motor,MOs6a,35,0.1784530668434205,196.12999999999965,effect_0-5
1058,745,Motor,MOs6a,33,0.1682557487380822,196.12999999999965,effect_0-5
1059,747,Motor,MOs6a,29,0.14786111252740555,196.12999999999965,effect_0-5
1060,748,Motor,MOs6a,1056,5.38418395961863,196.12999999999965,effect_0-5
1061,750,Motor,MOs6a,234,1.1930862183245827,196.12999999999965,effect_0-5
1062,755,Motor,MOs6a,609,3.105083363075517,196.12999999999965,effect_0-5
1063,757,Motor,MOs6a,6,0.03059195431601494,196.12999999999965,effect_0-5
1064,761,Motor,MOs5,54,0.2753275888441345,196.12999999999965,effect_0-5
1065,762,Motor,MOs5,499,2.544230867281909,196.12999999999965,effect_0-5
1066,763,Motor,MOs5,599,3.054096772548825,196.12999999999965,effect_0-5
1067,764,Motor,MOs5,15,0.07647988579003735,196.12999999999965,effect_0-5
1068,766,Motor,MOs5,28,0.1427624534747364,196.12999999999965,effect_0-5
1069,767,Motor,MOs5,0,0.0,196.12999999999965,effect_0-5
1070,768,Motor,MOs5,403,2.05475959822567,196.12999999999965,effect_0-5
1071,770,Motor,MOs5,21,0.1070718401060523,196.12999999999965,effect_0-5
1072,774,Motor,MOs5,383,1.952786417172287,196.12999999999965,effect_0-5
1073,775,Motor,MOs5,133,0.6781216540049979,196.12999999999965,effect_0-5
1074,776,Motor,MOs5,546,2.7838678427573598,196.12999999999965,effect_0-5
1075,779,Motor,MOs5,39,0.19884770305409713,196.12999999999965,effect_0-5
1076,780,Motor,MOs5,0,0.0,196.12999999999965,effect_0-5
1077,781,Motor,MOs5,5,0.025493295263345785,196.12999999999965,effect_0-5
1078,787,Motor,MOs5,18,0.09177586294804482,196.12999999999965,effect_0-5
1079,789,Motor,MOs5,6,0.03059195431601494,196.12999999999965,effect_0-5
1080,790,Motor,MOs5,85,0.4333860194768783,196.12999999999965,effect_0-5
1081,794,Motor,MOs2/3,17,0.08667720389537567,196.12999999999965,effect_0-5
1082,818,STR,LSr,118,0.6016417682149605,196.12999999999965,effect_0-5
1083,821,STR,LSr,53,0.27022892979146534,196.12999999999965,effect_0-5
1084,823,Other,OLF,1415,7.214602559526857,196.12999999999965,effect_0-5
1085,826,Motor,MOs6a,10,0.05098659052669157,196.12999999999965,effect_0-5
1086,828,Motor,MOs6a,228,1.1624942640085678,196.12999999999965,effect_0-5
1087,829,Motor,MOs6a,15,0.07647988579003735,196.12999999999965,effect_0-5
1088,830,Motor,MOs5,0,0.0,196.12999999999965,effect_0-5
1089,831,Motor,MOs5,645,3.2886350889716063,196.12999999999965,effect_0-5
1090,836,Motor,MOs5,188,0.9585479019018015,196.12999999999965,effect_0-5
1091,837,Motor,MOs5,363,1.850813236118904,196.12999999999965,effect_0-5
1092,843,STR,LSr,91,0.4639779737928933,196.12999999999965,effect_0-5
1093,844,Motor,MOs6a,31,0.15805843063274386,196.12999999999965,effect_0-5
1094,846,Motor,MOs5,145,0.7393055626370277,196.12999999999965,effect_0-5
1095,850,STR,LSr,108,0.550655177688269,196.12999999999965,effect_0-5
1096,854,Motor,MOs6a,7,0.0356906133686841,196.12999999999965,effect_0-5
1097,857,Motor,MOs5,534,2.72268393412533,196.12999999999965,effect_0-5
1098,861,Other,fa,27,0.13766379442206725,196.12999999999965,effect_0-5
1099,862,Motor,MOs5,247,1.2593687860092817,196.12999999999965,effect_0-5
1100,864,Other,fa,3,0.01529597715800747,196.12999999999965,effect_0-5
1101,0,Thalamus,MD,739,3.2042665741664247,230.6299999999992,effect_5-10
1102,1,Thalamus,MD,1564,6.7814247929584415,230.6299999999992,effect_5-10
1103,5,Thalamus,MD,4445,19.273294887915775,230.6299999999992,effect_5-10
1104,6,Thalamus,MD,159,0.6894159476217342,230.6299999999992,effect_5-10
1105,8,Thalamus,MD,7024,30.455708277327428,230.6299999999992,effect_5-10
1106,10,Thalamus,MD,15378,66.67822919828319,230.6299999999992,effect_5-10
1107,15,Thalamus,MD,1523,6.603650869357868,230.6299999999992,effect_5-10
1108,16,Thalamus,MD,154,0.6677362008411765,230.6299999999992,effect_5-10
1109,21,Thalamus,MD,1936,8.394397953431932,230.6299999999992,effect_5-10
1110,22,Thalamus,MD,2874,12.461518449464554,230.6299999999992,effect_5-10
1111,23,Thalamus,MD,772,3.3473529029181055,230.6299999999992,effect_5-10
1112,24,Thalamus,MD,281,1.2184017690673414,230.6299999999992,effect_5-10
1113,26,Thalamus,MD,703,3.0481723973464097,230.6299999999992,effect_5-10
1114,28,Thalamus,MD,5109,22.152365260373834,230.6299999999992,effect_5-10
1115,29,Thalamus,MD,1923,8.338030611802482,230.6299999999992,effect_5-10
1116,30,Thalamus,MD,1613,6.993886311407907,230.6299999999992,effect_5-10
1117,38,Thalamus,MD,212,0.9192212634956456,230.6299999999992,effect_5-10
1118,39,Thalamus,MD,1655,7.175996184364592,230.6299999999992,effect_5-10
1119,41,Thalamus,MD,16,0.06937518969778457,230.6299999999992,effect_5-10
1120,44,Thalamus,MD,398,1.7257078437323912,230.6299999999992,effect_5-10
1121,45,Thalamus,MD,4046,17.543251094827273,230.6299999999992,effect_5-10
1122,46,Thalamus,MD,933,4.045440749252063,230.6299999999992,effect_5-10
1123,47,Thalamus,MD,2009,8.710922256428075,230.6299999999992,effect_5-10
1124,48,Thalamus,MD,1254,5.437280492563866,230.6299999999992,effect_5-10
1125,50,Thalamus,MD,1761,7.635606816112414,230.6299999999992,effect_5-10
1126,51,Thalamus,MD,312,1.352816199106799,230.6299999999992,effect_5-10
1127,52,Thalamus,MD,1661,7.202011880501261,230.6299999999992,effect_5-10
1128,53,Thalamus,MD,3602,15.618089580713752,230.6299999999992,effect_5-10
1129,54,Thalamus,MD,381,1.6519967046784951,230.6299999999992,effect_5-10
1130,58,Thalamus,MD,4315,18.709621471621276,230.6299999999992,effect_5-10
1131,59,Thalamus,MD,1040,4.509387330355997,230.6299999999992,effect_5-10
1132,60,Thalamus,MD,685,2.970125308936402,230.6299999999992,effect_5-10
1133,61,Thalamus,MD,2305,9.99436326583709,230.6299999999992,effect_5-10
1134,64,Thalamus,MD,197,0.8541820231539725,230.6299999999992,effect_5-10
1135,65,Thalamus,MD,478,2.072583792221314,230.6299999999992,effect_5-10
1136,67,Thalamus,MD,1146,4.96899796210382,230.6299999999992,effect_5-10
1137,69,Thalamus,MD,463,2.007544551879641,230.6299999999992,effect_5-10
1138,71,Thalamus,MD,419,1.8167627802107333,230.6299999999992,effect_5-10
1139,73,Thalamus,MD,789,3.4210640419720018,230.6299999999992,effect_5-10
1140,74,Thalamus,MD,622,2.696960499501375,230.6299999999992,effect_5-10
1141,76,Thalamus,MD,733,3.178250878029756,230.6299999999992,effect_5-10
1142,79,Thalamus,MD,191,0.8281663270173033,230.6299999999992,effect_5-10
1143,80,Thalamus,MD,2000,8.671898712223072,230.6299999999992,effect_5-10
1144,81,Thalamus,MD,3076,13.337380219399083,230.6299999999992,effect_5-10
1145,82,Thalamus,MD,1259,5.458960239344424,230.6299999999992,effect_5-10
1146,83,Thalamus,MD,4298,18.63591033256738,230.6299999999992,effect_5-10
1147,84,Thalamus,MD,3999,17.33946147509003,230.6299999999992,effect_5-10
1148,86,Thalamus,MD,1700,7.371113905389611,230.6299999999992,effect_5-10
1149,100,Thalamus,LP,253,1.0969951870962185,230.6299999999992,effect_5-10
1150,102,Thalamus,LP,707,3.0655161947708556,230.6299999999992,effect_5-10
1151,104,Thalamus,LP,643,2.7880154359797173,230.6299999999992,effect_5-10
1152,105,Thalamus,LP,1617,7.011230108832353,230.6299999999992,effect_5-10
1153,106,Thalamus,LP,1203,5.216147075402177,230.6299999999992,effect_5-10
1154,110,Thalamus,LP,904,3.9196982179248283,230.6299999999992,effect_5-10
1155,111,Thalamus,LP,570,2.471491132983575,230.6299999999992,effect_5-10
1156,112,Thalamus,LP,1853,8.034514156874675,230.6299999999992,effect_5-10
1157,114,Thalamus,LP,80,0.34687594848892284,230.6299999999992,effect_5-10
1158,117,Other,DG-mo,2814,12.201361488097861,230.6299999999992,effect_5-10
1159,118,Other,DG-mo,338,1.465550882365699,230.6299999999992,effect_5-10
1160,120,Other,DG-mo,513,2.224342019685218,230.6299999999992,effect_5-10
1161,121,Other,DG-mo,5017,21.753457919611574,230.6299999999992,effect_5-10
1162,122,Other,DG-mo,2557,11.087022503577197,230.6299999999992,effect_5-10
1163,123,Other,DG-mo,354,1.5349260720634836,230.6299999999992,effect_5-10
1164,139,Other,DG-mo,9,0.03902354420500382,230.6299999999992,effect_5-10
1165,145,Other,DG-sg,257,1.1143389845206646,230.6299999999992,effect_5-10
1166,160,Other,DG-mo,276,1.1967220222867838,230.6299999999992,effect_5-10
1167,162,Other,DG-mo,2744,11.897845033170054,230.6299999999992,effect_5-10
1168,164,Other,DG-mo,2033,8.814985040974753,230.6299999999992,effect_5-10
1169,166,Other,DG-mo,1257,5.4502883406322,230.6299999999992,effect_5-10
1170,167,Other,DG-mo,481,2.085591640289649,230.6299999999992,effect_5-10
1171,172,Other,DG-mo,2916,12.643628322421238,230.6299999999992,effect_5-10
1172,174,Other,DG-mo,2179,9.448033646967037,230.6299999999992,effect_5-10
1173,179,Other,DG-mo,2309,10.011707063261536,230.6299999999992,effect_5-10
1174,180,Other,CA1,193,0.8368382257295264,230.6299999999992,effect_5-10
1175,183,Other,CA1,2502,10.848545288991062,230.6299999999992,effect_5-10
1176,190,Other,CA1,1783,7.730997701946868,230.6299999999992,effect_5-10
1177,192,Other,CA1,625,2.70996834756971,230.6299999999992,effect_5-10
1178,193,Other,CA1,1524,6.6079868187139805,230.6299999999992,effect_5-10
1179,209,Other,CA1,615,2.6666088540085946,230.6299999999992,effect_5-10
1180,210,Other,CA1,176,0.7631270866756302,230.6299999999992,effect_5-10
1181,211,Other,CA1,293,1.2704331613406799,230.6299999999992,effect_5-10
1182,212,Other,CA1,377,1.634652907254049,230.6299999999992,effect_5-10
1183,217,Other,CA1,760,3.2953215106447673,230.6299999999992,effect_5-10
1184,221,Other,CA1,38,0.16476607553223835,230.6299999999992,effect_5-10
1185,226,Thalamus,MD,265,1.1490265793695569,230.6299999999992,effect_5-10
1186,227,Thalamus,MD,138,0.5983610111433919,230.6299999999992,effect_5-10
1187,228,Thalamus,MD,910,3.9457139140614976,230.6299999999992,effect_5-10
1188,230,Thalamus,MD,813,3.5251268265186786,230.6299999999992,effect_5-10
1189,231,Thalamus,MD,88,0.3815635433378151,230.6299999999992,effect_5-10
1190,239,Other,DG-mo,12,0.05203139227333843,230.6299999999992,effect_5-10
1191,242,Other,DG-mo,1127,4.8866149243377,230.6299999999992,effect_5-10
1192,243,Other,DG-sg,23,0.09972683519056533,230.6299999999992,effect_5-10
1193,247,Other,DG-sg,55,0.23847721458613447,230.6299999999992,effect_5-10
1194,249,Other,DG-mo,1980,8.58517972510084,230.6299999999992,effect_5-10
1195,253,Other,CA1,1,0.004335949356111536,230.6299999999992,effect_5-10
1196,254,Thalamus,MD,154,0.6677362008411765,230.6299999999992,effect_5-10
1197,256,Other,DG-mo,12,0.05203139227333843,230.6299999999992,effect_5-10
1198,260,Other,DG-sg,1,0.004335949356111536,230.6299999999992,effect_5-10
1199,272,Other,scwm,8451,36.64310800849859,230.6299999999992,effect_5-10
1200,276,Somatosensory,SSp-tr6a,1630,7.067597450461803,230.6299999999992,effect_5-10
1201,277,Somatosensory,SSp-tr6a,2071,8.979751116506991,230.6299999999992,effect_5-10
1202,279,Somatosensory,SSp-tr6a,835,3.6205177123531325,230.6299999999992,effect_5-10
1203,280,Somatosensory,SSp-tr6a,1492,6.469236439318411,230.6299999999992,effect_5-10
1204,281,Somatosensory,SSp-tr6a,3936,17.066296665655006,230.6299999999992,effect_5-10
1205,284,Somatosensory,SSp-tr6a,4180,18.12426830854622,230.6299999999992,effect_5-10
1206,285,Somatosensory,SSp-tr6a,512,2.2200060703291062,230.6299999999992,effect_5-10
1207,287,Somatosensory,SSp-tr6a,1352,5.862203529462796,230.6299999999992,effect_5-10
1208,288,Somatosensory,SSp-tr6a,3473,15.058752113775363,230.6299999999992,effect_5-10
1209,290,Somatosensory,SSp-tr6a,172,0.7457832892511841,230.6299999999992,effect_5-10
1210,291,Somatosensory,SSp-tr6a,47,0.2037896197372422,230.6299999999992,effect_5-10
1211,292,Somatosensory,SSp-tr6a,1084,4.700169102024905,230.6299999999992,effect_5-10
1212,300,Somatosensory,SSp-tr5,1401,6.074665047912261,230.6299999999992,effect_5-10
1213,310,Somatosensory,SSp-tr5,1296,5.61939036552055,230.6299999999992,effect_5-10
1214,318,Somatosensory,SSp-tr4,228,0.9885964531934301,230.6299999999992,effect_5-10
1215,321,Somatosensory,SSp-tr6a,1679,7.280058968911268,230.6299999999992,effect_5-10
1216,325,Somatosensory,SSp-tr4,10,0.043359493561115355,230.6299999999992,effect_5-10
1217,326,STR,LSr,0,0.0,230.6299999999992,effect_5-10
1218,327,STR,LSr,0,0.0,230.6299999999992,effect_5-10
1219,329,STR,LSr,886,3.841651129514821,230.6299999999992,effect_5-10
1220,330,STR,LSr,914,3.9630577114859435,230.6299999999992,effect_5-10
1221,331,STR,LSr,1146,4.96899796210382,230.6299999999992,effect_5-10
1222,332,STR,LSr,388,1.682348350171276,230.6299999999992,effect_5-10
1223,335,STR,LSr,4432,19.216927546286325,230.6299999999992,effect_5-10
1224,338,STR,LSr,194,0.841174175085638,230.6299999999992,effect_5-10
1225,339,STR,LSr,1558,6.755409096821772,230.6299999999992,effect_5-10
1226,342,STR,LSr,2791,12.101634652907297,230.6299999999992,effect_5-10
1227,343,STR,LSr,99,0.42925898625504205,230.6299999999992,effect_5-10
1228,344,STR,LSr,1582,6.859471881368449,230.6299999999992,effect_5-10
1229,348,STR,LSr,357,1.5479339201318183,230.6299999999992,effect_5-10
1230,349,STR,LSr,902,3.9110263192126054,230.6299999999992,effect_5-10
1231,350,STR,LSr,1153,4.9993496075966,230.6299999999992,effect_5-10
1232,351,STR,LSr,27,0.11707063261501147,230.6299999999992,effect_5-10
1233,353,STR,LSr,718,3.1132116376880825,230.6299999999992,effect_5-10
1234,354,STR,LSr,406,1.7603954385812834,230.6299999999992,effect_5-10
1235,355,STR,LSr,623,2.701296448857487,230.6299999999992,effect_5-10
1236,358,STR,LSr,355,1.5392620214195951,230.6299999999992,effect_5-10
1237,359,STR,LSr,2232,9.677838962840948,230.6299999999992,effect_5-10
1238,360,STR,LSr,11,0.04769544291722689,230.6299999999992,effect_5-10
1239,363,STR,LSr,1985,8.606859471881398,230.6299999999992,effect_5-10
1240,365,STR,LSr,729,3.1609070806053094,230.6299999999992,effect_5-10
1241,366,STR,LSr,35,0.15175822746390374,230.6299999999992,effect_5-10
1242,367,STR,LSr,1304,5.654077960369443,230.6299999999992,effect_5-10
1243,370,STR,LSr,3457,14.989376924077579,230.6299999999992,effect_5-10
1244,371,STR,LSr,856,3.7115726488314746,230.6299999999992,effect_5-10
1245,373,STR,LSr,1,0.004335949356111536,230.6299999999992,effect_5-10
1246,374,STR,LSr,1748,7.579239474482964,230.6299999999992,effect_5-10
1247,376,STR,LSr,1324,5.740796947491673,230.6299999999992,effect_5-10
1248,377,STR,LSr,219,0.9495729089884263,230.6299999999992,effect_5-10
1249,378,STR,LSr,1961,8.50279668733472,230.6299999999992,effect_5-10
1250,379,STR,LSr,1121,4.860599228201031,230.6299999999992,effect_5-10
1251,381,STR,LSr,42,0.1821098729566845,230.6299999999992,effect_5-10
1252,382,STR,LSr,250,1.083987339027884,230.6299999999992,effect_5-10
1253,383,STR,LSr,1879,8.147248840133576,230.6299999999992,effect_5-10
1254,384,STR,LSr,1632,7.0762693491740265,230.6299999999992,effect_5-10
1255,387,STR,LSr,2676,11.603000476954469,230.6299999999992,effect_5-10
1256,388,STR,STR,751,3.2562979664397633,230.6299999999992,effect_5-10
1257,390,STR,STR,14,0.0607032909855615,230.6299999999992,effect_5-10
1258,392,STR,STR,2672,11.585656679530024,230.6299999999992,effect_5-10
1259,393,STR,STR,15,0.06503924034167304,230.6299999999992,effect_5-10
1260,394,STR,STR,179,0.7761349347439649,230.6299999999992,effect_5-10
1261,395,STR,STR,0,0.0,230.6299999999992,effect_5-10
1262,396,STR,STR,3228,13.996444521528037,230.6299999999992,effect_5-10
1263,397,STR,STR,0,0.0,230.6299999999992,effect_5-10
1264,398,STR,STR,4,0.017343797424446143,230.6299999999992,effect_5-10
1265,399,STR,STR,695,3.0134848024975174,230.6299999999992,effect_5-10
1266,400,Other,OLF,896,3.885010623075936,230.6299999999992,effect_5-10
1267,401,STR,STR,83,0.35988379655725744,230.6299999999992,effect_5-10
1268,402,Other,OLF,1164,5.047045050513828,230.6299999999992,effect_5-10
1269,403,Other,OLF,884,3.8329792308025974,230.6299999999992,effect_5-10
1270,405,Other,OLF,4015,17.408836664787817,230.6299999999992,effect_5-10
1271,407,Other,OLF,3118,13.519490092355769,230.6299999999992,effect_5-10
1272,408,Other,OLF,1351,5.857867580106685,230.6299999999992,effect_5-10
1273,409,Other,OLF,226,0.9799245544812071,230.6299999999992,effect_5-10
1274,412,Other,OLF,261,1.1316827819451107,230.6299999999992,effect_5-10
1275,413,Other,OLF,1637,7.097949095954584,230.6299999999992,effect_5-10
1276,415,Other,OLF,1053,4.565754671985447,230.6299999999992,effect_5-10
1277,419,Other,OLF,2961,12.838746043446257,230.6299999999992,effect_5-10
1278,420,Other,OLF,2500,10.83987339027884,230.6299999999992,effect_5-10
1279,423,Other,OLF,2697,11.694055413432812,230.6299999999992,effect_5-10
1280,426,Other,OLF,145,0.6287126566361727,230.6299999999992,effect_5-10
1281,428,Other,OLF,1543,6.6903698564801,230.6299999999992,effect_5-10
1282,430,Other,OLF,154,0.6677362008411765,230.6299999999992,effect_5-10
1283,432,Other,OLF,1056,4.578762520053782,230.6299999999992,effect_5-10
1284,433,Other,OLF,66,0.28617265750336135,230.6299999999992,effect_5-10
1285,435,Other,OLF,1176,5.099076442787166,230.6299999999992,effect_5-10
1286,436,Other,OLF,1216,5.272514417031627,230.6299999999992,effect_5-10
1287,437,Other,OLF,13,0.056367341629449966,230.6299999999992,effect_5-10
1288,439,Other,OLF,144,0.6243767072800611,230.6299999999992,effect_5-10
1289,441,Other,OLF,250,1.083987339027884,230.6299999999992,effect_5-10
1290,443,Other,fa,2812,12.192689589385639,230.6299999999992,effect_5-10
1291,452,Other,fa,920,3.989073407622613,230.6299999999992,effect_5-10
1292,456,Other,fa,9,0.03902354420500382,230.6299999999992,effect_5-10
1293,458,Other,fa,117,0.5073060746650496,230.6299999999992,effect_5-10
1294,463,Other,fa,1,0.004335949356111536,230.6299999999992,effect_5-10
1295,464,Other,fa,2744,11.897845033170054,230.6299999999992,effect_5-10
1296,469,Other,fa,49,0.21246151844946526,230.6299999999992,effect_5-10
1297,470,Other,fa,1214,5.263842518319405,230.6299999999992,effect_5-10
1298,471,Other,fa,1421,6.161384035034493,230.6299999999992,effect_5-10
1299,473,Other,fa,242,1.0492997441789915,230.6299999999992,effect_5-10
1300,474,Other,fa,198,0.8585179725100841,230.6299999999992,effect_5-10
1301,477,Other,fa,565,2.4498113862030175,230.6299999999992,effect_5-10
1302,478,Other,fa,551,2.389108095217456,230.6299999999992,effect_5-10
1303,482,Other,fa,1260,5.463296188700535,230.6299999999992,effect_5-10
1304,483,Other,fa,666,2.887742271170283,230.6299999999992,effect_5-10
1305,485,Other,fa,3,0.013007848068334608,230.6299999999992,effect_5-10
1306,490,Other,fa,116,0.5029701253089381,230.6299999999992,effect_5-10
1307,491,Other,fa,34,0.1474222781077922,230.6299999999992,effect_5-10
1308,493,Other,fa,284,1.231409617135676,230.6299999999992,effect_5-10
1309,498,Other,fa,250,1.083987339027884,230.6299999999992,effect_5-10
1310,500,Other,fa,787,3.4123921432597784,230.6299999999992,effect_5-10
1311,501,Other,fa,390,1.6910202488834989,230.6299999999992,effect_5-10
1312,505,Other,fa,675,2.9267658153752865,230.6299999999992,effect_5-10
1313,510,Other,fa,933,4.045440749252063,230.6299999999992,effect_5-10
1314,513,Other,fa,6,0.026015696136669215,230.6299999999992,effect_5-10
1315,514,Other,fa,20,0.08671898712223071,230.6299999999992,effect_5-10
1316,515,Motor,MOs6b,8,0.034687594848892285,230.6299999999992,effect_5-10
1317,517,Motor,MOs6b,886,3.841651129514821,230.6299999999992,effect_5-10
1318,518,Motor,MOs6b,985,4.270910115769863,230.6299999999992,effect_5-10
1319,520,Motor,MOs6a,101,0.4379308849672651,230.6299999999992,effect_5-10
1320,521,Motor,MOs6a,49,0.21246151844946526,230.6299999999992,effect_5-10
1321,522,Motor,MOs6a,0,0.0,230.6299999999992,effect_5-10
1322,523,Motor,MOs6a,30,0.13007848068334607,230.6299999999992,effect_5-10
1323,530,Motor,MOs6a,535,2.3197329055196714,230.6299999999992,effect_5-10
1324,533,Motor,MOs6a,0,0.0,230.6299999999992,effect_5-10
1325,534,Motor,MOs6a,398,1.7257078437323912,230.6299999999992,effect_5-10
1326,535,Motor,MOs6a,53,0.2298053158739114,230.6299999999992,effect_5-10
1327,536,Motor,MOs6a,1236,5.3592334041538585,230.6299999999992,effect_5-10
1328,538,Motor,MOs6a,686,2.9744612582925134,230.6299999999992,effect_5-10
1329,541,Motor,MOs6a,6,0.026015696136669215,230.6299999999992,effect_5-10
1330,542,Motor,MOs6a,749,3.2476260677275404,230.6299999999992,effect_5-10
1331,544,Motor,MOs6a,793,3.4384078393964477,230.6299999999992,effect_5-10
1332,549,Motor,MOs6a,1568,6.798768590382888,230.6299999999992,effect_5-10
1333,550,Motor,MOs6a,465,2.0162164505918643,230.6299999999992,effect_5-10
1334,551,Motor,MOs6a,449,1.9468412608940795,230.6299999999992,effect_5-10
1335,555,Motor,MOs6a,2336,10.128777695876547,230.6299999999992,effect_5-10
1336,557,Motor,MOs6a,179,0.7761349347439649,230.6299999999992,effect_5-10
1337,560,Motor,MOs6a,134,0.5810172137189458,230.6299999999992,effect_5-10
1338,568,Motor,MOs6a,1456,6.3131422624983955,230.6299999999992,effect_5-10
1339,573,Motor,MOs5,210,0.9105493647834225,230.6299999999992,effect_5-10
1340,575,Motor,MOs5,1966,8.524476434115279,230.6299999999992,effect_5-10
1341,576,Motor,MOs5,86,0.37289164462559204,230.6299999999992,effect_5-10
1342,578,Motor,MOs5,1380,5.9836101114339195,230.6299999999992,effect_5-10
1343,579,Motor,MOs5,500,2.167974678055768,230.6299999999992,effect_5-10
1344,580,Motor,MOs5,1422,6.165719984390604,230.6299999999992,effect_5-10
1345,582,Motor,MOs5,999,4.331613406755424,230.6299999999992,effect_5-10
1346,585,Motor,MOs5,499,2.1636387286996563,230.6299999999992,effect_5-10
1347,586,Motor,MOs5,1315,5.701773403286669,230.6299999999992,effect_5-10
1348,587,Motor,MOs5,1146,4.96899796210382,230.6299999999992,effect_5-10
1349,588,Motor,MOs5,303,1.3137926549017953,230.6299999999992,effect_5-10
1350,589,Motor,MOs5,179,0.7761349347439649,230.6299999999992,effect_5-10
1351,590,Motor,MOs5,301,1.3051207561895721,230.6299999999992,effect_5-10
1352,591,Motor,MOs5,456,1.9771929063868603,230.6299999999992,effect_5-10
1353,593,Motor,MOs5,2747,11.91085288123839,230.6299999999992,effect_5-10
1354,594,Motor,MOs5,247,1.0709794909595494,230.6299999999992,effect_5-10
1355,595,Motor,MOs5,509,2.2069982222607716,230.6299999999992,effect_5-10
1356,597,Motor,MOs5,492,2.1332870832068758,230.6299999999992,effect_5-10
1357,599,Motor,MOs5,155,0.672072150197288,230.6299999999992,effect_5-10
1358,601,Motor,MOs5,236,1.0232840480423224,230.6299999999992,effect_5-10
1359,602,Motor,MOs5,450,1.951177210250191,230.6299999999992,effect_5-10
1360,603,Motor,MOs5,575,2.493170879764133,230.6299999999992,effect_5-10
1361,605,Motor,MOs5,658,2.8530546763213906,230.6299999999992,effect_5-10
1362,606,Motor,MOs5,158,0.6850799982656226,230.6299999999992,effect_5-10
1363,609,Motor,MOs5,346,1.5002384772145914,230.6299999999992,effect_5-10
1364,610,Motor,MOs5,233,1.0102761999739878,230.6299999999992,effect_5-10
1365,611,Motor,MOs5,833,3.611845813640909,230.6299999999992,effect_5-10
1366,612,Motor,MOs5,1109,4.808567835927693,230.6299999999992,effect_5-10
1367,613,Motor,MOs5,243,1.0536356935351032,230.6299999999992,effect_5-10
1368,614,Motor,MOs5,1478,6.408533148332849,230.6299999999992,effect_5-10
1369,615,Motor,MOs5,67,0.2905086068594729,230.6299999999992,effect_5-10
1370,617,Motor,MOs5,649,2.8140311321163867,230.6299999999992,effect_5-10
1371,618,Motor,MOs5,737,3.1955946754542017,230.6299999999992,effect_5-10
1372,620,Motor,MOs5,385,1.6693405021029413,230.6299999999992,effect_5-10
1373,622,Motor,MOs5,364,1.5782855656245989,230.6299999999992,effect_5-10
1374,624,Motor,MOs5,142,0.615704808567838,230.6299999999992,effect_5-10
1375,625,Motor,MOs5,211,0.914885314139534,230.6299999999992,effect_5-10
1376,628,Motor,MOs5,607,2.6319212591597023,230.6299999999992,effect_5-10
1377,630,Motor,MOs5,654,2.8357108788969443,230.6299999999992,effect_5-10
1378,631,Motor,MOs5,359,1.5566058188440413,230.6299999999992,effect_5-10
1379,632,Motor,MOs5,1169,5.068724797294386,230.6299999999992,effect_5-10
1380,635,Motor,MOs5,629,2.7273121449941558,230.6299999999992,effect_5-10
1381,637,Motor,MOs5,0,0.0,230.6299999999992,effect_5-10
1382,638,Motor,MOs5,647,2.8053592334041637,230.6299999999992,effect_5-10
1383,639,Motor,MOs5,535,2.3197329055196714,230.6299999999992,effect_5-10
1384,651,Motor,MOs5,55,0.23847721458613447,230.6299999999992,effect_5-10
1385,653,Motor,MOs5,0,0.0,230.6299999999992,effect_5-10
1386,664,Motor,MOs2/3,2,0.008671898712223071,230.6299999999992,effect_5-10
1387,680,STR,LSr,207,0.8975415167150879,230.6299999999992,effect_5-10
1388,681,STR,LSr,48,0.20812556909335372,230.6299999999992,effect_5-10
1389,683,STR,LSr,402,1.7430516411568373,230.6299999999992,effect_5-10
1390,686,STR,LSr,1184,5.133764037636058,230.6299999999992,effect_5-10
1391,688,STR,LSr,354,1.5349260720634836,230.6299999999992,effect_5-10
1392,691,STR,LSr,754,3.269305814508098,230.6299999999992,effect_5-10
1393,692,STR,LSr,780,3.3820404977669978,230.6299999999992,effect_5-10
1394,693,STR,LSr,729,3.1609070806053094,230.6299999999992,effect_5-10
1395,694,STR,LSr,268,1.1620344274378915,230.6299999999992,effect_5-10
1396,698,STR,LSr,686,2.9744612582925134,230.6299999999992,effect_5-10
1397,699,STR,LSr,216,0.9365650609200917,230.6299999999992,effect_5-10
1398,700,STR,LSr,128,0.5550015175822766,230.6299999999992,effect_5-10
1399,701,STR,LSr,1137,4.929974417898816,230.6299999999992,effect_5-10
1400,703,STR,LSr,1131,4.903958721762147,230.6299999999992,effect_5-10
1401,706,STR,LSr,36,0.15609417682001528,230.6299999999992,effect_5-10
1402,707,STR,LSr,1678,7.275723019555157,230.6299999999992,effect_5-10
1403,708,STR,LSr,15,0.06503924034167304,230.6299999999992,effect_5-10
1404,709,STR,STR,58,0.25148506265446907,230.6299999999992,effect_5-10
1405,711,STR,STR,268,1.1620344274378915,230.6299999999992,effect_5-10
1406,712,Other,OLF,95,0.4119151888305959,230.6299999999992,effect_5-10
1407,713,Other,OLF,541,2.3457486016563407,230.6299999999992,effect_5-10
1408,714,Other,OLF,415,1.7994189827862872,230.6299999999992,effect_5-10
1409,715,Other,OLF,934,4.0497766986081745,230.6299999999992,effect_5-10
1410,716,Other,OLF,10,0.043359493561115355,230.6299999999992,effect_5-10
1411,717,Other,OLF,670,2.905086068594729,230.6299999999992,effect_5-10
1412,718,Other,OLF,19,0.08238303776611917,230.6299999999992,effect_5-10
1413,719,Other,OLF,367,1.5912934136929335,230.6299999999992,effect_5-10
1414,722,Other,OLF,47,0.2037896197372422,230.6299999999992,effect_5-10
1415,726,Other,fa,199,0.8628539218661956,230.6299999999992,effect_5-10
1416,731,Other,fa,724,3.139227333824752,230.6299999999992,effect_5-10
1417,732,Other,fa,1226,5.315873910592742,230.6299999999992,effect_5-10
1418,733,Other,fa,110,0.47695442917226893,230.6299999999992,effect_5-10
1419,735,Other,fa,9,0.03902354420500382,230.6299999999992,effect_5-10
1420,737,Motor,MOs6a,13,0.056367341629449966,230.6299999999992,effect_5-10
1421,738,Motor,MOs6a,241,1.04496379482288,230.6299999999992,effect_5-10
1422,739,Motor,MOs6a,5,0.021679746780557677,230.6299999999992,effect_5-10
1423,741,Motor,MOs6a,48,0.20812556909335372,230.6299999999992,effect_5-10
1424,743,Motor,MOs6a,1,0.004335949356111536,230.6299999999992,effect_5-10
1425,745,Motor,MOs6a,15,0.06503924034167304,230.6299999999992,effect_5-10
1426,747,Motor,MOs6a,44,0.19078177166890756,230.6299999999992,effect_5-10
1427,748,Motor,MOs6a,918,3.98040150891039,230.6299999999992,effect_5-10
1428,750,Motor,MOs6a,646,2.801023284048052,230.6299999999992,effect_5-10
1429,755,Motor,MOs6a,630,2.7316480943502675,230.6299999999992,effect_5-10
1430,757,Motor,MOs6a,16,0.06937518969778457,230.6299999999992,effect_5-10
1431,761,Motor,MOs5,79,0.3425399991328113,230.6299999999992,effect_5-10
1432,762,Motor,MOs5,107,0.46394658110393433,230.6299999999992,effect_5-10
1433,763,Motor,MOs5,926,4.015089103759282,230.6299999999992,effect_5-10
1434,764,Motor,MOs5,164,0.7110956944022918,230.6299999999992,effect_5-10
1435,766,Motor,MOs5,31,0.1344144300394576,230.6299999999992,effect_5-10
1436,767,Motor,MOs5,0,0.0,230.6299999999992,effect_5-10
1437,768,Motor,MOs5,581,2.519186575900802,230.6299999999992,effect_5-10
1438,770,Motor,MOs5,176,0.7631270866756302,230.6299999999992,effect_5-10
1439,774,Motor,MOs5,234,1.0146121493300992,230.6299999999992,effect_5-10
1440,775,Motor,MOs5,123,0.5333217708017189,230.6299999999992,effect_5-10
1441,776,Motor,MOs5,409,1.773403286649618,230.6299999999992,effect_5-10
1442,779,Motor,MOs5,41,0.17777392360057295,230.6299999999992,effect_5-10
1443,780,Motor,MOs5,9,0.03902354420500382,230.6299999999992,effect_5-10
1444,781,Motor,MOs5,0,0.0,230.6299999999992,effect_5-10
1445,787,Motor,MOs5,0,0.0,230.6299999999992,effect_5-10
1446,789,Motor,MOs5,42,0.1821098729566845,230.6299999999992,effect_5-10
1447,790,Motor,MOs5,50,0.2167974678055768,230.6299999999992,effect_5-10
1448,794,Motor,MOs2/3,0,0.0,230.6299999999992,effect_5-10
1449,818,STR,LSr,67,0.2905086068594729,230.6299999999992,effect_5-10
1450,821,STR,LSr,65,0.2818367081472498,230.6299999999992,effect_5-10
1451,823,Other,OLF,1252,5.428608593851643,230.6299999999992,effect_5-10
1452,826,Motor,MOs6a,46,0.19945367038113065,230.6299999999992,effect_5-10
1453,828,Motor,MOs6a,218,0.9452369596323148,230.6299999999992,effect_5-10
1454,829,Motor,MOs6a,35,0.15175822746390374,230.6299999999992,effect_5-10
1455,830,Motor,MOs5,11,0.04769544291722689,230.6299999999992,effect_5-10
1456,831,Motor,MOs5,617,2.6752807527208176,230.6299999999992,effect_5-10
1457,836,Motor,MOs5,101,0.4379308849672651,230.6299999999992,effect_5-10
1458,837,Motor,MOs5,329,1.4265273381606953,230.6299999999992,effect_5-10
1459,843,STR,LSr,84,0.364219745913369,230.6299999999992,effect_5-10
1460,844,Motor,MOs6a,0,0.0,230.6299999999992,effect_5-10
1461,846,Motor,MOs5,91,0.3945713914061497,230.6299999999992,effect_5-10
1462,850,STR,LSr,560,2.42813163942246,230.6299999999992,effect_5-10
1463,854,Motor,MOs6a,5,0.021679746780557677,230.6299999999992,effect_5-10
1464,857,Motor,MOs5,640,2.7750075879113827,230.6299999999992,effect_5-10
1465,861,Other,fa,0,0.0,230.6299999999992,effect_5-10
1466,862,Motor,MOs5,303,1.3137926549017953,230.6299999999992,effect_5-10
1467,864,Other,fa,63,0.27316480943502675,230.6299999999992,effect_5-10
1468,0,Thalamus,MD,1233,4.91293780133076,250.9700000000039,effect_10-15
1469,1,Thalamus,MD,1812,7.21998645256394,250.9700000000039,effect_10-15
1470,5,Thalamus,MD,3866,15.404231581463682,250.9700000000039,effect_10-15
1471,6,Thalamus,MD,110,0.43829939833445547,250.9700000000039,effect_10-15
1472,8,Thalamus,MD,6392,25.46917958321672,250.9700000000039,effect_10-15
1473,10,Thalamus,MD,19286,76.84583814798462,250.9700000000039,effect_10-15
1474,15,Thalamus,MD,1102,4.390963063314272,250.9700000000039,effect_10-15
1475,16,Thalamus,MD,134,0.533928357971064,250.9700000000039,effect_10-15
1476,21,Thalamus,MD,3037,12.10104793401583,250.9700000000039,effect_10-15
1477,22,Thalamus,MD,3452,13.754632027732185,250.9700000000039,effect_10-15
1478,23,Thalamus,MD,494,1.968362752520191,250.9700000000039,effect_10-15
1479,24,Thalamus,MD,397,1.5818623739888984,250.9700000000039,effect_10-15
1480,26,Thalamus,MD,1235,4.9209068813004775,250.9700000000039,effect_10-15
1481,28,Thalamus,MD,6822,27.182531776705957,250.9700000000039,effect_10-15
1482,29,Thalamus,MD,2589,10.315974020799139,250.9700000000039,effect_10-15
1483,30,Thalamus,MD,2460,9.801968362752369,250.9700000000039,effect_10-15
1484,38,Thalamus,MD,464,1.8488265529744303,250.9700000000039,effect_10-15
1485,39,Thalamus,MD,1053,4.195720604056197,250.9700000000039,effect_10-15
1486,41,Thalamus,MD,47,0.18727337928835824,250.9700000000039,effect_10-15
1487,44,Thalamus,MD,380,1.5141251942463008,250.9700000000039,effect_10-15
1488,45,Thalamus,MD,3879,15.456030601266844,250.9700000000039,effect_10-15
1489,46,Thalamus,MD,1645,6.554568275092539,250.9700000000039,effect_10-15
1490,47,Thalamus,MD,2247,8.953261345977468,250.9700000000039,effect_10-15
1491,48,Thalamus,MD,1007,4.012431764752697,250.9700000000039,effect_10-15
1492,50,Thalamus,MD,2059,8.204167828824035,250.9700000000039,effect_10-15
1493,51,Thalamus,MD,223,0.888552416623487,250.9700000000039,effect_10-15
1494,52,Thalamus,MD,2155,8.586683667370469,250.9700000000039,effect_10-15
1495,53,Thalamus,MD,2261,9.00904490576549,250.9700000000039,effect_10-15
1496,54,Thalamus,MD,247,0.9841813762600955,250.9700000000039,effect_10-15
1497,58,Thalamus,MD,4362,17.38056341395359,250.9700000000039,effect_10-15
1498,59,Thalamus,MD,1518,6.048531697015486,250.9700000000039,effect_10-15
1499,60,Thalamus,MD,690,2.7493325895524934,250.9700000000039,effect_10-15
1500,61,Thalamus,MD,3184,12.686775311790058,250.9700000000039,effect_10-15
1501,64,Thalamus,MD,234,0.9323823564569326,250.9700000000039,effect_10-15
1502,65,Thalamus,MD,560,2.2313423915208643,250.9700000000039,effect_10-15
1503,67,Thalamus,MD,1389,5.534526038968715,250.9700000000039,effect_10-15
1504,69,Thalamus,MD,723,2.88082240905283,250.9700000000039,effect_10-15
1505,71,Thalamus,MD,444,1.7691357532772567,250.9700000000039,effect_10-15
1506,73,Thalamus,MD,1348,5.371159899589509,250.9700000000039,effect_10-15
1507,74,Thalamus,MD,779,3.1039566482049166,250.9700000000039,effect_10-15
1508,76,Thalamus,MD,778,3.099972108220058,250.9700000000039,effect_10-15
1509,79,Thalamus,MD,269,1.0718412559269865,250.9700000000039,effect_10-15
1510,80,Thalamus,MD,871,3.4705343268119155,250.9700000000039,effect_10-15
1511,81,Thalamus,MD,3049,12.148862413834134,250.9700000000039,effect_10-15
1512,82,Thalamus,MD,857,3.414750767023894,250.9700000000039,effect_10-15
1513,83,Thalamus,MD,4136,16.480057377375527,250.9700000000039,effect_10-15
1514,84,Thalamus,MD,2596,10.34386580069315,250.9700000000039,effect_10-15
1515,86,Thalamus,MD,2063,8.22010598876347,250.9700000000039,effect_10-15
1516,100,Thalamus,LP,248,0.9881659162449542,250.9700000000039,effect_10-15
1517,102,Thalamus,LP,839,3.343029047296438,250.9700000000039,effect_10-15
1518,104,Thalamus,LP,1804,7.18811013268507,250.9700000000039,effect_10-15
1519,105,Thalamus,LP,1625,6.474877475395365,250.9700000000039,effect_10-15
1520,106,Thalamus,LP,1336,5.323345419771205,250.9700000000039,effect_10-15
1521,110,Thalamus,LP,888,3.5382715065545134,250.9700000000039,effect_10-15
1522,111,Thalamus,LP,837,3.3350599673267203,250.9700000000039,effect_10-15
1523,112,Thalamus,LP,2415,9.622664063433728,250.9700000000039,effect_10-15
1524,114,Thalamus,LP,161,0.6415109375622485,250.9700000000039,effect_10-15
1525,117,Other,DG-mo,2793,11.128820177710312,250.9700000000039,effect_10-15
1526,118,Other,DG-mo,315,1.2551300952304862,250.9700000000039,effect_10-15
1527,120,Other,DG-mo,1588,6.327449495955594,250.9700000000039,effect_10-15
1528,121,Other,DG-mo,5532,22.042475196238254,250.9700000000039,effect_10-15
1529,122,Other,DG-mo,2909,11.591026815953919,250.9700000000039,effect_10-15
1530,123,Other,DG-mo,431,1.7173367334740939,250.9700000000039,effect_10-15
1531,139,Other,DG-mo,1,0.003984539984858686,250.9700000000039,effect_10-15
1532,145,Other,DG-sg,397,1.5818623739888984,250.9700000000039,effect_10-15
1533,160,Other,DG-mo,294,1.1714547555484538,250.9700000000039,effect_10-15
1534,162,Other,DG-mo,3167,12.619038132047459,250.9700000000039,effect_10-15
1535,164,Other,DG-mo,2287,9.112642945371816,250.9700000000039,effect_10-15
1536,166,Other,DG-mo,1465,5.837351077817975,250.9700000000039,effect_10-15
1537,167,Other,DG-mo,898,3.5781169064031,250.9700000000039,effect_10-15
1538,172,Other,DG-mo,3328,13.260549069609707,250.9700000000039,effect_10-15
1539,174,Other,DG-mo,2628,10.471371080208627,250.9700000000039,effect_10-15
1540,179,Other,DG-mo,2741,10.92162409849766,250.9700000000039,effect_10-15
1541,180,Other,CA1,262,1.0439494760329757,250.9700000000039,effect_10-15
1542,183,Other,CA1,3694,14.718890704067986,250.9700000000039,effect_10-15
1543,190,Other,CA1,1218,4.85316970155788,250.9700000000039,effect_10-15
1544,192,Other,CA1,705,2.8091006893253736,250.9700000000039,effect_10-15
1545,193,Other,CA1,2889,11.511336016256745,250.9700000000039,effect_10-15
1546,209,Other,CA1,145,0.5777582978045095,250.9700000000039,effect_10-15
1547,210,Other,CA1,540,2.1516515918236907,250.9700000000039,effect_10-15
1548,211,Other,CA1,56,0.22313423915208644,250.9700000000039,effect_10-15
1549,212,Other,CA1,402,1.6017850739131918,250.9700000000039,effect_10-15
1550,217,Other,CA1,411,1.63764593377692,250.9700000000039,effect_10-15
1551,221,Other,CA1,39,0.15539705940948875,250.9700000000039,effect_10-15
1552,226,Thalamus,MD,182,0.7251862772442809,250.9700000000039,effect_10-15
1553,227,Thalamus,MD,116,0.4622066382436076,250.9700000000039,effect_10-15
1554,228,Thalamus,MD,478,1.904610112762452,250.9700000000039,effect_10-15
1555,230,Thalamus,MD,1302,5.187871060286009,250.9700000000039,effect_10-15
1556,231,Thalamus,MD,70,0.27891779894010804,250.9700000000039,effect_10-15
1557,239,Other,DG-mo,16,0.06375263975773898,250.9700000000039,effect_10-15
1558,242,Other,DG-mo,885,3.526317886599937,250.9700000000039,effect_10-15
1559,243,Other,DG-sg,24,0.09562895963660847,250.9700000000039,effect_10-15
1560,247,Other,DG-sg,74,0.2948559588795428,250.9700000000039,effect_10-15
1561,249,Other,DG-mo,1882,7.498904251504047,250.9700000000039,effect_10-15
1562,253,Other,CA1,2,0.007969079969717373,250.9700000000039,effect_10-15
1563,254,Thalamus,MD,316,1.2591146352153448,250.9700000000039,effect_10-15
1564,256,Other,DG-mo,36,0.1434434394549127,250.9700000000039,effect_10-15
1565,260,Other,DG-sg,0,0.0,250.9700000000039,effect_10-15
1566,272,Other,scwm,8628,34.378610989360745,250.9700000000039,effect_10-15
1567,276,Somatosensory,SSp-tr6a,2596,10.34386580069315,250.9700000000039,effect_10-15
1568,277,Somatosensory,SSp-tr6a,1107,4.410885763238566,250.9700000000039,effect_10-15
1569,279,Somatosensory,SSp-tr6a,494,1.968362752520191,250.9700000000039,effect_10-15
1570,280,Somatosensory,SSp-tr6a,1206,4.805355221739576,250.9700000000039,effect_10-15
1571,281,Somatosensory,SSp-tr6a,1957,7.797744750368449,250.9700000000039,effect_10-15
1572,284,Somatosensory,SSp-tr6a,4068,16.209108658405135,250.9700000000039,effect_10-15
1573,285,Somatosensory,SSp-tr6a,213,0.8487070167749001,250.9700000000039,effect_10-15
1574,287,Somatosensory,SSp-tr6a,2601,10.363788500617442,250.9700000000039,effect_10-15
1575,288,Somatosensory,SSp-tr6a,2647,10.547077339920943,250.9700000000039,effect_10-15
1576,290,Somatosensory,SSp-tr6a,900,3.586085986372818,250.9700000000039,effect_10-15
1577,291,Somatosensory,SSp-tr6a,1257,5.008566760967368,250.9700000000039,effect_10-15
1578,292,Somatosensory,SSp-tr6a,1310,5.219747380164879,250.9700000000039,effect_10-15
1579,300,Somatosensory,SSp-tr5,1599,6.371279435789039,250.9700000000039,effect_10-15
1580,310,Somatosensory,SSp-tr5,1718,6.845439693987223,250.9700000000039,effect_10-15
1581,318,Somatosensory,SSp-tr4,370,1.474279794397714,250.9700000000039,effect_10-15
1582,321,Somatosensory,SSp-tr6a,3612,14.392158425309574,250.9700000000039,effect_10-15
1583,325,Somatosensory,SSp-tr4,16,0.06375263975773898,250.9700000000039,effect_10-15
1584,326,STR,LSr,0,0.0,250.9700000000039,effect_10-15
1585,327,STR,LSr,67,0.266964178985532,250.9700000000039,effect_10-15
1586,329,STR,LSr,826,3.291230027493275,250.9700000000039,effect_10-15
1587,330,STR,LSr,783,3.1198948081443514,250.9700000000039,effect_10-15
1588,331,STR,LSr,1053,4.195720604056197,250.9700000000039,effect_10-15
1589,332,STR,LSr,299,1.1913774554727472,250.9700000000039,effect_10-15
1590,335,STR,LSr,5295,21.098139219826745,250.9700000000039,effect_10-15
1591,338,STR,LSr,288,1.1475475156393016,250.9700000000039,effect_10-15
1592,339,STR,LSr,2264,9.020998525720065,250.9700000000039,effect_10-15
1593,342,STR,LSr,2972,11.842052835000015,250.9700000000039,effect_10-15
1594,343,STR,LSr,93,0.37056221859185784,250.9700000000039,effect_10-15
1595,344,STR,LSr,2001,7.9730645097022315,250.9700000000039,effect_10-15
1596,348,STR,LSr,232,0.9244132764872152,250.9700000000039,effect_10-15
1597,349,STR,LSr,770,3.0680957883411883,250.9700000000039,effect_10-15
1598,350,STR,LSr,1173,4.673865402239239,250.9700000000039,effect_10-15
1599,351,STR,LSr,80,0.3187631987886949,250.9700000000039,effect_10-15
1600,353,STR,LSr,952,3.793282065585469,250.9700000000039,effect_10-15
1601,354,STR,LSr,449,1.78905845320155,250.9700000000039,effect_10-15
1602,355,STR,LSr,844,3.3629517472207313,250.9700000000039,effect_10-15
1603,358,STR,LSr,578,2.3030641112483208,250.9700000000039,effect_10-15
1604,359,STR,LSr,2388,9.515081483842543,250.9700000000039,effect_10-15
1605,360,STR,LSr,19,0.07570625971231504,250.9700000000039,effect_10-15
1606,363,STR,LSr,2523,10.052994381798465,250.9700000000039,effect_10-15
1607,365,STR,LSr,1399,5.574371438817302,250.9700000000039,effect_10-15
1608,366,STR,LSr,135,0.5379128979559227,250.9700000000039,effect_10-15
1609,367,STR,LSr,1114,4.438777543132576,250.9700000000039,effect_10-15
1610,370,STR,LSr,4148,16.52787185719383,250.9700000000039,effect_10-15
1611,371,STR,LSr,753,3.000358608598591,250.9700000000039,effect_10-15
1612,373,STR,LSr,0,0.0,250.9700000000039,effect_10-15
1613,374,STR,LSr,1830,7.291708172291396,250.9700000000039,effect_10-15
1614,376,STR,LSr,2253,8.97716858588662,250.9700000000039,effect_10-15
1615,377,STR,LSr,235,0.9363668964417913,250.9700000000039,effect_10-15
1616,378,STR,LSr,1563,6.227835996334127,250.9700000000039,effect_10-15
1617,379,STR,LSr,790,3.147786588038362,250.9700000000039,effect_10-15
1618,381,STR,LSr,18,0.07172171972745635,250.9700000000039,effect_10-15
1619,382,STR,LSr,575,2.2911104912937446,250.9700000000039,effect_10-15
1620,383,STR,LSr,2060,8.208152368808893,250.9700000000039,effect_10-15
1621,384,STR,LSr,1872,7.459058851655461,250.9700000000039,effect_10-15
1622,387,STR,LSr,3072,12.240506833485885,250.9700000000039,effect_10-15
1623,388,STR,STR,729,2.9047296489619825,250.9700000000039,effect_10-15
1624,390,STR,STR,14,0.05578355978802161,250.9700000000039,effect_10-15
1625,392,STR,STR,3149,12.547316412320002,250.9700000000039,effect_10-15
1626,393,STR,STR,148,0.5897119177590856,250.9700000000039,effect_10-15
1627,394,STR,STR,155,0.6176036976530964,250.9700000000039,effect_10-15
1628,395,STR,STR,21,0.08367533968203242,250.9700000000039,effect_10-15
1629,396,STR,STR,3256,12.973662190699882,250.9700000000039,effect_10-15
1630,397,STR,STR,0,0.0,250.9700000000039,effect_10-15
1631,398,STR,STR,4,0.015938159939434746,250.9700000000039,effect_10-15
1632,399,STR,STR,933,3.717575805873154,250.9700000000039,effect_10-15
1633,400,Other,OLF,1481,5.901103717575714,250.9700000000039,effect_10-15
1634,401,STR,STR,85,0.3386858987129883,250.9700000000039,effect_10-15
1635,402,Other,OLF,1459,5.813443837908824,250.9700000000039,effect_10-15
1636,403,Other,OLF,849,3.3828744471450247,250.9700000000039,effect_10-15
1637,405,Other,OLF,4830,19.245328126867456,250.9700000000039,effect_10-15
1638,407,Other,OLF,2176,8.670359007052502,250.9700000000039,effect_10-15
1639,408,Other,OLF,1509,6.012670837151758,250.9700000000039,effect_10-15
1640,409,Other,OLF,257,1.0240267761086823,250.9700000000039,effect_10-15
1641,412,Other,OLF,219,0.8726142566840522,250.9700000000039,effect_10-15
1642,413,Other,OLF,2102,8.375503048172959,250.9700000000039,effect_10-15
1643,415,Other,OLF,1011,4.028369924692131,250.9700000000039,effect_10-15
1644,419,Other,OLF,3466,13.810415587520206,250.9700000000039,effect_10-15
1645,420,Other,OLF,2834,11.292186317089516,250.9700000000039,effect_10-15
1646,423,Other,OLF,3132,12.479579232577406,250.9700000000039,effect_10-15
1647,426,Other,OLF,182,0.7251862772442809,250.9700000000039,effect_10-15
1648,428,Other,OLF,1899,7.566641431246645,250.9700000000039,effect_10-15
1649,430,Other,OLF,167,0.6654181774714006,250.9700000000039,effect_10-15
1650,432,Other,OLF,1161,4.6260509224209345,250.9700000000039,effect_10-15
1651,433,Other,OLF,106,0.42236123839502077,250.9700000000039,effect_10-15
1652,435,Other,OLF,1522,6.06446985695492,250.9700000000039,effect_10-15
1653,436,Other,OLF,1184,4.717695342072685,250.9700000000039,effect_10-15
1654,437,Other,OLF,18,0.07172171972745635,250.9700000000039,effect_10-15
1655,439,Other,OLF,97,0.38650037853129254,250.9700000000039,effect_10-15
1656,441,Other,OLF,216,0.8606606367294762,250.9700000000039,effect_10-15
1657,443,Other,fa,2778,11.06905207793743,250.9700000000039,effect_10-15
1658,452,Other,fa,1369,5.454835239271541,250.9700000000039,effect_10-15
1659,456,Other,fa,48,0.19125791927321695,250.9700000000039,effect_10-15
1660,458,Other,fa,222,0.8845678766386283,250.9700000000039,effect_10-15
1661,463,Other,fa,1,0.003984539984858686,250.9700000000039,effect_10-15
1662,464,Other,fa,2934,11.690640315575385,250.9700000000039,effect_10-15
1663,469,Other,fa,4,0.015938159939434746,250.9700000000039,effect_10-15
1664,470,Other,fa,1531,6.1003307168186485,250.9700000000039,effect_10-15
1665,471,Other,fa,1577,6.283619556122148,250.9700000000039,effect_10-15
1666,473,Other,fa,422,1.6814758736103657,250.9700000000039,effect_10-15
1667,474,Other,fa,369,1.4702952544128551,250.9700000000039,effect_10-15
1668,477,Other,fa,1390,5.538510578953574,250.9700000000039,effect_10-15
1669,478,Other,fa,545,2.171574291747984,250.9700000000039,effect_10-15
1670,482,Other,fa,1321,5.2635773199983245,250.9700000000039,effect_10-15
1671,483,Other,fa,809,3.223492847750677,250.9700000000039,effect_10-15
1672,485,Other,fa,4,0.015938159939434746,250.9700000000039,effect_10-15
1673,490,Other,fa,443,1.765151213292398,250.9700000000039,effect_10-15
1674,491,Other,fa,192,0.7650316770928678,250.9700000000039,effect_10-15
1675,493,Other,fa,516,2.0560226321870823,250.9700000000039,effect_10-15
1676,498,Other,fa,886,3.530302426584796,250.9700000000039,effect_10-15
1677,500,Other,fa,1028,4.096107104434729,250.9700000000039,effect_10-15
1678,501,Other,fa,470,1.8727337928835825,250.9700000000039,effect_10-15
1679,505,Other,fa,916,3.6498386261305567,250.9700000000039,effect_10-15
1680,510,Other,fa,952,3.793282065585469,250.9700000000039,effect_10-15
1681,513,Other,fa,26,0.10359803960632584,250.9700000000039,effect_10-15
1682,514,Other,fa,8,0.03187631987886949,250.9700000000039,effect_10-15
1683,515,Motor,MOs6b,40,0.15938159939434746,250.9700000000039,effect_10-15
1684,517,Motor,MOs6b,1968,7.841574690201894,250.9700000000039,effect_10-15
1685,518,Motor,MOs6b,1216,4.8452006215881624,250.9700000000039,effect_10-15
1686,520,Motor,MOs6a,86,0.342670438697847,250.9700000000039,effect_10-15
1687,521,Motor,MOs6a,90,0.3586085986372818,250.9700000000039,effect_10-15
1688,522,Motor,MOs6a,1,0.003984539984858686,250.9700000000039,effect_10-15
1689,523,Motor,MOs6a,52,0.20719607921265168,250.9700000000039,effect_10-15
1690,530,Motor,MOs6a,569,2.2672032513845926,250.9700000000039,effect_10-15
1691,533,Motor,MOs6a,0,0.0,250.9700000000039,effect_10-15
1692,534,Motor,MOs6a,568,2.263218711399734,250.9700000000039,effect_10-15
1693,535,Motor,MOs6a,53,0.21118061919751038,250.9700000000039,effect_10-15
1694,536,Motor,MOs6a,1419,5.654062238514475,250.9700000000039,effect_10-15
1695,538,Motor,MOs6a,1073,4.27541140375337,250.9700000000039,effect_10-15
1696,541,Motor,MOs6a,4,0.015938159939434746,250.9700000000039,effect_10-15
1697,542,Motor,MOs6a,661,2.6337809299915915,250.9700000000039,effect_10-15
1698,544,Motor,MOs6a,1118,4.4547157030720115,250.9700000000039,effect_10-15
1699,549,Motor,MOs6a,2172,8.654420847113066,250.9700000000039,effect_10-15
1700,550,Motor,MOs6a,731,2.9126987289316997,250.9700000000039,effect_10-15
1701,551,Motor,MOs6a,607,2.4186157708092226,250.9700000000039,effect_10-15
1702,555,Motor,MOs6a,2671,10.64270629955755,250.9700000000039,effect_10-15
1703,557,Motor,MOs6a,397,1.5818623739888984,250.9700000000039,effect_10-15
1704,560,Motor,MOs6a,87,0.34665497868270573,250.9700000000039,effect_10-15
1705,568,Motor,MOs6a,1163,4.634020002390652,250.9700000000039,effect_10-15
1706,573,Motor,MOs5,269,1.0718412559269865,250.9700000000039,effect_10-15
1707,575,Motor,MOs5,2314,9.220225524963,250.9700000000039,effect_10-15
1708,576,Motor,MOs5,106,0.42236123839502077,250.9700000000039,effect_10-15
1709,578,Motor,MOs5,1991,7.933219109853645,250.9700000000039,effect_10-15
1710,579,Motor,MOs5,869,3.4625652468421984,250.9700000000039,effect_10-15
1711,580,Motor,MOs5,1434,5.713830338287356,250.9700000000039,effect_10-15
1712,582,Motor,MOs5,1131,4.506514722875174,250.9700000000039,effect_10-15
1713,585,Motor,MOs5,526,2.095868032035669,250.9700000000039,effect_10-15
1714,586,Motor,MOs5,1248,4.97270590110364,250.9700000000039,effect_10-15
1715,587,Motor,MOs5,1470,5.857273777742269,250.9700000000039,effect_10-15
1716,588,Motor,MOs5,849,3.3828744471450247,250.9700000000039,effect_10-15
1717,589,Motor,MOs5,174,0.6933099573654115,250.9700000000039,effect_10-15
1718,590,Motor,MOs5,330,1.3148981950033665,250.9700000000039,effect_10-15
1719,591,Motor,MOs5,529,2.107821651990245,250.9700000000039,effect_10-15
1720,593,Motor,MOs5,2179,8.682312627007077,250.9700000000039,effect_10-15
1721,594,Motor,MOs5,505,2.0121926923536364,250.9700000000039,effect_10-15
1722,595,Motor,MOs5,588,2.3429095110969076,250.9700000000039,effect_10-15
1723,597,Motor,MOs5,512,2.0400844722476474,250.9700000000039,effect_10-15
1724,599,Motor,MOs5,67,0.266964178985532,250.9700000000039,effect_10-15
1725,601,Motor,MOs5,304,1.2113001553970406,250.9700000000039,effect_10-15
1726,602,Motor,MOs5,471,1.8767183328684411,250.9700000000039,effect_10-15
1727,603,Motor,MOs5,626,2.4943220305215377,250.9700000000039,effect_10-15
1728,605,Motor,MOs5,1096,4.36705582340512,250.9700000000039,effect_10-15
1729,606,Motor,MOs5,147,0.5857273777742269,250.9700000000039,effect_10-15
1730,609,Motor,MOs5,476,1.8966410327927345,250.9700000000039,effect_10-15
1731,610,Motor,MOs5,93,0.37056221859185784,250.9700000000039,effect_10-15
1732,611,Motor,MOs5,623,2.4823684105669614,250.9700000000039,effect_10-15
1733,612,Motor,MOs5,1033,4.116029804359023,250.9700000000039,effect_10-15
1734,613,Motor,MOs5,326,1.2989600350639317,250.9700000000039,effect_10-15
1735,614,Motor,MOs5,1529,6.092361636848931,250.9700000000039,effect_10-15
1736,615,Motor,MOs5,170,0.6773717974259766,250.9700000000039,effect_10-15
1737,617,Motor,MOs5,650,2.589950990158146,250.9700000000039,effect_10-15
1738,618,Motor,MOs5,559,2.2273578515360057,250.9700000000039,effect_10-15
1739,620,Motor,MOs5,483,1.9245328126867454,250.9700000000039,effect_10-15
1740,622,Motor,MOs5,231,0.9204287365023566,250.9700000000039,effect_10-15
1741,624,Motor,MOs5,96,0.3825158385464339,250.9700000000039,effect_10-15
1742,625,Motor,MOs5,350,1.39458899470054,250.9700000000039,effect_10-15
1743,628,Motor,MOs5,400,1.5938159939434744,250.9700000000039,effect_10-15
1744,630,Motor,MOs5,635,2.530182890385266,250.9700000000039,effect_10-15
1745,631,Motor,MOs5,331,1.318882734988225,250.9700000000039,effect_10-15
1746,632,Motor,MOs5,1174,4.677849942224098,250.9700000000039,effect_10-15
1747,635,Motor,MOs5,574,2.287125951308886,250.9700000000039,effect_10-15
1748,637,Motor,MOs5,0,0.0,250.9700000000039,effect_10-15
1749,638,Motor,MOs5,820,3.267322787584123,250.9700000000039,effect_10-15
1750,639,Motor,MOs5,537,2.1396979718691145,250.9700000000039,effect_10-15
1751,651,Motor,MOs5,57,0.22711877913694511,250.9700000000039,effect_10-15
1752,653,Motor,MOs5,0,0.0,250.9700000000039,effect_10-15
1753,664,Motor,MOs2/3,4,0.015938159939434746,250.9700000000039,effect_10-15
1754,680,STR,LSr,188,0.749093517153433,250.9700000000039,effect_10-15
1755,681,STR,LSr,60,0.23907239909152117,250.9700000000039,effect_10-15
1756,683,STR,LSr,733,2.920667808901417,250.9700000000039,effect_10-15
1757,686,STR,LSr,1321,5.2635773199983245,250.9700000000039,effect_10-15
1758,688,STR,LSr,244,0.9722277563055195,250.9700000000039,effect_10-15
1759,691,STR,LSr,691,2.7533171295373524,250.9700000000039,effect_10-15
1760,692,STR,LSr,985,3.9247718850858058,250.9700000000039,effect_10-15
1761,693,STR,LSr,864,3.442642546917905,250.9700000000039,effect_10-15
1762,694,STR,LSr,318,1.2670837151850622,250.9700000000039,effect_10-15
1763,698,STR,LSr,555,2.211419691596571,250.9700000000039,effect_10-15
1764,699,STR,LSr,210,0.8367533968203241,250.9700000000039,effect_10-15
1765,700,STR,LSr,175,0.69729449735027,250.9700000000039,effect_10-15
1766,701,STR,LSr,1149,4.5782364426026305,250.9700000000039,effect_10-15
1767,703,STR,LSr,1032,4.1120452643741645,250.9700000000039,effect_10-15
1768,706,STR,LSr,68,0.2709487189703907,250.9700000000039,effect_10-15
1769,707,STR,LSr,2142,8.534884647567306,250.9700000000039,effect_10-15
1770,708,STR,LSr,25,0.09961349962146715,250.9700000000039,effect_10-15
1771,709,STR,STR,171,0.6813563374108353,250.9700000000039,effect_10-15
1772,711,STR,STR,631,2.514244730445831,250.9700000000039,effect_10-15
1773,712,Other,OLF,67,0.266964178985532,250.9700000000039,effect_10-15
1774,713,Other,OLF,381,1.5181097342311594,250.9700000000039,effect_10-15
1775,714,Other,OLF,372,1.4822488743674314,250.9700000000039,effect_10-15
1776,715,Other,OLF,1151,4.586205522572348,250.9700000000039,effect_10-15
1777,716,Other,OLF,22,0.0876598796668911,250.9700000000039,effect_10-15
1778,717,Other,OLF,712,2.8369924692193846,250.9700000000039,effect_10-15
1779,718,Other,OLF,18,0.07172171972745635,250.9700000000039,effect_10-15
1780,719,Other,OLF,534,2.1277443519145383,250.9700000000039,effect_10-15
1781,722,Other,OLF,30,0.11953619954576059,250.9700000000039,effect_10-15
1782,726,Other,fa,165,0.6574490975016832,250.9700000000039,effect_10-15
1783,731,Other,fa,913,3.6378850061759804,250.9700000000039,effect_10-15
1784,732,Other,fa,1211,4.8252779216638695,250.9700000000039,effect_10-15
1785,733,Other,fa,304,1.2113001553970406,250.9700000000039,effect_10-15
1786,735,Other,fa,25,0.09961349962146715,250.9700000000039,effect_10-15
1787,737,Motor,MOs6a,17,0.06773717974259767,250.9700000000039,effect_10-15
1788,738,Motor,MOs6a,358,1.4264653145794097,250.9700000000039,effect_10-15
1789,739,Motor,MOs6a,9,0.035860859863728174,250.9700000000039,effect_10-15
1790,741,Motor,MOs6a,111,0.4422839383193142,250.9700000000039,effect_10-15
1791,743,Motor,MOs6a,10,0.039845399848586864,250.9700000000039,effect_10-15
1792,745,Motor,MOs6a,31,0.12352073953061928,250.9700000000039,effect_10-15
1793,747,Motor,MOs6a,34,0.13547435948519534,250.9700000000039,effect_10-15
1794,748,Motor,MOs6a,813,3.239431007690112,250.9700000000039,effect_10-15
1795,750,Motor,MOs6a,606,2.414631230824364,250.9700000000039,effect_10-15
1796,755,Motor,MOs6a,771,3.072080328326047,250.9700000000039,effect_10-15
1797,757,Motor,MOs6a,31,0.12352073953061928,250.9700000000039,effect_10-15
1798,761,Motor,MOs5,155,0.6176036976530964,250.9700000000039,effect_10-15
1799,762,Motor,MOs5,117,0.4661911782284663,250.9700000000039,effect_10-15
1800,763,Motor,MOs5,716,2.8529306291588195,250.9700000000039,effect_10-15
1801,764,Motor,MOs5,276,1.0997330358209974,250.9700000000039,effect_10-15
1802,766,Motor,MOs5,25,0.09961349962146715,250.9700000000039,effect_10-15
1803,767,Motor,MOs5,0,0.0,250.9700000000039,effect_10-15
1804,768,Motor,MOs5,395,1.573893294019181,250.9700000000039,effect_10-15
1805,770,Motor,MOs5,230,0.9164441965174979,250.9700000000039,effect_10-15
1806,774,Motor,MOs5,716,2.8529306291588195,250.9700000000039,effect_10-15
1807,775,Motor,MOs5,178,0.7092481173048462,250.9700000000039,effect_10-15
1808,776,Motor,MOs5,214,0.8526915567597588,250.9700000000039,effect_10-15
1809,779,Motor,MOs5,236,0.94035143642665,250.9700000000039,effect_10-15
1810,780,Motor,MOs5,203,0.8088616169263133,250.9700000000039,effect_10-15
1811,781,Motor,MOs5,0,0.0,250.9700000000039,effect_10-15
1812,787,Motor,MOs5,0,0.0,250.9700000000039,effect_10-15
1813,789,Motor,MOs5,60,0.23907239909152117,250.9700000000039,effect_10-15
1814,790,Motor,MOs5,66,0.2629796390006733,250.9700000000039,effect_10-15
1815,794,Motor,MOs2/3,2,0.007969079969717373,250.9700000000039,effect_10-15
1816,818,STR,LSr,78,0.3107941188189775,250.9700000000039,effect_10-15
1817,821,STR,LSr,57,0.22711877913694511,250.9700000000039,effect_10-15
1818,823,Other,OLF,1635,6.514722875243952,250.9700000000039,effect_10-15
1819,826,Motor,MOs6a,58,0.2311033191218038,250.9700000000039,effect_10-15
1820,828,Motor,MOs6a,293,1.167470215563595,250.9700000000039,effect_10-15
1821,829,Motor,MOs6a,42,0.16735067936406484,250.9700000000039,effect_10-15
1822,830,Motor,MOs5,5,0.019922699924293432,250.9700000000039,effect_10-15
1823,831,Motor,MOs5,654,2.605889150097581,250.9700000000039,effect_10-15
1824,836,Motor,MOs5,148,0.5897119177590856,250.9700000000039,effect_10-15
1825,837,Motor,MOs5,470,1.8727337928835825,250.9700000000039,effect_10-15
1826,843,STR,LSr,74,0.2948559588795428,250.9700000000039,effect_10-15
1827,844,Motor,MOs6a,0,0.0,250.9700000000039,effect_10-15
1828,846,Motor,MOs5,126,0.5020520380921945,250.9700000000039,effect_10-15
1829,850,STR,LSr,590,2.350878591066625,250.9700000000039,effect_10-15
1830,854,Motor,MOs6a,14,0.05578355978802161,250.9700000000039,effect_10-15
1831,857,Motor,MOs5,821,3.2713073275689815,250.9700000000039,effect_10-15
1832,861,Other,fa,0,0.0,250.9700000000039,effect_10-15
1833,862,Motor,MOs5,291,1.1595011355938778,250.9700000000039,effect_10-15
1834,864,Other,fa,37,0.1474279794397714,250.9700000000039,effect_10-15
1835,0,Thalamus,MD,1443,5.852056127828364,246.58000000001402,effect_15-20
1836,1,Thalamus,MD,1469,5.957498580582028,246.58000000001402,effect_15-20
1837,5,Thalamus,MD,5038,20.431502960498474,246.58000000001402,effect_15-20
1838,6,Thalamus,MD,118,0.47854651634355294,246.58000000001402,effect_15-20
1839,8,Thalamus,MD,6928,28.096358179899447,246.58000000001402,effect_15-20
1840,10,Thalamus,MD,20444,82.91021169599658,246.58000000001402,effect_15-20
1841,15,Thalamus,MD,768,3.1146078351851583,246.58000000001402,effect_15-20
1842,16,Thalamus,MD,93,0.3771595425419528,246.58000000001402,effect_15-20
1843,21,Thalamus,MD,2208,8.95449752615733,246.58000000001402,effect_15-20
1844,22,Thalamus,MD,3194,12.953199772892441,246.58000000001402,effect_15-20
1845,23,Thalamus,MD,421,1.7073566388189474,246.58000000001402,effect_15-20
1846,24,Thalamus,MD,338,1.3707518857976349,246.58000000001402,effect_15-20
1847,26,Thalamus,MD,1084,4.396139184037385,246.58000000001402,effect_15-20
1848,28,Thalamus,MD,6519,26.43766728850527,246.58000000001402,effect_15-20
1849,29,Thalamus,MD,3177,12.884256630707354,246.58000000001402,effect_15-20
1850,30,Thalamus,MD,1900,7.705410008921615,246.58000000001402,effect_15-20
1851,38,Thalamus,MD,226,0.9165382431664658,246.58000000001402,effect_15-20
1852,39,Thalamus,MD,618,2.506285992375557,246.58000000001402,effect_15-20
1853,41,Thalamus,MD,17,0.06894314218508814,246.58000000001402,effect_15-20
1854,44,Thalamus,MD,263,1.0665909643928342,246.58000000001402,effect_15-20
1855,45,Thalamus,MD,3500,14.194176332224028,246.58000000001402,effect_15-20
1856,46,Thalamus,MD,1489,6.038608159623308,246.58000000001402,effect_15-20
1857,47,Thalamus,MD,2008,8.14340173574453,246.58000000001402,effect_15-20
1858,48,Thalamus,MD,1179,4.7814096844834655,246.58000000001402,effect_15-20
1859,50,Thalamus,MD,1599,6.484710844350349,246.58000000001402,effect_15-20
1860,51,Thalamus,MD,361,1.464027901695107,246.58000000001402,effect_15-20
1861,52,Thalamus,MD,1518,6.156217049233164,246.58000000001402,effect_15-20
1862,53,Thalamus,MD,2105,8.536783194094737,246.58000000001402,effect_15-20
1863,54,Thalamus,MD,203,0.8232622272689937,246.58000000001402,effect_15-20
1864,58,Thalamus,MD,4617,18.724146321679527,246.58000000001402,effect_15-20
1865,59,Thalamus,MD,1660,6.7320950604262535,246.58000000001402,effect_15-20
1866,60,Thalamus,MD,823,3.337659177548679,246.58000000001402,effect_15-20
1867,61,Thalamus,MD,3067,12.438153945980313,246.58000000001402,effect_15-20
1868,64,Thalamus,MD,278,1.1274231486737942,246.58000000001402,effect_15-20
1869,65,Thalamus,MD,575,2.331900397436805,246.58000000001402,effect_15-20
1870,67,Thalamus,MD,2141,8.682780436369042,246.58000000001402,effect_15-20
1871,69,Thalamus,MD,850,3.447157109254407,246.58000000001402,effect_15-20
1872,71,Thalamus,MD,740,3.001054424527366,246.58000000001402,effect_15-20
1873,73,Thalamus,MD,1367,5.543839727471499,246.58000000001402,effect_15-20
1874,74,Thalamus,MD,753,3.053775650904198,246.58000000001402,effect_15-20
1875,76,Thalamus,MD,808,3.2768269932677185,246.58000000001402,effect_15-20
1876,79,Thalamus,MD,341,1.3829183226538269,246.58000000001402,effect_15-20
1877,80,Thalamus,MD,1594,6.464433449590029,246.58000000001402,effect_15-20
1878,81,Thalamus,MD,1540,6.245437586178572,246.58000000001402,effect_15-20
1879,82,Thalamus,MD,562,2.2791791710599725,246.58000000001402,effect_15-20
1880,83,Thalamus,MD,2768,11.225565739313174,246.58000000001402,effect_15-20
1881,84,Thalamus,MD,2976,12.069105361342489,246.58000000001402,effect_15-20
1882,86,Thalamus,MD,1425,5.7790575066912115,246.58000000001402,effect_15-20
1883,100,Thalamus,LP,245,0.993592343255682,246.58000000001402,effect_15-20
1884,102,Thalamus,LP,594,2.408954497526021,246.58000000001402,effect_15-20
1885,104,Thalamus,LP,985,3.994646767783048,246.58000000001402,effect_15-20
1886,105,Thalamus,LP,1806,7.324194987427599,246.58000000001402,effect_15-20
1887,106,Thalamus,LP,753,3.053775650904198,246.58000000001402,effect_15-20
1888,110,Thalamus,LP,777,3.1511071457537345,246.58000000001402,effect_15-20
1889,111,Thalamus,LP,666,2.7009489820746295,246.58000000001402,effect_15-20
1890,112,Thalamus,LP,1643,6.663151918241165,246.58000000001402,effect_15-20
1891,114,Thalamus,LP,129,0.523156784816257,246.58000000001402,effect_15-20
1892,117,Other,DG-mo,2334,9.465487874117395,246.58000000001402,effect_15-20
1893,118,Other,DG-mo,220,0.8922053694540818,246.58000000001402,effect_15-20
1894,120,Other,DG-mo,969,3.929759104550024,246.58000000001402,effect_15-20
1895,121,Other,DG-mo,5353,21.708978830398635,246.58000000001402,effect_15-20
1896,122,Other,DG-mo,1976,8.01362640927848,246.58000000001402,effect_15-20
1897,123,Other,DG-mo,353,1.431584070078595,246.58000000001402,effect_15-20
1898,139,Other,DG-mo,3,0.012166436856192024,246.58000000001402,effect_15-20
1899,145,Other,DG-sg,324,1.3139751804687387,246.58000000001402,effect_15-20
1900,160,Other,DG-mo,276,1.1193121907696661,246.58000000001402,effect_15-20
1901,162,Other,DG-mo,2382,9.660150863816467,246.58000000001402,effect_15-20
1902,164,Other,DG-mo,2038,8.265066104306449,246.58000000001402,effect_15-20
1903,166,Other,DG-mo,1271,5.154513748073354,246.58000000001402,effect_15-20
1904,167,Other,DG-mo,848,3.439046151350279,246.58000000001402,effect_15-20
1905,172,Other,DG-mo,3088,12.523319003973658,246.58000000001402,effect_15-20
1906,174,Other,DG-mo,2481,10.061643280070804,246.58000000001402,effect_15-20
1907,179,Other,DG-mo,2850,11.558115013382423,246.58000000001402,effect_15-20
1908,180,Other,CA1,229,0.9287046800226578,246.58000000001402,effect_15-20
1909,183,Other,CA1,3212,13.026198394029594,246.58000000001402,effect_15-20
1910,190,Other,CA1,1459,5.916943791061388,246.58000000001402,effect_15-20
1911,192,Other,CA1,872,3.536377646199815,246.58000000001402,effect_15-20
1912,193,Other,CA1,2435,9.87509124827586,246.58000000001402,effect_15-20
1913,209,Other,CA1,177,0.7178197745153294,246.58000000001402,effect_15-20
1914,210,Other,CA1,488,1.979073728607236,246.58000000001402,effect_15-20
1915,211,Other,CA1,22,0.08922053694540819,246.58000000001402,effect_15-20
1916,212,Other,CA1,278,1.1274231486737942,246.58000000001402,effect_15-20
1917,217,Other,CA1,716,2.90372292967783,246.58000000001402,effect_15-20
1918,221,Other,CA1,7,0.028388352664448058,246.58000000001402,effect_15-20
1919,226,Thalamus,MD,143,0.5799334901451532,246.58000000001402,effect_15-20
1920,227,Thalamus,MD,105,0.42582528996672087,246.58000000001402,effect_15-20
1921,228,Thalamus,MD,440,1.7844107389081636,246.58000000001402,effect_15-20
1922,230,Thalamus,MD,1160,4.704355584394249,246.58000000001402,effect_15-20
1923,231,Thalamus,MD,89,0.3609376267336967,246.58000000001402,effect_15-20
1924,239,Other,DG-mo,11,0.04461026847270409,246.58000000001402,effect_15-20
1925,242,Other,DG-mo,491,1.991240165463428,246.58000000001402,effect_15-20
1926,243,Other,DG-sg,15,0.06083218428096012,246.58000000001402,effect_15-20
1927,247,Other,DG-sg,47,0.19060751074700838,246.58000000001402,effect_15-20
1928,249,Other,DG-mo,1443,5.852056127828364,246.58000000001402,effect_15-20
1929,253,Other,CA1,0,0.0,246.58000000001402,effect_15-20
1930,254,Thalamus,MD,458,1.8574093600453156,246.58000000001402,effect_15-20
1931,256,Other,DG-mo,43,0.17438559493875236,246.58000000001402,effect_15-20
1932,260,Other,DG-sg,0,0.0,246.58000000001402,effect_15-20
1933,272,Other,scwm,8436,34.212020439611976,246.58000000001402,effect_15-20
1934,276,Somatosensory,SSp-tr6a,2290,9.287046800226578,246.58000000001402,effect_15-20
1935,277,Somatosensory,SSp-tr6a,327,1.3261416173249307,246.58000000001402,effect_15-20
1936,279,Somatosensory,SSp-tr6a,291,1.1801443750506264,246.58000000001402,effect_15-20
1937,280,Somatosensory,SSp-tr6a,819,3.3214372617404226,246.58000000001402,effect_15-20
1938,281,Somatosensory,SSp-tr6a,2053,8.325898288587409,246.58000000001402,effect_15-20
1939,284,Somatosensory,SSp-tr6a,4376,17.7467758942321,246.58000000001402,effect_15-20
1940,285,Somatosensory,SSp-tr6a,122,0.494768432151809,246.58000000001402,effect_15-20
1941,287,Somatosensory,SSp-tr6a,2703,10.961959607429014,246.58000000001402,effect_15-20
1942,288,Somatosensory,SSp-tr6a,2959,12.0001622191574,246.58000000001402,effect_15-20
1943,290,Somatosensory,SSp-tr6a,1789,7.25525184524251,246.58000000001402,effect_15-20
1944,291,Somatosensory,SSp-tr6a,795,3.2241057668908866,246.58000000001402,effect_15-20
1945,292,Somatosensory,SSp-tr6a,934,3.787817341227784,246.58000000001402,effect_15-20
1946,300,Somatosensory,SSp-tr5,1344,5.450563711574027,246.58000000001402,effect_15-20
1947,310,Somatosensory,SSp-tr5,1831,7.425581961229199,246.58000000001402,effect_15-20
1948,318,Somatosensory,SSp-tr4,434,1.7600778651957796,246.58000000001402,effect_15-20
1949,321,Somatosensory,SSp-tr6a,4309,17.47505880444381,246.58000000001402,effect_15-20
1950,325,Somatosensory,SSp-tr4,3,0.012166436856192024,246.58000000001402,effect_15-20
1951,326,STR,LSr,9,0.036499310568576075,246.58000000001402,effect_15-20
1952,327,STR,LSr,134,0.5434341795765771,246.58000000001402,effect_15-20
1953,329,STR,LSr,798,3.2362722037470784,246.58000000001402,effect_15-20
1954,330,STR,LSr,753,3.053775650904198,246.58000000001402,effect_15-20
1955,331,STR,LSr,999,4.051423473111944,246.58000000001402,effect_15-20
1956,332,STR,LSr,407,1.6505799334900513,246.58000000001402,effect_15-20
1957,335,STR,LSr,5018,20.35039338145719,246.58000000001402,effect_15-20
1958,338,STR,LSr,211,0.8557060588855057,246.58000000001402,effect_15-20
1959,339,STR,LSr,2042,8.281288020114705,246.58000000001402,effect_15-20
1960,342,STR,LSr,3011,12.211047124664729,246.58000000001402,effect_15-20
1961,343,STR,LSr,95,0.3852705004460808,246.58000000001402,effect_15-20
1962,344,STR,LSr,1982,8.037959282990863,246.58000000001402,effect_15-20
1963,348,STR,LSr,312,1.2653094330439705,246.58000000001402,effect_15-20
1964,349,STR,LSr,667,2.7050044610266935,246.58000000001402,effect_15-20
1965,350,STR,LSr,1174,4.761132289723146,246.58000000001402,effect_15-20
1966,351,STR,LSr,106,0.42988076891878485,246.58000000001402,effect_15-20
1967,353,STR,LSr,778,3.1551626247057984,246.58000000001402,effect_15-20
1968,354,STR,LSr,310,1.2571984751398426,246.58000000001402,effect_15-20
1969,355,STR,LSr,785,3.1835509773702464,246.58000000001402,effect_15-20
1970,358,STR,LSr,371,1.504582691215747,246.58000000001402,effect_15-20
1971,359,STR,LSr,2560,10.38202611728386,246.58000000001402,effect_15-20
1972,360,STR,LSr,23,0.09327601589747218,246.58000000001402,effect_15-20
1973,363,STR,LSr,2466,10.000811095789844,246.58000000001402,effect_15-20
1974,365,STR,LSr,1525,6.184605401897612,246.58000000001402,effect_15-20
1975,366,STR,LSr,55,0.22305134236352045,246.58000000001402,effect_15-20
1976,367,STR,LSr,1347,5.462730148430219,246.58000000001402,effect_15-20
1977,370,STR,LSr,3916,15.881255576282657,246.58000000001402,effect_15-20
1978,371,STR,LSr,715,2.8996674507257656,246.58000000001402,effect_15-20
1979,373,STR,LSr,0,0.0,246.58000000001402,effect_15-20
1980,374,STR,LSr,1751,7.101143645064078,246.58000000001402,effect_15-20
1981,376,STR,LSr,1905,7.725687403681936,246.58000000001402,effect_15-20
1982,377,STR,LSr,264,1.0706464433448981,246.58000000001402,effect_15-20
1983,378,STR,LSr,1489,6.038608159623308,246.58000000001402,effect_15-20
1984,379,STR,LSr,442,1.7925216968122917,246.58000000001402,effect_15-20
1985,381,STR,LSr,45,0.18249655284288036,246.58000000001402,effect_15-20
1986,382,STR,LSr,489,1.9831292075593,246.58000000001402,effect_15-20
1987,383,STR,LSr,1823,7.393138129612687,246.58000000001402,effect_15-20
1988,384,STR,LSr,2319,9.404655689836435,246.58000000001402,effect_15-20
1989,387,STR,LSr,2975,12.065049882390424,246.58000000001402,effect_15-20
1990,388,STR,STR,604,2.449509287046661,246.58000000001402,effect_15-20
1991,390,STR,STR,21,0.08516505799334417,246.58000000001402,effect_15-20
1992,392,STR,STR,3121,12.65714980939177,246.58000000001402,effect_15-20
1993,393,STR,STR,680,2.7577256874035254,246.58000000001402,effect_15-20
1994,394,STR,STR,108,0.4379917268229129,246.58000000001402,effect_15-20
1995,395,STR,STR,94,0.38121502149401676,246.58000000001402,effect_15-20
1996,396,STR,STR,3295,13.362803147050906,246.58000000001402,effect_15-20
1997,397,STR,STR,0,0.0,246.58000000001402,effect_15-20
1998,398,STR,STR,46,0.18655203179494437,246.58000000001402,effect_15-20
1999,399,STR,STR,925,3.7513180306592075,246.58000000001402,effect_15-20
2000,400,Other,OLF,907,3.6783194095220555,246.58000000001402,effect_15-20
2001,401,STR,STR,51,0.2068294265552644,246.58000000001402,effect_15-20
2002,402,Other,OLF,1230,4.98823911103873,246.58000000001402,effect_15-20
2003,403,Other,OLF,921,3.7350961148509514,246.58000000001402,effect_15-20
2004,405,Other,OLF,4898,19.863735907209513,246.58000000001402,effect_15-20
2005,407,Other,OLF,2816,11.420228729012248,246.58000000001402,effect_15-20
2006,408,Other,OLF,1249,5.065293211127946,246.58000000001402,effect_15-20
2007,409,Other,OLF,165,0.6691540270905614,246.58000000001402,effect_15-20
2008,412,Other,OLF,225,0.9124827642144018,246.58000000001402,effect_15-20
2009,413,Other,OLF,1684,6.82942655527579,246.58000000001402,effect_15-20
2010,415,Other,OLF,783,3.1754400194661185,246.58000000001402,effect_15-20
2011,419,Other,OLF,3363,13.638575715791259,246.58000000001402,effect_15-20
2012,420,Other,OLF,3650,14.80249817503363,246.58000000001402,effect_15-20
2013,423,Other,OLF,3219,13.054586746694042,246.58000000001402,effect_15-20
2014,426,Other,OLF,140,0.5677670532889612,246.58000000001402,effect_15-20
2015,428,Other,OLF,2139,8.674669478464914,246.58000000001402,effect_15-20
2016,430,Other,OLF,94,0.38121502149401676,246.58000000001402,effect_15-20
2017,432,Other,OLF,2421,9.818314542946963,246.58000000001402,effect_15-20
2018,433,Other,OLF,82,0.33254927406924867,246.58000000001402,effect_15-20
2019,435,Other,OLF,1502,6.09132938600014,246.58000000001402,effect_15-20
2020,436,Other,OLF,1319,5.349176737772427,246.58000000001402,effect_15-20
2021,437,Other,OLF,14,0.056776705328896115,246.58000000001402,effect_15-20
2022,439,Other,OLF,193,0.7827074377483536,246.58000000001402,effect_15-20
2023,441,Other,OLF,133,0.5393787006245131,246.58000000001402,effect_15-20
2024,443,Other,fa,2433,9.866980290371732,246.58000000001402,effect_15-20
2025,452,Other,fa,1319,5.349176737772427,246.58000000001402,effect_15-20
2026,456,Other,fa,5,0.02027739476032004,246.58000000001402,effect_15-20
2027,458,Other,fa,129,0.523156784816257,246.58000000001402,effect_15-20
2028,463,Other,fa,3,0.012166436856192024,246.58000000001402,effect_15-20
2029,464,Other,fa,2745,11.132289723415703,246.58000000001402,effect_15-20
2030,469,Other,fa,62,0.2514396950279685,246.58000000001402,effect_15-20
2031,470,Other,fa,1540,6.245437586178572,246.58000000001402,effect_15-20
2032,471,Other,fa,1622,6.5779868602478215,246.58000000001402,effect_15-20
2033,473,Other,fa,239,0.9692594695432979,246.58000000001402,effect_15-20
2034,474,Other,fa,314,1.2734203909480986,246.58000000001402,effect_15-20
2035,477,Other,fa,1250,5.06934869008001,246.58000000001402,effect_15-20
2036,478,Other,fa,545,2.2102360288748844,246.58000000001402,effect_15-20
2037,482,Other,fa,1380,5.596560953848331,246.58000000001402,effect_15-20
2038,483,Other,fa,662,2.6847270662663734,246.58000000001402,effect_15-20
2039,485,Other,fa,14,0.056776705328896115,246.58000000001402,effect_15-20
2040,490,Other,fa,580,2.3521777921971245,246.58000000001402,effect_15-20
2041,491,Other,fa,139,0.5637115743368971,246.58000000001402,effect_15-20
2042,493,Other,fa,678,2.7496147294993976,246.58000000001402,effect_15-20
2043,498,Other,fa,999,4.051423473111944,246.58000000001402,effect_15-20
2044,500,Other,fa,730,2.960499635006726,246.58000000001402,effect_15-20
2045,501,Other,fa,397,1.6100251439694113,246.58000000001402,effect_15-20
2046,505,Other,fa,640,2.595506529320965,246.58000000001402,effect_15-20
2047,510,Other,fa,1063,4.310974126044041,246.58000000001402,effect_15-20
2048,513,Other,fa,20,0.08110957904128016,246.58000000001402,effect_15-20
2049,514,Other,fa,16,0.06488766323302413,246.58000000001402,effect_15-20
2050,515,Motor,MOs6b,23,0.09327601589747218,246.58000000001402,effect_15-20
2051,517,Motor,MOs6b,1287,5.219401411306379,246.58000000001402,effect_15-20
2052,518,Motor,MOs6b,909,3.6864303674261834,246.58000000001402,effect_15-20
2053,520,Motor,MOs6a,70,0.2838835266444806,246.58000000001402,effect_15-20
2054,521,Motor,MOs6a,82,0.33254927406924867,246.58000000001402,effect_15-20
2055,522,Motor,MOs6a,0,0.0,246.58000000001402,effect_15-20
2056,523,Motor,MOs6a,45,0.18249655284288036,246.58000000001402,effect_15-20
2057,530,Motor,MOs6a,367,1.488360775407491,246.58000000001402,effect_15-20
2058,533,Motor,MOs6a,0,0.0,246.58000000001402,effect_15-20
2059,534,Motor,MOs6a,340,1.3788628437017627,246.58000000001402,effect_15-20
2060,535,Motor,MOs6a,78,0.3163273582609926,246.58000000001402,effect_15-20
2061,536,Motor,MOs6a,940,3.812150214940168,246.58000000001402,effect_15-20
2062,538,Motor,MOs6a,708,2.8712790980613176,246.58000000001402,effect_15-20
2063,541,Motor,MOs6a,5,0.02027739476032004,246.58000000001402,effect_15-20
2064,542,Motor,MOs6a,743,3.013220861383558,246.58000000001402,effect_15-20
2065,544,Motor,MOs6a,969,3.929759104550024,246.58000000001402,effect_15-20
2066,549,Motor,MOs6a,2451,9.939978911508884,246.58000000001402,effect_15-20
2067,550,Motor,MOs6a,1157,4.692189147538057,246.58000000001402,effect_15-20
2068,551,Motor,MOs6a,605,2.453564765998725,246.58000000001402,effect_15-20
2069,555,Motor,MOs6a,2297,9.315435152891027,246.58000000001402,effect_15-20
2070,557,Motor,MOs6a,283,1.1477005434341143,246.58000000001402,effect_15-20
2071,560,Motor,MOs6a,115,0.46638007948736093,246.58000000001402,effect_15-20
2072,568,Motor,MOs6a,1446,5.864222564684556,246.58000000001402,effect_15-20
2073,573,Motor,MOs5,254,1.0300916538242582,246.58000000001402,effect_15-20
2074,575,Motor,MOs5,2472,10.025143969502228,246.58000000001402,effect_15-20
2075,576,Motor,MOs5,131,0.531267742720385,246.58000000001402,effect_15-20
2076,578,Motor,MOs5,1959,7.944683267093392,246.58000000001402,effect_15-20
2077,579,Motor,MOs5,762,3.0902749614727743,246.58000000001402,effect_15-20
2078,580,Motor,MOs5,1570,6.367101954740493,246.58000000001402,effect_15-20
2079,582,Motor,MOs5,1168,4.736799416010761,246.58000000001402,effect_15-20
2080,585,Motor,MOs5,491,1.991240165463428,246.58000000001402,effect_15-20
2081,586,Motor,MOs5,1572,6.375212912644621,246.58000000001402,effect_15-20
2082,587,Motor,MOs5,1136,4.607024089544713,246.58000000001402,effect_15-20
2083,588,Motor,MOs5,699,2.834779787492742,246.58000000001402,effect_15-20
2084,589,Motor,MOs5,294,1.1923108119068184,246.58000000001402,effect_15-20
2085,590,Motor,MOs5,476,1.930407981182468,246.58000000001402,effect_15-20
2086,591,Motor,MOs5,574,2.3278449184847405,246.58000000001402,effect_15-20
2087,593,Motor,MOs5,2269,9.201881742233235,246.58000000001402,effect_15-20
2088,594,Motor,MOs5,404,1.6384134966338593,246.58000000001402,effect_15-20
2089,595,Motor,MOs5,633,2.567118176656517,246.58000000001402,effect_15-20
2090,597,Motor,MOs5,508,2.0601833076485163,246.58000000001402,effect_15-20
2091,599,Motor,MOs5,94,0.38121502149401676,246.58000000001402,effect_15-20
2092,601,Motor,MOs5,288,1.1679779381944344,246.58000000001402,effect_15-20
2093,602,Motor,MOs5,459,1.8614648389973798,246.58000000001402,effect_15-20
2094,603,Motor,MOs5,635,2.575229134560645,246.58000000001402,effect_15-20
2095,605,Motor,MOs5,1206,4.890907616189194,246.58000000001402,effect_15-20
2096,606,Motor,MOs5,250,1.013869738016002,246.58000000001402,effect_15-20
2097,609,Motor,MOs5,214,0.8678724957416978,246.58000000001402,effect_15-20
2098,610,Motor,MOs5,310,1.2571984751398426,246.58000000001402,effect_15-20
2099,611,Motor,MOs5,848,3.439046151350279,246.58000000001402,effect_15-20
2100,612,Motor,MOs5,1059,4.294752210235784,246.58000000001402,effect_15-20
2101,613,Motor,MOs5,307,1.2450320382836504,246.58000000001402,effect_15-20
2102,614,Motor,MOs5,1859,7.539135371886991,246.58000000001402,effect_15-20
2103,615,Motor,MOs5,117,0.47449103739148896,246.58000000001402,effect_15-20
2104,617,Motor,MOs5,617,2.502230513423493,246.58000000001402,effect_15-20
2105,618,Motor,MOs5,643,2.6076729661771574,246.58000000001402,effect_15-20
2106,620,Motor,MOs5,592,2.400843539621893,246.58000000001402,effect_15-20
2107,622,Motor,MOs5,241,0.977370427447426,246.58000000001402,effect_15-20
2108,624,Motor,MOs5,71,0.28793900559654456,246.58000000001402,effect_15-20
2109,625,Motor,MOs5,615,2.494119555519365,246.58000000001402,effect_15-20
2110,628,Motor,MOs5,602,2.4413983291425327,246.58000000001402,effect_15-20
2111,630,Motor,MOs5,681,2.7617811663555893,246.58000000001402,effect_15-20
2112,631,Motor,MOs5,283,1.1477005434341143,246.58000000001402,effect_15-20
2113,632,Motor,MOs5,1261,5.113958958552714,246.58000000001402,effect_15-20
2114,635,Motor,MOs5,578,2.3440668342929967,246.58000000001402,effect_15-20
2115,637,Motor,MOs5,3,0.012166436856192024,246.58000000001402,effect_15-20
2116,638,Motor,MOs5,734,2.976721550814982,246.58000000001402,effect_15-20
2117,639,Motor,MOs5,402,1.6303025387297312,246.58000000001402,effect_15-20
2118,651,Motor,MOs5,58,0.23521777921971246,246.58000000001402,effect_15-20
2119,653,Motor,MOs5,0,0.0,246.58000000001402,effect_15-20
2120,664,Motor,MOs2/3,0,0.0,246.58000000001402,effect_15-20
2121,680,STR,LSr,245,0.993592343255682,246.58000000001402,effect_15-20
2122,681,STR,LSr,115,0.46638007948736093,246.58000000001402,effect_15-20
2123,683,STR,LSr,470,1.906075107470084,246.58000000001402,effect_15-20
2124,686,STR,LSr,1135,4.602968610592649,246.58000000001402,effect_15-20
2125,688,STR,LSr,332,1.3464190120852506,246.58000000001402,effect_15-20
2126,691,STR,LSr,900,3.649931056857607,246.58000000001402,effect_15-20
2127,692,STR,LSr,907,3.6783194095220555,246.58000000001402,effect_15-20
2128,693,STR,LSr,862,3.495822856679175,246.58000000001402,effect_15-20
2129,694,STR,LSr,356,1.443750506934787,246.58000000001402,effect_15-20
2130,698,STR,LSr,603,2.445453808094597,246.58000000001402,effect_15-20
2131,699,STR,LSr,217,0.8800389325978898,246.58000000001402,effect_15-20
2132,700,STR,LSr,137,0.5556006164327691,246.58000000001402,effect_15-20
2133,701,STR,LSr,898,3.6418200989534792,246.58000000001402,effect_15-20
2134,703,STR,LSr,942,3.8202611728442957,246.58000000001402,effect_15-20
2135,706,STR,LSr,199,0.8070403114607376,246.58000000001402,effect_15-20
2136,707,STR,LSr,2217,8.990996836725905,246.58000000001402,effect_15-20
2137,708,STR,LSr,17,0.06894314218508814,246.58000000001402,effect_15-20
2138,709,STR,STR,134,0.5434341795765771,246.58000000001402,effect_15-20
2139,711,STR,STR,714,2.8956119717737017,246.58000000001402,effect_15-20
2140,712,Other,OLF,60,0.24332873712384048,246.58000000001402,effect_15-20
2141,713,Other,OLF,489,1.9831292075593,246.58000000001402,effect_15-20
2142,714,Other,OLF,561,2.2751236921079085,246.58000000001402,effect_15-20
2143,715,Other,OLF,980,3.974369373022728,246.58000000001402,effect_15-20
2144,716,Other,OLF,5,0.02027739476032004,246.58000000001402,effect_15-20
2145,717,Other,OLF,848,3.439046151350279,246.58000000001402,effect_15-20
2146,718,Other,OLF,24,0.0973314948495362,246.58000000001402,effect_15-20
2147,719,Other,OLF,280,1.1355341065779223,246.58000000001402,effect_15-20
2148,722,Other,OLF,76,0.3082164003568646,246.58000000001402,effect_15-20
2149,726,Other,fa,77,0.31227187930892863,246.58000000001402,effect_15-20
2150,731,Other,fa,1069,4.335306999756424,246.58000000001402,effect_15-20
2151,732,Other,fa,1182,4.793576121339657,246.58000000001402,effect_15-20
2152,733,Other,fa,280,1.1355341065779223,246.58000000001402,effect_15-20
2153,735,Other,fa,19,0.07705410008921615,246.58000000001402,effect_15-20
2154,737,Motor,MOs6a,8,0.03244383161651206,246.58000000001402,effect_15-20
2155,738,Motor,MOs6a,163,0.6610430691864333,246.58000000001402,effect_15-20
2156,739,Motor,MOs6a,16,0.06488766323302413,246.58000000001402,effect_15-20
2157,741,Motor,MOs6a,163,0.6610430691864333,246.58000000001402,effect_15-20
2158,743,Motor,MOs6a,12,0.0486657474247681,246.58000000001402,effect_15-20
2159,745,Motor,MOs6a,22,0.08922053694540819,246.58000000001402,effect_15-20
2160,747,Motor,MOs6a,64,0.2595506529320965,246.58000000001402,effect_15-20
2161,748,Motor,MOs6a,1706,6.918647092221198,246.58000000001402,effect_15-20
2162,750,Motor,MOs6a,493,1.999351123367556,246.58000000001402,effect_15-20
2163,755,Motor,MOs6a,773,3.1348852299454784,246.58000000001402,effect_15-20
2164,757,Motor,MOs6a,5,0.02027739476032004,246.58000000001402,effect_15-20
2165,761,Motor,MOs5,299,1.2125882066671385,246.58000000001402,effect_15-20
2166,762,Motor,MOs5,169,0.6853759428988174,246.58000000001402,effect_15-20
2167,763,Motor,MOs5,687,2.7861140400679734,246.58000000001402,effect_15-20
2168,764,Motor,MOs5,106,0.42988076891878485,246.58000000001402,effect_15-20
2169,766,Motor,MOs5,38,0.1541082001784323,246.58000000001402,effect_15-20
2170,767,Motor,MOs5,0,0.0,246.58000000001402,effect_15-20
2171,768,Motor,MOs5,813,3.2971043880280386,246.58000000001402,effect_15-20
2172,770,Motor,MOs5,250,1.013869738016002,246.58000000001402,effect_15-20
2173,774,Motor,MOs5,793,3.2159948089867583,246.58000000001402,effect_15-20
2174,775,Motor,MOs5,212,0.8597615378375697,246.58000000001402,effect_15-20
2175,776,Motor,MOs5,268,1.0868683591531543,246.58000000001402,effect_15-20
2176,779,Motor,MOs5,97,0.39338145835020877,246.58000000001402,effect_15-20
2177,780,Motor,MOs5,65,0.26360613188416054,246.58000000001402,effect_15-20
2178,781,Motor,MOs5,4,0.01622191580825603,246.58000000001402,effect_15-20
2179,787,Motor,MOs5,0,0.0,246.58000000001402,effect_15-20
2180,789,Motor,MOs5,71,0.28793900559654456,246.58000000001402,effect_15-20
2181,790,Motor,MOs5,49,0.1987184686511364,246.58000000001402,effect_15-20
2182,794,Motor,MOs2/3,2,0.008110957904128016,246.58000000001402,effect_15-20
2183,818,STR,LSr,79,0.32038283721305666,246.58000000001402,effect_15-20
2184,821,STR,LSr,77,0.31227187930892863,246.58000000001402,effect_15-20
2185,823,Other,OLF,1526,6.188660880849676,246.58000000001402,effect_15-20
2186,826,Motor,MOs6a,58,0.23521777921971246,246.58000000001402,effect_15-20
2187,828,Motor,MOs6a,600,2.433287371238405,246.58000000001402,effect_15-20
2188,829,Motor,MOs6a,38,0.1541082001784323,246.58000000001402,effect_15-20
2189,830,Motor,MOs5,5,0.02027739476032004,246.58000000001402,effect_15-20
2190,831,Motor,MOs5,597,2.4211209343822127,246.58000000001402,effect_15-20
2191,836,Motor,MOs5,458,1.8574093600453156,246.58000000001402,effect_15-20
2192,837,Motor,MOs5,493,1.999351123367556,246.58000000001402,effect_15-20
2193,843,STR,LSr,103,0.41771433206259284,246.58000000001402,effect_15-20
2194,844,Motor,MOs6a,1,0.004055478952064008,246.58000000001402,effect_15-20
2195,846,Motor,MOs5,142,0.5758780111930891,246.58000000001402,effect_15-20
2196,850,STR,LSr,582,2.360288750101253,246.58000000001402,effect_15-20
2197,854,Motor,MOs6a,7,0.028388352664448058,246.58000000001402,effect_15-20
2198,857,Motor,MOs5,396,1.6059696650173472,246.58000000001402,effect_15-20
2199,861,Other,fa,1,0.004055478952064008,246.58000000001402,effect_15-20
2200,862,Motor,MOs5,402,1.6303025387297312,246.58000000001402,effect_15-20
2201,864,Other,fa,37,0.1500527212263683,246.58000000001402,effect_15-20
2202,0,Thalamus,MD,1326,5.774255356209426,229.6400000000117,effect_20-25
2203,1,Thalamus,MD,1479,6.440515589618205,229.6400000000117,effect_20-25
2204,5,Thalamus,MD,5531,24.085525169829815,229.6400000000117,effect_20-25
2205,6,Thalamus,MD,134,0.5835220344887353,229.6400000000117,effect_20-25
2206,8,Thalamus,MD,7075,30.80909249259554,229.6400000000117,effect_20-25
2207,10,Thalamus,MD,20731,90.27608430586545,229.6400000000117,effect_20-25
2208,15,Thalamus,MD,749,3.261626894269125,229.6400000000117,effect_20-25
2209,16,Thalamus,MD,49,0.2133774603727465,229.6400000000117,effect_20-25
2210,21,Thalamus,MD,1779,7.746908204145225,229.6400000000117,effect_20-25
2211,22,Thalamus,MD,3002,13.07263542936704,229.6400000000117,effect_20-25
2212,23,Thalamus,MD,240,1.0451140916216155,229.6400000000117,effect_20-25
2213,24,Thalamus,MD,265,1.1539801428322005,229.6400000000117,effect_20-25
2214,26,Thalamus,MD,1200,5.225570458108077,229.6400000000117,effect_20-25
2215,28,Thalamus,MD,5999,26.123497648491963,229.6400000000117,effect_20-25
2216,29,Thalamus,MD,4128,17.975962375891786,229.6400000000117,effect_20-25
2217,30,Thalamus,MD,1658,7.219996516285994,229.6400000000117,effect_20-25
2218,38,Thalamus,MD,288,1.2541369099459385,229.6400000000117,effect_20-25
2219,39,Thalamus,MD,483,2.103292109388501,229.6400000000117,effect_20-25
2220,41,Thalamus,MD,2,0.008709284096846796,229.6400000000117,effect_20-25
2221,44,Thalamus,MD,218,0.9493119665563007,229.6400000000117,effect_20-25
2222,45,Thalamus,MD,3430,14.936422226092255,229.6400000000117,effect_20-25
2223,46,Thalamus,MD,1373,5.978923532485325,229.6400000000117,effect_20-25
2224,47,Thalamus,MD,1205,5.247343668350195,229.6400000000117,effect_20-25
2225,48,Thalamus,MD,1036,4.51140916216664,229.6400000000117,effect_20-25
2226,50,Thalamus,MD,1916,8.34349416477923,229.6400000000117,effect_20-25
2227,51,Thalamus,MD,331,1.4413865180281447,229.6400000000117,effect_20-25
2228,52,Thalamus,MD,1463,6.370841316843431,229.6400000000117,effect_20-25
2229,53,Thalamus,MD,2094,9.118620449398595,229.6400000000117,effect_20-25
2230,54,Thalamus,MD,172,0.7489984323288245,229.6400000000117,effect_20-25
2231,58,Thalamus,MD,4668,20.32746908204042,229.6400000000117,effect_20-25
2232,59,Thalamus,MD,1605,6.989200487719553,229.6400000000117,effect_20-25
2233,60,Thalamus,MD,913,3.975788190210562,229.6400000000117,effect_20-25
2234,61,Thalamus,MD,2810,12.236544156069748,229.6400000000117,effect_20-25
2235,64,Thalamus,MD,330,1.4370318759797214,229.6400000000117,effect_20-25
2236,65,Thalamus,MD,439,1.9116878592578717,229.6400000000117,effect_20-25
2237,67,Thalamus,MD,1951,8.495906636474048,229.6400000000117,effect_20-25
2238,69,Thalamus,MD,665,2.8958369622015594,229.6400000000117,effect_20-25
2239,71,Thalamus,MD,866,3.7711200139346626,229.6400000000117,effect_20-25
2240,73,Thalamus,MD,1745,7.598850374498829,229.6400000000117,effect_20-25
2241,74,Thalamus,MD,760,3.3095279568017824,229.6400000000117,effect_20-25
2242,76,Thalamus,MD,881,3.8364396446610134,229.6400000000117,effect_20-25
2243,79,Thalamus,MD,179,0.7794809266677882,229.6400000000117,effect_20-25
2244,80,Thalamus,MD,1532,6.671311618184645,229.6400000000117,effect_20-25
2245,81,Thalamus,MD,2000,8.709284096846796,229.6400000000117,effect_20-25
2246,82,Thalamus,MD,547,2.3819892004875984,229.6400000000117,effect_20-25
2247,83,Thalamus,MD,1928,8.39574986936031,229.6400000000117,effect_20-25
2248,84,Thalamus,MD,2116,9.21442257446391,229.6400000000117,effect_20-25
2249,86,Thalamus,MD,782,3.405330081867097,229.6400000000117,effect_20-25
2250,100,Thalamus,LP,226,0.9841491029436878,229.6400000000117,effect_20-25
2251,102,Thalamus,LP,732,3.1875979794459273,229.6400000000117,effect_20-25
2252,104,Thalamus,LP,814,3.544678627416646,229.6400000000117,effect_20-25
2253,105,Thalamus,LP,1825,7.947221738372701,229.6400000000117,effect_20-25
2254,106,Thalamus,LP,203,0.8839923358299497,229.6400000000117,effect_20-25
2255,110,Thalamus,LP,678,2.9524473088310637,229.6400000000117,effect_20-25
2256,111,Thalamus,LP,510,2.2208674446959327,229.6400000000117,effect_20-25
2257,112,Thalamus,LP,1305,5.682807873192534,229.6400000000117,effect_20-25
2258,114,Thalamus,LP,85,0.37014457411598883,229.6400000000117,effect_20-25
2259,117,Other,DG-mo,1962,8.543807699006706,229.6400000000117,effect_20-25
2260,118,Other,DG-mo,126,0.5486848981013481,229.6400000000117,effect_20-25
2261,120,Other,DG-mo,1001,4.358996690471821,229.6400000000117,effect_20-25
2262,121,Other,DG-mo,4941,21.516286361260008,229.6400000000117,effect_20-25
2263,122,Other,DG-mo,1373,5.978923532485325,229.6400000000117,effect_20-25
2264,123,Other,DG-mo,368,1.6025082738198104,229.6400000000117,effect_20-25
2265,139,Other,DG-mo,3,0.013063926145270193,229.6400000000117,effect_20-25
2266,145,Other,DG-sg,268,1.1670440689774706,229.6400000000117,effect_20-25
2267,160,Other,DG-mo,237,1.0320501654763452,229.6400000000117,effect_20-25
2268,162,Other,DG-mo,2159,9.401672182546116,229.6400000000117,effect_20-25
2269,164,Other,DG-mo,1869,8.13882598850333,229.6400000000117,effect_20-25
2270,166,Other,DG-mo,1070,4.659466991813035,229.6400000000117,effect_20-25
2271,167,Other,DG-mo,1054,4.589792719038261,229.6400000000117,effect_20-25
2272,172,Other,DG-mo,2708,11.79237066713056,229.6400000000117,effect_20-25
2273,174,Other,DG-mo,3032,13.203274690819741,229.6400000000117,effect_20-25
2274,179,Other,DG-mo,2987,13.00731579864069,229.6400000000117,effect_20-25
2275,180,Other,CA1,232,1.0102769552342283,229.6400000000117,effect_20-25
2276,183,Other,CA1,3425,14.914649015850138,229.6400000000117,effect_20-25
2277,190,Other,CA1,1362,5.9310224699526675,229.6400000000117,effect_20-25
2278,192,Other,CA1,793,3.4532311443997545,229.6400000000117,effect_20-25
2279,193,Other,CA1,2077,9.044591534575398,229.6400000000117,effect_20-25
2280,209,Other,CA1,228,0.9928583870405346,229.6400000000117,effect_20-25
2281,210,Other,CA1,395,1.7200836091272422,229.6400000000117,effect_20-25
2282,211,Other,CA1,54,0.23515067061486347,229.6400000000117,effect_20-25
2283,212,Other,CA1,317,1.3804215293502171,229.6400000000117,effect_20-25
2284,217,Other,CA1,960,4.180456366486462,229.6400000000117,effect_20-25
2285,221,Other,CA1,70,0.30482494338963784,229.6400000000117,effect_20-25
2286,226,Thalamus,MD,99,0.4311095627939164,229.6400000000117,effect_20-25
2287,227,Thalamus,MD,64,0.27869709109909746,229.6400000000117,effect_20-25
2288,228,Thalamus,MD,442,1.9247517854031417,229.6400000000117,effect_20-25
2289,230,Thalamus,MD,822,3.579515763804033,229.6400000000117,effect_20-25
2290,231,Thalamus,MD,53,0.23079602856644008,229.6400000000117,effect_20-25
2291,239,Other,DG-mo,13,0.05661034662950417,229.6400000000117,effect_20-25
2292,242,Other,DG-mo,182,0.7925448528130584,229.6400000000117,effect_20-25
2293,243,Other,DG-sg,25,0.10886605121058494,229.6400000000117,effect_20-25
2294,247,Other,DG-sg,74,0.3222435115833314,229.6400000000117,effect_20-25
2295,249,Other,DG-mo,1232,5.364919003657626,229.6400000000117,effect_20-25
2296,253,Other,CA1,5,0.021773210242116987,229.6400000000117,effect_20-25
2297,254,Thalamus,MD,599,2.6084305870056155,229.6400000000117,effect_20-25
2298,256,Other,DG-mo,17,0.07402891482319776,229.6400000000117,effect_20-25
2299,260,Other,DG-sg,2,0.008709284096846796,229.6400000000117,effect_20-25
2300,272,Other,scwm,7940,34.575857864481776,229.6400000000117,effect_20-25
2301,276,Somatosensory,SSp-tr6a,1951,8.495906636474048,229.6400000000117,effect_20-25
2302,277,Somatosensory,SSp-tr6a,751,3.2703361783659717,229.6400000000117,effect_20-25
2303,279,Somatosensory,SSp-tr6a,300,1.3063926145270193,229.6400000000117,effect_20-25
2304,280,Somatosensory,SSp-tr6a,1210,5.269116878592311,229.6400000000117,effect_20-25
2305,281,Somatosensory,SSp-tr6a,1988,8.657028392265715,229.6400000000117,effect_20-25
2306,284,Somatosensory,SSp-tr6a,4557,19.844103814665424,229.6400000000117,effect_20-25
2307,285,Somatosensory,SSp-tr6a,104,0.45288277303603336,229.6400000000117,effect_20-25
2308,287,Somatosensory,SSp-tr6a,2320,10.102769552342282,229.6400000000117,effect_20-25
2309,288,Somatosensory,SSp-tr6a,3035,13.216338616965013,229.6400000000117,effect_20-25
2310,290,Somatosensory,SSp-tr6a,2080,9.057655460720667,229.6400000000117,effect_20-25
2311,291,Somatosensory,SSp-tr6a,1180,5.13847761713961,229.6400000000117,effect_20-25
2312,292,Somatosensory,SSp-tr6a,769,3.348719735237593,229.6400000000117,effect_20-25
2313,300,Somatosensory,SSp-tr5,1088,4.737850548684657,229.6400000000117,effect_20-25
2314,310,Somatosensory,SSp-tr5,1628,7.089357254833292,229.6400000000117,effect_20-25
2315,318,Somatosensory,SSp-tr4,524,2.2818324333738604,229.6400000000117,effect_20-25
2316,321,Somatosensory,SSp-tr6a,4363,18.999303257271283,229.6400000000117,effect_20-25
2317,325,Somatosensory,SSp-tr4,2,0.008709284096846796,229.6400000000117,effect_20-25
2318,326,STR,LSr,87,0.3788538582128356,229.6400000000117,effect_20-25
2319,327,STR,LSr,612,2.6650409336351193,229.6400000000117,effect_20-25
2320,329,STR,LSr,759,3.305173314753359,229.6400000000117,effect_20-25
2321,330,STR,LSr,763,3.3225918829470524,229.6400000000117,effect_20-25
2322,331,STR,LSr,951,4.141264588050651,229.6400000000117,effect_20-25
2323,332,STR,LSr,324,1.4109040236891808,229.6400000000117,effect_20-25
2324,335,STR,LSr,4732,20.606166173139517,229.6400000000117,effect_20-25
2325,338,STR,LSr,185,0.8056087789583286,229.6400000000117,effect_20-25
2326,339,STR,LSr,1870,8.143180630551754,229.6400000000117,effect_20-25
2327,342,STR,LSr,2910,12.672008360912088,229.6400000000117,effect_20-25
2328,343,STR,LSr,60,0.2612785229054039,229.6400000000117,effect_20-25
2329,344,STR,LSr,1841,8.016896011147475,229.6400000000117,effect_20-25
2330,348,STR,LSr,231,1.0059223131858048,229.6400000000117,effect_20-25
2331,349,STR,LSr,823,3.583870405852456,229.6400000000117,effect_20-25
2332,350,STR,LSr,1076,4.685594844103576,229.6400000000117,effect_20-25
2333,351,STR,LSr,201,0.875283051733103,229.6400000000117,effect_20-25
2334,353,STR,LSr,914,3.9801428322589856,229.6400000000117,effect_20-25
2335,354,STR,LSr,367,1.598153631771387,229.6400000000117,effect_20-25
2336,355,STR,LSr,844,3.6753178888693476,229.6400000000117,effect_20-25
2337,358,STR,LSr,474,2.0641003309526904,229.6400000000117,effect_20-25
2338,359,STR,LSr,2391,10.411949137780343,229.6400000000117,effect_20-25
2339,360,STR,LSr,28,0.12192997735585513,229.6400000000117,effect_20-25
2340,363,STR,LSr,2488,10.834349416477414,229.6400000000117,effect_20-25
2341,365,STR,LSr,1711,7.450792544852433,229.6400000000117,effect_20-25
2342,366,STR,LSr,38,0.1654763978400891,229.6400000000117,effect_20-25
2343,367,STR,LSr,1433,6.240202055390729,229.6400000000117,effect_20-25
2344,370,STR,LSr,3625,15.785577425534816,229.6400000000117,effect_20-25
2345,371,STR,LSr,573,2.495209893746607,229.6400000000117,effect_20-25
2346,373,STR,LSr,0,0.0,229.6400000000117,effect_20-25
2347,374,STR,LSr,1699,7.398536840271353,229.6400000000117,effect_20-25
2348,376,STR,LSr,1959,8.530743772861436,229.6400000000117,effect_20-25
2349,377,STR,LSr,292,1.271555478139632,229.6400000000117,effect_20-25
2350,378,STR,LSr,1439,6.2663299076812695,229.6400000000117,effect_20-25
2351,379,STR,LSr,398,1.7331475352725123,229.6400000000117,effect_20-25
2352,381,STR,LSr,47,0.2046681762758997,229.6400000000117,effect_20-25
2353,382,STR,LSr,667,2.9045462462984064,229.6400000000117,effect_20-25
2354,383,STR,LSr,1654,7.2025779480923,229.6400000000117,effect_20-25
2355,384,STR,LSr,2123,9.244905068802874,229.6400000000117,effect_20-25
2356,387,STR,LSr,3059,13.320850026127173,229.6400000000117,effect_20-25
2357,388,STR,STR,510,2.2208674446959327,229.6400000000117,effect_20-25
2358,390,STR,STR,20,0.08709284096846795,229.6400000000117,effect_20-25
2359,392,STR,STR,2946,12.82877547465533,229.6400000000117,effect_20-25
2360,393,STR,STR,918,3.997561400452679,229.6400000000117,effect_20-25
2361,394,STR,STR,96,0.4180456366486462,229.6400000000117,effect_20-25
2362,395,STR,STR,501,2.1816756662601224,229.6400000000117,effect_20-25
2363,396,STR,STR,3317,14.44434767462041,229.6400000000117,effect_20-25
2364,397,STR,STR,0,0.0,229.6400000000117,effect_20-25
2365,398,STR,STR,19,0.08273819892004455,229.6400000000117,effect_20-25
2366,399,STR,STR,780,3.3966207977702503,229.6400000000117,effect_20-25
2367,400,Other,OLF,760,3.3095279568017824,229.6400000000117,effect_20-25
2368,401,STR,STR,74,0.3222435115833314,229.6400000000117,effect_20-25
2369,402,Other,OLF,1310,5.704581083434651,229.6400000000117,effect_20-25
2370,403,Other,OLF,928,4.041107820936913,229.6400000000117,effect_20-25
2371,405,Other,OLF,4726,20.580038320848978,229.6400000000117,effect_20-25
2372,407,Other,OLF,3008,13.09876328165758,229.6400000000117,effect_20-25
2373,408,Other,OLF,1209,5.264762236543888,229.6400000000117,effect_20-25
2374,409,Other,OLF,178,0.7751262846193648,229.6400000000117,effect_20-25
2375,412,Other,OLF,197,0.8578644835394094,229.6400000000117,effect_20-25
2376,413,Other,OLF,1547,6.736631248910997,229.6400000000117,effect_20-25
2377,415,Other,OLF,765,3.3313011670438994,229.6400000000117,effect_20-25
2378,419,Other,OLF,3169,13.799860651453747,229.6400000000117,effect_20-25
2379,420,Other,OLF,3732,16.25152412471612,229.6400000000117,effect_20-25
2380,423,Other,OLF,3012,13.116181849851275,229.6400000000117,effect_20-25
2381,426,Other,OLF,141,0.6140045288276991,229.6400000000117,effect_20-25
2382,428,Other,OLF,2000,8.709284096846796,229.6400000000117,effect_20-25
2383,430,Other,OLF,70,0.30482494338963784,229.6400000000117,effect_20-25
2384,432,Other,OLF,2879,12.537014457410962,229.6400000000117,effect_20-25
2385,433,Other,OLF,65,0.28305173314752086,229.6400000000117,effect_20-25
2386,435,Other,OLF,1487,6.4753527260055925,229.6400000000117,effect_20-25
2387,436,Other,OLF,1171,5.099285838703799,229.6400000000117,effect_20-25
2388,437,Other,OLF,13,0.05661034662950417,229.6400000000117,effect_20-25
2389,439,Other,OLF,168,0.7315798641351309,229.6400000000117,effect_20-25
2390,441,Other,OLF,109,0.47465598327815034,229.6400000000117,effect_20-25
2391,443,Other,fa,2401,10.455495558264579,229.6400000000117,effect_20-25
2392,452,Other,fa,1266,5.512976833304021,229.6400000000117,effect_20-25
2393,456,Other,fa,16,0.06967427277477437,229.6400000000117,effect_20-25
2394,458,Other,fa,72,0.31353422748648463,229.6400000000117,effect_20-25
2395,463,Other,fa,9,0.03919177843581058,229.6400000000117,effect_20-25
2396,464,Other,fa,2355,10.255182024037103,229.6400000000117,effect_20-25
2397,469,Other,fa,18,0.07838355687162116,229.6400000000117,effect_20-25
2398,470,Other,fa,1533,6.6756662602330685,229.6400000000117,effect_20-25
2399,471,Other,fa,1525,6.640829123845681,229.6400000000117,effect_20-25
2400,473,Other,fa,365,1.5894443476745401,229.6400000000117,effect_20-25
2401,474,Other,fa,208,0.9057655460720667,229.6400000000117,effect_20-25
2402,477,Other,fa,660,2.8740637519594427,229.6400000000117,effect_20-25
2403,478,Other,fa,380,1.6547639784008912,229.6400000000117,effect_20-25
2404,482,Other,fa,1430,6.227138129245459,229.6400000000117,effect_20-25
2405,483,Other,fa,285,1.2410729838006684,229.6400000000117,effect_20-25
2406,485,Other,fa,24,0.10451140916216155,229.6400000000117,effect_20-25
2407,490,Other,fa,750,3.265981536317548,229.6400000000117,effect_20-25
2408,491,Other,fa,68,0.29611565929279104,229.6400000000117,effect_20-25
2409,493,Other,fa,645,2.8087441212330915,229.6400000000117,effect_20-25
2410,498,Other,fa,393,1.7113743250303954,229.6400000000117,effect_20-25
2411,500,Other,fa,407,1.772339313708323,229.6400000000117,effect_20-25
2412,501,Other,fa,303,1.3194565406722896,229.6400000000117,effect_20-25
2413,505,Other,fa,434,1.8899146490157546,229.6400000000117,effect_20-25
2414,510,Other,fa,1058,4.607211287231955,229.6400000000117,effect_20-25
2415,513,Other,fa,11,0.04790106253265738,229.6400000000117,effect_20-25
2416,514,Other,fa,27,0.11757533530743174,229.6400000000117,effect_20-25
2417,515,Motor,MOs6b,31,0.13499390350112533,229.6400000000117,effect_20-25
2418,517,Motor,MOs6b,244,1.062532659815309,229.6400000000117,effect_20-25
2419,518,Motor,MOs6b,610,2.6563316495382727,229.6400000000117,effect_20-25
2420,520,Motor,MOs6a,105,0.45723741508445676,229.6400000000117,effect_20-25
2421,521,Motor,MOs6a,73,0.317888869534908,229.6400000000117,effect_20-25
2422,522,Motor,MOs6a,1,0.004354642048423398,229.6400000000117,effect_20-25
2423,523,Motor,MOs6a,21,0.09144748301689136,229.6400000000117,effect_20-25
2424,530,Motor,MOs6a,341,1.4849329385123786,229.6400000000117,effect_20-25
2425,533,Motor,MOs6a,0,0.0,229.6400000000117,effect_20-25
2426,534,Motor,MOs6a,380,1.6547639784008912,229.6400000000117,effect_20-25
2427,535,Motor,MOs6a,90,0.3919177843581058,229.6400000000117,effect_20-25
2428,536,Motor,MOs6a,994,4.328514196132858,229.6400000000117,effect_20-25
2429,538,Motor,MOs6a,625,2.7216512802646236,229.6400000000117,effect_20-25
2430,541,Motor,MOs6a,3,0.013063926145270193,229.6400000000117,effect_20-25
2431,542,Motor,MOs6a,707,3.0787319282353423,229.6400000000117,effect_20-25
2432,544,Motor,MOs6a,761,3.313882598850206,229.6400000000117,effect_20-25
2433,549,Motor,MOs6a,2037,8.870405852638461,229.6400000000117,effect_20-25
2434,550,Motor,MOs6a,953,4.149973872147498,229.6400000000117,effect_20-25
2435,551,Motor,MOs6a,630,2.7434244905067406,229.6400000000117,effect_20-25
2436,555,Motor,MOs6a,2151,9.366835046158728,229.6400000000117,effect_20-25
2437,557,Motor,MOs6a,228,0.9928583870405346,229.6400000000117,effect_20-25
2438,560,Motor,MOs6a,136,0.5922313185855821,229.6400000000117,effect_20-25
2439,568,Motor,MOs6a,1466,6.3839052429887015,229.6400000000117,effect_20-25
2440,573,Motor,MOs5,234,1.0189862393310751,229.6400000000117,effect_20-25
2441,575,Motor,MOs5,2339,10.185507751262328,229.6400000000117,effect_20-25
2442,576,Motor,MOs5,125,0.5443302560529247,229.6400000000117,effect_20-25
2443,578,Motor,MOs5,1797,7.825291761016846,229.6400000000117,effect_20-25
2444,579,Motor,MOs5,922,4.014979968646373,229.6400000000117,effect_20-25
2445,580,Motor,MOs5,1499,6.527608430586673,229.6400000000117,effect_20-25
2446,582,Motor,MOs5,935,4.071590315275877,229.6400000000117,effect_20-25
2447,585,Motor,MOs5,699,3.043894791847955,229.6400000000117,effect_20-25
2448,586,Motor,MOs5,1492,6.497125936247709,229.6400000000117,effect_20-25
2449,587,Motor,MOs5,1220,5.312663299076545,229.6400000000117,effect_20-25
2450,588,Motor,MOs5,457,1.9900714161294928,229.6400000000117,effect_20-25
2451,589,Motor,MOs5,273,1.1888172792195877,229.6400000000117,effect_20-25
2452,590,Motor,MOs5,464,2.0205539104684567,229.6400000000117,effect_20-25
2453,591,Motor,MOs5,425,1.8507228705799441,229.6400000000117,effect_20-25
2454,593,Motor,MOs5,2473,10.769029785751062,229.6400000000117,effect_20-25
2455,594,Motor,MOs5,458,1.9944260581779163,229.6400000000117,effect_20-25
2456,595,Motor,MOs5,693,3.0177669395574145,229.6400000000117,effect_20-25
2457,597,Motor,MOs5,403,1.7549207455146294,229.6400000000117,effect_20-25
2458,599,Motor,MOs5,119,0.5182024037623844,229.6400000000117,effect_20-25
2459,601,Motor,MOs5,187,0.8143180630551754,229.6400000000117,effect_20-25
2460,602,Motor,MOs5,388,1.6896011147882783,229.6400000000117,effect_20-25
2461,603,Motor,MOs5,638,2.778261626894128,229.6400000000117,effect_20-25
2462,605,Motor,MOs5,925,4.028043894791643,229.6400000000117,effect_20-25
2463,606,Motor,MOs5,364,1.5850897056261168,229.6400000000117,effect_20-25
2464,609,Motor,MOs5,59,0.2569238808569805,229.6400000000117,effect_20-25
2465,610,Motor,MOs5,540,2.3515067061486348,229.6400000000117,effect_20-25
2466,611,Motor,MOs5,928,4.041107820936913,229.6400000000117,effect_20-25
2467,612,Motor,MOs5,855,3.7232189514020053,229.6400000000117,effect_20-25
2468,613,Motor,MOs5,375,1.632990768158774,229.6400000000117,effect_20-25
2469,614,Motor,MOs5,1883,8.199790977181259,229.6400000000117,effect_20-25
2470,615,Motor,MOs5,204,0.8883469778783731,229.6400000000117,effect_20-25
2471,617,Motor,MOs5,612,2.6650409336351193,229.6400000000117,effect_20-25
2472,618,Motor,MOs5,547,2.3819892004875984,229.6400000000117,effect_20-25
2473,620,Motor,MOs5,576,2.508273819891877,229.6400000000117,effect_20-25
2474,622,Motor,MOs5,406,1.7679846716598995,229.6400000000117,effect_20-25
2475,624,Motor,MOs5,250,1.0886605121058495,229.6400000000117,effect_20-25
2476,625,Motor,MOs5,362,1.57638042152927,229.6400000000117,effect_20-25
2477,628,Motor,MOs5,707,3.0787319282353423,229.6400000000117,effect_20-25
2478,630,Motor,MOs5,467,2.0336178366137267,229.6400000000117,effect_20-25
2479,631,Motor,MOs5,210,0.9144748301689135,229.6400000000117,effect_20-25
2480,632,Motor,MOs5,1033,4.49834523602137,229.6400000000117,effect_20-25
2481,635,Motor,MOs5,499,2.1729663821632754,229.6400000000117,effect_20-25
2482,637,Motor,MOs5,2,0.008709284096846796,229.6400000000117,effect_20-25
2483,638,Motor,MOs5,680,2.9611565929279107,229.6400000000117,effect_20-25
2484,639,Motor,MOs5,480,2.090228183243231,229.6400000000117,effect_20-25
2485,651,Motor,MOs5,61,0.26563316495382727,229.6400000000117,effect_20-25
2486,653,Motor,MOs5,0,0.0,229.6400000000117,effect_20-25
2487,664,Motor,MOs2/3,1,0.004354642048423398,229.6400000000117,effect_20-25
2488,680,STR,LSr,161,0.701097369796167,229.6400000000117,effect_20-25
2489,681,STR,LSr,272,1.1844626371711642,229.6400000000117,effect_20-25
2490,683,STR,LSr,457,1.9900714161294928,229.6400000000117,effect_20-25
2491,686,STR,LSr,1424,6.201010276954919,229.6400000000117,effect_20-25
2492,688,STR,LSr,288,1.2541369099459385,229.6400000000117,effect_20-25
2493,691,STR,LSr,468,2.0379724786621503,229.6400000000117,effect_20-25
2494,692,STR,LSr,914,3.9801428322589856,229.6400000000117,effect_20-25
2495,693,STR,LSr,803,3.4967775648839883,229.6400000000117,effect_20-25
2496,694,STR,LSr,288,1.2541369099459385,229.6400000000117,effect_20-25
2497,698,STR,LSr,553,2.408117052778139,229.6400000000117,effect_20-25
2498,699,STR,LSr,208,0.9057655460720667,229.6400000000117,effect_20-25
2499,700,STR,LSr,142,0.6183591708761225,229.6400000000117,effect_20-25
2500,701,STR,LSr,877,3.81902107646732,229.6400000000117,effect_20-25
2501,703,STR,LSr,832,3.623062184288267,229.6400000000117,effect_20-25
2502,706,STR,LSr,863,3.7580560877893925,229.6400000000117,effect_20-25
2503,707,STR,LSr,2082,9.066364744817514,229.6400000000117,effect_20-25
2504,708,STR,LSr,21,0.09144748301689136,229.6400000000117,effect_20-25
2505,709,STR,STR,94,0.4093363525517994,229.6400000000117,effect_20-25
2506,711,STR,STR,688,2.995993729315298,229.6400000000117,effect_20-25
2507,712,Other,OLF,36,0.15676711374324231,229.6400000000117,effect_20-25
2508,713,Other,OLF,303,1.3194565406722896,229.6400000000117,effect_20-25
2509,714,Other,OLF,571,2.48650060964976,229.6400000000117,effect_20-25
2510,715,Other,OLF,924,4.023689252743219,229.6400000000117,effect_20-25
2511,716,Other,OLF,5,0.021773210242116987,229.6400000000117,effect_20-25
2512,717,Other,OLF,822,3.579515763804033,229.6400000000117,effect_20-25
2513,718,Other,OLF,14,0.060964988677927566,229.6400000000117,effect_20-25
2514,719,Other,OLF,296,1.2889740463333257,229.6400000000117,effect_20-25
2515,722,Other,OLF,77,0.3353074377286016,229.6400000000117,effect_20-25
2516,726,Other,fa,22,0.09580212506531476,229.6400000000117,effect_20-25
2517,731,Other,fa,877,3.81902107646732,229.6400000000117,effect_20-25
2518,732,Other,fa,980,4.2675492074549295,229.6400000000117,effect_20-25
2519,733,Other,fa,116,0.5051384776171142,229.6400000000117,effect_20-25
2520,735,Other,fa,67,0.29176101724436765,229.6400000000117,effect_20-25
2521,737,Motor,MOs6a,12,0.052255704581080774,229.6400000000117,effect_20-25
2522,738,Motor,MOs6a,235,1.0233408813794984,229.6400000000117,effect_20-25
2523,739,Motor,MOs6a,10,0.043546420484233975,229.6400000000117,effect_20-25
2524,741,Motor,MOs6a,116,0.5051384776171142,229.6400000000117,effect_20-25
2525,743,Motor,MOs6a,3,0.013063926145270193,229.6400000000117,effect_20-25
2526,745,Motor,MOs6a,9,0.03919177843581058,229.6400000000117,effect_20-25
2527,747,Motor,MOs6a,17,0.07402891482319776,229.6400000000117,effect_20-25
2528,748,Motor,MOs6a,1689,7.354990419787119,229.6400000000117,effect_20-25
2529,750,Motor,MOs6a,454,1.9770074899842225,229.6400000000117,effect_20-25
2530,755,Motor,MOs6a,828,3.6056436160945733,229.6400000000117,effect_20-25
2531,757,Motor,MOs6a,21,0.09144748301689136,229.6400000000117,effect_20-25
2532,761,Motor,MOs5,153,0.6662602334087798,229.6400000000117,effect_20-25
2533,762,Motor,MOs5,174,0.7577077164256713,229.6400000000117,effect_20-25
2534,763,Motor,MOs5,315,1.3717122452533703,229.6400000000117,effect_20-25
2535,764,Motor,MOs5,95,0.4136909946002228,229.6400000000117,effect_20-25
2536,766,Motor,MOs5,37,0.1611217557916657,229.6400000000117,effect_20-25
2537,767,Motor,MOs5,0,0.0,229.6400000000117,effect_20-25
2538,768,Motor,MOs5,784,3.414039365963944,229.6400000000117,effect_20-25
2539,770,Motor,MOs5,136,0.5922313185855821,229.6400000000117,effect_20-25
2540,774,Motor,MOs5,450,1.959588921790529,229.6400000000117,effect_20-25
2541,775,Motor,MOs5,210,0.9144748301689135,229.6400000000117,effect_20-25
2542,776,Motor,MOs5,133,0.5791673924403119,229.6400000000117,effect_20-25
2543,779,Motor,MOs5,75,0.3265981536317548,229.6400000000117,effect_20-25
2544,780,Motor,MOs5,93,0.404981710503376,229.6400000000117,effect_20-25
2545,781,Motor,MOs5,0,0.0,229.6400000000117,effect_20-25
2546,787,Motor,MOs5,1,0.004354642048423398,229.6400000000117,effect_20-25
2547,789,Motor,MOs5,44,0.1916042501306295,229.6400000000117,effect_20-25
2548,790,Motor,MOs5,62,0.26998780700225067,229.6400000000117,effect_20-25
2549,794,Motor,MOs2/3,1,0.004354642048423398,229.6400000000117,effect_20-25
2550,818,STR,LSr,42,0.18289496603378272,229.6400000000117,effect_20-25
2551,821,STR,LSr,70,0.30482494338963784,229.6400000000117,effect_20-25
2552,823,Other,OLF,1575,6.858561226266851,229.6400000000117,effect_20-25
2553,826,Motor,MOs6a,70,0.30482494338963784,229.6400000000117,effect_20-25
2554,828,Motor,MOs6a,587,2.5561748824245347,229.6400000000117,effect_20-25
2555,829,Motor,MOs6a,58,0.2525692388085571,229.6400000000117,effect_20-25
2556,830,Motor,MOs5,5,0.021773210242116987,229.6400000000117,effect_20-25
2557,831,Motor,MOs5,596,2.595366660860345,229.6400000000117,effect_20-25
2558,836,Motor,MOs5,371,1.6155721999650805,229.6400000000117,effect_20-25
2559,837,Motor,MOs5,462,2.0118446263716097,229.6400000000117,effect_20-25
2560,843,STR,LSr,83,0.36143529001914204,229.6400000000117,effect_20-25
2561,844,Motor,MOs6a,1,0.004354642048423398,229.6400000000117,effect_20-25
2562,846,Motor,MOs5,146,0.635777739069816,229.6400000000117,effect_20-25
2563,850,STR,LSr,423,1.8420135864830973,229.6400000000117,effect_20-25
2564,854,Motor,MOs6a,15,0.06531963072635097,229.6400000000117,effect_20-25
2565,857,Motor,MOs5,438,1.9073332172094482,229.6400000000117,effect_20-25
2566,861,Other,fa,6,0.026127852290540387,229.6400000000117,effect_20-25
2567,862,Motor,MOs5,411,1.7897578819020166,229.6400000000117,effect_20-25
2568,864,Other,fa,46,0.2003135342274763,229.6400000000117,effect_20-25
2569,0,Thalamus,MD,717,5.763875021826768,124.39547999997376,effect_25-30
2570,1,Thalamus,MD,452,3.6335725381669444,124.39547999997376,effect_25-30
2571,5,Thalamus,MD,2900,23.312744160805615,124.39547999997376,effect_25-30
2572,6,Thalamus,MD,130,1.045054048587838,124.39547999997376,effect_25-30
2573,8,Thalamus,MD,4106,33.00763018078202,124.39547999997376,effect_25-30
2574,10,Thalamus,MD,7495,60.251385339737276,124.39547999997376,effect_25-30
2575,15,Thalamus,MD,1038,8.344354634109045,124.39547999997376,effect_25-30
2576,16,Thalamus,MD,109,0.876237625354418,124.39547999997376,effect_25-30
2577,21,Thalamus,MD,448,3.6014170289796263,124.39547999997376,effect_25-30
2578,22,Thalamus,MD,2093,16.82537018226419,124.39547999997376,effect_25-30
2579,23,Thalamus,MD,230,1.8489417782707902,124.39547999997376,effect_25-30
2580,24,Thalamus,MD,199,1.599736582069075,124.39547999997376,effect_25-30
2581,26,Thalamus,MD,260,2.090108097175676,124.39547999997376,effect_25-30
2582,28,Thalamus,MD,3084,24.791897583422248,124.39547999997376,effect_25-30
2583,29,Thalamus,MD,1386,11.141883933405719,124.39547999997376,effect_25-30
2584,30,Thalamus,MD,993,7.982605155751716,124.39547999997376,effect_25-30
2585,38,Thalamus,MD,209,1.6801253550373703,124.39547999997376,effect_25-30
2586,39,Thalamus,MD,1059,8.513171057342465,124.39547999997376,effect_25-30
2587,41,Thalamus,MD,15,0.12058315945244284,124.39547999997376,effect_25-30
2588,44,Thalamus,MD,116,0.9325097664322246,124.39547999997376,effect_25-30
2589,45,Thalamus,MD,2730,21.946135020344595,124.39547999997376,effect_25-30
2590,46,Thalamus,MD,619,4.9760650467374745,124.39547999997376,effect_25-30
2591,47,Thalamus,MD,1650,13.264147539768713,124.39547999997376,effect_25-30
2592,48,Thalamus,MD,725,5.828186040201404,124.39547999997376,effect_25-30
2593,50,Thalamus,MD,1010,8.119266069797819,124.39547999997376,effect_25-30
2594,51,Thalamus,MD,338,2.7171405263283788,124.39547999997376,effect_25-30
2595,52,Thalamus,MD,863,6.937551107163878,124.39547999997376,effect_25-30
2596,53,Thalamus,MD,1949,15.66777185152074,124.39547999997376,effect_25-30
2597,54,Thalamus,MD,385,3.094967759279366,124.39547999997376,effect_25-30
2598,58,Thalamus,MD,2500,20.097193242073807,124.39547999997376,effect_25-30
2599,59,Thalamus,MD,501,4.027477525711591,124.39547999997376,effect_25-30
2600,60,Thalamus,MD,520,4.180216194351352,124.39547999997376,effect_25-30
2601,61,Thalamus,MD,1295,10.410346099394232,124.39547999997376,effect_25-30
2602,64,Thalamus,MD,202,1.6238532139595636,124.39547999997376,effect_25-30
2603,65,Thalamus,MD,799,6.423062960166789,124.39547999997376,effect_25-30
2604,67,Thalamus,MD,486,3.906894366259148,124.39547999997376,effect_25-30
2605,69,Thalamus,MD,137,1.1013261896656446,124.39547999997376,effect_25-30
2606,71,Thalamus,MD,291,2.339313293377391,124.39547999997376,effect_25-30
2607,73,Thalamus,MD,638,5.128803715377235,124.39547999997376,effect_25-30
2608,74,Thalamus,MD,529,4.2525660900228175,124.39547999997376,effect_25-30
2609,76,Thalamus,MD,215,1.7283586188183473,124.39547999997376,effect_25-30
2610,79,Thalamus,MD,309,2.4840130847203223,124.39547999997376,effect_25-30
2611,80,Thalamus,MD,1253,10.072713252927391,124.39547999997376,effect_25-30
2612,81,Thalamus,MD,2159,17.35593608385494,124.39547999997376,effect_25-30
2613,82,Thalamus,MD,644,5.1770369791582125,124.39547999997376,effect_25-30
2614,83,Thalamus,MD,2103,16.905758955232486,124.39547999997376,effect_25-30
2615,84,Thalamus,MD,1784,14.341357097543868,124.39547999997376,effect_25-30
2616,86,Thalamus,MD,728,5.852302672091892,124.39547999997376,effect_25-30
2617,100,Thalamus,LP,184,1.479153422616632,124.39547999997376,effect_25-30
2618,102,Thalamus,LP,463,3.722000188432069,124.39547999997376,effect_25-30
2619,104,Thalamus,LP,189,1.5193478091007797,124.39547999997376,effect_25-30
2620,105,Thalamus,LP,922,7.41184486767682,124.39547999997376,effect_25-30
2621,106,Thalamus,LP,512,4.115905175976716,124.39547999997376,effect_25-30
2622,110,Thalamus,LP,419,3.36828958737157,124.39547999997376,effect_25-30
2623,111,Thalamus,LP,220,1.768553005302495,124.39547999997376,effect_25-30
2624,112,Thalamus,LP,924,7.427922622270479,124.39547999997376,effect_25-30
2625,114,Thalamus,LP,19,0.15273866863976093,124.39547999997376,effect_25-30
2626,117,Other,DG-mo,1408,11.318739233935968,124.39547999997376,effect_25-30
2627,118,Other,DG-mo,109,0.876237625354418,124.39547999997376,effect_25-30
2628,120,Other,DG-mo,377,3.03065674090473,124.39547999997376,effect_25-30
2629,121,Other,DG-mo,2620,21.06185851769335,124.39547999997376,effect_25-30
2630,122,Other,DG-mo,1548,12.444182055492101,124.39547999997376,effect_25-30
2631,123,Other,DG-mo,253,2.033835956097869,124.39547999997376,effect_25-30
2632,139,Other,DG-mo,0,0.0,124.39547999997376,effect_25-30
2633,145,Other,DG-sg,173,1.3907257723515074,124.39547999997376,effect_25-30
2634,160,Other,DG-mo,217,1.7444363734120065,124.39547999997376,effect_25-30
2635,162,Other,DG-mo,1630,13.103369993832121,124.39547999997376,effect_25-30
2636,164,Other,DG-mo,1194,9.59841949241445,124.39547999997376,effect_25-30
2637,166,Other,DG-mo,597,4.799209746207225,124.39547999997376,effect_25-30
2638,167,Other,DG-mo,539,4.332954862991112,124.39547999997376,effect_25-30
2639,172,Other,DG-mo,1505,12.098510331728432,124.39547999997376,effect_25-30
2640,174,Other,DG-mo,1103,8.866881658402963,124.39547999997376,effect_25-30
2641,179,Other,DG-mo,1819,14.622717802932902,124.39547999997376,effect_25-30
2642,180,Other,CA1,68,0.5466436561844076,124.39547999997376,effect_25-30
2643,183,Other,CA1,1579,12.693387251693816,124.39547999997376,effect_25-30
2644,190,Other,CA1,758,6.0934689909967785,124.39547999997376,effect_25-30
2645,192,Other,CA1,355,2.8538014403744807,124.39547999997376,effect_25-30
2646,193,Other,CA1,1144,9.196475627572974,124.39547999997376,effect_25-30
2647,209,Other,CA1,316,2.540285225798129,124.39547999997376,effect_25-30
2648,210,Other,CA1,46,0.369788355654158,124.39547999997376,effect_25-30
2649,211,Other,CA1,66,0.5305659015907485,124.39547999997376,effect_25-30
2650,212,Other,CA1,48,0.3858661102478171,124.39547999997376,effect_25-30
2651,217,Other,CA1,387,3.1110455138730253,124.39547999997376,effect_25-30
2652,221,Other,CA1,134,1.0772095577751561,124.39547999997376,effect_25-30
2653,226,Thalamus,MD,138,1.1093650669624742,124.39547999997376,effect_25-30
2654,227,Thalamus,MD,82,0.6591879383400209,124.39547999997376,effect_25-30
2655,228,Thalamus,MD,155,1.246025981008576,124.39547999997376,effect_25-30
2656,230,Thalamus,MD,607,4.87959851917552,124.39547999997376,effect_25-30
2657,231,Thalamus,MD,43,0.34567172376366945,124.39547999997376,effect_25-30
2658,239,Other,DG-mo,8,0.06431101837463618,124.39547999997376,effect_25-30
2659,242,Other,DG-mo,177,1.4228812815388254,124.39547999997376,effect_25-30
2660,243,Other,DG-sg,6,0.048233263780977136,124.39547999997376,effect_25-30
2661,247,Other,DG-sg,33,0.26528295079537423,124.39547999997376,effect_25-30
2662,249,Other,DG-mo,733,5.89249705857604,124.39547999997376,effect_25-30
2663,253,Other,CA1,1,0.008038877296829523,124.39547999997376,effect_25-30
2664,254,Thalamus,MD,555,4.461576899740385,124.39547999997376,effect_25-30
2665,256,Other,DG-mo,17,0.1366609140461019,124.39547999997376,effect_25-30
2666,260,Other,DG-sg,3,0.024116631890488568,124.39547999997376,effect_25-30
2667,272,Other,scwm,4330,34.808338695271836,124.39547999997376,effect_25-30
2668,276,Somatosensory,SSp-tr6a,600,4.823326378097714,124.39547999997376,effect_25-30
2669,277,Somatosensory,SSp-tr6a,1377,11.069534037734252,124.39547999997376,effect_25-30
2670,279,Somatosensory,SSp-tr6a,698,5.611136353187007,124.39547999997376,effect_25-30
2671,280,Somatosensory,SSp-tr6a,1303,10.474657117768867,124.39547999997376,effect_25-30
2672,281,Somatosensory,SSp-tr6a,1044,8.39258789789002,124.39547999997376,effect_25-30
2673,284,Somatosensory,SSp-tr6a,2409,19.36565540806232,124.39547999997376,effect_25-30
2674,285,Somatosensory,SSp-tr6a,554,4.4535380224435555,124.39547999997376,effect_25-30
2675,287,Somatosensory,SSp-tr6a,369,2.966345722530094,124.39547999997376,effect_25-30
2676,288,Somatosensory,SSp-tr6a,1464,11.768916362558421,124.39547999997376,effect_25-30
2677,290,Somatosensory,SSp-tr6a,730,5.868380426685552,124.39547999997376,effect_25-30
2678,291,Somatosensory,SSp-tr6a,51,0.40998274213830566,124.39547999997376,effect_25-30
2679,292,Somatosensory,SSp-tr6a,347,2.789490421999844,124.39547999997376,effect_25-30
2680,300,Somatosensory,SSp-tr5,526,4.228449458132329,124.39547999997376,effect_25-30
2681,310,Somatosensory,SSp-tr5,486,3.906894366259148,124.39547999997376,effect_25-30
2682,318,Somatosensory,SSp-tr4,76,0.6109546745590437,124.39547999997376,effect_25-30
2683,321,Somatosensory,SSp-tr6a,1539,12.371832159820636,124.39547999997376,effect_25-30
2684,325,Somatosensory,SSp-tr4,1,0.008038877296829523,124.39547999997376,effect_25-30
2685,326,STR,LSr,704,5.659369616967984,124.39547999997376,effect_25-30
2686,327,STR,LSr,565,4.54196567270868,124.39547999997376,effect_25-30
2687,329,STR,LSr,612,4.919792905659667,124.39547999997376,effect_25-30
2688,330,STR,LSr,559,4.493732408927703,124.39547999997376,effect_25-30
2689,331,STR,LSr,587,4.7188209732389295,124.39547999997376,effect_25-30
2690,332,STR,LSr,180,1.446997913429314,124.39547999997376,effect_25-30
2691,335,STR,LSr,2319,18.642156451347663,124.39547999997376,effect_25-30
2692,338,STR,LSr,68,0.5466436561844076,124.39547999997376,effect_25-30
2693,339,STR,LSr,1149,9.236670014057122,124.39547999997376,effect_25-30
2694,342,STR,LSr,1568,12.60495960142869,124.39547999997376,effect_25-30
2695,343,STR,LSr,34,0.2733218280922038,124.39547999997376,effect_25-30
2696,344,STR,LSr,978,7.862021996299273,124.39547999997376,effect_25-30
2697,348,STR,LSr,149,1.1977927172275988,124.39547999997376,effect_25-30
2698,349,STR,LSr,474,3.8104278386971937,124.39547999997376,effect_25-30
2699,350,STR,LSr,579,4.654509954864293,124.39547999997376,effect_25-30
2700,351,STR,LSr,149,1.1977927172275988,124.39547999997376,effect_25-30
2701,353,STR,LSr,466,3.7461168203225577,124.39547999997376,effect_25-30
2702,354,STR,LSr,164,1.3183758766800417,124.39547999997376,effect_25-30
2703,355,STR,LSr,540,4.340993740287942,124.39547999997376,effect_25-30
2704,358,STR,LSr,250,2.0097193242073805,124.39547999997376,effect_25-30
2705,359,STR,LSr,1269,10.201335289676665,124.39547999997376,effect_25-30
2706,360,STR,LSr,19,0.15273866863976093,124.39547999997376,effect_25-30
2707,363,STR,LSr,1017,8.175538210875624,124.39547999997376,effect_25-30
2708,365,STR,LSr,751,6.037196849918971,124.39547999997376,effect_25-30
2709,366,STR,LSr,50,0.40194386484147615,124.39547999997376,effect_25-30
2710,367,STR,LSr,704,5.659369616967984,124.39547999997376,effect_25-30
2711,370,STR,LSr,1875,15.072894931555355,124.39547999997376,effect_25-30
2712,371,STR,LSr,533,4.284721599210136,124.39547999997376,effect_25-30
2713,373,STR,LSr,0,0.0,124.39547999997376,effect_25-30
2714,374,STR,LSr,808,6.4954128558382545,124.39547999997376,effect_25-30
2715,376,STR,LSr,922,7.41184486767682,124.39547999997376,effect_25-30
2716,377,STR,LSr,78,0.6270324291527027,124.39547999997376,effect_25-30
2717,378,STR,LSr,979,7.870060873596103,124.39547999997376,effect_25-30
2718,379,STR,LSr,227,1.8248251463803016,124.39547999997376,effect_25-30
2719,381,STR,LSr,33,0.26528295079537423,124.39547999997376,effect_25-30
2720,382,STR,LSr,542,4.357071494881601,124.39547999997376,effect_25-30
2721,383,STR,LSr,699,5.619175230483837,124.39547999997376,effect_25-30
2722,384,STR,LSr,1111,8.9311926767776,124.39547999997376,effect_25-30
2723,387,STR,LSr,1346,10.820328841532538,124.39547999997376,effect_25-30
2724,388,STR,STR,447,3.5933781516827965,124.39547999997376,effect_25-30
2725,390,STR,STR,9,0.0723498956714657,124.39547999997376,effect_25-30
2726,392,STR,STR,1457,11.712644221480614,124.39547999997376,effect_25-30
2727,393,STR,STR,370,2.9743845998269234,124.39547999997376,effect_25-30
2728,394,STR,STR,44,0.353710601060499,124.39547999997376,effect_25-30
2729,395,STR,STR,1315,10.571123645330822,124.39547999997376,effect_25-30
2730,396,STR,STR,1872,15.048778299664866,124.39547999997376,effect_25-30
2731,397,STR,STR,94,0.7556544659019752,124.39547999997376,effect_25-30
2732,398,STR,STR,198,1.5916977047722456,124.39547999997376,effect_25-30
2733,399,STR,STR,647,5.201153611048701,124.39547999997376,effect_25-30
2734,400,Other,OLF,344,2.7653737901093556,124.39547999997376,effect_25-30
2735,401,STR,STR,80,0.6431101837463619,124.39547999997376,effect_25-30
2736,402,Other,OLF,747,6.005041340731654,124.39547999997376,effect_25-30
2737,403,Other,OLF,493,3.963166507336955,124.39547999997376,effect_25-30
2738,405,Other,OLF,2361,18.979789297814502,124.39547999997376,effect_25-30
2739,407,Other,OLF,1885,15.15328370452365,124.39547999997376,effect_25-30
2740,408,Other,OLF,767,6.1658188866682435,124.39547999997376,effect_25-30
2741,409,Other,OLF,171,1.3746480177578484,124.39547999997376,effect_25-30
2742,412,Other,OLF,81,0.6511490610431914,124.39547999997376,effect_25-30
2743,413,Other,OLF,1040,8.360432388702703,124.39547999997376,effect_25-30
2744,415,Other,OLF,715,5.747797267233109,124.39547999997376,effect_25-30
2745,419,Other,OLF,1863,14.9764284039934,124.39547999997376,effect_25-30
2746,420,Other,OLF,1557,12.516531951163566,124.39547999997376,effect_25-30
2747,423,Other,OLF,1500,12.058315945244283,124.39547999997376,effect_25-30
2748,426,Other,OLF,82,0.6591879383400209,124.39547999997376,effect_25-30
2749,428,Other,OLF,1052,8.456898916264658,124.39547999997376,effect_25-30
2750,430,Other,OLF,118,0.9485875210258837,124.39547999997376,effect_25-30
2751,432,Other,OLF,653,5.249386874829678,124.39547999997376,effect_25-30
2752,433,Other,OLF,38,0.30547733727952187,124.39547999997376,effect_25-30
2753,435,Other,OLF,813,6.535607242322402,124.39547999997376,effect_25-30
2754,436,Other,OLF,745,5.988963586137994,124.39547999997376,effect_25-30
2755,437,Other,OLF,12,0.09646652756195427,124.39547999997376,effect_25-30
2756,439,Other,OLF,30,0.24116631890488568,124.39547999997376,effect_25-30
2757,441,Other,OLF,134,1.0772095577751561,124.39547999997376,effect_25-30
2758,443,Other,fa,1576,12.669270619803328,124.39547999997376,effect_25-30
2759,452,Other,fa,625,5.024298310518452,124.39547999997376,effect_25-30
2760,456,Other,fa,66,0.5305659015907485,124.39547999997376,effect_25-30
2761,458,Other,fa,96,0.7717322204956342,124.39547999997376,effect_25-30
2762,463,Other,fa,4,0.03215550918731809,124.39547999997376,effect_25-30
2763,464,Other,fa,1625,13.063175607347974,124.39547999997376,effect_25-30
2764,469,Other,fa,44,0.353710601060499,124.39547999997376,effect_25-30
2765,470,Other,fa,724,5.820147162904575,124.39547999997376,effect_25-30
2766,471,Other,fa,806,6.479335101244596,124.39547999997376,effect_25-30
2767,473,Other,fa,165,1.3264147539768711,124.39547999997376,effect_25-30
2768,474,Other,fa,206,1.6560087231468816,124.39547999997376,effect_25-30
2769,477,Other,fa,221,1.7765918825993245,124.39547999997376,effect_25-30
2770,478,Other,fa,408,3.2798619371064452,124.39547999997376,effect_25-30
2771,482,Other,fa,665,5.345853402391633,124.39547999997376,effect_25-30
2772,483,Other,fa,327,2.628712876063254,124.39547999997376,effect_25-30
2773,485,Other,fa,153,1.2299482264149169,124.39547999997376,effect_25-30
2774,490,Other,fa,94,0.7556544659019752,124.39547999997376,effect_25-30
2775,491,Other,fa,58,0.4662548832161123,124.39547999997376,effect_25-30
2776,493,Other,fa,285,2.2910800295964138,124.39547999997376,effect_25-30
2777,498,Other,fa,277,2.2267690112217777,124.39547999997376,effect_25-30
2778,500,Other,fa,463,3.722000188432069,124.39547999997376,effect_25-30
2779,501,Other,fa,420,3.3763284646683993,124.39547999997376,effect_25-30
2780,505,Other,fa,347,2.789490421999844,124.39547999997376,effect_25-30
2781,510,Other,fa,486,3.906894366259148,124.39547999997376,effect_25-30
2782,513,Other,fa,3,0.024116631890488568,124.39547999997376,effect_25-30
2783,514,Other,fa,19,0.15273866863976093,124.39547999997376,effect_25-30
2784,515,Motor,MOs6b,13,0.10450540485878379,124.39547999997376,effect_25-30
2785,517,Motor,MOs6b,776,6.238168782339709,124.39547999997376,effect_25-30
2786,518,Motor,MOs6b,550,4.421382513256238,124.39547999997376,effect_25-30
2787,520,Motor,MOs6a,66,0.5305659015907485,124.39547999997376,effect_25-30
2788,521,Motor,MOs6a,89,0.7154600794178275,124.39547999997376,effect_25-30
2789,522,Motor,MOs6a,12,0.09646652756195427,124.39547999997376,effect_25-30
2790,523,Motor,MOs6a,60,0.48233263780977137,124.39547999997376,effect_25-30
2791,530,Motor,MOs6a,427,3.432600605746206,124.39547999997376,effect_25-30
2792,533,Motor,MOs6a,0,0.0,124.39547999997376,effect_25-30
2793,534,Motor,MOs6a,466,3.7461168203225577,124.39547999997376,effect_25-30
2794,535,Motor,MOs6a,42,0.33763284646683994,124.39547999997376,effect_25-30
2795,536,Motor,MOs6a,897,7.210872935256082,124.39547999997376,effect_25-30
2796,538,Motor,MOs6a,479,3.8506222251813416,124.39547999997376,effect_25-30
2797,541,Motor,MOs6a,3,0.024116631890488568,124.39547999997376,effect_25-30
2798,542,Motor,MOs6a,540,4.340993740287942,124.39547999997376,effect_25-30
2799,544,Motor,MOs6a,330,2.6528295079537423,124.39547999997376,effect_25-30
2800,549,Motor,MOs6a,850,6.833045702305094,124.39547999997376,effect_25-30
2801,550,Motor,MOs6a,262,2.106185851769335,124.39547999997376,effect_25-30
2802,551,Motor,MOs6a,523,4.20433282624184,124.39547999997376,effect_25-30
2803,555,Motor,MOs6a,1431,11.503633411763047,124.39547999997376,effect_25-30
2804,557,Motor,MOs6a,136,1.0932873123688152,124.39547999997376,effect_25-30
2805,560,Motor,MOs6a,183,1.4711145453198027,124.39547999997376,effect_25-30
2806,568,Motor,MOs6a,939,7.5485057817229215,124.39547999997376,effect_25-30
2807,573,Motor,MOs5,106,0.8521209934639294,124.39547999997376,effect_25-30
2808,575,Motor,MOs5,1066,8.569443198420272,124.39547999997376,effect_25-30
2809,576,Motor,MOs5,102,0.8199654842766113,124.39547999997376,effect_25-30
2810,578,Motor,MOs5,875,7.034017634725832,124.39547999997376,effect_25-30
2811,579,Motor,MOs5,310,2.492051962017152,124.39547999997376,effect_25-30
2812,580,Motor,MOs5,1465,11.776955239855251,124.39547999997376,effect_25-30
2813,582,Motor,MOs5,864,6.945589984460708,124.39547999997376,effect_25-30
2814,585,Motor,MOs5,452,3.6335725381669444,124.39547999997376,effect_25-30
2815,586,Motor,MOs5,679,5.458397684547246,124.39547999997376,effect_25-30
2816,587,Motor,MOs5,412,3.3120174462937633,124.39547999997376,effect_25-30
2817,588,Motor,MOs5,241,1.9373694285359149,124.39547999997376,effect_25-30
2818,589,Motor,MOs5,181,1.4550367907261437,124.39547999997376,effect_25-30
2819,590,Motor,MOs5,325,2.612635121469595,124.39547999997376,effect_25-30
2820,591,Motor,MOs5,297,2.3875465571583683,124.39547999997376,effect_25-30
2821,593,Motor,MOs5,1334,10.723862313970583,124.39547999997376,effect_25-30
2822,594,Motor,MOs5,321,2.580479612282277,124.39547999997376,effect_25-30
2823,595,Motor,MOs5,243,1.953447183129574,124.39547999997376,effect_25-30
2824,597,Motor,MOs5,266,2.138341360956653,124.39547999997376,effect_25-30
2825,599,Motor,MOs5,62,0.4984103924034304,124.39547999997376,effect_25-30
2826,601,Motor,MOs5,180,1.446997913429314,124.39547999997376,effect_25-30
2827,602,Motor,MOs5,300,2.411663189048857,124.39547999997376,effect_25-30
2828,603,Motor,MOs5,356,2.86184031767131,124.39547999997376,effect_25-30
2829,605,Motor,MOs5,372,2.9904623544205826,124.39547999997376,effect_25-30
2830,606,Motor,MOs5,81,0.6511490610431914,124.39547999997376,effect_25-30
2831,609,Motor,MOs5,149,1.1977927172275988,124.39547999997376,effect_25-30
2832,610,Motor,MOs5,6,0.048233263780977136,124.39547999997376,effect_25-30
2833,611,Motor,MOs5,460,3.6978835565415804,124.39547999997376,effect_25-30
2834,612,Motor,MOs5,581,4.670587709457953,124.39547999997376,effect_25-30
2835,613,Motor,MOs5,146,1.1736760853371102,124.39547999997376,effect_25-30
2836,614,Motor,MOs5,741,5.956808076950677,124.39547999997376,effect_25-30
2837,615,Motor,MOs5,18,0.1446997913429314,124.39547999997376,effect_25-30
2838,617,Motor,MOs5,317,2.548324103094959,124.39547999997376,effect_25-30
2839,618,Motor,MOs5,419,3.36828958737157,124.39547999997376,effect_25-30
2840,620,Motor,MOs5,272,2.1865746247376303,124.39547999997376,effect_25-30
2841,622,Motor,MOs5,238,1.9132527966454265,124.39547999997376,effect_25-30
2842,624,Motor,MOs5,165,1.3264147539768711,124.39547999997376,effect_25-30
2843,625,Motor,MOs5,165,1.3264147539768711,124.39547999997376,effect_25-30
2844,628,Motor,MOs5,355,2.8538014403744807,124.39547999997376,effect_25-30
2845,630,Motor,MOs5,313,2.516168593907641,124.39547999997376,effect_25-30
2846,631,Motor,MOs5,167,1.3424925085705304,124.39547999997376,effect_25-30
2847,632,Motor,MOs5,474,3.8104278386971937,124.39547999997376,effect_25-30
2848,635,Motor,MOs5,261,2.098146974472505,124.39547999997376,effect_25-30
2849,637,Motor,MOs5,5,0.040194386484147616,124.39547999997376,effect_25-30
2850,638,Motor,MOs5,452,3.6335725381669444,124.39547999997376,effect_25-30
2851,639,Motor,MOs5,329,2.644790630656913,124.39547999997376,effect_25-30
2852,651,Motor,MOs5,44,0.353710601060499,124.39547999997376,effect_25-30
2853,653,Motor,MOs5,0,0.0,124.39547999997376,effect_25-30
2854,664,Motor,MOs2/3,6,0.048233263780977136,124.39547999997376,effect_25-30
2855,680,STR,LSr,114,0.9164320118385656,124.39547999997376,effect_25-30
2856,681,STR,LSr,162,1.3022981220863827,124.39547999997376,effect_25-30
2857,683,STR,LSr,246,1.9775638150200625,124.39547999997376,effect_25-30
2858,686,STR,LSr,624,5.016259433221622,124.39547999997376,effect_25-30
2859,688,STR,LSr,118,0.9485875210258837,124.39547999997376,effect_25-30
2860,691,STR,LSr,654,5.257425752126508,124.39547999997376,effect_25-30
2861,692,STR,LSr,474,3.8104278386971937,124.39547999997376,effect_25-30
2862,693,STR,LSr,463,3.722000188432069,124.39547999997376,effect_25-30
2863,694,STR,LSr,121,0.9727041529163722,124.39547999997376,effect_25-30
2864,698,STR,LSr,457,3.673766924651092,124.39547999997376,effect_25-30
2865,699,STR,LSr,123,0.9887819075100313,124.39547999997376,effect_25-30
2866,700,STR,LSr,84,0.6752656929336799,124.39547999997376,effect_25-30
2867,701,STR,LSr,389,3.1271232684666845,124.39547999997376,effect_25-30
2868,703,STR,LSr,625,5.024298310518452,124.39547999997376,effect_25-30
2869,706,STR,LSr,1046,8.40866565248368,124.39547999997376,effect_25-30
2870,707,STR,LSr,1289,10.362112835613255,124.39547999997376,effect_25-30
2871,708,STR,LSr,8,0.06431101837463618,124.39547999997376,effect_25-30
2872,709,STR,STR,87,0.6993823248241685,124.39547999997376,effect_25-30
2873,711,STR,STR,289,2.3232355387837322,124.39547999997376,effect_25-30
2874,712,Other,OLF,30,0.24116631890488568,124.39547999997376,effect_25-30
2875,713,Other,OLF,91,0.7315378340114865,124.39547999997376,effect_25-30
2876,714,Other,OLF,319,2.5644018576886176,124.39547999997376,effect_25-30
2877,715,Other,OLF,541,4.349032617584772,124.39547999997376,effect_25-30
2878,716,Other,OLF,3,0.024116631890488568,124.39547999997376,effect_25-30
2879,717,Other,OLF,432,3.472794992230354,124.39547999997376,effect_25-30
2880,718,Other,OLF,20,0.16077754593659047,124.39547999997376,effect_25-30
2881,719,Other,OLF,313,2.516168593907641,124.39547999997376,effect_25-30
2882,722,Other,OLF,19,0.15273866863976093,124.39547999997376,effect_25-30
2883,726,Other,fa,7,0.05627214107780666,124.39547999997376,effect_25-30
2884,731,Other,fa,436,3.504950501417672,124.39547999997376,effect_25-30
2885,732,Other,fa,597,4.799209746207225,124.39547999997376,effect_25-30
2886,733,Other,fa,53,0.4260604967319647,124.39547999997376,effect_25-30
2887,735,Other,fa,98,0.7878099750892932,124.39547999997376,effect_25-30
2888,737,Motor,MOs6a,3,0.024116631890488568,124.39547999997376,effect_25-30
2889,738,Motor,MOs6a,311,2.5000908393139816,124.39547999997376,effect_25-30
2890,739,Motor,MOs6a,75,0.6029157972622142,124.39547999997376,effect_25-30
2891,741,Motor,MOs6a,45,0.3617494783573285,124.39547999997376,effect_25-30
2892,743,Motor,MOs6a,0,0.0,124.39547999997376,effect_25-30
2893,745,Motor,MOs6a,16,0.12862203674927236,124.39547999997376,effect_25-30
2894,747,Motor,MOs6a,18,0.1446997913429314,124.39547999997376,effect_25-30
2895,748,Motor,MOs6a,379,3.0467344954983893,124.39547999997376,effect_25-30
2896,750,Motor,MOs6a,206,1.6560087231468816,124.39547999997376,effect_25-30
2897,755,Motor,MOs6a,535,4.300799353803795,124.39547999997376,effect_25-30
2898,757,Motor,MOs6a,14,0.11254428215561332,124.39547999997376,effect_25-30
2899,761,Motor,MOs5,23,0.184894177827079,124.39547999997376,effect_25-30
2900,762,Motor,MOs5,172,1.3826868950546778,124.39547999997376,effect_25-30
2901,763,Motor,MOs5,342,2.749296035515697,124.39547999997376,effect_25-30
2902,764,Motor,MOs5,63,0.5064492697002599,124.39547999997376,effect_25-30
2903,766,Motor,MOs5,10,0.08038877296829523,124.39547999997376,effect_25-30
2904,767,Motor,MOs5,0,0.0,124.39547999997376,effect_25-30
2905,768,Motor,MOs5,389,3.1271232684666845,124.39547999997376,effect_25-30
2906,770,Motor,MOs5,50,0.40194386484147615,124.39547999997376,effect_25-30
2907,774,Motor,MOs5,186,1.4952311772102913,124.39547999997376,effect_25-30
2908,775,Motor,MOs5,92,0.739576711308316,124.39547999997376,effect_25-30
2909,776,Motor,MOs5,45,0.3617494783573285,124.39547999997376,effect_25-30
2910,779,Motor,MOs5,80,0.6431101837463619,124.39547999997376,effect_25-30
2911,780,Motor,MOs5,167,1.3424925085705304,124.39547999997376,effect_25-30
2912,781,Motor,MOs5,0,0.0,124.39547999997376,effect_25-30
2913,787,Motor,MOs5,1,0.008038877296829523,124.39547999997376,effect_25-30
2914,789,Motor,MOs5,34,0.2733218280922038,124.39547999997376,effect_25-30
2915,790,Motor,MOs5,44,0.353710601060499,124.39547999997376,effect_25-30
2916,794,Motor,MOs2/3,1,0.008038877296829523,124.39547999997376,effect_25-30
2917,818,STR,LSr,61,0.4903715151066009,124.39547999997376,effect_25-30
2918,821,STR,LSr,50,0.40194386484147615,124.39547999997376,effect_25-30
2919,823,Other,OLF,669,5.3780089115789504,124.39547999997376,effect_25-30
2920,826,Motor,MOs6a,64,0.5144881469970894,124.39547999997376,effect_25-30
2921,828,Motor,MOs6a,302,2.4277409436425157,124.39547999997376,effect_25-30
2922,829,Motor,MOs6a,36,0.2893995826858628,124.39547999997376,effect_25-30
2923,830,Motor,MOs5,2,0.016077754593659045,124.39547999997376,effect_25-30
2924,831,Motor,MOs5,350,2.813607053890333,124.39547999997376,effect_25-30
2925,836,Motor,MOs5,98,0.7878099750892932,124.39547999997376,effect_25-30
2926,837,Motor,MOs5,201,1.615814336662734,124.39547999997376,effect_25-30
2927,843,STR,LSr,46,0.369788355654158,124.39547999997376,effect_25-30
2928,844,Motor,MOs6a,4,0.03215550918731809,124.39547999997376,effect_25-30
2929,846,Motor,MOs5,75,0.6029157972622142,124.39547999997376,effect_25-30
2930,850,STR,LSr,26,0.20901080971756758,124.39547999997376,effect_25-30
2931,854,Motor,MOs6a,2,0.016077754593659045,124.39547999997376,effect_25-30
2932,857,Motor,MOs5,294,2.3634299252678796,124.39547999997376,effect_25-30
2933,861,Other,fa,3,0.024116631890488568,124.39547999997376,effect_25-30
2934,862,Motor,MOs5,273,2.1946135020344597,124.39547999997376,effect_25-30
2935,864,Other,fa,21,0.16881642323341997,124.39547999997376,effect_25-30
2936,0,Thalamus,MD,387,5.827588315069937,66.40825999997833,effect_30-35
2937,1,Thalamus,MD,425,6.399806289159492,66.40825999997833,effect_30-35
2938,5,Thalamus,MD,1780,26.80389457577387,66.40825999997833,effect_30-35
2939,6,Thalamus,MD,17,0.25599225156637967,66.40825999997833,effect_30-35
2940,8,Thalamus,MD,2203,33.173584129454966,66.40825999997833,effect_30-35
2941,10,Thalamus,MD,4832,72.76203291580862,66.40825999997833,effect_30-35
2942,15,Thalamus,MD,894,13.462180758843731,66.40825999997833,effect_30-35
2943,16,Thalamus,MD,12,0.18070041287038566,66.40825999997833,effect_30-35
2944,21,Thalamus,MD,473,7.122607940641034,66.40825999997833,effect_30-35
2945,22,Thalamus,MD,1081,16.27809552607391,66.40825999997833,effect_30-35
2946,23,Thalamus,MD,71,1.0691441094831151,66.40825999997833,effect_30-35
2947,24,Thalamus,MD,134,2.0178212770526396,66.40825999997833,effect_30-35
2948,26,Thalamus,MD,63,0.9486771675695247,66.40825999997833,effect_30-35
2949,28,Thalamus,MD,1863,28.053739098127373,66.40825999997833,effect_30-35
2950,29,Thalamus,MD,1162,17.49782331294901,66.40825999997833,effect_30-35
2951,30,Thalamus,MD,720,10.842024772223139,66.40825999997833,effect_30-35
2952,38,Thalamus,MD,80,1.2046694191359044,66.40825999997833,effect_30-35
2953,39,Thalamus,MD,591,8.899495333866493,66.40825999997833,effect_30-35
2954,41,Thalamus,MD,4,0.06023347095679522,66.40825999997833,effect_30-35
2955,44,Thalamus,MD,114,1.7166539222686636,66.40825999997833,effect_30-35
2956,45,Thalamus,MD,1334,20.087862564091203,66.40825999997833,effect_30-35
2957,46,Thalamus,MD,423,6.369689553681094,66.40825999997833,effect_30-35
2958,47,Thalamus,MD,710,10.69144109483115,66.40825999997833,effect_30-35
2959,48,Thalamus,MD,379,5.707121373156347,66.40825999997833,effect_30-35
2960,50,Thalamus,MD,691,10.405332107786373,66.40825999997833,effect_30-35
2961,51,Thalamus,MD,219,3.297782534884538,66.40825999997833,effect_30-35
2962,52,Thalamus,MD,777,11.70035173335747,66.40825999997833,effect_30-35
2963,53,Thalamus,MD,1227,18.47661721599693,66.40825999997833,effect_30-35
2964,54,Thalamus,MD,238,3.5838915219293153,66.40825999997833,effect_30-35
2965,58,Thalamus,MD,1290,19.425294383566456,66.40825999997833,effect_30-35
2966,59,Thalamus,MD,546,8.221868785602547,66.40825999997833,effect_30-35
2967,60,Thalamus,MD,426,6.414864656898691,66.40825999997833,effect_30-35
2968,61,Thalamus,MD,913,13.748289745888508,66.40825999997833,effect_30-35
2969,64,Thalamus,MD,178,2.680389457577387,66.40825999997833,effect_30-35
2970,65,Thalamus,MD,385,5.79747157959154,66.40825999997833,effect_30-35
2971,67,Thalamus,MD,339,5.104786663588395,66.40825999997833,effect_30-35
2972,69,Thalamus,MD,76,1.144435948179109,66.40825999997833,effect_30-35
2973,71,Thalamus,MD,195,2.9363817091437667,66.40825999997833,effect_30-35
2974,73,Thalamus,MD,338,5.089728295849196,66.40825999997833,effect_30-35
2975,74,Thalamus,MD,454,6.836498953596257,66.40825999997833,effect_30-35
2976,76,Thalamus,MD,257,3.8700005089740928,66.40825999997833,effect_30-35
2977,79,Thalamus,MD,165,2.484630676967803,66.40825999997833,effect_30-35
2978,80,Thalamus,MD,513,7.724942650208987,66.40825999997833,effect_30-35
2979,81,Thalamus,MD,1435,21.608757705750282,66.40825999997833,effect_30-35
2980,82,Thalamus,MD,338,5.089728295849196,66.40825999997833,effect_30-35
2981,83,Thalamus,MD,1249,18.807901306259307,66.40825999997833,effect_30-35
2982,84,Thalamus,MD,833,12.543620326752604,66.40825999997833,effect_30-35
2983,86,Thalamus,MD,429,6.4600397601162864,66.40825999997833,effect_30-35
2984,100,Thalamus,LP,77,1.159494315918308,66.40825999997833,effect_30-35
2985,102,Thalamus,LP,190,2.8610898704477727,66.40825999997833,effect_30-35
2986,104,Thalamus,LP,126,1.8973543351390494,66.40825999997833,effect_30-35
2987,105,Thalamus,LP,431,6.490156495594684,66.40825999997833,effect_30-35
2988,106,Thalamus,LP,116,1.7467706577470612,66.40825999997833,effect_30-35
2989,110,Thalamus,LP,229,3.448366212276526,66.40825999997833,effect_30-35
2990,111,Thalamus,LP,111,1.6714788190510672,66.40825999997833,effect_30-35
2991,112,Thalamus,LP,589,8.869378598388096,66.40825999997833,effect_30-35
2992,114,Thalamus,LP,6,0.09035020643519283,66.40825999997833,effect_30-35
2993,117,Other,DG-mo,890,13.401947287886935,66.40825999997833,effect_30-35
2994,118,Other,DG-mo,48,0.7228016514815426,66.40825999997833,effect_30-35
2995,120,Other,DG-mo,218,3.2827241671453393,66.40825999997833,effect_30-35
2996,121,Other,DG-mo,1272,19.15424376426088,66.40825999997833,effect_30-35
2997,122,Other,DG-mo,986,14.847550590850021,66.40825999997833,effect_30-35
2998,123,Other,DG-mo,128,1.927471070617447,66.40825999997833,effect_30-35
2999,139,Other,DG-mo,0,0.0,66.40825999997833,effect_30-35
3000,145,Other,DG-sg,111,1.6714788190510672,66.40825999997833,effect_30-35
3001,160,Other,DG-mo,68,1.0239690062655187,66.40825999997833,effect_30-35
3002,162,Other,DG-mo,942,14.184982410325274,66.40825999997833,effect_30-35
3003,164,Other,DG-mo,740,11.143192127007115,66.40825999997833,effect_30-35
3004,166,Other,DG-mo,340,5.119845031327594,66.40825999997833,effect_30-35
3005,167,Other,DG-mo,314,4.728327470108424,66.40825999997833,effect_30-35
3006,172,Other,DG-mo,893,13.447122391104532,66.40825999997833,effect_30-35
3007,174,Other,DG-mo,718,10.811908036744741,66.40825999997833,effect_30-35
3008,179,Other,DG-mo,893,13.447122391104532,66.40825999997833,effect_30-35
3009,180,Other,CA1,33,0.4969261353935605,66.40825999997833,effect_30-35
3010,183,Other,CA1,905,13.627822803974917,66.40825999997833,effect_30-35
3011,190,Other,CA1,392,5.902880153765931,66.40825999997833,effect_30-35
3012,192,Other,CA1,408,6.143814037593112,66.40825999997833,effect_30-35
3013,193,Other,CA1,493,7.423775295425011,66.40825999997833,effect_30-35
3014,209,Other,CA1,93,1.4004281997454888,66.40825999997833,effect_30-35
3015,210,Other,CA1,60,0.9035020643519283,66.40825999997833,effect_30-35
3016,211,Other,CA1,95,1.4305449352238864,66.40825999997833,effect_30-35
3017,212,Other,CA1,132,1.987704541574242,66.40825999997833,effect_30-35
3018,217,Other,CA1,209,3.14719885749255,66.40825999997833,effect_30-35
3019,221,Other,CA1,188,2.830973134969375,66.40825999997833,effect_30-35
3020,226,Thalamus,MD,10,0.15058367739198805,66.40825999997833,effect_30-35
3021,227,Thalamus,MD,24,0.3614008257407713,66.40825999997833,effect_30-35
3022,228,Thalamus,MD,65,0.9787939030479222,66.40825999997833,effect_30-35
3023,230,Thalamus,MD,336,5.059611560370798,66.40825999997833,effect_30-35
3024,231,Thalamus,MD,30,0.45175103217596413,66.40825999997833,effect_30-35
3025,239,Other,DG-mo,4,0.06023347095679522,66.40825999997833,effect_30-35
3026,242,Other,DG-mo,79,1.1896110513967055,66.40825999997833,effect_30-35
3027,243,Other,DG-sg,3,0.045175103217596414,66.40825999997833,effect_30-35
3028,247,Other,DG-sg,7,0.10540857417439163,66.40825999997833,effect_30-35
3029,249,Other,DG-mo,390,5.8727634182875335,66.40825999997833,effect_30-35
3030,253,Other,CA1,0,0.0,66.40825999997833,effect_30-35
3031,254,Thalamus,MD,267,4.02058418636608,66.40825999997833,effect_30-35
3032,256,Other,DG-mo,2,0.03011673547839761,66.40825999997833,effect_30-35
3033,260,Other,DG-sg,0,0.0,66.40825999997833,effect_30-35
3034,272,Other,scwm,2389,35.97444052894594,66.40825999997833,effect_30-35
3035,276,Somatosensory,SSp-tr6a,372,5.601712798981955,66.40825999997833,effect_30-35
3036,277,Somatosensory,SSp-tr6a,636,9.57712188213044,66.40825999997833,effect_30-35
3037,279,Somatosensory,SSp-tr6a,418,6.2943977149851,66.40825999997833,effect_30-35
3038,280,Somatosensory,SSp-tr6a,765,11.519651320487085,66.40825999997833,effect_30-35
3039,281,Somatosensory,SSp-tr6a,799,12.031635823619844,66.40825999997833,effect_30-35
3040,284,Somatosensory,SSp-tr6a,1296,19.51564459000165,66.40825999997833,effect_30-35
3041,285,Somatosensory,SSp-tr6a,302,4.547627057238039,66.40825999997833,effect_30-35
3042,287,Somatosensory,SSp-tr6a,573,8.628444714560915,66.40825999997833,effect_30-35
3043,288,Somatosensory,SSp-tr6a,657,9.893347604653615,66.40825999997833,effect_30-35
3044,290,Somatosensory,SSp-tr6a,510,7.67976754699139,66.40825999997833,effect_30-35
3045,291,Somatosensory,SSp-tr6a,70,1.0540857417439162,66.40825999997833,effect_30-35
3046,292,Somatosensory,SSp-tr6a,210,3.1622572252317487,66.40825999997833,effect_30-35
3047,300,Somatosensory,SSp-tr5,302,4.547627057238039,66.40825999997833,effect_30-35
3048,310,Somatosensory,SSp-tr5,222,3.3429576381021344,66.40825999997833,effect_30-35
3049,318,Somatosensory,SSp-tr4,39,0.5872763418287533,66.40825999997833,effect_30-35
3050,321,Somatosensory,SSp-tr6a,990,14.907784061806815,66.40825999997833,effect_30-35
3051,325,Somatosensory,SSp-tr4,3,0.045175103217596414,66.40825999997833,effect_30-35
3052,326,STR,LSr,161,2.4243972060110073,66.40825999997833,effect_30-35
3053,327,STR,LSr,532,8.011051637253763,66.40825999997833,effect_30-35
3054,329,STR,LSr,275,4.141051128279671,66.40825999997833,effect_30-35
3055,330,STR,LSr,243,3.6591833606253092,66.40825999997833,effect_30-35
3056,331,STR,LSr,331,4.9843197216748045,66.40825999997833,effect_30-35
3057,332,STR,LSr,127,1.912412702878248,66.40825999997833,effect_30-35
3058,335,STR,LSr,1403,21.12688993809592,66.40825999997833,effect_30-35
3059,338,STR,LSr,30,0.45175103217596413,66.40825999997833,effect_30-35
3060,339,STR,LSr,536,8.071285108210558,66.40825999997833,effect_30-35
3061,342,STR,LSr,935,14.079573836150882,66.40825999997833,effect_30-35
3062,343,STR,LSr,17,0.25599225156637967,66.40825999997833,effect_30-35
3063,344,STR,LSr,574,8.643503082300114,66.40825999997833,effect_30-35
3064,348,STR,LSr,62,0.9336187998303258,66.40825999997833,effect_30-35
3065,349,STR,LSr,296,4.457276850802846,66.40825999997833,effect_30-35
3066,350,STR,LSr,353,5.315603811937177,66.40825999997833,effect_30-35
3067,351,STR,LSr,91,1.370311464267091,66.40825999997833,effect_30-35
3068,353,STR,LSr,231,3.4784829477549235,66.40825999997833,effect_30-35
3069,354,STR,LSr,111,1.6714788190510672,66.40825999997833,effect_30-35
3070,355,STR,LSr,251,3.7796503025389,66.40825999997833,effect_30-35
3071,358,STR,LSr,169,2.544864147924598,66.40825999997833,effect_30-35
3072,359,STR,LSr,682,10.269806798133585,66.40825999997833,effect_30-35
3073,360,STR,LSr,7,0.10540857417439163,66.40825999997833,effect_30-35
3074,363,STR,LSr,541,8.146576946906553,66.40825999997833,effect_30-35
3075,365,STR,LSr,348,5.240311973241184,66.40825999997833,effect_30-35
3076,366,STR,LSr,60,0.9035020643519283,66.40825999997833,effect_30-35
3077,367,STR,LSr,362,5.451129121589967,66.40825999997833,effect_30-35
3078,370,STR,LSr,1068,16.08233674546432,66.40825999997833,effect_30-35
3079,371,STR,LSr,180,2.7105061930557848,66.40825999997833,effect_30-35
3080,373,STR,LSr,0,0.0,66.40825999997833,effect_30-35
3081,374,STR,LSr,513,7.724942650208987,66.40825999997833,effect_30-35
3082,376,STR,LSr,596,8.974787172562488,66.40825999997833,effect_30-35
3083,377,STR,LSr,35,0.5270428708719581,66.40825999997833,effect_30-35
3084,378,STR,LSr,384,5.782413211852341,66.40825999997833,effect_30-35
3085,379,STR,LSr,125,1.8822959673998505,66.40825999997833,effect_30-35
3086,381,STR,LSr,15,0.22587551608798206,66.40825999997833,effect_30-35
3087,382,STR,LSr,281,4.231401334714864,66.40825999997833,effect_30-35
3088,383,STR,LSr,428,6.4449813923770884,66.40825999997833,effect_30-35
3089,384,STR,LSr,640,9.637355353087235,66.40825999997833,effect_30-35
3090,387,STR,LSr,656,9.878289236914416,66.40825999997833,effect_30-35
3091,388,STR,STR,278,4.186226231497267,66.40825999997833,effect_30-35
3092,390,STR,STR,6,0.09035020643519283,66.40825999997833,effect_30-35
3093,392,STR,STR,813,12.242452971968628,66.40825999997833,effect_30-35
3094,393,STR,STR,242,3.6441249928861104,66.40825999997833,effect_30-35
3095,394,STR,STR,4,0.06023347095679522,66.40825999997833,effect_30-35
3096,395,STR,STR,672,10.119223120741596,66.40825999997833,effect_30-35
3097,396,STR,STR,875,13.176071771798954,66.40825999997833,effect_30-35
3098,397,STR,STR,435,6.55038996655148,66.40825999997833,effect_30-35
3099,398,STR,STR,75,1.1293775804399102,66.40825999997833,effect_30-35
3100,399,STR,STR,427,6.42992302463789,66.40825999997833,effect_30-35
3101,400,Other,OLF,230,3.463424580015725,66.40825999997833,effect_30-35
3102,401,STR,STR,57,0.8583269611343318,66.40825999997833,effect_30-35
3103,402,Other,OLF,276,4.15610949601887,66.40825999997833,effect_30-35
3104,403,Other,OLF,299,4.502451954020442,66.40825999997833,effect_30-35
3105,405,Other,OLF,1401,21.096773202617523,66.40825999997833,effect_30-35
3106,407,Other,OLF,1033,15.555293874592364,66.40825999997833,effect_30-35
3107,408,Other,OLF,449,6.761207114900263,66.40825999997833,effect_30-35
3108,409,Other,OLF,73,1.0992608449615127,66.40825999997833,effect_30-35
3109,412,Other,OLF,15,0.22587551608798206,66.40825999997833,effect_30-35
3110,413,Other,OLF,643,9.68253045630483,66.40825999997833,effect_30-35
3111,415,Other,OLF,313,4.7132691023692255,66.40825999997833,effect_30-35
3112,419,Other,OLF,1062,15.99198653902913,66.40825999997833,effect_30-35
3113,420,Other,OLF,915,13.778406481366906,66.40825999997833,effect_30-35
3114,423,Other,OLF,833,12.543620326752604,66.40825999997833,effect_30-35
3115,426,Other,OLF,20,0.3011673547839761,66.40825999997833,effect_30-35
3116,428,Other,OLF,522,7.860467959861776,66.40825999997833,effect_30-35
3117,430,Other,OLF,34,0.5119845031327593,66.40825999997833,effect_30-35
3118,432,Other,OLF,281,4.231401334714864,66.40825999997833,effect_30-35
3119,433,Other,OLF,18,0.27105061930557844,66.40825999997833,effect_30-35
3120,435,Other,OLF,490,7.378600192207414,66.40825999997833,effect_30-35
3121,436,Other,OLF,423,6.369689553681094,66.40825999997833,effect_30-35
3122,437,Other,OLF,6,0.09035020643519283,66.40825999997833,effect_30-35
3123,439,Other,OLF,31,0.4668093999151629,66.40825999997833,effect_30-35
3124,441,Other,OLF,72,1.0842024772223138,66.40825999997833,effect_30-35
3125,443,Other,fa,719,10.82696640448394,66.40825999997833,effect_30-35
3126,452,Other,fa,319,4.803619308804419,66.40825999997833,effect_30-35
3127,456,Other,fa,40,0.6023347095679522,66.40825999997833,effect_30-35
3128,458,Other,fa,60,0.9035020643519283,66.40825999997833,effect_30-35
3129,463,Other,fa,0,0.0,66.40825999997833,effect_30-35
3130,464,Other,fa,903,13.59770606849652,66.40825999997833,effect_30-35
3131,469,Other,fa,1,0.015058367739198804,66.40825999997833,effect_30-35
3132,470,Other,fa,364,5.481245857068364,66.40825999997833,effect_30-35
3133,471,Other,fa,472,7.107549572901836,66.40825999997833,effect_30-35
3134,473,Other,fa,159,2.39428047053261,66.40825999997833,effect_30-35
3135,474,Other,fa,125,1.8822959673998505,66.40825999997833,effect_30-35
3136,477,Other,fa,164,2.469572309228604,66.40825999997833,effect_30-35
3137,478,Other,fa,172,2.590039251142194,66.40825999997833,effect_30-35
3138,482,Other,fa,350,5.270428708719582,66.40825999997833,effect_30-35
3139,483,Other,fa,112,1.686537186790266,66.40825999997833,effect_30-35
3140,485,Other,fa,191,2.8761482381869716,66.40825999997833,effect_30-35
3141,490,Other,fa,135,2.0328796447918385,66.40825999997833,effect_30-35
3142,491,Other,fa,30,0.45175103217596413,66.40825999997833,effect_30-35
3143,493,Other,fa,186,2.8008563994909776,66.40825999997833,effect_30-35
3144,498,Other,fa,190,2.8610898704477727,66.40825999997833,effect_30-35
3145,500,Other,fa,261,3.930233979930888,66.40825999997833,effect_30-35
3146,501,Other,fa,149,2.243696793140622,66.40825999997833,effect_30-35
3147,505,Other,fa,133,2.0027629093134407,66.40825999997833,effect_30-35
3148,510,Other,fa,337,5.074669928109997,66.40825999997833,effect_30-35
3149,513,Other,fa,0,0.0,66.40825999997833,effect_30-35
3150,514,Other,fa,4,0.06023347095679522,66.40825999997833,effect_30-35
3151,515,Motor,MOs6b,4,0.06023347095679522,66.40825999997833,effect_30-35
3152,517,Motor,MOs6b,302,4.547627057238039,66.40825999997833,effect_30-35
3153,518,Motor,MOs6b,183,2.755681296273381,66.40825999997833,effect_30-35
3154,520,Motor,MOs6a,8,0.12046694191359043,66.40825999997833,effect_30-35
3155,521,Motor,MOs6a,29,0.4366926644367653,66.40825999997833,effect_30-35
3156,522,Motor,MOs6a,4,0.06023347095679522,66.40825999997833,effect_30-35
3157,523,Motor,MOs6a,14,0.21081714834878326,66.40825999997833,effect_30-35
3158,530,Motor,MOs6a,117,1.76182902548626,66.40825999997833,effect_30-35
3159,533,Motor,MOs6a,0,0.0,66.40825999997833,effect_30-35
3160,534,Motor,MOs6a,169,2.544864147924598,66.40825999997833,effect_30-35
3161,535,Motor,MOs6a,27,0.4065759289583677,66.40825999997833,effect_30-35
3162,536,Motor,MOs6a,522,7.860467959861776,66.40825999997833,effect_30-35
3163,538,Motor,MOs6a,311,4.683152366890828,66.40825999997833,effect_30-35
3164,541,Motor,MOs6a,0,0.0,66.40825999997833,effect_30-35
3165,542,Motor,MOs6a,343,5.165020134545189,66.40825999997833,effect_30-35
3166,544,Motor,MOs6a,279,4.201284599236466,66.40825999997833,effect_30-35
3167,549,Motor,MOs6a,525,7.905643063079372,66.40825999997833,effect_30-35
3168,550,Motor,MOs6a,59,0.8884436966127295,66.40825999997833,effect_30-35
3169,551,Motor,MOs6a,377,5.677004637677949,66.40825999997833,effect_30-35
3170,555,Motor,MOs6a,906,13.642881171714116,66.40825999997833,effect_30-35
3171,557,Motor,MOs6a,113,1.7015955545294648,66.40825999997833,effect_30-35
3172,560,Motor,MOs6a,265,3.990467450887683,66.40825999997833,effect_30-35
3173,568,Motor,MOs6a,411,6.188989140810708,66.40825999997833,effect_30-35
3174,573,Motor,MOs5,44,0.6625681805247474,66.40825999997833,effect_30-35
3175,575,Motor,MOs5,714,10.751674565787946,66.40825999997833,effect_30-35
3176,576,Motor,MOs5,54,0.8131518579167354,66.40825999997833,effect_30-35
3177,578,Motor,MOs5,524,7.8905846953401735,66.40825999997833,effect_30-35
3178,579,Motor,MOs5,133,2.0027629093134407,66.40825999997833,effect_30-35
3179,580,Motor,MOs5,784,11.805760307531862,66.40825999997833,effect_30-35
3180,582,Motor,MOs5,507,7.634592443773793,66.40825999997833,effect_30-35
3181,585,Motor,MOs5,243,3.6591833606253092,66.40825999997833,effect_30-35
3182,586,Motor,MOs5,390,5.8727634182875335,66.40825999997833,effect_30-35
3183,587,Motor,MOs5,444,6.685915276204269,66.40825999997833,effect_30-35
3184,588,Motor,MOs5,191,2.8761482381869716,66.40825999997833,effect_30-35
3185,589,Motor,MOs5,65,0.9787939030479222,66.40825999997833,effect_30-35
3186,590,Motor,MOs5,195,2.9363817091437667,66.40825999997833,effect_30-35
3187,591,Motor,MOs5,173,2.605097618881393,66.40825999997833,effect_30-35
3188,593,Motor,MOs5,851,12.814670946058182,66.40825999997833,effect_30-35
3189,594,Motor,MOs5,159,2.39428047053261,66.40825999997833,effect_30-35
3190,595,Motor,MOs5,98,1.4757200384414828,66.40825999997833,effect_30-35
3191,597,Motor,MOs5,161,2.4243972060110073,66.40825999997833,effect_30-35
3192,599,Motor,MOs5,12,0.18070041287038566,66.40825999997833,effect_30-35
3193,601,Motor,MOs5,75,1.1293775804399102,66.40825999997833,effect_30-35
3194,602,Motor,MOs5,129,1.9425294383566456,66.40825999997833,effect_30-35
3195,603,Motor,MOs5,162,2.439455573750206,66.40825999997833,effect_30-35
3196,605,Motor,MOs5,220,3.3128409026237366,66.40825999997833,effect_30-35
3197,606,Motor,MOs5,10,0.15058367739198805,66.40825999997833,effect_30-35
3198,609,Motor,MOs5,97,1.460661670702284,66.40825999997833,effect_30-35
3199,610,Motor,MOs5,8,0.12046694191359043,66.40825999997833,effect_30-35
3200,611,Motor,MOs5,229,3.448366212276526,66.40825999997833,effect_30-35
3201,612,Motor,MOs5,322,4.8487944120220146,66.40825999997833,effect_30-35
3202,613,Motor,MOs5,133,2.0027629093134407,66.40825999997833,effect_30-35
3203,614,Motor,MOs5,388,5.842646682809136,66.40825999997833,effect_30-35
3204,615,Motor,MOs5,10,0.15058367739198805,66.40825999997833,effect_30-35
3205,617,Motor,MOs5,222,3.3429576381021344,66.40825999997833,effect_30-35
3206,618,Motor,MOs5,257,3.8700005089740928,66.40825999997833,effect_30-35
3207,620,Motor,MOs5,133,2.0027629093134407,66.40825999997833,effect_30-35
3208,622,Motor,MOs5,169,2.544864147924598,66.40825999997833,effect_30-35
3209,624,Motor,MOs5,111,1.6714788190510672,66.40825999997833,effect_30-35
3210,625,Motor,MOs5,78,1.1745526836575066,66.40825999997833,effect_30-35
3211,628,Motor,MOs5,202,3.0417902833181585,66.40825999997833,effect_30-35
3212,630,Motor,MOs5,107,1.6112453480942721,66.40825999997833,effect_30-35
3213,631,Motor,MOs5,86,1.295019625571097,66.40825999997833,effect_30-35
3214,632,Motor,MOs5,336,5.059611560370798,66.40825999997833,effect_30-35
3215,635,Motor,MOs5,108,1.6263037158334708,66.40825999997833,effect_30-35
3216,637,Motor,MOs5,4,0.06023347095679522,66.40825999997833,effect_30-35
3217,638,Motor,MOs5,394,5.932996889244329,66.40825999997833,effect_30-35
3218,639,Motor,MOs5,247,3.7194168315821043,66.40825999997833,effect_30-35
3219,651,Motor,MOs5,16,0.24093388382718087,66.40825999997833,effect_30-35
3220,653,Motor,MOs5,0,0.0,66.40825999997833,effect_30-35
3221,664,Motor,MOs2/3,13,0.19575878060958446,66.40825999997833,effect_30-35
3222,680,STR,LSr,52,0.7830351224383378,66.40825999997833,effect_30-35
3223,681,STR,LSr,94,1.4154865674846875,66.40825999997833,effect_30-35
3224,683,STR,LSr,107,1.6112453480942721,66.40825999997833,effect_30-35
3225,686,STR,LSr,362,5.451129121589967,66.40825999997833,effect_30-35
3226,688,STR,LSr,44,0.6625681805247474,66.40825999997833,effect_30-35
3227,691,STR,LSr,467,7.032257734205841,66.40825999997833,effect_30-35
3228,692,STR,LSr,246,3.704358463842906,66.40825999997833,effect_30-35
3229,693,STR,LSr,244,3.674241728364508,66.40825999997833,effect_30-35
3230,694,STR,LSr,32,0.48186776765436173,66.40825999997833,effect_30-35
3231,698,STR,LSr,198,2.9815568123613634,66.40825999997833,effect_30-35
3232,699,STR,LSr,65,0.9787939030479222,66.40825999997833,effect_30-35
3233,700,STR,LSr,26,0.3915175612191689,66.40825999997833,effect_30-35
3234,701,STR,LSr,231,3.4784829477549235,66.40825999997833,effect_30-35
3235,703,STR,LSr,286,4.306693173410858,66.40825999997833,effect_30-35
3236,706,STR,LSr,384,5.782413211852341,66.40825999997833,effect_30-35
3237,707,STR,LSr,716,10.781791301266344,66.40825999997833,effect_30-35
3238,708,STR,LSr,4,0.06023347095679522,66.40825999997833,effect_30-35
3239,709,STR,STR,63,0.9486771675695247,66.40825999997833,effect_30-35
3240,711,STR,STR,159,2.39428047053261,66.40825999997833,effect_30-35
3241,712,Other,OLF,60,0.9035020643519283,66.40825999997833,effect_30-35
3242,713,Other,OLF,22,0.3312840902623737,66.40825999997833,effect_30-35
3243,714,Other,OLF,79,1.1896110513967055,66.40825999997833,effect_30-35
3244,715,Other,OLF,290,4.366926644367653,66.40825999997833,effect_30-35
3245,716,Other,OLF,2,0.03011673547839761,66.40825999997833,effect_30-35
3246,717,Other,OLF,251,3.7796503025389,66.40825999997833,effect_30-35
3247,718,Other,OLF,4,0.06023347095679522,66.40825999997833,effect_30-35
3248,719,Other,OLF,156,2.3491053673150133,66.40825999997833,effect_30-35
3249,722,Other,OLF,2,0.03011673547839761,66.40825999997833,effect_30-35
3250,726,Other,fa,5,0.07529183869599403,66.40825999997833,effect_30-35
3251,731,Other,fa,199,2.996615180100562,66.40825999997833,effect_30-35
3252,732,Other,fa,286,4.306693173410858,66.40825999997833,effect_30-35
3253,733,Other,fa,19,0.2861089870447773,66.40825999997833,effect_30-35
3254,735,Other,fa,23,0.3463424580015725,66.40825999997833,effect_30-35
3255,737,Motor,MOs6a,2,0.03011673547839761,66.40825999997833,effect_30-35
3256,738,Motor,MOs6a,152,2.288871896358218,66.40825999997833,effect_30-35
3257,739,Motor,MOs6a,31,0.4668093999151629,66.40825999997833,effect_30-35
3258,741,Motor,MOs6a,23,0.3463424580015725,66.40825999997833,effect_30-35
3259,743,Motor,MOs6a,1,0.015058367739198804,66.40825999997833,effect_30-35
3260,745,Motor,MOs6a,16,0.24093388382718087,66.40825999997833,effect_30-35
3261,747,Motor,MOs6a,3,0.045175103217596414,66.40825999997833,effect_30-35
3262,748,Motor,MOs6a,400,6.023347095679521,66.40825999997833,effect_30-35
3263,750,Motor,MOs6a,187,2.8159147672301765,66.40825999997833,effect_30-35
3264,755,Motor,MOs6a,213,3.2074323284493453,66.40825999997833,effect_30-35
3265,757,Motor,MOs6a,3,0.045175103217596414,66.40825999997833,effect_30-35
3266,761,Motor,MOs5,25,0.3764591934799701,66.40825999997833,effect_30-35
3267,762,Motor,MOs5,112,1.686537186790266,66.40825999997833,effect_30-35
3268,763,Motor,MOs5,287,4.321751541150057,66.40825999997833,effect_30-35
3269,764,Motor,MOs5,30,0.45175103217596413,66.40825999997833,effect_30-35
3270,766,Motor,MOs5,0,0.0,66.40825999997833,effect_30-35
3271,767,Motor,MOs5,0,0.0,66.40825999997833,effect_30-35
3272,768,Motor,MOs5,110,1.6564204513118683,66.40825999997833,effect_30-35
3273,770,Motor,MOs5,13,0.19575878060958446,66.40825999997833,effect_30-35
3274,774,Motor,MOs5,48,0.7228016514815426,66.40825999997833,effect_30-35
3275,775,Motor,MOs5,55,0.8282102256559342,66.40825999997833,effect_30-35
3276,776,Motor,MOs5,9,0.13552530965278922,66.40825999997833,effect_30-35
3277,779,Motor,MOs5,24,0.3614008257407713,66.40825999997833,effect_30-35
3278,780,Motor,MOs5,98,1.4757200384414828,66.40825999997833,effect_30-35
3279,781,Motor,MOs5,0,0.0,66.40825999997833,effect_30-35
3280,787,Motor,MOs5,1,0.015058367739198804,66.40825999997833,effect_30-35
3281,789,Motor,MOs5,10,0.15058367739198805,66.40825999997833,effect_30-35
3282,790,Motor,MOs5,23,0.3463424580015725,66.40825999997833,effect_30-35
3283,794,Motor,MOs2/3,1,0.015058367739198804,66.40825999997833,effect_30-35
3284,818,STR,LSr,8,0.12046694191359043,66.40825999997833,effect_30-35
3285,821,STR,LSr,21,0.3162257225231749,66.40825999997833,effect_30-35
3286,823,Other,OLF,455,6.851557321335456,66.40825999997833,effect_30-35
3287,826,Motor,MOs6a,2,0.03011673547839761,66.40825999997833,effect_30-35
3288,828,Motor,MOs6a,190,2.8610898704477727,66.40825999997833,effect_30-35
3289,829,Motor,MOs6a,33,0.4969261353935605,66.40825999997833,effect_30-35
3290,830,Motor,MOs5,3,0.045175103217596414,66.40825999997833,effect_30-35
3291,831,Motor,MOs5,204,3.071907018796556,66.40825999997833,effect_30-35
3292,836,Motor,MOs5,48,0.7228016514815426,66.40825999997833,effect_30-35
3293,837,Motor,MOs5,106,1.5961869803550732,66.40825999997833,effect_30-35
3294,843,STR,LSr,10,0.15058367739198805,66.40825999997833,effect_30-35
3295,844,Motor,MOs6a,6,0.09035020643519283,66.40825999997833,effect_30-35
3296,846,Motor,MOs5,88,1.3251363610494948,66.40825999997833,effect_30-35
3297,850,STR,LSr,16,0.24093388382718087,66.40825999997833,effect_30-35
3298,854,Motor,MOs6a,0,0.0,66.40825999997833,effect_30-35
3299,857,Motor,MOs5,119,1.7919457609646576,66.40825999997833,effect_30-35
3300,861,Other,fa,5,0.07529183869599403,66.40825999997833,effect_30-35
3301,862,Motor,MOs5,152,2.288871896358218,66.40825999997833,effect_30-35
3302,864,Other,fa,8,0.12046694191359043,66.40825999997833,effect_30-35
3303,0,Thalamus,MD,521,6.912446370495484,75.37128999999095,effect_35-38
3304,1,Thalamus,MD,559,7.416617123046018,75.37128999999095,effect_35-38
3305,5,Thalamus,MD,2085,27.663053133364844,75.37128999999095,effect_35-38
3306,6,Thalamus,MD,9,0.11940886244617918,75.37128999999095,effect_35-38
3307,8,Thalamus,MD,2586,34.31014647620215,75.37128999999095,effect_35-38
3308,10,Thalamus,MD,6257,83.01569470286034,75.37128999999095,effect_35-38
3309,15,Thalamus,MD,1073,14.23618993386114,75.37128999999095,effect_35-38
3310,16,Thalamus,MD,12,0.15921181659490558,75.37128999999095,effect_35-38
3311,21,Thalamus,MD,530,7.0318552329416635,75.37128999999095,effect_35-38
3312,22,Thalamus,MD,1144,15.178193182047666,75.37128999999095,effect_35-38
3313,23,Thalamus,MD,55,0.7297208260599839,75.37128999999095,effect_35-38
3314,24,Thalamus,MD,160,2.122824221265408,75.37128999999095,effect_35-38
3315,26,Thalamus,MD,102,1.3533004410566973,75.37128999999095,effect_35-38
3316,28,Thalamus,MD,2003,26.575105719966324,75.37128999999095,effect_35-38
3317,29,Thalamus,MD,1570,20.830212671166812,75.37128999999095,effect_35-38
3318,30,Thalamus,MD,772,10.242626867605592,75.37128999999095,effect_35-38
3319,38,Thalamus,MD,55,0.7297208260599839,75.37128999999095,effect_35-38
3320,39,Thalamus,MD,611,8.106534994957276,75.37128999999095,effect_35-38
3321,41,Thalamus,MD,6,0.07960590829745279,75.37128999999095,effect_35-38
3322,44,Thalamus,MD,154,2.043218312967955,75.37128999999095,effect_35-38
3323,45,Thalamus,MD,1450,19.238094505217756,75.37128999999095,effect_35-38
3324,46,Thalamus,MD,446,5.917372516777324,75.37128999999095,effect_35-38
3325,47,Thalamus,MD,887,11.768406776640104,75.37128999999095,effect_35-38
3326,48,Thalamus,MD,318,4.219113139764998,75.37128999999095,effect_35-38
3327,50,Thalamus,MD,693,9.194482408355798,75.37128999999095,effect_35-38
3328,51,Thalamus,MD,317,4.2058454883820895,75.37128999999095,effect_35-38
3329,52,Thalamus,MD,907,12.03375980429828,75.37128999999095,effect_35-38
3330,53,Thalamus,MD,1334,17.699046944800337,75.37128999999095,effect_35-38
3331,54,Thalamus,MD,318,4.219113139764998,75.37128999999095,effect_35-38
3332,58,Thalamus,MD,1700,22.55500735094496,75.37128999999095,effect_35-38
3333,59,Thalamus,MD,666,8.836255821017259,75.37128999999095,effect_35-38
3334,60,Thalamus,MD,417,5.532610626672969,75.37128999999095,effect_35-38
3335,61,Thalamus,MD,1276,16.929523164591625,75.37128999999095,effect_35-38
3336,64,Thalamus,MD,337,4.471198516040265,75.37128999999095,effect_35-38
3337,65,Thalamus,MD,493,6.540952131774038,75.37128999999095,effect_35-38
3338,67,Thalamus,MD,377,5.001904571356617,75.37128999999095,effect_35-38
3339,69,Thalamus,MD,62,0.8225943857403455,75.37128999999095,effect_35-38
3340,71,Thalamus,MD,273,3.6220688275341018,75.37128999999095,effect_35-38
3341,73,Thalamus,MD,452,5.996978425074777,75.37128999999095,effect_35-38
3342,74,Thalamus,MD,711,9.433300133248155,75.37128999999095,effect_35-38
3343,76,Thalamus,MD,416,5.51934297529006,75.37128999999095,effect_35-38
3344,79,Thalamus,MD,194,2.573924368284307,75.37128999999095,effect_35-38
3345,80,Thalamus,MD,644,8.544367490593267,75.37128999999095,effect_35-38
3346,81,Thalamus,MD,1542,20.458718432445366,75.37128999999095,effect_35-38
3347,82,Thalamus,MD,335,4.444663213274447,75.37128999999095,effect_35-38
3348,83,Thalamus,MD,1543,20.471986083828277,75.37128999999095,effect_35-38
3349,84,Thalamus,MD,959,12.723677676209537,75.37128999999095,effect_35-38
3350,86,Thalamus,MD,537,7.124728792622025,75.37128999999095,effect_35-38
3351,100,Thalamus,LP,74,0.9818062023352511,75.37128999999095,effect_35-38
3352,102,Thalamus,LP,224,2.9719539097715706,75.37128999999095,effect_35-38
3353,104,Thalamus,LP,272,3.6088011761511933,75.37128999999095,effect_35-38
3354,105,Thalamus,LP,493,6.540952131774038,75.37128999999095,effect_35-38
3355,106,Thalamus,LP,83,1.1012150647814303,75.37128999999095,effect_35-38
3356,110,Thalamus,LP,187,2.4810508086039453,75.37128999999095,effect_35-38
3357,111,Thalamus,LP,108,1.4329063493541503,75.37128999999095,effect_35-38
3358,112,Thalamus,LP,574,7.61563189378965,75.37128999999095,effect_35-38
3359,114,Thalamus,LP,42,0.5572413580821696,75.37128999999095,effect_35-38
3360,117,Other,DG-mo,1016,13.479933805035339,75.37128999999095,effect_35-38
3361,118,Other,DG-mo,42,0.5572413580821696,75.37128999999095,effect_35-38
3362,120,Other,DG-mo,389,5.161116387951522,75.37128999999095,effect_35-38
3363,121,Other,DG-mo,1406,18.65431784436977,75.37128999999095,effect_35-38
3364,122,Other,DG-mo,1197,15.881378705341831,75.37128999999095,effect_35-38
3365,123,Other,DG-mo,153,2.0299506615850462,75.37128999999095,effect_35-38
3366,139,Other,DG-mo,0,0.0,75.37128999999095,effect_35-38
3367,145,Other,DG-sg,128,1.6982593770123262,75.37128999999095,effect_35-38
3368,160,Other,DG-mo,93,1.2338915786105182,75.37128999999095,effect_35-38
3369,162,Other,DG-mo,1066,14.14331637418078,75.37128999999095,effect_35-38
3370,164,Other,DG-mo,817,10.839671179836488,75.37128999999095,effect_35-38
3371,166,Other,DG-mo,385,5.108045782419888,75.37128999999095,effect_35-38
3372,167,Other,DG-mo,443,5.877569562628597,75.37128999999095,effect_35-38
3373,172,Other,DG-mo,1023,13.5728073647157,75.37128999999095,effect_35-38
3374,174,Other,DG-mo,882,11.702068519725561,75.37128999999095,effect_35-38
3375,179,Other,DG-mo,780,10.348768078668863,75.37128999999095,effect_35-38
3376,180,Other,CA1,21,0.2786206790410848,75.37128999999095,effect_35-38
3377,183,Other,CA1,1014,13.453398502269522,75.37128999999095,effect_35-38
3378,190,Other,CA1,348,4.617142681252262,75.37128999999095,effect_35-38
3379,192,Other,CA1,448,5.943907819543141,75.37128999999095,effect_35-38
3380,193,Other,CA1,602,7.987126132511096,75.37128999999095,effect_35-38
3381,209,Other,CA1,35,0.4643677984018079,75.37128999999095,effect_35-38
3382,210,Other,CA1,36,0.4776354497847167,75.37128999999095,effect_35-38
3383,211,Other,CA1,63,0.8358620371232542,75.37128999999095,effect_35-38
3384,212,Other,CA1,171,2.2687683864774044,75.37128999999095,effect_35-38
3385,217,Other,CA1,310,4.112971928701728,75.37128999999095,effect_35-38
3386,221,Other,CA1,132,1.7513299825439614,75.37128999999095,effect_35-38
3387,226,Thalamus,MD,8,0.10614121106327039,75.37128999999095,effect_35-38
3388,227,Thalamus,MD,7,0.09287355968036158,75.37128999999095,effect_35-38
3389,228,Thalamus,MD,43,0.5705090094650783,75.37128999999095,effect_35-38
3390,230,Thalamus,MD,409,5.426469415609699,75.37128999999095,effect_35-38
3391,231,Thalamus,MD,32,0.42456484425308155,75.37128999999095,effect_35-38
3392,239,Other,DG-mo,4,0.053070605531635194,75.37128999999095,effect_35-38
3393,242,Other,DG-mo,124,1.645188771480691,75.37128999999095,effect_35-38
3394,243,Other,DG-sg,5,0.066338256914544,75.37128999999095,effect_35-38
3395,247,Other,DG-sg,20,0.265353027658176,75.37128999999095,effect_35-38
3396,249,Other,DG-mo,362,4.802889800612985,75.37128999999095,effect_35-38
3397,253,Other,CA1,1,0.013267651382908799,75.37128999999095,effect_35-38
3398,254,Thalamus,MD,307,4.073168974553001,75.37128999999095,effect_35-38
3399,256,Other,DG-mo,1,0.013267651382908799,75.37128999999095,effect_35-38
3400,260,Other,DG-sg,0,0.0,75.37128999999095,effect_35-38
3401,272,Other,scwm,2983,39.57740407521695,75.37128999999095,effect_35-38
3402,276,Somatosensory,SSp-tr6a,652,8.650508701656536,75.37128999999095,effect_35-38
3403,277,Somatosensory,SSp-tr6a,704,9.340426573567793,75.37128999999095,effect_35-38
3404,279,Somatosensory,SSp-tr6a,415,5.506075323907151,75.37128999999095,effect_35-38
3405,280,Somatosensory,SSp-tr6a,751,9.964006188564507,75.37128999999095,effect_35-38
3406,281,Somatosensory,SSp-tr6a,718,9.526173692928516,75.37128999999095,effect_35-38
3407,284,Somatosensory,SSp-tr6a,1498,19.87494177159738,75.37128999999095,effect_35-38
3408,285,Somatosensory,SSp-tr6a,287,3.807815946894825,75.37128999999095,effect_35-38
3409,287,Somatosensory,SSp-tr6a,507,6.726699251134761,75.37128999999095,effect_35-38
3410,288,Somatosensory,SSp-tr6a,818,10.852938831219397,75.37128999999095,effect_35-38
3411,290,Somatosensory,SSp-tr6a,346,4.590607378486444,75.37128999999095,effect_35-38
3412,291,Somatosensory,SSp-tr6a,113,1.4992446062686942,75.37128999999095,effect_35-38
3413,292,Somatosensory,SSp-tr6a,325,4.3119866994453595,75.37128999999095,effect_35-38
3414,300,Somatosensory,SSp-tr5,351,4.656945635400988,75.37128999999095,effect_35-38
3415,310,Somatosensory,SSp-tr5,214,2.839277395942483,75.37128999999095,effect_35-38
3416,318,Somatosensory,SSp-tr4,46,0.6103119636138047,75.37128999999095,effect_35-38
3417,321,Somatosensory,SSp-tr6a,1185,15.722166888746926,75.37128999999095,effect_35-38
3418,325,Somatosensory,SSp-tr4,2,0.026535302765817597,75.37128999999095,effect_35-38
3419,326,STR,LSr,53,0.7031855232941663,75.37128999999095,effect_35-38
3420,327,STR,LSr,793,10.521247546646677,75.37128999999095,effect_35-38
3421,329,STR,LSr,332,4.404860259125721,75.37128999999095,effect_35-38
3422,330,STR,LSr,271,3.5955335247682845,75.37128999999095,effect_35-38
3423,331,STR,LSr,435,5.771428351565327,75.37128999999095,effect_35-38
3424,332,STR,LSr,109,1.446174000737059,75.37128999999095,effect_35-38
3425,335,STR,LSr,1647,21.85182182765079,75.37128999999095,effect_35-38
3426,338,STR,LSr,45,0.5970443122308959,75.37128999999095,effect_35-38
3427,339,STR,LSr,598,7.934055526979462,75.37128999999095,effect_35-38
3428,342,STR,LSr,1073,14.23618993386114,75.37128999999095,effect_35-38
3429,343,STR,LSr,9,0.11940886244617918,75.37128999999095,effect_35-38
3430,344,STR,LSr,674,8.94239703208053,75.37128999999095,effect_35-38
3431,348,STR,LSr,40,0.530706055316352,75.37128999999095,effect_35-38
3432,349,STR,LSr,324,4.29871904806245,75.37128999999095,effect_35-38
3433,350,STR,LSr,343,4.550804424337718,75.37128999999095,effect_35-38
3434,351,STR,LSr,111,1.4727093035028767,75.37128999999095,effect_35-38
3435,353,STR,LSr,321,4.258916093913724,75.37128999999095,effect_35-38
3436,354,STR,LSr,83,1.1012150647814303,75.37128999999095,effect_35-38
3437,355,STR,LSr,307,4.073168974553001,75.37128999999095,effect_35-38
3438,358,STR,LSr,237,3.1444333777493854,75.37128999999095,effect_35-38
3439,359,STR,LSr,786,10.428373986966315,75.37128999999095,effect_35-38
3440,360,STR,LSr,3,0.039802954148726394,75.37128999999095,effect_35-38
3441,363,STR,LSr,685,9.088341197292527,75.37128999999095,effect_35-38
3442,365,STR,LSr,436,5.784696002948236,75.37128999999095,effect_35-38
3443,366,STR,LSr,80,1.061412110632704,75.37128999999095,effect_35-38
3444,367,STR,LSr,345,4.577339727103535,75.37128999999095,effect_35-38
3445,370,STR,LSr,1208,16.027322870553828,75.37128999999095,effect_35-38
3446,371,STR,LSr,166,2.2024301295628606,75.37128999999095,effect_35-38
3447,373,STR,LSr,0,0.0,75.37128999999095,effect_35-38
3448,374,STR,LSr,563,7.469687728577654,75.37128999999095,effect_35-38
3449,376,STR,LSr,762,10.109950353776505,75.37128999999095,effect_35-38
3450,377,STR,LSr,25,0.33169128457271996,75.37128999999095,effect_35-38
3451,378,STR,LSr,493,6.540952131774038,75.37128999999095,effect_35-38
3452,379,STR,LSr,198,2.626994973815942,75.37128999999095,effect_35-38
3453,381,STR,LSr,9,0.11940886244617918,75.37128999999095,effect_35-38
3454,382,STR,LSr,251,3.3301804971101086,75.37128999999095,effect_35-38
3455,383,STR,LSr,613,8.133070297723094,75.37128999999095,effect_35-38
3456,384,STR,LSr,743,9.857864977501237,75.37128999999095,effect_35-38
3457,387,STR,LSr,825,10.945812390899759,75.37128999999095,effect_35-38
3458,388,STR,STR,266,3.52919526785374,75.37128999999095,effect_35-38
3459,390,STR,STR,4,0.053070605531635194,75.37128999999095,effect_35-38
3460,392,STR,STR,821,10.892741785368123,75.37128999999095,effect_35-38
3461,393,STR,STR,265,3.5159276164708317,75.37128999999095,effect_35-38
3462,394,STR,STR,3,0.039802954148726394,75.37128999999095,effect_35-38
3463,395,STR,STR,718,9.526173692928516,75.37128999999095,effect_35-38
3464,396,STR,STR,838,11.118291858877573,75.37128999999095,effect_35-38
3465,397,STR,STR,473,6.275599104115861,75.37128999999095,effect_35-38
3466,398,STR,STR,64,0.8491296885061631,75.37128999999095,effect_35-38
3467,399,STR,STR,481,6.381740315179132,75.37128999999095,effect_35-38
3468,400,Other,OLF,202,2.6800655793475774,75.37128999999095,effect_35-38
3469,401,STR,STR,60,0.7960590829745279,75.37128999999095,effect_35-38
3470,402,Other,OLF,317,4.2058454883820895,75.37128999999095,effect_35-38
3471,403,Other,OLF,458,6.07658433337223,75.37128999999095,effect_35-38
3472,405,Other,OLF,1737,23.045910452112583,75.37128999999095,effect_35-38
3473,407,Other,OLF,1234,16.372281806509456,75.37128999999095,effect_35-38
3474,408,Other,OLF,572,7.589096591023833,75.37128999999095,effect_35-38
3475,409,Other,OLF,129,1.711527028395235,75.37128999999095,effect_35-38
3476,412,Other,OLF,27,0.35822658733853757,75.37128999999095,effect_35-38
3477,413,Other,OLF,766,10.16302095930814,75.37128999999095,effect_35-38
3478,415,Other,OLF,504,6.686896296986034,75.37128999999095,effect_35-38
3479,419,Other,OLF,1202,15.947716962256376,75.37128999999095,effect_35-38
3480,420,Other,OLF,1219,16.173267035765825,75.37128999999095,effect_35-38
3481,423,Other,OLF,963,12.776748281741172,75.37128999999095,effect_35-38
3482,426,Other,OLF,31,0.41129719287017275,75.37128999999095,effect_35-38
3483,428,Other,OLF,638,8.464761582295813,75.37128999999095,effect_35-38
3484,430,Other,OLF,49,0.6501149177625312,75.37128999999095,effect_35-38
3485,432,Other,OLF,340,4.511001470188991,75.37128999999095,effect_35-38
3486,433,Other,OLF,21,0.2786206790410848,75.37128999999095,effect_35-38
3487,435,Other,OLF,579,7.681970150704194,75.37128999999095,effect_35-38
3488,436,Other,OLF,491,6.51441682900822,75.37128999999095,effect_35-38
3489,437,Other,OLF,5,0.066338256914544,75.37128999999095,effect_35-38
3490,439,Other,OLF,1,0.013267651382908799,75.37128999999095,effect_35-38
3491,441,Other,OLF,71,0.9420032481865247,75.37128999999095,effect_35-38
3492,443,Other,fa,1063,14.103513420032053,75.37128999999095,effect_35-38
3493,452,Other,fa,390,5.174384039334432,75.37128999999095,effect_35-38
3494,456,Other,fa,79,1.048144459249795,75.37128999999095,effect_35-38
3495,458,Other,fa,109,1.446174000737059,75.37128999999095,effect_35-38
3496,463,Other,fa,1,0.013267651382908799,75.37128999999095,effect_35-38
3497,464,Other,fa,1037,13.758554484076424,75.37128999999095,effect_35-38
3498,469,Other,fa,4,0.053070605531635194,75.37128999999095,effect_35-38
3499,470,Other,fa,394,5.227454644866066,75.37128999999095,effect_35-38
3500,471,Other,fa,458,6.07658433337223,75.37128999999095,effect_35-38
3501,473,Other,fa,276,3.6618717816828283,75.37128999999095,effect_35-38
3502,474,Other,fa,103,1.3665680924396062,75.37128999999095,effect_35-38
3503,477,Other,fa,89,1.180820973078883,75.37128999999095,effect_35-38
3504,478,Other,fa,294,3.9006895065751865,75.37128999999095,effect_35-38
3505,482,Other,fa,431,5.718357746033692,75.37128999999095,effect_35-38
3506,483,Other,fa,126,1.6717240742465085,75.37128999999095,effect_35-38
3507,485,Other,fa,286,3.7945482955119165,75.37128999999095,effect_35-38
3508,490,Other,fa,179,2.374909597540675,75.37128999999095,effect_35-38
3509,491,Other,fa,43,0.5705090094650783,75.37128999999095,effect_35-38
3510,493,Other,fa,300,3.9802954148726393,75.37128999999095,effect_35-38
3511,498,Other,fa,256,3.3965187540246524,75.37128999999095,effect_35-38
3512,500,Other,fa,339,4.497733818806083,75.37128999999095,effect_35-38
3513,501,Other,fa,255,3.3832511026417436,75.37128999999095,effect_35-38
3514,505,Other,fa,68,0.9022002940377983,75.37128999999095,effect_35-38
3515,510,Other,fa,285,3.7812806441290077,75.37128999999095,effect_35-38
3516,513,Other,fa,2,0.026535302765817597,75.37128999999095,effect_35-38
3517,514,Other,fa,0,0.0,75.37128999999095,effect_35-38
3518,515,Motor,MOs6b,7,0.09287355968036158,75.37128999999095,effect_35-38
3519,517,Motor,MOs6b,169,2.2422330837115867,75.37128999999095,effect_35-38
3520,518,Motor,MOs6b,117,1.5523152118003294,75.37128999999095,effect_35-38
3521,520,Motor,MOs6a,46,0.6103119636138047,75.37128999999095,effect_35-38
3522,521,Motor,MOs6a,143,1.8972741477559583,75.37128999999095,effect_35-38
3523,522,Motor,MOs6a,4,0.053070605531635194,75.37128999999095,effect_35-38
3524,523,Motor,MOs6a,10,0.132676513829088,75.37128999999095,effect_35-38
3525,530,Motor,MOs6a,110,1.4594416521199678,75.37128999999095,effect_35-38
3526,533,Motor,MOs6a,0,0.0,75.37128999999095,effect_35-38
3527,534,Motor,MOs6a,151,2.0034153588192285,75.37128999999095,effect_35-38
3528,535,Motor,MOs6a,52,0.6899178719112575,75.37128999999095,effect_35-38
3529,536,Motor,MOs6a,615,8.159605600488911,75.37128999999095,effect_35-38
3530,538,Motor,MOs6a,316,4.19257783699918,75.37128999999095,effect_35-38
3531,541,Motor,MOs6a,1,0.013267651382908799,75.37128999999095,effect_35-38
3532,542,Motor,MOs6a,450,5.970443122308959,75.37128999999095,effect_35-38
3533,544,Motor,MOs6a,343,4.550804424337718,75.37128999999095,effect_35-38
3534,549,Motor,MOs6a,591,7.8411819672991,75.37128999999095,effect_35-38
3535,550,Motor,MOs6a,105,1.393103395205424,75.37128999999095,effect_35-38
3536,551,Motor,MOs6a,464,6.156190241669682,75.37128999999095,effect_35-38
3537,555,Motor,MOs6a,984,13.055368960782257,75.37128999999095,effect_35-38
3538,557,Motor,MOs6a,104,1.379835743822515,75.37128999999095,effect_35-38
3539,560,Motor,MOs6a,246,3.2638422401955642,75.37128999999095,effect_35-38
3540,568,Motor,MOs6a,620,8.225943857403456,75.37128999999095,effect_35-38
3541,573,Motor,MOs5,64,0.8491296885061631,75.37128999999095,effect_35-38
3542,575,Motor,MOs5,845,11.211165418557934,75.37128999999095,effect_35-38
3543,576,Motor,MOs5,103,1.3665680924396062,75.37128999999095,effect_35-38
3544,578,Motor,MOs5,485,6.434810920710767,75.37128999999095,effect_35-38
3545,579,Motor,MOs5,374,4.962101617207891,75.37128999999095,effect_35-38
3546,580,Motor,MOs5,829,10.998882996431394,75.37128999999095,effect_35-38
3547,582,Motor,MOs5,573,7.6023642424067415,75.37128999999095,effect_35-38
3548,585,Motor,MOs5,292,3.8741542038093693,75.37128999999095,effect_35-38
3549,586,Motor,MOs5,570,7.562561288258015,75.37128999999095,effect_35-38
3550,587,Motor,MOs5,593,7.867717270064917,75.37128999999095,effect_35-38
3551,588,Motor,MOs5,286,3.7945482955119165,75.37128999999095,effect_35-38
3552,589,Motor,MOs5,82,1.0879474133985214,75.37128999999095,effect_35-38
3553,590,Motor,MOs5,233,3.09136277221775,75.37128999999095,effect_35-38
3554,591,Motor,MOs5,230,3.0515598180690238,75.37128999999095,effect_35-38
3555,593,Motor,MOs5,1003,13.307454337057525,75.37128999999095,effect_35-38
3556,594,Motor,MOs5,134,1.777865285309779,75.37128999999095,effect_35-38
3557,595,Motor,MOs5,149,1.976880056053411,75.37128999999095,effect_35-38
3558,597,Motor,MOs5,166,2.2024301295628606,75.37128999999095,effect_35-38
3559,599,Motor,MOs5,37,0.49090310116762553,75.37128999999095,effect_35-38
3560,601,Motor,MOs5,98,1.3002298355250623,75.37128999999095,effect_35-38
3561,602,Motor,MOs5,157,2.0830212671166812,75.37128999999095,effect_35-38
3562,603,Motor,MOs5,213,2.826009744559574,75.37128999999095,effect_35-38
3563,605,Motor,MOs5,217,2.8790803500912094,75.37128999999095,effect_35-38
3564,606,Motor,MOs5,13,0.17247946797781438,75.37128999999095,effect_35-38
3565,609,Motor,MOs5,88,1.1675533216959741,75.37128999999095,effect_35-38
3566,610,Motor,MOs5,17,0.22555007350944958,75.37128999999095,effect_35-38
3567,611,Motor,MOs5,307,4.073168974553001,75.37128999999095,effect_35-38
3568,612,Motor,MOs5,329,4.365057304976995,75.37128999999095,effect_35-38
3569,613,Motor,MOs5,195,2.587192019667216,75.37128999999095,effect_35-38
3570,614,Motor,MOs5,501,6.647093342837308,75.37128999999095,effect_35-38
3571,615,Motor,MOs5,16,0.21228242212654078,75.37128999999095,effect_35-38
3572,617,Motor,MOs5,216,2.8658126987083006,75.37128999999095,effect_35-38
3573,618,Motor,MOs5,301,3.993563066255548,75.37128999999095,effect_35-38
3574,620,Motor,MOs5,161,2.1360918726483167,75.37128999999095,effect_35-38
3575,622,Motor,MOs5,165,2.1891624781799517,75.37128999999095,effect_35-38
3576,624,Motor,MOs5,120,1.5921181659490558,75.37128999999095,effect_35-38
3577,625,Motor,MOs5,136,1.8044005880755967,75.37128999999095,effect_35-38
3578,628,Motor,MOs5,315,4.179310185616272,75.37128999999095,effect_35-38
3579,630,Motor,MOs5,132,1.7513299825439614,75.37128999999095,effect_35-38
3580,631,Motor,MOs5,141,1.8707388449901405,75.37128999999095,effect_35-38
3581,632,Motor,MOs5,421,5.585681232204604,75.37128999999095,effect_35-38
3582,635,Motor,MOs5,101,1.3400327896737887,75.37128999999095,effect_35-38
3583,637,Motor,MOs5,6,0.07960590829745279,75.37128999999095,effect_35-38
3584,638,Motor,MOs5,353,4.683480938166806,75.37128999999095,effect_35-38
3585,639,Motor,MOs5,303,4.020098369021366,75.37128999999095,effect_35-38
3586,651,Motor,MOs5,37,0.49090310116762553,75.37128999999095,effect_35-38
3587,653,Motor,MOs5,0,0.0,75.37128999999095,effect_35-38
3588,664,Motor,MOs2/3,29,0.38476189010435513,75.37128999999095,effect_35-38
3589,680,STR,LSr,42,0.5572413580821696,75.37128999999095,effect_35-38
3590,681,STR,LSr,81,1.0746797620156125,75.37128999999095,effect_35-38
3591,683,STR,LSr,229,3.038292166686115,75.37128999999095,effect_35-38
3592,686,STR,LSr,550,7.297208260599839,75.37128999999095,effect_35-38
3593,688,STR,LSr,71,0.9420032481865247,75.37128999999095,effect_35-38
3594,691,STR,LSr,688,9.128144151441253,75.37128999999095,effect_35-38
3595,692,STR,LSr,316,4.19257783699918,75.37128999999095,effect_35-38
3596,693,STR,LSr,285,3.7812806441290077,75.37128999999095,effect_35-38
3597,694,STR,LSr,39,0.5174384039334431,75.37128999999095,effect_35-38
3598,698,STR,LSr,203,2.6933332307304862,75.37128999999095,effect_35-38
3599,699,STR,LSr,83,1.1012150647814303,75.37128999999095,effect_35-38
3600,700,STR,LSr,55,0.7297208260599839,75.37128999999095,effect_35-38
3601,701,STR,LSr,198,2.626994973815942,75.37128999999095,effect_35-38
3602,703,STR,LSr,301,3.993563066255548,75.37128999999095,effect_35-38
3603,706,STR,LSr,508,6.739966902517669,75.37128999999095,effect_35-38
3604,707,STR,LSr,850,11.27750367547248,75.37128999999095,effect_35-38
3605,708,STR,LSr,9,0.11940886244617918,75.37128999999095,effect_35-38
3606,709,STR,STR,116,1.5390475604174205,75.37128999999095,effect_35-38
3607,711,STR,STR,158,2.09628891849959,75.37128999999095,effect_35-38
3608,712,Other,OLF,88,1.1675533216959741,75.37128999999095,effect_35-38
3609,713,Other,OLF,30,0.39802954148726394,75.37128999999095,effect_35-38
3610,714,Other,OLF,62,0.8225943857403455,75.37128999999095,effect_35-38
3611,715,Other,OLF,284,3.768012992746099,75.37128999999095,effect_35-38
3612,716,Other,OLF,2,0.026535302765817597,75.37128999999095,effect_35-38
3613,717,Other,OLF,288,3.821083598277734,75.37128999999095,effect_35-38
3614,718,Other,OLF,15,0.19901477074363197,75.37128999999095,effect_35-38
3615,719,Other,OLF,141,1.8707388449901405,75.37128999999095,effect_35-38
3616,722,Other,OLF,2,0.026535302765817597,75.37128999999095,effect_35-38
3617,726,Other,fa,52,0.6899178719112575,75.37128999999095,effect_35-38
3618,731,Other,fa,300,3.9802954148726393,75.37128999999095,effect_35-38
3619,732,Other,fa,321,4.258916093913724,75.37128999999095,effect_35-38
3620,733,Other,fa,74,0.9818062023352511,75.37128999999095,effect_35-38
3621,735,Other,fa,9,0.11940886244617918,75.37128999999095,effect_35-38
3622,737,Motor,MOs6a,1,0.013267651382908799,75.37128999999095,effect_35-38
3623,738,Motor,MOs6a,79,1.048144459249795,75.37128999999095,effect_35-38
3624,739,Motor,MOs6a,19,0.25208537627526717,75.37128999999095,effect_35-38
3625,741,Motor,MOs6a,88,1.1675533216959741,75.37128999999095,effect_35-38
3626,743,Motor,MOs6a,0,0.0,75.37128999999095,effect_35-38
3627,745,Motor,MOs6a,17,0.22555007350944958,75.37128999999095,effect_35-38
3628,747,Motor,MOs6a,4,0.053070605531635194,75.37128999999095,effect_35-38
3629,748,Motor,MOs6a,537,7.124728792622025,75.37128999999095,effect_35-38
3630,750,Motor,MOs6a,259,3.4363217081733786,75.37128999999095,effect_35-38
3631,755,Motor,MOs6a,343,4.550804424337718,75.37128999999095,effect_35-38
3632,757,Motor,MOs6a,1,0.013267651382908799,75.37128999999095,effect_35-38
3633,761,Motor,MOs5,6,0.07960590829745279,75.37128999999095,effect_35-38
3634,762,Motor,MOs5,136,1.8044005880755967,75.37128999999095,effect_35-38
3635,763,Motor,MOs5,357,4.736551543698441,75.37128999999095,effect_35-38
3636,764,Motor,MOs5,46,0.6103119636138047,75.37128999999095,effect_35-38
3637,766,Motor,MOs5,14,0.18574711936072316,75.37128999999095,effect_35-38
3638,767,Motor,MOs5,0,0.0,75.37128999999095,effect_35-38
3639,768,Motor,MOs5,97,1.2869621841421535,75.37128999999095,effect_35-38
3640,770,Motor,MOs5,57,0.7562561288258015,75.37128999999095,effect_35-38
3641,774,Motor,MOs5,167,2.2156977809457694,75.37128999999095,effect_35-38
3642,775,Motor,MOs5,59,0.7827914315916191,75.37128999999095,effect_35-38
3643,776,Motor,MOs5,29,0.38476189010435513,75.37128999999095,effect_35-38
3644,779,Motor,MOs5,16,0.21228242212654078,75.37128999999095,effect_35-38
3645,780,Motor,MOs5,40,0.530706055316352,75.37128999999095,effect_35-38
3646,781,Motor,MOs5,0,0.0,75.37128999999095,effect_35-38
3647,787,Motor,MOs5,0,0.0,75.37128999999095,effect_35-38
3648,789,Motor,MOs5,20,0.265353027658176,75.37128999999095,effect_35-38
3649,790,Motor,MOs5,40,0.530706055316352,75.37128999999095,effect_35-38
3650,794,Motor,MOs2/3,1,0.013267651382908799,75.37128999999095,effect_35-38
3651,818,STR,LSr,12,0.15921181659490558,75.37128999999095,effect_35-38
3652,821,STR,LSr,10,0.132676513829088,75.37128999999095,effect_35-38
3653,823,Other,OLF,554,7.350278866131474,75.37128999999095,effect_35-38
3654,826,Motor,MOs6a,43,0.5705090094650783,75.37128999999095,effect_35-38
3655,828,Motor,MOs6a,284,3.768012992746099,75.37128999999095,effect_35-38
3656,829,Motor,MOs6a,34,0.45110014701889917,75.37128999999095,effect_35-38
3657,830,Motor,MOs5,2,0.026535302765817597,75.37128999999095,effect_35-38
3658,831,Motor,MOs5,216,2.8658126987083006,75.37128999999095,effect_35-38
3659,836,Motor,MOs5,160,2.122824221265408,75.37128999999095,effect_35-38
3660,837,Motor,MOs5,159,2.109556569882499,75.37128999999095,effect_35-38
3661,843,STR,LSr,9,0.11940886244617918,75.37128999999095,effect_35-38
3662,844,Motor,MOs6a,12,0.15921181659490558,75.37128999999095,effect_35-38
3663,846,Motor,MOs5,44,0.5837766608479871,75.37128999999095,effect_35-38
3664,850,STR,LSr,12,0.15921181659490558,75.37128999999095,effect_35-38
3665,854,Motor,MOs6a,2,0.026535302765817597,75.37128999999095,effect_35-38
3666,857,Motor,MOs5,196,2.6004596710501247,75.37128999999095,effect_35-38
3667,861,Other,fa,3,0.039802954148726394,75.37128999999095,effect_35-38
3668,862,Motor,MOs5,116,1.5390475604174205,75.37128999999095,effect_35-38
3669,864,Other,fa,9,0.11940886244617918,75.37128999999095,effect_35-38
