,unit_id,brain_area,location,total_spikes,firing_rate,rest_duration,bin
0,0,Thalamus,VPM,1781,9.767360235161956,182.3420000000101,baseline_0-5
1,2,Thalamus,VPM,0,0.0,182.3420000000101,baseline_0-5
2,3,Thalamus,VPM,773,4.2392866152611965,182.3420000000101,baseline_0-5
3,8,Thalamus,VPM,385,2.111417007600984,182.3420000000101,baseline_0-5
4,9,Thalamus,VPM,630,3.455046012437974,182.3420000000101,baseline_0-5
5,13,Thalamus,VPM,1602,8.785688431627992,182.3420000000101,baseline_0-5
6,14,Thalamus,VPM,1327,7.277533426198717,182.3420000000101,baseline_0-5
7,20,Thalamus,VPM,1958,10.738063638656435,182.3420000000101,baseline_0-5
8,25,Thalamus,VPM,106,0.5813252020927385,182.3420000000101,baseline_0-5
9,40,Thalamus,VPM,1988,10.902589639248719,182.3420000000101,baseline_0-5
10,51,Thalamus,VPM,2365,12.97013304669176,182.3420000000101,baseline_0-5
11,54,Thalamus,VPM,1020,5.593884020137673,182.3420000000101,baseline_0-5
12,59,Thalamus,VPM,592,3.246646411687747,182.3420000000101,baseline_0-5
13,62,Thalamus,VPM,1126,6.175209222230411,182.3420000000101,baseline_0-5
14,63,Thalamus,VPM,487,2.6708054096147515,182.3420000000101,baseline_0-5
15,66,Thalamus,VPM,486,2.6653212095950085,182.3420000000101,baseline_0-5
16,67,Thalamus,VPM,1705,9.350561033661501,182.3420000000101,baseline_0-5
17,68,Thalamus,VPM,422,2.3143324083314685,182.3420000000101,baseline_0-5
18,70,Thalamus,VPM,403,2.210132607956355,182.3420000000101,baseline_0-5
19,73,Thalamus,VPM,2110,11.571662041657342,182.3420000000101,baseline_0-5
20,76,Thalamus,VPM,903,4.952232617827763,182.3420000000101,baseline_0-5
21,77,Thalamus,VPM,2697,14.790887453246375,182.3420000000101,baseline_0-5
22,80,Thalamus,PO,408,2.237553608055069,182.3420000000101,baseline_0-5
23,86,Thalamus,PO,455,2.4953110089829815,182.3420000000101,baseline_0-5
24,87,Thalamus,PO,447,2.451437408825039,182.3420000000101,baseline_0-5
25,88,Thalamus,PO,165,0.9048930032575647,182.3420000000101,baseline_0-5
26,89,Thalamus,PO,5,0.02742100009871408,182.3420000000101,baseline_0-5
27,90,Thalamus,PO,711,3.899266214037142,182.3420000000101,baseline_0-5
28,91,Thalamus,PO,325,1.7823650064164154,182.3420000000101,baseline_0-5
29,93,Thalamus,PO,941,5.16063221857799,182.3420000000101,baseline_0-5
30,95,Thalamus,PO,838,4.59575961654448,182.3420000000101,baseline_0-5
31,98,Thalamus,PO,2836,15.553191255990626,182.3420000000101,baseline_0-5
32,99,Thalamus,PO,0,0.0,182.3420000000101,baseline_0-5
33,100,Thalamus,PO,406,2.2265852080155835,182.3420000000101,baseline_0-5
34,103,Thalamus,PO,1571,8.615678231015965,182.3420000000101,baseline_0-5
35,104,Thalamus,PO,1372,7.524322427087144,182.3420000000101,baseline_0-5
36,106,Thalamus,PO,1771,9.712518234964527,182.3420000000101,baseline_0-5
37,108,Thalamus,PO,984,5.396452819426931,182.3420000000101,baseline_0-5
38,109,Thalamus,PO,1816,9.959307235852954,182.3420000000101,baseline_0-5
39,111,Thalamus,PO,3,0.01645260005922845,182.3420000000101,baseline_0-5
40,112,Thalamus,PO,386,2.116901207620727,182.3420000000101,baseline_0-5
41,113,Thalamus,PO,425,2.3307850083906967,182.3420000000101,baseline_0-5
42,114,Thalamus,PO,359,1.968827807087671,182.3420000000101,baseline_0-5
43,115,Thalamus,PO,2206,12.098145243552652,182.3420000000101,baseline_0-5
44,117,Thalamus,PO,25,0.1371050004935704,182.3420000000101,baseline_0-5
45,118,Thalamus,PO,547,2.9998574107993203,182.3420000000101,baseline_0-5
46,119,Thalamus,PO,568,3.1150256112139196,182.3420000000101,baseline_0-5
47,122,Thalamus,PO,484,2.654352809555523,182.3420000000101,baseline_0-5
48,123,Thalamus,PO,123,0.6745566024283663,182.3420000000101,baseline_0-5
49,124,Thalamus,PO,523,2.868236610325493,182.3420000000101,baseline_0-5
50,126,Thalamus,PO,466,2.5556372092001522,182.3420000000101,baseline_0-5
51,128,Thalamus,PO,1030,5.648726020335101,182.3420000000101,baseline_0-5
52,130,Thalamus,PO,835,4.579307016485251,182.3420000000101,baseline_0-5
53,131,Thalamus,PO,191,1.047482203770878,182.3420000000101,baseline_0-5
54,132,Thalamus,PO,501,2.747584209891151,182.3420000000101,baseline_0-5
55,133,Thalamus,PO,495,2.714679009772694,182.3420000000101,baseline_0-5
56,134,Thalamus,PO,1439,7.891763828409912,182.3420000000101,baseline_0-5
57,135,Thalamus,PO,2026,11.110989239998945,182.3420000000101,baseline_0-5
58,138,Thalamus,PO,105,0.5758410020729957,182.3420000000101,baseline_0-5
59,139,Thalamus,PO,203,1.1132926040077917,182.3420000000101,baseline_0-5
60,140,Thalamus,PO,486,2.6653212095950085,182.3420000000101,baseline_0-5
61,141,Thalamus,PO,178,0.9761876035142213,182.3420000000101,baseline_0-5
62,142,Thalamus,PO,1940,10.639348038301064,182.3420000000101,baseline_0-5
63,144,Thalamus,PO,1824,10.003180836010896,182.3420000000101,baseline_0-5
64,145,Thalamus,PO,1575,8.637615031094935,182.3420000000101,baseline_0-5
65,146,Thalamus,PO,1037,5.6871154204733,182.3420000000101,baseline_0-5
66,147,Thalamus,LD,1530,8.390826030206508,182.3420000000101,baseline_0-5
67,148,Thalamus,LD,1905,10.447401037610065,182.3420000000101,baseline_0-5
68,151,Thalamus,LD,1067,5.851641421065585,182.3420000000101,baseline_0-5
69,153,Thalamus,LD,764,4.189928815083512,182.3420000000101,baseline_0-5
70,155,Thalamus,LD,1085,5.950357021420956,182.3420000000101,baseline_0-5
71,156,Thalamus,LD,2683,14.714108652969976,182.3420000000101,baseline_0-5
72,157,Thalamus,LD,1453,7.968542628686312,182.3420000000101,baseline_0-5
73,160,Thalamus,LD,51,0.27969420100688364,182.3420000000101,baseline_0-5
74,161,Thalamus,LD,198,1.0858716039090777,182.3420000000101,baseline_0-5
75,162,Thalamus,LD,3530,19.35922606969214,182.3420000000101,baseline_0-5
76,163,Thalamus,LD,237,1.2997554046790474,182.3420000000101,baseline_0-5
77,164,Thalamus,LD,1850,10.14577003652421,182.3420000000101,baseline_0-5
78,165,Thalamus,LD,3481,19.090500268724742,182.3420000000101,baseline_0-5
79,166,Thalamus,LD,36,0.19743120071074138,182.3420000000101,baseline_0-5
80,172,Thalamus,LD,4554,24.975046889908786,182.3420000000101,baseline_0-5
81,173,Thalamus,LD,2271,12.454618244835936,182.3420000000101,baseline_0-5
82,174,Thalamus,LD,2732,14.982834453937373,182.3420000000101,baseline_0-5
83,175,Thalamus,LD,1089,5.972293821499927,182.3420000000101,baseline_0-5
84,176,Thalamus,LD,1781,9.767360235161956,182.3420000000101,baseline_0-5
85,177,Thalamus,LD,3989,21.876473878754094,182.3420000000101,baseline_0-5
86,184,Thalamus,LD,2839,15.569643856049856,182.3420000000101,baseline_0-5
87,188,Thalamus,LD,5339,29.280143905406895,182.3420000000101,baseline_0-5
88,189,Thalamus,LD,1260,6.910092024875948,182.3420000000101,baseline_0-5
89,192,Thalamus,LD,3498,19.18373166906037,182.3420000000101,baseline_0-5
90,194,Thalamus,LD,2991,16.403242259050764,182.3420000000101,baseline_0-5
91,198,Thalamus,LD,3333,18.278838665802805,182.3420000000101,baseline_0-5
92,204,Thalamus,LD,3066,16.814557260531476,182.3420000000101,baseline_0-5
93,206,Thalamus,LD,3874,21.24579087648367,182.3420000000101,baseline_0-5
94,207,Thalamus,LD,3061,16.78713626043276,182.3420000000101,baseline_0-5
95,209,Thalamus,LD,2096,11.494883241380943,182.3420000000101,baseline_0-5
96,210,Thalamus,LD,1778,9.750907635102728,182.3420000000101,baseline_0-5
97,212,Thalamus,LD,2897,15.887727457194938,182.3420000000101,baseline_0-5
98,214,Thalamus,LD,2674,14.66475085279229,182.3420000000101,baseline_0-5
99,221,Thalamus,LD,1299,7.1239758256459185,182.3420000000101,baseline_0-5
100,222,Thalamus,LD,2660,14.587972052515891,182.3420000000101,baseline_0-5
101,223,Thalamus,LD,43,0.2358206008489411,182.3420000000101,baseline_0-5
102,225,Thalamus,LD,1830,10.036086036129353,182.3420000000101,baseline_0-5
103,227,Thalamus,LD,269,1.4752498053108176,182.3420000000101,baseline_0-5
104,233,Other,CA3,4165,22.84169308222883,182.3420000000101,baseline_0-5
105,240,Other,CA3,718,3.937655614175342,182.3420000000101,baseline_0-5
106,243,Other,CA3,322,1.7659124063571867,182.3420000000101,baseline_0-5
107,244,Other,CA3,3111,17.061346261419903,182.3420000000101,baseline_0-5
108,245,Other,CA3,463,2.539184609140924,182.3420000000101,baseline_0-5
109,247,Other,CA3,11,0.06032620021717098,182.3420000000101,baseline_0-5
110,249,Other,CA3,34,0.18646280067125576,182.3420000000101,baseline_0-5
111,250,Other,CA3,60,0.32905200118456895,182.3420000000101,baseline_0-5
112,255,Other,CA3,373,2.0456066073640704,182.3420000000101,baseline_0-5
113,257,Other,CA3,282,1.5465444055674742,182.3420000000101,baseline_0-5
114,258,Other,CA3,1358,7.447543626810744,182.3420000000101,baseline_0-5
115,259,Other,CA3,813,4.45865461605091,182.3420000000101,baseline_0-5
116,261,Other,CA3,1714,9.399918833839187,182.3420000000101,baseline_0-5
117,262,Other,CA3,267,1.464281405271332,182.3420000000101,baseline_0-5
118,266,Other,CA3,16,0.08774720031588507,182.3420000000101,baseline_0-5
119,267,Other,CA3,3870,21.2238540764047,182.3420000000101,baseline_0-5
120,272,Other,CA3,743,4.074760614668913,182.3420000000101,baseline_0-5
121,283,Other,CA3,370,2.029154007304842,182.3420000000101,baseline_0-5
122,285,Other,CA3,1053,5.774862620789185,182.3420000000101,baseline_0-5
123,287,Other,CA3,613,3.3618146121023464,182.3420000000101,baseline_0-5
124,288,Other,CA3,502,2.7530684099108935,182.3420000000101,baseline_0-5
125,293,Other,CA2,53,0.29066260104636926,182.3420000000101,baseline_0-5
126,297,Other,CA2,584,3.2027728115298046,182.3420000000101,baseline_0-5
127,298,Other,CA2,6,0.0329052001184569,182.3420000000101,baseline_0-5
128,305,Other,CA1,831,4.55737021640628,182.3420000000101,baseline_0-5
129,307,Other,CA1,171,0.9377982033760216,182.3420000000101,baseline_0-5
130,310,Other,CA1,166,0.9103772032773075,182.3420000000101,baseline_0-5
131,312,Other,CA1,593,3.25213061170749,182.3420000000101,baseline_0-5
132,314,Other,CA1,233,1.2778186046000761,182.3420000000101,baseline_0-5
133,322,Other,alv,306,1.6781652060413017,182.3420000000101,baseline_0-5
134,327,Somatosensory,SSp-ll6b,879,4.820611817353935,182.3420000000101,baseline_0-5
135,328,Somatosensory,SSp-ll6a,1633,8.955698632240018,182.3420000000101,baseline_0-5
136,329,Somatosensory,SSp-ll6a,1808,9.915433635695011,182.3420000000101,baseline_0-5
137,330,Somatosensory,SSp-ll6a,163,0.8939246032180791,182.3420000000101,baseline_0-5
138,331,Somatosensory,SSp-ll6a,697,3.8224874137607427,182.3420000000101,baseline_0-5
139,332,Somatosensory,SSp-ll6a,454,2.4898268089632385,182.3420000000101,baseline_0-5
140,333,Somatosensory,SSp-ll6a,558,3.0601836110164915,182.3420000000101,baseline_0-5
141,334,Somatosensory,SSp-ll6a,623,3.4166566122997746,182.3420000000101,baseline_0-5
142,338,Somatosensory,SSp-ll6a,105,0.5758410020729957,182.3420000000101,baseline_0-5
143,341,Somatosensory,SSp-ll6a,412,2.2594904081340403,182.3420000000101,baseline_0-5
144,342,Somatosensory,SSp-ll6a,99,0.5429358019545388,182.3420000000101,baseline_0-5
145,343,Somatosensory,SSp-ll6a,127,0.6964934025073377,182.3420000000101,baseline_0-5
146,344,Somatosensory,SSp-ll6a,6,0.0329052001184569,182.3420000000101,baseline_0-5
147,345,Somatosensory,SSp-ll6a,525,2.8792050103649784,182.3420000000101,baseline_0-5
148,346,Somatosensory,SSp-ll6a,322,1.7659124063571867,182.3420000000101,baseline_0-5
149,347,Somatosensory,SSp-ll6a,713,3.9102346140766278,182.3420000000101,baseline_0-5
150,348,Somatosensory,SSp-ll6a,113,0.6197146022309382,182.3420000000101,baseline_0-5
151,349,Somatosensory,SSp-ll6a,447,2.451437408825039,182.3420000000101,baseline_0-5
152,350,Somatosensory,SSp-ll6a,13,0.07129460025665661,182.3420000000101,baseline_0-5
153,353,Somatosensory,SSp-ll6a,445,2.4404690087855534,182.3420000000101,baseline_0-5
154,356,Somatosensory,SSp-ll6a,191,1.047482203770878,182.3420000000101,baseline_0-5
155,357,Somatosensory,SSp-ll6a,2,0.010968400039485633,182.3420000000101,baseline_0-5
156,358,Somatosensory,SSp-ll6a,39,0.21388380076996982,182.3420000000101,baseline_0-5
157,359,Somatosensory,SSp-ll6a,785,4.30509701549811,182.3420000000101,baseline_0-5
158,365,Somatosensory,SSp-ll5,129,0.7074618025468233,182.3420000000101,baseline_0-5
159,370,Somatosensory,SSp-ll5,1061,5.818736220947128,182.3420000000101,baseline_0-5
160,371,Somatosensory,SSp-ll5,767,4.20638141514274,182.3420000000101,baseline_0-5
161,372,Somatosensory,SSp-ll5,45,0.24678900088842673,182.3420000000101,baseline_0-5
162,375,Somatosensory,SSp-ll5,638,3.4989196125959166,182.3420000000101,baseline_0-5
163,376,Somatosensory,SSp-ll5,1130,6.197146022309382,182.3420000000101,baseline_0-5
164,377,Somatosensory,SSp-ll5,415,2.2759430081932686,182.3420000000101,baseline_0-5
165,378,Somatosensory,SSp-tr5,709,3.8882978139976565,182.3420000000101,baseline_0-5
166,380,Somatosensory,SSp-tr5,983,5.390968619407189,182.3420000000101,baseline_0-5
167,381,Somatosensory,SSp-tr5,1253,6.871702624737749,182.3420000000101,baseline_0-5
168,382,Somatosensory,SSp-tr5,927,5.08385341830159,182.3420000000101,baseline_0-5
169,386,Somatosensory,SSp-tr5,2608,14.302793651489266,182.3420000000101,baseline_0-5
170,388,Somatosensory,SSp-tr5,623,3.4166566122997746,182.3420000000101,baseline_0-5
171,389,Somatosensory,SSp-tr5,1670,9.158614032970503,182.3420000000101,baseline_0-5
172,392,Somatosensory,SSp-tr5,10,0.05484200019742816,182.3420000000101,baseline_0-5
173,394,Somatosensory,SSp-tr5,700,3.8389400138199714,182.3420000000101,baseline_0-5
174,395,Somatosensory,SSp-tr5,286,1.5684812056464454,182.3420000000101,baseline_0-5
175,396,Somatosensory,SSp-tr5,879,4.820611817353935,182.3420000000101,baseline_0-5
176,397,Somatosensory,SSp-tr5,143,0.7842406028232227,182.3420000000101,baseline_0-5
177,398,Somatosensory,SSp-tr5,70,0.38389400138199714,182.3420000000101,baseline_0-5
178,400,Somatosensory,SSp-tr5,319,1.7494598062979583,182.3420000000101,baseline_0-5
179,401,Somatosensory,SSp-tr5,1625,8.911825032082076,182.3420000000101,baseline_0-5
180,402,Somatosensory,SSp-tr5,723,3.9650766142740563,182.3420000000101,baseline_0-5
181,403,Somatosensory,SSp-tr5,1149,6.301345822684496,182.3420000000101,baseline_0-5
182,404,Somatosensory,SSp-tr5,675,3.701835013326401,182.3420000000101,baseline_0-5
183,406,Somatosensory,SSp-tr5,36,0.19743120071074138,182.3420000000101,baseline_0-5
184,407,Somatosensory,SSp-tr5,1245,6.827829024579806,182.3420000000101,baseline_0-5
185,408,Somatosensory,SSp-tr5,135,0.7403670026652802,182.3420000000101,baseline_0-5
186,410,Somatosensory,SSp-tr5,591,3.2411622116680046,182.3420000000101,baseline_0-5
187,413,Somatosensory,SSp-tr5,587,3.2192254115890333,182.3420000000101,baseline_0-5
188,416,Somatosensory,SSp-tr5,525,2.8792050103649784,182.3420000000101,baseline_0-5
189,418,Somatosensory,SSp-tr5,43,0.2358206008489411,182.3420000000101,baseline_0-5
190,425,Somatosensory,SSp-tr4,107,0.5868094021124813,182.3420000000101,baseline_0-5
191,430,Somatosensory,SSp-tr4,5,0.02742100009871408,182.3420000000101,baseline_0-5
192,436,Somatosensory,SSp-tr4,11421,62.6350484254827,182.3420000000101,baseline_0-5
193,438,Somatosensory,SSp-tr4,237,1.2997554046790474,182.3420000000101,baseline_0-5
194,439,Somatosensory,SSp-tr4,2,0.010968400039485633,182.3420000000101,baseline_0-5
195,445,Somatosensory,SSp-tr2/3,6,0.0329052001184569,182.3420000000101,baseline_0-5
196,449,Somatosensory,SSp-tr2/3,64,0.35098880126354026,182.3420000000101,baseline_0-5
197,472,Thalamus,PO,867,4.754801417117021,182.3420000000101,baseline_0-5
198,473,Thalamus,PO,42,0.2303364008291983,182.3420000000101,baseline_0-5
199,475,Thalamus,PO,986,5.407421219466417,182.3420000000101,baseline_0-5
200,476,Thalamus,PO,8,0.04387360015794253,182.3420000000101,baseline_0-5
201,480,Thalamus,PO,114,0.625198802250681,182.3420000000101,baseline_0-5
202,481,Thalamus,PO,207,1.135229404086763,182.3420000000101,baseline_0-5
203,482,Thalamus,PO,106,0.5813252020927385,182.3420000000101,baseline_0-5
204,483,Thalamus,PO,171,0.9377982033760216,182.3420000000101,baseline_0-5
205,485,Thalamus,LD,1998,10.957431639446147,182.3420000000101,baseline_0-5
206,486,Thalamus,LD,1007,5.522589419881016,182.3420000000101,baseline_0-5
207,487,Thalamus,LD,1055,5.785831020828671,182.3420000000101,baseline_0-5
208,488,Thalamus,LD,1327,7.277533426198717,182.3420000000101,baseline_0-5
209,489,Thalamus,LD,1247,6.838797424619292,182.3420000000101,baseline_0-5
210,490,Thalamus,LD,1440,7.897248028429655,182.3420000000101,baseline_0-5
211,494,Thalamus,LD,3542,19.425036469929054,182.3420000000101,baseline_0-5
212,496,Thalamus,LD,1529,8.385341830186766,182.3420000000101,baseline_0-5
213,497,Other,CA3,51,0.27969420100688364,182.3420000000101,baseline_0-5
214,501,Other,CA3,1729,9.482181834135329,182.3420000000101,baseline_0-5
215,504,Other,CA3,18,0.09871560035537069,182.3420000000101,baseline_0-5
216,507,Other,CA3,0,0.0,182.3420000000101,baseline_0-5
217,509,Other,CA2,0,0.0,182.3420000000101,baseline_0-5
218,514,Other,CA1,62,0.3400204012240546,182.3420000000101,baseline_0-5
219,515,Other,CA1,970,5.319674019150532,182.3420000000101,baseline_0-5
220,516,Other,CA1,536,2.9395312105821496,182.3420000000101,baseline_0-5
221,518,Somatosensory,SSp-ll6a,83,0.45518860163865377,182.3420000000101,baseline_0-5
222,519,Somatosensory,SSp-ll6a,37,0.2029154007304842,182.3420000000101,baseline_0-5
223,520,Somatosensory,SSp-ll6a,405,2.2211010079958404,182.3420000000101,baseline_0-5
224,521,Somatosensory,SSp-ll5,16,0.08774720031588507,182.3420000000101,baseline_0-5
225,522,Somatosensory,SSp-ll5,76,0.416799201500454,182.3420000000101,baseline_0-5
226,523,Somatosensory,SSp-tr5,65,0.3564730012832831,182.3420000000101,baseline_0-5
227,525,Somatosensory,SSp-tr5,360,1.9743120071074138,182.3420000000101,baseline_0-5
228,527,Somatosensory,SSp-tr5,573,3.1424466113126335,182.3420000000101,baseline_0-5
229,531,Somatosensory,SSp-tr5,8,0.04387360015794253,182.3420000000101,baseline_0-5
230,534,Somatosensory,SSp-tr2/3,36,0.19743120071074138,182.3420000000101,baseline_0-5
231,538,Somatosensory,SSp-tr2/3,675,3.701835013326401,182.3420000000101,baseline_0-5
232,544,Somatosensory,SSp-tr5,120,0.6581040023691379,182.3420000000101,baseline_0-5
233,546,Somatosensory,SSp-tr2/3,6,0.0329052001184569,182.3420000000101,baseline_0-5
234,547,Somatosensory,SSp-tr4,0,0.0,182.3420000000101,baseline_0-5
235,549,Thalamus,VPM,281,1.5410602055477314,182.3420000000101,baseline_0-5
236,551,Thalamus,PO,1548,8.48954163056188,182.3420000000101,baseline_0-5
237,554,Other,CA3,367,2.0127014072456135,182.3420000000101,baseline_0-5
238,557,Somatosensory,SSp-ll6a,68,0.3729256013425115,182.3420000000101,baseline_0-5
239,558,Somatosensory,SSp-tr5,71,0.38937820140173995,182.3420000000101,baseline_0-5
240,560,Somatosensory,SSp-tr5,7,0.03838940013819971,182.3420000000101,baseline_0-5
241,561,Somatosensory,SSp-tr4,12,0.0658104002369138,182.3420000000101,baseline_0-5
242,563,Somatosensory,SSp-tr4,10,0.05484200019742816,182.3420000000101,baseline_0-5
243,565,Somatosensory,SSp-tr4,7,0.03838940013819971,182.3420000000101,baseline_0-5
244,567,STR,CP,47,0.2577574009279124,182.3420000000101,baseline_0-5
245,571,STR,CP,601,3.2960042118654327,182.3420000000101,baseline_0-5
246,572,STR,CP,527,2.890173410404464,182.3420000000101,baseline_0-5
247,573,STR,CP,4,0.021936800078971266,182.3420000000101,baseline_0-5
248,575,STR,CP,22,0.12065240043434196,182.3420000000101,baseline_0-5
249,576,STR,CP,245,1.3436290048369899,182.3420000000101,baseline_0-5
250,577,STR,CP,306,1.6781652060413017,182.3420000000101,baseline_0-5
251,578,STR,CP,980,5.3745160193479595,182.3420000000101,baseline_0-5
252,579,STR,CP,25,0.1371050004935704,182.3420000000101,baseline_0-5
253,580,STR,CP,0,0.0,182.3420000000101,baseline_0-5
254,581,STR,CP,0,0.0,182.3420000000101,baseline_0-5
255,582,STR,CP,13,0.07129460025665661,182.3420000000101,baseline_0-5
256,584,STR,CP,353,1.9359226069692141,182.3420000000101,baseline_0-5
257,585,STR,CP,229,1.2558818045211049,182.3420000000101,baseline_0-5
258,589,STR,CP,1907,10.45836943764955,182.3420000000101,baseline_0-5
259,592,STR,CP,16,0.08774720031588507,182.3420000000101,baseline_0-5
260,593,STR,CP,8,0.04387360015794253,182.3420000000101,baseline_0-5
261,596,STR,CP,80,0.43873600157942527,182.3420000000101,baseline_0-5
262,599,STR,CP,1281,7.025260225290547,182.3420000000101,baseline_0-5
263,600,STR,CP,51,0.27969420100688364,182.3420000000101,baseline_0-5
264,603,STR,CP,15,0.08226300029614224,182.3420000000101,baseline_0-5
265,605,STR,CP,331,1.8152702065348723,182.3420000000101,baseline_0-5
266,606,STR,CP,0,0.0,182.3420000000101,baseline_0-5
267,608,STR,CP,218,1.195555604303934,182.3420000000101,baseline_0-5
268,615,STR,CP,269,1.4752498053108176,182.3420000000101,baseline_0-5
269,619,STR,CP,8,0.04387360015794253,182.3420000000101,baseline_0-5
270,626,STR,CP,174,0.95425080343525,182.3420000000101,baseline_0-5
271,629,STR,CP,196,1.074903203869592,182.3420000000101,baseline_0-5
272,630,STR,CP,80,0.43873600157942527,182.3420000000101,baseline_0-5
273,631,STR,CP,909,4.98513781794622,182.3420000000101,baseline_0-5
274,634,STR,CP,74,0.4058308014609684,182.3420000000101,baseline_0-5
275,635,STR,CP,92,0.5045464018163391,182.3420000000101,baseline_0-5
276,636,STR,CP,872,4.782222417215736,182.3420000000101,baseline_0-5
277,638,STR,CP,899,4.930295817748791,182.3420000000101,baseline_0-5
278,639,STR,CP,79,0.43325180155968246,182.3420000000101,baseline_0-5
279,641,STR,CP,33,0.18097860065151294,182.3420000000101,baseline_0-5
280,642,STR,CP,17,0.09323140033562788,182.3420000000101,baseline_0-5
281,643,STR,CP,280,1.5355760055279886,182.3420000000101,baseline_0-5
282,644,STR,CP,256,1.403955205054161,182.3420000000101,baseline_0-5
283,645,STR,CP,0,0.0,182.3420000000101,baseline_0-5
284,647,STR,CP,970,5.319674019150532,182.3420000000101,baseline_0-5
285,649,STR,CP,0,0.0,182.3420000000101,baseline_0-5
286,652,STR,CP,2,0.010968400039485633,182.3420000000101,baseline_0-5
287,657,STR,CP,0,0.0,182.3420000000101,baseline_0-5
288,659,STR,CP,121,0.6635882023888807,182.3420000000101,baseline_0-5
289,660,STR,CP,0,0.0,182.3420000000101,baseline_0-5
290,661,STR,CP,6,0.0329052001184569,182.3420000000101,baseline_0-5
291,662,STR,CP,0,0.0,182.3420000000101,baseline_0-5
292,665,STR,CP,3,0.01645260005922845,182.3420000000101,baseline_0-5
293,671,STR,CP,151,0.8281142029811652,182.3420000000101,baseline_0-5
294,674,STR,CP,4,0.021936800078971266,182.3420000000101,baseline_0-5
295,683,STR,CP,427,2.3417534084301823,182.3420000000101,baseline_0-5
296,686,STR,CP,24,0.1316208004738276,182.3420000000101,baseline_0-5
297,687,STR,CP,1225,6.71814502418495,182.3420000000101,baseline_0-5
298,688,STR,CP,367,2.0127014072456135,182.3420000000101,baseline_0-5
299,689,STR,CP,1133,6.213598622368611,182.3420000000101,baseline_0-5
300,690,STR,CP,911,4.996106217985705,182.3420000000101,baseline_0-5
301,691,STR,CP,395,2.1662590077984123,182.3420000000101,baseline_0-5
302,693,STR,CP,1916,10.507727237827236,182.3420000000101,baseline_0-5
303,696,STR,CP,257,1.4094394050739039,182.3420000000101,baseline_0-5
304,699,STR,CP,1479,8.111131829199625,182.3420000000101,baseline_0-5
305,701,STR,CP,72,0.39486240142148277,182.3420000000101,baseline_0-5
306,702,STR,CP,300,1.6452600059228448,182.3420000000101,baseline_0-5
307,705,STR,CP,116,0.6361672022901667,182.3420000000101,baseline_0-5
308,706,STR,CP,1043,5.720020620591757,182.3420000000101,baseline_0-5
309,709,STR,CP,7,0.03838940013819971,182.3420000000101,baseline_0-5
310,710,STR,CP,4,0.021936800078971266,182.3420000000101,baseline_0-5
311,714,STR,CP,14,0.07677880027639943,182.3420000000101,baseline_0-5
312,716,STR,CP,141,0.7732722027837371,182.3420000000101,baseline_0-5
313,719,STR,CP,78,0.42776760153993965,182.3420000000101,baseline_0-5
314,722,STR,CP,581,3.1863202114705764,182.3420000000101,baseline_0-5
315,724,STR,CP,129,0.7074618025468233,182.3420000000101,baseline_0-5
316,725,STR,CP,27,0.14807340053305604,182.3420000000101,baseline_0-5
317,726,STR,CP,3,0.01645260005922845,182.3420000000101,baseline_0-5
318,727,STR,CP,0,0.0,182.3420000000101,baseline_0-5
319,728,STR,CP,271,1.4862182053503032,182.3420000000101,baseline_0-5
320,729,STR,CP,3,0.01645260005922845,182.3420000000101,baseline_0-5
321,730,STR,CP,6,0.0329052001184569,182.3420000000101,baseline_0-5
322,733,STR,CP,108,0.5922936021322242,182.3420000000101,baseline_0-5
323,736,STR,CP,935,5.127727018459534,182.3420000000101,baseline_0-5
324,737,STR,CP,1,0.005484200019742817,182.3420000000101,baseline_0-5
325,739,STR,CP,4,0.021936800078971266,182.3420000000101,baseline_0-5
326,742,STR,CP,5,0.02742100009871408,182.3420000000101,baseline_0-5
327,743,STR,CP,3150,17.27523006218987,182.3420000000101,baseline_0-5
328,744,STR,CP,2339,12.827543846178447,182.3420000000101,baseline_0-5
329,746,STR,CP,129,0.7074618025468233,182.3420000000101,baseline_0-5
330,747,STR,CP,571,3.131478211273148,182.3420000000101,baseline_0-5
331,748,STR,CP,4630,25.39184609140924,182.3420000000101,baseline_0-5
332,749,STR,CP,474,2.5995108093580948,182.3420000000101,baseline_0-5
333,750,STR,CP,315,1.727523006218987,182.3420000000101,baseline_0-5
334,751,STR,CP,1655,9.076351032674362,182.3420000000101,baseline_0-5
335,753,STR,CP,1076,5.9009992212432705,182.3420000000101,baseline_0-5
336,754,STR,CP,936,5.133211218479276,182.3420000000101,baseline_0-5
337,755,STR,CP,2737,15.010255454036088,182.3420000000101,baseline_0-5
338,757,Other,ccb,358,1.9633436070679282,182.3420000000101,baseline_0-5
339,759,Other,ccb,28,0.15355760055279885,182.3420000000101,baseline_0-5
340,760,Other,ccb,82,0.44970440161891095,182.3420000000101,baseline_0-5
341,763,Other,ccb,2521,13.82566824977164,182.3420000000101,baseline_0-5
342,766,Other,ccb,0,0.0,182.3420000000101,baseline_0-5
343,767,Other,ccb,260,1.4258920051331323,182.3420000000101,baseline_0-5
344,768,Other,ccb,296,1.6233232058438736,182.3420000000101,baseline_0-5
345,770,Other,ccb,85,0.4661570016781394,182.3420000000101,baseline_0-5
346,771,Other,ccb,5970,32.740674117864614,182.3420000000101,baseline_0-5
347,775,Other,ccb,953,5.226442618814904,182.3420000000101,baseline_0-5
348,777,Other,ccb,2853,15.646422656326255,182.3420000000101,baseline_0-5
349,780,Other,ccb,253,1.3875026049949326,182.3420000000101,baseline_0-5
350,781,Other,ccb,186,1.020061203672164,182.3420000000101,baseline_0-5
351,782,Other,ccb,272,1.491702405370046,182.3420000000101,baseline_0-5
352,783,Other,ccb,259,1.4204078051133895,182.3420000000101,baseline_0-5
353,785,Other,ccb,157,0.8610194030996221,182.3420000000101,baseline_0-5
354,786,Other,ccb,293,1.6068706057846451,182.3420000000101,baseline_0-5
355,787,Other,scwm,193,1.0584506038103636,182.3420000000101,baseline_0-5
356,789,Other,ccb,807,4.425749415932453,182.3420000000101,baseline_0-5
357,791,Other,scwm,27,0.14807340053305604,182.3420000000101,baseline_0-5
358,793,Other,scwm,36,0.19743120071074138,182.3420000000101,baseline_0-5
359,796,Other,scwm,162,0.8884404031983363,182.3420000000101,baseline_0-5
360,798,Other,scwm,155,0.8500510030601365,182.3420000000101,baseline_0-5
361,799,Other,scwm,63,0.34550460124379745,182.3420000000101,baseline_0-5
362,803,Somatosensory,SSp-ul6b,85,0.4661570016781394,182.3420000000101,baseline_0-5
363,805,Somatosensory,SSp-ul6b,142,0.7787564028034799,182.3420000000101,baseline_0-5
364,807,Somatosensory,SSp-ul6a,62,0.3400204012240546,182.3420000000101,baseline_0-5
365,810,Somatosensory,SSp-ul6b,275,1.5081550054292745,182.3420000000101,baseline_0-5
366,811,Somatosensory,SSp-ul6a,27,0.14807340053305604,182.3420000000101,baseline_0-5
367,820,Somatosensory,SSp-ul6a,91,0.49906220179659627,182.3420000000101,baseline_0-5
368,824,Somatosensory,SSp-ul6a,43,0.2358206008489411,182.3420000000101,baseline_0-5
369,825,Somatosensory,SSp-ul6a,47,0.2577574009279124,182.3420000000101,baseline_0-5
370,830,Somatosensory,SSp-ul6a,60,0.32905200118456895,182.3420000000101,baseline_0-5
371,832,Somatosensory,SSp-ul6a,46,0.25227320090816957,182.3420000000101,baseline_0-5
372,835,Somatosensory,SSp-ul6a,0,0.0,182.3420000000101,baseline_0-5
373,837,Somatosensory,SSp-ul6a,87,0.477125401717625,182.3420000000101,baseline_0-5
374,839,Somatosensory,SSp-ul6a,144,0.7897248028429655,182.3420000000101,baseline_0-5
375,841,Somatosensory,SSp-ul6a,373,2.0456066073640704,182.3420000000101,baseline_0-5
376,842,Somatosensory,SSp-ul6a,160,0.8774720031588505,182.3420000000101,baseline_0-5
377,843,Somatosensory,SSp-ul6a,157,0.8610194030996221,182.3420000000101,baseline_0-5
378,845,Somatosensory,SSp-ul6a,68,0.3729256013425115,182.3420000000101,baseline_0-5
379,847,Somatosensory,SSp-ul6a,265,1.4533130052318464,182.3420000000101,baseline_0-5
380,849,Somatosensory,SSp-ul6a,104,0.5703568020532529,182.3420000000101,baseline_0-5
381,851,Somatosensory,SSp-ul6a,3150,17.27523006218987,182.3420000000101,baseline_0-5
382,852,Somatosensory,SSp-ul6a,1794,9.838654835418613,182.3420000000101,baseline_0-5
383,854,Somatosensory,SSp-ul6a,324,1.7768808063966726,182.3420000000101,baseline_0-5
384,855,Somatosensory,SSp-ul6a,2521,13.82566824977164,182.3420000000101,baseline_0-5
385,856,Somatosensory,SSp-ul6a,6111,33.51394632064835,182.3420000000101,baseline_0-5
386,857,Somatosensory,SSp-ul6a,1077,5.9064834212630135,182.3420000000101,baseline_0-5
387,860,Somatosensory,SSp-ul6a,994,5.451294819624359,182.3420000000101,baseline_0-5
388,861,Somatosensory,SSp-ul6a,126,0.6910092024875949,182.3420000000101,baseline_0-5
389,862,Somatosensory,SSp-ul6a,396,2.1717432078181553,182.3420000000101,baseline_0-5
390,863,Somatosensory,SSp-ul6a,725,3.976045014313542,182.3420000000101,baseline_0-5
391,865,Somatosensory,SSp-ul6a,745,4.085729014708398,182.3420000000101,baseline_0-5
392,867,Somatosensory,SSp-ul6a,1181,6.476840223316266,182.3420000000101,baseline_0-5
393,868,Somatosensory,SSp-ul6a,813,4.45865461605091,182.3420000000101,baseline_0-5
394,869,Somatosensory,SSp-ul6a,3480,19.085016068705002,182.3420000000101,baseline_0-5
395,870,Somatosensory,SSp-ul6a,562,3.0821204110954628,182.3420000000101,baseline_0-5
396,874,Somatosensory,SSp-ul6a,390,2.1388380076996985,182.3420000000101,baseline_0-5
397,875,Somatosensory,SSp-ul6a,2114,11.593598841736313,182.3420000000101,baseline_0-5
398,876,Somatosensory,SSp-ul6a,445,2.4404690087855534,182.3420000000101,baseline_0-5
399,877,Somatosensory,SSp-ul6a,395,2.1662590077984123,182.3420000000101,baseline_0-5
400,878,Somatosensory,SSp-ul6a,1259,6.904607824856206,182.3420000000101,baseline_0-5
401,879,Somatosensory,SSp-ul6a,725,3.976045014313542,182.3420000000101,baseline_0-5
402,882,Somatosensory,SSp-ul6a,604,3.312456811924661,182.3420000000101,baseline_0-5
403,884,Somatosensory,SSp-ul6a,727,3.9870134143530276,182.3420000000101,baseline_0-5
404,886,Somatosensory,SSp-ul6a,911,4.996106217985705,182.3420000000101,baseline_0-5
405,887,Somatosensory,SSp-ul6a,368,2.0181856072653566,182.3420000000101,baseline_0-5
406,888,Somatosensory,SSp-ul6a,3013,16.523894659485105,182.3420000000101,baseline_0-5
407,893,Somatosensory,SSp-ul6a,91,0.49906220179659627,182.3420000000101,baseline_0-5
408,894,Somatosensory,SSp-ul6a,404,2.215616807976098,182.3420000000101,baseline_0-5
409,899,Somatosensory,SSp-ul5,408,2.237553608055069,182.3420000000101,baseline_0-5
410,900,Somatosensory,SSp-ul5,144,0.7897248028429655,182.3420000000101,baseline_0-5
411,901,Somatosensory,SSp-ul5,444,2.4349848087658104,182.3420000000101,baseline_0-5
412,902,Somatosensory,SSp-ul5,632,3.4660144124774597,182.3420000000101,baseline_0-5
413,906,Somatosensory,SSp-ul5,373,2.0456066073640704,182.3420000000101,baseline_0-5
414,909,Somatosensory,SSp-ul5,295,1.6178390058241308,182.3420000000101,baseline_0-5
415,910,Somatosensory,SSp-ul5,34,0.18646280067125576,182.3420000000101,baseline_0-5
416,914,Somatosensory,SSp-ul5,28,0.15355760055279885,182.3420000000101,baseline_0-5
417,915,Somatosensory,SSp-ul5,8,0.04387360015794253,182.3420000000101,baseline_0-5
418,916,Somatosensory,SSp-ll5,438,2.4020796086473535,182.3420000000101,baseline_0-5
419,917,Somatosensory,SSp-ll5,379,2.0785118074825273,182.3420000000101,baseline_0-5
420,918,Somatosensory,SSp-ll5,2,0.010968400039485633,182.3420000000101,baseline_0-5
421,924,Somatosensory,SSp-ll5,56,0.3071152011055977,182.3420000000101,baseline_0-5
422,925,Somatosensory,SSp-ll5,166,0.9103772032773075,182.3420000000101,baseline_0-5
423,934,Somatosensory,SSp-ll5,316,1.7330072062387298,182.3420000000101,baseline_0-5
424,938,Somatosensory,SSp-ll5,1,0.005484200019742817,182.3420000000101,baseline_0-5
425,939,Somatosensory,SSp-ll5,2725,14.944445053799175,182.3420000000101,baseline_0-5
426,940,Somatosensory,SSp-ll5,3014,16.52937885950485,182.3420000000101,baseline_0-5
427,949,Somatosensory,SSp-ll5,223,1.222976604402648,182.3420000000101,baseline_0-5
428,950,Somatosensory,SSp-ll5,253,1.3875026049949326,182.3420000000101,baseline_0-5
429,953,Somatosensory,SSp-ll5,61,0.33453620120431177,182.3420000000101,baseline_0-5
430,960,Somatosensory,SSp-ll5,26,0.14258920051331322,182.3420000000101,baseline_0-5
431,966,Somatosensory,SSp-ll5,143,0.7842406028232227,182.3420000000101,baseline_0-5
432,968,Somatosensory,SSp-ll5,48,0.2632416009476552,182.3420000000101,baseline_0-5
433,970,Somatosensory,SSp-ll4,50,0.2742100009871408,182.3420000000101,baseline_0-5
434,973,Somatosensory,SSp-ll4,44,0.24130480086868392,182.3420000000101,baseline_0-5
435,975,Somatosensory,SSp-ll4,562,3.0821204110954628,182.3420000000101,baseline_0-5
436,977,Somatosensory,SSp-ll4,9,0.049357800177685346,182.3420000000101,baseline_0-5
437,983,STR,CP,107,0.5868094021124813,182.3420000000101,baseline_0-5
438,985,STR,CP,85,0.4661570016781394,182.3420000000101,baseline_0-5
439,986,STR,CP,8,0.04387360015794253,182.3420000000101,baseline_0-5
440,988,STR,CP,3,0.01645260005922845,182.3420000000101,baseline_0-5
441,990,STR,CP,110,0.6032620021717098,182.3420000000101,baseline_0-5
442,992,STR,CP,3,0.01645260005922845,182.3420000000101,baseline_0-5
443,996,STR,CP,11,0.06032620021717098,182.3420000000101,baseline_0-5
444,999,STR,CP,7,0.03838940013819971,182.3420000000101,baseline_0-5
445,1001,STR,CP,6,0.0329052001184569,182.3420000000101,baseline_0-5
446,1002,STR,CP,2,0.010968400039485633,182.3420000000101,baseline_0-5
447,1003,STR,CP,2,0.010968400039485633,182.3420000000101,baseline_0-5
448,1004,STR,CP,30,0.16452600059228448,182.3420000000101,baseline_0-5
449,1005,STR,CP,0,0.0,182.3420000000101,baseline_0-5
450,1008,STR,CP,15,0.08226300029614224,182.3420000000101,baseline_0-5
451,1010,STR,CP,2,0.010968400039485633,182.3420000000101,baseline_0-5
452,1012,STR,CP,0,0.0,182.3420000000101,baseline_0-5
453,1013,STR,CP,27,0.14807340053305604,182.3420000000101,baseline_0-5
454,1018,STR,CP,2,0.010968400039485633,182.3420000000101,baseline_0-5
455,1020,STR,CP,50,0.2742100009871408,182.3420000000101,baseline_0-5
456,1026,STR,CP,14,0.07677880027639943,182.3420000000101,baseline_0-5
457,1027,STR,CP,3,0.01645260005922845,182.3420000000101,baseline_0-5
458,1029,STR,CP,615,3.372783012141832,182.3420000000101,baseline_0-5
459,1030,STR,CP,6,0.0329052001184569,182.3420000000101,baseline_0-5
460,1031,STR,CP,17,0.09323140033562788,182.3420000000101,baseline_0-5
461,1033,STR,CP,160,0.8774720031588505,182.3420000000101,baseline_0-5
462,1034,STR,CP,18,0.09871560035537069,182.3420000000101,baseline_0-5
463,1037,STR,CP,9,0.049357800177685346,182.3420000000101,baseline_0-5
464,1038,STR,CP,6,0.0329052001184569,182.3420000000101,baseline_0-5
465,1041,STR,CP,24,0.1316208004738276,182.3420000000101,baseline_0-5
466,1042,STR,CP,28,0.15355760055279885,182.3420000000101,baseline_0-5
467,1043,STR,CP,5,0.02742100009871408,182.3420000000101,baseline_0-5
468,1045,STR,CP,3,0.01645260005922845,182.3420000000101,baseline_0-5
469,1052,STR,CP,139,0.7623038027442515,182.3420000000101,baseline_0-5
470,1054,STR,CP,259,1.4204078051133895,182.3420000000101,baseline_0-5
471,1057,STR,CP,573,3.1424466113126335,182.3420000000101,baseline_0-5
472,1060,STR,CP,18,0.09871560035537069,182.3420000000101,baseline_0-5
473,1061,STR,CP,389,2.1333538076799554,182.3420000000101,baseline_0-5
474,1063,STR,CP,0,0.0,182.3420000000101,baseline_0-5
475,1065,STR,CP,243,1.3326606047975043,182.3420000000101,baseline_0-5
476,1067,STR,CP,0,0.0,182.3420000000101,baseline_0-5
477,1068,STR,CP,80,0.43873600157942527,182.3420000000101,baseline_0-5
478,1069,STR,CP,14,0.07677880027639943,182.3420000000101,baseline_0-5
479,1070,STR,CP,122,0.6690724024086235,182.3420000000101,baseline_0-5
480,1071,STR,CP,332,1.820754406554615,182.3420000000101,baseline_0-5
481,1072,Other,ccb,303,1.6617126059820733,182.3420000000101,baseline_0-5
482,1073,Other,ccb,2,0.010968400039485633,182.3420000000101,baseline_0-5
483,1074,Other,ccb,0,0.0,182.3420000000101,baseline_0-5
484,1075,Other,ccb,0,0.0,182.3420000000101,baseline_0-5
485,1076,Other,ccb,6,0.0329052001184569,182.3420000000101,baseline_0-5
486,1077,Other,ccb,39,0.21388380076996982,182.3420000000101,baseline_0-5
487,1078,Other,ccb,609,3.339877812023375,182.3420000000101,baseline_0-5
488,1079,Other,ccb,12,0.0658104002369138,182.3420000000101,baseline_0-5
489,1080,Other,ccb,7,0.03838940013819971,182.3420000000101,baseline_0-5
490,1082,Other,scwm,165,0.9048930032575647,182.3420000000101,baseline_0-5
491,1083,Other,scwm,178,0.9761876035142213,182.3420000000101,baseline_0-5
492,1085,Other,scwm,3,0.01645260005922845,182.3420000000101,baseline_0-5
493,1086,Other,scwm,14,0.07677880027639943,182.3420000000101,baseline_0-5
494,1090,Somatosensory,SSp-ul6a,67,0.3674414013227687,182.3420000000101,baseline_0-5
495,1091,Somatosensory,SSp-ul6a,221,1.2120082043631624,182.3420000000101,baseline_0-5
496,1092,Somatosensory,SSp-ul6a,198,1.0858716039090777,182.3420000000101,baseline_0-5
497,1093,Somatosensory,SSp-ul6a,45,0.24678900088842673,182.3420000000101,baseline_0-5
498,1094,Somatosensory,SSp-ul6a,163,0.8939246032180791,182.3420000000101,baseline_0-5
499,1095,Somatosensory,SSp-ul6a,566,3.104057211174434,182.3420000000101,baseline_0-5
500,1096,Somatosensory,SSp-ul6a,237,1.2997554046790474,182.3420000000101,baseline_0-5
501,1098,Somatosensory,SSp-ul6a,101,0.5539042019940245,182.3420000000101,baseline_0-5
502,1099,Somatosensory,SSp-ul6a,522,2.8627524103057502,182.3420000000101,baseline_0-5
503,1100,Somatosensory,SSp-ul6a,233,1.2778186046000761,182.3420000000101,baseline_0-5
504,1101,Somatosensory,SSp-ul6a,307,1.6836494060610445,182.3420000000101,baseline_0-5
505,1102,Somatosensory,SSp-ul5,68,0.3729256013425115,182.3420000000101,baseline_0-5
506,1103,Somatosensory,SSp-ul5,284,1.5575128056069598,182.3420000000101,baseline_0-5
507,1106,Somatosensory,SSp-ul5,2,0.010968400039485633,182.3420000000101,baseline_0-5
508,1107,Somatosensory,SSp-ul5,141,0.7732722027837371,182.3420000000101,baseline_0-5
509,1108,Somatosensory,SSp-ul5,123,0.6745566024283663,182.3420000000101,baseline_0-5
510,1111,Somatosensory,SSp-ll5,12,0.0658104002369138,182.3420000000101,baseline_0-5
511,1113,Somatosensory,SSp-ll5,2,0.010968400039485633,182.3420000000101,baseline_0-5
512,1115,Somatosensory,SSp-ll5,104,0.5703568020532529,182.3420000000101,baseline_0-5
513,1117,Somatosensory,SSp-ll5,26,0.14258920051331322,182.3420000000101,baseline_0-5
514,1118,Somatosensory,SSp-ll5,78,0.42776760153993965,182.3420000000101,baseline_0-5
515,1119,Somatosensory,SSp-ll5,86,0.4716412016978822,182.3420000000101,baseline_0-5
516,1122,Somatosensory,SSp-ll5,9,0.049357800177685346,182.3420000000101,baseline_0-5
517,1123,Somatosensory,SSp-ll5,18,0.09871560035537069,182.3420000000101,baseline_0-5
518,1127,Somatosensory,SSp-ll4,18,0.09871560035537069,182.3420000000101,baseline_0-5
519,1128,STR,CP,62,0.3400204012240546,182.3420000000101,baseline_0-5
520,1130,STR,CP,1,0.005484200019742817,182.3420000000101,baseline_0-5
521,1131,STR,CP,1,0.005484200019742817,182.3420000000101,baseline_0-5
522,1132,STR,CP,15,0.08226300029614224,182.3420000000101,baseline_0-5
523,1133,STR,CP,0,0.0,182.3420000000101,baseline_0-5
524,1134,STR,CP,24,0.1316208004738276,182.3420000000101,baseline_0-5
525,1135,STR,CP,1,0.005484200019742817,182.3420000000101,baseline_0-5
526,1136,STR,CP,7,0.03838940013819971,182.3420000000101,baseline_0-5
527,1139,STR,CP,2,0.010968400039485633,182.3420000000101,baseline_0-5
528,1141,STR,CP,0,0.0,182.3420000000101,baseline_0-5
529,1142,STR,CP,33,0.18097860065151294,182.3420000000101,baseline_0-5
530,1143,STR,CP,76,0.416799201500454,182.3420000000101,baseline_0-5
531,1146,STR,CP,6,0.0329052001184569,182.3420000000101,baseline_0-5
532,1147,STR,CP,54,0.2961468010661121,182.3420000000101,baseline_0-5
533,1152,Other,ccb,41,0.22485220080945548,182.3420000000101,baseline_0-5
534,1153,Somatosensory,SSp-ul6a,65,0.3564730012832831,182.3420000000101,baseline_0-5
535,1154,Somatosensory,SSp-ul6a,12,0.0658104002369138,182.3420000000101,baseline_0-5
536,1158,Somatosensory,SSp-ul5,133,0.7293986026257946,182.3420000000101,baseline_0-5
537,1160,Somatosensory,SSp-ll5,10,0.05484200019742816,182.3420000000101,baseline_0-5
538,1161,Somatosensory,SSp-ll4,10,0.05484200019742816,182.3420000000101,baseline_0-5
539,1163,STR,CP,1,0.005484200019742817,182.3420000000101,baseline_0-5
540,1164,Somatosensory,SSp-ul6a,69,0.3784098013622543,182.3420000000101,baseline_0-5
541,1166,Somatosensory,SSp-ul5,46,0.25227320090816957,182.3420000000101,baseline_0-5
542,1171,STR,CP,1,0.005484200019742817,182.3420000000101,baseline_0-5
543,1172,STR,CP,0,0.0,182.3420000000101,baseline_0-5
544,1177,STR,CP,29,0.15904180057254166,182.3420000000101,baseline_0-5
545,1179,STR,CP,9,0.049357800177685346,182.3420000000101,baseline_0-5
546,1180,Other,ccb,420,2.303364008291983,182.3420000000101,baseline_0-5
547,1181,Other,scwm,16,0.08774720031588507,182.3420000000101,baseline_0-5
548,1182,Somatosensory,SSp-ul6a,18,0.09871560035537069,182.3420000000101,baseline_0-5
549,1183,Somatosensory,SSp-ul6a,40,0.21936800078971264,182.3420000000101,baseline_0-5
550,1184,Somatosensory,SSp-ul5,229,1.2558818045211049,182.3420000000101,baseline_0-5
551,1186,Somatosensory,SSp-ll5,162,0.8884404031983363,182.3420000000101,baseline_0-5
552,1187,Somatosensory,SSp-ll5,8,0.04387360015794253,182.3420000000101,baseline_0-5
553,1188,Somatosensory,SSp-ll5,54,0.2961468010661121,182.3420000000101,baseline_0-5
554,1189,Somatosensory,SSp-ll4,28,0.15355760055279885,182.3420000000101,baseline_0-5
555,1191,STR,CP,12,0.0658104002369138,182.3420000000101,baseline_0-5
556,1192,STR,CP,0,0.0,182.3420000000101,baseline_0-5
557,1196,STR,CP,4,0.021936800078971266,182.3420000000101,baseline_0-5
558,1197,STR,CP,41,0.22485220080945548,182.3420000000101,baseline_0-5
559,1199,Somatosensory,SSp-ul6a,1,0.005484200019742817,182.3420000000101,baseline_0-5
560,1201,STR,CP,0,0.0,182.3420000000101,baseline_0-5
561,1202,Somatosensory,SSp-ll4,11,0.06032620021717098,182.3420000000101,baseline_0-5
562,1203,STR,CP,0,0.0,182.3420000000101,baseline_0-5
563,1204,STR,LSr,1102,6.043588421756583,182.3420000000101,baseline_0-5
564,1208,STR,LSr,30,0.16452600059228448,182.3420000000101,baseline_0-5
565,1210,STR,LSr,43,0.2358206008489411,182.3420000000101,baseline_0-5
566,1211,STR,LSr,603,3.3069726119049183,182.3420000000101,baseline_0-5
567,1212,STR,LSr,418,2.292395608252497,182.3420000000101,baseline_0-5
568,1214,STR,LSr,330,1.8097860065151294,182.3420000000101,baseline_0-5
569,1215,STR,LSr,2201,12.070724243453938,182.3420000000101,baseline_0-5
570,1216,STR,LSr,4223,23.159776683373913,182.3420000000101,baseline_0-5
571,1219,STR,LSr,4243,23.26946068376877,182.3420000000101,baseline_0-5
572,1220,STR,LSr,233,1.2778186046000761,182.3420000000101,baseline_0-5
573,1221,STR,LSr,1790,9.81671803533964,182.3420000000101,baseline_0-5
574,1222,STR,LSr,1987,10.897105439228977,182.3420000000101,baseline_0-5
575,1223,STR,LSr,1352,7.414638426692288,182.3420000000101,baseline_0-5
576,1224,STR,LSr,1612,8.84053043182542,182.3420000000101,baseline_0-5
577,1227,STR,LSr,794,4.354454815675796,182.3420000000101,baseline_0-5
578,1229,STR,LSr,108,0.5922936021322242,182.3420000000101,baseline_0-5
579,1231,STR,LSr,680,3.729256013425115,182.3420000000101,baseline_0-5
580,1234,STR,LSr,1301,7.134944225685404,182.3420000000101,baseline_0-5
581,1235,STR,LSr,992,5.440326419584873,182.3420000000101,baseline_0-5
582,1238,STR,LSr,1025,5.621305020236386,182.3420000000101,baseline_0-5
583,1239,STR,LSr,688,3.7731296135830577,182.3420000000101,baseline_0-5
584,1241,STR,CP,2352,12.898838446435104,182.3420000000101,baseline_0-5
585,1242,STR,CP,2856,15.662875256385483,182.3420000000101,baseline_0-5
586,1244,Other,fa,65,0.3564730012832831,182.3420000000101,baseline_0-5
587,1249,Other,fa,1190,6.526198023493952,182.3420000000101,baseline_0-5
588,1251,Other,fa,1662,9.11474043281256,182.3420000000101,baseline_0-5
589,1252,Other,fa,915,5.0180430180646765,182.3420000000101,baseline_0-5
590,1254,Other,fa,618,3.3892356122010603,182.3420000000101,baseline_0-5
591,1255,Other,fa,41,0.22485220080945548,182.3420000000101,baseline_0-5
592,1257,Other,fa,391,2.144322207719441,182.3420000000101,baseline_0-5
593,1258,Other,fa,1672,9.169582433009989,182.3420000000101,baseline_0-5
594,1260,Other,fa,764,4.189928815083512,182.3420000000101,baseline_0-5
595,1261,Other,fa,1085,5.950357021420956,182.3420000000101,baseline_0-5
596,1263,Other,fa,1768,9.696065634905299,182.3420000000101,baseline_0-5
597,1264,Other,fa,1947,10.677737438439264,182.3420000000101,baseline_0-5
598,1266,Other,fa,1579,8.659551831173907,182.3420000000101,baseline_0-5
599,1268,Other,fa,7,0.03838940013819971,182.3420000000101,baseline_0-5
600,1269,Other,fa,335,1.8372070066138435,182.3420000000101,baseline_0-5
601,1270,Other,fa,532,2.9175944105031784,182.3420000000101,baseline_0-5
602,1275,Other,fa,46,0.25227320090816957,182.3420000000101,baseline_0-5
603,1276,Other,fa,11,0.06032620021717098,182.3420000000101,baseline_0-5
604,1280,Other,fa,14,0.07677880027639943,182.3420000000101,baseline_0-5
605,1281,Other,fa,55,0.3016310010858549,182.3420000000101,baseline_0-5
606,1282,Other,fa,1872,10.266422436958552,182.3420000000101,baseline_0-5
607,1284,Other,fa,217,1.1900714042841911,182.3420000000101,baseline_0-5
608,1286,Other,fa,11,0.06032620021717098,182.3420000000101,baseline_0-5
609,1287,Other,fa,549,3.010825810838806,182.3420000000101,baseline_0-5
610,1291,Other,fa,570,3.1259940112534053,182.3420000000101,baseline_0-5
611,1292,Other,fa,1320,7.239144026060518,182.3420000000101,baseline_0-5
612,1293,Other,fa,143,0.7842406028232227,182.3420000000101,baseline_0-5
613,1294,Other,fa,656,3.5976352129512876,182.3420000000101,baseline_0-5
614,1295,Other,fa,153,0.8390826030206509,182.3420000000101,baseline_0-5
615,1296,Other,fa,363,1.9907646071666423,182.3420000000101,baseline_0-5
616,1297,Other,fa,467,2.5611214092198953,182.3420000000101,baseline_0-5
617,1300,Other,fa,693,3.8005506136817715,182.3420000000101,baseline_0-5
618,1301,Other,fa,154,0.8445668030403937,182.3420000000101,baseline_0-5
619,1306,Other,fa,1023,5.610336620196901,182.3420000000101,baseline_0-5
620,1309,Other,fa,1052,5.769378420769443,182.3420000000101,baseline_0-5
621,1310,Other,fa,13,0.07129460025665661,182.3420000000101,baseline_0-5
622,1312,Other,cing,1370,7.513354027047658,182.3420000000101,baseline_0-5
623,1313,Other,cing,248,1.3600816048962183,182.3420000000101,baseline_0-5
624,1315,Motor,MOs6b,245,1.3436290048369899,182.3420000000101,baseline_0-5
625,1316,Motor,MOs6a,112,0.6142304022111954,182.3420000000101,baseline_0-5
626,1317,Motor,MOs6a,226,1.2394292044618764,182.3420000000101,baseline_0-5
627,1318,Motor,MOs6a,1086,5.955841221440698,182.3420000000101,baseline_0-5
628,1321,Motor,MOs6a,1715,9.40540303385893,182.3420000000101,baseline_0-5
629,1326,Motor,MOs6a,274,1.5026708054095317,182.3420000000101,baseline_0-5
630,1329,Motor,MOs6a,317,1.7384914062584726,182.3420000000101,baseline_0-5
631,1333,Motor,MOs6a,234,1.283302804619819,182.3420000000101,baseline_0-5
632,1334,Motor,MOs6a,514,2.8188788101478077,182.3420000000101,baseline_0-5
633,1336,Motor,MOs6a,169,0.926829803336536,182.3420000000101,baseline_0-5
634,1339,Motor,MOs6a,410,2.2485220080945547,182.3420000000101,baseline_0-5
635,1340,Motor,MOs6a,158,0.8665036031193649,182.3420000000101,baseline_0-5
636,1341,Motor,MOs6a,852,4.6725384168208794,182.3420000000101,baseline_0-5
637,1342,Motor,MOs6a,2488,13.644689649120126,182.3420000000101,baseline_0-5
638,1346,Motor,MOs5,61,0.33453620120431177,182.3420000000101,baseline_0-5
639,1352,Motor,MOs5,0,0.0,182.3420000000101,baseline_0-5
640,1355,Motor,MOs5,134,0.7348828026455374,182.3420000000101,baseline_0-5
641,1357,Motor,MOs5,113,0.6197146022309382,182.3420000000101,baseline_0-5
642,1359,Motor,MOs5,388,2.127869607660213,182.3420000000101,baseline_0-5
643,1361,Motor,MOs5,217,1.1900714042841911,182.3420000000101,baseline_0-5
644,1364,Motor,MOs5,470,2.5775740092791235,182.3420000000101,baseline_0-5
645,1366,STR,LSr,304,1.667196806001816,182.3420000000101,baseline_0-5
646,1367,STR,LSr,286,1.5684812056464454,182.3420000000101,baseline_0-5
647,1368,STR,LSr,578,3.1698676114113478,182.3420000000101,baseline_0-5
648,1370,STR,LSr,120,0.6581040023691379,182.3420000000101,baseline_0-5
649,1372,STR,LSr,472,2.588542409318609,182.3420000000101,baseline_0-5
650,1373,STR,LSr,652,3.5756984128723164,182.3420000000101,baseline_0-5
651,1375,STR,LSr,897,4.919327417709306,182.3420000000101,baseline_0-5
652,1376,STR,LSr,220,1.2065240043434196,182.3420000000101,baseline_0-5
653,1377,Other,fa,4,0.021936800078971266,182.3420000000101,baseline_0-5
654,1378,Other,fa,9,0.049357800177685346,182.3420000000101,baseline_0-5
655,1379,Other,fa,408,2.237553608055069,182.3420000000101,baseline_0-5
656,1380,Other,fa,196,1.074903203869592,182.3420000000101,baseline_0-5
657,1381,Other,fa,8,0.04387360015794253,182.3420000000101,baseline_0-5
658,1383,Other,fa,26,0.14258920051331322,182.3420000000101,baseline_0-5
659,1386,Other,fa,23,0.12613660045408479,182.3420000000101,baseline_0-5
660,1387,Other,fa,62,0.3400204012240546,182.3420000000101,baseline_0-5
661,1388,Other,fa,55,0.3016310010858549,182.3420000000101,baseline_0-5
662,1390,Other,fa,677,3.7128034133658865,182.3420000000101,baseline_0-5
663,1394,Motor,MOs6b,179,0.9816718035339641,182.3420000000101,baseline_0-5
664,1395,Motor,MOs6a,96,0.5264832018953104,182.3420000000101,baseline_0-5
665,1396,Motor,MOs6a,13,0.07129460025665661,182.3420000000101,baseline_0-5
666,1400,Motor,MOs6a,106,0.5813252020927385,182.3420000000101,baseline_0-5
667,1407,STR,LSr,30,0.16452600059228448,182.3420000000101,baseline_0-5
668,1409,STR,LSr,105,0.5758410020729957,182.3420000000101,baseline_0-5
669,1410,Other,fa,90,0.49357800177685346,182.3420000000101,baseline_0-5
670,1412,Other,fa,40,0.21936800078971264,182.3420000000101,baseline_0-5
671,1414,Other,fa,113,0.6197146022309382,182.3420000000101,baseline_0-5
672,1415,Other,fa,87,0.477125401717625,182.3420000000101,baseline_0-5
673,1416,Other,fa,1048,5.747441620690472,182.3420000000101,baseline_0-5
674,1417,Other,fa,157,0.8610194030996221,182.3420000000101,baseline_0-5
675,1418,Other,fa,514,2.8188788101478077,182.3420000000101,baseline_0-5
676,1424,Other,fa,44,0.24130480086868392,182.3420000000101,baseline_0-5
677,0,Thalamus,VPM,1911,9.27345737055668,206.0720100000076,baseline_5-10
678,2,Thalamus,VPM,0,0.0,206.0720100000076,baseline_5-10
679,3,Thalamus,VPM,676,3.2804066889044035,206.0720100000076,baseline_5-10
680,8,Thalamus,VPM,459,2.227376731075623,206.0720100000076,baseline_5-10
681,9,Thalamus,VPM,631,3.062036421151891,206.0720100000076,baseline_5-10
682,13,Thalamus,VPM,1620,7.861329639090434,206.0720100000076,baseline_5-10
683,14,Thalamus,VPM,1177,5.711595669882371,206.0720100000076,baseline_5-10
684,20,Thalamus,VPM,1540,7.4731158297526346,206.0720100000076,baseline_5-10
685,25,Thalamus,VPM,77,0.3736557914876317,206.0720100000076,baseline_5-10
686,40,Thalamus,VPM,1388,6.735509592010816,206.0720100000076,baseline_5-10
687,51,Thalamus,VPM,2650,12.859582434314598,206.0720100000076,baseline_5-10
688,54,Thalamus,VPM,1013,4.915757360739883,206.0720100000076,baseline_5-10
689,59,Thalamus,VPM,571,2.770876064148542,206.0720100000076,baseline_5-10
690,62,Thalamus,VPM,1077,5.226328408210122,206.0720100000076,baseline_5-10
691,63,Thalamus,VPM,427,2.0720912073405033,206.0720100000076,baseline_5-10
692,66,Thalamus,VPM,426,2.067238534723781,206.0720100000076,baseline_5-10
693,67,Thalamus,VPM,1524,7.395473067885075,206.0720100000076,baseline_5-10
694,68,Thalamus,VPM,50,0.2426336308361245,206.0720100000076,baseline_5-10
695,70,Thalamus,VPM,524,2.542800451162585,206.0720100000076,baseline_5-10
696,73,Thalamus,VPM,1944,9.43359556690852,206.0720100000076,baseline_5-10
697,76,Thalamus,VPM,834,4.047128962346557,206.0720100000076,baseline_5-10
698,77,Thalamus,VPM,3005,14.582281213251083,206.0720100000076,baseline_5-10
699,80,Thalamus,PO,396,1.9216583562221061,206.0720100000076,baseline_5-10
700,86,Thalamus,PO,401,1.9459217193057186,206.0720100000076,baseline_5-10
701,87,Thalamus,PO,288,1.3975697136160772,206.0720100000076,baseline_5-10
702,88,Thalamus,PO,173,0.8395123626929908,206.0720100000076,baseline_5-10
703,89,Thalamus,PO,6,0.02911603570033494,206.0720100000076,baseline_5-10
704,90,Thalamus,PO,781,3.789937313660265,206.0720100000076,baseline_5-10
705,91,Thalamus,PO,446,2.1642919870582307,206.0720100000076,baseline_5-10
706,93,Thalamus,PO,952,4.6197443311198105,206.0720100000076,baseline_5-10
707,95,Thalamus,PO,778,3.7753792958100973,206.0720100000076,baseline_5-10
708,98,Thalamus,PO,3048,14.79094613577015,206.0720100000076,baseline_5-10
709,99,Thalamus,PO,0,0.0,206.0720100000076,baseline_5-10
710,100,Thalamus,PO,354,1.7178461063197614,206.0720100000076,baseline_5-10
711,103,Thalamus,PO,1602,7.773981531989429,206.0720100000076,baseline_5-10
712,104,Thalamus,PO,1406,6.822857699111821,206.0720100000076,baseline_5-10
713,106,Thalamus,PO,1724,8.366007591229573,206.0720100000076,baseline_5-10
714,108,Thalamus,PO,1066,5.1729490094261745,206.0720100000076,baseline_5-10
715,109,Thalamus,PO,1856,9.006560376636942,206.0720100000076,baseline_5-10
716,111,Thalamus,PO,1,0.0048526726167224905,206.0720100000076,baseline_5-10
717,112,Thalamus,PO,394,1.911953010988661,206.0720100000076,baseline_5-10
718,113,Thalamus,PO,347,1.683877398002704,206.0720100000076,baseline_5-10
719,114,Thalamus,PO,379,1.8391629217378238,206.0720100000076,baseline_5-10
720,115,Thalamus,PO,2471,11.990954035921273,206.0720100000076,baseline_5-10
721,117,Thalamus,PO,114,0.5532046783063639,206.0720100000076,baseline_5-10
722,118,Thalamus,PO,471,2.285608802476293,206.0720100000076,baseline_5-10
723,119,Thalamus,PO,655,3.178500563953231,206.0720100000076,baseline_5-10
724,122,Thalamus,PO,474,2.3001668203264605,206.0720100000076,baseline_5-10
725,123,Thalamus,PO,137,0.6648161484909811,206.0720100000076,baseline_5-10
726,124,Thalamus,PO,417,2.0235644811732785,206.0720100000076,baseline_5-10
727,126,Thalamus,PO,436,2.115765260891006,206.0720100000076,baseline_5-10
728,128,Thalamus,PO,1110,5.386466604561964,206.0720100000076,baseline_5-10
729,130,Thalamus,PO,719,3.4890716114234706,206.0720100000076,baseline_5-10
730,131,Thalamus,PO,27,0.13102216065150724,206.0720100000076,baseline_5-10
731,132,Thalamus,PO,605,2.9358669331171066,206.0720100000076,baseline_5-10
732,133,Thalamus,PO,462,2.2419347489257904,206.0720100000076,baseline_5-10
733,134,Thalamus,PO,1615,7.837066276006822,206.0720100000076,baseline_5-10
734,135,Thalamus,PO,2260,10.967040113792828,206.0720100000076,baseline_5-10
735,138,Thalamus,PO,173,0.8395123626929908,206.0720100000076,baseline_5-10
736,139,Thalamus,PO,223,1.0821459935291153,206.0720100000076,baseline_5-10
737,140,Thalamus,PO,652,3.1639425461030637,206.0720100000076,baseline_5-10
738,141,Thalamus,PO,136,0.6599634758742586,206.0720100000076,baseline_5-10
739,142,Thalamus,PO,1995,9.681081870361368,206.0720100000076,baseline_5-10
740,144,Thalamus,PO,165,0.8006909817592108,206.0720100000076,baseline_5-10
741,145,Thalamus,PO,1744,8.463061043564023,206.0720100000076,baseline_5-10
742,146,Thalamus,PO,1821,8.836716835051654,206.0720100000076,baseline_5-10
743,147,Thalamus,LD,2016,9.78298799531254,206.0720100000076,baseline_5-10
744,148,Thalamus,LD,2058,9.986800245214885,206.0720100000076,baseline_5-10
745,151,Thalamus,LD,1150,5.580573509230864,206.0720100000076,baseline_5-10
746,153,Thalamus,LD,637,3.0911524568522264,206.0720100000076,baseline_5-10
747,155,Thalamus,LD,981,4.760471837004763,206.0720100000076,baseline_5-10
748,156,Thalamus,LD,2559,12.417989226192852,206.0720100000076,baseline_5-10
749,157,Thalamus,LD,1153,5.595131527081031,206.0720100000076,baseline_5-10
750,160,Thalamus,LD,82,0.39791915457124416,206.0720100000076,baseline_5-10
751,161,Thalamus,LD,365,1.771225505103709,206.0720100000076,baseline_5-10
752,162,Thalamus,LD,3712,18.013120753273885,206.0720100000076,baseline_5-10
753,163,Thalamus,LD,244,1.1840521184802877,206.0720100000076,baseline_5-10
754,164,Thalamus,LD,2009,9.749019286995482,206.0720100000076,baseline_5-10
755,165,Thalamus,LD,3214,15.596489790146084,206.0720100000076,baseline_5-10
756,166,Thalamus,LD,32,0.1552855237351197,206.0720100000076,baseline_5-10
757,172,Thalamus,LD,3993,19.376721758572902,206.0720100000076,baseline_5-10
758,173,Thalamus,LD,2655,12.88384579739821,206.0720100000076,baseline_5-10
759,174,Thalamus,LD,2709,13.145890118701226,206.0720100000076,baseline_5-10
760,175,Thalamus,LD,1141,5.536899455680361,206.0720100000076,baseline_5-10
761,176,Thalamus,LD,1844,8.948328305236272,206.0720100000076,baseline_5-10
762,177,Thalamus,LD,4514,21.90496419188532,206.0720100000076,baseline_5-10
763,184,Thalamus,LD,3440,16.693193801525364,206.0720100000076,baseline_5-10
764,188,Thalamus,LD,5651,27.42245295709879,206.0720100000076,baseline_5-10
765,189,Thalamus,LD,1354,6.570518723042252,206.0720100000076,baseline_5-10
766,192,Thalamus,LD,3737,18.134437568691947,206.0720100000076,baseline_5-10
767,194,Thalamus,LD,3451,16.746573200309314,206.0720100000076,baseline_5-10
768,198,Thalamus,LD,3387,16.436002152839073,206.0720100000076,baseline_5-10
769,204,Thalamus,LD,3382,16.41173878975546,206.0720100000076,baseline_5-10
770,206,Thalamus,LD,4702,22.81726664382915,206.0720100000076,baseline_5-10
771,207,Thalamus,LD,3118,15.130633218940725,206.0720100000076,baseline_5-10
772,209,Thalamus,LD,2140,10.384719399786128,206.0720100000076,baseline_5-10
773,210,Thalamus,LD,2017,9.787840667929263,206.0720100000076,baseline_5-10
774,212,Thalamus,LD,2577,12.505337333293857,206.0720100000076,baseline_5-10
775,214,Thalamus,LD,2624,12.733412946279813,206.0720100000076,baseline_5-10
776,221,Thalamus,LD,1823,8.8464221802851,206.0720100000076,baseline_5-10
777,222,Thalamus,LD,2920,14.169804040829671,206.0720100000076,baseline_5-10
778,223,Thalamus,LD,48,0.23292828560267953,206.0720100000076,baseline_5-10
779,225,Thalamus,LD,2117,10.273107929601512,206.0720100000076,baseline_5-10
780,227,Thalamus,LD,267,1.2956635886649048,206.0720100000076,baseline_5-10
781,233,Other,CA3,4112,19.95418979996288,206.0720100000076,baseline_5-10
782,240,Other,CA3,793,3.8481693850609346,206.0720100000076,baseline_5-10
783,243,Other,CA3,248,1.2034628089471775,206.0720100000076,baseline_5-10
784,244,Other,CA3,3985,19.337900377639123,206.0720100000076,baseline_5-10
785,245,Other,CA3,390,1.892542320521771,206.0720100000076,baseline_5-10
786,247,Other,CA3,29,0.14072750588495223,206.0720100000076,baseline_5-10
787,249,Other,CA3,25,0.12131681541806225,206.0720100000076,baseline_5-10
788,250,Other,CA3,160,0.7764276186755984,206.0720100000076,baseline_5-10
789,255,Other,CA3,282,1.3684536779157421,206.0720100000076,baseline_5-10
790,257,Other,CA3,265,1.2859582434314598,206.0720100000076,baseline_5-10
791,258,Other,CA3,1569,7.613843335637587,206.0720100000076,baseline_5-10
792,259,Other,CA3,645,3.129973837786006,206.0720100000076,baseline_5-10
793,261,Other,CA3,1876,9.103613828971392,206.0720100000076,baseline_5-10
794,262,Other,CA3,575,2.790286754615432,206.0720100000076,baseline_5-10
795,266,Other,CA3,21,0.1019061249511723,206.0720100000076,baseline_5-10
796,267,Other,CA3,4194,20.352108954534124,206.0720100000076,baseline_5-10
797,272,Other,CA3,831,4.032570944496389,206.0720100000076,baseline_5-10
798,283,Other,CA3,496,2.406925617894355,206.0720100000076,baseline_5-10
799,285,Other,CA3,1168,5.667921616331869,206.0720100000076,baseline_5-10
800,287,Other,CA3,768,3.7268525696428725,206.0720100000076,baseline_5-10
801,288,Other,CA3,625,3.0329203854515563,206.0720100000076,baseline_5-10
802,293,Other,CA2,243,1.179199445863565,206.0720100000076,baseline_5-10
803,297,Other,CA2,495,2.4020729452776326,206.0720100000076,baseline_5-10
804,298,Other,CA2,10,0.0485267261672249,206.0720100000076,baseline_5-10
805,305,Other,CA1,892,4.328583974116461,206.0720100000076,baseline_5-10
806,307,Other,CA1,273,1.3247796243652399,206.0720100000076,baseline_5-10
807,310,Other,CA1,190,0.9220077971772731,206.0720100000076,baseline_5-10
808,312,Other,CA1,929,4.508132860935193,206.0720100000076,baseline_5-10
809,314,Other,CA1,359,1.7421094694033739,206.0720100000076,baseline_5-10
810,322,Other,alv,407,1.9750377550060534,206.0720100000076,baseline_5-10
811,327,Somatosensory,SSp-ll6b,805,3.9064014564616047,206.0720100000076,baseline_5-10
812,328,Somatosensory,SSp-ll6a,1617,7.846771621240267,206.0720100000076,baseline_5-10
813,329,Somatosensory,SSp-ll6a,1861,9.030823739720555,206.0720100000076,baseline_5-10
814,330,Somatosensory,SSp-ll6a,44,0.21351759513578955,206.0720100000076,baseline_5-10
815,331,Somatosensory,SSp-ll6a,685,3.324080742454906,206.0720100000076,baseline_5-10
816,332,Somatosensory,SSp-ll6a,845,4.100508361130504,206.0720100000076,baseline_5-10
817,333,Somatosensory,SSp-ll6a,424,2.0575331894903357,206.0720100000076,baseline_5-10
818,334,Somatosensory,SSp-ll6a,964,4.67797640252048,206.0720100000076,baseline_5-10
819,338,Somatosensory,SSp-ll6a,16,0.07764276186755985,206.0720100000076,baseline_5-10
820,341,Somatosensory,SSp-ll6a,196,0.951123832877608,206.0720100000076,baseline_5-10
821,342,Somatosensory,SSp-ll6a,68,0.3299817379371293,206.0720100000076,baseline_5-10
822,343,Somatosensory,SSp-ll6a,12,0.05823207140066988,206.0720100000076,baseline_5-10
823,344,Somatosensory,SSp-ll6a,625,3.0329203854515563,206.0720100000076,baseline_5-10
824,345,Somatosensory,SSp-ll6a,637,3.0911524568522264,206.0720100000076,baseline_5-10
825,346,Somatosensory,SSp-ll6a,217,1.0530299578287803,206.0720100000076,baseline_5-10
826,347,Somatosensory,SSp-ll6a,499,2.4214836357445226,206.0720100000076,baseline_5-10
827,348,Somatosensory,SSp-ll6a,154,0.7473115829752635,206.0720100000076,baseline_5-10
828,349,Somatosensory,SSp-ll6a,327,1.5868239456682542,206.0720100000076,baseline_5-10
829,350,Somatosensory,SSp-ll6a,14,0.06793741663411486,206.0720100000076,baseline_5-10
830,353,Somatosensory,SSp-ll6a,561,2.722349337981317,206.0720100000076,baseline_5-10
831,356,Somatosensory,SSp-ll6a,109,0.5289413152227515,206.0720100000076,baseline_5-10
832,357,Somatosensory,SSp-ll6a,5,0.02426336308361245,206.0720100000076,baseline_5-10
833,358,Somatosensory,SSp-ll6a,93,0.4512985533551916,206.0720100000076,baseline_5-10
834,359,Somatosensory,SSp-ll6a,858,4.163593105147896,206.0720100000076,baseline_5-10
835,365,Somatosensory,SSp-ll5,156,0.7570169282087085,206.0720100000076,baseline_5-10
836,370,Somatosensory,SSp-ll5,1273,6.17745224108773,206.0720100000076,baseline_5-10
837,371,Somatosensory,SSp-ll5,987,4.789587872705098,206.0720100000076,baseline_5-10
838,372,Somatosensory,SSp-ll5,119,0.5774680413899763,206.0720100000076,baseline_5-10
839,375,Somatosensory,SSp-ll5,296,1.436391094549857,206.0720100000076,baseline_5-10
840,376,Somatosensory,SSp-ll5,855,4.149035087297729,206.0720100000076,baseline_5-10
841,377,Somatosensory,SSp-ll5,362,1.7566674872535415,206.0720100000076,baseline_5-10
842,378,Somatosensory,SSp-tr5,1011,4.906052015506438,206.0720100000076,baseline_5-10
843,380,Somatosensory,SSp-tr5,1175,5.701890324648926,206.0720100000076,baseline_5-10
844,381,Somatosensory,SSp-tr5,916,4.445048116917801,206.0720100000076,baseline_5-10
845,382,Somatosensory,SSp-tr5,1426,6.919911151446271,206.0720100000076,baseline_5-10
846,386,Somatosensory,SSp-tr5,2362,11.462012720698521,206.0720100000076,baseline_5-10
847,388,Somatosensory,SSp-tr5,1460,7.084902020414836,206.0720100000076,baseline_5-10
848,389,Somatosensory,SSp-tr5,1706,8.278659484128568,206.0720100000076,baseline_5-10
849,392,Somatosensory,SSp-tr5,14,0.06793741663411486,206.0720100000076,baseline_5-10
850,394,Somatosensory,SSp-tr5,781,3.789937313660265,206.0720100000076,baseline_5-10
851,395,Somatosensory,SSp-tr5,828,4.018012926646222,206.0720100000076,baseline_5-10
852,396,Somatosensory,SSp-tr5,804,3.901548783844882,206.0720100000076,baseline_5-10
853,397,Somatosensory,SSp-tr5,272,1.3199269517485173,206.0720100000076,baseline_5-10
854,398,Somatosensory,SSp-tr5,167,0.8103963269926558,206.0720100000076,baseline_5-10
855,400,Somatosensory,SSp-tr5,544,2.6398539034970345,206.0720100000076,baseline_5-10
856,401,Somatosensory,SSp-tr5,1673,8.118521287776726,206.0720100000076,baseline_5-10
857,402,Somatosensory,SSp-tr5,1003,4.867230634572658,206.0720100000076,baseline_5-10
858,403,Somatosensory,SSp-tr5,1375,6.672424847993424,206.0720100000076,baseline_5-10
859,404,Somatosensory,SSp-tr5,965,4.682829075137203,206.0720100000076,baseline_5-10
860,406,Somatosensory,SSp-tr5,39,0.18925423205217712,206.0720100000076,baseline_5-10
861,407,Somatosensory,SSp-tr5,1417,6.8762370978957685,206.0720100000076,baseline_5-10
862,408,Somatosensory,SSp-tr5,211,1.0239139221284455,206.0720100000076,baseline_5-10
863,410,Somatosensory,SSp-tr5,554,2.6883806296642594,206.0720100000076,baseline_5-10
864,413,Somatosensory,SSp-tr5,723,3.50848230189036,206.0720100000076,baseline_5-10
865,416,Somatosensory,SSp-tr5,515,2.4991263976120823,206.0720100000076,baseline_5-10
866,418,Somatosensory,SSp-tr5,52,0.2523389760695695,206.0720100000076,baseline_5-10
867,425,Somatosensory,SSp-tr4,180,0.8734810710100482,206.0720100000076,baseline_5-10
868,430,Somatosensory,SSp-tr4,1,0.0048526726167224905,206.0720100000076,baseline_5-10
869,436,Somatosensory,SSp-tr4,5473,26.55867723132219,206.0720100000076,baseline_5-10
870,438,Somatosensory,SSp-tr4,409,1.9847431002394984,206.0720100000076,baseline_5-10
871,439,Somatosensory,SSp-tr4,10,0.0485267261672249,206.0720100000076,baseline_5-10
872,445,Somatosensory,SSp-tr2/3,2,0.009705345233444981,206.0720100000076,baseline_5-10
873,449,Somatosensory,SSp-tr2/3,43,0.20866492251906707,206.0720100000076,baseline_5-10
874,472,Thalamus,PO,739,3.5861250637579203,206.0720100000076,baseline_5-10
875,473,Thalamus,PO,22,0.10675879756789478,206.0720100000076,baseline_5-10
876,475,Thalamus,PO,1014,4.9206100333566045,206.0720100000076,baseline_5-10
877,476,Thalamus,PO,9,0.04367405355050241,206.0720100000076,baseline_5-10
878,480,Thalamus,PO,136,0.6599634758742586,206.0720100000076,baseline_5-10
879,481,Thalamus,PO,228,1.1064093566127278,206.0720100000076,baseline_5-10
880,482,Thalamus,PO,87,0.42218251765485665,206.0720100000076,baseline_5-10
881,483,Thalamus,PO,135,0.6551108032575361,206.0720100000076,baseline_5-10
882,485,Thalamus,LD,2248,10.908808042392158,206.0720100000076,baseline_5-10
883,486,Thalamus,LD,1260,6.114367497070337,206.0720100000076,baseline_5-10
884,487,Thalamus,LD,1206,5.852323175767323,206.0720100000076,baseline_5-10
885,488,Thalamus,LD,1287,6.245389657721844,206.0720100000076,baseline_5-10
886,489,Thalamus,LD,1898,9.210372626539286,206.0720100000076,baseline_5-10
887,490,Thalamus,LD,1504,7.298419615550625,206.0720100000076,baseline_5-10
888,494,Thalamus,LD,3969,19.260257615771565,206.0720100000076,baseline_5-10
889,496,Thalamus,LD,1780,8.637757257766033,206.0720100000076,baseline_5-10
890,497,Other,CA3,37,0.17954888681873213,206.0720100000076,baseline_5-10
891,501,Other,CA3,2230,10.821459935291154,206.0720100000076,baseline_5-10
892,504,Other,CA3,27,0.13102216065150724,206.0720100000076,baseline_5-10
893,507,Other,CA3,3,0.01455801785016747,206.0720100000076,baseline_5-10
894,509,Other,CA2,1,0.0048526726167224905,206.0720100000076,baseline_5-10
895,514,Other,CA1,101,0.4901199342889715,206.0720100000076,baseline_5-10
896,515,Other,CA1,836,4.056834307580002,206.0720100000076,baseline_5-10
897,516,Other,CA1,654,3.1736478913365085,206.0720100000076,baseline_5-10
898,518,Somatosensory,SSp-ll6a,92,0.4464458807384691,206.0720100000076,baseline_5-10
899,519,Somatosensory,SSp-ll6a,40,0.1941069046688996,206.0720100000076,baseline_5-10
900,520,Somatosensory,SSp-ll6a,446,2.1642919870582307,206.0720100000076,baseline_5-10
901,521,Somatosensory,SSp-ll5,35,0.16984354158528717,206.0720100000076,baseline_5-10
902,522,Somatosensory,SSp-ll5,29,0.14072750588495223,206.0720100000076,baseline_5-10
903,523,Somatosensory,SSp-tr5,194,0.941418487644163,206.0720100000076,baseline_5-10
904,525,Somatosensory,SSp-tr5,297,1.4412437671665796,206.0720100000076,baseline_5-10
905,527,Somatosensory,SSp-tr5,309,1.4994758385672495,206.0720100000076,baseline_5-10
906,531,Somatosensory,SSp-tr5,19,0.09220077971772732,206.0720100000076,baseline_5-10
907,534,Somatosensory,SSp-tr2/3,62,0.3008657022367944,206.0720100000076,baseline_5-10
908,538,Somatosensory,SSp-tr2/3,644,3.1251211651692836,206.0720100000076,baseline_5-10
909,544,Somatosensory,SSp-tr5,236,1.1452307375465076,206.0720100000076,baseline_5-10
910,546,Somatosensory,SSp-tr2/3,8,0.038821380933779924,206.0720100000076,baseline_5-10
911,547,Somatosensory,SSp-tr4,7,0.03396870831705743,206.0720100000076,baseline_5-10
912,549,Thalamus,VPM,212,1.0287665947451679,206.0720100000076,baseline_5-10
913,551,Thalamus,PO,1428,6.929616496679716,206.0720100000076,baseline_5-10
914,554,Other,CA3,353,1.712993433703039,206.0720100000076,baseline_5-10
915,557,Somatosensory,SSp-ll6a,98,0.475561916438804,206.0720100000076,baseline_5-10
916,558,Somatosensory,SSp-tr5,124,0.6017314044735887,206.0720100000076,baseline_5-10
917,560,Somatosensory,SSp-tr5,25,0.12131681541806225,206.0720100000076,baseline_5-10
918,561,Somatosensory,SSp-tr4,22,0.10675879756789478,206.0720100000076,baseline_5-10
919,563,Somatosensory,SSp-tr4,23,0.11161147018461727,206.0720100000076,baseline_5-10
920,565,Somatosensory,SSp-tr4,14,0.06793741663411486,206.0720100000076,baseline_5-10
921,567,STR,CP,178,0.8637757257766032,206.0720100000076,baseline_5-10
922,571,STR,CP,511,2.4797157071451923,206.0720100000076,baseline_5-10
923,572,STR,CP,525,2.547653123779307,206.0720100000076,baseline_5-10
924,573,STR,CP,5,0.02426336308361245,206.0720100000076,baseline_5-10
925,575,STR,CP,13,0.06308474401739238,206.0720100000076,baseline_5-10
926,576,STR,CP,314,1.523739201650862,206.0720100000076,baseline_5-10
927,577,STR,CP,615,2.9843936592843314,206.0720100000076,baseline_5-10
928,578,STR,CP,1085,5.265149789143901,206.0720100000076,baseline_5-10
929,579,STR,CP,1,0.0048526726167224905,206.0720100000076,baseline_5-10
930,580,STR,CP,1,0.0048526726167224905,206.0720100000076,baseline_5-10
931,581,STR,CP,0,0.0,206.0720100000076,baseline_5-10
932,582,STR,CP,19,0.09220077971772732,206.0720100000076,baseline_5-10
933,584,STR,CP,258,1.2519895351144024,206.0720100000076,baseline_5-10
934,585,STR,CP,111,0.5386466604561964,206.0720100000076,baseline_5-10
935,589,STR,CP,2567,12.456810607126632,206.0720100000076,baseline_5-10
936,592,STR,CP,7,0.03396870831705743,206.0720100000076,baseline_5-10
937,593,STR,CP,8,0.038821380933779924,206.0720100000076,baseline_5-10
938,596,STR,CP,107,0.5192359699893064,206.0720100000076,baseline_5-10
939,599,STR,CP,1119,5.4301406581124665,206.0720100000076,baseline_5-10
940,600,STR,CP,84,0.4076244998046892,206.0720100000076,baseline_5-10
941,603,STR,CP,2,0.009705345233444981,206.0720100000076,baseline_5-10
942,605,STR,CP,331,1.6062346361351443,206.0720100000076,baseline_5-10
943,606,STR,CP,1,0.0048526726167224905,206.0720100000076,baseline_5-10
944,608,STR,CP,173,0.8395123626929908,206.0720100000076,baseline_5-10
945,615,STR,CP,193,0.9365658150274406,206.0720100000076,baseline_5-10
946,619,STR,CP,10,0.0485267261672249,206.0720100000076,baseline_5-10
947,626,STR,CP,204,0.989945213811388,206.0720100000076,baseline_5-10
948,629,STR,CP,227,1.1015566839960051,206.0720100000076,baseline_5-10
949,630,STR,CP,163,0.7909856365257659,206.0720100000076,baseline_5-10
950,631,STR,CP,944,4.5809229501860305,206.0720100000076,baseline_5-10
951,634,STR,CP,213,1.0336192673618905,206.0720100000076,baseline_5-10
952,635,STR,CP,266,1.2908109160481824,206.0720100000076,baseline_5-10
953,636,STR,CP,684,3.319228069838183,206.0720100000076,baseline_5-10
954,638,STR,CP,1029,4.993400122607443,206.0720100000076,baseline_5-10
955,639,STR,CP,99,0.48041458905552653,206.0720100000076,baseline_5-10
956,641,STR,CP,20,0.0970534523344498,206.0720100000076,baseline_5-10
957,642,STR,CP,33,0.16013819635184218,206.0720100000076,baseline_5-10
958,643,STR,CP,461,2.237082076309068,206.0720100000076,baseline_5-10
959,644,STR,CP,329,1.5965292909016993,206.0720100000076,baseline_5-10
960,645,STR,CP,6,0.02911603570033494,206.0720100000076,baseline_5-10
961,647,STR,CP,1079,5.236033753443567,206.0720100000076,baseline_5-10
962,649,STR,CP,22,0.10675879756789478,206.0720100000076,baseline_5-10
963,652,STR,CP,8,0.038821380933779924,206.0720100000076,baseline_5-10
964,657,STR,CP,0,0.0,206.0720100000076,baseline_5-10
965,659,STR,CP,230,1.1161147018461728,206.0720100000076,baseline_5-10
966,660,STR,CP,1,0.0048526726167224905,206.0720100000076,baseline_5-10
967,661,STR,CP,31,0.1504328511183972,206.0720100000076,baseline_5-10
968,662,STR,CP,1,0.0048526726167224905,206.0720100000076,baseline_5-10
969,665,STR,CP,6,0.02911603570033494,206.0720100000076,baseline_5-10
970,671,STR,CP,575,2.790286754615432,206.0720100000076,baseline_5-10
971,674,STR,CP,19,0.09220077971772732,206.0720100000076,baseline_5-10
972,683,STR,CP,563,2.732054683214762,206.0720100000076,baseline_5-10
973,686,STR,CP,22,0.10675879756789478,206.0720100000076,baseline_5-10
974,687,STR,CP,1300,6.308474401739237,206.0720100000076,baseline_5-10
975,688,STR,CP,332,1.6110873087518667,206.0720100000076,baseline_5-10
976,689,STR,CP,1148,5.570868163997418,206.0720100000076,baseline_5-10
977,690,STR,CP,1192,5.784385759133208,206.0720100000076,baseline_5-10
978,691,STR,CP,447,2.169144659674953,206.0720100000076,baseline_5-10
979,693,STR,CP,2462,11.947279982370771,206.0720100000076,baseline_5-10
980,696,STR,CP,487,2.3632515643438525,206.0720100000076,baseline_5-10
981,699,STR,CP,1489,7.225629526299787,206.0720100000076,baseline_5-10
982,701,STR,CP,101,0.4901199342889715,206.0720100000076,baseline_5-10
983,702,STR,CP,375,1.8197522312709338,206.0720100000076,baseline_5-10
984,705,STR,CP,170,0.8249543448428233,206.0720100000076,baseline_5-10
985,706,STR,CP,1107,5.371908586711797,206.0720100000076,baseline_5-10
986,709,STR,CP,226,1.0967040113792828,206.0720100000076,baseline_5-10
987,710,STR,CP,18,0.08734810710100482,206.0720100000076,baseline_5-10
988,714,STR,CP,66,0.32027639270368435,206.0720100000076,baseline_5-10
989,716,STR,CP,430,2.0866492251906705,206.0720100000076,baseline_5-10
990,719,STR,CP,221,1.0724406482956703,206.0720100000076,baseline_5-10
991,722,STR,CP,1027,4.983694777373997,206.0720100000076,baseline_5-10
992,724,STR,CP,381,1.8488682669712688,206.0720100000076,baseline_5-10
993,725,STR,CP,114,0.5532046783063639,206.0720100000076,baseline_5-10
994,726,STR,CP,108,0.5240886426060289,206.0720100000076,baseline_5-10
995,727,STR,CP,1,0.0048526726167224905,206.0720100000076,baseline_5-10
996,728,STR,CP,550,2.6689699391973694,206.0720100000076,baseline_5-10
997,729,STR,CP,65,0.31542372008696185,206.0720100000076,baseline_5-10
998,730,STR,CP,21,0.1019061249511723,206.0720100000076,baseline_5-10
999,733,STR,CP,557,2.702938647514427,206.0720100000076,baseline_5-10
1000,736,STR,CP,1012,4.91090468812316,206.0720100000076,baseline_5-10
1001,737,STR,CP,9,0.04367405355050241,206.0720100000076,baseline_5-10
1002,739,STR,CP,13,0.06308474401739238,206.0720100000076,baseline_5-10
1003,742,STR,CP,13,0.06308474401739238,206.0720100000076,baseline_5-10
1004,743,STR,CP,3882,18.838075098116708,206.0720100000076,baseline_5-10
1005,744,STR,CP,2742,13.306028315053068,206.0720100000076,baseline_5-10
1006,746,STR,CP,179,0.8686283983933257,206.0720100000076,baseline_5-10
1007,747,STR,CP,400,1.941069046688996,206.0720100000076,baseline_5-10
1008,748,STR,CP,5021,24.36526920856362,206.0720100000076,baseline_5-10
1009,749,STR,CP,610,2.960130296200719,206.0720100000076,baseline_5-10
1010,750,STR,CP,417,2.0235644811732785,206.0720100000076,baseline_5-10
1011,751,STR,CP,1582,7.67692807965498,206.0720100000076,baseline_5-10
1012,753,STR,CP,987,4.789587872705098,206.0720100000076,baseline_5-10
1013,754,STR,CP,835,4.051981634963279,206.0720100000076,baseline_5-10
1014,755,STR,CP,3182,15.441204266410963,206.0720100000076,baseline_5-10
1015,757,Other,ccb,420,2.0381224990234457,206.0720100000076,baseline_5-10
1016,759,Other,ccb,7,0.03396870831705743,206.0720100000076,baseline_5-10
1017,760,Other,ccb,138,0.6696688211077036,206.0720100000076,baseline_5-10
1018,763,Other,ccb,2840,13.781590231491872,206.0720100000076,baseline_5-10
1019,766,Other,ccb,0,0.0,206.0720100000076,baseline_5-10
1020,767,Other,ccb,183,0.8880390888602157,206.0720100000076,baseline_5-10
1021,768,Other,ccb,420,2.0381224990234457,206.0720100000076,baseline_5-10
1022,770,Other,ccb,128,0.6211420949404788,206.0720100000076,baseline_5-10
1023,771,Other,ccb,6376,30.940640604222597,206.0720100000076,baseline_5-10
1024,775,Other,ccb,1052,5.105011592792059,206.0720100000076,baseline_5-10
1025,777,Other,ccb,3137,15.222833998658452,206.0720100000076,baseline_5-10
1026,780,Other,ccb,147,0.713342874658206,206.0720100000076,baseline_5-10
1027,781,Other,ccb,145,0.7036375294247611,206.0720100000076,baseline_5-10
1028,782,Other,ccb,312,1.514033856417417,206.0720100000076,baseline_5-10
1029,783,Other,ccb,146,0.7084902020414836,206.0720100000076,baseline_5-10
1030,785,Other,ccb,157,0.761869600825431,206.0720100000076,baseline_5-10
1031,786,Other,ccb,269,1.3053689338983498,206.0720100000076,baseline_5-10
1032,787,Other,scwm,135,0.6551108032575361,206.0720100000076,baseline_5-10
1033,789,Other,ccb,870,4.221825176548567,206.0720100000076,baseline_5-10
1034,791,Other,scwm,19,0.09220077971772732,206.0720100000076,baseline_5-10
1035,793,Other,scwm,27,0.13102216065150724,206.0720100000076,baseline_5-10
1036,796,Other,scwm,193,0.9365658150274406,206.0720100000076,baseline_5-10
1037,798,Other,scwm,122,0.5920260592401438,206.0720100000076,baseline_5-10
1038,799,Other,scwm,42,0.2038122499023446,206.0720100000076,baseline_5-10
1039,803,Somatosensory,SSp-ul6b,48,0.23292828560267953,206.0720100000076,baseline_5-10
1040,805,Somatosensory,SSp-ul6b,60,0.2911603570033494,206.0720100000076,baseline_5-10
1041,807,Somatosensory,SSp-ul6a,110,0.533793987839474,206.0720100000076,baseline_5-10
1042,810,Somatosensory,SSp-ul6b,243,1.179199445863565,206.0720100000076,baseline_5-10
1043,811,Somatosensory,SSp-ul6a,15,0.07279008925083735,206.0720100000076,baseline_5-10
1044,820,Somatosensory,SSp-ul6a,129,0.6259947675572012,206.0720100000076,baseline_5-10
1045,824,Somatosensory,SSp-ul6a,72,0.3493924284040193,206.0720100000076,baseline_5-10
1046,825,Somatosensory,SSp-ul6a,53,0.25719164868629196,206.0720100000076,baseline_5-10
1047,830,Somatosensory,SSp-ul6a,125,0.6065840770903113,206.0720100000076,baseline_5-10
1048,832,Somatosensory,SSp-ul6a,23,0.11161147018461727,206.0720100000076,baseline_5-10
1049,835,Somatosensory,SSp-ul6a,3,0.01455801785016747,206.0720100000076,baseline_5-10
1050,837,Somatosensory,SSp-ul6a,101,0.4901199342889715,206.0720100000076,baseline_5-10
1051,839,Somatosensory,SSp-ul6a,423,2.0526805168736133,206.0720100000076,baseline_5-10
1052,841,Somatosensory,SSp-ul6a,564,2.7369073558314843,206.0720100000076,baseline_5-10
1053,842,Somatosensory,SSp-ul6a,255,1.237431517264235,206.0720100000076,baseline_5-10
1054,843,Somatosensory,SSp-ul6a,173,0.8395123626929908,206.0720100000076,baseline_5-10
1055,845,Somatosensory,SSp-ul6a,112,0.5434993330729189,206.0720100000076,baseline_5-10
1056,847,Somatosensory,SSp-ul6a,369,1.790636195570599,206.0720100000076,baseline_5-10
1057,849,Somatosensory,SSp-ul6a,46,0.22322294036923454,206.0720100000076,baseline_5-10
1058,851,Somatosensory,SSp-ul6a,3092,15.00446373090594,206.0720100000076,baseline_5-10
1059,852,Somatosensory,SSp-ul6a,1965,9.535501691859693,206.0720100000076,baseline_5-10
1060,854,Somatosensory,SSp-ul6a,692,3.358049450771963,206.0720100000076,baseline_5-10
1061,855,Somatosensory,SSp-ul6a,3002,14.567723195400916,206.0720100000076,baseline_5-10
1062,856,Somatosensory,SSp-ul6a,6497,31.527813990846017,206.0720100000076,baseline_5-10
1063,857,Somatosensory,SSp-ul6a,787,3.8190533493606,206.0720100000076,baseline_5-10
1064,860,Somatosensory,SSp-ul6a,981,4.760471837004763,206.0720100000076,baseline_5-10
1065,861,Somatosensory,SSp-ul6a,190,0.9220077971772731,206.0720100000076,baseline_5-10
1066,862,Somatosensory,SSp-ul6a,753,3.654062480392035,206.0720100000076,baseline_5-10
1067,863,Somatosensory,SSp-ul6a,838,4.0665396528134465,206.0720100000076,baseline_5-10
1068,865,Somatosensory,SSp-ul6a,857,4.158740432531174,206.0720100000076,baseline_5-10
1069,867,Somatosensory,SSp-ul6a,657,3.188205909186676,206.0720100000076,baseline_5-10
1070,868,Somatosensory,SSp-ul6a,1027,4.983694777373997,206.0720100000076,baseline_5-10
1071,869,Somatosensory,SSp-ul6a,3698,17.94518333663977,206.0720100000076,baseline_5-10
1072,870,Somatosensory,SSp-ul6a,360,1.7469621420200965,206.0720100000076,baseline_5-10
1073,874,Somatosensory,SSp-ul6a,161,0.7812802912923209,206.0720100000076,baseline_5-10
1074,875,Somatosensory,SSp-ul6a,2804,13.606894017289862,206.0720100000076,baseline_5-10
1075,876,Somatosensory,SSp-ul6a,291,1.4121277314662446,206.0720100000076,baseline_5-10
1076,877,Somatosensory,SSp-ul6a,509,2.4700103619117475,206.0720100000076,baseline_5-10
1077,878,Somatosensory,SSp-ul6a,1169,5.672774288948591,206.0720100000076,baseline_5-10
1078,879,Somatosensory,SSp-ul6a,1149,5.575720836614141,206.0720100000076,baseline_5-10
1079,882,Somatosensory,SSp-ul6a,771,3.7414105874930397,206.0720100000076,baseline_5-10
1080,884,Somatosensory,SSp-ul6a,512,2.484568379761915,206.0720100000076,baseline_5-10
1081,886,Somatosensory,SSp-ul6a,406,1.970185082389331,206.0720100000076,baseline_5-10
1082,887,Somatosensory,SSp-ul6a,458,2.2225240584589003,206.0720100000076,baseline_5-10
1083,888,Somatosensory,SSp-ul6a,2823,13.69909479700759,206.0720100000076,baseline_5-10
1084,893,Somatosensory,SSp-ul6a,174,0.8443650353097133,206.0720100000076,baseline_5-10
1085,894,Somatosensory,SSp-ul6a,489,2.3729569095772978,206.0720100000076,baseline_5-10
1086,899,Somatosensory,SSp-ul5,608,2.950424950967274,206.0720100000076,baseline_5-10
1087,900,Somatosensory,SSp-ul5,182,0.8831864162434931,206.0720100000076,baseline_5-10
1088,901,Somatosensory,SSp-ul5,344,1.6693193801525366,206.0720100000076,baseline_5-10
1089,902,Somatosensory,SSp-ul5,755,3.66376782562548,206.0720100000076,baseline_5-10
1090,906,Somatosensory,SSp-ul5,460,2.2322294036923456,206.0720100000076,baseline_5-10
1091,909,Somatosensory,SSp-ul5,479,2.324430183410073,206.0720100000076,baseline_5-10
1092,910,Somatosensory,SSp-ul5,81,0.3930664819545217,206.0720100000076,baseline_5-10
1093,914,Somatosensory,SSp-ul5,11,0.05337939878394739,206.0720100000076,baseline_5-10
1094,915,Somatosensory,SSp-ul5,29,0.14072750588495223,206.0720100000076,baseline_5-10
1095,916,Somatosensory,SSp-ll5,462,2.2419347489257904,206.0720100000076,baseline_5-10
1096,917,Somatosensory,SSp-ll5,285,1.3830116957659098,206.0720100000076,baseline_5-10
1097,918,Somatosensory,SSp-ll5,2,0.009705345233444981,206.0720100000076,baseline_5-10
1098,924,Somatosensory,SSp-ll5,101,0.4901199342889715,206.0720100000076,baseline_5-10
1099,925,Somatosensory,SSp-ll5,114,0.5532046783063639,206.0720100000076,baseline_5-10
1100,934,Somatosensory,SSp-ll5,396,1.9216583562221061,206.0720100000076,baseline_5-10
1101,938,Somatosensory,SSp-ll5,3,0.01455801785016747,206.0720100000076,baseline_5-10
1102,939,Somatosensory,SSp-ll5,3727,18.085910842524722,206.0720100000076,baseline_5-10
1103,940,Somatosensory,SSp-ll5,4595,22.298030673839843,206.0720100000076,baseline_5-10
1104,949,Somatosensory,SSp-ll5,290,1.4072750588495222,206.0720100000076,baseline_5-10
1105,950,Somatosensory,SSp-ll5,329,1.5965292909016993,206.0720100000076,baseline_5-10
1106,953,Somatosensory,SSp-ll5,134,0.6502581306408137,206.0720100000076,baseline_5-10
1107,960,Somatosensory,SSp-ll5,17,0.08249543448428233,206.0720100000076,baseline_5-10
1108,966,Somatosensory,SSp-ll5,208,1.009355904278278,206.0720100000076,baseline_5-10
1109,968,Somatosensory,SSp-ll5,121,0.5871733866234213,206.0720100000076,baseline_5-10
1110,970,Somatosensory,SSp-ll4,47,0.22807561298595702,206.0720100000076,baseline_5-10
1111,973,Somatosensory,SSp-ll4,58,0.28145501176990445,206.0720100000076,baseline_5-10
1112,975,Somatosensory,SSp-ll4,485,2.3535462191104077,206.0720100000076,baseline_5-10
1113,977,Somatosensory,SSp-ll4,84,0.4076244998046892,206.0720100000076,baseline_5-10
1114,983,STR,CP,191,0.9268604697939956,206.0720100000076,baseline_5-10
1115,985,STR,CP,162,0.7861329639090434,206.0720100000076,baseline_5-10
1116,986,STR,CP,4,0.019410690466889962,206.0720100000076,baseline_5-10
1117,988,STR,CP,1,0.0048526726167224905,206.0720100000076,baseline_5-10
1118,990,STR,CP,83,0.40277182718796667,206.0720100000076,baseline_5-10
1119,992,STR,CP,2,0.009705345233444981,206.0720100000076,baseline_5-10
1120,996,STR,CP,13,0.06308474401739238,206.0720100000076,baseline_5-10
1121,999,STR,CP,10,0.0485267261672249,206.0720100000076,baseline_5-10
1122,1001,STR,CP,8,0.038821380933779924,206.0720100000076,baseline_5-10
1123,1002,STR,CP,12,0.05823207140066988,206.0720100000076,baseline_5-10
1124,1003,STR,CP,7,0.03396870831705743,206.0720100000076,baseline_5-10
1125,1004,STR,CP,16,0.07764276186755985,206.0720100000076,baseline_5-10
1126,1005,STR,CP,2,0.009705345233444981,206.0720100000076,baseline_5-10
1127,1008,STR,CP,31,0.1504328511183972,206.0720100000076,baseline_5-10
1128,1010,STR,CP,3,0.01455801785016747,206.0720100000076,baseline_5-10
1129,1012,STR,CP,0,0.0,206.0720100000076,baseline_5-10
1130,1013,STR,CP,60,0.2911603570033494,206.0720100000076,baseline_5-10
1131,1018,STR,CP,29,0.14072750588495223,206.0720100000076,baseline_5-10
1132,1020,STR,CP,84,0.4076244998046892,206.0720100000076,baseline_5-10
1133,1026,STR,CP,23,0.11161147018461727,206.0720100000076,baseline_5-10
1134,1027,STR,CP,5,0.02426336308361245,206.0720100000076,baseline_5-10
1135,1029,STR,CP,687,3.3337860876883507,206.0720100000076,baseline_5-10
1136,1030,STR,CP,8,0.038821380933779924,206.0720100000076,baseline_5-10
1137,1031,STR,CP,26,0.12616948803478475,206.0720100000076,baseline_5-10
1138,1033,STR,CP,161,0.7812802912923209,206.0720100000076,baseline_5-10
1139,1034,STR,CP,42,0.2038122499023446,206.0720100000076,baseline_5-10
1140,1037,STR,CP,22,0.10675879756789478,206.0720100000076,baseline_5-10
1141,1038,STR,CP,1,0.0048526726167224905,206.0720100000076,baseline_5-10
1142,1041,STR,CP,29,0.14072750588495223,206.0720100000076,baseline_5-10
1143,1042,STR,CP,46,0.22322294036923454,206.0720100000076,baseline_5-10
1144,1043,STR,CP,16,0.07764276186755985,206.0720100000076,baseline_5-10
1145,1045,STR,CP,9,0.04367405355050241,206.0720100000076,baseline_5-10
1146,1052,STR,CP,230,1.1161147018461728,206.0720100000076,baseline_5-10
1147,1054,STR,CP,429,2.081796552573948,206.0720100000076,baseline_5-10
1148,1057,STR,CP,656,3.1833532365699533,206.0720100000076,baseline_5-10
1149,1060,STR,CP,42,0.2038122499023446,206.0720100000076,baseline_5-10
1150,1061,STR,CP,1376,6.677277520610146,206.0720100000076,baseline_5-10
1151,1063,STR,CP,0,0.0,206.0720100000076,baseline_5-10
1152,1065,STR,CP,588,2.853371498632824,206.0720100000076,baseline_5-10
1153,1067,STR,CP,0,0.0,206.0720100000076,baseline_5-10
1154,1068,STR,CP,243,1.179199445863565,206.0720100000076,baseline_5-10
1155,1069,STR,CP,104,0.504677952139139,206.0720100000076,baseline_5-10
1156,1070,STR,CP,375,1.8197522312709338,206.0720100000076,baseline_5-10
1157,1071,STR,CP,549,2.664117266580647,206.0720100000076,baseline_5-10
1158,1072,Other,ccb,398,1.9313637014555511,206.0720100000076,baseline_5-10
1159,1073,Other,ccb,0,0.0,206.0720100000076,baseline_5-10
1160,1074,Other,ccb,0,0.0,206.0720100000076,baseline_5-10
1161,1075,Other,ccb,2,0.009705345233444981,206.0720100000076,baseline_5-10
1162,1076,Other,ccb,26,0.12616948803478475,206.0720100000076,baseline_5-10
1163,1077,Other,ccb,40,0.1941069046688996,206.0720100000076,baseline_5-10
1164,1078,Other,ccb,801,3.8869907659947147,206.0720100000076,baseline_5-10
1165,1079,Other,ccb,28,0.13587483326822972,206.0720100000076,baseline_5-10
1166,1080,Other,ccb,1,0.0048526726167224905,206.0720100000076,baseline_5-10
1167,1082,Other,scwm,175,0.8492177079264358,206.0720100000076,baseline_5-10
1168,1083,Other,scwm,145,0.7036375294247611,206.0720100000076,baseline_5-10
1169,1085,Other,scwm,2,0.009705345233444981,206.0720100000076,baseline_5-10
1170,1086,Other,scwm,11,0.05337939878394739,206.0720100000076,baseline_5-10
1171,1090,Somatosensory,SSp-ul6a,52,0.2523389760695695,206.0720100000076,baseline_5-10
1172,1091,Somatosensory,SSp-ul6a,178,0.8637757257766032,206.0720100000076,baseline_5-10
1173,1092,Somatosensory,SSp-ul6a,189,0.9171551245605506,206.0720100000076,baseline_5-10
1174,1093,Somatosensory,SSp-ul6a,81,0.3930664819545217,206.0720100000076,baseline_5-10
1175,1094,Somatosensory,SSp-ul6a,493,2.392367600044188,206.0720100000076,baseline_5-10
1176,1095,Somatosensory,SSp-ul6a,163,0.7909856365257659,206.0720100000076,baseline_5-10
1177,1096,Somatosensory,SSp-ul6a,336,1.6304979992187567,206.0720100000076,baseline_5-10
1178,1098,Somatosensory,SSp-ul6a,221,1.0724406482956703,206.0720100000076,baseline_5-10
1179,1099,Somatosensory,SSp-ul6a,574,2.785434081998709,206.0720100000076,baseline_5-10
1180,1100,Somatosensory,SSp-ul6a,395,1.9168056836053835,206.0720100000076,baseline_5-10
1181,1101,Somatosensory,SSp-ul6a,515,2.4991263976120823,206.0720100000076,baseline_5-10
1182,1102,Somatosensory,SSp-ul5,51,0.247486303452847,206.0720100000076,baseline_5-10
1183,1103,Somatosensory,SSp-ul5,326,1.5819712730515318,206.0720100000076,baseline_5-10
1184,1106,Somatosensory,SSp-ul5,3,0.01455801785016747,206.0720100000076,baseline_5-10
1185,1107,Somatosensory,SSp-ul5,115,0.5580573509230864,206.0720100000076,baseline_5-10
1186,1108,Somatosensory,SSp-ul5,165,0.8006909817592108,206.0720100000076,baseline_5-10
1187,1111,Somatosensory,SSp-ll5,12,0.05823207140066988,206.0720100000076,baseline_5-10
1188,1113,Somatosensory,SSp-ll5,4,0.019410690466889962,206.0720100000076,baseline_5-10
1189,1115,Somatosensory,SSp-ll5,195,0.9462711602608855,206.0720100000076,baseline_5-10
1190,1117,Somatosensory,SSp-ll5,44,0.21351759513578955,206.0720100000076,baseline_5-10
1191,1118,Somatosensory,SSp-ll5,81,0.3930664819545217,206.0720100000076,baseline_5-10
1192,1119,Somatosensory,SSp-ll5,59,0.2863076843866269,206.0720100000076,baseline_5-10
1193,1122,Somatosensory,SSp-ll5,30,0.1455801785016747,206.0720100000076,baseline_5-10
1194,1123,Somatosensory,SSp-ll5,23,0.11161147018461727,206.0720100000076,baseline_5-10
1195,1127,Somatosensory,SSp-ll4,16,0.07764276186755985,206.0720100000076,baseline_5-10
1196,1128,STR,CP,71,0.3445397557872968,206.0720100000076,baseline_5-10
1197,1130,STR,CP,10,0.0485267261672249,206.0720100000076,baseline_5-10
1198,1131,STR,CP,5,0.02426336308361245,206.0720100000076,baseline_5-10
1199,1132,STR,CP,23,0.11161147018461727,206.0720100000076,baseline_5-10
1200,1133,STR,CP,2,0.009705345233444981,206.0720100000076,baseline_5-10
1201,1134,STR,CP,18,0.08734810710100482,206.0720100000076,baseline_5-10
1202,1135,STR,CP,3,0.01455801785016747,206.0720100000076,baseline_5-10
1203,1136,STR,CP,4,0.019410690466889962,206.0720100000076,baseline_5-10
1204,1139,STR,CP,10,0.0485267261672249,206.0720100000076,baseline_5-10
1205,1141,STR,CP,6,0.02911603570033494,206.0720100000076,baseline_5-10
1206,1142,STR,CP,27,0.13102216065150724,206.0720100000076,baseline_5-10
1207,1143,STR,CP,75,0.36395044625418677,206.0720100000076,baseline_5-10
1208,1146,STR,CP,34,0.16499086896856466,206.0720100000076,baseline_5-10
1209,1147,STR,CP,49,0.237780958219402,206.0720100000076,baseline_5-10
1210,1152,Other,ccb,57,0.27660233915318194,206.0720100000076,baseline_5-10
1211,1153,Somatosensory,SSp-ul6a,132,0.6405527854073687,206.0720100000076,baseline_5-10
1212,1154,Somatosensory,SSp-ul6a,19,0.09220077971772732,206.0720100000076,baseline_5-10
1213,1158,Somatosensory,SSp-ul5,186,0.9025971067103832,206.0720100000076,baseline_5-10
1214,1160,Somatosensory,SSp-ll5,7,0.03396870831705743,206.0720100000076,baseline_5-10
1215,1161,Somatosensory,SSp-ll4,9,0.04367405355050241,206.0720100000076,baseline_5-10
1216,1163,STR,CP,2,0.009705345233444981,206.0720100000076,baseline_5-10
1217,1164,Somatosensory,SSp-ul6a,91,0.44159320812174657,206.0720100000076,baseline_5-10
1218,1166,Somatosensory,SSp-ul5,37,0.17954888681873213,206.0720100000076,baseline_5-10
1219,1171,STR,CP,5,0.02426336308361245,206.0720100000076,baseline_5-10
1220,1172,STR,CP,0,0.0,206.0720100000076,baseline_5-10
1221,1177,STR,CP,36,0.17469621420200965,206.0720100000076,baseline_5-10
1222,1179,STR,CP,39,0.18925423205217712,206.0720100000076,baseline_5-10
1223,1180,Other,ccb,535,2.596179849946532,206.0720100000076,baseline_5-10
1224,1181,Other,scwm,8,0.038821380933779924,206.0720100000076,baseline_5-10
1225,1182,Somatosensory,SSp-ul6a,24,0.11646414280133977,206.0720100000076,baseline_5-10
1226,1183,Somatosensory,SSp-ul6a,68,0.3299817379371293,206.0720100000076,baseline_5-10
1227,1184,Somatosensory,SSp-ul5,285,1.3830116957659098,206.0720100000076,baseline_5-10
1228,1186,Somatosensory,SSp-ll5,198,0.9608291781110531,206.0720100000076,baseline_5-10
1229,1187,Somatosensory,SSp-ll5,8,0.038821380933779924,206.0720100000076,baseline_5-10
1230,1188,Somatosensory,SSp-ll5,63,0.3057183748535169,206.0720100000076,baseline_5-10
1231,1189,Somatosensory,SSp-ll4,47,0.22807561298595702,206.0720100000076,baseline_5-10
1232,1191,STR,CP,28,0.13587483326822972,206.0720100000076,baseline_5-10
1233,1192,STR,CP,3,0.01455801785016747,206.0720100000076,baseline_5-10
1234,1196,STR,CP,18,0.08734810710100482,206.0720100000076,baseline_5-10
1235,1197,STR,CP,77,0.3736557914876317,206.0720100000076,baseline_5-10
1236,1199,Somatosensory,SSp-ul6a,1,0.0048526726167224905,206.0720100000076,baseline_5-10
1237,1201,STR,CP,0,0.0,206.0720100000076,baseline_5-10
1238,1202,Somatosensory,SSp-ll4,18,0.08734810710100482,206.0720100000076,baseline_5-10
1239,1203,STR,CP,3,0.01455801785016747,206.0720100000076,baseline_5-10
1240,1204,STR,LSr,1243,6.031872062586055,206.0720100000076,baseline_5-10
1241,1208,STR,LSr,23,0.11161147018461727,206.0720100000076,baseline_5-10
1242,1210,STR,LSr,39,0.18925423205217712,206.0720100000076,baseline_5-10
1243,1211,STR,LSr,620,3.008657022367944,206.0720100000076,baseline_5-10
1244,1212,STR,LSr,475,2.305019492943183,206.0720100000076,baseline_5-10
1245,1214,STR,LSr,376,1.8246049038876562,206.0720100000076,baseline_5-10
1246,1215,STR,LSr,2700,13.102216065150722,206.0720100000076,baseline_5-10
1247,1216,STR,LSr,4797,23.278270542417786,206.0720100000076,baseline_5-10
1248,1219,STR,LSr,4734,22.972552167564267,206.0720100000076,baseline_5-10
1249,1220,STR,LSr,316,1.533444546884307,206.0720100000076,baseline_5-10
1250,1221,STR,LSr,2061,10.001358263065052,206.0720100000076,baseline_5-10
1251,1222,STR,LSr,2094,10.161496459416894,206.0720100000076,baseline_5-10
1252,1223,STR,LSr,1510,7.32753565125096,206.0720100000076,baseline_5-10
1253,1224,STR,LSr,1723,8.36115491861285,206.0720100000076,baseline_5-10
1254,1227,STR,LSr,958,4.648860366820146,206.0720100000076,baseline_5-10
1255,1229,STR,LSr,119,0.5774680413899763,206.0720100000076,baseline_5-10
1256,1231,STR,LSr,880,4.270351902715792,206.0720100000076,baseline_5-10
1257,1234,STR,LSr,1499,7.274156252467012,206.0720100000076,baseline_5-10
1258,1235,STR,LSr,1162,5.638805580631534,206.0720100000076,baseline_5-10
1259,1238,STR,LSr,1035,5.022516158307777,206.0720100000076,baseline_5-10
1260,1239,STR,LSr,787,3.8190533493606,206.0720100000076,baseline_5-10
1261,1241,STR,CP,2674,12.97604657711594,206.0720100000076,baseline_5-10
1262,1242,STR,CP,3411,16.552466295640414,206.0720100000076,baseline_5-10
1263,1244,Other,fa,92,0.4464458807384691,206.0720100000076,baseline_5-10
1264,1249,Other,fa,1660,8.055436543759333,206.0720100000076,baseline_5-10
1265,1251,Other,fa,1546,7.50223186545297,206.0720100000076,baseline_5-10
1266,1252,Other,fa,1087,5.274855134377347,206.0720100000076,baseline_5-10
1267,1254,Other,fa,673,3.265848671054236,206.0720100000076,baseline_5-10
1268,1255,Other,fa,37,0.17954888681873213,206.0720100000076,baseline_5-10
1269,1257,Other,fa,474,2.3001668203264605,206.0720100000076,baseline_5-10
1270,1258,Other,fa,2048,9.93827351904766,206.0720100000076,baseline_5-10
1271,1260,Other,fa,1088,5.279707806994069,206.0720100000076,baseline_5-10
1272,1261,Other,fa,1340,6.502581306408136,206.0720100000076,baseline_5-10
1273,1263,Other,fa,2194,10.646763721089144,206.0720100000076,baseline_5-10
1274,1264,Other,fa,2178,10.569120959221584,206.0720100000076,baseline_5-10
1275,1266,Other,fa,1404,6.813152353878376,206.0720100000076,baseline_5-10
1276,1268,Other,fa,16,0.07764276186755985,206.0720100000076,baseline_5-10
1277,1269,Other,fa,434,2.1060599156575606,206.0720100000076,baseline_5-10
1278,1270,Other,fa,519,2.5185370880789724,206.0720100000076,baseline_5-10
1279,1275,Other,fa,26,0.12616948803478475,206.0720100000076,baseline_5-10
1280,1276,Other,fa,6,0.02911603570033494,206.0720100000076,baseline_5-10
1281,1280,Other,fa,24,0.11646414280133977,206.0720100000076,baseline_5-10
1282,1281,Other,fa,49,0.237780958219402,206.0720100000076,baseline_5-10
1283,1282,Other,fa,2140,10.384719399786128,206.0720100000076,baseline_5-10
1284,1284,Other,fa,389,1.8876896479050487,206.0720100000076,baseline_5-10
1285,1286,Other,fa,65,0.31542372008696185,206.0720100000076,baseline_5-10
1286,1287,Other,fa,647,3.1396791830194513,206.0720100000076,baseline_5-10
1287,1291,Other,fa,1076,5.221475735593399,206.0720100000076,baseline_5-10
1288,1292,Other,fa,1476,7.162544782282396,206.0720100000076,baseline_5-10
1289,1293,Other,fa,133,0.6454054580240912,206.0720100000076,baseline_5-10
1290,1294,Other,fa,736,3.5715670459077526,206.0720100000076,baseline_5-10
1291,1295,Other,fa,342,1.6596140349190915,206.0720100000076,baseline_5-10
1292,1296,Other,fa,343,1.6644667075358142,206.0720100000076,baseline_5-10
1293,1297,Other,fa,348,1.6887300706194266,206.0720100000076,baseline_5-10
1294,1300,Other,fa,1072,5.20206504512651,206.0720100000076,baseline_5-10
1295,1301,Other,fa,68,0.3299817379371293,206.0720100000076,baseline_5-10
1296,1306,Other,fa,994,4.823556581022155,206.0720100000076,baseline_5-10
1297,1309,Other,fa,1463,7.099460038265003,206.0720100000076,baseline_5-10
1298,1310,Other,fa,3,0.01455801785016747,206.0720100000076,baseline_5-10
1299,1312,Other,cing,1499,7.274156252467012,206.0720100000076,baseline_5-10
1300,1313,Other,cing,286,1.3878643683826322,206.0720100000076,baseline_5-10
1301,1315,Motor,MOs6b,663,3.217321944887011,206.0720100000076,baseline_5-10
1302,1316,Motor,MOs6a,127,0.6162894223237563,206.0720100000076,baseline_5-10
1303,1317,Motor,MOs6a,270,1.3102216065150722,206.0720100000076,baseline_5-10
1304,1318,Motor,MOs6a,1320,6.405527854073687,206.0720100000076,baseline_5-10
1305,1321,Motor,MOs6a,1636,7.938972400957994,206.0720100000076,baseline_5-10
1306,1326,Motor,MOs6a,259,1.256842207731125,206.0720100000076,baseline_5-10
1307,1329,Motor,MOs6a,503,2.4408943262114127,206.0720100000076,baseline_5-10
1308,1333,Motor,MOs6a,253,1.22772617203079,206.0720100000076,baseline_5-10
1309,1334,Motor,MOs6a,410,1.989595772856221,206.0720100000076,baseline_5-10
1310,1336,Motor,MOs6a,174,0.8443650353097133,206.0720100000076,baseline_5-10
1311,1339,Motor,MOs6a,399,1.9362163740722735,206.0720100000076,baseline_5-10
1312,1340,Motor,MOs6a,153,0.742458910358541,206.0720100000076,baseline_5-10
1313,1341,Motor,MOs6a,906,4.396521390750576,206.0720100000076,baseline_5-10
1314,1342,Motor,MOs6a,2679,13.000309940199552,206.0720100000076,baseline_5-10
1315,1346,Motor,MOs5,28,0.13587483326822972,206.0720100000076,baseline_5-10
1316,1352,Motor,MOs5,0,0.0,206.0720100000076,baseline_5-10
1317,1355,Motor,MOs5,281,1.3636010052990197,206.0720100000076,baseline_5-10
1318,1357,Motor,MOs5,117,0.5677626961565313,206.0720100000076,baseline_5-10
1319,1359,Motor,MOs5,241,1.16949410063012,206.0720100000076,baseline_5-10
1320,1361,Motor,MOs5,275,1.3344849695986847,206.0720100000076,baseline_5-10
1321,1364,Motor,MOs5,472,2.2904614750930152,206.0720100000076,baseline_5-10
1322,1366,STR,LSr,302,1.465507130250192,206.0720100000076,baseline_5-10
1323,1367,STR,LSr,341,1.6547613623023691,206.0720100000076,baseline_5-10
1324,1368,STR,LSr,657,3.188205909186676,206.0720100000076,baseline_5-10
1325,1370,STR,LSr,179,0.8686283983933257,206.0720100000076,baseline_5-10
1326,1372,STR,LSr,612,2.969835641434164,206.0720100000076,baseline_5-10
1327,1373,STR,LSr,744,3.6103884268415327,206.0720100000076,baseline_5-10
1328,1375,STR,LSr,992,4.81385123578871,206.0720100000076,baseline_5-10
1329,1376,STR,LSr,210,1.0190612495117228,206.0720100000076,baseline_5-10
1330,1377,Other,fa,8,0.038821380933779924,206.0720100000076,baseline_5-10
1331,1378,Other,fa,21,0.1019061249511723,206.0720100000076,baseline_5-10
1332,1379,Other,fa,287,1.3927170409993546,206.0720100000076,baseline_5-10
1333,1380,Other,fa,280,1.3587483326822973,206.0720100000076,baseline_5-10
1334,1381,Other,fa,13,0.06308474401739238,206.0720100000076,baseline_5-10
1335,1383,Other,fa,27,0.13102216065150724,206.0720100000076,baseline_5-10
1336,1386,Other,fa,30,0.1455801785016747,206.0720100000076,baseline_5-10
1337,1387,Other,fa,33,0.16013819635184218,206.0720100000076,baseline_5-10
1338,1388,Other,fa,79,0.38336113672107675,206.0720100000076,baseline_5-10
1339,1390,Other,fa,751,3.64435713515859,206.0720100000076,baseline_5-10
1340,1394,Motor,MOs6b,223,1.0821459935291153,206.0720100000076,baseline_5-10
1341,1395,Motor,MOs6a,71,0.3445397557872968,206.0720100000076,baseline_5-10
1342,1396,Motor,MOs6a,19,0.09220077971772732,206.0720100000076,baseline_5-10
1343,1400,Motor,MOs6a,83,0.40277182718796667,206.0720100000076,baseline_5-10
1344,1407,STR,LSr,43,0.20866492251906707,206.0720100000076,baseline_5-10
1345,1409,STR,LSr,145,0.7036375294247611,206.0720100000076,baseline_5-10
1346,1410,Other,fa,103,0.49982527952241645,206.0720100000076,baseline_5-10
1347,1412,Other,fa,52,0.2523389760695695,206.0720100000076,baseline_5-10
1348,1414,Other,fa,95,0.46100389858863655,206.0720100000076,baseline_5-10
1349,1415,Other,fa,145,0.7036375294247611,206.0720100000076,baseline_5-10
1350,1416,Other,fa,1198,5.8135017948335435,206.0720100000076,baseline_5-10
1351,1417,Other,fa,275,1.3344849695986847,206.0720100000076,baseline_5-10
1352,1418,Other,fa,292,1.4169804040829672,206.0720100000076,baseline_5-10
1353,1424,Other,fa,23,0.11161147018461727,206.0720100000076,baseline_5-10
1354,0,Thalamus,VPM,1293,15.533397405093575,83.24000000000069,effect_0-5
1355,2,Thalamus,VPM,83,0.997116770783269,83.24000000000069,effect_0-5
1356,3,Thalamus,VPM,537,6.451225372417054,83.24000000000069,effect_0-5
1357,8,Thalamus,VPM,134,1.609802979336844,83.24000000000069,effect_0-5
1358,9,Thalamus,VPM,526,6.319077366650596,83.24000000000069,effect_0-5
1359,13,Thalamus,VPM,874,10.49975973089852,83.24000000000069,effect_0-5
1360,14,Thalamus,VPM,563,6.76357520422868,83.24000000000069,effect_0-5
1361,20,Thalamus,VPM,783,9.406535319557827,83.24000000000069,effect_0-5
1362,25,Thalamus,VPM,64,0.7688611244593881,83.24000000000069,effect_0-5
1363,40,Thalamus,VPM,1267,15.22104757328195,83.24000000000069,effect_0-5
1364,51,Thalamus,VPM,1415,16.999038923594284,83.24000000000069,effect_0-5
1365,54,Thalamus,VPM,635,7.6285439692454915,83.24000000000069,effect_0-5
1366,59,Thalamus,VPM,234,2.811148486304638,83.24000000000069,effect_0-5
1367,62,Thalamus,VPM,776,9.32244113407008,83.24000000000069,effect_0-5
1368,63,Thalamus,VPM,288,3.4598750600672465,83.24000000000069,effect_0-5
1369,66,Thalamus,VPM,248,2.979336857280129,83.24000000000069,effect_0-5
1370,67,Thalamus,VPM,702,8.433445458913914,83.24000000000069,effect_0-5
1371,68,Thalamus,VPM,45,0.5406054781355073,83.24000000000069,effect_0-5
1372,70,Thalamus,VPM,205,2.4627582892839777,83.24000000000069,effect_0-5
1373,73,Thalamus,VPM,601,7.2200864968764416,83.24000000000069,effect_0-5
1374,76,Thalamus,VPM,416,4.997597308986023,83.24000000000069,effect_0-5
1375,77,Thalamus,VPM,1267,15.22104757328195,83.24000000000069,effect_0-5
1376,80,Thalamus,PO,151,1.814031715521369,83.24000000000069,effect_0-5
1377,86,Thalamus,PO,410,4.925516578567955,83.24000000000069,effect_0-5
1378,87,Thalamus,PO,448,5.382027871215717,83.24000000000069,effect_0-5
1379,88,Thalamus,PO,93,1.1172513214800484,83.24000000000069,effect_0-5
1380,89,Thalamus,PO,14,0.16818837097549116,83.24000000000069,effect_0-5
1381,90,Thalamus,PO,230,2.763094666025926,83.24000000000069,effect_0-5
1382,91,Thalamus,PO,211,2.534839019702045,83.24000000000069,effect_0-5
1383,93,Thalamus,PO,715,8.589620374819727,83.24000000000069,effect_0-5
1384,95,Thalamus,PO,294,3.531955790485314,83.24000000000069,effect_0-5
1385,98,Thalamus,PO,1267,15.22104757328195,83.24000000000069,effect_0-5
1386,99,Thalamus,PO,72,0.8649687650168116,83.24000000000069,effect_0-5
1387,100,Thalamus,PO,235,2.8231619413743156,83.24000000000069,effect_0-5
1388,103,Thalamus,PO,795,9.550696780393961,83.24000000000069,effect_0-5
1389,104,Thalamus,PO,994,11.941374339259871,83.24000000000069,effect_0-5
1390,106,Thalamus,PO,1184,14.22393080249868,83.24000000000069,effect_0-5
1391,108,Thalamus,PO,747,8.974050937049421,83.24000000000069,effect_0-5
1392,109,Thalamus,PO,1142,13.719365689572207,83.24000000000069,effect_0-5
1393,111,Thalamus,PO,6,0.07208073041806763,83.24000000000069,effect_0-5
1394,112,Thalamus,PO,189,2.2705430081691307,83.24000000000069,effect_0-5
1395,113,Thalamus,PO,348,4.180682364247923,83.24000000000069,effect_0-5
1396,114,Thalamus,PO,303,3.6400768861124155,83.24000000000069,effect_0-5
1397,115,Thalamus,PO,1114,13.382988947621225,83.24000000000069,effect_0-5
1398,117,Thalamus,PO,10,0.12013455069677939,83.24000000000069,effect_0-5
1399,118,Thalamus,PO,592,7.11196540124934,83.24000000000069,effect_0-5
1400,119,Thalamus,PO,1946,23.37818356559327,83.24000000000069,effect_0-5
1401,122,Thalamus,PO,529,6.35511773185963,83.24000000000069,effect_0-5
1402,123,Thalamus,PO,338,4.0605478135511435,83.24000000000069,effect_0-5
1403,124,Thalamus,PO,557,6.691494473810613,83.24000000000069,effect_0-5
1404,126,Thalamus,PO,358,4.300816914944702,83.24000000000069,effect_0-5
1405,128,Thalamus,PO,1190,14.296011532916749,83.24000000000069,effect_0-5
1406,130,Thalamus,PO,1108,13.310908217203156,83.24000000000069,effect_0-5
1407,131,Thalamus,PO,31,0.37241710716001614,83.24000000000069,effect_0-5
1408,132,Thalamus,PO,323,3.8803459875059745,83.24000000000069,effect_0-5
1409,133,Thalamus,PO,933,11.208553580009518,83.24000000000069,effect_0-5
1410,134,Thalamus,PO,1628,19.557904853435687,83.24000000000069,effect_0-5
1411,135,Thalamus,PO,2308,27.727054300816686,83.24000000000069,effect_0-5
1412,138,Thalamus,PO,179,2.150408457472351,83.24000000000069,effect_0-5
1413,139,Thalamus,PO,323,3.8803459875059745,83.24000000000069,effect_0-5
1414,140,Thalamus,PO,1096,13.166746756367022,83.24000000000069,effect_0-5
1415,141,Thalamus,PO,292,3.5079288803459585,83.24000000000069,effect_0-5
1416,142,Thalamus,PO,2158,25.925036040364994,83.24000000000069,effect_0-5
1417,144,Thalamus,PO,1618,19.437770302738905,83.24000000000069,effect_0-5
1418,145,Thalamus,PO,1229,14.764536280634188,83.24000000000069,effect_0-5
1419,146,Thalamus,PO,1931,23.1979817395481,83.24000000000069,effect_0-5
1420,147,Thalamus,LD,1558,18.71696299855823,83.24000000000069,effect_0-5
1421,148,Thalamus,LD,1515,18.200384430562078,83.24000000000069,effect_0-5
1422,151,Thalamus,LD,1328,15.953868332532304,83.24000000000069,effect_0-5
1423,153,Thalamus,LD,754,9.058145122537166,83.24000000000069,effect_0-5
1424,155,Thalamus,LD,798,9.586737145602996,83.24000000000069,effect_0-5
1425,156,Thalamus,LD,1299,15.605478135511644,83.24000000000069,effect_0-5
1426,157,Thalamus,LD,1042,12.518020182604413,83.24000000000069,effect_0-5
1427,160,Thalamus,LD,123,1.4776549735703866,83.24000000000069,effect_0-5
1428,161,Thalamus,LD,232,2.787121576165282,83.24000000000069,effect_0-5
1429,162,Thalamus,LD,2451,29.44497837578063,83.24000000000069,effect_0-5
1430,163,Thalamus,LD,295,3.543969245554992,83.24000000000069,effect_0-5
1431,164,Thalamus,LD,1148,13.791446419990274,83.24000000000069,effect_0-5
1432,165,Thalamus,LD,2222,26.69389716482438,83.24000000000069,effect_0-5
1433,166,Thalamus,LD,42,0.5045651129264734,83.24000000000069,effect_0-5
1434,172,Thalamus,LD,1816,21.816434406535137,83.24000000000069,effect_0-5
1435,173,Thalamus,LD,1430,17.179240749639455,83.24000000000069,effect_0-5
1436,174,Thalamus,LD,1429,17.167227294569777,83.24000000000069,effect_0-5
1437,175,Thalamus,LD,666,8.000961076405508,83.24000000000069,effect_0-5
1438,176,Thalamus,LD,1076,12.926477654973462,83.24000000000069,effect_0-5
1439,177,Thalamus,LD,2392,28.736184526669632,83.24000000000069,effect_0-5
1440,184,Thalamus,LD,2110,25.348390197020453,83.24000000000069,effect_0-5
1441,188,Thalamus,LD,2621,31.48726573762588,83.24000000000069,effect_0-5
1442,189,Thalamus,LD,951,11.424795771263721,83.24000000000069,effect_0-5
1443,192,Thalamus,LD,1880,22.585295530994525,83.24000000000069,effect_0-5
1444,194,Thalamus,LD,1777,21.3479096588177,83.24000000000069,effect_0-5
1445,198,Thalamus,LD,1937,23.27006246996617,83.24000000000069,effect_0-5
1446,204,Thalamus,LD,1946,23.37818356559327,83.24000000000069,effect_0-5
1447,206,Thalamus,LD,2313,27.787121576165074,83.24000000000069,effect_0-5
1448,207,Thalamus,LD,1591,19.113407015857604,83.24000000000069,effect_0-5
1449,209,Thalamus,LD,1099,13.202787121576055,83.24000000000069,effect_0-5
1450,210,Thalamus,LD,1060,12.734262373858616,83.24000000000069,effect_0-5
1451,212,Thalamus,LD,1459,17.527630946660114,83.24000000000069,effect_0-5
1452,214,Thalamus,LD,1327,15.941854877462626,83.24000000000069,effect_0-5
1453,221,Thalamus,LD,653,7.8447861604996945,83.24000000000069,effect_0-5
1454,222,Thalamus,LD,1501,18.03219605958659,83.24000000000069,effect_0-5
1455,223,Thalamus,LD,17,0.20422873618452497,83.24000000000069,effect_0-5
1456,225,Thalamus,LD,617,7.4123017779912885,83.24000000000069,effect_0-5
1457,227,Thalamus,LD,41,0.4925516578567955,83.24000000000069,effect_0-5
1458,233,Other,CA3,1953,23.462277751081015,83.24000000000069,effect_0-5
1459,240,Other,CA3,436,5.237866410379581,83.24000000000069,effect_0-5
1460,243,Other,CA3,268,3.219605958673688,83.24000000000069,effect_0-5
1461,244,Other,CA3,1473,17.695819317635603,83.24000000000069,effect_0-5
1462,245,Other,CA3,254,3.0514175876981966,83.24000000000069,effect_0-5
1463,247,Other,CA3,0,0.0,83.24000000000069,effect_0-5
1464,249,Other,CA3,1,0.01201345506967794,83.24000000000069,effect_0-5
1465,250,Other,CA3,83,0.997116770783269,83.24000000000069,effect_0-5
1466,255,Other,CA3,123,1.4776549735703866,83.24000000000069,effect_0-5
1467,257,Other,CA3,269,3.2316194137433656,83.24000000000069,effect_0-5
1468,258,Other,CA3,1047,12.578087457952803,83.24000000000069,effect_0-5
1469,259,Other,CA3,527,6.331090821720275,83.24000000000069,effect_0-5
1470,261,Other,CA3,558,6.70350792888029,83.24000000000069,effect_0-5
1471,262,Other,CA3,241,2.8952426717923836,83.24000000000069,effect_0-5
1472,266,Other,CA3,15,0.1802018260451691,83.24000000000069,effect_0-5
1473,267,Other,CA3,1965,23.606439211917152,83.24000000000069,effect_0-5
1474,272,Other,CA3,15,0.1802018260451691,83.24000000000069,effect_0-5
1475,283,Other,CA3,664,7.976934166266152,83.24000000000069,effect_0-5
1476,285,Other,CA3,685,8.229216722729388,83.24000000000069,effect_0-5
1477,287,Other,CA3,342,4.108601633829855,83.24000000000069,effect_0-5
1478,288,Other,CA3,391,4.697260932244075,83.24000000000069,effect_0-5
1479,293,Other,CA2,706,8.481499279192626,83.24000000000069,effect_0-5
1480,297,Other,CA2,1540,18.500720807304027,83.24000000000069,effect_0-5
1481,298,Other,CA2,11,0.13214800576645733,83.24000000000069,effect_0-5
1482,305,Other,CA1,539,6.47525228255641,83.24000000000069,effect_0-5
1483,307,Other,CA1,614,7.376261412782255,83.24000000000069,effect_0-5
1484,310,Other,CA1,18,0.2162421912542029,83.24000000000069,effect_0-5
1485,312,Other,CA1,525,6.307063911580919,83.24000000000069,effect_0-5
1486,314,Other,CA1,131,1.57376261412781,83.24000000000069,effect_0-5
1487,322,Other,alv,171,2.0543008169149277,83.24000000000069,effect_0-5
1488,327,Somatosensory,SSp-ll6b,441,5.297933685727972,83.24000000000069,effect_0-5
1489,328,Somatosensory,SSp-ll6a,909,10.920230658337248,83.24000000000069,effect_0-5
1490,329,Somatosensory,SSp-ll6a,812,9.754925516578487,83.24000000000069,effect_0-5
1491,330,Somatosensory,SSp-ll6a,142,1.7059106198942675,83.24000000000069,effect_0-5
1492,331,Somatosensory,SSp-ll6a,606,7.280153772224831,83.24000000000069,effect_0-5
1493,332,Somatosensory,SSp-ll6a,737,8.853916386352642,83.24000000000069,effect_0-5
1494,333,Somatosensory,SSp-ll6a,41,0.4925516578567955,83.24000000000069,effect_0-5
1495,334,Somatosensory,SSp-ll6a,340,4.0845747236904995,83.24000000000069,effect_0-5
1496,338,Somatosensory,SSp-ll6a,263,3.159538683325298,83.24000000000069,effect_0-5
1497,341,Somatosensory,SSp-ll6a,115,1.381547333012963,83.24000000000069,effect_0-5
1498,342,Somatosensory,SSp-ll6a,148,1.777991350312335,83.24000000000069,effect_0-5
1499,343,Somatosensory,SSp-ll6a,19,0.22825564632388085,83.24000000000069,effect_0-5
1500,344,Somatosensory,SSp-ll6a,922,11.07640557424306,83.24000000000069,effect_0-5
1501,345,Somatosensory,SSp-ll6a,370,4.444978375780837,83.24000000000069,effect_0-5
1502,346,Somatosensory,SSp-ll6a,258,3.0994714079769086,83.24000000000069,effect_0-5
1503,347,Somatosensory,SSp-ll6a,554,6.655454108601578,83.24000000000069,effect_0-5
1504,348,Somatosensory,SSp-ll6a,158,1.8981259010091145,83.24000000000069,effect_0-5
1505,349,Somatosensory,SSp-ll6a,68,0.8169149447380999,83.24000000000069,effect_0-5
1506,350,Somatosensory,SSp-ll6a,365,4.384911100432448,83.24000000000069,effect_0-5
1507,353,Somatosensory,SSp-ll6a,231,2.775108121095604,83.24000000000069,effect_0-5
1508,356,Somatosensory,SSp-ll6a,194,2.33061028351752,83.24000000000069,effect_0-5
1509,357,Somatosensory,SSp-ll6a,17,0.20422873618452497,83.24000000000069,effect_0-5
1510,358,Somatosensory,SSp-ll6a,19,0.22825564632388085,83.24000000000069,effect_0-5
1511,359,Somatosensory,SSp-ll6a,242,2.9072561268620616,83.24000000000069,effect_0-5
1512,365,Somatosensory,SSp-ll5,48,0.576645843344541,83.24000000000069,effect_0-5
1513,370,Somatosensory,SSp-ll5,397,4.769341662662142,83.24000000000069,effect_0-5
1514,371,Somatosensory,SSp-ll5,279,3.351753964440145,83.24000000000069,effect_0-5
1515,372,Somatosensory,SSp-ll5,21,0.2522825564632367,83.24000000000069,effect_0-5
1516,375,Somatosensory,SSp-ll5,453,5.442095146564107,83.24000000000069,effect_0-5
1517,376,Somatosensory,SSp-ll5,167,2.0062469966362158,83.24000000000069,effect_0-5
1518,377,Somatosensory,SSp-ll5,89,1.0691975012013366,83.24000000000069,effect_0-5
1519,378,Somatosensory,SSp-tr5,372,4.469005285920193,83.24000000000069,effect_0-5
1520,380,Somatosensory,SSp-tr5,571,6.859682844786104,83.24000000000069,effect_0-5
1521,381,Somatosensory,SSp-tr5,759,9.118212397885555,83.24000000000069,effect_0-5
1522,382,Somatosensory,SSp-tr5,888,10.66794810187401,83.24000000000069,effect_0-5
1523,386,Somatosensory,SSp-tr5,1574,18.90917827967308,83.24000000000069,effect_0-5
1524,388,Somatosensory,SSp-tr5,713,8.56559346468037,83.24000000000069,effect_0-5
1525,389,Somatosensory,SSp-tr5,887,10.655934646804333,83.24000000000069,effect_0-5
1526,392,Somatosensory,SSp-tr5,0,0.0,83.24000000000069,effect_0-5
1527,394,Somatosensory,SSp-tr5,220,2.6429601153291467,83.24000000000069,effect_0-5
1528,395,Somatosensory,SSp-tr5,494,5.934646804420902,83.24000000000069,effect_0-5
1529,396,Somatosensory,SSp-tr5,429,5.153772224891836,83.24000000000069,effect_0-5
1530,397,Somatosensory,SSp-tr5,45,0.5406054781355073,83.24000000000069,effect_0-5
1531,398,Somatosensory,SSp-tr5,24,0.2883229216722705,83.24000000000069,effect_0-5
1532,400,Somatosensory,SSp-tr5,4,0.04805382027871176,83.24000000000069,effect_0-5
1533,401,Somatosensory,SSp-tr5,82,0.985103315713591,83.24000000000069,effect_0-5
1534,402,Somatosensory,SSp-tr5,782,9.39452186448815,83.24000000000069,effect_0-5
1535,403,Somatosensory,SSp-tr5,700,8.409418548774557,83.24000000000069,effect_0-5
1536,404,Somatosensory,SSp-tr5,564,6.775588659298358,83.24000000000069,effect_0-5
1537,406,Somatosensory,SSp-tr5,22,0.26429601153291465,83.24000000000069,effect_0-5
1538,407,Somatosensory,SSp-tr5,469,5.634310427678954,83.24000000000069,effect_0-5
1539,408,Somatosensory,SSp-tr5,299,3.592023065833704,83.24000000000069,effect_0-5
1540,410,Somatosensory,SSp-tr5,297,3.567996155694348,83.24000000000069,effect_0-5
1541,413,Somatosensory,SSp-tr5,148,1.777991350312335,83.24000000000069,effect_0-5
1542,416,Somatosensory,SSp-tr5,160,1.9221528111484703,83.24000000000069,effect_0-5
1543,418,Somatosensory,SSp-tr5,40,0.48053820278711756,83.24000000000069,effect_0-5
1544,425,Somatosensory,SSp-tr4,106,1.2734262373858616,83.24000000000069,effect_0-5
1545,430,Somatosensory,SSp-tr4,0,0.0,83.24000000000069,effect_0-5
1546,436,Somatosensory,SSp-tr4,494,5.934646804420902,83.24000000000069,effect_0-5
1547,438,Somatosensory,SSp-tr4,153,1.8380586256607248,83.24000000000069,effect_0-5
1548,439,Somatosensory,SSp-tr4,0,0.0,83.24000000000069,effect_0-5
1549,445,Somatosensory,SSp-tr2/3,2,0.02402691013935588,83.24000000000069,effect_0-5
1550,449,Somatosensory,SSp-tr2/3,12,0.14416146083613526,83.24000000000069,effect_0-5
1551,472,Thalamus,PO,579,6.955790485343527,83.24000000000069,effect_0-5
1552,473,Thalamus,PO,22,0.26429601153291465,83.24000000000069,effect_0-5
1553,475,Thalamus,PO,459,5.514175876982175,83.24000000000069,effect_0-5
1554,476,Thalamus,PO,6,0.07208073041806763,83.24000000000069,effect_0-5
1555,480,Thalamus,PO,163,1.9581931763575042,83.24000000000069,effect_0-5
1556,481,Thalamus,PO,150,1.802018260451691,83.24000000000069,effect_0-5
1557,482,Thalamus,PO,212,2.546852474771723,83.24000000000069,effect_0-5
1558,483,Thalamus,PO,176,2.1143680922633172,83.24000000000069,effect_0-5
1559,485,Thalamus,LD,1862,22.369053339740322,83.24000000000069,effect_0-5
1560,486,Thalamus,LD,817,9.814992791926876,83.24000000000069,effect_0-5
1561,487,Thalamus,LD,753,9.046131667467488,83.24000000000069,effect_0-5
1562,488,Thalamus,LD,885,10.631907736664976,83.24000000000069,effect_0-5
1563,489,Thalamus,LD,1469,17.647765497356893,83.24000000000069,effect_0-5
1564,490,Thalamus,LD,1271,15.26910139356066,83.24000000000069,effect_0-5
1565,494,Thalamus,LD,2152,25.852955309946925,83.24000000000069,effect_0-5
1566,496,Thalamus,LD,769,9.238346948582336,83.24000000000069,effect_0-5
1567,497,Other,CA3,8,0.09610764055742352,83.24000000000069,effect_0-5
1568,501,Other,CA3,652,7.832772705430017,83.24000000000069,effect_0-5
1569,504,Other,CA3,7,0.08409418548774558,83.24000000000069,effect_0-5
1570,507,Other,CA3,20,0.24026910139355878,83.24000000000069,effect_0-5
1571,509,Other,CA2,0,0.0,83.24000000000069,effect_0-5
1572,514,Other,CA1,35,0.4204709274387279,83.24000000000069,effect_0-5
1573,515,Other,CA1,336,4.0365209034117875,83.24000000000069,effect_0-5
1574,516,Other,CA1,491,5.898606439211869,83.24000000000069,effect_0-5
1575,518,Somatosensory,SSp-ll6a,13,0.15617491590581323,83.24000000000069,effect_0-5
1576,519,Somatosensory,SSp-ll6a,89,1.0691975012013366,83.24000000000069,effect_0-5
1577,520,Somatosensory,SSp-ll6a,272,3.2676597789523996,83.24000000000069,effect_0-5
1578,521,Somatosensory,SSp-ll5,9,0.10812109562710145,83.24000000000069,effect_0-5
1579,522,Somatosensory,SSp-ll5,4,0.04805382027871176,83.24000000000069,effect_0-5
1580,523,Somatosensory,SSp-tr5,185,2.2224891878904187,83.24000000000069,effect_0-5
1581,525,Somatosensory,SSp-tr5,98,1.177318596828438,83.24000000000069,effect_0-5
1582,527,Somatosensory,SSp-tr5,277,3.327727054300789,83.24000000000069,effect_0-5
1583,531,Somatosensory,SSp-tr5,12,0.14416146083613526,83.24000000000069,effect_0-5
1584,534,Somatosensory,SSp-tr2/3,17,0.20422873618452497,83.24000000000069,effect_0-5
1585,538,Somatosensory,SSp-tr2/3,230,2.763094666025926,83.24000000000069,effect_0-5
1586,544,Somatosensory,SSp-tr5,134,1.609802979336844,83.24000000000069,effect_0-5
1587,546,Somatosensory,SSp-tr2/3,3,0.036040365209033816,83.24000000000069,effect_0-5
1588,547,Somatosensory,SSp-tr4,1,0.01201345506967794,83.24000000000069,effect_0-5
1589,549,Thalamus,VPM,238,2.8592023065833496,83.24000000000069,effect_0-5
1590,551,Thalamus,PO,874,10.49975973089852,83.24000000000069,effect_0-5
1591,554,Other,CA3,81,0.9730898606439131,83.24000000000069,effect_0-5
1592,557,Somatosensory,SSp-ll6a,9,0.10812109562710145,83.24000000000069,effect_0-5
1593,558,Somatosensory,SSp-tr5,25,0.3003363767419485,83.24000000000069,effect_0-5
1594,560,Somatosensory,SSp-tr5,3,0.036040365209033816,83.24000000000069,effect_0-5
1595,561,Somatosensory,SSp-tr4,7,0.08409418548774558,83.24000000000069,effect_0-5
1596,563,Somatosensory,SSp-tr4,7,0.08409418548774558,83.24000000000069,effect_0-5
1597,565,Somatosensory,SSp-tr4,4,0.04805382027871176,83.24000000000069,effect_0-5
1598,567,STR,CP,23,0.2763094666025926,83.24000000000069,effect_0-5
1599,571,STR,CP,680,8.169149447380999,83.24000000000069,effect_0-5
1600,572,STR,CP,510,6.126862085535749,83.24000000000069,effect_0-5
1601,573,STR,CP,6,0.07208073041806763,83.24000000000069,effect_0-5
1602,575,STR,CP,14,0.16818837097549116,83.24000000000069,effect_0-5
1603,576,STR,CP,337,4.048534358481466,83.24000000000069,effect_0-5
1604,577,STR,CP,24,0.2883229216722705,83.24000000000069,effect_0-5
1605,578,STR,CP,534,6.41518500720802,83.24000000000069,effect_0-5
1606,579,STR,CP,4,0.04805382027871176,83.24000000000069,effect_0-5
1607,580,STR,CP,0,0.0,83.24000000000069,effect_0-5
1608,581,STR,CP,0,0.0,83.24000000000069,effect_0-5
1609,582,STR,CP,10,0.12013455069677939,83.24000000000069,effect_0-5
1610,584,STR,CP,369,4.43296492071116,83.24000000000069,effect_0-5
1611,585,STR,CP,175,2.1023546371936392,83.24000000000069,effect_0-5
1612,589,STR,CP,11,0.13214800576645733,83.24000000000069,effect_0-5
1613,592,STR,CP,4,0.04805382027871176,83.24000000000069,effect_0-5
1614,593,STR,CP,1,0.01201345506967794,83.24000000000069,effect_0-5
1615,596,STR,CP,74,0.8889956751561675,83.24000000000069,effect_0-5
1616,599,STR,CP,1306,15.689572320999389,83.24000000000069,effect_0-5
1617,600,STR,CP,15,0.1802018260451691,83.24000000000069,effect_0-5
1618,603,STR,CP,1,0.01201345506967794,83.24000000000069,effect_0-5
1619,605,STR,CP,358,4.300816914944702,83.24000000000069,effect_0-5
1620,606,STR,CP,0,0.0,83.24000000000069,effect_0-5
1621,608,STR,CP,181,2.174435367611707,83.24000000000069,effect_0-5
1622,615,STR,CP,196,2.354637193656876,83.24000000000069,effect_0-5
1623,619,STR,CP,3,0.036040365209033816,83.24000000000069,effect_0-5
1624,626,STR,CP,2403,28.86833253243609,83.24000000000069,effect_0-5
1625,629,STR,CP,92,1.1052378664103704,83.24000000000069,effect_0-5
1626,630,STR,CP,62,0.7448342143200323,83.24000000000069,effect_0-5
1627,631,STR,CP,486,5.838539163863478,83.24000000000069,effect_0-5
1628,634,STR,CP,118,1.4175876982219968,83.24000000000069,effect_0-5
1629,635,STR,CP,253,3.0394041326285186,83.24000000000069,effect_0-5
1630,636,STR,CP,36,0.4324843825084058,83.24000000000069,effect_0-5
1631,638,STR,CP,613,7.364247957712577,83.24000000000069,effect_0-5
1632,639,STR,CP,61,0.7328207592503543,83.24000000000069,effect_0-5
1633,641,STR,CP,68,0.8169149447380999,83.24000000000069,effect_0-5
1634,642,STR,CP,41,0.4925516578567955,83.24000000000069,effect_0-5
1635,643,STR,CP,245,2.943296492071095,83.24000000000069,effect_0-5
1636,644,STR,CP,312,3.748197981739517,83.24000000000069,effect_0-5
1637,645,STR,CP,1,0.01201345506967794,83.24000000000069,effect_0-5
1638,647,STR,CP,585,7.027871215761595,83.24000000000069,effect_0-5
1639,649,STR,CP,6,0.07208073041806763,83.24000000000069,effect_0-5
1640,652,STR,CP,6,0.07208073041806763,83.24000000000069,effect_0-5
1641,657,STR,CP,0,0.0,83.24000000000069,effect_0-5
1642,659,STR,CP,403,4.84142239308021,83.24000000000069,effect_0-5
1643,660,STR,CP,0,0.0,83.24000000000069,effect_0-5
1644,661,STR,CP,13,0.15617491590581323,83.24000000000069,effect_0-5
1645,662,STR,CP,0,0.0,83.24000000000069,effect_0-5
1646,665,STR,CP,0,0.0,83.24000000000069,effect_0-5
1647,671,STR,CP,129,1.5497357039884543,83.24000000000069,effect_0-5
1648,674,STR,CP,1,0.01201345506967794,83.24000000000069,effect_0-5
1649,683,STR,CP,577,6.9317635752041715,83.24000000000069,effect_0-5
1650,686,STR,CP,38,0.4565112926477617,83.24000000000069,effect_0-5
1651,687,STR,CP,711,8.541566554541015,83.24000000000069,effect_0-5
1652,688,STR,CP,134,1.609802979336844,83.24000000000069,effect_0-5
1653,689,STR,CP,640,7.688611244593881,83.24000000000069,effect_0-5
1654,690,STR,CP,594,7.135992311388696,83.24000000000069,effect_0-5
1655,691,STR,CP,297,3.567996155694348,83.24000000000069,effect_0-5
1656,693,STR,CP,2173,26.105237866410164,83.24000000000069,effect_0-5
1657,696,STR,CP,133,1.597789524267166,83.24000000000069,effect_0-5
1658,699,STR,CP,676,8.121095627102287,83.24000000000069,effect_0-5
1659,701,STR,CP,101,1.2133589620374718,83.24000000000069,effect_0-5
1660,702,STR,CP,171,2.0543008169149277,83.24000000000069,effect_0-5
1661,705,STR,CP,132,1.585776069197488,83.24000000000069,effect_0-5
1662,706,STR,CP,561,6.7395482940893245,83.24000000000069,effect_0-5
1663,709,STR,CP,336,4.0365209034117875,83.24000000000069,effect_0-5
1664,710,STR,CP,16,0.19221528111484704,83.24000000000069,effect_0-5
1665,714,STR,CP,41,0.4925516578567955,83.24000000000069,effect_0-5
1666,716,STR,CP,285,3.423834694858213,83.24000000000069,effect_0-5
1667,719,STR,CP,36,0.4324843825084058,83.24000000000069,effect_0-5
1668,722,STR,CP,439,5.273906775588616,83.24000000000069,effect_0-5
1669,724,STR,CP,198,2.378664103796232,83.24000000000069,effect_0-5
1670,725,STR,CP,18,0.2162421912542029,83.24000000000069,effect_0-5
1671,726,STR,CP,54,0.6487265737626088,83.24000000000069,effect_0-5
1672,727,STR,CP,193,2.318596828447842,83.24000000000069,effect_0-5
1673,728,STR,CP,243,2.919269581931739,83.24000000000069,effect_0-5
1674,729,STR,CP,28,0.3363767419509823,83.24000000000069,effect_0-5
1675,730,STR,CP,3,0.036040365209033816,83.24000000000069,effect_0-5
1676,733,STR,CP,155,1.8620855358000807,83.24000000000069,effect_0-5
1677,736,STR,CP,838,10.067275348390114,83.24000000000069,effect_0-5
1678,737,STR,CP,4,0.04805382027871176,83.24000000000069,effect_0-5
1679,739,STR,CP,1,0.01201345506967794,83.24000000000069,effect_0-5
1680,742,STR,CP,14,0.16818837097549116,83.24000000000069,effect_0-5
1681,743,STR,CP,2161,25.961076405574026,83.24000000000069,effect_0-5
1682,744,STR,CP,746,8.962037481979744,83.24000000000069,effect_0-5
1683,746,STR,CP,67,0.804901489668422,83.24000000000069,effect_0-5
1684,747,STR,CP,183,2.198462277751063,83.24000000000069,effect_0-5
1685,748,STR,CP,2719,32.66458433445432,83.24000000000069,effect_0-5
1686,749,STR,CP,343,4.120615088899533,83.24000000000069,effect_0-5
1687,750,STR,CP,25,0.3003363767419485,83.24000000000069,effect_0-5
1688,751,STR,CP,887,10.655934646804333,83.24000000000069,effect_0-5
1689,753,STR,CP,632,7.592503604036458,83.24000000000069,effect_0-5
1690,754,STR,CP,262,3.14752522825562,83.24000000000069,effect_0-5
1691,755,STR,CP,1450,17.419509851033013,83.24000000000069,effect_0-5
1692,757,Other,ccb,175,2.1023546371936392,83.24000000000069,effect_0-5
1693,759,Other,ccb,38,0.4565112926477617,83.24000000000069,effect_0-5
1694,760,Other,ccb,0,0.0,83.24000000000069,effect_0-5
1695,763,Other,ccb,1328,15.953868332532304,83.24000000000069,effect_0-5
1696,766,Other,ccb,0,0.0,83.24000000000069,effect_0-5
1697,767,Other,ccb,16,0.19221528111484704,83.24000000000069,effect_0-5
1698,768,Other,ccb,226,2.715040845747214,83.24000000000069,effect_0-5
1699,770,Other,ccb,39,0.4685247477174396,83.24000000000069,effect_0-5
1700,771,Other,ccb,9,0.10812109562710145,83.24000000000069,effect_0-5
1701,775,Other,ccb,36,0.4324843825084058,83.24000000000069,effect_0-5
1702,777,Other,ccb,1229,14.764536280634188,83.24000000000069,effect_0-5
1703,780,Other,ccb,20,0.24026910139355878,83.24000000000069,effect_0-5
1704,781,Other,ccb,16,0.19221528111484704,83.24000000000069,effect_0-5
1705,782,Other,ccb,19,0.22825564632388085,83.24000000000069,effect_0-5
1706,783,Other,ccb,1,0.01201345506967794,83.24000000000069,effect_0-5
1707,785,Other,ccb,43,0.5165785679961514,83.24000000000069,effect_0-5
1708,786,Other,ccb,273,3.2796732340220776,83.24000000000069,effect_0-5
1709,787,Other,scwm,37,0.44449783757808375,83.24000000000069,effect_0-5
1710,789,Other,ccb,55,0.6607400288322867,83.24000000000069,effect_0-5
1711,791,Other,scwm,1,0.01201345506967794,83.24000000000069,effect_0-5
1712,793,Other,scwm,4,0.04805382027871176,83.24000000000069,effect_0-5
1713,796,Other,scwm,23,0.2763094666025926,83.24000000000069,effect_0-5
1714,798,Other,scwm,24,0.2883229216722705,83.24000000000069,effect_0-5
1715,799,Other,scwm,8,0.09610764055742352,83.24000000000069,effect_0-5
1716,803,Somatosensory,SSp-ul6b,5,0.060067275348389695,83.24000000000069,effect_0-5
1717,805,Somatosensory,SSp-ul6b,3,0.036040365209033816,83.24000000000069,effect_0-5
1718,807,Somatosensory,SSp-ul6a,4,0.04805382027871176,83.24000000000069,effect_0-5
1719,810,Somatosensory,SSp-ul6b,48,0.576645843344541,83.24000000000069,effect_0-5
1720,811,Somatosensory,SSp-ul6a,5,0.060067275348389695,83.24000000000069,effect_0-5
1721,820,Somatosensory,SSp-ul6a,56,0.6727534839019647,83.24000000000069,effect_0-5
1722,824,Somatosensory,SSp-ul6a,0,0.0,83.24000000000069,effect_0-5
1723,825,Somatosensory,SSp-ul6a,0,0.0,83.24000000000069,effect_0-5
1724,830,Somatosensory,SSp-ul6a,37,0.44449783757808375,83.24000000000069,effect_0-5
1725,832,Somatosensory,SSp-ul6a,13,0.15617491590581323,83.24000000000069,effect_0-5
1726,835,Somatosensory,SSp-ul6a,2,0.02402691013935588,83.24000000000069,effect_0-5
1727,837,Somatosensory,SSp-ul6a,18,0.2162421912542029,83.24000000000069,effect_0-5
1728,839,Somatosensory,SSp-ul6a,136,1.6338298894761998,83.24000000000069,effect_0-5
1729,841,Somatosensory,SSp-ul6a,529,6.35511773185963,83.24000000000069,effect_0-5
1730,842,Somatosensory,SSp-ul6a,47,0.5646323882748632,83.24000000000069,effect_0-5
1731,843,Somatosensory,SSp-ul6a,172,2.0663142719846057,83.24000000000069,effect_0-5
1732,845,Somatosensory,SSp-ul6a,33,0.396444017299372,83.24000000000069,effect_0-5
1733,847,Somatosensory,SSp-ul6a,148,1.777991350312335,83.24000000000069,effect_0-5
1734,849,Somatosensory,SSp-ul6a,0,0.0,83.24000000000069,effect_0-5
1735,851,Somatosensory,SSp-ul6a,1412,16.96299855838525,83.24000000000069,effect_0-5
1736,852,Somatosensory,SSp-ul6a,869,10.43969245555013,83.24000000000069,effect_0-5
1737,854,Somatosensory,SSp-ul6a,477,5.730418068236377,83.24000000000069,effect_0-5
1738,855,Somatosensory,SSp-ul6a,1533,18.41662662181628,83.24000000000069,effect_0-5
1739,856,Somatosensory,SSp-ul6a,2675,32.13599231138849,83.24000000000069,effect_0-5
1740,857,Somatosensory,SSp-ul6a,719,8.63767419509844,83.24000000000069,effect_0-5
1741,860,Somatosensory,SSp-ul6a,396,4.757328207592464,83.24000000000069,effect_0-5
1742,861,Somatosensory,SSp-ul6a,68,0.8169149447380999,83.24000000000069,effect_0-5
1743,862,Somatosensory,SSp-ul6a,343,4.120615088899533,83.24000000000069,effect_0-5
1744,863,Somatosensory,SSp-ul6a,646,7.760691975011949,83.24000000000069,effect_0-5
1745,865,Somatosensory,SSp-ul6a,79,0.9490629505045572,83.24000000000069,effect_0-5
1746,867,Somatosensory,SSp-ul6a,774,9.298414223930726,83.24000000000069,effect_0-5
1747,868,Somatosensory,SSp-ul6a,551,6.619413743392545,83.24000000000069,effect_0-5
1748,869,Somatosensory,SSp-ul6a,1566,18.813070639115654,83.24000000000069,effect_0-5
1749,870,Somatosensory,SSp-ul6a,74,0.8889956751561675,83.24000000000069,effect_0-5
1750,874,Somatosensory,SSp-ul6a,115,1.381547333012963,83.24000000000069,effect_0-5
1751,875,Somatosensory,SSp-ul6a,70,0.8409418548774558,83.24000000000069,effect_0-5
1752,876,Somatosensory,SSp-ul6a,638,7.664584334454526,83.24000000000069,effect_0-5
1753,877,Somatosensory,SSp-ul6a,258,3.0994714079769086,83.24000000000069,effect_0-5
1754,878,Somatosensory,SSp-ul6a,445,5.345987506006683,83.24000000000069,effect_0-5
1755,879,Somatosensory,SSp-ul6a,606,7.280153772224831,83.24000000000069,effect_0-5
1756,882,Somatosensory,SSp-ul6a,391,4.697260932244075,83.24000000000069,effect_0-5
1757,884,Somatosensory,SSp-ul6a,61,0.7328207592503543,83.24000000000069,effect_0-5
1758,886,Somatosensory,SSp-ul6a,261,3.135511773185942,83.24000000000069,effect_0-5
1759,887,Somatosensory,SSp-ul6a,234,2.811148486304638,83.24000000000069,effect_0-5
1760,888,Somatosensory,SSp-ul6a,1807,21.708313310908036,83.24000000000069,effect_0-5
1761,893,Somatosensory,SSp-ul6a,44,0.5285920230658293,83.24000000000069,effect_0-5
1762,894,Somatosensory,SSp-ul6a,98,1.177318596828438,83.24000000000069,effect_0-5
1763,899,Somatosensory,SSp-ul5,232,2.787121576165282,83.24000000000069,effect_0-5
1764,900,Somatosensory,SSp-ul5,123,1.4776549735703866,83.24000000000069,effect_0-5
1765,901,Somatosensory,SSp-ul5,38,0.4565112926477617,83.24000000000069,effect_0-5
1766,902,Somatosensory,SSp-ul5,125,1.5016818837097425,83.24000000000069,effect_0-5
1767,906,Somatosensory,SSp-ul5,168,2.0182604517058937,83.24000000000069,effect_0-5
1768,909,Somatosensory,SSp-ul5,43,0.5165785679961514,83.24000000000069,effect_0-5
1769,910,Somatosensory,SSp-ul5,51,0.6126862085535749,83.24000000000069,effect_0-5
1770,914,Somatosensory,SSp-ul5,25,0.3003363767419485,83.24000000000069,effect_0-5
1771,915,Somatosensory,SSp-ul5,10,0.12013455069677939,83.24000000000069,effect_0-5
1772,916,Somatosensory,SSp-ll5,386,4.637193656895684,83.24000000000069,effect_0-5
1773,917,Somatosensory,SSp-ll5,156,1.8740989908697585,83.24000000000069,effect_0-5
1774,918,Somatosensory,SSp-ll5,0,0.0,83.24000000000069,effect_0-5
1775,924,Somatosensory,SSp-ll5,9,0.10812109562710145,83.24000000000069,effect_0-5
1776,925,Somatosensory,SSp-ll5,133,1.597789524267166,83.24000000000069,effect_0-5
1777,934,Somatosensory,SSp-ll5,354,4.2527630946659905,83.24000000000069,effect_0-5
1778,938,Somatosensory,SSp-ll5,3,0.036040365209033816,83.24000000000069,effect_0-5
1779,939,Somatosensory,SSp-ll5,661,7.940893801057118,83.24000000000069,effect_0-5
1780,940,Somatosensory,SSp-ll5,4435,53.279673234021665,83.24000000000069,effect_0-5
1781,949,Somatosensory,SSp-ll5,248,2.979336857280129,83.24000000000069,effect_0-5
1782,950,Somatosensory,SSp-ll5,118,1.4175876982219968,83.24000000000069,effect_0-5
1783,953,Somatosensory,SSp-ll5,12,0.14416146083613526,83.24000000000069,effect_0-5
1784,960,Somatosensory,SSp-ll5,3,0.036040365209033816,83.24000000000069,effect_0-5
1785,966,Somatosensory,SSp-ll5,159,1.9101393560787925,83.24000000000069,effect_0-5
1786,968,Somatosensory,SSp-ll5,28,0.3363767419509823,83.24000000000069,effect_0-5
1787,970,Somatosensory,SSp-ll4,5,0.060067275348389695,83.24000000000069,effect_0-5
1788,973,Somatosensory,SSp-ll4,6,0.07208073041806763,83.24000000000069,effect_0-5
1789,975,Somatosensory,SSp-ll4,35,0.4204709274387279,83.24000000000069,effect_0-5
1790,977,Somatosensory,SSp-ll4,0,0.0,83.24000000000069,effect_0-5
1791,983,STR,CP,138,1.6578567996155558,83.24000000000069,effect_0-5
1792,985,STR,CP,72,0.8649687650168116,83.24000000000069,effect_0-5
1793,986,STR,CP,64,0.7688611244593881,83.24000000000069,effect_0-5
1794,988,STR,CP,0,0.0,83.24000000000069,effect_0-5
1795,990,STR,CP,185,2.2224891878904187,83.24000000000069,effect_0-5
1796,992,STR,CP,0,0.0,83.24000000000069,effect_0-5
1797,996,STR,CP,17,0.20422873618452497,83.24000000000069,effect_0-5
1798,999,STR,CP,4,0.04805382027871176,83.24000000000069,effect_0-5
1799,1001,STR,CP,2,0.02402691013935588,83.24000000000069,effect_0-5
1800,1002,STR,CP,0,0.0,83.24000000000069,effect_0-5
1801,1003,STR,CP,0,0.0,83.24000000000069,effect_0-5
1802,1004,STR,CP,46,0.5526189332051852,83.24000000000069,effect_0-5
1803,1005,STR,CP,0,0.0,83.24000000000069,effect_0-5
1804,1008,STR,CP,1,0.01201345506967794,83.24000000000069,effect_0-5
1805,1010,STR,CP,0,0.0,83.24000000000069,effect_0-5
1806,1012,STR,CP,1,0.01201345506967794,83.24000000000069,effect_0-5
1807,1013,STR,CP,63,0.7568476693897102,83.24000000000069,effect_0-5
1808,1018,STR,CP,29,0.34839019702066026,83.24000000000069,effect_0-5
1809,1020,STR,CP,35,0.4204709274387279,83.24000000000069,effect_0-5
1810,1026,STR,CP,17,0.20422873618452497,83.24000000000069,effect_0-5
1811,1027,STR,CP,0,0.0,83.24000000000069,effect_0-5
1812,1029,STR,CP,327,3.9283998077846864,83.24000000000069,effect_0-5
1813,1030,STR,CP,2,0.02402691013935588,83.24000000000069,effect_0-5
1814,1031,STR,CP,69,0.8289283998077779,83.24000000000069,effect_0-5
1815,1033,STR,CP,47,0.5646323882748632,83.24000000000069,effect_0-5
1816,1034,STR,CP,1,0.01201345506967794,83.24000000000069,effect_0-5
1817,1037,STR,CP,0,0.0,83.24000000000069,effect_0-5
1818,1038,STR,CP,0,0.0,83.24000000000069,effect_0-5
1819,1041,STR,CP,0,0.0,83.24000000000069,effect_0-5
1820,1042,STR,CP,15,0.1802018260451691,83.24000000000069,effect_0-5
1821,1043,STR,CP,0,0.0,83.24000000000069,effect_0-5
1822,1045,STR,CP,0,0.0,83.24000000000069,effect_0-5
1823,1052,STR,CP,146,1.7539644401729793,83.24000000000069,effect_0-5
1824,1054,STR,CP,119,1.4296011532916748,83.24000000000069,effect_0-5
1825,1057,STR,CP,335,4.02450744834211,83.24000000000069,effect_0-5
1826,1060,STR,CP,15,0.1802018260451691,83.24000000000069,effect_0-5
1827,1061,STR,CP,891,10.703988467083045,83.24000000000069,effect_0-5
1828,1063,STR,CP,6,0.07208073041806763,83.24000000000069,effect_0-5
1829,1065,STR,CP,115,1.381547333012963,83.24000000000069,effect_0-5
1830,1067,STR,CP,0,0.0,83.24000000000069,effect_0-5
1831,1068,STR,CP,83,0.997116770783269,83.24000000000069,effect_0-5
1832,1069,STR,CP,8,0.09610764055742352,83.24000000000069,effect_0-5
1833,1070,STR,CP,177,2.1263815473329952,83.24000000000069,effect_0-5
1834,1071,STR,CP,173,2.0783277270542837,83.24000000000069,effect_0-5
1835,1072,Other,ccb,180,2.162421912542029,83.24000000000069,effect_0-5
1836,1073,Other,ccb,61,0.7328207592503543,83.24000000000069,effect_0-5
1837,1074,Other,ccb,0,0.0,83.24000000000069,effect_0-5
1838,1075,Other,ccb,20,0.24026910139355878,83.24000000000069,effect_0-5
1839,1076,Other,ccb,0,0.0,83.24000000000069,effect_0-5
1840,1077,Other,ccb,0,0.0,83.24000000000069,effect_0-5
1841,1078,Other,ccb,455,5.466122056703463,83.24000000000069,effect_0-5
1842,1079,Other,ccb,11,0.13214800576645733,83.24000000000069,effect_0-5
1843,1080,Other,ccb,1,0.01201345506967794,83.24000000000069,effect_0-5
1844,1082,Other,scwm,146,1.7539644401729793,83.24000000000069,effect_0-5
1845,1083,Other,scwm,6,0.07208073041806763,83.24000000000069,effect_0-5
1846,1085,Other,scwm,0,0.0,83.24000000000069,effect_0-5
1847,1086,Other,scwm,0,0.0,83.24000000000069,effect_0-5
1848,1090,Somatosensory,SSp-ul6a,28,0.3363767419509823,83.24000000000069,effect_0-5
1849,1091,Somatosensory,SSp-ul6a,166,1.994233541566538,83.24000000000069,effect_0-5
1850,1092,Somatosensory,SSp-ul6a,48,0.576645843344541,83.24000000000069,effect_0-5
1851,1093,Somatosensory,SSp-ul6a,44,0.5285920230658293,83.24000000000069,effect_0-5
1852,1094,Somatosensory,SSp-ul6a,80,0.9610764055742351,83.24000000000069,effect_0-5
1853,1095,Somatosensory,SSp-ul6a,58,0.6967803940413205,83.24000000000069,effect_0-5
1854,1096,Somatosensory,SSp-ul6a,37,0.44449783757808375,83.24000000000069,effect_0-5
1855,1098,Somatosensory,SSp-ul6a,35,0.4204709274387279,83.24000000000069,effect_0-5
1856,1099,Somatosensory,SSp-ul6a,26,0.31234983181162645,83.24000000000069,effect_0-5
1857,1100,Somatosensory,SSp-ul6a,40,0.48053820278711756,83.24000000000069,effect_0-5
1858,1101,Somatosensory,SSp-ul6a,124,1.4896684286400645,83.24000000000069,effect_0-5
1859,1102,Somatosensory,SSp-ul5,64,0.7688611244593881,83.24000000000069,effect_0-5
1860,1103,Somatosensory,SSp-ul5,108,1.2974531475252176,83.24000000000069,effect_0-5
1861,1106,Somatosensory,SSp-ul5,1,0.01201345506967794,83.24000000000069,effect_0-5
1862,1107,Somatosensory,SSp-ul5,38,0.4565112926477617,83.24000000000069,effect_0-5
1863,1108,Somatosensory,SSp-ul5,37,0.44449783757808375,83.24000000000069,effect_0-5
1864,1111,Somatosensory,SSp-ll5,4,0.04805382027871176,83.24000000000069,effect_0-5
1865,1113,Somatosensory,SSp-ll5,1,0.01201345506967794,83.24000000000069,effect_0-5
1866,1115,Somatosensory,SSp-ll5,82,0.985103315713591,83.24000000000069,effect_0-5
1867,1117,Somatosensory,SSp-ll5,1,0.01201345506967794,83.24000000000069,effect_0-5
1868,1118,Somatosensory,SSp-ll5,33,0.396444017299372,83.24000000000069,effect_0-5
1869,1119,Somatosensory,SSp-ll5,13,0.15617491590581323,83.24000000000069,effect_0-5
1870,1122,Somatosensory,SSp-ll5,4,0.04805382027871176,83.24000000000069,effect_0-5
1871,1123,Somatosensory,SSp-ll5,2,0.02402691013935588,83.24000000000069,effect_0-5
1872,1127,Somatosensory,SSp-ll4,1,0.01201345506967794,83.24000000000069,effect_0-5
1873,1128,STR,CP,67,0.804901489668422,83.24000000000069,effect_0-5
1874,1130,STR,CP,0,0.0,83.24000000000069,effect_0-5
1875,1131,STR,CP,1,0.01201345506967794,83.24000000000069,effect_0-5
1876,1132,STR,CP,13,0.15617491590581323,83.24000000000069,effect_0-5
1877,1133,STR,CP,1,0.01201345506967794,83.24000000000069,effect_0-5
1878,1134,STR,CP,5,0.060067275348389695,83.24000000000069,effect_0-5
1879,1135,STR,CP,6,0.07208073041806763,83.24000000000069,effect_0-5
1880,1136,STR,CP,21,0.2522825564632367,83.24000000000069,effect_0-5
1881,1139,STR,CP,29,0.34839019702066026,83.24000000000069,effect_0-5
1882,1141,STR,CP,0,0.0,83.24000000000069,effect_0-5
1883,1142,STR,CP,0,0.0,83.24000000000069,effect_0-5
1884,1143,STR,CP,21,0.2522825564632367,83.24000000000069,effect_0-5
1885,1146,STR,CP,5,0.060067275348389695,83.24000000000069,effect_0-5
1886,1147,STR,CP,87,1.0451705910619808,83.24000000000069,effect_0-5
1887,1152,Other,ccb,3,0.036040365209033816,83.24000000000069,effect_0-5
1888,1153,Somatosensory,SSp-ul6a,13,0.15617491590581323,83.24000000000069,effect_0-5
1889,1154,Somatosensory,SSp-ul6a,15,0.1802018260451691,83.24000000000069,effect_0-5
1890,1158,Somatosensory,SSp-ul5,55,0.6607400288322867,83.24000000000069,effect_0-5
1891,1160,Somatosensory,SSp-ll5,17,0.20422873618452497,83.24000000000069,effect_0-5
1892,1161,Somatosensory,SSp-ll4,0,0.0,83.24000000000069,effect_0-5
1893,1163,STR,CP,0,0.0,83.24000000000069,effect_0-5
1894,1164,Somatosensory,SSp-ul6a,56,0.6727534839019647,83.24000000000069,effect_0-5
1895,1166,Somatosensory,SSp-ul5,138,1.6578567996155558,83.24000000000069,effect_0-5
1896,1171,STR,CP,1,0.01201345506967794,83.24000000000069,effect_0-5
1897,1172,STR,CP,0,0.0,83.24000000000069,effect_0-5
1898,1177,STR,CP,0,0.0,83.24000000000069,effect_0-5
1899,1179,STR,CP,40,0.48053820278711756,83.24000000000069,effect_0-5
1900,1180,Other,ccb,204,2.4507448342142997,83.24000000000069,effect_0-5
1901,1181,Other,scwm,1,0.01201345506967794,83.24000000000069,effect_0-5
1902,1182,Somatosensory,SSp-ul6a,4,0.04805382027871176,83.24000000000069,effect_0-5
1903,1183,Somatosensory,SSp-ul6a,8,0.09610764055742352,83.24000000000069,effect_0-5
1904,1184,Somatosensory,SSp-ul5,314,3.772224891878873,83.24000000000069,effect_0-5
1905,1186,Somatosensory,SSp-ll5,141,1.6938971648245895,83.24000000000069,effect_0-5
1906,1187,Somatosensory,SSp-ll5,3,0.036040365209033816,83.24000000000069,effect_0-5
1907,1188,Somatosensory,SSp-ll5,5,0.060067275348389695,83.24000000000069,effect_0-5
1908,1189,Somatosensory,SSp-ll4,40,0.48053820278711756,83.24000000000069,effect_0-5
1909,1191,STR,CP,4,0.04805382027871176,83.24000000000069,effect_0-5
1910,1192,STR,CP,0,0.0,83.24000000000069,effect_0-5
1911,1196,STR,CP,2,0.02402691013935588,83.24000000000069,effect_0-5
1912,1197,STR,CP,0,0.0,83.24000000000069,effect_0-5
1913,1199,Somatosensory,SSp-ul6a,0,0.0,83.24000000000069,effect_0-5
1914,1201,STR,CP,0,0.0,83.24000000000069,effect_0-5
1915,1202,Somatosensory,SSp-ll4,0,0.0,83.24000000000069,effect_0-5
1916,1203,STR,CP,0,0.0,83.24000000000069,effect_0-5
1917,1204,STR,LSr,530,6.367131186929308,83.24000000000069,effect_0-5
1918,1208,STR,LSr,7,0.08409418548774558,83.24000000000069,effect_0-5
1919,1210,STR,LSr,18,0.2162421912542029,83.24000000000069,effect_0-5
1920,1211,STR,LSr,189,2.2705430081691307,83.24000000000069,effect_0-5
1921,1212,STR,LSr,90,1.0812109562710146,83.24000000000069,effect_0-5
1922,1214,STR,LSr,150,1.802018260451691,83.24000000000069,effect_0-5
1923,1215,STR,LSr,1341,16.110043248438117,83.24000000000069,effect_0-5
1924,1216,STR,LSr,2338,28.087457952907023,83.24000000000069,effect_0-5
1925,1219,STR,LSr,2248,27.00624699663601,83.24000000000069,effect_0-5
1926,1220,STR,LSr,125,1.5016818837097425,83.24000000000069,effect_0-5
1927,1221,STR,LSr,721,8.661701105237794,83.24000000000069,effect_0-5
1928,1222,STR,LSr,1087,13.05862566073992,83.24000000000069,effect_0-5
1929,1223,STR,LSr,840,10.091302258529469,83.24000000000069,effect_0-5
1930,1224,STR,LSr,773,9.286400768861048,83.24000000000069,effect_0-5
1931,1227,STR,LSr,708,8.505526189331981,83.24000000000069,effect_0-5
1932,1229,STR,LSr,22,0.26429601153291465,83.24000000000069,effect_0-5
1933,1231,STR,LSr,457,5.490148966842819,83.24000000000069,effect_0-5
1934,1234,STR,LSr,950,11.412782316194043,83.24000000000069,effect_0-5
1935,1235,STR,LSr,714,8.57760691975005,83.24000000000069,effect_0-5
1936,1238,STR,LSr,291,3.4959154252762805,83.24000000000069,effect_0-5
1937,1239,STR,LSr,363,4.360884190293092,83.24000000000069,effect_0-5
1938,1241,STR,CP,1948,23.402210475732627,83.24000000000069,effect_0-5
1939,1242,STR,CP,1320,15.85776069197488,83.24000000000069,effect_0-5
1940,1244,Other,fa,19,0.22825564632388085,83.24000000000069,effect_0-5
1941,1249,Other,fa,1371,16.470446900528454,83.24000000000069,effect_0-5
1942,1251,Other,fa,881,10.583853916386264,83.24000000000069,effect_0-5
1943,1252,Other,fa,239,2.8712157616530276,83.24000000000069,effect_0-5
1944,1254,Other,fa,620,7.448342143200323,83.24000000000069,effect_0-5
1945,1255,Other,fa,3,0.036040365209033816,83.24000000000069,effect_0-5
1946,1257,Other,fa,76,0.9130225852955234,83.24000000000069,effect_0-5
1947,1258,Other,fa,766,9.202306583373302,83.24000000000069,effect_0-5
1948,1260,Other,fa,464,5.574243152330564,83.24000000000069,effect_0-5
1949,1261,Other,fa,601,7.2200864968764416,83.24000000000069,effect_0-5
1950,1263,Other,fa,978,11.749159058145025,83.24000000000069,effect_0-5
1951,1264,Other,fa,1237,14.860643921191611,83.24000000000069,effect_0-5
1952,1266,Other,fa,325,3.9043728976453305,83.24000000000069,effect_0-5
1953,1268,Other,fa,3,0.036040365209033816,83.24000000000069,effect_0-5
1954,1269,Other,fa,96,1.153291686689082,83.24000000000069,effect_0-5
1955,1270,Other,fa,102,1.2253724171071498,83.24000000000069,effect_0-5
1956,1275,Other,fa,12,0.14416146083613526,83.24000000000069,effect_0-5
1957,1276,Other,fa,6,0.07208073041806763,83.24000000000069,effect_0-5
1958,1280,Other,fa,3,0.036040365209033816,83.24000000000069,effect_0-5
1959,1281,Other,fa,38,0.4565112926477617,83.24000000000069,effect_0-5
1960,1282,Other,fa,786,9.44257568476686,83.24000000000069,effect_0-5
1961,1284,Other,fa,396,4.757328207592464,83.24000000000069,effect_0-5
1962,1286,Other,fa,3,0.036040365209033816,83.24000000000069,effect_0-5
1963,1287,Other,fa,323,3.8803459875059745,83.24000000000069,effect_0-5
1964,1291,Other,fa,629,7.556463238827424,83.24000000000069,effect_0-5
1965,1292,Other,fa,888,10.66794810187401,83.24000000000069,effect_0-5
1966,1293,Other,fa,9,0.10812109562710145,83.24000000000069,effect_0-5
1967,1294,Other,fa,410,4.925516578567955,83.24000000000069,effect_0-5
1968,1295,Other,fa,342,4.108601633829855,83.24000000000069,effect_0-5
1969,1296,Other,fa,130,1.561749159058132,83.24000000000069,effect_0-5
1970,1297,Other,fa,185,2.2224891878904187,83.24000000000069,effect_0-5
1971,1300,Other,fa,469,5.634310427678954,83.24000000000069,effect_0-5
1972,1301,Other,fa,15,0.1802018260451691,83.24000000000069,effect_0-5
1973,1306,Other,fa,518,6.222969726093173,83.24000000000069,effect_0-5
1974,1309,Other,fa,431,5.177799135031192,83.24000000000069,effect_0-5
1975,1310,Other,fa,2,0.02402691013935588,83.24000000000069,effect_0-5
1976,1312,Other,cing,765,9.190293128303624,83.24000000000069,effect_0-5
1977,1313,Other,cing,268,3.219605958673688,83.24000000000069,effect_0-5
1978,1315,Motor,MOs6b,351,4.216722729456957,83.24000000000069,effect_0-5
1979,1316,Motor,MOs6a,43,0.5165785679961514,83.24000000000069,effect_0-5
1980,1317,Motor,MOs6a,116,1.393560788082641,83.24000000000069,effect_0-5
1981,1318,Motor,MOs6a,633,7.6045170591061355,83.24000000000069,effect_0-5
1982,1321,Motor,MOs6a,899,10.800096107640467,83.24000000000069,effect_0-5
1983,1326,Motor,MOs6a,98,1.177318596828438,83.24000000000069,effect_0-5
1984,1329,Motor,MOs6a,187,2.2465160980297747,83.24000000000069,effect_0-5
1985,1333,Motor,MOs6a,140,1.6818837097549115,83.24000000000069,effect_0-5
1986,1334,Motor,MOs6a,417,5.009610764055701,83.24000000000069,effect_0-5
1987,1336,Motor,MOs6a,98,1.177318596828438,83.24000000000069,effect_0-5
1988,1339,Motor,MOs6a,162,1.9461797212878262,83.24000000000069,effect_0-5
1989,1340,Motor,MOs6a,66,0.792888034598744,83.24000000000069,effect_0-5
1990,1341,Motor,MOs6a,267,3.20759250360401,83.24000000000069,effect_0-5
1991,1342,Motor,MOs6a,905,10.872176838058536,83.24000000000069,effect_0-5
1992,1346,Motor,MOs5,10,0.12013455069677939,83.24000000000069,effect_0-5
1993,1352,Motor,MOs5,2,0.02402691013935588,83.24000000000069,effect_0-5
1994,1355,Motor,MOs5,47,0.5646323882748632,83.24000000000069,effect_0-5
1995,1357,Motor,MOs5,27,0.3243632868813044,83.24000000000069,effect_0-5
1996,1359,Motor,MOs5,44,0.5285920230658293,83.24000000000069,effect_0-5
1997,1361,Motor,MOs5,69,0.8289283998077779,83.24000000000069,effect_0-5
1998,1364,Motor,MOs5,305,3.6641037962517715,83.24000000000069,effect_0-5
1999,1366,STR,LSr,147,1.765977895242657,83.24000000000069,effect_0-5
2000,1367,STR,LSr,178,2.138395002402673,83.24000000000069,effect_0-5
2001,1368,STR,LSr,271,3.2556463238827216,83.24000000000069,effect_0-5
2002,1370,STR,LSr,40,0.48053820278711756,83.24000000000069,effect_0-5
2003,1372,STR,LSr,281,3.375780874579501,83.24000000000069,effect_0-5
2004,1373,STR,LSr,546,6.559346468044155,83.24000000000069,effect_0-5
2005,1375,STR,LSr,411,4.937530033637633,83.24000000000069,effect_0-5
2006,1376,STR,LSr,120,1.4416146083613528,83.24000000000069,effect_0-5
2007,1377,Other,fa,5,0.060067275348389695,83.24000000000069,effect_0-5
2008,1378,Other,fa,5,0.060067275348389695,83.24000000000069,effect_0-5
2009,1379,Other,fa,138,1.6578567996155558,83.24000000000069,effect_0-5
2010,1380,Other,fa,224,2.6910139356078586,83.24000000000069,effect_0-5
2011,1381,Other,fa,7,0.08409418548774558,83.24000000000069,effect_0-5
2012,1383,Other,fa,8,0.09610764055742352,83.24000000000069,effect_0-5
2013,1386,Other,fa,5,0.060067275348389695,83.24000000000069,effect_0-5
2014,1387,Other,fa,76,0.9130225852955234,83.24000000000069,effect_0-5
2015,1388,Other,fa,11,0.13214800576645733,83.24000000000069,effect_0-5
2016,1390,Other,fa,386,4.637193656895684,83.24000000000069,effect_0-5
2017,1394,Motor,MOs6b,44,0.5285920230658293,83.24000000000069,effect_0-5
2018,1395,Motor,MOs6a,35,0.4204709274387279,83.24000000000069,effect_0-5
2019,1396,Motor,MOs6a,6,0.07208073041806763,83.24000000000069,effect_0-5
2020,1400,Motor,MOs6a,92,1.1052378664103704,83.24000000000069,effect_0-5
2021,1407,STR,LSr,7,0.08409418548774558,83.24000000000069,effect_0-5
2022,1409,STR,LSr,24,0.2883229216722705,83.24000000000069,effect_0-5
2023,1410,Other,fa,79,0.9490629505045572,83.24000000000069,effect_0-5
2024,1412,Other,fa,20,0.24026910139355878,83.24000000000069,effect_0-5
2025,1414,Other,fa,28,0.3363767419509823,83.24000000000069,effect_0-5
2026,1415,Other,fa,54,0.6487265737626088,83.24000000000069,effect_0-5
2027,1416,Other,fa,618,7.424315233060967,83.24000000000069,effect_0-5
2028,1417,Other,fa,144,1.7299375300336233,83.24000000000069,effect_0-5
2029,1418,Other,fa,141,1.6938971648245895,83.24000000000069,effect_0-5
2030,1424,Other,fa,9,0.10812109562710145,83.24000000000069,effect_0-5
2031,0,Thalamus,VPM,1492,12.304139864753354,121.26000000000067,effect_5-10
2032,2,Thalamus,VPM,0,0.0,121.26000000000067,effect_5-10
2033,3,Thalamus,VPM,588,4.8490846115784,121.26000000000067,effect_5-10
2034,8,Thalamus,VPM,128,1.0555830446973387,121.26000000000067,effect_5-10
2035,9,Thalamus,VPM,603,4.972785749628869,121.26000000000067,effect_5-10
2036,13,Thalamus,VPM,1176,9.6981692231568,121.26000000000067,effect_5-10
2037,14,Thalamus,VPM,624,5.145967342899526,121.26000000000067,effect_5-10
2038,20,Thalamus,VPM,416,3.430644895266351,121.26000000000067,effect_5-10
2039,25,Thalamus,VPM,72,0.593765462642253,121.26000000000067,effect_5-10
2040,40,Thalamus,VPM,1014,8.362196932211729,121.26000000000067,effect_5-10
2041,51,Thalamus,VPM,1481,12.213425696849676,121.26000000000067,effect_5-10
2042,54,Thalamus,VPM,636,5.244928253339902,121.26000000000067,effect_5-10
2043,59,Thalamus,VPM,274,2.2596074550552405,121.26000000000067,effect_5-10
2044,62,Thalamus,VPM,686,5.6572653801748,121.26000000000067,effect_5-10
2045,63,Thalamus,VPM,236,1.9462312386607181,121.26000000000067,effect_5-10
2046,66,Thalamus,VPM,220,1.814283358073551,121.26000000000067,effect_5-10
2047,67,Thalamus,VPM,835,6.886030018142796,121.26000000000067,effect_5-10
2048,68,Thalamus,VPM,26,0.21441530595414693,121.26000000000067,effect_5-10
2049,70,Thalamus,VPM,270,2.226620484908449,121.26000000000067,effect_5-10
2050,73,Thalamus,VPM,887,7.314860630051089,121.26000000000067,effect_5-10
2051,76,Thalamus,VPM,543,4.477981197426992,121.26000000000067,effect_5-10
2052,77,Thalamus,VPM,1706,14.068942767606718,121.26000000000067,effect_5-10
2053,80,Thalamus,PO,159,1.3112320633349754,121.26000000000067,effect_5-10
2054,86,Thalamus,PO,359,2.960580570674567,121.26000000000067,effect_5-10
2055,87,Thalamus,PO,138,1.1380504700643184,121.26000000000067,effect_5-10
2056,88,Thalamus,PO,70,0.5772719775688571,121.26000000000067,effect_5-10
2057,89,Thalamus,PO,1,0.008246742536697958,121.26000000000067,effect_5-10
2058,90,Thalamus,PO,383,3.1585023915553183,121.26000000000067,effect_5-10
2059,91,Thalamus,PO,353,2.911100115454379,121.26000000000067,effect_5-10
2060,93,Thalamus,PO,534,4.40376051459671,121.26000000000067,effect_5-10
2061,95,Thalamus,PO,426,3.51311232063333,121.26000000000067,effect_5-10
2062,98,Thalamus,PO,1823,15.033811644400378,121.26000000000067,effect_5-10
2063,99,Thalamus,PO,0,0.0,121.26000000000067,effect_5-10
2064,100,Thalamus,PO,275,2.2678541975919386,121.26000000000067,effect_5-10
2065,103,Thalamus,PO,920,7.5870031337621215,121.26000000000067,effect_5-10
2066,104,Thalamus,PO,1164,9.599208312716424,121.26000000000067,effect_5-10
2067,106,Thalamus,PO,1277,10.531090219363293,121.26000000000067,effect_5-10
2068,108,Thalamus,PO,795,6.556160316674877,121.26000000000067,effect_5-10
2069,109,Thalamus,PO,899,7.4138215404914645,121.26000000000067,effect_5-10
2070,111,Thalamus,PO,31,0.2556490186376367,121.26000000000067,effect_5-10
2071,112,Thalamus,PO,149,1.2287646379679957,121.26000000000067,effect_5-10
2072,113,Thalamus,PO,339,2.795645719940608,121.26000000000067,effect_5-10
2073,114,Thalamus,PO,455,3.752267854197571,121.26000000000067,effect_5-10
2074,115,Thalamus,PO,1384,11.413491670789975,121.26000000000067,effect_5-10
2075,117,Thalamus,PO,12,0.0989609104403755,121.26000000000067,effect_5-10
2076,118,Thalamus,PO,630,5.195447798119714,121.26000000000067,effect_5-10
2077,119,Thalamus,PO,1530,12.617516081147876,121.26000000000067,effect_5-10
2078,122,Thalamus,PO,436,3.59557974600031,121.26000000000067,effect_5-10
2079,123,Thalamus,PO,314,2.589477156523159,121.26000000000067,effect_5-10
2080,124,Thalamus,PO,486,4.0079168728352075,121.26000000000067,effect_5-10
2081,126,Thalamus,PO,335,2.762658749793816,121.26000000000067,effect_5-10
2082,128,Thalamus,PO,1295,10.679531585023856,121.26000000000067,effect_5-10
2083,130,Thalamus,PO,1206,9.945571499257738,121.26000000000067,effect_5-10
2084,131,Thalamus,PO,16,0.13194788058716733,121.26000000000067,effect_5-10
2085,132,Thalamus,PO,390,3.2162295893122037,121.26000000000067,effect_5-10
2086,133,Thalamus,PO,896,7.389081312881371,121.26000000000067,effect_5-10
2087,134,Thalamus,PO,2164,17.845950849414383,121.26000000000067,effect_5-10
2088,135,Thalamus,PO,3248,26.78541975919497,121.26000000000067,effect_5-10
2089,138,Thalamus,PO,227,1.8720105558304365,121.26000000000067,effect_5-10
2090,139,Thalamus,PO,296,2.4410357908625957,121.26000000000067,effect_5-10
2091,140,Thalamus,PO,1057,8.716806861289742,121.26000000000067,effect_5-10
2092,141,Thalamus,PO,360,2.968827313211265,121.26000000000067,effect_5-10
2093,142,Thalamus,PO,3043,25.094837539171888,121.26000000000067,effect_5-10
2094,144,Thalamus,PO,5320,43.87267029523314,121.26000000000067,effect_5-10
2095,145,Thalamus,PO,1492,12.304139864753354,121.26000000000067,effect_5-10
2096,146,Thalamus,PO,2527,20.839518390235742,121.26000000000067,effect_5-10
2097,147,Thalamus,LD,1664,13.722579581065403,121.26000000000067,effect_5-10
2098,148,Thalamus,LD,2094,17.268678871845527,121.26000000000067,effect_5-10
2099,151,Thalamus,LD,1567,12.922645555005701,121.26000000000067,effect_5-10
2100,153,Thalamus,LD,1067,8.799274286656722,121.26000000000067,effect_5-10
2101,155,Thalamus,LD,855,7.050964868876754,121.26000000000067,effect_5-10
2102,156,Thalamus,LD,1577,13.005112980372681,121.26000000000067,effect_5-10
2103,157,Thalamus,LD,1300,10.720765297707347,121.26000000000067,effect_5-10
2104,160,Thalamus,LD,136,1.1215569849909224,121.26000000000067,effect_5-10
2105,161,Thalamus,LD,413,3.405904667656257,121.26000000000067,effect_5-10
2106,162,Thalamus,LD,2963,24.43509813623605,121.26000000000067,effect_5-10
2107,163,Thalamus,LD,677,5.583044697344518,121.26000000000067,effect_5-10
2108,164,Thalamus,LD,1902,15.685304304799518,121.26000000000067,effect_5-10
2109,165,Thalamus,LD,2973,24.517565561603032,121.26000000000067,effect_5-10
2110,166,Thalamus,LD,56,0.46181758205508566,121.26000000000067,effect_5-10
2111,172,Thalamus,LD,2479,20.44367474847424,121.26000000000067,effect_5-10
2112,173,Thalamus,LD,2483,20.47666171862103,121.26000000000067,effect_5-10
2113,174,Thalamus,LD,2274,18.75309252845116,121.26000000000067,effect_5-10
2114,175,Thalamus,LD,1225,10.102259607454998,121.26000000000067,effect_5-10
2115,176,Thalamus,LD,1894,15.619330364505933,121.26000000000067,effect_5-10
2116,177,Thalamus,LD,3401,28.04717136730976,121.26000000000067,effect_5-10
2117,184,Thalamus,LD,2977,24.550552531749823,121.26000000000067,effect_5-10
2118,188,Thalamus,LD,3702,30.529440870855844,121.26000000000067,effect_5-10
2119,189,Thalamus,LD,1461,12.048490846115717,121.26000000000067,effect_5-10
2120,192,Thalamus,LD,2456,20.253999670130185,121.26000000000067,effect_5-10
2121,194,Thalamus,LD,2133,17.590301830776745,121.26000000000067,effect_5-10
2122,198,Thalamus,LD,2535,20.905492330529324,121.26000000000067,effect_5-10
2123,204,Thalamus,LD,2826,23.30529440870843,121.26000000000067,effect_5-10
2124,206,Thalamus,LD,3166,26.109186871185738,121.26000000000067,effect_5-10
2125,207,Thalamus,LD,2110,17.400626752432693,121.26000000000067,effect_5-10
2126,209,Thalamus,LD,1188,9.797130133597175,121.26000000000067,effect_5-10
2127,210,Thalamus,LD,1400,11.545439551377141,121.26000000000067,effect_5-10
2128,212,Thalamus,LD,1629,13.433943592280974,121.26000000000067,effect_5-10
2129,214,Thalamus,LD,2061,16.996536368134493,121.26000000000067,effect_5-10
2130,221,Thalamus,LD,874,7.207652977074016,121.26000000000067,effect_5-10
2131,222,Thalamus,LD,1965,16.20484908461149,121.26000000000067,effect_5-10
2132,223,Thalamus,LD,29,0.2391555335642408,121.26000000000067,effect_5-10
2133,225,Thalamus,LD,1384,11.413491670789975,121.26000000000067,effect_5-10
2134,227,Thalamus,LD,109,0.8988949365000775,121.26000000000067,effect_5-10
2135,233,Other,CA3,2746,22.645555005772593,121.26000000000067,effect_5-10
2136,240,Other,CA3,542,4.469734454890293,121.26000000000067,effect_5-10
2137,243,Other,CA3,495,4.082137555665489,121.26000000000067,effect_5-10
2138,244,Other,CA3,1877,15.479135741382068,121.26000000000067,effect_5-10
2139,245,Other,CA3,154,1.2699983506514856,121.26000000000067,effect_5-10
2140,247,Other,CA3,6,0.04948045522018775,121.26000000000067,effect_5-10
2141,249,Other,CA3,5,0.04123371268348979,121.26000000000067,effect_5-10
2142,250,Other,CA3,67,0.5525317499587632,121.26000000000067,effect_5-10
2143,255,Other,CA3,55,0.4535708395183877,121.26000000000067,effect_5-10
2144,257,Other,CA3,118,0.9731156193303591,121.26000000000067,effect_5-10
2145,258,Other,CA3,1472,12.139205014019394,121.26000000000067,effect_5-10
2146,259,Other,CA3,2478,20.435428005937542,121.26000000000067,effect_5-10
2147,261,Other,CA3,880,7.257133432294204,121.26000000000067,effect_5-10
2148,262,Other,CA3,507,4.1810984661058646,121.26000000000067,effect_5-10
2149,266,Other,CA3,4,0.03298697014679183,121.26000000000067,effect_5-10
2150,267,Other,CA3,3121,25.738083457034328,121.26000000000067,effect_5-10
2151,272,Other,CA3,37,0.30512947385782446,121.26000000000067,effect_5-10
2152,283,Other,CA3,1345,11.091868711858755,121.26000000000067,effect_5-10
2153,285,Other,CA3,921,7.59524987629882,121.26000000000067,effect_5-10
2154,287,Other,CA3,529,4.36252680191322,121.26000000000067,effect_5-10
2155,288,Other,CA3,514,4.238825663862751,121.26000000000067,effect_5-10
2156,293,Other,CA2,850,7.009731156193265,121.26000000000067,effect_5-10
2157,297,Other,CA2,1937,15.973940293583945,121.26000000000067,effect_5-10
2158,298,Other,CA2,61,0.5030512947385755,121.26000000000067,effect_5-10
2159,305,Other,CA1,692,5.706745835394988,121.26000000000067,effect_5-10
2160,307,Other,CA1,1304,10.753752267854138,121.26000000000067,effect_5-10
2161,310,Other,CA1,75,0.6185056902523469,121.26000000000067,effect_5-10
2162,312,Other,CA1,567,4.675903018307743,121.26000000000067,effect_5-10
2163,314,Other,CA1,228,1.8802572983671346,121.26000000000067,effect_5-10
2164,322,Other,alv,247,2.0369454065643957,121.26000000000067,effect_5-10
2165,327,Somatosensory,SSp-ll6b,439,3.6203199736104037,121.26000000000067,effect_5-10
2166,328,Somatosensory,SSp-ll6a,1095,9.030183077684265,121.26000000000067,effect_5-10
2167,329,Somatosensory,SSp-ll6a,1119,9.228104898565016,121.26000000000067,effect_5-10
2168,330,Somatosensory,SSp-ll6a,260,2.1441530595414693,121.26000000000067,effect_5-10
2169,331,Somatosensory,SSp-ll6a,382,3.15025564901862,121.26000000000067,effect_5-10
2170,332,Somatosensory,SSp-ll6a,980,8.081807685964,121.26000000000067,effect_5-10
2171,333,Somatosensory,SSp-ll6a,198,1.6328550222661957,121.26000000000067,effect_5-10
2172,334,Somatosensory,SSp-ll6a,340,2.803892462477306,121.26000000000067,effect_5-10
2173,338,Somatosensory,SSp-ll6a,44,0.3628566716147102,121.26000000000067,effect_5-10
2174,341,Somatosensory,SSp-ll6a,137,1.1298037275276203,121.26000000000067,effect_5-10
2175,342,Somatosensory,SSp-ll6a,122,1.006102589477151,121.26000000000067,effect_5-10
2176,343,Somatosensory,SSp-ll6a,0,0.0,121.26000000000067,effect_5-10
2177,344,Somatosensory,SSp-ll6a,1237,10.201220517895374,121.26000000000067,effect_5-10
2178,345,Somatosensory,SSp-ll6a,510,4.205838693715958,121.26000000000067,effect_5-10
2179,346,Somatosensory,SSp-ll6a,155,1.2782450931881835,121.26000000000067,effect_5-10
2180,347,Somatosensory,SSp-ll6a,563,4.64291604816095,121.26000000000067,effect_5-10
2181,348,Somatosensory,SSp-ll6a,42,0.34636318654131426,121.26000000000067,effect_5-10
2182,349,Somatosensory,SSp-ll6a,172,1.4184397163120488,121.26000000000067,effect_5-10
2183,350,Somatosensory,SSp-ll6a,616,5.079993402605942,121.26000000000067,effect_5-10
2184,353,Somatosensory,SSp-ll6a,225,1.8555170707570408,121.26000000000067,effect_5-10
2185,356,Somatosensory,SSp-ll6a,149,1.2287646379679957,121.26000000000067,effect_5-10
2186,357,Somatosensory,SSp-ll6a,3,0.024740227610093875,121.26000000000067,effect_5-10
2187,358,Somatosensory,SSp-ll6a,48,0.395843641761502,121.26000000000067,effect_5-10
2188,359,Somatosensory,SSp-ll6a,199,1.6411017648028938,121.26000000000067,effect_5-10
2189,365,Somatosensory,SSp-ll5,91,0.7504535708395143,121.26000000000067,effect_5-10
2190,370,Somatosensory,SSp-ll5,455,3.752267854197571,121.26000000000067,effect_5-10
2191,371,Somatosensory,SSp-ll5,488,4.024410357908604,121.26000000000067,effect_5-10
2192,372,Somatosensory,SSp-ll5,17,0.1401946231238653,121.26000000000067,effect_5-10
2193,375,Somatosensory,SSp-ll5,891,7.347847600197881,121.26000000000067,effect_5-10
2194,376,Somatosensory,SSp-ll5,271,2.2348672274451467,121.26000000000067,effect_5-10
2195,377,Somatosensory,SSp-ll5,220,1.814283358073551,121.26000000000067,effect_5-10
2196,378,Somatosensory,SSp-tr5,620,5.112980372752734,121.26000000000067,effect_5-10
2197,380,Somatosensory,SSp-tr5,422,3.4801253504865386,121.26000000000067,effect_5-10
2198,381,Somatosensory,SSp-tr5,1225,10.102259607454998,121.26000000000067,effect_5-10
2199,382,Somatosensory,SSp-tr5,1276,10.522843476826596,121.26000000000067,effect_5-10
2200,386,Somatosensory,SSp-tr5,1611,13.28550222662041,121.26000000000067,effect_5-10
2201,388,Somatosensory,SSp-tr5,889,7.331354115124485,121.26000000000067,effect_5-10
2202,389,Somatosensory,SSp-tr5,1194,9.846610588817363,121.26000000000067,effect_5-10
2203,392,Somatosensory,SSp-tr5,4,0.03298697014679183,121.26000000000067,effect_5-10
2204,394,Somatosensory,SSp-tr5,203,1.6740887349496856,121.26000000000067,effect_5-10
2205,395,Somatosensory,SSp-tr5,1065,8.782780801583327,121.26000000000067,effect_5-10
2206,396,Somatosensory,SSp-tr5,663,5.467590301830747,121.26000000000067,effect_5-10
2207,397,Somatosensory,SSp-tr5,248,2.045192149101094,121.26000000000067,effect_5-10
2208,398,Somatosensory,SSp-tr5,16,0.13194788058716733,121.26000000000067,effect_5-10
2209,400,Somatosensory,SSp-tr5,23,0.18967507834405303,121.26000000000067,effect_5-10
2210,401,Somatosensory,SSp-tr5,497,4.098631040738885,121.26000000000067,effect_5-10
2211,402,Somatosensory,SSp-tr5,1080,8.906481939633796,121.26000000000067,effect_5-10
2212,403,Somatosensory,SSp-tr5,1099,9.063170047831056,121.26000000000067,effect_5-10
2213,404,Somatosensory,SSp-tr5,569,4.692396503381138,121.26000000000067,effect_5-10
2214,406,Somatosensory,SSp-tr5,0,0.0,121.26000000000067,effect_5-10
2215,407,Somatosensory,SSp-tr5,0,0.0,121.26000000000067,effect_5-10
2216,408,Somatosensory,SSp-tr5,1001,8.254989279234657,121.26000000000067,effect_5-10
2217,410,Somatosensory,SSp-tr5,142,1.1710374402111101,121.26000000000067,effect_5-10
2218,413,Somatosensory,SSp-tr5,104,0.8576612238165877,121.26000000000067,effect_5-10
2219,416,Somatosensory,SSp-tr5,68,0.5607784924954612,121.26000000000067,effect_5-10
2220,418,Somatosensory,SSp-tr5,43,0.3546099290780122,121.26000000000067,effect_5-10
2221,425,Somatosensory,SSp-tr4,17,0.1401946231238653,121.26000000000067,effect_5-10
2222,430,Somatosensory,SSp-tr4,0,0.0,121.26000000000067,effect_5-10
2223,436,Somatosensory,SSp-tr4,367,3.026554510968151,121.26000000000067,effect_5-10
2224,438,Somatosensory,SSp-tr4,150,1.2370113805046938,121.26000000000067,effect_5-10
2225,439,Somatosensory,SSp-tr4,0,0.0,121.26000000000067,effect_5-10
2226,445,Somatosensory,SSp-tr2/3,1,0.008246742536697958,121.26000000000067,effect_5-10
2227,449,Somatosensory,SSp-tr2/3,2,0.016493485073395917,121.26000000000067,effect_5-10
2228,472,Thalamus,PO,583,4.80785089889491,121.26000000000067,effect_5-10
2229,473,Thalamus,PO,21,0.17318159327065713,121.26000000000067,effect_5-10
2230,475,Thalamus,PO,432,3.5625927758535183,121.26000000000067,effect_5-10
2231,476,Thalamus,PO,3,0.024740227610093875,121.26000000000067,effect_5-10
2232,480,Thalamus,PO,109,0.8988949365000775,121.26000000000067,effect_5-10
2233,481,Thalamus,PO,60,0.4948045522018775,121.26000000000067,effect_5-10
2234,482,Thalamus,PO,137,1.1298037275276203,121.26000000000067,effect_5-10
2235,483,Thalamus,PO,112,0.9236351641101713,121.26000000000067,effect_5-10
2236,485,Thalamus,LD,2592,21.37555665512111,121.26000000000067,effect_5-10
2237,486,Thalamus,LD,1080,8.906481939633796,121.26000000000067,effect_5-10
2238,487,Thalamus,LD,1071,8.832261256803514,121.26000000000067,effect_5-10
2239,488,Thalamus,LD,1081,8.914728682170493,121.26000000000067,effect_5-10
2240,489,Thalamus,LD,2024,16.691406894276668,121.26000000000067,effect_5-10
2241,490,Thalamus,LD,1684,13.887514431799362,121.26000000000067,effect_5-10
2242,494,Thalamus,LD,2887,23.808345703447007,121.26000000000067,effect_5-10
2243,496,Thalamus,LD,1175,9.689922480620101,121.26000000000067,effect_5-10
2244,497,Other,CA3,10,0.08246742536697958,121.26000000000067,effect_5-10
2245,501,Other,CA3,1102,9.08791027544115,121.26000000000067,effect_5-10
2246,504,Other,CA3,5,0.04123371268348979,121.26000000000067,effect_5-10
2247,507,Other,CA3,0,0.0,121.26000000000067,effect_5-10
2248,509,Other,CA2,0,0.0,121.26000000000067,effect_5-10
2249,514,Other,CA1,55,0.4535708395183877,121.26000000000067,effect_5-10
2250,515,Other,CA1,1054,8.692066633679648,121.26000000000067,effect_5-10
2251,516,Other,CA1,641,5.286161966023392,121.26000000000067,effect_5-10
2252,518,Somatosensory,SSp-ll6a,11,0.09071416790367755,121.26000000000067,effect_5-10
2253,519,Somatosensory,SSp-ll6a,17,0.1401946231238653,121.26000000000067,effect_5-10
2254,520,Somatosensory,SSp-ll6a,480,3.95843641761502,121.26000000000067,effect_5-10
2255,521,Somatosensory,SSp-ll5,0,0.0,121.26000000000067,effect_5-10
2256,522,Somatosensory,SSp-ll5,18,0.14844136566056326,121.26000000000067,effect_5-10
2257,523,Somatosensory,SSp-tr5,263,2.168893287151563,121.26000000000067,effect_5-10
2258,525,Somatosensory,SSp-tr5,121,0.9978558469404529,121.26000000000067,effect_5-10
2259,527,Somatosensory,SSp-tr5,24,0.197921820880751,121.26000000000067,effect_5-10
2260,531,Somatosensory,SSp-tr5,11,0.09071416790367755,121.26000000000067,effect_5-10
2261,534,Somatosensory,SSp-tr2/3,10,0.08246742536697958,121.26000000000067,effect_5-10
2262,538,Somatosensory,SSp-tr2/3,261,2.1523998020781674,121.26000000000067,effect_5-10
2263,544,Somatosensory,SSp-tr5,140,1.1545439551377141,121.26000000000067,effect_5-10
2264,546,Somatosensory,SSp-tr2/3,0,0.0,121.26000000000067,effect_5-10
2265,547,Somatosensory,SSp-tr4,13,0.10720765297707346,121.26000000000067,effect_5-10
2266,549,Thalamus,VPM,154,1.2699983506514856,121.26000000000067,effect_5-10
2267,551,Thalamus,PO,1092,9.005442850074171,121.26000000000067,effect_5-10
2268,554,Other,CA3,72,0.593765462642253,121.26000000000067,effect_5-10
2269,557,Somatosensory,SSp-ll6a,44,0.3628566716147102,121.26000000000067,effect_5-10
2270,558,Somatosensory,SSp-tr5,17,0.1401946231238653,121.26000000000067,effect_5-10
2271,560,Somatosensory,SSp-tr5,0,0.0,121.26000000000067,effect_5-10
2272,561,Somatosensory,SSp-tr4,9,0.07422068283028163,121.26000000000067,effect_5-10
2273,563,Somatosensory,SSp-tr4,1,0.008246742536697958,121.26000000000067,effect_5-10
2274,565,Somatosensory,SSp-tr4,7,0.05772719775688571,121.26000000000067,effect_5-10
2275,567,STR,CP,24,0.197921820880751,121.26000000000067,effect_5-10
2276,571,STR,CP,438,3.612073231073706,121.26000000000067,effect_5-10
2277,572,STR,CP,305,2.5152564736928773,121.26000000000067,effect_5-10
2278,573,STR,CP,4,0.03298697014679183,121.26000000000067,effect_5-10
2279,575,STR,CP,5,0.04123371268348979,121.26000000000067,effect_5-10
2280,576,STR,CP,247,2.0369454065643957,121.26000000000067,effect_5-10
2281,577,STR,CP,61,0.5030512947385755,121.26000000000067,effect_5-10
2282,578,STR,CP,725,5.97888833910602,121.26000000000067,effect_5-10
2283,579,STR,CP,0,0.0,121.26000000000067,effect_5-10
2284,580,STR,CP,0,0.0,121.26000000000067,effect_5-10
2285,581,STR,CP,0,0.0,121.26000000000067,effect_5-10
2286,582,STR,CP,3,0.024740227610093875,121.26000000000067,effect_5-10
2287,584,STR,CP,253,2.0864258617845834,121.26000000000067,effect_5-10
2288,585,STR,CP,170,1.401946231238653,121.26000000000067,effect_5-10
2289,589,STR,CP,23,0.18967507834405303,121.26000000000067,effect_5-10
2290,592,STR,CP,1,0.008246742536697958,121.26000000000067,effect_5-10
2291,593,STR,CP,10,0.08246742536697958,121.26000000000067,effect_5-10
2292,596,STR,CP,52,0.42883061190829386,121.26000000000067,effect_5-10
2293,599,STR,CP,945,7.793171697179571,121.26000000000067,effect_5-10
2294,600,STR,CP,32,0.26389576117433466,121.26000000000067,effect_5-10
2295,603,STR,CP,2,0.016493485073395917,121.26000000000067,effect_5-10
2296,605,STR,CP,147,1.2122711528946,121.26000000000067,effect_5-10
2297,606,STR,CP,0,0.0,121.26000000000067,effect_5-10
2298,608,STR,CP,161,1.3277255484083714,121.26000000000067,effect_5-10
2299,615,STR,CP,233,1.9214910110506243,121.26000000000067,effect_5-10
2300,619,STR,CP,2,0.016493485073395917,121.26000000000067,effect_5-10
2301,626,STR,CP,4208,34.70229259442501,121.26000000000067,effect_5-10
2302,629,STR,CP,61,0.5030512947385755,121.26000000000067,effect_5-10
2303,630,STR,CP,33,0.27214250371103266,121.26000000000067,effect_5-10
2304,631,STR,CP,656,5.409863104073861,121.26000000000067,effect_5-10
2305,634,STR,CP,194,1.599868052119404,121.26000000000067,effect_5-10
2306,635,STR,CP,240,1.97921820880751,121.26000000000067,effect_5-10
2307,636,STR,CP,103,0.8494144812798897,121.26000000000067,effect_5-10
2308,638,STR,CP,724,5.970641596569322,121.26000000000067,effect_5-10
2309,639,STR,CP,97,0.799934026059702,121.26000000000067,effect_5-10
2310,641,STR,CP,52,0.42883061190829386,121.26000000000067,effect_5-10
2311,642,STR,CP,42,0.34636318654131426,121.26000000000067,effect_5-10
2312,643,STR,CP,517,4.263565891472845,121.26000000000067,effect_5-10
2313,644,STR,CP,435,3.587333003463612,121.26000000000067,effect_5-10
2314,645,STR,CP,0,0.0,121.26000000000067,effect_5-10
2315,647,STR,CP,1070,8.824014514266816,121.26000000000067,effect_5-10
2316,649,STR,CP,3,0.024740227610093875,121.26000000000067,effect_5-10
2317,652,STR,CP,3,0.024740227610093875,121.26000000000067,effect_5-10
2318,657,STR,CP,0,0.0,121.26000000000067,effect_5-10
2319,659,STR,CP,410,3.381164440046163,121.26000000000067,effect_5-10
2320,660,STR,CP,0,0.0,121.26000000000067,effect_5-10
2321,661,STR,CP,8,0.06597394029358367,121.26000000000067,effect_5-10
2322,662,STR,CP,0,0.0,121.26000000000067,effect_5-10
2323,665,STR,CP,0,0.0,121.26000000000067,effect_5-10
2324,671,STR,CP,351,2.8946066303809834,121.26000000000067,effect_5-10
2325,674,STR,CP,1,0.008246742536697958,121.26000000000067,effect_5-10
2326,683,STR,CP,616,5.079993402605942,121.26000000000067,effect_5-10
2327,686,STR,CP,4,0.03298697014679183,121.26000000000067,effect_5-10
2328,687,STR,CP,915,7.545769421078632,121.26000000000067,effect_5-10
2329,688,STR,CP,149,1.2287646379679957,121.26000000000067,effect_5-10
2330,689,STR,CP,837,6.902523503216191,121.26000000000067,effect_5-10
2331,690,STR,CP,640,5.277915223486693,121.26000000000067,effect_5-10
2332,691,STR,CP,251,2.0699323767111877,121.26000000000067,effect_5-10
2333,693,STR,CP,2364,19.495299356753975,121.26000000000067,effect_5-10
2334,696,STR,CP,351,2.8946066303809834,121.26000000000067,effect_5-10
2335,699,STR,CP,885,7.298367144977694,121.26000000000067,effect_5-10
2336,701,STR,CP,58,0.4783110671284816,121.26000000000067,effect_5-10
2337,702,STR,CP,175,1.4431799439221427,121.26000000000067,effect_5-10
2338,705,STR,CP,119,0.981362361867057,121.26000000000067,effect_5-10
2339,706,STR,CP,733,6.044862279399603,121.26000000000067,effect_5-10
2340,709,STR,CP,255,2.102919346857979,121.26000000000067,effect_5-10
2341,710,STR,CP,19,0.1566881081972612,121.26000000000067,effect_5-10
2342,714,STR,CP,6,0.04948045522018775,121.26000000000067,effect_5-10
2343,716,STR,CP,341,2.8121392050140037,121.26000000000067,effect_5-10
2344,719,STR,CP,27,0.2226620484908449,121.26000000000067,effect_5-10
2345,722,STR,CP,640,5.277915223486693,121.26000000000067,effect_5-10
2346,724,STR,CP,113,0.9318819066468693,121.26000000000067,effect_5-10
2347,725,STR,CP,19,0.1566881081972612,121.26000000000067,effect_5-10
2348,726,STR,CP,72,0.593765462642253,121.26000000000067,effect_5-10
2349,727,STR,CP,491,4.0491505855186976,121.26000000000067,effect_5-10
2350,728,STR,CP,375,3.0925284512617344,121.26000000000067,effect_5-10
2351,729,STR,CP,42,0.34636318654131426,121.26000000000067,effect_5-10
2352,730,STR,CP,11,0.09071416790367755,121.26000000000067,effect_5-10
2353,733,STR,CP,310,2.556490186376367,121.26000000000067,effect_5-10
2354,736,STR,CP,787,6.490186376381294,121.26000000000067,effect_5-10
2355,737,STR,CP,2,0.016493485073395917,121.26000000000067,effect_5-10
2356,739,STR,CP,4,0.03298697014679183,121.26000000000067,effect_5-10
2357,742,STR,CP,62,0.5112980372752735,121.26000000000067,effect_5-10
2358,743,STR,CP,2850,23.50321622958918,121.26000000000067,effect_5-10
2359,744,STR,CP,1287,10.613557644730273,121.26000000000067,effect_5-10
2360,746,STR,CP,113,0.9318819066468693,121.26000000000067,effect_5-10
2361,747,STR,CP,50,0.4123371268348979,121.26000000000067,effect_5-10
2362,748,STR,CP,3901,32.170542635658734,121.26000000000067,effect_5-10
2363,749,STR,CP,718,5.921161141349134,121.26000000000067,effect_5-10
2364,750,STR,CP,132,1.0885700148441306,121.26000000000067,effect_5-10
2365,751,STR,CP,975,8.040573973280509,121.26000000000067,effect_5-10
2366,753,STR,CP,694,5.723239320468383,121.26000000000067,effect_5-10
2367,754,STR,CP,559,4.609929078014159,121.26000000000067,effect_5-10
2368,755,STR,CP,2000,16.493485073395917,121.26000000000067,effect_5-10
2369,757,Other,ccb,158,1.3029853207982773,121.26000000000067,effect_5-10
2370,759,Other,ccb,188,1.5503875968992162,121.26000000000067,effect_5-10
2371,760,Other,ccb,0,0.0,121.26000000000067,effect_5-10
2372,763,Other,ccb,1946,16.048160976414227,121.26000000000067,effect_5-10
2373,766,Other,ccb,0,0.0,121.26000000000067,effect_5-10
2374,767,Other,ccb,1,0.008246742536697958,121.26000000000067,effect_5-10
2375,768,Other,ccb,161,1.3277255484083714,121.26000000000067,effect_5-10
2376,770,Other,ccb,0,0.0,121.26000000000067,effect_5-10
2377,771,Other,ccb,0,0.0,121.26000000000067,effect_5-10
2378,775,Other,ccb,75,0.6185056902523469,121.26000000000067,effect_5-10
2379,777,Other,ccb,2158,17.796470394194195,121.26000000000067,effect_5-10
2380,780,Other,ccb,38,0.3133762163945224,121.26000000000067,effect_5-10
2381,781,Other,ccb,13,0.10720765297707346,121.26000000000067,effect_5-10
2382,782,Other,ccb,72,0.593765462642253,121.26000000000067,effect_5-10
2383,783,Other,ccb,7,0.05772719775688571,121.26000000000067,effect_5-10
2384,785,Other,ccb,34,0.2803892462477306,121.26000000000067,effect_5-10
2385,786,Other,ccb,123,1.0143493320138488,121.26000000000067,effect_5-10
2386,787,Other,scwm,9,0.07422068283028163,121.26000000000067,effect_5-10
2387,789,Other,ccb,101,0.8329209962064938,121.26000000000067,effect_5-10
2388,791,Other,scwm,0,0.0,121.26000000000067,effect_5-10
2389,793,Other,scwm,3,0.024740227610093875,121.26000000000067,effect_5-10
2390,796,Other,scwm,62,0.5112980372752735,121.26000000000067,effect_5-10
2391,798,Other,scwm,35,0.28863598878442853,121.26000000000067,effect_5-10
2392,799,Other,scwm,9,0.07422068283028163,121.26000000000067,effect_5-10
2393,803,Somatosensory,SSp-ul6b,14,0.11545439551377142,121.26000000000067,effect_5-10
2394,805,Somatosensory,SSp-ul6b,10,0.08246742536697958,121.26000000000067,effect_5-10
2395,807,Somatosensory,SSp-ul6a,5,0.04123371268348979,121.26000000000067,effect_5-10
2396,810,Somatosensory,SSp-ul6b,54,0.4453240969816898,121.26000000000067,effect_5-10
2397,811,Somatosensory,SSp-ul6a,49,0.4040903842982,121.26000000000067,effect_5-10
2398,820,Somatosensory,SSp-ul6a,7,0.05772719775688571,121.26000000000067,effect_5-10
2399,824,Somatosensory,SSp-ul6a,4,0.03298697014679183,121.26000000000067,effect_5-10
2400,825,Somatosensory,SSp-ul6a,1,0.008246742536697958,121.26000000000067,effect_5-10
2401,830,Somatosensory,SSp-ul6a,26,0.21441530595414693,121.26000000000067,effect_5-10
2402,832,Somatosensory,SSp-ul6a,8,0.06597394029358367,121.26000000000067,effect_5-10
2403,835,Somatosensory,SSp-ul6a,1,0.008246742536697958,121.26000000000067,effect_5-10
2404,837,Somatosensory,SSp-ul6a,26,0.21441530595414693,121.26000000000067,effect_5-10
2405,839,Somatosensory,SSp-ul6a,130,1.0720765297707346,121.26000000000067,effect_5-10
2406,841,Somatosensory,SSp-ul6a,594,4.898565066798588,121.26000000000067,effect_5-10
2407,842,Somatosensory,SSp-ul6a,26,0.21441530595414693,121.26000000000067,effect_5-10
2408,843,Somatosensory,SSp-ul6a,55,0.4535708395183877,121.26000000000067,effect_5-10
2409,845,Somatosensory,SSp-ul6a,16,0.13194788058716733,121.26000000000067,effect_5-10
2410,847,Somatosensory,SSp-ul6a,632,5.211941283193109,121.26000000000067,effect_5-10
2411,849,Somatosensory,SSp-ul6a,0,0.0,121.26000000000067,effect_5-10
2412,851,Somatosensory,SSp-ul6a,2074,17.103744021111567,121.26000000000067,effect_5-10
2413,852,Somatosensory,SSp-ul6a,1381,11.388751443179881,121.26000000000067,effect_5-10
2414,854,Somatosensory,SSp-ul6a,435,3.587333003463612,121.26000000000067,effect_5-10
2415,855,Somatosensory,SSp-ul6a,2105,17.359393039749204,121.26000000000067,effect_5-10
2416,856,Somatosensory,SSp-ul6a,3854,31.78294573643393,121.26000000000067,effect_5-10
2417,857,Somatosensory,SSp-ul6a,545,4.494474682500387,121.26000000000067,effect_5-10
2418,860,Somatosensory,SSp-ul6a,738,6.086095992083093,121.26000000000067,effect_5-10
2419,861,Somatosensory,SSp-ul6a,38,0.3133762163945224,121.26000000000067,effect_5-10
2420,862,Somatosensory,SSp-ul6a,473,3.9007092198581343,121.26000000000067,effect_5-10
2421,863,Somatosensory,SSp-ul6a,783,6.457199406234501,121.26000000000067,effect_5-10
2422,865,Somatosensory,SSp-ul6a,368,3.0348012535048485,121.26000000000067,effect_5-10
2423,867,Somatosensory,SSp-ul6a,1038,8.560118753092482,121.26000000000067,effect_5-10
2424,868,Somatosensory,SSp-ul6a,905,7.463301995711652,121.26000000000067,effect_5-10
2425,869,Somatosensory,SSp-ul6a,1777,14.654461487712272,121.26000000000067,effect_5-10
2426,870,Somatosensory,SSp-ul6a,432,3.5625927758535183,121.26000000000067,effect_5-10
2427,874,Somatosensory,SSp-ul6a,85,0.7009731156193265,121.26000000000067,effect_5-10
2428,875,Somatosensory,SSp-ul6a,22,0.1814283358073551,121.26000000000067,effect_5-10
2429,876,Somatosensory,SSp-ul6a,1189,9.805376876133872,121.26000000000067,effect_5-10
2430,877,Somatosensory,SSp-ul6a,340,2.803892462477306,121.26000000000067,effect_5-10
2431,878,Somatosensory,SSp-ul6a,528,4.3542800593765225,121.26000000000067,effect_5-10
2432,879,Somatosensory,SSp-ul6a,578,4.76661718621142,121.26000000000067,effect_5-10
2433,882,Somatosensory,SSp-ul6a,513,4.230578921326052,121.26000000000067,effect_5-10
2434,884,Somatosensory,SSp-ul6a,512,4.222332178789355,121.26000000000067,effect_5-10
2435,886,Somatosensory,SSp-ul6a,158,1.3029853207982773,121.26000000000067,effect_5-10
2436,887,Somatosensory,SSp-ul6a,217,1.789543130463457,121.26000000000067,effect_5-10
2437,888,Somatosensory,SSp-ul6a,2776,22.89295728187353,121.26000000000067,effect_5-10
2438,893,Somatosensory,SSp-ul6a,60,0.4948045522018775,121.26000000000067,effect_5-10
2439,894,Somatosensory,SSp-ul6a,230,1.8967507834405304,121.26000000000067,effect_5-10
2440,899,Somatosensory,SSp-ul5,275,2.2678541975919386,121.26000000000067,effect_5-10
2441,900,Somatosensory,SSp-ul5,33,0.27214250371103266,121.26000000000067,effect_5-10
2442,901,Somatosensory,SSp-ul5,141,1.1627906976744122,121.26000000000067,effect_5-10
2443,902,Somatosensory,SSp-ul5,589,4.8573313541150975,121.26000000000067,effect_5-10
2444,906,Somatosensory,SSp-ul5,190,1.5668810819726122,121.26000000000067,effect_5-10
2445,909,Somatosensory,SSp-ul5,110,0.9071416790367755,121.26000000000067,effect_5-10
2446,910,Somatosensory,SSp-ul5,55,0.4535708395183877,121.26000000000067,effect_5-10
2447,914,Somatosensory,SSp-ul5,2,0.016493485073395917,121.26000000000067,effect_5-10
2448,915,Somatosensory,SSp-ul5,4,0.03298697014679183,121.26000000000067,effect_5-10
2449,916,Somatosensory,SSp-ll5,280,2.3090879102754283,121.26000000000067,effect_5-10
2450,917,Somatosensory,SSp-ll5,138,1.1380504700643184,121.26000000000067,effect_5-10
2451,918,Somatosensory,SSp-ll5,3,0.024740227610093875,121.26000000000067,effect_5-10
2452,924,Somatosensory,SSp-ll5,5,0.04123371268348979,121.26000000000067,effect_5-10
2453,925,Somatosensory,SSp-ll5,49,0.4040903842982,121.26000000000067,effect_5-10
2454,934,Somatosensory,SSp-ll5,616,5.079993402605942,121.26000000000067,effect_5-10
2455,938,Somatosensory,SSp-ll5,2,0.016493485073395917,121.26000000000067,effect_5-10
2456,939,Somatosensory,SSp-ll5,1519,12.5268019132442,121.26000000000067,effect_5-10
2457,940,Somatosensory,SSp-ll5,4309,35.5352135906315,121.26000000000067,effect_5-10
2458,949,Somatosensory,SSp-ll5,244,2.012205178954302,121.26000000000067,effect_5-10
2459,950,Somatosensory,SSp-ll5,186,1.5338941118258203,121.26000000000067,effect_5-10
2460,953,Somatosensory,SSp-ll5,48,0.395843641761502,121.26000000000067,effect_5-10
2461,960,Somatosensory,SSp-ll5,9,0.07422068283028163,121.26000000000067,effect_5-10
2462,966,Somatosensory,SSp-ll5,260,2.1441530595414693,121.26000000000067,effect_5-10
2463,968,Somatosensory,SSp-ll5,59,0.48655780966517953,121.26000000000067,effect_5-10
2464,970,Somatosensory,SSp-ll4,28,0.23090879102754283,121.26000000000067,effect_5-10
2465,973,Somatosensory,SSp-ll4,17,0.1401946231238653,121.26000000000067,effect_5-10
2466,975,Somatosensory,SSp-ll4,82,0.6762328880092326,121.26000000000067,effect_5-10
2467,977,Somatosensory,SSp-ll4,1,0.008246742536697958,121.26000000000067,effect_5-10
2468,983,STR,CP,400,3.2986970146791834,121.26000000000067,effect_5-10
2469,985,STR,CP,94,0.7751937984496081,121.26000000000067,effect_5-10
2470,986,STR,CP,13,0.10720765297707346,121.26000000000067,effect_5-10
2471,988,STR,CP,0,0.0,121.26000000000067,effect_5-10
2472,990,STR,CP,74,0.6102589477156489,121.26000000000067,effect_5-10
2473,992,STR,CP,0,0.0,121.26000000000067,effect_5-10
2474,996,STR,CP,2,0.016493485073395917,121.26000000000067,effect_5-10
2475,999,STR,CP,12,0.0989609104403755,121.26000000000067,effect_5-10
2476,1001,STR,CP,1,0.008246742536697958,121.26000000000067,effect_5-10
2477,1002,STR,CP,0,0.0,121.26000000000067,effect_5-10
2478,1003,STR,CP,0,0.0,121.26000000000067,effect_5-10
2479,1004,STR,CP,9,0.07422068283028163,121.26000000000067,effect_5-10
2480,1005,STR,CP,0,0.0,121.26000000000067,effect_5-10
2481,1008,STR,CP,3,0.024740227610093875,121.26000000000067,effect_5-10
2482,1010,STR,CP,0,0.0,121.26000000000067,effect_5-10
2483,1012,STR,CP,0,0.0,121.26000000000067,effect_5-10
2484,1013,STR,CP,74,0.6102589477156489,121.26000000000067,effect_5-10
2485,1018,STR,CP,13,0.10720765297707346,121.26000000000067,effect_5-10
2486,1020,STR,CP,21,0.17318159327065713,121.26000000000067,effect_5-10
2487,1026,STR,CP,19,0.1566881081972612,121.26000000000067,effect_5-10
2488,1027,STR,CP,1,0.008246742536697958,121.26000000000067,effect_5-10
2489,1029,STR,CP,441,3.6368134586838,121.26000000000067,effect_5-10
2490,1030,STR,CP,0,0.0,121.26000000000067,effect_5-10
2491,1031,STR,CP,41,0.3381164440046163,121.26000000000067,effect_5-10
2492,1033,STR,CP,141,1.1627906976744122,121.26000000000067,effect_5-10
2493,1034,STR,CP,1,0.008246742536697958,121.26000000000067,effect_5-10
2494,1037,STR,CP,0,0.0,121.26000000000067,effect_5-10
2495,1038,STR,CP,0,0.0,121.26000000000067,effect_5-10
2496,1041,STR,CP,0,0.0,121.26000000000067,effect_5-10
2497,1042,STR,CP,0,0.0,121.26000000000067,effect_5-10
2498,1043,STR,CP,0,0.0,121.26000000000067,effect_5-10
2499,1045,STR,CP,1,0.008246742536697958,121.26000000000067,effect_5-10
2500,1052,STR,CP,178,1.4679201715322365,121.26000000000067,effect_5-10
2501,1054,STR,CP,339,2.795645719940608,121.26000000000067,effect_5-10
2502,1057,STR,CP,559,4.609929078014159,121.26000000000067,effect_5-10
2503,1060,STR,CP,15,0.12370113805046938,121.26000000000067,effect_5-10
2504,1061,STR,CP,1308,10.78673923800093,121.26000000000067,effect_5-10
2505,1063,STR,CP,25,0.20616856341744896,121.26000000000067,effect_5-10
2506,1065,STR,CP,125,1.0308428170872448,121.26000000000067,effect_5-10
2507,1067,STR,CP,1,0.008246742536697958,121.26000000000067,effect_5-10
2508,1068,STR,CP,67,0.5525317499587632,121.26000000000067,effect_5-10
2509,1069,STR,CP,19,0.1566881081972612,121.26000000000067,effect_5-10
2510,1070,STR,CP,249,2.0534388916377915,121.26000000000067,effect_5-10
2511,1071,STR,CP,229,1.8885040409038325,121.26000000000067,effect_5-10
2512,1072,Other,ccb,223,1.8390235856836448,121.26000000000067,effect_5-10
2513,1073,Other,ccb,310,2.556490186376367,121.26000000000067,effect_5-10
2514,1074,Other,ccb,0,0.0,121.26000000000067,effect_5-10
2515,1075,Other,ccb,58,0.4783110671284816,121.26000000000067,effect_5-10
2516,1076,Other,ccb,2,0.016493485073395917,121.26000000000067,effect_5-10
2517,1077,Other,ccb,0,0.0,121.26000000000067,effect_5-10
2518,1078,Other,ccb,413,3.405904667656257,121.26000000000067,effect_5-10
2519,1079,Other,ccb,0,0.0,121.26000000000067,effect_5-10
2520,1080,Other,ccb,0,0.0,121.26000000000067,effect_5-10
2521,1082,Other,scwm,197,1.6246082797294978,121.26000000000067,effect_5-10
2522,1083,Other,scwm,8,0.06597394029358367,121.26000000000067,effect_5-10
2523,1085,Other,scwm,0,0.0,121.26000000000067,effect_5-10
2524,1086,Other,scwm,0,0.0,121.26000000000067,effect_5-10
2525,1090,Somatosensory,SSp-ul6a,29,0.2391555335642408,121.26000000000067,effect_5-10
2526,1091,Somatosensory,SSp-ul6a,109,0.8988949365000775,121.26000000000067,effect_5-10
2527,1092,Somatosensory,SSp-ul6a,100,0.8246742536697959,121.26000000000067,effect_5-10
2528,1093,Somatosensory,SSp-ul6a,22,0.1814283358073551,121.26000000000067,effect_5-10
2529,1094,Somatosensory,SSp-ul6a,155,1.2782450931881835,121.26000000000067,effect_5-10
2530,1095,Somatosensory,SSp-ul6a,190,1.5668810819726122,121.26000000000067,effect_5-10
2531,1096,Somatosensory,SSp-ul6a,196,1.6163615371928,121.26000000000067,effect_5-10
2532,1098,Somatosensory,SSp-ul6a,72,0.593765462642253,121.26000000000067,effect_5-10
2533,1099,Somatosensory,SSp-ul6a,127,1.0473363021606408,121.26000000000067,effect_5-10
2534,1100,Somatosensory,SSp-ul6a,189,1.5586343394359141,121.26000000000067,effect_5-10
2535,1101,Somatosensory,SSp-ul6a,143,1.179284182747808,121.26000000000067,effect_5-10
2536,1102,Somatosensory,SSp-ul5,198,1.6328550222661957,121.26000000000067,effect_5-10
2537,1103,Somatosensory,SSp-ul5,65,0.5360382648853673,121.26000000000067,effect_5-10
2538,1106,Somatosensory,SSp-ul5,1,0.008246742536697958,121.26000000000067,effect_5-10
2539,1107,Somatosensory,SSp-ul5,41,0.3381164440046163,121.26000000000067,effect_5-10
2540,1108,Somatosensory,SSp-ul5,20,0.16493485073395917,121.26000000000067,effect_5-10
2541,1111,Somatosensory,SSp-ll5,6,0.04948045522018775,121.26000000000067,effect_5-10
2542,1113,Somatosensory,SSp-ll5,2,0.016493485073395917,121.26000000000067,effect_5-10
2543,1115,Somatosensory,SSp-ll5,116,0.9566221342569632,121.26000000000067,effect_5-10
2544,1117,Somatosensory,SSp-ll5,16,0.13194788058716733,121.26000000000067,effect_5-10
2545,1118,Somatosensory,SSp-ll5,45,0.37110341415140813,121.26000000000067,effect_5-10
2546,1119,Somatosensory,SSp-ll5,39,0.3216229589312204,121.26000000000067,effect_5-10
2547,1122,Somatosensory,SSp-ll5,3,0.024740227610093875,121.26000000000067,effect_5-10
2548,1123,Somatosensory,SSp-ll5,0,0.0,121.26000000000067,effect_5-10
2549,1127,Somatosensory,SSp-ll4,5,0.04123371268348979,121.26000000000067,effect_5-10
2550,1128,STR,CP,53,0.4370773544449918,121.26000000000067,effect_5-10
2551,1130,STR,CP,0,0.0,121.26000000000067,effect_5-10
2552,1131,STR,CP,0,0.0,121.26000000000067,effect_5-10
2553,1132,STR,CP,2,0.016493485073395917,121.26000000000067,effect_5-10
2554,1133,STR,CP,1,0.008246742536697958,121.26000000000067,effect_5-10
2555,1134,STR,CP,0,0.0,121.26000000000067,effect_5-10
2556,1135,STR,CP,1,0.008246742536697958,121.26000000000067,effect_5-10
2557,1136,STR,CP,2,0.016493485073395917,121.26000000000067,effect_5-10
2558,1139,STR,CP,4,0.03298697014679183,121.26000000000067,effect_5-10
2559,1141,STR,CP,1,0.008246742536697958,121.26000000000067,effect_5-10
2560,1142,STR,CP,0,0.0,121.26000000000067,effect_5-10
2561,1143,STR,CP,32,0.26389576117433466,121.26000000000067,effect_5-10
2562,1146,STR,CP,4,0.03298697014679183,121.26000000000067,effect_5-10
2563,1147,STR,CP,163,1.3442190334817672,121.26000000000067,effect_5-10
2564,1152,Other,ccb,8,0.06597394029358367,121.26000000000067,effect_5-10
2565,1153,Somatosensory,SSp-ul6a,27,0.2226620484908449,121.26000000000067,effect_5-10
2566,1154,Somatosensory,SSp-ul6a,4,0.03298697014679183,121.26000000000067,effect_5-10
2567,1158,Somatosensory,SSp-ul5,113,0.9318819066468693,121.26000000000067,effect_5-10
2568,1160,Somatosensory,SSp-ll5,8,0.06597394029358367,121.26000000000067,effect_5-10
2569,1161,Somatosensory,SSp-ll4,3,0.024740227610093875,121.26000000000067,effect_5-10
2570,1163,STR,CP,2,0.016493485073395917,121.26000000000067,effect_5-10
2571,1164,Somatosensory,SSp-ul6a,14,0.11545439551377142,121.26000000000067,effect_5-10
2572,1166,Somatosensory,SSp-ul5,13,0.10720765297707346,121.26000000000067,effect_5-10
2573,1171,STR,CP,0,0.0,121.26000000000067,effect_5-10
2574,1172,STR,CP,1,0.008246742536697958,121.26000000000067,effect_5-10
2575,1177,STR,CP,4,0.03298697014679183,121.26000000000067,effect_5-10
2576,1179,STR,CP,52,0.42883061190829386,121.26000000000067,effect_5-10
2577,1180,Other,ccb,379,3.1255154214085263,121.26000000000067,effect_5-10
2578,1181,Other,scwm,0,0.0,121.26000000000067,effect_5-10
2579,1182,Somatosensory,SSp-ul6a,5,0.04123371268348979,121.26000000000067,effect_5-10
2580,1183,Somatosensory,SSp-ul6a,6,0.04948045522018775,121.26000000000067,effect_5-10
2581,1184,Somatosensory,SSp-ul5,325,2.6801913244268367,121.26000000000067,effect_5-10
2582,1186,Somatosensory,SSp-ll5,203,1.6740887349496856,121.26000000000067,effect_5-10
2583,1187,Somatosensory,SSp-ll5,3,0.024740227610093875,121.26000000000067,effect_5-10
2584,1188,Somatosensory,SSp-ll5,11,0.09071416790367755,121.26000000000067,effect_5-10
2585,1189,Somatosensory,SSp-ll4,61,0.5030512947385755,121.26000000000067,effect_5-10
2586,1191,STR,CP,2,0.016493485073395917,121.26000000000067,effect_5-10
2587,1192,STR,CP,0,0.0,121.26000000000067,effect_5-10
2588,1196,STR,CP,5,0.04123371268348979,121.26000000000067,effect_5-10
2589,1197,STR,CP,19,0.1566881081972612,121.26000000000067,effect_5-10
2590,1199,Somatosensory,SSp-ul6a,1,0.008246742536697958,121.26000000000067,effect_5-10
2591,1201,STR,CP,0,0.0,121.26000000000067,effect_5-10
2592,1202,Somatosensory,SSp-ll4,5,0.04123371268348979,121.26000000000067,effect_5-10
2593,1203,STR,CP,0,0.0,121.26000000000067,effect_5-10
2594,1204,STR,LSr,743,6.127329704766583,121.26000000000067,effect_5-10
2595,1208,STR,LSr,12,0.0989609104403755,121.26000000000067,effect_5-10
2596,1210,STR,LSr,31,0.2556490186376367,121.26000000000067,effect_5-10
2597,1211,STR,LSr,413,3.405904667656257,121.26000000000067,effect_5-10
2598,1212,STR,LSr,169,1.393699488701955,121.26000000000067,effect_5-10
2599,1214,STR,LSr,152,1.2535048655780896,121.26000000000067,effect_5-10
2600,1215,STR,LSr,1845,15.215239980207734,121.26000000000067,effect_5-10
2601,1216,STR,LSr,3249,26.793666501731668,121.26000000000067,effect_5-10
2602,1219,STR,LSr,3139,25.88652482269489,121.26000000000067,effect_5-10
2603,1220,STR,LSr,73,0.6020122051789509,121.26000000000067,effect_5-10
2604,1221,STR,LSr,1279,10.54758370443669,121.26000000000067,effect_5-10
2605,1222,STR,LSr,1365,11.256803562592713,121.26000000000067,effect_5-10
2606,1223,STR,LSr,976,8.048820715817207,121.26000000000067,effect_5-10
2607,1224,STR,LSr,1108,9.137390730661338,121.26000000000067,effect_5-10
2608,1227,STR,LSr,904,7.4550552531749545,121.26000000000067,effect_5-10
2609,1229,STR,LSr,45,0.37110341415140813,121.26000000000067,effect_5-10
2610,1231,STR,LSr,528,4.3542800593765225,121.26000000000067,effect_5-10
2611,1234,STR,LSr,1021,8.419924129968615,121.26000000000067,effect_5-10
2612,1235,STR,LSr,949,7.826158667326363,121.26000000000067,effect_5-10
2613,1238,STR,LSr,296,2.4410357908625957,121.26000000000067,effect_5-10
2614,1239,STR,LSr,469,3.8677222497113424,121.26000000000067,effect_5-10
2615,1241,STR,CP,2324,19.165429655286054,121.26000000000067,effect_5-10
2616,1242,STR,CP,1863,15.363681345868297,121.26000000000067,effect_5-10
2617,1244,Other,fa,55,0.4535708395183877,121.26000000000067,effect_5-10
2618,1249,Other,fa,1908,15.734784760019705,121.26000000000067,effect_5-10
2619,1251,Other,fa,1294,10.67128484248716,121.26000000000067,effect_5-10
2620,1252,Other,fa,510,4.205838693715958,121.26000000000067,effect_5-10
2621,1254,Other,fa,458,3.777008081807665,121.26000000000067,effect_5-10
2622,1255,Other,fa,35,0.28863598878442853,121.26000000000067,effect_5-10
2623,1257,Other,fa,129,1.0638297872340365,121.26000000000067,effect_5-10
2624,1258,Other,fa,1059,8.733300346363139,121.26000000000067,effect_5-10
2625,1260,Other,fa,563,4.64291604816095,121.26000000000067,effect_5-10
2626,1261,Other,fa,974,8.032327230743812,121.26000000000067,effect_5-10
2627,1263,Other,fa,1704,14.05244928253332,121.26000000000067,effect_5-10
2628,1264,Other,fa,1988,16.39452416295554,121.26000000000067,effect_5-10
2629,1266,Other,fa,520,4.288306119082939,121.26000000000067,effect_5-10
2630,1268,Other,fa,15,0.12370113805046938,121.26000000000067,effect_5-10
2631,1269,Other,fa,190,1.5668810819726122,121.26000000000067,effect_5-10
2632,1270,Other,fa,39,0.3216229589312204,121.26000000000067,effect_5-10
2633,1275,Other,fa,8,0.06597394029358367,121.26000000000067,effect_5-10
2634,1276,Other,fa,28,0.23090879102754283,121.26000000000067,effect_5-10
2635,1280,Other,fa,9,0.07422068283028163,121.26000000000067,effect_5-10
2636,1281,Other,fa,51,0.42058386937159586,121.26000000000067,effect_5-10
2637,1282,Other,fa,1177,9.706415965693497,121.26000000000067,effect_5-10
2638,1284,Other,fa,407,3.3564242124360693,121.26000000000067,effect_5-10
2639,1286,Other,fa,19,0.1566881081972612,121.26000000000067,effect_5-10
2640,1287,Other,fa,288,2.375061850569012,121.26000000000067,effect_5-10
2641,1291,Other,fa,913,7.529275936005236,121.26000000000067,effect_5-10
2642,1292,Other,fa,1030,8.494144812798897,121.26000000000067,effect_5-10
2643,1293,Other,fa,31,0.2556490186376367,121.26000000000067,effect_5-10
2644,1294,Other,fa,450,3.7110341415140815,121.26000000000067,effect_5-10
2645,1295,Other,fa,472,3.8924624773214362,121.26000000000067,effect_5-10
2646,1296,Other,fa,132,1.0885700148441306,121.26000000000067,effect_5-10
2647,1297,Other,fa,330,2.7214250371103264,121.26000000000067,effect_5-10
2648,1300,Other,fa,689,5.682005607784894,121.26000000000067,effect_5-10
2649,1301,Other,fa,48,0.395843641761502,121.26000000000067,effect_5-10
2650,1306,Other,fa,650,5.360382648853673,121.26000000000067,effect_5-10
2651,1309,Other,fa,927,7.644730331519008,121.26000000000067,effect_5-10
2652,1310,Other,fa,1,0.008246742536697958,121.26000000000067,effect_5-10
2653,1312,Other,cing,978,8.065314200890603,121.26000000000067,effect_5-10
2654,1313,Other,cing,384,3.166749134092016,121.26000000000067,effect_5-10
2655,1315,Motor,MOs6b,585,4.824344383968306,121.26000000000067,effect_5-10
2656,1316,Motor,MOs6a,95,0.7834405409863061,121.26000000000067,effect_5-10
2657,1317,Motor,MOs6a,280,2.3090879102754283,121.26000000000067,effect_5-10
2658,1318,Motor,MOs6a,1161,9.57446808510633,121.26000000000067,effect_5-10
2659,1321,Motor,MOs6a,1000,8.246742536697958,121.26000000000067,effect_5-10
2660,1326,Motor,MOs6a,149,1.2287646379679957,121.26000000000067,effect_5-10
2661,1329,Motor,MOs6a,305,2.5152564736928773,121.26000000000067,effect_5-10
2662,1333,Motor,MOs6a,286,2.358568365495616,121.26000000000067,effect_5-10
2663,1334,Motor,MOs6a,491,4.0491505855186976,121.26000000000067,effect_5-10
2664,1336,Motor,MOs6a,140,1.1545439551377141,121.26000000000067,effect_5-10
2665,1339,Motor,MOs6a,227,1.8720105558304365,121.26000000000067,effect_5-10
2666,1340,Motor,MOs6a,24,0.197921820880751,121.26000000000067,effect_5-10
2667,1341,Motor,MOs6a,404,3.3316839848259754,121.26000000000067,effect_5-10
2668,1342,Motor,MOs6a,1239,10.217714002968771,121.26000000000067,effect_5-10
2669,1346,Motor,MOs5,23,0.18967507834405303,121.26000000000067,effect_5-10
2670,1352,Motor,MOs5,0,0.0,121.26000000000067,effect_5-10
2671,1355,Motor,MOs5,56,0.46181758205508566,121.26000000000067,effect_5-10
2672,1357,Motor,MOs5,65,0.5360382648853673,121.26000000000067,effect_5-10
2673,1359,Motor,MOs5,32,0.26389576117433466,121.26000000000067,effect_5-10
2674,1361,Motor,MOs5,73,0.6020122051789509,121.26000000000067,effect_5-10
2675,1364,Motor,MOs5,321,2.6472043542800447,121.26000000000067,effect_5-10
2676,1366,STR,LSr,255,2.102919346857979,121.26000000000067,effect_5-10
2677,1367,STR,LSr,169,1.393699488701955,121.26000000000067,effect_5-10
2678,1368,STR,LSr,401,3.3069437572158815,121.26000000000067,effect_5-10
2679,1370,STR,LSr,51,0.42058386937159586,121.26000000000067,effect_5-10
2680,1372,STR,LSr,313,2.581230413986461,121.26000000000067,effect_5-10
2681,1373,STR,LSr,785,6.4736928913078975,121.26000000000067,effect_5-10
2682,1375,STR,LSr,539,4.444994227280199,121.26000000000067,effect_5-10
2683,1376,STR,LSr,119,0.981362361867057,121.26000000000067,effect_5-10
2684,1377,Other,fa,30,0.24740227610093876,121.26000000000067,effect_5-10
2685,1378,Other,fa,3,0.024740227610093875,121.26000000000067,effect_5-10
2686,1379,Other,fa,294,2.4245423057892,121.26000000000067,effect_5-10
2687,1380,Other,fa,275,2.2678541975919386,121.26000000000067,effect_5-10
2688,1381,Other,fa,6,0.04948045522018775,121.26000000000067,effect_5-10
2689,1383,Other,fa,5,0.04123371268348979,121.26000000000067,effect_5-10
2690,1386,Other,fa,11,0.09071416790367755,121.26000000000067,effect_5-10
2691,1387,Other,fa,30,0.24740227610093876,121.26000000000067,effect_5-10
2692,1388,Other,fa,60,0.4948045522018775,121.26000000000067,effect_5-10
2693,1390,Other,fa,386,3.183242619165412,121.26000000000067,effect_5-10
2694,1394,Motor,MOs6b,151,1.2452581230413917,121.26000000000067,effect_5-10
2695,1395,Motor,MOs6a,90,0.7422068283028163,121.26000000000067,effect_5-10
2696,1396,Motor,MOs6a,27,0.2226620484908449,121.26000000000067,effect_5-10
2697,1400,Motor,MOs6a,94,0.7751937984496081,121.26000000000067,effect_5-10
2698,1407,STR,LSr,11,0.09071416790367755,121.26000000000067,effect_5-10
2699,1409,STR,LSr,44,0.3628566716147102,121.26000000000067,effect_5-10
2700,1410,Other,fa,45,0.37110341415140813,121.26000000000067,effect_5-10
2701,1412,Other,fa,32,0.26389576117433466,121.26000000000067,effect_5-10
2702,1414,Other,fa,55,0.4535708395183877,121.26000000000067,effect_5-10
2703,1415,Other,fa,91,0.7504535708395143,121.26000000000067,effect_5-10
2704,1416,Other,fa,846,6.9767441860464725,121.26000000000067,effect_5-10
2705,1417,Other,fa,259,2.135906317004771,121.26000000000067,effect_5-10
2706,1418,Other,fa,162,1.3359722909450693,121.26000000000067,effect_5-10
2707,1424,Other,fa,36,0.2968827313211265,121.26000000000067,effect_5-10
2708,0,Thalamus,VPM,3218,16.16922922319343,199.0200000000027,effect_10-15
2709,2,Thalamus,VPM,0,0.0,199.0200000000027,effect_10-15
2710,3,Thalamus,VPM,845,4.245804441764589,199.0200000000027,effect_10-15
2711,8,Thalamus,VPM,280,1.406893779519627,199.0200000000027,effect_10-15
2712,9,Thalamus,VPM,475,2.3866948045422247,199.0200000000027,effect_10-15
2713,13,Thalamus,VPM,2038,10.24017686664643,199.0200000000027,effect_10-15
2714,14,Thalamus,VPM,1168,5.868756908853301,199.0200000000027,effect_10-15
2715,20,Thalamus,VPM,461,2.316350115566243,199.0200000000027,effect_10-15
2716,25,Thalamus,VPM,82,0.4120188925736051,199.0200000000027,effect_10-15
2717,40,Thalamus,VPM,1670,8.391116470706347,199.0200000000027,effect_10-15
2718,51,Thalamus,VPM,2491,12.51633001708354,199.0200000000027,effect_10-15
2719,54,Thalamus,VPM,1236,6.210431112450926,199.0200000000027,effect_10-15
2720,59,Thalamus,VPM,430,2.1605868756908557,199.0200000000027,effect_10-15
2721,62,Thalamus,VPM,1119,5.622550497437367,199.0200000000027,effect_10-15
2722,63,Thalamus,VPM,590,2.9645261782735,199.0200000000027,effect_10-15
2723,66,Thalamus,VPM,251,1.2611797809265228,199.0200000000027,effect_10-15
2724,67,Thalamus,VPM,1420,7.134961310420966,199.0200000000027,effect_10-15
2725,68,Thalamus,VPM,42,0.21103406692794408,199.0200000000027,effect_10-15
2726,70,Thalamus,VPM,440,2.2108330821022713,199.0200000000027,effect_10-15
2727,73,Thalamus,VPM,1893,9.511606873680908,199.0200000000027,effect_10-15
2728,76,Thalamus,VPM,916,4.602552507285638,199.0200000000027,effect_10-15
2729,77,Thalamus,VPM,2829,14.214651793789375,199.0200000000027,effect_10-15
2730,80,Thalamus,PO,170,0.8541855089940593,199.0200000000027,effect_10-15
2731,86,Thalamus,PO,660,3.3162496231534067,199.0200000000027,effect_10-15
2732,87,Thalamus,PO,290,1.4571399859310423,199.0200000000027,effect_10-15
2733,88,Thalamus,PO,202,1.014973369510588,199.0200000000027,effect_10-15
2734,89,Thalamus,PO,1,0.005024620641141526,199.0200000000027,effect_10-15
2735,90,Thalamus,PO,620,3.115264797507746,199.0200000000027,effect_10-15
2736,91,Thalamus,PO,732,3.6780223093155966,199.0200000000027,effect_10-15
2737,93,Thalamus,PO,908,4.562355542156505,199.0200000000027,effect_10-15
2738,95,Thalamus,PO,742,3.7282685157270117,199.0200000000027,effect_10-15
2739,98,Thalamus,PO,2982,14.98341875188403,199.0200000000027,effect_10-15
2740,99,Thalamus,PO,0,0.0,199.0200000000027,effect_10-15
2741,100,Thalamus,PO,414,2.0801929454325916,199.0200000000027,effect_10-15
2742,103,Thalamus,PO,1507,7.572103306200279,199.0200000000027,effect_10-15
2743,104,Thalamus,PO,1801,9.049341774695888,199.0200000000027,effect_10-15
2744,106,Thalamus,PO,2157,10.83810672294227,199.0200000000027,effect_10-15
2745,108,Thalamus,PO,1260,6.331022007838322,199.0200000000027,effect_10-15
2746,109,Thalamus,PO,1261,6.336046628479464,199.0200000000027,effect_10-15
2747,111,Thalamus,PO,104,0.5225605466787187,199.0200000000027,effect_10-15
2748,112,Thalamus,PO,278,1.396844538237344,199.0200000000027,effect_10-15
2749,113,Thalamus,PO,458,2.301276253642819,199.0200000000027,effect_10-15
2750,114,Thalamus,PO,666,3.3463973470002557,199.0200000000027,effect_10-15
2751,115,Thalamus,PO,2474,12.430911466184133,199.0200000000027,effect_10-15
2752,117,Thalamus,PO,28,0.1406893779519627,199.0200000000027,effect_10-15
2753,118,Thalamus,PO,925,4.647774093055911,199.0200000000027,effect_10-15
2754,119,Thalamus,PO,1922,9.657320872274012,199.0200000000027,effect_10-15
2755,122,Thalamus,PO,587,2.9494523163500754,199.0200000000027,effect_10-15
2756,123,Thalamus,PO,372,1.8691588785046473,199.0200000000027,effect_10-15
2757,124,Thalamus,PO,697,3.502160586875643,199.0200000000027,effect_10-15
2758,126,Thalamus,PO,509,2.5575319063410364,199.0200000000027,effect_10-15
2759,128,Thalamus,PO,1802,9.054366395337029,199.0200000000027,effect_10-15
2760,130,Thalamus,PO,1400,7.034468897598136,199.0200000000027,effect_10-15
2761,131,Thalamus,PO,60,0.3014772384684915,199.0200000000027,effect_10-15
2762,132,Thalamus,PO,685,3.441865139181945,199.0200000000027,effect_10-15
2763,133,Thalamus,PO,1015,5.099989950758649,199.0200000000027,effect_10-15
2764,134,Thalamus,PO,3245,16.30489398050425,199.0200000000027,effect_10-15
2765,135,Thalamus,PO,4625,23.238870465279554,199.0200000000027,effect_10-15
2766,138,Thalamus,PO,275,1.3817706763139195,199.0200000000027,effect_10-15
2767,139,Thalamus,PO,390,1.959602050045195,199.0200000000027,effect_10-15
2768,140,Thalamus,PO,1046,5.255753190634035,199.0200000000027,effect_10-15
2769,141,Thalamus,PO,318,1.597829363883005,199.0200000000027,effect_10-15
2770,142,Thalamus,PO,4357,21.892272133453627,199.0200000000027,effect_10-15
2771,144,Thalamus,PO,10039,50.442166616419776,199.0200000000027,effect_10-15
2772,145,Thalamus,PO,2293,11.521455130137518,199.0200000000027,effect_10-15
2773,146,Thalamus,PO,3492,17.545975278866205,199.0200000000027,effect_10-15
2774,147,Thalamus,LD,2871,14.42568586071732,199.0200000000027,effect_10-15
2775,148,Thalamus,LD,2978,14.963320269319462,199.0200000000027,effect_10-15
2776,151,Thalamus,LD,2683,13.481057180182713,199.0200000000027,effect_10-15
2777,153,Thalamus,LD,1714,8.612199778916574,199.0200000000027,effect_10-15
2778,155,Thalamus,LD,1587,7.974072957491601,199.0200000000027,effect_10-15
2779,156,Thalamus,LD,2892,14.531202894181291,199.0200000000027,effect_10-15
2780,157,Thalamus,LD,1774,8.913677017385066,199.0200000000027,effect_10-15
2781,160,Thalamus,LD,196,0.984825645663739,199.0200000000027,effect_10-15
2782,161,Thalamus,LD,656,3.2961511405888406,199.0200000000027,effect_10-15
2783,162,Thalamus,LD,4098,20.59089538739797,199.0200000000027,effect_10-15
2784,163,Thalamus,LD,1463,7.3510199979900515,199.0200000000027,effect_10-15
2785,164,Thalamus,LD,2466,12.390714501055001,199.0200000000027,effect_10-15
2786,165,Thalamus,LD,4386,22.03798613204673,199.0200000000027,effect_10-15
2787,166,Thalamus,LD,66,0.33162496231534067,199.0200000000027,effect_10-15
2788,172,Thalamus,LD,3754,18.862425886845287,199.0200000000027,effect_10-15
2789,173,Thalamus,LD,3595,18.063511204903783,199.0200000000027,effect_10-15
2790,174,Thalamus,LD,3326,16.711888252436715,199.0200000000027,effect_10-15
2791,175,Thalamus,LD,1689,8.486584262888037,199.0200000000027,effect_10-15
2792,176,Thalamus,LD,3283,16.495829564867627,199.0200000000027,effect_10-15
2793,177,Thalamus,LD,4978,25.012561551602513,199.0200000000027,effect_10-15
2794,184,Thalamus,LD,3605,18.1137574113152,199.0200000000027,effect_10-15
2795,188,Thalamus,LD,5500,27.63541352627839,199.0200000000027,effect_10-15
2796,189,Thalamus,LD,2497,12.546477740930388,199.0200000000027,effect_10-15
2797,192,Thalamus,LD,3675,18.465480856195107,199.0200000000027,effect_10-15
2798,194,Thalamus,LD,3088,15.51602853984503,199.0200000000027,effect_10-15
2799,198,Thalamus,LD,3956,19.877399256355876,199.0200000000027,effect_10-15
2800,204,Thalamus,LD,4245,21.329514621645774,199.0200000000027,effect_10-15
2801,206,Thalamus,LD,5171,25.982313335342827,199.0200000000027,effect_10-15
2802,207,Thalamus,LD,3084,15.495930057280464,199.0200000000027,effect_10-15
2803,209,Thalamus,LD,2265,11.380765752185555,199.0200000000027,effect_10-15
2804,210,Thalamus,LD,2142,10.762737413325148,199.0200000000027,effect_10-15
2805,212,Thalamus,LD,2291,11.511405888855235,199.0200000000027,effect_10-15
2806,214,Thalamus,LD,3107,15.61149633202672,199.0200000000027,effect_10-15
2807,221,Thalamus,LD,1382,6.944025726057588,199.0200000000027,effect_10-15
2808,222,Thalamus,LD,2590,13.01376746055655,199.0200000000027,effect_10-15
2809,223,Thalamus,LD,29,0.14571399859310424,199.0200000000027,effect_10-15
2810,225,Thalamus,LD,1966,9.878404180484239,199.0200000000027,effect_10-15
2811,227,Thalamus,LD,371,1.8641342578635058,199.0200000000027,effect_10-15
2812,233,Other,CA3,4253,21.36971158677491,199.0200000000027,effect_10-15
2813,240,Other,CA3,831,4.1754597527886075,199.0200000000027,effect_10-15
2814,243,Other,CA3,669,3.3614712089236805,199.0200000000027,effect_10-15
2815,244,Other,CA3,2512,12.621847050547512,199.0200000000027,effect_10-15
2816,245,Other,CA3,87,0.43714199577931273,199.0200000000027,effect_10-15
2817,247,Other,CA3,4,0.020098482564566103,199.0200000000027,effect_10-15
2818,249,Other,CA3,12,0.0602954476936983,199.0200000000027,effect_10-15
2819,250,Other,CA3,57,0.2864033765450669,199.0200000000027,effect_10-15
2820,255,Other,CA3,36,0.1808863430810949,199.0200000000027,effect_10-15
2821,257,Other,CA3,108,0.5426590292432848,199.0200000000027,effect_10-15
2822,258,Other,CA3,2833,14.23475027635394,199.0200000000027,effect_10-15
2823,259,Other,CA3,5267,26.464676916892415,199.0200000000027,effect_10-15
2824,261,Other,CA3,1339,6.727967038488503,199.0200000000027,effect_10-15
2825,262,Other,CA3,320,1.607878605165288,199.0200000000027,effect_10-15
2826,266,Other,CA3,26,0.13064013666967966,199.0200000000027,effect_10-15
2827,267,Other,CA3,4240,21.304391518440067,199.0200000000027,effect_10-15
2828,272,Other,CA3,103,0.5175359260375771,199.0200000000027,effect_10-15
2829,283,Other,CA3,740,3.7182192744447287,199.0200000000027,effect_10-15
2830,285,Other,CA3,1501,7.541955582353429,199.0200000000027,effect_10-15
2831,287,Other,CA3,924,4.64274947241477,199.0200000000027,effect_10-15
2832,288,Other,CA3,594,2.984624660838066,199.0200000000027,effect_10-15
2833,293,Other,CA2,1172,5.888855391417867,199.0200000000027,effect_10-15
2834,297,Other,CA2,1940,9.74776404381456,199.0200000000027,effect_10-15
2835,298,Other,CA2,30,0.15073861923424575,199.0200000000027,effect_10-15
2836,305,Other,CA1,1122,5.6376243593607915,199.0200000000027,effect_10-15
2837,307,Other,CA1,2003,10.064315144206475,199.0200000000027,effect_10-15
2838,310,Other,CA1,211,1.0601949552808618,199.0200000000027,effect_10-15
2839,312,Other,CA1,1721,8.647372123404566,199.0200000000027,effect_10-15
2840,314,Other,CA1,742,3.7282685157270117,199.0200000000027,effect_10-15
2841,322,Other,alv,445,2.235956185307979,199.0200000000027,effect_10-15
2842,327,Somatosensory,SSp-ll6b,586,2.9444276957089337,199.0200000000027,effect_10-15
2843,328,Somatosensory,SSp-ll6a,1583,7.953974474927034,199.0200000000027,effect_10-15
2844,329,Somatosensory,SSp-ll6a,1861,9.35081901316438,199.0200000000027,effect_10-15
2845,330,Somatosensory,SSp-ll6a,195,0.9798010250225975,199.0200000000027,effect_10-15
2846,331,Somatosensory,SSp-ll6a,662,3.3262988644356897,199.0200000000027,effect_10-15
2847,332,Somatosensory,SSp-ll6a,1024,5.145211536528922,199.0200000000027,effect_10-15
2848,333,Somatosensory,SSp-ll6a,486,2.4419656315947815,199.0200000000027,effect_10-15
2849,334,Somatosensory,SSp-ll6a,612,3.0750678323786134,199.0200000000027,effect_10-15
2850,338,Somatosensory,SSp-ll6a,57,0.2864033765450669,199.0200000000027,effect_10-15
2851,341,Somatosensory,SSp-ll6a,285,1.4320168827253348,199.0200000000027,effect_10-15
2852,342,Somatosensory,SSp-ll6a,185,0.9295548186111822,199.0200000000027,effect_10-15
2853,343,Somatosensory,SSp-ll6a,1,0.005024620641141526,199.0200000000027,effect_10-15
2854,344,Somatosensory,SSp-ll6a,957,4.80856195357244,199.0200000000027,effect_10-15
2855,345,Somatosensory,SSp-ll6a,804,4.039794995477786,199.0200000000027,effect_10-15
2856,346,Somatosensory,SSp-ll6a,318,1.597829363883005,199.0200000000027,effect_10-15
2857,347,Somatosensory,SSp-ll6a,1082,5.43663953371513,199.0200000000027,effect_10-15
2858,348,Somatosensory,SSp-ll6a,50,0.25123103205707625,199.0200000000027,effect_10-15
2859,349,Somatosensory,SSp-ll6a,434,2.180685358255422,199.0200000000027,effect_10-15
2860,350,Somatosensory,SSp-ll6a,647,3.250929554818567,199.0200000000027,effect_10-15
2861,353,Somatosensory,SSp-ll6a,532,2.6730981810872914,199.0200000000027,effect_10-15
2862,356,Somatosensory,SSp-ll6a,231,1.1606873681036924,199.0200000000027,effect_10-15
2863,357,Somatosensory,SSp-ll6a,5,0.025123103205707625,199.0200000000027,effect_10-15
2864,358,Somatosensory,SSp-ll6a,110,0.5527082705255678,199.0200000000027,effect_10-15
2865,359,Somatosensory,SSp-ll6a,385,1.9344789468394872,199.0200000000027,effect_10-15
2866,365,Somatosensory,SSp-ll5,137,0.688373027836389,199.0200000000027,effect_10-15
2867,370,Somatosensory,SSp-ll5,955,4.798512712290156,199.0200000000027,effect_10-15
2868,371,Somatosensory,SSp-ll5,695,3.49211134559336,199.0200000000027,effect_10-15
2869,372,Somatosensory,SSp-ll5,25,0.12561551602853813,199.0200000000027,effect_10-15
2870,375,Somatosensory,SSp-ll5,858,4.311124510099429,199.0200000000027,effect_10-15
2871,376,Somatosensory,SSp-ll5,874,4.391518440357693,199.0200000000027,effect_10-15
2872,377,Somatosensory,SSp-ll5,484,2.431916390312498,199.0200000000027,effect_10-15
2873,378,Somatosensory,SSp-tr5,1174,5.898904632700151,199.0200000000027,effect_10-15
2874,380,Somatosensory,SSp-tr5,694,3.487086724952219,199.0200000000027,effect_10-15
2875,381,Somatosensory,SSp-tr5,1715,8.617224399557717,199.0200000000027,effect_10-15
2876,382,Somatosensory,SSp-tr5,651,3.271028037383133,199.0200000000027,effect_10-15
2877,386,Somatosensory,SSp-tr5,2248,11.295347201286148,199.0200000000027,effect_10-15
2878,388,Somatosensory,SSp-tr5,935,4.698020299467326,199.0200000000027,effect_10-15
2879,389,Somatosensory,SSp-tr5,2057,10.335644658828118,199.0200000000027,effect_10-15
2880,392,Somatosensory,SSp-tr5,10,0.05024620641141525,199.0200000000027,effect_10-15
2881,394,Somatosensory,SSp-tr5,369,1.8540850165812228,199.0200000000027,effect_10-15
2882,395,Somatosensory,SSp-tr5,1467,7.3711184805546175,199.0200000000027,effect_10-15
2883,396,Somatosensory,SSp-tr5,624,3.135363280072312,199.0200000000027,effect_10-15
2884,397,Somatosensory,SSp-tr5,185,0.9295548186111822,199.0200000000027,effect_10-15
2885,398,Somatosensory,SSp-tr5,16,0.08039393025826441,199.0200000000027,effect_10-15
2886,400,Somatosensory,SSp-tr5,20,0.1004924128228305,199.0200000000027,effect_10-15
2887,401,Somatosensory,SSp-tr5,1473,7.401266204401467,199.0200000000027,effect_10-15
2888,402,Somatosensory,SSp-tr5,1478,7.426389307607175,199.0200000000027,effect_10-15
2889,403,Somatosensory,SSp-tr5,1697,8.52678122801717,199.0200000000027,effect_10-15
2890,404,Somatosensory,SSp-tr5,968,4.863832780624996,199.0200000000027,effect_10-15
2891,406,Somatosensory,SSp-tr5,0,0.0,199.0200000000027,effect_10-15
2892,407,Somatosensory,SSp-tr5,9,0.04522158577027373,199.0200000000027,effect_10-15
2893,408,Somatosensory,SSp-tr5,1785,8.968947844437622,199.0200000000027,effect_10-15
2894,410,Somatosensory,SSp-tr5,265,1.3315244699025042,199.0200000000027,effect_10-15
2895,413,Somatosensory,SSp-tr5,240,1.205908953873966,199.0200000000027,effect_10-15
2896,416,Somatosensory,SSp-tr5,198,0.994874886946022,199.0200000000027,effect_10-15
2897,418,Somatosensory,SSp-tr5,118,0.5929052356547,199.0200000000027,effect_10-15
2898,425,Somatosensory,SSp-tr4,66,0.33162496231534067,199.0200000000027,effect_10-15
2899,430,Somatosensory,SSp-tr4,3,0.015073861923424576,199.0200000000027,effect_10-15
2900,436,Somatosensory,SSp-tr4,535,2.688172043010716,199.0200000000027,effect_10-15
2901,438,Somatosensory,SSp-tr4,214,1.0752688172042864,199.0200000000027,effect_10-15
2902,439,Somatosensory,SSp-tr4,1,0.005024620641141526,199.0200000000027,effect_10-15
2903,445,Somatosensory,SSp-tr2/3,1,0.005024620641141526,199.0200000000027,effect_10-15
2904,449,Somatosensory,SSp-tr2/3,21,0.10551703346397204,199.0200000000027,effect_10-15
2905,472,Thalamus,PO,828,4.160385890865183,199.0200000000027,effect_10-15
2906,473,Thalamus,PO,21,0.10551703346397204,199.0200000000027,effect_10-15
2907,475,Thalamus,PO,927,4.657823334338194,199.0200000000027,effect_10-15
2908,476,Thalamus,PO,33,0.16581248115767033,199.0200000000027,effect_10-15
2909,480,Thalamus,PO,126,0.6331022007838322,199.0200000000027,effect_10-15
2910,481,Thalamus,PO,30,0.15073861923424575,199.0200000000027,effect_10-15
2911,482,Thalamus,PO,209,1.0501457139985788,199.0200000000027,effect_10-15
2912,483,Thalamus,PO,223,1.1204904029745602,199.0200000000027,effect_10-15
2913,485,Thalamus,LD,4188,21.043111245100707,199.0200000000027,effect_10-15
2914,486,Thalamus,LD,1336,6.712893176565078,199.0200000000027,effect_10-15
2915,487,Thalamus,LD,1419,7.129936689779824,199.0200000000027,effect_10-15
2916,488,Thalamus,LD,1844,9.265400462264973,199.0200000000027,effect_10-15
2917,489,Thalamus,LD,3196,16.058687569088317,199.0200000000027,effect_10-15
2918,490,Thalamus,LD,2319,11.652095266807198,199.0200000000027,effect_10-15
2919,494,Thalamus,LD,4646,23.344387498743526,199.0200000000027,effect_10-15
2920,496,Thalamus,LD,1828,9.185006532006708,199.0200000000027,effect_10-15
2921,497,Other,CA3,15,0.07536930961712288,199.0200000000027,effect_10-15
2922,501,Other,CA3,1020,5.1251130539643555,199.0200000000027,effect_10-15
2923,504,Other,CA3,16,0.08039393025826441,199.0200000000027,effect_10-15
2924,507,Other,CA3,9,0.04522158577027373,199.0200000000027,effect_10-15
2925,509,Other,CA2,0,0.0,199.0200000000027,effect_10-15
2926,514,Other,CA1,93,0.46728971962616184,199.0200000000027,effect_10-15
2927,515,Other,CA1,1496,7.516832479147722,199.0200000000027,effect_10-15
2928,516,Other,CA1,1190,5.979298562958415,199.0200000000027,effect_10-15
2929,518,Somatosensory,SSp-ll6a,42,0.21103406692794408,199.0200000000027,effect_10-15
2930,519,Somatosensory,SSp-ll6a,14,0.07034468897598135,199.0200000000027,effect_10-15
2931,520,Somatosensory,SSp-ll6a,455,2.286202391719394,199.0200000000027,effect_10-15
2932,521,Somatosensory,SSp-ll5,0,0.0,199.0200000000027,effect_10-15
2933,522,Somatosensory,SSp-ll5,3,0.015073861923424576,199.0200000000027,effect_10-15
2934,523,Somatosensory,SSp-tr5,179,0.899407094764333,199.0200000000027,effect_10-15
2935,525,Somatosensory,SSp-tr5,163,0.8190131645060686,199.0200000000027,effect_10-15
2936,527,Somatosensory,SSp-tr5,104,0.5225605466787187,199.0200000000027,effect_10-15
2937,531,Somatosensory,SSp-tr5,22,0.11054165410511356,199.0200000000027,effect_10-15
2938,534,Somatosensory,SSp-tr2/3,27,0.1356647573108212,199.0200000000027,effect_10-15
2939,538,Somatosensory,SSp-tr2/3,419,2.1053160486382994,199.0200000000027,effect_10-15
2940,544,Somatosensory,SSp-tr5,144,0.7235453723243797,199.0200000000027,effect_10-15
2941,546,Somatosensory,SSp-tr2/3,1,0.005024620641141526,199.0200000000027,effect_10-15
2942,547,Somatosensory,SSp-tr4,14,0.07034468897598135,199.0200000000027,effect_10-15
2943,549,Thalamus,VPM,238,1.195859712591683,199.0200000000027,effect_10-15
2944,551,Thalamus,PO,1799,9.039292533413605,199.0200000000027,effect_10-15
2945,554,Other,CA3,52,0.2612802733393593,199.0200000000027,effect_10-15
2946,557,Somatosensory,SSp-ll6a,92,0.46226509898502033,199.0200000000027,effect_10-15
2947,558,Somatosensory,SSp-tr5,64,0.32157572103305765,199.0200000000027,effect_10-15
2948,560,Somatosensory,SSp-tr5,0,0.0,199.0200000000027,effect_10-15
2949,561,Somatosensory,SSp-tr4,8,0.040196965129132206,199.0200000000027,effect_10-15
2950,563,Somatosensory,SSp-tr4,5,0.025123103205707625,199.0200000000027,effect_10-15
2951,565,Somatosensory,SSp-tr4,4,0.020098482564566103,199.0200000000027,effect_10-15
2952,567,STR,CP,199,0.9998995075871635,199.0200000000027,effect_10-15
2953,571,STR,CP,698,3.507185207516785,199.0200000000027,effect_10-15
2954,572,STR,CP,607,3.049944729172906,199.0200000000027,effect_10-15
2955,573,STR,CP,5,0.025123103205707625,199.0200000000027,effect_10-15
2956,575,STR,CP,12,0.0602954476936983,199.0200000000027,effect_10-15
2957,576,STR,CP,535,2.688172043010716,199.0200000000027,effect_10-15
2958,577,STR,CP,249,1.2511305396442398,199.0200000000027,effect_10-15
2959,578,STR,CP,1057,5.311024017686592,199.0200000000027,effect_10-15
2960,579,STR,CP,5,0.025123103205707625,199.0200000000027,effect_10-15
2961,580,STR,CP,0,0.0,199.0200000000027,effect_10-15
2962,581,STR,CP,0,0.0,199.0200000000027,effect_10-15
2963,582,STR,CP,13,0.06532006833483983,199.0200000000027,effect_10-15
2964,584,STR,CP,339,1.7033463973469771,199.0200000000027,effect_10-15
2965,585,STR,CP,216,1.0853180584865696,199.0200000000027,effect_10-15
2966,589,STR,CP,41,0.20600944628680254,199.0200000000027,effect_10-15
2967,592,STR,CP,19,0.09546779218168898,199.0200000000027,effect_10-15
2968,593,STR,CP,35,0.17586172243995338,199.0200000000027,effect_10-15
2969,596,STR,CP,95,0.4773389609084449,199.0200000000027,effect_10-15
2970,599,STR,CP,1289,6.476736006431426,199.0200000000027,effect_10-15
2971,600,STR,CP,3,0.015073861923424576,199.0200000000027,effect_10-15
2972,603,STR,CP,2,0.010049241282283052,199.0200000000027,effect_10-15
2973,605,STR,CP,642,3.2258064516128595,199.0200000000027,effect_10-15
2974,606,STR,CP,0,0.0,199.0200000000027,effect_10-15
2975,608,STR,CP,380,1.9093558436337796,199.0200000000027,effect_10-15
2976,615,STR,CP,218,1.0953672997688526,199.0200000000027,effect_10-15
2977,619,STR,CP,0,0.0,199.0200000000027,effect_10-15
2978,626,STR,CP,6087,30.584865842628464,199.0200000000027,effect_10-15
2979,629,STR,CP,97,0.487388202190728,199.0200000000027,effect_10-15
2980,630,STR,CP,87,0.43714199577931273,199.0200000000027,effect_10-15
2981,631,STR,CP,1004,5.044719123706091,199.0200000000027,effect_10-15
2982,634,STR,CP,385,1.9344789468394872,199.0200000000027,effect_10-15
2983,635,STR,CP,311,1.5626570193950144,199.0200000000027,effect_10-15
2984,636,STR,CP,442,2.2208823233845543,199.0200000000027,effect_10-15
2985,638,STR,CP,1036,5.2055069842226205,199.0200000000027,effect_10-15
2986,639,STR,CP,145,0.7285699929655212,199.0200000000027,effect_10-15
2987,641,STR,CP,131,0.6582253039895398,199.0200000000027,effect_10-15
2988,642,STR,CP,31,0.1557632398753873,199.0200000000027,effect_10-15
2989,643,STR,CP,741,3.7232438950858704,199.0200000000027,effect_10-15
2990,644,STR,CP,577,2.8992061099386603,199.0200000000027,effect_10-15
2991,645,STR,CP,0,0.0,199.0200000000027,effect_10-15
2992,647,STR,CP,1700,8.541855089940594,199.0200000000027,effect_10-15
2993,649,STR,CP,4,0.020098482564566103,199.0200000000027,effect_10-15
2994,652,STR,CP,0,0.0,199.0200000000027,effect_10-15
2995,657,STR,CP,0,0.0,199.0200000000027,effect_10-15
2996,659,STR,CP,547,2.748467490704414,199.0200000000027,effect_10-15
2997,660,STR,CP,1,0.005024620641141526,199.0200000000027,effect_10-15
2998,661,STR,CP,11,0.05527082705255678,199.0200000000027,effect_10-15
2999,662,STR,CP,0,0.0,199.0200000000027,effect_10-15
3000,665,STR,CP,0,0.0,199.0200000000027,effect_10-15
3001,671,STR,CP,677,3.4016681740528125,199.0200000000027,effect_10-15
3002,674,STR,CP,9,0.04522158577027373,199.0200000000027,effect_10-15
3003,683,STR,CP,918,4.61260174856792,199.0200000000027,effect_10-15
3004,686,STR,CP,8,0.040196965129132206,199.0200000000027,effect_10-15
3005,687,STR,CP,1358,6.823434830670191,199.0200000000027,effect_10-15
3006,688,STR,CP,234,1.175761230027117,199.0200000000027,effect_10-15
3007,689,STR,CP,1226,6.16018490603951,199.0200000000027,effect_10-15
3008,690,STR,CP,1088,5.46678725756198,199.0200000000027,effect_10-15
3009,691,STR,CP,568,2.8539845241683865,199.0200000000027,effect_10-15
3010,693,STR,CP,3088,15.51602853984503,199.0200000000027,effect_10-15
3011,696,STR,CP,809,4.064918098683494,199.0200000000027,effect_10-15
3012,699,STR,CP,1342,6.743040900411927,199.0200000000027,effect_10-15
3013,701,STR,CP,97,0.487388202190728,199.0200000000027,effect_10-15
3014,702,STR,CP,416,2.0902421867148746,199.0200000000027,effect_10-15
3015,705,STR,CP,221,1.1104411616922771,199.0200000000027,effect_10-15
3016,706,STR,CP,1122,5.6376243593607915,199.0200000000027,effect_10-15
3017,709,STR,CP,800,4.01969651291322,199.0200000000027,effect_10-15
3018,710,STR,CP,35,0.17586172243995338,199.0200000000027,effect_10-15
3019,714,STR,CP,9,0.04522158577027373,199.0200000000027,effect_10-15
3020,716,STR,CP,926,4.652798713697052,199.0200000000027,effect_10-15
3021,719,STR,CP,154,0.773791578735795,199.0200000000027,effect_10-15
3022,722,STR,CP,1651,8.295648678524659,199.0200000000027,effect_10-15
3023,724,STR,CP,379,1.9043312229926381,199.0200000000027,effect_10-15
3024,725,STR,CP,102,0.5125113053964356,199.0200000000027,effect_10-15
3025,726,STR,CP,201,1.0099487488694465,199.0200000000027,effect_10-15
3026,727,STR,CP,2331,11.712390714500895,199.0200000000027,effect_10-15
3027,728,STR,CP,786,3.949351823937239,199.0200000000027,effect_10-15
3028,729,STR,CP,166,0.8340870264294932,199.0200000000027,effect_10-15
3029,730,STR,CP,29,0.14571399859310424,199.0200000000027,effect_10-15
3030,733,STR,CP,735,3.6930961712390213,199.0200000000027,effect_10-15
3031,736,STR,CP,1154,5.798412219877321,199.0200000000027,effect_10-15
3032,737,STR,CP,15,0.07536930961712288,199.0200000000027,effect_10-15
3033,739,STR,CP,4,0.020098482564566103,199.0200000000027,effect_10-15
3034,742,STR,CP,102,0.5125113053964356,199.0200000000027,effect_10-15
3035,743,STR,CP,4571,22.967540950657913,199.0200000000027,effect_10-15
3036,744,STR,CP,2231,11.209928650386743,199.0200000000027,effect_10-15
3037,746,STR,CP,145,0.7285699929655212,199.0200000000027,effect_10-15
3038,747,STR,CP,76,0.3818711687267559,199.0200000000027,effect_10-15
3039,748,STR,CP,5566,27.96703848859373,199.0200000000027,effect_10-15
3040,749,STR,CP,652,3.2760526580242746,199.0200000000027,effect_10-15
3041,750,STR,CP,206,1.0350718520751543,199.0200000000027,effect_10-15
3042,751,STR,CP,1453,7.300773791578637,199.0200000000027,effect_10-15
3043,753,STR,CP,1426,7.165109034267815,199.0200000000027,effect_10-15
3044,754,STR,CP,1014,5.094965330117507,199.0200000000027,effect_10-15
3045,755,STR,CP,3175,15.953170535624343,199.0200000000027,effect_10-15
3046,757,Other,ccb,364,1.8289619133755153,199.0200000000027,effect_10-15
3047,759,Other,ccb,395,1.9847251532509025,199.0200000000027,effect_10-15
3048,760,Other,ccb,6,0.03014772384684915,199.0200000000027,effect_10-15
3049,763,Other,ccb,3002,15.083911164706858,199.0200000000027,effect_10-15
3050,766,Other,ccb,1,0.005024620641141526,199.0200000000027,effect_10-15
3051,767,Other,ccb,96,0.4823635815495864,199.0200000000027,effect_10-15
3052,768,Other,ccb,146,0.7335946136066627,199.0200000000027,effect_10-15
3053,770,Other,ccb,0,0.0,199.0200000000027,effect_10-15
3054,771,Other,ccb,0,0.0,199.0200000000027,effect_10-15
3055,775,Other,ccb,232,1.165711988744834,199.0200000000027,effect_10-15
3056,777,Other,ccb,3336,16.762134458848127,199.0200000000027,effect_10-15
3057,780,Other,ccb,137,0.688373027836389,199.0200000000027,effect_10-15
3058,781,Other,ccb,47,0.2361571701336517,199.0200000000027,effect_10-15
3059,782,Other,ccb,253,1.2712290222088058,199.0200000000027,effect_10-15
3060,783,Other,ccb,49,0.24620641141593474,199.0200000000027,effect_10-15
3061,785,Other,ccb,223,1.1204904029745602,199.0200000000027,effect_10-15
3062,786,Other,ccb,129,0.6481760627072568,199.0200000000027,effect_10-15
3063,787,Other,scwm,12,0.0602954476936983,199.0200000000027,effect_10-15
3064,789,Other,ccb,319,1.6028539845241465,199.0200000000027,effect_10-15
3065,791,Other,scwm,4,0.020098482564566103,199.0200000000027,effect_10-15
3066,793,Other,scwm,49,0.24620641141593474,199.0200000000027,effect_10-15
3067,796,Other,scwm,109,0.5476836498844263,199.0200000000027,effect_10-15
3068,798,Other,scwm,52,0.2612802733393593,199.0200000000027,effect_10-15
3069,799,Other,scwm,30,0.15073861923424575,199.0200000000027,effect_10-15
3070,803,Somatosensory,SSp-ul6b,17,0.08541855089940593,199.0200000000027,effect_10-15
3071,805,Somatosensory,SSp-ul6b,31,0.1557632398753873,199.0200000000027,effect_10-15
3072,807,Somatosensory,SSp-ul6a,38,0.19093558436337796,199.0200000000027,effect_10-15
3073,810,Somatosensory,SSp-ul6b,67,0.3366495829564822,199.0200000000027,effect_10-15
3074,811,Somatosensory,SSp-ul6a,58,0.2914279971862085,199.0200000000027,effect_10-15
3075,820,Somatosensory,SSp-ul6a,54,0.2713295146216424,199.0200000000027,effect_10-15
3076,824,Somatosensory,SSp-ul6a,70,0.35172344487990675,199.0200000000027,effect_10-15
3077,825,Somatosensory,SSp-ul6a,3,0.015073861923424576,199.0200000000027,effect_10-15
3078,830,Somatosensory,SSp-ul6a,86,0.43211737513817117,199.0200000000027,effect_10-15
3079,832,Somatosensory,SSp-ul6a,26,0.13064013666967966,199.0200000000027,effect_10-15
3080,835,Somatosensory,SSp-ul6a,5,0.025123103205707625,199.0200000000027,effect_10-15
3081,837,Somatosensory,SSp-ul6a,77,0.3868957893678975,199.0200000000027,effect_10-15
3082,839,Somatosensory,SSp-ul6a,223,1.1204904029745602,199.0200000000027,effect_10-15
3083,841,Somatosensory,SSp-ul6a,728,3.6579238267510306,199.0200000000027,effect_10-15
3084,842,Somatosensory,SSp-ul6a,52,0.2612802733393593,199.0200000000027,effect_10-15
3085,843,Somatosensory,SSp-ul6a,110,0.5527082705255678,199.0200000000027,effect_10-15
3086,845,Somatosensory,SSp-ul6a,31,0.1557632398753873,199.0200000000027,effect_10-15
3087,847,Somatosensory,SSp-ul6a,717,3.6026529996984737,199.0200000000027,effect_10-15
3088,849,Somatosensory,SSp-ul6a,5,0.025123103205707625,199.0200000000027,effect_10-15
3089,851,Somatosensory,SSp-ul6a,3553,17.85247713797584,199.0200000000027,effect_10-15
3090,852,Somatosensory,SSp-ul6a,2168,10.893377549994828,199.0200000000027,effect_10-15
3091,854,Somatosensory,SSp-ul6a,520,2.6128027333935933,199.0200000000027,effect_10-15
3092,855,Somatosensory,SSp-ul6a,3373,16.948045422570367,199.0200000000027,effect_10-15
3093,856,Somatosensory,SSp-ul6a,6219,31.248115767259147,199.0200000000027,effect_10-15
3094,857,Somatosensory,SSp-ul6a,859,4.316149130740571,199.0200000000027,effect_10-15
3095,860,Somatosensory,SSp-ul6a,1180,5.929052356547,199.0200000000027,effect_10-15
3096,861,Somatosensory,SSp-ul6a,123,0.6180283388604076,199.0200000000027,effect_10-15
3097,862,Somatosensory,SSp-ul6a,944,4.7432418852376,199.0200000000027,effect_10-15
3098,863,Somatosensory,SSp-ul6a,1021,5.130137674605497,199.0200000000027,effect_10-15
3099,865,Somatosensory,SSp-ul6a,193,0.9697517837403143,199.0200000000027,effect_10-15
3100,867,Somatosensory,SSp-ul6a,1662,8.350919505577215,199.0200000000027,effect_10-15
3101,868,Somatosensory,SSp-ul6a,1443,7.250527585167221,199.0200000000027,effect_10-15
3102,869,Somatosensory,SSp-ul6a,3565,17.912772585669536,199.0200000000027,effect_10-15
3103,870,Somatosensory,SSp-ul6a,725,3.642849964827606,199.0200000000027,effect_10-15
3104,874,Somatosensory,SSp-ul6a,119,0.5979298562958415,199.0200000000027,effect_10-15
3105,875,Somatosensory,SSp-ul6a,11,0.05527082705255678,199.0200000000027,effect_10-15
3106,876,Somatosensory,SSp-ul6a,1167,5.8637322882121605,199.0200000000027,effect_10-15
3107,877,Somatosensory,SSp-ul6a,653,3.281077278665416,199.0200000000027,effect_10-15
3108,878,Somatosensory,SSp-ul6a,837,4.205607476635457,199.0200000000027,effect_10-15
3109,879,Somatosensory,SSp-ul6a,1165,5.853683046929877,199.0200000000027,effect_10-15
3110,882,Somatosensory,SSp-ul6a,856,4.301075268817145,199.0200000000027,effect_10-15
3111,884,Somatosensory,SSp-ul6a,980,4.924128228318695,199.0200000000027,effect_10-15
3112,886,Somatosensory,SSp-ul6a,181,0.9094563360466161,199.0200000000027,effect_10-15
3113,887,Somatosensory,SSp-ul6a,397,1.9947743945331855,199.0200000000027,effect_10-15
3114,888,Somatosensory,SSp-ul6a,3900,19.59602050045195,199.0200000000027,effect_10-15
3115,893,Somatosensory,SSp-ul6a,140,0.7034468897598135,199.0200000000027,effect_10-15
3116,894,Somatosensory,SSp-ul6a,391,1.9646266706863365,199.0200000000027,effect_10-15
3117,899,Somatosensory,SSp-ul5,367,1.8440357752989398,199.0200000000027,effect_10-15
3118,900,Somatosensory,SSp-ul5,103,0.5175359260375771,199.0200000000027,effect_10-15
3119,901,Somatosensory,SSp-ul5,316,1.587780122600722,199.0200000000027,effect_10-15
3120,902,Somatosensory,SSp-ul5,758,3.8086624459852763,199.0200000000027,effect_10-15
3121,906,Somatosensory,SSp-ul5,321,1.6129032258064298,199.0200000000027,effect_10-15
3122,909,Somatosensory,SSp-ul5,308,1.54758315747159,199.0200000000027,effect_10-15
3123,910,Somatosensory,SSp-ul5,61,0.30650185910963307,199.0200000000027,effect_10-15
3124,914,Somatosensory,SSp-ul5,26,0.13064013666967966,199.0200000000027,effect_10-15
3125,915,Somatosensory,SSp-ul5,5,0.025123103205707625,199.0200000000027,effect_10-15
3126,916,Somatosensory,SSp-ll5,557,2.7987136971158297,199.0200000000027,effect_10-15
3127,917,Somatosensory,SSp-ll5,314,1.577730881318439,199.0200000000027,effect_10-15
3128,918,Somatosensory,SSp-ll5,10,0.05024620641141525,199.0200000000027,effect_10-15
3129,924,Somatosensory,SSp-ll5,4,0.020098482564566103,199.0200000000027,effect_10-15
3130,925,Somatosensory,SSp-ll5,88,0.44216661642045424,199.0200000000027,effect_10-15
3131,934,Somatosensory,SSp-ll5,1257,6.315948145914898,199.0200000000027,effect_10-15
3132,938,Somatosensory,SSp-ll5,1,0.005024620641141526,199.0200000000027,effect_10-15
3133,939,Somatosensory,SSp-ll5,2382,11.968646367199113,199.0200000000027,effect_10-15
3134,940,Somatosensory,SSp-ll5,6342,31.866144106119553,199.0200000000027,effect_10-15
3135,949,Somatosensory,SSp-ll5,289,1.4521153652899008,199.0200000000027,effect_10-15
3136,950,Somatosensory,SSp-ll5,220,1.1054165410511356,199.0200000000027,effect_10-15
3137,953,Somatosensory,SSp-ll5,53,0.26630489398050083,199.0200000000027,effect_10-15
3138,960,Somatosensory,SSp-ll5,17,0.08541855089940593,199.0200000000027,effect_10-15
3139,966,Somatosensory,SSp-ll5,489,2.457039493518206,199.0200000000027,effect_10-15
3140,968,Somatosensory,SSp-ll5,89,0.44719123706159575,199.0200000000027,effect_10-15
3141,970,Somatosensory,SSp-ll4,68,0.34167420359762374,199.0200000000027,effect_10-15
3142,973,Somatosensory,SSp-ll4,13,0.06532006833483983,199.0200000000027,effect_10-15
3143,975,Somatosensory,SSp-ll4,332,1.6681740528589863,199.0200000000027,effect_10-15
3144,977,Somatosensory,SSp-ll4,5,0.025123103205707625,199.0200000000027,effect_10-15
3145,983,STR,CP,445,2.235956185307979,199.0200000000027,effect_10-15
3146,985,STR,CP,128,0.6431514420661153,199.0200000000027,effect_10-15
3147,986,STR,CP,5,0.025123103205707625,199.0200000000027,effect_10-15
3148,988,STR,CP,1,0.005024620641141526,199.0200000000027,effect_10-15
3149,990,STR,CP,112,0.5627575118078508,199.0200000000027,effect_10-15
3150,992,STR,CP,2,0.010049241282283052,199.0200000000027,effect_10-15
3151,996,STR,CP,5,0.025123103205707625,199.0200000000027,effect_10-15
3152,999,STR,CP,26,0.13064013666967966,199.0200000000027,effect_10-15
3153,1001,STR,CP,1,0.005024620641141526,199.0200000000027,effect_10-15
3154,1002,STR,CP,0,0.0,199.0200000000027,effect_10-15
3155,1003,STR,CP,1,0.005024620641141526,199.0200000000027,effect_10-15
3156,1004,STR,CP,8,0.040196965129132206,199.0200000000027,effect_10-15
3157,1005,STR,CP,5,0.025123103205707625,199.0200000000027,effect_10-15
3158,1008,STR,CP,1,0.005024620641141526,199.0200000000027,effect_10-15
3159,1010,STR,CP,2,0.010049241282283052,199.0200000000027,effect_10-15
3160,1012,STR,CP,0,0.0,199.0200000000027,effect_10-15
3161,1013,STR,CP,143,0.7185207516832381,199.0200000000027,effect_10-15
3162,1018,STR,CP,39,0.1959602050045195,199.0200000000027,effect_10-15
3163,1020,STR,CP,32,0.16078786051652882,199.0200000000027,effect_10-15
3164,1026,STR,CP,36,0.1808863430810949,199.0200000000027,effect_10-15
3165,1027,STR,CP,0,0.0,199.0200000000027,effect_10-15
3166,1029,STR,CP,674,3.386594312129388,199.0200000000027,effect_10-15
3167,1030,STR,CP,7,0.03517234448799068,199.0200000000027,effect_10-15
3168,1031,STR,CP,77,0.3868957893678975,199.0200000000027,effect_10-15
3169,1033,STR,CP,439,2.2058084614611295,199.0200000000027,effect_10-15
3170,1034,STR,CP,0,0.0,199.0200000000027,effect_10-15
3171,1037,STR,CP,0,0.0,199.0200000000027,effect_10-15
3172,1038,STR,CP,0,0.0,199.0200000000027,effect_10-15
3173,1041,STR,CP,0,0.0,199.0200000000027,effect_10-15
3174,1042,STR,CP,1,0.005024620641141526,199.0200000000027,effect_10-15
3175,1043,STR,CP,3,0.015073861923424576,199.0200000000027,effect_10-15
3176,1045,STR,CP,2,0.010049241282283052,199.0200000000027,effect_10-15
3177,1052,STR,CP,341,1.7133956386292601,199.0200000000027,effect_10-15
3178,1054,STR,CP,362,1.8189126720932323,199.0200000000027,effect_10-15
3179,1057,STR,CP,855,4.296050648176005,199.0200000000027,effect_10-15
3180,1060,STR,CP,62,0.3115264797507746,199.0200000000027,effect_10-15
3181,1061,STR,CP,1960,9.84825645663739,199.0200000000027,effect_10-15
3182,1063,STR,CP,83,0.4170435132147466,199.0200000000027,effect_10-15
3183,1065,STR,CP,414,2.0801929454325916,199.0200000000027,effect_10-15
3184,1067,STR,CP,1,0.005024620641141526,199.0200000000027,effect_10-15
3185,1068,STR,CP,91,0.4572404783438788,199.0200000000027,effect_10-15
3186,1069,STR,CP,47,0.2361571701336517,199.0200000000027,effect_10-15
3187,1070,STR,CP,310,1.557632398753873,199.0200000000027,effect_10-15
3188,1071,STR,CP,357,1.7937895688875245,199.0200000000027,effect_10-15
3189,1072,Other,ccb,467,2.346497839413092,199.0200000000027,effect_10-15
3190,1073,Other,ccb,599,3.0097477640437735,199.0200000000027,effect_10-15
3191,1074,Other,ccb,0,0.0,199.0200000000027,effect_10-15
3192,1075,Other,ccb,13,0.06532006833483983,199.0200000000027,effect_10-15
3193,1076,Other,ccb,12,0.0602954476936983,199.0200000000027,effect_10-15
3194,1077,Other,ccb,0,0.0,199.0200000000027,effect_10-15
3195,1078,Other,ccb,480,2.411817907747932,199.0200000000027,effect_10-15
3196,1079,Other,ccb,0,0.0,199.0200000000027,effect_10-15
3197,1080,Other,ccb,0,0.0,199.0200000000027,effect_10-15
3198,1082,Other,scwm,120,0.602954476936983,199.0200000000027,effect_10-15
3199,1083,Other,scwm,78,0.391920410009039,199.0200000000027,effect_10-15
3200,1085,Other,scwm,0,0.0,199.0200000000027,effect_10-15
3201,1086,Other,scwm,0,0.0,199.0200000000027,effect_10-15
3202,1090,Somatosensory,SSp-ul6a,59,0.29645261782735,199.0200000000027,effect_10-15
3203,1091,Somatosensory,SSp-ul6a,209,1.0501457139985788,199.0200000000027,effect_10-15
3204,1092,Somatosensory,SSp-ul6a,275,1.3817706763139195,199.0200000000027,effect_10-15
3205,1093,Somatosensory,SSp-ul6a,21,0.10551703346397204,199.0200000000027,effect_10-15
3206,1094,Somatosensory,SSp-ul6a,395,1.9847251532509025,199.0200000000027,effect_10-15
3207,1095,Somatosensory,SSp-ul6a,172,0.8642347502763423,199.0200000000027,effect_10-15
3208,1096,Somatosensory,SSp-ul6a,265,1.3315244699025042,199.0200000000027,effect_10-15
3209,1098,Somatosensory,SSp-ul6a,82,0.4120188925736051,199.0200000000027,effect_10-15
3210,1099,Somatosensory,SSp-ul6a,302,1.5174354336247406,199.0200000000027,effect_10-15
3211,1100,Somatosensory,SSp-ul6a,347,1.7435433624761094,199.0200000000027,effect_10-15
3212,1101,Somatosensory,SSp-ul6a,358,1.798814189528666,199.0200000000027,effect_10-15
3213,1102,Somatosensory,SSp-ul5,273,1.3717214350316365,199.0200000000027,effect_10-15
3214,1103,Somatosensory,SSp-ul5,169,0.8491608883529178,199.0200000000027,effect_10-15
3215,1106,Somatosensory,SSp-ul5,1,0.005024620641141526,199.0200000000027,effect_10-15
3216,1107,Somatosensory,SSp-ul5,128,0.6431514420661153,199.0200000000027,effect_10-15
3217,1108,Somatosensory,SSp-ul5,57,0.2864033765450669,199.0200000000027,effect_10-15
3218,1111,Somatosensory,SSp-ll5,12,0.0602954476936983,199.0200000000027,effect_10-15
3219,1113,Somatosensory,SSp-ll5,3,0.015073861923424576,199.0200000000027,effect_10-15
3220,1115,Somatosensory,SSp-ll5,220,1.1054165410511356,199.0200000000027,effect_10-15
3221,1117,Somatosensory,SSp-ll5,51,0.2562556526982178,199.0200000000027,effect_10-15
3222,1118,Somatosensory,SSp-ll5,52,0.2612802733393593,199.0200000000027,effect_10-15
3223,1119,Somatosensory,SSp-ll5,90,0.4522158577027373,199.0200000000027,effect_10-15
3224,1122,Somatosensory,SSp-ll5,10,0.05024620641141525,199.0200000000027,effect_10-15
3225,1123,Somatosensory,SSp-ll5,5,0.025123103205707625,199.0200000000027,effect_10-15
3226,1127,Somatosensory,SSp-ll4,110,0.5527082705255678,199.0200000000027,effect_10-15
3227,1128,STR,CP,138,0.6933976484775305,199.0200000000027,effect_10-15
3228,1130,STR,CP,0,0.0,199.0200000000027,effect_10-15
3229,1131,STR,CP,2,0.010049241282283052,199.0200000000027,effect_10-15
3230,1132,STR,CP,3,0.015073861923424576,199.0200000000027,effect_10-15
3231,1133,STR,CP,0,0.0,199.0200000000027,effect_10-15
3232,1134,STR,CP,5,0.025123103205707625,199.0200000000027,effect_10-15
3233,1135,STR,CP,1,0.005024620641141526,199.0200000000027,effect_10-15
3234,1136,STR,CP,3,0.015073861923424576,199.0200000000027,effect_10-15
3235,1139,STR,CP,18,0.09044317154054746,199.0200000000027,effect_10-15
3236,1141,STR,CP,0,0.0,199.0200000000027,effect_10-15
3237,1142,STR,CP,0,0.0,199.0200000000027,effect_10-15
3238,1143,STR,CP,77,0.3868957893678975,199.0200000000027,effect_10-15
3239,1146,STR,CP,8,0.040196965129132206,199.0200000000027,effect_10-15
3240,1147,STR,CP,210,1.0551703346397203,199.0200000000027,effect_10-15
3241,1152,Other,ccb,16,0.08039393025826441,199.0200000000027,effect_10-15
3242,1153,Somatosensory,SSp-ul6a,159,0.7989146819415025,199.0200000000027,effect_10-15
3243,1154,Somatosensory,SSp-ul6a,9,0.04522158577027373,199.0200000000027,effect_10-15
3244,1158,Somatosensory,SSp-ul5,186,0.9345794392523237,199.0200000000027,effect_10-15
3245,1160,Somatosensory,SSp-ll5,30,0.15073861923424575,199.0200000000027,effect_10-15
3246,1161,Somatosensory,SSp-ll4,17,0.08541855089940593,199.0200000000027,effect_10-15
3247,1163,STR,CP,0,0.0,199.0200000000027,effect_10-15
3248,1164,Somatosensory,SSp-ul6a,83,0.4170435132147466,199.0200000000027,effect_10-15
3249,1166,Somatosensory,SSp-ul5,11,0.05527082705255678,199.0200000000027,effect_10-15
3250,1171,STR,CP,2,0.010049241282283052,199.0200000000027,effect_10-15
3251,1172,STR,CP,3,0.015073861923424576,199.0200000000027,effect_10-15
3252,1177,STR,CP,2,0.010049241282283052,199.0200000000027,effect_10-15
3253,1179,STR,CP,36,0.1808863430810949,199.0200000000027,effect_10-15
3254,1180,Other,ccb,544,2.73339362878099,199.0200000000027,effect_10-15
3255,1181,Other,scwm,18,0.09044317154054746,199.0200000000027,effect_10-15
3256,1182,Somatosensory,SSp-ul6a,4,0.020098482564566103,199.0200000000027,effect_10-15
3257,1183,Somatosensory,SSp-ul6a,45,0.22610792885136866,199.0200000000027,effect_10-15
3258,1184,Somatosensory,SSp-ul5,416,2.0902421867148746,199.0200000000027,effect_10-15
3259,1186,Somatosensory,SSp-ll5,178,0.8943824741231915,199.0200000000027,effect_10-15
3260,1187,Somatosensory,SSp-ll5,12,0.0602954476936983,199.0200000000027,effect_10-15
3261,1188,Somatosensory,SSp-ll5,18,0.09044317154054746,199.0200000000027,effect_10-15
3262,1189,Somatosensory,SSp-ll4,68,0.34167420359762374,199.0200000000027,effect_10-15
3263,1191,STR,CP,17,0.08541855089940593,199.0200000000027,effect_10-15
3264,1192,STR,CP,0,0.0,199.0200000000027,effect_10-15
3265,1196,STR,CP,2,0.010049241282283052,199.0200000000027,effect_10-15
3266,1197,STR,CP,29,0.14571399859310424,199.0200000000027,effect_10-15
3267,1199,Somatosensory,SSp-ul6a,5,0.025123103205707625,199.0200000000027,effect_10-15
3268,1201,STR,CP,0,0.0,199.0200000000027,effect_10-15
3269,1202,Somatosensory,SSp-ll4,15,0.07536930961712288,199.0200000000027,effect_10-15
3270,1203,STR,CP,0,0.0,199.0200000000027,effect_10-15
3271,1204,STR,LSr,1156,5.808461461159603,199.0200000000027,effect_10-15
3272,1208,STR,LSr,16,0.08039393025826441,199.0200000000027,effect_10-15
3273,1210,STR,LSr,42,0.21103406692794408,199.0200000000027,effect_10-15
3274,1211,STR,LSr,684,3.4368405185408033,199.0200000000027,effect_10-15
3275,1212,STR,LSr,301,1.5124108129835991,199.0200000000027,effect_10-15
3276,1214,STR,LSr,221,1.1104411616922771,199.0200000000027,effect_10-15
3277,1215,STR,LSr,2934,14.742236961109235,199.0200000000027,effect_10-15
3278,1216,STR,LSr,5009,25.1683247914779,199.0200000000027,effect_10-15
3279,1219,STR,LSr,5097,25.610491407898355,199.0200000000027,effect_10-15
3280,1220,STR,LSr,131,0.6582253039895398,199.0200000000027,effect_10-15
3281,1221,STR,LSr,2055,10.325595417545834,199.0200000000027,effect_10-15
3282,1222,STR,LSr,1944,9.767862526379126,199.0200000000027,effect_10-15
3283,1223,STR,LSr,1491,7.491709375942015,199.0200000000027,effect_10-15
3284,1224,STR,LSr,1744,8.76293839815082,199.0200000000027,effect_10-15
3285,1227,STR,LSr,1340,6.732991659129644,199.0200000000027,effect_10-15
3286,1229,STR,LSr,132,0.6632499246306813,199.0200000000027,effect_10-15
3287,1231,STR,LSr,908,4.562355542156505,199.0200000000027,effect_10-15
3288,1234,STR,LSr,1479,7.4314139282483165,199.0200000000027,effect_10-15
3289,1235,STR,LSr,1530,7.687669580946534,199.0200000000027,effect_10-15
3290,1238,STR,LSr,495,2.487187217365055,199.0200000000027,effect_10-15
3291,1239,STR,LSr,768,3.8589086523966913,199.0200000000027,effect_10-15
3292,1241,STR,CP,3201,16.08381067229402,199.0200000000027,effect_10-15
3293,1242,STR,CP,3323,16.69681439051329,199.0200000000027,effect_10-15
3294,1244,Other,fa,43,0.21605868756908558,199.0200000000027,effect_10-15
3295,1249,Other,fa,2372,11.918400160787698,199.0200000000027,effect_10-15
3296,1251,Other,fa,1731,8.697618329815981,199.0200000000027,effect_10-15
3297,1252,Other,fa,915,4.597527886644496,199.0200000000027,effect_10-15
3298,1254,Other,fa,591,2.9695507989146415,199.0200000000027,effect_10-15
3299,1255,Other,fa,98,0.4924128228318695,199.0200000000027,effect_10-15
3300,1257,Other,fa,318,1.597829363883005,199.0200000000027,effect_10-15
3301,1258,Other,fa,1938,9.737714802532276,199.0200000000027,effect_10-15
3302,1260,Other,fa,982,4.934177469600978,199.0200000000027,effect_10-15
3303,1261,Other,fa,1453,7.300773791578637,199.0200000000027,effect_10-15
3304,1263,Other,fa,2728,13.707165109034081,199.0200000000027,effect_10-15
3305,1264,Other,fa,2866,14.400562757511612,199.0200000000027,effect_10-15
3306,1266,Other,fa,1107,5.562255049743668,199.0200000000027,effect_10-15
3307,1268,Other,fa,11,0.05527082705255678,199.0200000000027,effect_10-15
3308,1269,Other,fa,305,1.5325092955481652,199.0200000000027,effect_10-15
3309,1270,Other,fa,90,0.4522158577027373,199.0200000000027,effect_10-15
3310,1275,Other,fa,31,0.1557632398753873,199.0200000000027,effect_10-15
3311,1276,Other,fa,20,0.1004924128228305,199.0200000000027,effect_10-15
3312,1280,Other,fa,21,0.10551703346397204,199.0200000000027,effect_10-15
3313,1281,Other,fa,65,0.32660034167419916,199.0200000000027,effect_10-15
3314,1282,Other,fa,1883,9.461360667269492,199.0200000000027,effect_10-15
3315,1284,Other,fa,447,2.246005426590262,199.0200000000027,effect_10-15
3316,1286,Other,fa,29,0.14571399859310424,199.0200000000027,effect_10-15
3317,1287,Other,fa,444,2.2309315646668373,199.0200000000027,effect_10-15
3318,1291,Other,fa,1084,5.446688774997414,199.0200000000027,effect_10-15
3319,1292,Other,fa,1347,6.768164003617635,199.0200000000027,effect_10-15
3320,1293,Other,fa,108,0.5426590292432848,199.0200000000027,effect_10-15
3321,1294,Other,fa,829,4.165410511506325,199.0200000000027,effect_10-15
3322,1295,Other,fa,577,2.8992061099386603,199.0200000000027,effect_10-15
3323,1296,Other,fa,252,1.2662044015676643,199.0200000000027,effect_10-15
3324,1297,Other,fa,380,1.9093558436337796,199.0200000000027,effect_10-15
3325,1300,Other,fa,1027,5.160285398452347,199.0200000000027,effect_10-15
3326,1301,Other,fa,101,0.507486684755294,199.0200000000027,effect_10-15
3327,1306,Other,fa,987,4.9593005728066855,199.0200000000027,effect_10-15
3328,1309,Other,fa,1481,7.441463169530599,199.0200000000027,effect_10-15
3329,1310,Other,fa,6,0.03014772384684915,199.0200000000027,effect_10-15
3330,1312,Other,cing,1479,7.4314139282483165,199.0200000000027,effect_10-15
3331,1313,Other,cing,447,2.246005426590262,199.0200000000027,effect_10-15
3332,1315,Motor,MOs6b,566,2.8439352828861035,199.0200000000027,effect_10-15
3333,1316,Motor,MOs6a,130,0.6532006833483983,199.0200000000027,effect_10-15
3334,1317,Motor,MOs6a,483,2.426891769671357,199.0200000000027,effect_10-15
3335,1318,Motor,MOs6a,1659,8.33584564365379,199.0200000000027,effect_10-15
3336,1321,Motor,MOs6a,1500,7.536930961712288,199.0200000000027,effect_10-15
3337,1326,Motor,MOs6a,220,1.1054165410511356,199.0200000000027,effect_10-15
3338,1329,Motor,MOs6a,452,2.2711285297959694,199.0200000000027,effect_10-15
3339,1333,Motor,MOs6a,362,1.8189126720932323,199.0200000000027,effect_10-15
3340,1334,Motor,MOs6a,986,4.954275952165544,199.0200000000027,effect_10-15
3341,1336,Motor,MOs6a,162,0.8139885438649271,199.0200000000027,effect_10-15
3342,1339,Motor,MOs6a,325,1.6330017083709958,199.0200000000027,effect_10-15
3343,1340,Motor,MOs6a,105,0.5275851673198602,199.0200000000027,effect_10-15
3344,1341,Motor,MOs6a,677,3.4016681740528125,199.0200000000027,effect_10-15
3345,1342,Motor,MOs6a,2057,10.335644658828118,199.0200000000027,effect_10-15
3346,1346,Motor,MOs5,32,0.16078786051652882,199.0200000000027,effect_10-15
3347,1352,Motor,MOs5,7,0.03517234448799068,199.0200000000027,effect_10-15
3348,1355,Motor,MOs5,58,0.2914279971862085,199.0200000000027,effect_10-15
3349,1357,Motor,MOs5,62,0.3115264797507746,199.0200000000027,effect_10-15
3350,1359,Motor,MOs5,26,0.13064013666967966,199.0200000000027,effect_10-15
3351,1361,Motor,MOs5,151,0.7587177168123703,199.0200000000027,effect_10-15
3352,1364,Motor,MOs5,529,2.658024319163867,199.0200000000027,effect_10-15
3353,1366,STR,LSr,427,2.1455130137674314,199.0200000000027,effect_10-15
3354,1367,STR,LSr,306,1.5375339161893067,199.0200000000027,effect_10-15
3355,1368,STR,LSr,608,3.0549693498140473,199.0200000000027,effect_10-15
3356,1370,STR,LSr,97,0.487388202190728,199.0200000000027,effect_10-15
3357,1372,STR,LSr,541,2.718319766857565,199.0200000000027,effect_10-15
3358,1373,STR,LSr,1359,6.828459451311333,199.0200000000027,effect_10-15
3359,1375,STR,LSr,824,4.140287408300617,199.0200000000027,effect_10-15
3360,1376,STR,LSr,187,0.9396040598934653,199.0200000000027,effect_10-15
3361,1377,Other,fa,17,0.08541855089940593,199.0200000000027,effect_10-15
3362,1378,Other,fa,14,0.07034468897598135,199.0200000000027,effect_10-15
3363,1379,Other,fa,425,2.1354637724851484,199.0200000000027,effect_10-15
3364,1380,Other,fa,307,1.5425585368304482,199.0200000000027,effect_10-15
3365,1381,Other,fa,17,0.08541855089940593,199.0200000000027,effect_10-15
3366,1383,Other,fa,30,0.15073861923424575,199.0200000000027,effect_10-15
3367,1386,Other,fa,35,0.17586172243995338,199.0200000000027,effect_10-15
3368,1387,Other,fa,76,0.3818711687267559,199.0200000000027,effect_10-15
3369,1388,Other,fa,73,0.36679730680333134,199.0200000000027,effect_10-15
3370,1390,Other,fa,761,3.823736307908701,199.0200000000027,effect_10-15
3371,1394,Motor,MOs6b,230,1.155662747462551,199.0200000000027,effect_10-15
3372,1395,Motor,MOs6a,263,1.3214752286202212,199.0200000000027,effect_10-15
3373,1396,Motor,MOs6a,21,0.10551703346397204,199.0200000000027,effect_10-15
3374,1400,Motor,MOs6a,131,0.6582253039895398,199.0200000000027,effect_10-15
3375,1407,STR,LSr,12,0.0602954476936983,199.0200000000027,effect_10-15
3376,1409,STR,LSr,90,0.4522158577027373,199.0200000000027,effect_10-15
3377,1410,Other,fa,52,0.2612802733393593,199.0200000000027,effect_10-15
3378,1412,Other,fa,63,0.3165511003919161,199.0200000000027,effect_10-15
3379,1414,Other,fa,115,0.5778313737312755,199.0200000000027,effect_10-15
3380,1415,Other,fa,137,0.688373027836389,199.0200000000027,effect_10-15
3381,1416,Other,fa,1405,7.0595920008038435,199.0200000000027,effect_10-15
3382,1417,Other,fa,388,1.949552808762912,199.0200000000027,effect_10-15
3383,1418,Other,fa,227,1.1405888855391262,199.0200000000027,effect_10-15
3384,1424,Other,fa,60,0.3014772384684915,199.0200000000027,effect_10-15
3385,0,Thalamus,VPM,1762,31.35589510403089,56.19358000000102,effect_15-20
3386,2,Thalamus,VPM,0,0.0,56.19358000000102,effect_15-20
3387,3,Thalamus,VPM,324,5.765783208686724,56.19358000000102,effect_15-20
3388,8,Thalamus,VPM,79,1.4058545477970716,56.19358000000102,effect_15-20
3389,9,Thalamus,VPM,228,4.057402998705473,56.19358000000102,effect_15-20
3390,13,Thalamus,VPM,687,12.225595877678332,56.19358000000102,effect_15-20
3391,14,Thalamus,VPM,375,6.673360195239264,56.19358000000102,effect_15-20
3392,20,Thalamus,VPM,112,1.9931102449781268,56.19358000000102,effect_15-20
3393,25,Thalamus,VPM,37,0.658438205930274,56.19358000000102,effect_15-20
3394,40,Thalamus,VPM,640,11.38920139987501,56.19358000000102,effect_15-20
3395,51,Thalamus,VPM,917,16.318590130758412,56.19358000000102,effect_15-20
3396,54,Thalamus,VPM,418,7.438572164293366,56.19358000000102,effect_15-20
3397,59,Thalamus,VPM,154,2.7405265868449242,56.19358000000102,effect_15-20
3398,62,Thalamus,VPM,327,5.819170090248638,56.19358000000102,effect_15-20
3399,63,Thalamus,VPM,131,2.331227161536916,56.19358000000102,effect_15-20
3400,66,Thalamus,VPM,123,2.1888621440384783,56.19358000000102,effect_15-20
3401,67,Thalamus,VPM,372,6.61997331367735,56.19358000000102,effect_15-20
3402,68,Thalamus,VPM,9,0.16016064468574234,56.19358000000102,effect_15-20
3403,70,Thalamus,VPM,142,2.526979060597268,56.19358000000102,effect_15-20
3404,73,Thalamus,VPM,444,7.901258471163288,56.19358000000102,effect_15-20
3405,76,Thalamus,VPM,267,4.751432459010356,56.19358000000102,effect_15-20
3406,77,Thalamus,VPM,765,13.613654798288097,56.19358000000102,effect_15-20
3407,80,Thalamus,PO,21,0.37370817093339875,56.19358000000102,effect_15-20
3408,86,Thalamus,PO,347,6.175082633994732,56.19358000000102,effect_15-20
3409,87,Thalamus,PO,95,1.6905845827939467,56.19358000000102,effect_15-20
3410,88,Thalamus,PO,40,0.7118250874921881,56.19358000000102,effect_15-20
3411,89,Thalamus,PO,0,0.0,56.19358000000102,effect_15-20
3412,90,Thalamus,PO,140,2.4913878062226584,56.19358000000102,effect_15-20
3413,91,Thalamus,PO,200,3.5591254374609407,56.19358000000102,effect_15-20
3414,93,Thalamus,PO,304,5.40987066494063,56.19358000000102,effect_15-20
3415,95,Thalamus,PO,185,3.29219102965137,56.19358000000102,effect_15-20
3416,98,Thalamus,PO,957,17.030415218250603,56.19358000000102,effect_15-20
3417,99,Thalamus,PO,0,0.0,56.19358000000102,effect_15-20
3418,100,Thalamus,PO,150,2.6693440780957056,56.19358000000102,effect_15-20
3419,103,Thalamus,PO,552,9.823186207392196,56.19358000000102,effect_15-20
3420,104,Thalamus,PO,558,9.929959970516025,56.19358000000102,effect_15-20
3421,106,Thalamus,PO,689,12.26118713205294,56.19358000000102,effect_15-20
3422,108,Thalamus,PO,415,7.385185282731452,56.19358000000102,effect_15-20
3423,109,Thalamus,PO,412,7.331798401169538,56.19358000000102,effect_15-20
3424,111,Thalamus,PO,36,0.6406425787429694,56.19358000000102,effect_15-20
3425,112,Thalamus,PO,99,1.7617670915431656,56.19358000000102,effect_15-20
3426,113,Thalamus,PO,272,4.84041059494688,56.19358000000102,effect_15-20
3427,114,Thalamus,PO,333,5.925943853372466,56.19358000000102,effect_15-20
3428,115,Thalamus,PO,695,12.367960895176768,56.19358000000102,effect_15-20
3429,117,Thalamus,PO,2,0.03559125437460941,56.19358000000102,effect_15-20
3430,118,Thalamus,PO,493,8.77324420334122,56.19358000000102,effect_15-20
3431,119,Thalamus,PO,953,16.959232709501382,56.19358000000102,effect_15-20
3432,122,Thalamus,PO,291,5.178527511505669,56.19358000000102,effect_15-20
3433,123,Thalamus,PO,318,5.659009445562896,56.19358000000102,effect_15-20
3434,124,Thalamus,PO,339,6.032717616496295,56.19358000000102,effect_15-20
3435,126,Thalamus,PO,242,4.3065417793277385,56.19358000000102,effect_15-20
3436,128,Thalamus,PO,727,12.937420965170519,56.19358000000102,effect_15-20
3437,130,Thalamus,PO,700,12.456939031113292,56.19358000000102,effect_15-20
3438,131,Thalamus,PO,66,1.1745113943621104,56.19358000000102,effect_15-20
3439,132,Thalamus,PO,185,3.29219102965137,56.19358000000102,effect_15-20
3440,133,Thalamus,PO,502,8.933404848026962,56.19358000000102,effect_15-20
3441,134,Thalamus,PO,1119,19.913306822593963,56.19358000000102,effect_15-20
3442,135,Thalamus,PO,1753,31.195734459345147,56.19358000000102,effect_15-20
3443,138,Thalamus,PO,117,2.08208838091465,56.19358000000102,effect_15-20
3444,139,Thalamus,PO,264,4.6980455774484415,56.19358000000102,effect_15-20
3445,140,Thalamus,PO,735,13.079785982668957,56.19358000000102,effect_15-20
3446,141,Thalamus,PO,212,3.772672963708597,56.19358000000102,effect_15-20
3447,142,Thalamus,PO,1417,25.216403724410764,56.19358000000102,effect_15-20
3448,144,Thalamus,PO,1788,31.81858141090081,56.19358000000102,effect_15-20
3449,145,Thalamus,PO,1061,18.88116044573029,56.19358000000102,effect_15-20
3450,146,Thalamus,PO,1239,22.048782085070528,56.19358000000102,effect_15-20
3451,147,Thalamus,LD,933,16.60332016575529,56.19358000000102,effect_15-20
3452,148,Thalamus,LD,1112,19.78873743228283,56.19358000000102,effect_15-20
3453,151,Thalamus,LD,823,14.645801175151771,56.19358000000102,effect_15-20
3454,153,Thalamus,LD,546,9.716412444268368,56.19358000000102,effect_15-20
3455,155,Thalamus,LD,435,7.741097826477546,56.19358000000102,effect_15-20
3456,156,Thalamus,LD,812,14.45004927609142,56.19358000000102,effect_15-20
3457,157,Thalamus,LD,830,14.770370565462905,56.19358000000102,effect_15-20
3458,160,Thalamus,LD,63,1.1211245128001963,56.19358000000102,effect_15-20
3459,161,Thalamus,LD,239,4.253154897765824,56.19358000000102,effect_15-20
3460,162,Thalamus,LD,1111,19.770941805095525,56.19358000000102,effect_15-20
3461,163,Thalamus,LD,423,7.52755030022989,56.19358000000102,effect_15-20
3462,164,Thalamus,LD,901,16.033860095761536,56.19358000000102,effect_15-20
3463,165,Thalamus,LD,1747,31.088960696221317,56.19358000000102,effect_15-20
3464,166,Thalamus,LD,21,0.37370817093339875,56.19358000000102,effect_15-20
3465,172,Thalamus,LD,1446,25.7324769128426,56.19358000000102,effect_15-20
3466,173,Thalamus,LD,978,17.404123389184,56.19358000000102,effect_15-20
3467,174,Thalamus,LD,941,16.745685183253727,56.19358000000102,effect_15-20
3468,175,Thalamus,LD,485,8.630879185842781,56.19358000000102,effect_15-20
3469,176,Thalamus,LD,728,12.955216592357823,56.19358000000102,effect_15-20
3470,177,Thalamus,LD,1537,27.35187898688733,56.19358000000102,effect_15-20
3471,184,Thalamus,LD,1442,25.661294404093383,56.19358000000102,effect_15-20
3472,188,Thalamus,LD,1690,30.07460994654495,56.19358000000102,effect_15-20
3473,189,Thalamus,LD,815,14.503436157653333,56.19358000000102,effect_15-20
3474,192,Thalamus,LD,1108,19.717554923533612,56.19358000000102,effect_15-20
3475,194,Thalamus,LD,865,15.393217517018568,56.19358000000102,effect_15-20
3476,198,Thalamus,LD,1351,24.041892330048654,56.19358000000102,effect_15-20
3477,204,Thalamus,LD,1359,24.184257347547092,56.19358000000102,effect_15-20
3478,206,Thalamus,LD,1516,26.97817081595393,56.19358000000102,effect_15-20
3479,207,Thalamus,LD,747,13.293333508916614,56.19358000000102,effect_15-20
3480,209,Thalamus,LD,659,11.7273183164338,56.19358000000102,effect_15-20
3481,210,Thalamus,LD,739,13.150968491418176,56.19358000000102,effect_15-20
3482,212,Thalamus,LD,847,15.072896227647083,56.19358000000102,effect_15-20
3483,214,Thalamus,LD,911,16.211816367634587,56.19358000000102,effect_15-20
3484,221,Thalamus,LD,635,11.300223263938486,56.19358000000102,effect_15-20
3485,222,Thalamus,LD,1193,21.23018323445451,56.19358000000102,effect_15-20
3486,223,Thalamus,LD,19,0.3381169165587894,56.19358000000102,effect_15-20
3487,225,Thalamus,LD,626,11.140062619252744,56.19358000000102,effect_15-20
3488,227,Thalamus,LD,159,2.829504722781448,56.19358000000102,effect_15-20
3489,233,Other,CA3,1407,25.038447452537717,56.19358000000102,effect_15-20
3490,240,Other,CA3,362,6.442017041804303,56.19358000000102,effect_15-20
3491,243,Other,CA3,278,4.947184358070707,56.19358000000102,effect_15-20
3492,244,Other,CA3,862,15.339830635456654,56.19358000000102,effect_15-20
3493,245,Other,CA3,6,0.10677376312382822,56.19358000000102,effect_15-20
3494,247,Other,CA3,2,0.03559125437460941,56.19358000000102,effect_15-20
3495,249,Other,CA3,0,0.0,56.19358000000102,effect_15-20
3496,250,Other,CA3,33,0.5872556971810552,56.19358000000102,effect_15-20
3497,255,Other,CA3,1,0.017795627187304704,56.19358000000102,effect_15-20
3498,257,Other,CA3,24,0.4270950524953129,56.19358000000102,effect_15-20
3499,258,Other,CA3,779,13.862793578910365,56.19358000000102,effect_15-20
3500,259,Other,CA3,1514,26.942579561579322,56.19358000000102,effect_15-20
3501,261,Other,CA3,364,6.477608296178912,56.19358000000102,effect_15-20
3502,262,Other,CA3,146,2.5981615693464866,56.19358000000102,effect_15-20
3503,266,Other,CA3,2,0.03559125437460941,56.19358000000102,effect_15-20
3504,267,Other,CA3,1351,24.041892330048654,56.19358000000102,effect_15-20
3505,272,Other,CA3,31,0.5516644428064458,56.19358000000102,effect_15-20
3506,283,Other,CA3,63,1.1211245128001963,56.19358000000102,effect_15-20
3507,285,Other,CA3,499,8.880017966465047,56.19358000000102,effect_15-20
3508,287,Other,CA3,277,4.929388730883403,56.19358000000102,effect_15-20
3509,288,Other,CA3,189,3.363373538400589,56.19358000000102,effect_15-20
3510,293,Other,CA2,437,7.776689080852155,56.19358000000102,effect_15-20
3511,297,Other,CA2,326,5.801374463061333,56.19358000000102,effect_15-20
3512,298,Other,CA2,1,0.017795627187304704,56.19358000000102,effect_15-20
3513,305,Other,CA1,349,6.2106738883693415,56.19358000000102,effect_15-20
3514,307,Other,CA1,551,9.805390580204891,56.19358000000102,effect_15-20
3515,310,Other,CA1,28,0.4982775612445317,56.19358000000102,effect_15-20
3516,312,Other,CA1,508,9.04017861115079,56.19358000000102,effect_15-20
3517,314,Other,CA1,317,5.641213818375591,56.19358000000102,effect_15-20
3518,322,Other,alv,142,2.526979060597268,56.19358000000102,effect_15-20
3519,327,Somatosensory,SSp-ll6b,198,3.523534183086331,56.19358000000102,effect_15-20
3520,328,Somatosensory,SSp-ll6a,589,10.48162441332247,56.19358000000102,effect_15-20
3521,329,Somatosensory,SSp-ll6a,483,8.595287931468171,56.19358000000102,effect_15-20
3522,330,Somatosensory,SSp-ll6a,169,3.007460994654495,56.19358000000102,effect_15-20
3523,331,Somatosensory,SSp-ll6a,396,7.047068366172662,56.19358000000102,effect_15-20
3524,332,Somatosensory,SSp-ll6a,450,8.008032234287116,56.19358000000102,effect_15-20
3525,333,Somatosensory,SSp-ll6a,30,0.5338688156191411,56.19358000000102,effect_15-20
3526,334,Somatosensory,SSp-ll6a,268,4.769228086197661,56.19358000000102,effect_15-20
3527,338,Somatosensory,SSp-ll6a,32,0.5694600699937505,56.19358000000102,effect_15-20
3528,341,Somatosensory,SSp-ll6a,110,1.9575189906035173,56.19358000000102,effect_15-20
3529,342,Somatosensory,SSp-ll6a,6,0.10677376312382822,56.19358000000102,effect_15-20
3530,343,Somatosensory,SSp-ll6a,1,0.017795627187304704,56.19358000000102,effect_15-20
3531,344,Somatosensory,SSp-ll6a,506,9.00458735677618,56.19358000000102,effect_15-20
3532,345,Somatosensory,SSp-ll6a,224,3.9862204899562537,56.19358000000102,effect_15-20
3533,346,Somatosensory,SSp-ll6a,92,1.6371977012320327,56.19358000000102,effect_15-20
3534,347,Somatosensory,SSp-ll6a,315,5.605622564000981,56.19358000000102,effect_15-20
3535,348,Somatosensory,SSp-ll6a,16,0.28473003499687527,56.19358000000102,effect_15-20
3536,349,Somatosensory,SSp-ll6a,72,1.2812851574859387,56.19358000000102,effect_15-20
3537,350,Somatosensory,SSp-ll6a,277,4.929388730883403,56.19358000000102,effect_15-20
3538,353,Somatosensory,SSp-ll6a,143,2.5447746877845727,56.19358000000102,effect_15-20
3539,356,Somatosensory,SSp-ll6a,72,1.2812851574859387,56.19358000000102,effect_15-20
3540,357,Somatosensory,SSp-ll6a,4,0.07118250874921882,56.19358000000102,effect_15-20
3541,358,Somatosensory,SSp-ll6a,17,0.30252566218418,56.19358000000102,effect_15-20
3542,359,Somatosensory,SSp-ll6a,125,2.224453398413088,56.19358000000102,effect_15-20
3543,365,Somatosensory,SSp-ll5,67,1.1923070215494151,56.19358000000102,effect_15-20
3544,370,Somatosensory,SSp-ll5,248,4.413315542451566,56.19358000000102,effect_15-20
3545,371,Somatosensory,SSp-ll5,190,3.3811691655878935,56.19358000000102,effect_15-20
3546,372,Somatosensory,SSp-ll5,8,0.14236501749843763,56.19358000000102,effect_15-20
3547,375,Somatosensory,SSp-ll5,15,0.26693440780957056,56.19358000000102,effect_15-20
3548,376,Somatosensory,SSp-ll5,298,5.303096901816802,56.19358000000102,effect_15-20
3549,377,Somatosensory,SSp-ll5,3,0.05338688156191411,56.19358000000102,effect_15-20
3550,378,Somatosensory,SSp-tr5,188,3.3455779112132844,56.19358000000102,effect_15-20
3551,380,Somatosensory,SSp-tr5,303,5.392075037753325,56.19358000000102,effect_15-20
3552,381,Somatosensory,SSp-tr5,516,9.182543628649228,56.19358000000102,effect_15-20
3553,382,Somatosensory,SSp-tr5,298,5.303096901816802,56.19358000000102,effect_15-20
3554,386,Somatosensory,SSp-tr5,723,12.8662384564213,56.19358000000102,effect_15-20
3555,388,Somatosensory,SSp-tr5,371,6.602177686490045,56.19358000000102,effect_15-20
3556,389,Somatosensory,SSp-tr5,610,10.85533258425587,56.19358000000102,effect_15-20
3557,392,Somatosensory,SSp-tr5,0,0.0,56.19358000000102,effect_15-20
3558,394,Somatosensory,SSp-tr5,103,1.8329496002923844,56.19358000000102,effect_15-20
3559,395,Somatosensory,SSp-tr5,426,7.580937181791803,56.19358000000102,effect_15-20
3560,396,Somatosensory,SSp-tr5,436,7.758893453664851,56.19358000000102,effect_15-20
3561,397,Somatosensory,SSp-tr5,78,1.3880589206097669,56.19358000000102,effect_15-20
3562,398,Somatosensory,SSp-tr5,23,0.40929942530800817,56.19358000000102,effect_15-20
3563,400,Somatosensory,SSp-tr5,0,0.0,56.19358000000102,effect_15-20
3564,401,Somatosensory,SSp-tr5,62,1.1033288856128916,56.19358000000102,effect_15-20
3565,402,Somatosensory,SSp-tr5,326,5.801374463061333,56.19358000000102,effect_15-20
3566,403,Somatosensory,SSp-tr5,482,8.577492304280867,56.19358000000102,effect_15-20
3567,404,Somatosensory,SSp-tr5,456,8.114805997410945,56.19358000000102,effect_15-20
3568,406,Somatosensory,SSp-tr5,0,0.0,56.19358000000102,effect_15-20
3569,407,Somatosensory,SSp-tr5,7,0.12456939031113293,56.19358000000102,effect_15-20
3570,408,Somatosensory,SSp-tr5,520,9.253726137398445,56.19358000000102,effect_15-20
3571,410,Somatosensory,SSp-tr5,192,3.416760419962503,56.19358000000102,effect_15-20
3572,413,Somatosensory,SSp-tr5,45,0.8008032234287117,56.19358000000102,effect_15-20
3573,416,Somatosensory,SSp-tr5,69,1.2278982759240245,56.19358000000102,effect_15-20
3574,418,Somatosensory,SSp-tr5,182,3.238804148089456,56.19358000000102,effect_15-20
3575,425,Somatosensory,SSp-tr4,33,0.5872556971810552,56.19358000000102,effect_15-20
3576,430,Somatosensory,SSp-tr4,2,0.03559125437460941,56.19358000000102,effect_15-20
3577,436,Somatosensory,SSp-tr4,319,5.6768050727502,56.19358000000102,effect_15-20
3578,438,Somatosensory,SSp-tr4,78,1.3880589206097669,56.19358000000102,effect_15-20
3579,439,Somatosensory,SSp-tr4,1,0.017795627187304704,56.19358000000102,effect_15-20
3580,445,Somatosensory,SSp-tr2/3,0,0.0,56.19358000000102,effect_15-20
3581,449,Somatosensory,SSp-tr2/3,2,0.03559125437460941,56.19358000000102,effect_15-20
3582,472,Thalamus,PO,296,5.267505647442192,56.19358000000102,effect_15-20
3583,473,Thalamus,PO,2,0.03559125437460941,56.19358000000102,effect_15-20
3584,475,Thalamus,PO,316,5.623418191188287,56.19358000000102,effect_15-20
3585,476,Thalamus,PO,5,0.08897813593652351,56.19358000000102,effect_15-20
3586,480,Thalamus,PO,97,1.7261758371685563,56.19358000000102,effect_15-20
3587,481,Thalamus,PO,4,0.07118250874921882,56.19358000000102,effect_15-20
3588,482,Thalamus,PO,110,1.9575189906035173,56.19358000000102,effect_15-20
3589,483,Thalamus,PO,78,1.3880589206097669,56.19358000000102,effect_15-20
3590,485,Thalamus,LD,1449,25.785863794404516,56.19358000000102,effect_15-20
3591,486,Thalamus,LD,625,11.12226699206544,56.19358000000102,effect_15-20
3592,487,Thalamus,LD,643,11.442588281436924,56.19358000000102,effect_15-20
3593,488,Thalamus,LD,559,9.94775559770333,56.19358000000102,effect_15-20
3594,489,Thalamus,LD,921,16.389772639507633,56.19358000000102,effect_15-20
3595,490,Thalamus,LD,944,16.79907206481564,56.19358000000102,effect_15-20
3596,494,Thalamus,LD,1552,27.6188133946969,56.19358000000102,effect_15-20
3597,496,Thalamus,LD,683,12.154413368929113,56.19358000000102,effect_15-20
3598,497,Other,CA3,8,0.14236501749843763,56.19358000000102,effect_15-20
3599,501,Other,CA3,129,2.295635907162307,56.19358000000102,effect_15-20
3600,504,Other,CA3,2,0.03559125437460941,56.19358000000102,effect_15-20
3601,507,Other,CA3,7,0.12456939031113293,56.19358000000102,effect_15-20
3602,509,Other,CA2,0,0.0,56.19358000000102,effect_15-20
3603,514,Other,CA1,13,0.23134315343496115,56.19358000000102,effect_15-20
3604,515,Other,CA1,274,4.876001849321489,56.19358000000102,effect_15-20
3605,516,Other,CA1,466,8.292762269283992,56.19358000000102,effect_15-20
3606,518,Somatosensory,SSp-ll6a,5,0.08897813593652351,56.19358000000102,effect_15-20
3607,519,Somatosensory,SSp-ll6a,16,0.28473003499687527,56.19358000000102,effect_15-20
3608,520,Somatosensory,SSp-ll6a,194,3.4523516743371125,56.19358000000102,effect_15-20
3609,521,Somatosensory,SSp-ll5,0,0.0,56.19358000000102,effect_15-20
3610,522,Somatosensory,SSp-ll5,1,0.017795627187304704,56.19358000000102,effect_15-20
3611,523,Somatosensory,SSp-tr5,19,0.3381169165587894,56.19358000000102,effect_15-20
3612,525,Somatosensory,SSp-tr5,18,0.3203212893714847,56.19358000000102,effect_15-20
3613,527,Somatosensory,SSp-tr5,8,0.14236501749843763,56.19358000000102,effect_15-20
3614,531,Somatosensory,SSp-tr5,10,0.17795627187304702,56.19358000000102,effect_15-20
3615,534,Somatosensory,SSp-tr2/3,8,0.14236501749843763,56.19358000000102,effect_15-20
3616,538,Somatosensory,SSp-tr2/3,74,1.316876411860548,56.19358000000102,effect_15-20
3617,544,Somatosensory,SSp-tr5,161,2.865095977156057,56.19358000000102,effect_15-20
3618,546,Somatosensory,SSp-tr2/3,0,0.0,56.19358000000102,effect_15-20
3619,547,Somatosensory,SSp-tr4,1,0.017795627187304704,56.19358000000102,effect_15-20
3620,549,Thalamus,VPM,57,1.0143507496763682,56.19358000000102,effect_15-20
3621,551,Thalamus,PO,569,10.125711869576376,56.19358000000102,effect_15-20
3622,554,Other,CA3,2,0.03559125437460941,56.19358000000102,effect_15-20
3623,557,Somatosensory,SSp-ll6a,21,0.37370817093339875,56.19358000000102,effect_15-20
3624,558,Somatosensory,SSp-tr5,30,0.5338688156191411,56.19358000000102,effect_15-20
3625,560,Somatosensory,SSp-tr5,1,0.017795627187304704,56.19358000000102,effect_15-20
3626,561,Somatosensory,SSp-tr4,3,0.05338688156191411,56.19358000000102,effect_15-20
3627,563,Somatosensory,SSp-tr4,0,0.0,56.19358000000102,effect_15-20
3628,565,Somatosensory,SSp-tr4,2,0.03559125437460941,56.19358000000102,effect_15-20
3629,567,STR,CP,17,0.30252566218418,56.19358000000102,effect_15-20
3630,571,STR,CP,286,5.089549375569145,56.19358000000102,effect_15-20
3631,572,STR,CP,241,4.288746152140433,56.19358000000102,effect_15-20
3632,573,STR,CP,5,0.08897813593652351,56.19358000000102,effect_15-20
3633,575,STR,CP,3,0.05338688156191411,56.19358000000102,effect_15-20
3634,576,STR,CP,236,4.19976801620391,56.19358000000102,effect_15-20
3635,577,STR,CP,22,0.39150379812070346,56.19358000000102,effect_15-20
3636,578,STR,CP,6,0.10677376312382822,56.19358000000102,effect_15-20
3637,579,STR,CP,1,0.017795627187304704,56.19358000000102,effect_15-20
3638,580,STR,CP,0,0.0,56.19358000000102,effect_15-20
3639,581,STR,CP,0,0.0,56.19358000000102,effect_15-20
3640,582,STR,CP,9,0.16016064468574234,56.19358000000102,effect_15-20
3641,584,STR,CP,175,3.114234757778323,56.19358000000102,effect_15-20
3642,585,STR,CP,140,2.4913878062226584,56.19358000000102,effect_15-20
3643,589,STR,CP,38,0.6762338331175788,56.19358000000102,effect_15-20
3644,592,STR,CP,0,0.0,56.19358000000102,effect_15-20
3645,593,STR,CP,2,0.03559125437460941,56.19358000000102,effect_15-20
3646,596,STR,CP,15,0.26693440780957056,56.19358000000102,effect_15-20
3647,599,STR,CP,715,12.723873438922864,56.19358000000102,effect_15-20
3648,600,STR,CP,13,0.23134315343496115,56.19358000000102,effect_15-20
3649,603,STR,CP,3,0.05338688156191411,56.19358000000102,effect_15-20
3650,605,STR,CP,305,5.427666292127935,56.19358000000102,effect_15-20
3651,606,STR,CP,1,0.017795627187304704,56.19358000000102,effect_15-20
3652,608,STR,CP,246,4.377724288076957,56.19358000000102,effect_15-20
3653,615,STR,CP,339,6.032717616496295,56.19358000000102,effect_15-20
3654,619,STR,CP,0,0.0,56.19358000000102,effect_15-20
3655,626,STR,CP,1749,31.124551950595926,56.19358000000102,effect_15-20
3656,629,STR,CP,21,0.37370817093339875,56.19358000000102,effect_15-20
3657,630,STR,CP,41,0.7296207146794929,56.19358000000102,effect_15-20
3658,631,STR,CP,320,5.694600699937505,56.19358000000102,effect_15-20
3659,634,STR,CP,155,2.758322214032229,56.19358000000102,effect_15-20
3660,635,STR,CP,102,1.8151539731050799,56.19358000000102,effect_15-20
3661,636,STR,CP,75,1.3346720390478528,56.19358000000102,effect_15-20
3662,638,STR,CP,381,6.780133958363092,56.19358000000102,effect_15-20
3663,639,STR,CP,76,1.3524676662351576,56.19358000000102,effect_15-20
3664,641,STR,CP,55,0.9787594953017587,56.19358000000102,effect_15-20
3665,642,STR,CP,36,0.6406425787429694,56.19358000000102,effect_15-20
3666,643,STR,CP,276,4.911593103696098,56.19358000000102,effect_15-20
3667,644,STR,CP,270,4.80481934057227,56.19358000000102,effect_15-20
3668,645,STR,CP,1,0.017795627187304704,56.19358000000102,effect_15-20
3669,647,STR,CP,409,7.278411519607624,56.19358000000102,effect_15-20
3670,649,STR,CP,1,0.017795627187304704,56.19358000000102,effect_15-20
3671,652,STR,CP,2,0.03559125437460941,56.19358000000102,effect_15-20
3672,657,STR,CP,0,0.0,56.19358000000102,effect_15-20
3673,659,STR,CP,479,8.524105422718954,56.19358000000102,effect_15-20
3674,660,STR,CP,0,0.0,56.19358000000102,effect_15-20
3675,661,STR,CP,3,0.05338688156191411,56.19358000000102,effect_15-20
3676,662,STR,CP,2,0.03559125437460941,56.19358000000102,effect_15-20
3677,665,STR,CP,1,0.017795627187304704,56.19358000000102,effect_15-20
3678,671,STR,CP,333,5.925943853372466,56.19358000000102,effect_15-20
3679,674,STR,CP,1,0.017795627187304704,56.19358000000102,effect_15-20
3680,683,STR,CP,365,6.495403923366217,56.19358000000102,effect_15-20
3681,686,STR,CP,0,0.0,56.19358000000102,effect_15-20
3682,687,STR,CP,459,8.168192878972858,56.19358000000102,effect_15-20
3683,688,STR,CP,28,0.4982775612445317,56.19358000000102,effect_15-20
3684,689,STR,CP,413,7.349594028356843,56.19358000000102,effect_15-20
3685,690,STR,CP,488,8.684266067404696,56.19358000000102,effect_15-20
3686,691,STR,CP,355,6.31744765149317,56.19358000000102,effect_15-20
3687,693,STR,CP,1203,21.408139506327558,56.19358000000102,effect_15-20
3688,696,STR,CP,135,2.402409670286135,56.19358000000102,effect_15-20
3689,699,STR,CP,421,7.49195904585528,56.19358000000102,effect_15-20
3690,701,STR,CP,67,1.1923070215494151,56.19358000000102,effect_15-20
3691,702,STR,CP,106,1.8863364818542985,56.19358000000102,effect_15-20
3692,705,STR,CP,65,1.1567157671748056,56.19358000000102,effect_15-20
3693,706,STR,CP,366,6.513199550553521,56.19358000000102,effect_15-20
3694,709,STR,CP,259,4.609067441511918,56.19358000000102,effect_15-20
3695,710,STR,CP,12,0.21354752624765644,56.19358000000102,effect_15-20
3696,714,STR,CP,9,0.16016064468574234,56.19358000000102,effect_15-20
3697,716,STR,CP,491,8.737652948966609,56.19358000000102,effect_15-20
3698,719,STR,CP,28,0.4982775612445317,56.19358000000102,effect_15-20
3699,722,STR,CP,392,6.975885857423444,56.19358000000102,effect_15-20
3700,724,STR,CP,144,2.5625703149718775,56.19358000000102,effect_15-20
3701,725,STR,CP,27,0.480481934057227,56.19358000000102,effect_15-20
3702,726,STR,CP,48,0.8541901049906258,56.19358000000102,effect_15-20
3703,727,STR,CP,813,14.467844903278724,56.19358000000102,effect_15-20
3704,728,STR,CP,238,4.2353592705785195,56.19358000000102,effect_15-20
3705,729,STR,CP,89,1.5838108196701186,56.19358000000102,effect_15-20
3706,730,STR,CP,4,0.07118250874921882,56.19358000000102,effect_15-20
3707,733,STR,CP,149,2.651548450908401,56.19358000000102,effect_15-20
3708,736,STR,CP,563,10.018938106452548,56.19358000000102,effect_15-20
3709,737,STR,CP,2,0.03559125437460941,56.19358000000102,effect_15-20
3710,739,STR,CP,0,0.0,56.19358000000102,effect_15-20
3711,742,STR,CP,34,0.60505132436836,56.19358000000102,effect_15-20
3712,743,STR,CP,1491,26.533280136271312,56.19358000000102,effect_15-20
3713,744,STR,CP,646,11.495975162998839,56.19358000000102,effect_15-20
3714,746,STR,CP,24,0.4270950524953129,56.19358000000102,effect_15-20
3715,747,STR,CP,7,0.12456939031113293,56.19358000000102,effect_15-20
3716,748,STR,CP,1592,28.330638482189087,56.19358000000102,effect_15-20
3717,749,STR,CP,220,3.9150379812070346,56.19358000000102,effect_15-20
3718,750,STR,CP,48,0.8541901049906258,56.19358000000102,effect_15-20
3719,751,STR,CP,435,7.741097826477546,56.19358000000102,effect_15-20
3720,753,STR,CP,389,6.922498975861529,56.19358000000102,effect_15-20
3721,754,STR,CP,227,4.0396073715181675,56.19358000000102,effect_15-20
3722,755,STR,CP,1120,19.931102449781267,56.19358000000102,effect_15-20
3723,757,Other,ccb,108,1.921927736228908,56.19358000000102,effect_15-20
3724,759,Other,ccb,51,0.9075769865525399,56.19358000000102,effect_15-20
3725,760,Other,ccb,17,0.30252566218418,56.19358000000102,effect_15-20
3726,763,Other,ccb,1114,19.824328686657438,56.19358000000102,effect_15-20
3727,766,Other,ccb,0,0.0,56.19358000000102,effect_15-20
3728,767,Other,ccb,1,0.017795627187304704,56.19358000000102,effect_15-20
3729,768,Other,ccb,38,0.6762338331175788,56.19358000000102,effect_15-20
3730,770,Other,ccb,0,0.0,56.19358000000102,effect_15-20
3731,771,Other,ccb,0,0.0,56.19358000000102,effect_15-20
3732,775,Other,ccb,60,1.0677376312382822,56.19358000000102,effect_15-20
3733,777,Other,ccb,784,13.951771714846888,56.19358000000102,effect_15-20
3734,780,Other,ccb,12,0.21354752624765644,56.19358000000102,effect_15-20
3735,781,Other,ccb,4,0.07118250874921882,56.19358000000102,effect_15-20
3736,782,Other,ccb,51,0.9075769865525399,56.19358000000102,effect_15-20
3737,783,Other,ccb,0,0.0,56.19358000000102,effect_15-20
3738,785,Other,ccb,76,1.3524676662351576,56.19358000000102,effect_15-20
3739,786,Other,ccb,152,2.704935332470315,56.19358000000102,effect_15-20
3740,787,Other,scwm,12,0.21354752624765644,56.19358000000102,effect_15-20
3741,789,Other,ccb,87,1.5482195652955093,56.19358000000102,effect_15-20
3742,791,Other,scwm,1,0.017795627187304704,56.19358000000102,effect_15-20
3743,793,Other,scwm,3,0.05338688156191411,56.19358000000102,effect_15-20
3744,796,Other,scwm,23,0.40929942530800817,56.19358000000102,effect_15-20
3745,798,Other,scwm,17,0.30252566218418,56.19358000000102,effect_15-20
3746,799,Other,scwm,2,0.03559125437460941,56.19358000000102,effect_15-20
3747,803,Somatosensory,SSp-ul6b,0,0.0,56.19358000000102,effect_15-20
3748,805,Somatosensory,SSp-ul6b,10,0.17795627187304702,56.19358000000102,effect_15-20
3749,807,Somatosensory,SSp-ul6a,3,0.05338688156191411,56.19358000000102,effect_15-20
3750,810,Somatosensory,SSp-ul6b,8,0.14236501749843763,56.19358000000102,effect_15-20
3751,811,Somatosensory,SSp-ul6a,4,0.07118250874921882,56.19358000000102,effect_15-20
3752,820,Somatosensory,SSp-ul6a,18,0.3203212893714847,56.19358000000102,effect_15-20
3753,824,Somatosensory,SSp-ul6a,3,0.05338688156191411,56.19358000000102,effect_15-20
3754,825,Somatosensory,SSp-ul6a,2,0.03559125437460941,56.19358000000102,effect_15-20
3755,830,Somatosensory,SSp-ul6a,2,0.03559125437460941,56.19358000000102,effect_15-20
3756,832,Somatosensory,SSp-ul6a,5,0.08897813593652351,56.19358000000102,effect_15-20
3757,835,Somatosensory,SSp-ul6a,0,0.0,56.19358000000102,effect_15-20
3758,837,Somatosensory,SSp-ul6a,21,0.37370817093339875,56.19358000000102,effect_15-20
3759,839,Somatosensory,SSp-ul6a,45,0.8008032234287117,56.19358000000102,effect_15-20
3760,841,Somatosensory,SSp-ul6a,424,7.545345927417194,56.19358000000102,effect_15-20
3761,842,Somatosensory,SSp-ul6a,4,0.07118250874921882,56.19358000000102,effect_15-20
3762,843,Somatosensory,SSp-ul6a,17,0.30252566218418,56.19358000000102,effect_15-20
3763,845,Somatosensory,SSp-ul6a,23,0.40929942530800817,56.19358000000102,effect_15-20
3764,847,Somatosensory,SSp-ul6a,219,3.8972423540197303,56.19358000000102,effect_15-20
3765,849,Somatosensory,SSp-ul6a,0,0.0,56.19358000000102,effect_15-20
3766,851,Somatosensory,SSp-ul6a,966,17.190575862936342,56.19358000000102,effect_15-20
3767,852,Somatosensory,SSp-ul6a,636,11.318018891125792,56.19358000000102,effect_15-20
3768,854,Somatosensory,SSp-ul6a,198,3.523534183086331,56.19358000000102,effect_15-20
3769,855,Somatosensory,SSp-ul6a,1062,18.898956072917596,56.19358000000102,effect_15-20
3770,856,Somatosensory,SSp-ul6a,1706,30.359339981541826,56.19358000000102,effect_15-20
3771,857,Somatosensory,SSp-ul6a,543,9.663025562706453,56.19358000000102,effect_15-20
3772,860,Somatosensory,SSp-ul6a,392,6.975885857423444,56.19358000000102,effect_15-20
3773,861,Somatosensory,SSp-ul6a,29,0.5160731884318364,56.19358000000102,effect_15-20
3774,862,Somatosensory,SSp-ul6a,271,4.822614967759574,56.19358000000102,effect_15-20
3775,863,Somatosensory,SSp-ul6a,361,6.424221414616998,56.19358000000102,effect_15-20
3776,865,Somatosensory,SSp-ul6a,179,3.185417266527542,56.19358000000102,effect_15-20
3777,867,Somatosensory,SSp-ul6a,503,8.951200475214266,56.19358000000102,effect_15-20
3778,868,Somatosensory,SSp-ul6a,445,7.9190540983505935,56.19358000000102,effect_15-20
3779,869,Somatosensory,SSp-ul6a,857,15.25085249952013,56.19358000000102,effect_15-20
3780,870,Somatosensory,SSp-ul6a,91,1.619402074044728,56.19358000000102,effect_15-20
3781,874,Somatosensory,SSp-ul6a,126,2.2422490256003926,56.19358000000102,effect_15-20
3782,875,Somatosensory,SSp-ul6a,2,0.03559125437460941,56.19358000000102,effect_15-20
3783,876,Somatosensory,SSp-ul6a,558,9.929959970516025,56.19358000000102,effect_15-20
3784,877,Somatosensory,SSp-ul6a,161,2.865095977156057,56.19358000000102,effect_15-20
3785,878,Somatosensory,SSp-ul6a,257,4.573476187137309,56.19358000000102,effect_15-20
3786,879,Somatosensory,SSp-ul6a,324,5.765783208686724,56.19358000000102,effect_15-20
3787,882,Somatosensory,SSp-ul6a,300,5.338688156191411,56.19358000000102,effect_15-20
3788,884,Somatosensory,SSp-ul6a,55,0.9787594953017587,56.19358000000102,effect_15-20
3789,886,Somatosensory,SSp-ul6a,345,6.1394913796201225,56.19358000000102,effect_15-20
3790,887,Somatosensory,SSp-ul6a,255,4.537884932762699,56.19358000000102,effect_15-20
3791,888,Somatosensory,SSp-ul6a,1181,21.016635708206856,56.19358000000102,effect_15-20
3792,893,Somatosensory,SSp-ul6a,33,0.5872556971810552,56.19358000000102,effect_15-20
3793,894,Somatosensory,SSp-ul6a,89,1.5838108196701186,56.19358000000102,effect_15-20
3794,899,Somatosensory,SSp-ul5,302,5.374279410566021,56.19358000000102,effect_15-20
3795,900,Somatosensory,SSp-ul5,60,1.0677376312382822,56.19358000000102,effect_15-20
3796,901,Somatosensory,SSp-ul5,39,0.6940294603048834,56.19358000000102,effect_15-20
3797,902,Somatosensory,SSp-ul5,143,2.5447746877845727,56.19358000000102,effect_15-20
3798,906,Somatosensory,SSp-ul5,67,1.1923070215494151,56.19358000000102,effect_15-20
3799,909,Somatosensory,SSp-ul5,50,0.8897813593652352,56.19358000000102,effect_15-20
3800,910,Somatosensory,SSp-ul5,76,1.3524676662351576,56.19358000000102,effect_15-20
3801,914,Somatosensory,SSp-ul5,3,0.05338688156191411,56.19358000000102,effect_15-20
3802,915,Somatosensory,SSp-ul5,0,0.0,56.19358000000102,effect_15-20
3803,916,Somatosensory,SSp-ll5,127,2.2600446527876974,56.19358000000102,effect_15-20
3804,917,Somatosensory,SSp-ll5,87,1.5482195652955093,56.19358000000102,effect_15-20
3805,918,Somatosensory,SSp-ll5,2,0.03559125437460941,56.19358000000102,effect_15-20
3806,924,Somatosensory,SSp-ll5,0,0.0,56.19358000000102,effect_15-20
3807,925,Somatosensory,SSp-ll5,37,0.658438205930274,56.19358000000102,effect_15-20
3808,934,Somatosensory,SSp-ll5,258,4.591271814324614,56.19358000000102,effect_15-20
3809,938,Somatosensory,SSp-ll5,0,0.0,56.19358000000102,effect_15-20
3810,939,Somatosensory,SSp-ll5,639,11.371405772687705,56.19358000000102,effect_15-20
3811,940,Somatosensory,SSp-ll5,2225,39.59527049175296,56.19358000000102,effect_15-20
3812,949,Somatosensory,SSp-ll5,99,1.7617670915431656,56.19358000000102,effect_15-20
3813,950,Somatosensory,SSp-ll5,45,0.8008032234287117,56.19358000000102,effect_15-20
3814,953,Somatosensory,SSp-ll5,15,0.26693440780957056,56.19358000000102,effect_15-20
3815,960,Somatosensory,SSp-ll5,2,0.03559125437460941,56.19358000000102,effect_15-20
3816,966,Somatosensory,SSp-ll5,137,2.4380009246607446,56.19358000000102,effect_15-20
3817,968,Somatosensory,SSp-ll5,25,0.4448906796826176,56.19358000000102,effect_15-20
3818,970,Somatosensory,SSp-ll4,12,0.21354752624765644,56.19358000000102,effect_15-20
3819,973,Somatosensory,SSp-ll4,1,0.017795627187304704,56.19358000000102,effect_15-20
3820,975,Somatosensory,SSp-ll4,47,0.8363944778033211,56.19358000000102,effect_15-20
3821,977,Somatosensory,SSp-ll4,0,0.0,56.19358000000102,effect_15-20
3822,983,STR,CP,63,1.1211245128001963,56.19358000000102,effect_15-20
3823,985,STR,CP,269,4.787023713384965,56.19358000000102,effect_15-20
3824,986,STR,CP,9,0.16016064468574234,56.19358000000102,effect_15-20
3825,988,STR,CP,4,0.07118250874921882,56.19358000000102,effect_15-20
3826,990,STR,CP,78,1.3880589206097669,56.19358000000102,effect_15-20
3827,992,STR,CP,0,0.0,56.19358000000102,effect_15-20
3828,996,STR,CP,9,0.16016064468574234,56.19358000000102,effect_15-20
3829,999,STR,CP,7,0.12456939031113293,56.19358000000102,effect_15-20
3830,1001,STR,CP,4,0.07118250874921882,56.19358000000102,effect_15-20
3831,1002,STR,CP,0,0.0,56.19358000000102,effect_15-20
3832,1003,STR,CP,0,0.0,56.19358000000102,effect_15-20
3833,1004,STR,CP,22,0.39150379812070346,56.19358000000102,effect_15-20
3834,1005,STR,CP,1,0.017795627187304704,56.19358000000102,effect_15-20
3835,1008,STR,CP,3,0.05338688156191411,56.19358000000102,effect_15-20
3836,1010,STR,CP,3,0.05338688156191411,56.19358000000102,effect_15-20
3837,1012,STR,CP,1,0.017795627187304704,56.19358000000102,effect_15-20
3838,1013,STR,CP,25,0.4448906796826176,56.19358000000102,effect_15-20
3839,1018,STR,CP,28,0.4982775612445317,56.19358000000102,effect_15-20
3840,1020,STR,CP,17,0.30252566218418,56.19358000000102,effect_15-20
3841,1026,STR,CP,15,0.26693440780957056,56.19358000000102,effect_15-20
3842,1027,STR,CP,0,0.0,56.19358000000102,effect_15-20
3843,1029,STR,CP,217,3.8616510996451208,56.19358000000102,effect_15-20
3844,1030,STR,CP,1,0.017795627187304704,56.19358000000102,effect_15-20
3845,1031,STR,CP,36,0.6406425787429694,56.19358000000102,effect_15-20
3846,1033,STR,CP,138,2.455796551848049,56.19358000000102,effect_15-20
3847,1034,STR,CP,2,0.03559125437460941,56.19358000000102,effect_15-20
3848,1037,STR,CP,0,0.0,56.19358000000102,effect_15-20
3849,1038,STR,CP,0,0.0,56.19358000000102,effect_15-20
3850,1041,STR,CP,1,0.017795627187304704,56.19358000000102,effect_15-20
3851,1042,STR,CP,0,0.0,56.19358000000102,effect_15-20
3852,1043,STR,CP,0,0.0,56.19358000000102,effect_15-20
3853,1045,STR,CP,0,0.0,56.19358000000102,effect_15-20
3854,1052,STR,CP,135,2.402409670286135,56.19358000000102,effect_15-20
3855,1054,STR,CP,78,1.3880589206097669,56.19358000000102,effect_15-20
3856,1057,STR,CP,213,3.7904685908959017,56.19358000000102,effect_15-20
3857,1060,STR,CP,18,0.3203212893714847,56.19358000000102,effect_15-20
3858,1061,STR,CP,591,10.51721566769708,56.19358000000102,effect_15-20
3859,1063,STR,CP,26,0.4626863068699223,56.19358000000102,effect_15-20
3860,1065,STR,CP,90,1.6016064468574234,56.19358000000102,effect_15-20
3861,1067,STR,CP,0,0.0,56.19358000000102,effect_15-20
3862,1068,STR,CP,61,1.085533258425587,56.19358000000102,effect_15-20
3863,1069,STR,CP,14,0.24913878062226585,56.19358000000102,effect_15-20
3864,1070,STR,CP,143,2.5447746877845727,56.19358000000102,effect_15-20
3865,1071,STR,CP,92,1.6371977012320327,56.19358000000102,effect_15-20
3866,1072,Other,ccb,114,2.0287014993527364,56.19358000000102,effect_15-20
3867,1073,Other,ccb,158,2.8117090955941433,56.19358000000102,effect_15-20
3868,1074,Other,ccb,0,0.0,56.19358000000102,effect_15-20
3869,1075,Other,ccb,9,0.16016064468574234,56.19358000000102,effect_15-20
3870,1076,Other,ccb,1,0.017795627187304704,56.19358000000102,effect_15-20
3871,1077,Other,ccb,0,0.0,56.19358000000102,effect_15-20
3872,1078,Other,ccb,100,1.7795627187304703,56.19358000000102,effect_15-20
3873,1079,Other,ccb,0,0.0,56.19358000000102,effect_15-20
3874,1080,Other,ccb,0,0.0,56.19358000000102,effect_15-20
3875,1082,Other,scwm,86,1.5304239381082045,56.19358000000102,effect_15-20
3876,1083,Other,scwm,2,0.03559125437460941,56.19358000000102,effect_15-20
3877,1085,Other,scwm,0,0.0,56.19358000000102,effect_15-20
3878,1086,Other,scwm,0,0.0,56.19358000000102,effect_15-20
3879,1090,Somatosensory,SSp-ul6a,8,0.14236501749843763,56.19358000000102,effect_15-20
3880,1091,Somatosensory,SSp-ul6a,87,1.5482195652955093,56.19358000000102,effect_15-20
3881,1092,Somatosensory,SSp-ul6a,58,1.0321463768636727,56.19358000000102,effect_15-20
3882,1093,Somatosensory,SSp-ul6a,9,0.16016064468574234,56.19358000000102,effect_15-20
3883,1094,Somatosensory,SSp-ul6a,87,1.5482195652955093,56.19358000000102,effect_15-20
3884,1095,Somatosensory,SSp-ul6a,3,0.05338688156191411,56.19358000000102,effect_15-20
3885,1096,Somatosensory,SSp-ul6a,11,0.19575189906035173,56.19358000000102,effect_15-20
3886,1098,Somatosensory,SSp-ul6a,50,0.8897813593652352,56.19358000000102,effect_15-20
3887,1099,Somatosensory,SSp-ul6a,96,1.7083802099812515,56.19358000000102,effect_15-20
3888,1100,Somatosensory,SSp-ul6a,27,0.480481934057227,56.19358000000102,effect_15-20
3889,1101,Somatosensory,SSp-ul6a,125,2.224453398413088,56.19358000000102,effect_15-20
3890,1102,Somatosensory,SSp-ul5,34,0.60505132436836,56.19358000000102,effect_15-20
3891,1103,Somatosensory,SSp-ul5,126,2.2422490256003926,56.19358000000102,effect_15-20
3892,1106,Somatosensory,SSp-ul5,0,0.0,56.19358000000102,effect_15-20
3893,1107,Somatosensory,SSp-ul5,55,0.9787594953017587,56.19358000000102,effect_15-20
3894,1108,Somatosensory,SSp-ul5,27,0.480481934057227,56.19358000000102,effect_15-20
3895,1111,Somatosensory,SSp-ll5,2,0.03559125437460941,56.19358000000102,effect_15-20
3896,1113,Somatosensory,SSp-ll5,1,0.017795627187304704,56.19358000000102,effect_15-20
3897,1115,Somatosensory,SSp-ll5,52,0.9253726137398446,56.19358000000102,effect_15-20
3898,1117,Somatosensory,SSp-ll5,2,0.03559125437460941,56.19358000000102,effect_15-20
3899,1118,Somatosensory,SSp-ll5,18,0.3203212893714847,56.19358000000102,effect_15-20
3900,1119,Somatosensory,SSp-ll5,13,0.23134315343496115,56.19358000000102,effect_15-20
3901,1122,Somatosensory,SSp-ll5,1,0.017795627187304704,56.19358000000102,effect_15-20
3902,1123,Somatosensory,SSp-ll5,3,0.05338688156191411,56.19358000000102,effect_15-20
3903,1127,Somatosensory,SSp-ll4,3,0.05338688156191411,56.19358000000102,effect_15-20
3904,1128,STR,CP,46,0.8185988506160163,56.19358000000102,effect_15-20
3905,1130,STR,CP,0,0.0,56.19358000000102,effect_15-20
3906,1131,STR,CP,1,0.017795627187304704,56.19358000000102,effect_15-20
3907,1132,STR,CP,25,0.4448906796826176,56.19358000000102,effect_15-20
3908,1133,STR,CP,2,0.03559125437460941,56.19358000000102,effect_15-20
3909,1134,STR,CP,13,0.23134315343496115,56.19358000000102,effect_15-20
3910,1135,STR,CP,9,0.16016064468574234,56.19358000000102,effect_15-20
3911,1136,STR,CP,10,0.17795627187304702,56.19358000000102,effect_15-20
3912,1139,STR,CP,6,0.10677376312382822,56.19358000000102,effect_15-20
3913,1141,STR,CP,2,0.03559125437460941,56.19358000000102,effect_15-20
3914,1142,STR,CP,1,0.017795627187304704,56.19358000000102,effect_15-20
3915,1143,STR,CP,33,0.5872556971810552,56.19358000000102,effect_15-20
3916,1146,STR,CP,0,0.0,56.19358000000102,effect_15-20
3917,1147,STR,CP,105,1.868540854666994,56.19358000000102,effect_15-20
3918,1152,Other,ccb,5,0.08897813593652351,56.19358000000102,effect_15-20
3919,1153,Somatosensory,SSp-ul6a,7,0.12456939031113293,56.19358000000102,effect_15-20
3920,1154,Somatosensory,SSp-ul6a,0,0.0,56.19358000000102,effect_15-20
3921,1158,Somatosensory,SSp-ul5,49,0.8719857321779305,56.19358000000102,effect_15-20
3922,1160,Somatosensory,SSp-ll5,12,0.21354752624765644,56.19358000000102,effect_15-20
3923,1161,Somatosensory,SSp-ll4,2,0.03559125437460941,56.19358000000102,effect_15-20
3924,1163,STR,CP,11,0.19575189906035173,56.19358000000102,effect_15-20
3925,1164,Somatosensory,SSp-ul6a,5,0.08897813593652351,56.19358000000102,effect_15-20
3926,1166,Somatosensory,SSp-ul5,34,0.60505132436836,56.19358000000102,effect_15-20
3927,1171,STR,CP,3,0.05338688156191411,56.19358000000102,effect_15-20
3928,1172,STR,CP,2,0.03559125437460941,56.19358000000102,effect_15-20
3929,1177,STR,CP,0,0.0,56.19358000000102,effect_15-20
3930,1179,STR,CP,8,0.14236501749843763,56.19358000000102,effect_15-20
3931,1180,Other,ccb,139,2.4735921790353537,56.19358000000102,effect_15-20
3932,1181,Other,scwm,2,0.03559125437460941,56.19358000000102,effect_15-20
3933,1182,Somatosensory,SSp-ul6a,1,0.017795627187304704,56.19358000000102,effect_15-20
3934,1183,Somatosensory,SSp-ul6a,6,0.10677376312382822,56.19358000000102,effect_15-20
3935,1184,Somatosensory,SSp-ul5,176,3.1320303849656277,56.19358000000102,effect_15-20
3936,1186,Somatosensory,SSp-ll5,49,0.8719857321779305,56.19358000000102,effect_15-20
3937,1187,Somatosensory,SSp-ll5,1,0.017795627187304704,56.19358000000102,effect_15-20
3938,1188,Somatosensory,SSp-ll5,5,0.08897813593652351,56.19358000000102,effect_15-20
3939,1189,Somatosensory,SSp-ll4,19,0.3381169165587894,56.19358000000102,effect_15-20
3940,1191,STR,CP,1,0.017795627187304704,56.19358000000102,effect_15-20
3941,1192,STR,CP,0,0.0,56.19358000000102,effect_15-20
3942,1196,STR,CP,0,0.0,56.19358000000102,effect_15-20
3943,1197,STR,CP,2,0.03559125437460941,56.19358000000102,effect_15-20
3944,1199,Somatosensory,SSp-ul6a,1,0.017795627187304704,56.19358000000102,effect_15-20
3945,1201,STR,CP,1,0.017795627187304704,56.19358000000102,effect_15-20
3946,1202,Somatosensory,SSp-ll4,0,0.0,56.19358000000102,effect_15-20
3947,1203,STR,CP,0,0.0,56.19358000000102,effect_15-20
3948,1204,STR,LSr,312,5.5522356824390675,56.19358000000102,effect_15-20
3949,1208,STR,LSr,4,0.07118250874921882,56.19358000000102,effect_15-20
3950,1210,STR,LSr,13,0.23134315343496115,56.19358000000102,effect_15-20
3951,1211,STR,LSr,184,3.2743954024640654,56.19358000000102,effect_15-20
3952,1212,STR,LSr,49,0.8719857321779305,56.19358000000102,effect_15-20
3953,1214,STR,LSr,67,1.1923070215494151,56.19358000000102,effect_15-20
3954,1215,STR,LSr,902,16.051655722948844,56.19358000000102,effect_15-20
3955,1216,STR,LSr,1511,26.889192680017405,56.19358000000102,effect_15-20
3956,1219,STR,LSr,1497,26.64005389939514,56.19358000000102,effect_15-20
3957,1220,STR,LSr,25,0.4448906796826176,56.19358000000102,effect_15-20
3958,1221,STR,LSr,629,11.193449500814658,56.19358000000102,effect_15-20
3959,1222,STR,LSr,682,12.136617741741809,56.19358000000102,effect_15-20
3960,1223,STR,LSr,554,9.858777461766806,56.19358000000102,effect_15-20
3961,1224,STR,LSr,544,9.68082118989376,56.19358000000102,effect_15-20
3962,1227,STR,LSr,371,6.602177686490045,56.19358000000102,effect_15-20
3963,1229,STR,LSr,21,0.37370817093339875,56.19358000000102,effect_15-20
3964,1231,STR,LSr,302,5.374279410566021,56.19358000000102,effect_15-20
3965,1234,STR,LSr,548,9.752003698642978,56.19358000000102,effect_15-20
3966,1235,STR,LSr,468,8.3283535236586,56.19358000000102,effect_15-20
3967,1238,STR,LSr,119,2.1176796352892597,56.19358000000102,effect_15-20
3968,1239,STR,LSr,237,4.217563643391215,56.19358000000102,effect_15-20
3969,1241,STR,CP,1030,18.329496002923843,56.19358000000102,effect_15-20
3970,1242,STR,CP,945,16.816867692002944,56.19358000000102,effect_15-20
3971,1244,Other,fa,6,0.10677376312382822,56.19358000000102,effect_15-20
3972,1249,Other,fa,925,16.46095514825685,56.19358000000102,effect_15-20
3973,1251,Other,fa,535,9.520660545208017,56.19358000000102,effect_15-20
3974,1252,Other,fa,244,4.342133033702348,56.19358000000102,effect_15-20
3975,1254,Other,fa,364,6.477608296178912,56.19358000000102,effect_15-20
3976,1255,Other,fa,0,0.0,56.19358000000102,effect_15-20
3977,1257,Other,fa,56,0.9965551224890634,56.19358000000102,effect_15-20
3978,1258,Other,fa,484,8.613083558655477,56.19358000000102,effect_15-20
3979,1260,Other,fa,167,2.9718697402798857,56.19358000000102,effect_15-20
3980,1261,Other,fa,337,5.997126362121685,56.19358000000102,effect_15-20
3981,1263,Other,fa,745,13.257742254542004,56.19358000000102,effect_15-20
3982,1264,Other,fa,910,16.19402074044728,56.19358000000102,effect_15-20
3983,1266,Other,fa,585,10.410441904573252,56.19358000000102,effect_15-20
3984,1268,Other,fa,0,0.0,56.19358000000102,effect_15-20
3985,1269,Other,fa,105,1.868540854666994,56.19358000000102,effect_15-20
3986,1270,Other,fa,10,0.17795627187304702,56.19358000000102,effect_15-20
3987,1275,Other,fa,12,0.21354752624765644,56.19358000000102,effect_15-20
3988,1276,Other,fa,7,0.12456939031113293,56.19358000000102,effect_15-20
3989,1280,Other,fa,0,0.0,56.19358000000102,effect_15-20
3990,1281,Other,fa,46,0.8185988506160163,56.19358000000102,effect_15-20
3991,1282,Other,fa,520,9.253726137398445,56.19358000000102,effect_15-20
3992,1284,Other,fa,193,3.434556047149808,56.19358000000102,effect_15-20
3993,1286,Other,fa,11,0.19575189906035173,56.19358000000102,effect_15-20
3994,1287,Other,fa,264,4.6980455774484415,56.19358000000102,effect_15-20
3995,1291,Other,fa,434,7.7233021992902415,56.19358000000102,effect_15-20
3996,1292,Other,fa,522,9.289317391773055,56.19358000000102,effect_15-20
3997,1293,Other,fa,12,0.21354752624765644,56.19358000000102,effect_15-20
3998,1294,Other,fa,322,5.730191954312114,56.19358000000102,effect_15-20
3999,1295,Other,fa,192,3.416760419962503,56.19358000000102,effect_15-20
4000,1296,Other,fa,21,0.37370817093339875,56.19358000000102,effect_15-20
4001,1297,Other,fa,84,1.494832683733595,56.19358000000102,effect_15-20
4002,1300,Other,fa,317,5.641213818375591,56.19358000000102,effect_15-20
4003,1301,Other,fa,5,0.08897813593652351,56.19358000000102,effect_15-20
4004,1306,Other,fa,328,5.836965717435943,56.19358000000102,effect_15-20
4005,1309,Other,fa,398,7.082659620547272,56.19358000000102,effect_15-20
4006,1310,Other,fa,1,0.017795627187304704,56.19358000000102,effect_15-20
4007,1312,Other,cing,403,7.171637756483795,56.19358000000102,effect_15-20
4008,1313,Other,cing,155,2.758322214032229,56.19358000000102,effect_15-20
4009,1315,Motor,MOs6b,173,3.078643503403714,56.19358000000102,effect_15-20
4010,1316,Motor,MOs6a,13,0.23134315343496115,56.19358000000102,effect_15-20
4011,1317,Motor,MOs6a,91,1.619402074044728,56.19358000000102,effect_15-20
4012,1318,Motor,MOs6a,473,8.417331659595124,56.19358000000102,effect_15-20
4013,1321,Motor,MOs6a,541,9.627434308331845,56.19358000000102,effect_15-20
4014,1326,Motor,MOs6a,91,1.619402074044728,56.19358000000102,effect_15-20
4015,1329,Motor,MOs6a,186,3.309986656838675,56.19358000000102,effect_15-20
4016,1333,Motor,MOs6a,115,2.046497126540041,56.19358000000102,effect_15-20
4017,1334,Motor,MOs6a,374,6.655564568051959,56.19358000000102,effect_15-20
4018,1336,Motor,MOs6a,49,0.8719857321779305,56.19358000000102,effect_15-20
4019,1339,Motor,MOs6a,168,2.98966536746719,56.19358000000102,effect_15-20
4020,1340,Motor,MOs6a,19,0.3381169165587894,56.19358000000102,effect_15-20
4021,1341,Motor,MOs6a,200,3.5591254374609407,56.19358000000102,effect_15-20
4022,1342,Motor,MOs6a,596,10.606193803633603,56.19358000000102,effect_15-20
4023,1346,Motor,MOs5,4,0.07118250874921882,56.19358000000102,effect_15-20
4024,1352,Motor,MOs5,1,0.017795627187304704,56.19358000000102,effect_15-20
4025,1355,Motor,MOs5,12,0.21354752624765644,56.19358000000102,effect_15-20
4026,1357,Motor,MOs5,5,0.08897813593652351,56.19358000000102,effect_15-20
4027,1359,Motor,MOs5,8,0.14236501749843763,56.19358000000102,effect_15-20
4028,1361,Motor,MOs5,47,0.8363944778033211,56.19358000000102,effect_15-20
4029,1364,Motor,MOs5,182,3.238804148089456,56.19358000000102,effect_15-20
4030,1366,STR,LSr,91,1.619402074044728,56.19358000000102,effect_15-20
4031,1367,STR,LSr,71,1.263489530298634,56.19358000000102,effect_15-20
4032,1368,STR,LSr,199,3.541329810273636,56.19358000000102,effect_15-20
4033,1370,STR,LSr,32,0.5694600699937505,56.19358000000102,effect_15-20
4034,1372,STR,LSr,160,2.8473003499687524,56.19358000000102,effect_15-20
4035,1373,STR,LSr,360,6.4064257874296935,56.19358000000102,effect_15-20
4036,1375,STR,LSr,235,4.181972389016606,56.19358000000102,effect_15-20
4037,1376,STR,LSr,35,0.6228469515556646,56.19358000000102,effect_15-20
4038,1377,Other,fa,4,0.07118250874921882,56.19358000000102,effect_15-20
4039,1378,Other,fa,2,0.03559125437460941,56.19358000000102,effect_15-20
4040,1379,Other,fa,123,2.1888621440384783,56.19358000000102,effect_15-20
4041,1380,Other,fa,194,3.4523516743371125,56.19358000000102,effect_15-20
4042,1381,Other,fa,7,0.12456939031113293,56.19358000000102,effect_15-20
4043,1383,Other,fa,10,0.17795627187304702,56.19358000000102,effect_15-20
4044,1386,Other,fa,2,0.03559125437460941,56.19358000000102,effect_15-20
4045,1387,Other,fa,61,1.085533258425587,56.19358000000102,effect_15-20
4046,1388,Other,fa,13,0.23134315343496115,56.19358000000102,effect_15-20
4047,1390,Other,fa,196,3.487942928711722,56.19358000000102,effect_15-20
4048,1394,Motor,MOs6b,37,0.658438205930274,56.19358000000102,effect_15-20
4049,1395,Motor,MOs6a,72,1.2812851574859387,56.19358000000102,effect_15-20
4050,1396,Motor,MOs6a,1,0.017795627187304704,56.19358000000102,effect_15-20
4051,1400,Motor,MOs6a,80,1.4236501749843762,56.19358000000102,effect_15-20
4052,1407,STR,LSr,6,0.10677376312382822,56.19358000000102,effect_15-20
4053,1409,STR,LSr,15,0.26693440780957056,56.19358000000102,effect_15-20
4054,1410,Other,fa,10,0.17795627187304702,56.19358000000102,effect_15-20
4055,1412,Other,fa,14,0.24913878062226585,56.19358000000102,effect_15-20
4056,1414,Other,fa,42,0.7474163418667975,56.19358000000102,effect_15-20
4057,1415,Other,fa,41,0.7296207146794929,56.19358000000102,effect_15-20
4058,1416,Other,fa,452,8.043623488661726,56.19358000000102,effect_15-20
4059,1417,Other,fa,81,1.441445802171681,56.19358000000102,effect_15-20
4060,1418,Other,fa,96,1.7083802099812515,56.19358000000102,effect_15-20
4061,1424,Other,fa,9,0.16016064468574234,56.19358000000102,effect_15-20
4062,0,Thalamus,VPM,266,20.213902605469297,13.15925999999763,effect_20-25
4063,2,Thalamus,VPM,0,0.0,13.15925999999763,effect_20-25
4064,3,Thalamus,VPM,92,6.991274585350284,13.15925999999763,effect_20-25
4065,8,Thalamus,VPM,13,0.9878974957560183,13.15925999999763,effect_20-25
4066,9,Thalamus,VPM,42,3.1916688324425206,13.15925999999763,effect_20-25
4067,13,Thalamus,VPM,138,10.486911878025426,13.15925999999763,effect_20-25
4068,14,Thalamus,VPM,96,7.295243045582905,13.15925999999763,effect_20-25
4069,20,Thalamus,VPM,39,2.963692487268055,13.15925999999763,effect_20-25
4070,25,Thalamus,VPM,14,1.0638896108141735,13.15925999999763,effect_20-25
4071,40,Thalamus,VPM,229,17.402194348317554,13.15925999999763,effect_20-25
4072,51,Thalamus,VPM,190,14.438501861049499,13.15925999999763,effect_20-25
4073,54,Thalamus,VPM,92,6.991274585350284,13.15925999999763,effect_20-25
4074,59,Thalamus,VPM,25,1.8998028764538812,13.15925999999763,effect_20-25
4075,62,Thalamus,VPM,89,6.763298240175818,13.15925999999763,effect_20-25
4076,63,Thalamus,VPM,12,0.9119053806978631,13.15925999999763,effect_20-25
4077,66,Thalamus,VPM,16,1.2158738409304841,13.15925999999763,effect_20-25
4078,67,Thalamus,VPM,121,9.195045922036785,13.15925999999763,effect_20-25
4079,68,Thalamus,VPM,1,0.07599211505815526,13.15925999999763,effect_20-25
4080,70,Thalamus,VPM,33,2.5077397969191235,13.15925999999763,effect_20-25
4081,73,Thalamus,VPM,97,7.37123516064106,13.15925999999763,effect_20-25
4082,76,Thalamus,VPM,93,7.067266700408439,13.15925999999763,effect_20-25
4083,77,Thalamus,VPM,161,12.234730524362996,13.15925999999763,effect_20-25
4084,80,Thalamus,PO,8,0.6079369204652421,13.15925999999763,effect_20-25
4085,86,Thalamus,PO,80,6.07936920465242,13.15925999999763,effect_20-25
4086,87,Thalamus,PO,30,2.2797634517446577,13.15925999999763,effect_20-25
4087,88,Thalamus,PO,2,0.15198423011631051,13.15925999999763,effect_20-25
4088,89,Thalamus,PO,0,0.0,13.15925999999763,effect_20-25
4089,90,Thalamus,PO,29,2.2037713366865024,13.15925999999763,effect_20-25
4090,91,Thalamus,PO,28,2.127779221628347,13.15925999999763,effect_20-25
4091,93,Thalamus,PO,67,5.091471708896402,13.15925999999763,effect_20-25
4092,95,Thalamus,PO,41,3.1156767173843654,13.15925999999763,effect_20-25
4093,98,Thalamus,PO,201,15.274415126689206,13.15925999999763,effect_20-25
4094,99,Thalamus,PO,0,0.0,13.15925999999763,effect_20-25
4095,100,Thalamus,PO,26,1.9757949915120365,13.15925999999763,effect_20-25
4096,103,Thalamus,PO,139,10.56290399308358,13.15925999999763,effect_20-25
4097,104,Thalamus,PO,160,12.15873840930484,13.15925999999763,effect_20-25
4098,106,Thalamus,PO,139,10.56290399308358,13.15925999999763,effect_20-25
4099,108,Thalamus,PO,90,6.839290355233973,13.15925999999763,effect_20-25
4100,109,Thalamus,PO,94,7.143258815466594,13.15925999999763,effect_20-25
4101,111,Thalamus,PO,3,0.22797634517446577,13.15925999999763,effect_20-25
4102,112,Thalamus,PO,43,3.267660947500676,13.15925999999763,effect_20-25
4103,113,Thalamus,PO,91,6.915282470292128,13.15925999999763,effect_20-25
4104,114,Thalamus,PO,146,11.094848798490666,13.15925999999763,effect_20-25
4105,115,Thalamus,PO,174,13.222628020119014,13.15925999999763,effect_20-25
4106,117,Thalamus,PO,1,0.07599211505815526,13.15925999999763,effect_20-25
4107,118,Thalamus,PO,181,13.7545728255261,13.15925999999763,effect_20-25
4108,119,Thalamus,PO,353,26.825216615528806,13.15925999999763,effect_20-25
4109,122,Thalamus,PO,91,6.915282470292128,13.15925999999763,effect_20-25
4110,123,Thalamus,PO,124,9.423022267211252,13.15925999999763,effect_20-25
4111,124,Thalamus,PO,136,10.334927647909115,13.15925999999763,effect_20-25
4112,126,Thalamus,PO,66,5.015479593838247,13.15925999999763,effect_20-25
4113,128,Thalamus,PO,301,22.87362663250473,13.15925999999763,effect_20-25
4114,130,Thalamus,PO,281,21.353784331341625,13.15925999999763,effect_20-25
4115,131,Thalamus,PO,21,1.5958344162212603,13.15925999999763,effect_20-25
4116,132,Thalamus,PO,68,5.167463823954558,13.15925999999763,effect_20-25
4117,133,Thalamus,PO,204,15.502391471863671,13.15925999999763,effect_20-25
4118,134,Thalamus,PO,251,19.07402087959697,13.15925999999763,effect_20-25
4119,135,Thalamus,PO,330,25.077397969191235,13.15925999999763,effect_20-25
4120,138,Thalamus,PO,61,4.635519018547471,13.15925999999763,effect_20-25
4121,139,Thalamus,PO,119,9.043061691920474,13.15925999999763,effect_20-25
4122,140,Thalamus,PO,355,26.977200845645115,13.15925999999763,effect_20-25
4123,141,Thalamus,PO,94,7.143258815466594,13.15925999999763,effect_20-25
4124,142,Thalamus,PO,363,27.585137766110357,13.15925999999763,effect_20-25
4125,144,Thalamus,PO,567,43.08752923797403,13.15925999999763,effect_20-25
4126,145,Thalamus,PO,310,23.55755566802813,13.15925999999763,effect_20-25
4127,146,Thalamus,PO,277,21.049815871109004,13.15925999999763,effect_20-25
4128,147,Thalamus,LD,312,23.70953989814444,13.15925999999763,effect_20-25
4129,148,Thalamus,LD,324,24.6214452788423,13.15925999999763,effect_20-25
4130,151,Thalamus,LD,176,13.374612250235325,13.15925999999763,effect_20-25
4131,153,Thalamus,LD,137,10.41091976296727,13.15925999999763,effect_20-25
4132,155,Thalamus,LD,137,10.41091976296727,13.15925999999763,effect_20-25
4133,156,Thalamus,LD,214,16.262312622445226,13.15925999999763,effect_20-25
4134,157,Thalamus,LD,175,13.298620135177169,13.15925999999763,effect_20-25
4135,160,Thalamus,LD,22,1.6718265312794156,13.15925999999763,effect_20-25
4136,161,Thalamus,LD,58,4.407542673373005,13.15925999999763,effect_20-25
4137,162,Thalamus,LD,245,18.61806818924804,13.15925999999763,effect_20-25
4138,163,Thalamus,LD,78,5.92738497453611,13.15925999999763,effect_20-25
4139,164,Thalamus,LD,224,17.022233773026777,13.15925999999763,effect_20-25
4140,165,Thalamus,LD,601,45.671261149951306,13.15925999999763,effect_20-25
4141,166,Thalamus,LD,11,0.8359132656397078,13.15925999999763,effect_20-25
4142,172,Thalamus,LD,351,26.673232385412494,13.15925999999763,effect_20-25
4143,173,Thalamus,LD,201,15.274415126689206,13.15925999999763,effect_20-25
4144,174,Thalamus,LD,276,20.97382375605085,13.15925999999763,effect_20-25
4145,175,Thalamus,LD,151,11.474809373781444,13.15925999999763,effect_20-25
4146,176,Thalamus,LD,166,12.614691099653772,13.15925999999763,effect_20-25
4147,177,Thalamus,LD,344,26.141287580005407,13.15925999999763,effect_20-25
4148,184,Thalamus,LD,286,21.733744906632403,13.15925999999763,effect_20-25
4149,188,Thalamus,LD,435,33.05657005029754,13.15925999999763,effect_20-25
4150,189,Thalamus,LD,225,17.098225888084933,13.15925999999763,effect_20-25
4151,192,Thalamus,LD,394,29.94089333291317,13.15925999999763,effect_20-25
4152,194,Thalamus,LD,225,17.098225888084933,13.15925999999763,effect_20-25
4153,198,Thalamus,LD,399,30.320853908203947,13.15925999999763,effect_20-25
4154,204,Thalamus,LD,305,23.177595092737352,13.15925999999763,effect_20-25
4155,206,Thalamus,LD,352,26.74922450047065,13.15925999999763,effect_20-25
4156,207,Thalamus,LD,267,20.289894720527453,13.15925999999763,effect_20-25
4157,209,Thalamus,LD,221,16.794257427852312,13.15925999999763,effect_20-25
4158,210,Thalamus,LD,179,13.60258859540979,13.15925999999763,effect_20-25
4159,212,Thalamus,LD,182,13.830564940584257,13.15925999999763,effect_20-25
4160,214,Thalamus,LD,235,17.858147038666484,13.15925999999763,effect_20-25
4161,221,Thalamus,LD,220,16.718265312794156,13.15925999999763,effect_20-25
4162,222,Thalamus,LD,293,22.26568971203949,13.15925999999763,effect_20-25
4163,223,Thalamus,LD,6,0.45595269034893154,13.15925999999763,effect_20-25
4164,225,Thalamus,LD,165,12.538698984595618,13.15925999999763,effect_20-25
4165,227,Thalamus,LD,20,1.519842301163105,13.15925999999763,effect_20-25
4166,233,Other,CA3,366,27.813114111284822,13.15925999999763,effect_20-25
4167,240,Other,CA3,73,5.547424399245333,13.15925999999763,effect_20-25
4168,243,Other,CA3,93,7.067266700408439,13.15925999999763,effect_20-25
4169,244,Other,CA3,230,17.478186463375707,13.15925999999763,effect_20-25
4170,245,Other,CA3,1,0.07599211505815526,13.15925999999763,effect_20-25
4171,247,Other,CA3,0,0.0,13.15925999999763,effect_20-25
4172,249,Other,CA3,0,0.0,13.15925999999763,effect_20-25
4173,250,Other,CA3,13,0.9878974957560183,13.15925999999763,effect_20-25
4174,255,Other,CA3,0,0.0,13.15925999999763,effect_20-25
4175,257,Other,CA3,3,0.22797634517446577,13.15925999999763,effect_20-25
4176,258,Other,CA3,128,9.726990727443873,13.15925999999763,effect_20-25
4177,259,Other,CA3,387,29.408948527506084,13.15925999999763,effect_20-25
4178,261,Other,CA3,104,7.903179966048146,13.15925999999763,effect_20-25
4179,262,Other,CA3,41,3.1156767173843654,13.15925999999763,effect_20-25
4180,266,Other,CA3,0,0.0,13.15925999999763,effect_20-25
4181,267,Other,CA3,299,22.721642402388422,13.15925999999763,effect_20-25
4182,272,Other,CA3,2,0.15198423011631051,13.15925999999763,effect_20-25
4183,283,Other,CA3,11,0.8359132656397078,13.15925999999763,effect_20-25
4184,285,Other,CA3,151,11.474809373781444,13.15925999999763,effect_20-25
4185,287,Other,CA3,35,2.6597240270354336,13.15925999999763,effect_20-25
4186,288,Other,CA3,60,4.559526903489315,13.15925999999763,effect_20-25
4187,293,Other,CA2,127,9.650998612385717,13.15925999999763,effect_20-25
4188,297,Other,CA2,85,6.459329779943197,13.15925999999763,effect_20-25
4189,298,Other,CA2,0,0.0,13.15925999999763,effect_20-25
4190,305,Other,CA1,116,8.81508534674601,13.15925999999763,effect_20-25
4191,307,Other,CA1,98,7.447227275699214,13.15925999999763,effect_20-25
4192,310,Other,CA1,3,0.22797634517446577,13.15925999999763,effect_20-25
4193,312,Other,CA1,135,10.258935532850959,13.15925999999763,effect_20-25
4194,314,Other,CA1,59,4.48353478843116,13.15925999999763,effect_20-25
4195,322,Other,alv,40,3.03968460232621,13.15925999999763,effect_20-25
4196,327,Somatosensory,SSp-ll6b,59,4.48353478843116,13.15925999999763,effect_20-25
4197,328,Somatosensory,SSp-ll6a,165,12.538698984595618,13.15925999999763,effect_20-25
4198,329,Somatosensory,SSp-ll6a,113,8.587109001571543,13.15925999999763,effect_20-25
4199,330,Somatosensory,SSp-ll6a,39,2.963692487268055,13.15925999999763,effect_20-25
4200,331,Somatosensory,SSp-ll6a,204,15.502391471863671,13.15925999999763,effect_20-25
4201,332,Somatosensory,SSp-ll6a,143,10.866872453316201,13.15925999999763,effect_20-25
4202,333,Somatosensory,SSp-ll6a,8,0.6079369204652421,13.15925999999763,effect_20-25
4203,334,Somatosensory,SSp-ll6a,61,4.635519018547471,13.15925999999763,effect_20-25
4204,338,Somatosensory,SSp-ll6a,13,0.9878974957560183,13.15925999999763,effect_20-25
4205,341,Somatosensory,SSp-ll6a,19,1.4438501861049498,13.15925999999763,effect_20-25
4206,342,Somatosensory,SSp-ll6a,0,0.0,13.15925999999763,effect_20-25
4207,343,Somatosensory,SSp-ll6a,0,0.0,13.15925999999763,effect_20-25
4208,344,Somatosensory,SSp-ll6a,115,8.739093231687853,13.15925999999763,effect_20-25
4209,345,Somatosensory,SSp-ll6a,51,3.8755978679659178,13.15925999999763,effect_20-25
4210,346,Somatosensory,SSp-ll6a,27,2.051787106570192,13.15925999999763,effect_20-25
4211,347,Somatosensory,SSp-ll6a,154,11.702785718955909,13.15925999999763,effect_20-25
4212,348,Somatosensory,SSp-ll6a,23,1.747818646337571,13.15925999999763,effect_20-25
4213,349,Somatosensory,SSp-ll6a,34,2.583731911977279,13.15925999999763,effect_20-25
4214,350,Somatosensory,SSp-ll6a,89,6.763298240175818,13.15925999999763,effect_20-25
4215,353,Somatosensory,SSp-ll6a,31,2.355755566802813,13.15925999999763,effect_20-25
4216,356,Somatosensory,SSp-ll6a,17,1.2918659559886394,13.15925999999763,effect_20-25
4217,357,Somatosensory,SSp-ll6a,12,0.9119053806978631,13.15925999999763,effect_20-25
4218,358,Somatosensory,SSp-ll6a,3,0.22797634517446577,13.15925999999763,effect_20-25
4219,359,Somatosensory,SSp-ll6a,11,0.8359132656397078,13.15925999999763,effect_20-25
4220,365,Somatosensory,SSp-ll5,28,2.127779221628347,13.15925999999763,effect_20-25
4221,370,Somatosensory,SSp-ll5,64,4.8634953637219365,13.15925999999763,effect_20-25
4222,371,Somatosensory,SSp-ll5,60,4.559526903489315,13.15925999999763,effect_20-25
4223,372,Somatosensory,SSp-ll5,3,0.22797634517446577,13.15925999999763,effect_20-25
4224,375,Somatosensory,SSp-ll5,33,2.5077397969191235,13.15925999999763,effect_20-25
4225,376,Somatosensory,SSp-ll5,96,7.295243045582905,13.15925999999763,effect_20-25
4226,377,Somatosensory,SSp-ll5,6,0.45595269034893154,13.15925999999763,effect_20-25
4227,378,Somatosensory,SSp-tr5,48,3.6476215227914524,13.15925999999763,effect_20-25
4228,380,Somatosensory,SSp-tr5,94,7.143258815466594,13.15925999999763,effect_20-25
4229,381,Somatosensory,SSp-tr5,139,10.56290399308358,13.15925999999763,effect_20-25
4230,382,Somatosensory,SSp-tr5,28,2.127779221628347,13.15925999999763,effect_20-25
4231,386,Somatosensory,SSp-tr5,211,16.034336277270757,13.15925999999763,effect_20-25
4232,388,Somatosensory,SSp-tr5,110,8.359132656397078,13.15925999999763,effect_20-25
4233,389,Somatosensory,SSp-tr5,144,10.942864568374356,13.15925999999763,effect_20-25
4234,392,Somatosensory,SSp-tr5,0,0.0,13.15925999999763,effect_20-25
4235,394,Somatosensory,SSp-tr5,13,0.9878974957560183,13.15925999999763,effect_20-25
4236,395,Somatosensory,SSp-tr5,111,8.435124771455232,13.15925999999763,effect_20-25
4237,396,Somatosensory,SSp-tr5,70,5.319448054070867,13.15925999999763,effect_20-25
4238,397,Somatosensory,SSp-tr5,8,0.6079369204652421,13.15925999999763,effect_20-25
4239,398,Somatosensory,SSp-tr5,2,0.15198423011631051,13.15925999999763,effect_20-25
4240,400,Somatosensory,SSp-tr5,0,0.0,13.15925999999763,effect_20-25
4241,401,Somatosensory,SSp-tr5,10,0.7599211505815525,13.15925999999763,effect_20-25
4242,402,Somatosensory,SSp-tr5,111,8.435124771455232,13.15925999999763,effect_20-25
4243,403,Somatosensory,SSp-tr5,138,10.486911878025426,13.15925999999763,effect_20-25
4244,404,Somatosensory,SSp-tr5,101,7.67520362087368,13.15925999999763,effect_20-25
4245,406,Somatosensory,SSp-tr5,0,0.0,13.15925999999763,effect_20-25
4246,407,Somatosensory,SSp-tr5,0,0.0,13.15925999999763,effect_20-25
4247,408,Somatosensory,SSp-tr5,129,9.802982842502027,13.15925999999763,effect_20-25
4248,410,Somatosensory,SSp-tr5,55,4.179566328198539,13.15925999999763,effect_20-25
4249,413,Somatosensory,SSp-tr5,2,0.15198423011631051,13.15925999999763,effect_20-25
4250,416,Somatosensory,SSp-tr5,14,1.0638896108141735,13.15925999999763,effect_20-25
4251,418,Somatosensory,SSp-tr5,32,2.4317476818609682,13.15925999999763,effect_20-25
4252,425,Somatosensory,SSp-tr4,2,0.15198423011631051,13.15925999999763,effect_20-25
4253,430,Somatosensory,SSp-tr4,0,0.0,13.15925999999763,effect_20-25
4254,436,Somatosensory,SSp-tr4,140,10.638896108141735,13.15925999999763,effect_20-25
4255,438,Somatosensory,SSp-tr4,12,0.9119053806978631,13.15925999999763,effect_20-25
4256,439,Somatosensory,SSp-tr4,0,0.0,13.15925999999763,effect_20-25
4257,445,Somatosensory,SSp-tr2/3,0,0.0,13.15925999999763,effect_20-25
4258,449,Somatosensory,SSp-tr2/3,0,0.0,13.15925999999763,effect_20-25
4259,472,Thalamus,PO,41,3.1156767173843654,13.15925999999763,effect_20-25
4260,473,Thalamus,PO,0,0.0,13.15925999999763,effect_20-25
4261,475,Thalamus,PO,81,6.155361319710575,13.15925999999763,effect_20-25
4262,476,Thalamus,PO,2,0.15198423011631051,13.15925999999763,effect_20-25
4263,480,Thalamus,PO,30,2.2797634517446577,13.15925999999763,effect_20-25
4264,481,Thalamus,PO,5,0.37996057529077626,13.15925999999763,effect_20-25
4265,482,Thalamus,PO,39,2.963692487268055,13.15925999999763,effect_20-25
4266,483,Thalamus,PO,30,2.2797634517446577,13.15925999999763,effect_20-25
4267,485,Thalamus,LD,332,25.229382199307544,13.15925999999763,effect_20-25
4268,486,Thalamus,LD,165,12.538698984595618,13.15925999999763,effect_20-25
4269,487,Thalamus,LD,223,16.94624165796862,13.15925999999763,effect_20-25
4270,488,Thalamus,LD,174,13.222628020119014,13.15925999999763,effect_20-25
4271,489,Thalamus,LD,285,21.657752791574246,13.15925999999763,effect_20-25
4272,490,Thalamus,LD,367,27.889106226342978,13.15925999999763,effect_20-25
4273,494,Thalamus,LD,345,26.217279695063564,13.15925999999763,effect_20-25
4274,496,Thalamus,LD,164,12.462706869537461,13.15925999999763,effect_20-25
4275,497,Other,CA3,0,0.0,13.15925999999763,effect_20-25
4276,501,Other,CA3,31,2.355755566802813,13.15925999999763,effect_20-25
4277,504,Other,CA3,1,0.07599211505815526,13.15925999999763,effect_20-25
4278,507,Other,CA3,0,0.0,13.15925999999763,effect_20-25
4279,509,Other,CA2,0,0.0,13.15925999999763,effect_20-25
4280,514,Other,CA1,4,0.30396846023262103,13.15925999999763,effect_20-25
4281,515,Other,CA1,50,3.7996057529077625,13.15925999999763,effect_20-25
4282,516,Other,CA1,88,6.687306125117662,13.15925999999763,effect_20-25
4283,518,Somatosensory,SSp-ll6a,4,0.30396846023262103,13.15925999999763,effect_20-25
4284,519,Somatosensory,SSp-ll6a,3,0.22797634517446577,13.15925999999763,effect_20-25
4285,520,Somatosensory,SSp-ll6a,52,3.951589983024073,13.15925999999763,effect_20-25
4286,521,Somatosensory,SSp-ll5,0,0.0,13.15925999999763,effect_20-25
4287,522,Somatosensory,SSp-ll5,1,0.07599211505815526,13.15925999999763,effect_20-25
4288,523,Somatosensory,SSp-tr5,44,3.343653062558831,13.15925999999763,effect_20-25
4289,525,Somatosensory,SSp-tr5,18,1.3678580710467945,13.15925999999763,effect_20-25
4290,527,Somatosensory,SSp-tr5,1,0.07599211505815526,13.15925999999763,effect_20-25
4291,531,Somatosensory,SSp-tr5,23,1.747818646337571,13.15925999999763,effect_20-25
4292,534,Somatosensory,SSp-tr2/3,2,0.15198423011631051,13.15925999999763,effect_20-25
4293,538,Somatosensory,SSp-tr2/3,23,1.747818646337571,13.15925999999763,effect_20-25
4294,544,Somatosensory,SSp-tr5,21,1.5958344162212603,13.15925999999763,effect_20-25
4295,546,Somatosensory,SSp-tr2/3,0,0.0,13.15925999999763,effect_20-25
4296,547,Somatosensory,SSp-tr4,1,0.07599211505815526,13.15925999999763,effect_20-25
4297,549,Thalamus,VPM,11,0.8359132656397078,13.15925999999763,effect_20-25
4298,551,Thalamus,PO,112,8.511116886513388,13.15925999999763,effect_20-25
4299,554,Other,CA3,0,0.0,13.15925999999763,effect_20-25
4300,557,Somatosensory,SSp-ll6a,0,0.0,13.15925999999763,effect_20-25
4301,558,Somatosensory,SSp-tr5,2,0.15198423011631051,13.15925999999763,effect_20-25
4302,560,Somatosensory,SSp-tr5,0,0.0,13.15925999999763,effect_20-25
4303,561,Somatosensory,SSp-tr4,2,0.15198423011631051,13.15925999999763,effect_20-25
4304,563,Somatosensory,SSp-tr4,1,0.07599211505815526,13.15925999999763,effect_20-25
4305,565,Somatosensory,SSp-tr4,0,0.0,13.15925999999763,effect_20-25
4306,567,STR,CP,7,0.5319448054070868,13.15925999999763,effect_20-25
4307,571,STR,CP,172,13.070643790002704,13.15925999999763,effect_20-25
4308,572,STR,CP,121,9.195045922036785,13.15925999999763,effect_20-25
4309,573,STR,CP,6,0.45595269034893154,13.15925999999763,effect_20-25
4310,575,STR,CP,1,0.07599211505815526,13.15925999999763,effect_20-25
4311,576,STR,CP,89,6.763298240175818,13.15925999999763,effect_20-25
4312,577,STR,CP,18,1.3678580710467945,13.15925999999763,effect_20-25
4313,578,STR,CP,0,0.0,13.15925999999763,effect_20-25
4314,579,STR,CP,0,0.0,13.15925999999763,effect_20-25
4315,580,STR,CP,0,0.0,13.15925999999763,effect_20-25
4316,581,STR,CP,0,0.0,13.15925999999763,effect_20-25
4317,582,STR,CP,4,0.30396846023262103,13.15925999999763,effect_20-25
4318,584,STR,CP,53,4.027582098082228,13.15925999999763,effect_20-25
4319,585,STR,CP,58,4.407542673373005,13.15925999999763,effect_20-25
4320,589,STR,CP,56,4.255558443256694,13.15925999999763,effect_20-25
4321,592,STR,CP,8,0.6079369204652421,13.15925999999763,effect_20-25
4322,593,STR,CP,5,0.37996057529077626,13.15925999999763,effect_20-25
4323,596,STR,CP,14,1.0638896108141735,13.15925999999763,effect_20-25
4324,599,STR,CP,313,23.785532013202594,13.15925999999763,effect_20-25
4325,600,STR,CP,1,0.07599211505815526,13.15925999999763,effect_20-25
4326,603,STR,CP,0,0.0,13.15925999999763,effect_20-25
4327,605,STR,CP,184,13.982549170700567,13.15925999999763,effect_20-25
4328,606,STR,CP,3,0.22797634517446577,13.15925999999763,effect_20-25
4329,608,STR,CP,48,3.6476215227914524,13.15925999999763,effect_20-25
4330,615,STR,CP,127,9.650998612385717,13.15925999999763,effect_20-25
4331,619,STR,CP,0,0.0,13.15925999999763,effect_20-25
4332,626,STR,CP,309,23.481563552969973,13.15925999999763,effect_20-25
4333,629,STR,CP,12,0.9119053806978631,13.15925999999763,effect_20-25
4334,630,STR,CP,31,2.355755566802813,13.15925999999763,effect_20-25
4335,631,STR,CP,83,6.307345549826886,13.15925999999763,effect_20-25
4336,634,STR,CP,66,5.015479593838247,13.15925999999763,effect_20-25
4337,635,STR,CP,63,4.787503248663781,13.15925999999763,effect_20-25
4338,636,STR,CP,6,0.45595269034893154,13.15925999999763,effect_20-25
4339,638,STR,CP,102,7.7511957359318355,13.15925999999763,effect_20-25
4340,639,STR,CP,9,0.6839290355233972,13.15925999999763,effect_20-25
4341,641,STR,CP,9,0.6839290355233972,13.15925999999763,effect_20-25
4342,642,STR,CP,4,0.30396846023262103,13.15925999999763,effect_20-25
4343,643,STR,CP,105,7.979172081106301,13.15925999999763,effect_20-25
4344,644,STR,CP,99,7.52321939075737,13.15925999999763,effect_20-25
4345,645,STR,CP,0,0.0,13.15925999999763,effect_20-25
4346,647,STR,CP,75,5.699408629361644,13.15925999999763,effect_20-25
4347,649,STR,CP,0,0.0,13.15925999999763,effect_20-25
4348,652,STR,CP,0,0.0,13.15925999999763,effect_20-25
4349,657,STR,CP,0,0.0,13.15925999999763,effect_20-25
4350,659,STR,CP,179,13.60258859540979,13.15925999999763,effect_20-25
4351,660,STR,CP,0,0.0,13.15925999999763,effect_20-25
4352,661,STR,CP,1,0.07599211505815526,13.15925999999763,effect_20-25
4353,662,STR,CP,1,0.07599211505815526,13.15925999999763,effect_20-25
4354,665,STR,CP,0,0.0,13.15925999999763,effect_20-25
4355,671,STR,CP,144,10.942864568374356,13.15925999999763,effect_20-25
4356,674,STR,CP,0,0.0,13.15925999999763,effect_20-25
4357,683,STR,CP,155,11.778777834014065,13.15925999999763,effect_20-25
4358,686,STR,CP,0,0.0,13.15925999999763,effect_20-25
4359,687,STR,CP,115,8.739093231687853,13.15925999999763,effect_20-25
4360,688,STR,CP,3,0.22797634517446577,13.15925999999763,effect_20-25
4361,689,STR,CP,107,8.131156311222613,13.15925999999763,effect_20-25
4362,690,STR,CP,207,15.730367817038138,13.15925999999763,effect_20-25
4363,691,STR,CP,138,10.486911878025426,13.15925999999763,effect_20-25
4364,693,STR,CP,296,22.493666057213954,13.15925999999763,effect_20-25
4365,696,STR,CP,33,2.5077397969191235,13.15925999999763,effect_20-25
4366,699,STR,CP,100,7.599211505815525,13.15925999999763,effect_20-25
4367,701,STR,CP,53,4.027582098082228,13.15925999999763,effect_20-25
4368,702,STR,CP,92,6.991274585350284,13.15925999999763,effect_20-25
4369,705,STR,CP,22,1.6718265312794156,13.15925999999763,effect_20-25
4370,706,STR,CP,96,7.295243045582905,13.15925999999763,effect_20-25
4371,709,STR,CP,123,9.347030152153096,13.15925999999763,effect_20-25
4372,710,STR,CP,13,0.9878974957560183,13.15925999999763,effect_20-25
4373,714,STR,CP,8,0.6079369204652421,13.15925999999763,effect_20-25
4374,716,STR,CP,216,16.414296852561534,13.15925999999763,effect_20-25
4375,719,STR,CP,39,2.963692487268055,13.15925999999763,effect_20-25
4376,722,STR,CP,145,11.018856683432512,13.15925999999763,effect_20-25
4377,724,STR,CP,92,6.991274585350284,13.15925999999763,effect_20-25
4378,725,STR,CP,10,0.7599211505815525,13.15925999999763,effect_20-25
4379,726,STR,CP,9,0.6839290355233972,13.15925999999763,effect_20-25
4380,727,STR,CP,243,18.466083959131726,13.15925999999763,effect_20-25
4381,728,STR,CP,93,7.067266700408439,13.15925999999763,effect_20-25
4382,729,STR,CP,79,6.003377089594265,13.15925999999763,effect_20-25
4383,730,STR,CP,3,0.22797634517446577,13.15925999999763,effect_20-25
4384,733,STR,CP,65,4.939487478780092,13.15925999999763,effect_20-25
4385,736,STR,CP,204,15.502391471863671,13.15925999999763,effect_20-25
4386,737,STR,CP,3,0.22797634517446577,13.15925999999763,effect_20-25
4387,739,STR,CP,2,0.15198423011631051,13.15925999999763,effect_20-25
4388,742,STR,CP,14,1.0638896108141735,13.15925999999763,effect_20-25
4389,743,STR,CP,327,24.849421624016767,13.15925999999763,effect_20-25
4390,744,STR,CP,198,15.04643878151474,13.15925999999763,effect_20-25
4391,746,STR,CP,11,0.8359132656397078,13.15925999999763,effect_20-25
4392,747,STR,CP,42,3.1916688324425206,13.15925999999763,effect_20-25
4393,748,STR,CP,314,23.86152412826075,13.15925999999763,effect_20-25
4394,749,STR,CP,58,4.407542673373005,13.15925999999763,effect_20-25
4395,750,STR,CP,19,1.4438501861049498,13.15925999999763,effect_20-25
4396,751,STR,CP,120,9.11905380697863,13.15925999999763,effect_20-25
4397,753,STR,CP,120,9.11905380697863,13.15925999999763,effect_20-25
4398,754,STR,CP,23,1.747818646337571,13.15925999999763,effect_20-25
4399,755,STR,CP,308,23.405571437911817,13.15925999999763,effect_20-25
4400,757,Other,ccb,30,2.2797634517446577,13.15925999999763,effect_20-25
4401,759,Other,ccb,23,1.747818646337571,13.15925999999763,effect_20-25
4402,760,Other,ccb,3,0.22797634517446577,13.15925999999763,effect_20-25
4403,763,Other,ccb,223,16.94624165796862,13.15925999999763,effect_20-25
4404,766,Other,ccb,0,0.0,13.15925999999763,effect_20-25
4405,767,Other,ccb,0,0.0,13.15925999999763,effect_20-25
4406,768,Other,ccb,56,4.255558443256694,13.15925999999763,effect_20-25
4407,770,Other,ccb,0,0.0,13.15925999999763,effect_20-25
4408,771,Other,ccb,0,0.0,13.15925999999763,effect_20-25
4409,775,Other,ccb,13,0.9878974957560183,13.15925999999763,effect_20-25
4410,777,Other,ccb,139,10.56290399308358,13.15925999999763,effect_20-25
4411,780,Other,ccb,12,0.9119053806978631,13.15925999999763,effect_20-25
4412,781,Other,ccb,4,0.30396846023262103,13.15925999999763,effect_20-25
4413,782,Other,ccb,6,0.45595269034893154,13.15925999999763,effect_20-25
4414,783,Other,ccb,0,0.0,13.15925999999763,effect_20-25
4415,785,Other,ccb,54,4.103574213140384,13.15925999999763,effect_20-25
4416,786,Other,ccb,9,0.6839290355233972,13.15925999999763,effect_20-25
4417,787,Other,scwm,0,0.0,13.15925999999763,effect_20-25
4418,789,Other,ccb,36,2.735716142093589,13.15925999999763,effect_20-25
4419,791,Other,scwm,1,0.07599211505815526,13.15925999999763,effect_20-25
4420,793,Other,scwm,0,0.0,13.15925999999763,effect_20-25
4421,796,Other,scwm,0,0.0,13.15925999999763,effect_20-25
4422,798,Other,scwm,6,0.45595269034893154,13.15925999999763,effect_20-25
4423,799,Other,scwm,0,0.0,13.15925999999763,effect_20-25
4424,803,Somatosensory,SSp-ul6b,1,0.07599211505815526,13.15925999999763,effect_20-25
4425,805,Somatosensory,SSp-ul6b,1,0.07599211505815526,13.15925999999763,effect_20-25
4426,807,Somatosensory,SSp-ul6a,0,0.0,13.15925999999763,effect_20-25
4427,810,Somatosensory,SSp-ul6b,1,0.07599211505815526,13.15925999999763,effect_20-25
4428,811,Somatosensory,SSp-ul6a,0,0.0,13.15925999999763,effect_20-25
4429,820,Somatosensory,SSp-ul6a,1,0.07599211505815526,13.15925999999763,effect_20-25
4430,824,Somatosensory,SSp-ul6a,2,0.15198423011631051,13.15925999999763,effect_20-25
4431,825,Somatosensory,SSp-ul6a,0,0.0,13.15925999999763,effect_20-25
4432,830,Somatosensory,SSp-ul6a,3,0.22797634517446577,13.15925999999763,effect_20-25
4433,832,Somatosensory,SSp-ul6a,1,0.07599211505815526,13.15925999999763,effect_20-25
4434,835,Somatosensory,SSp-ul6a,0,0.0,13.15925999999763,effect_20-25
4435,837,Somatosensory,SSp-ul6a,0,0.0,13.15925999999763,effect_20-25
4436,839,Somatosensory,SSp-ul6a,23,1.747818646337571,13.15925999999763,effect_20-25
4437,841,Somatosensory,SSp-ul6a,224,17.022233773026777,13.15925999999763,effect_20-25
4438,842,Somatosensory,SSp-ul6a,0,0.0,13.15925999999763,effect_20-25
4439,843,Somatosensory,SSp-ul6a,15,1.1398817258723288,13.15925999999763,effect_20-25
4440,845,Somatosensory,SSp-ul6a,8,0.6079369204652421,13.15925999999763,effect_20-25
4441,847,Somatosensory,SSp-ul6a,80,6.07936920465242,13.15925999999763,effect_20-25
4442,849,Somatosensory,SSp-ul6a,0,0.0,13.15925999999763,effect_20-25
4443,851,Somatosensory,SSp-ul6a,241,18.314099729015417,13.15925999999763,effect_20-25
4444,852,Somatosensory,SSp-ul6a,182,13.830564940584257,13.15925999999763,effect_20-25
4445,854,Somatosensory,SSp-ul6a,74,5.623416514303488,13.15925999999763,effect_20-25
4446,855,Somatosensory,SSp-ul6a,271,20.593863180760074,13.15925999999763,effect_20-25
4447,856,Somatosensory,SSp-ul6a,413,31.38474351901812,13.15925999999763,effect_20-25
4448,857,Somatosensory,SSp-ul6a,139,10.56290399308358,13.15925999999763,effect_20-25
4449,860,Somatosensory,SSp-ul6a,107,8.131156311222613,13.15925999999763,effect_20-25
4450,861,Somatosensory,SSp-ul6a,22,1.6718265312794156,13.15925999999763,effect_20-25
4451,862,Somatosensory,SSp-ul6a,96,7.295243045582905,13.15925999999763,effect_20-25
4452,863,Somatosensory,SSp-ul6a,78,5.92738497453611,13.15925999999763,effect_20-25
4453,865,Somatosensory,SSp-ul6a,20,1.519842301163105,13.15925999999763,effect_20-25
4454,867,Somatosensory,SSp-ul6a,92,6.991274585350284,13.15925999999763,effect_20-25
4455,868,Somatosensory,SSp-ul6a,95,7.219250930524749,13.15925999999763,effect_20-25
4456,869,Somatosensory,SSp-ul6a,213,16.18632050738707,13.15925999999763,effect_20-25
4457,870,Somatosensory,SSp-ul6a,14,1.0638896108141735,13.15925999999763,effect_20-25
4458,874,Somatosensory,SSp-ul6a,1,0.07599211505815526,13.15925999999763,effect_20-25
4459,875,Somatosensory,SSp-ul6a,0,0.0,13.15925999999763,effect_20-25
4460,876,Somatosensory,SSp-ul6a,144,10.942864568374356,13.15925999999763,effect_20-25
4461,877,Somatosensory,SSp-ul6a,50,3.7996057529077625,13.15925999999763,effect_20-25
4462,878,Somatosensory,SSp-ul6a,65,4.939487478780092,13.15925999999763,effect_20-25
4463,879,Somatosensory,SSp-ul6a,104,7.903179966048146,13.15925999999763,effect_20-25
4464,882,Somatosensory,SSp-ul6a,73,5.547424399245333,13.15925999999763,effect_20-25
4465,884,Somatosensory,SSp-ul6a,3,0.22797634517446577,13.15925999999763,effect_20-25
4466,886,Somatosensory,SSp-ul6a,19,1.4438501861049498,13.15925999999763,effect_20-25
4467,887,Somatosensory,SSp-ul6a,58,4.407542673373005,13.15925999999763,effect_20-25
4468,888,Somatosensory,SSp-ul6a,336,25.533350659540165,13.15925999999763,effect_20-25
4469,893,Somatosensory,SSp-ul6a,22,1.6718265312794156,13.15925999999763,effect_20-25
4470,894,Somatosensory,SSp-ul6a,27,2.051787106570192,13.15925999999763,effect_20-25
4471,899,Somatosensory,SSp-ul5,75,5.699408629361644,13.15925999999763,effect_20-25
4472,900,Somatosensory,SSp-ul5,10,0.7599211505815525,13.15925999999763,effect_20-25
4473,901,Somatosensory,SSp-ul5,71,5.395440169129023,13.15925999999763,effect_20-25
4474,902,Somatosensory,SSp-ul5,67,5.091471708896402,13.15925999999763,effect_20-25
4475,906,Somatosensory,SSp-ul5,8,0.6079369204652421,13.15925999999763,effect_20-25
4476,909,Somatosensory,SSp-ul5,10,0.7599211505815525,13.15925999999763,effect_20-25
4477,910,Somatosensory,SSp-ul5,11,0.8359132656397078,13.15925999999763,effect_20-25
4478,914,Somatosensory,SSp-ul5,1,0.07599211505815526,13.15925999999763,effect_20-25
4479,915,Somatosensory,SSp-ul5,2,0.15198423011631051,13.15925999999763,effect_20-25
4480,916,Somatosensory,SSp-ll5,43,3.267660947500676,13.15925999999763,effect_20-25
4481,917,Somatosensory,SSp-ll5,53,4.027582098082228,13.15925999999763,effect_20-25
4482,918,Somatosensory,SSp-ll5,1,0.07599211505815526,13.15925999999763,effect_20-25
4483,924,Somatosensory,SSp-ll5,1,0.07599211505815526,13.15925999999763,effect_20-25
4484,925,Somatosensory,SSp-ll5,7,0.5319448054070868,13.15925999999763,effect_20-25
4485,934,Somatosensory,SSp-ll5,63,4.787503248663781,13.15925999999763,effect_20-25
4486,938,Somatosensory,SSp-ll5,2,0.15198423011631051,13.15925999999763,effect_20-25
4487,939,Somatosensory,SSp-ll5,196,14.894454551398429,13.15925999999763,effect_20-25
4488,940,Somatosensory,SSp-ll5,662,50.306780168498776,13.15925999999763,effect_20-25
4489,949,Somatosensory,SSp-ll5,57,4.3315505583148495,13.15925999999763,effect_20-25
4490,950,Somatosensory,SSp-ll5,22,1.6718265312794156,13.15925999999763,effect_20-25
4491,953,Somatosensory,SSp-ll5,5,0.37996057529077626,13.15925999999763,effect_20-25
4492,960,Somatosensory,SSp-ll5,0,0.0,13.15925999999763,effect_20-25
4493,966,Somatosensory,SSp-ll5,27,2.051787106570192,13.15925999999763,effect_20-25
4494,968,Somatosensory,SSp-ll5,3,0.22797634517446577,13.15925999999763,effect_20-25
4495,970,Somatosensory,SSp-ll4,3,0.22797634517446577,13.15925999999763,effect_20-25
4496,973,Somatosensory,SSp-ll4,2,0.15198423011631051,13.15925999999763,effect_20-25
4497,975,Somatosensory,SSp-ll4,4,0.30396846023262103,13.15925999999763,effect_20-25
4498,977,Somatosensory,SSp-ll4,0,0.0,13.15925999999763,effect_20-25
4499,983,STR,CP,2,0.15198423011631051,13.15925999999763,effect_20-25
4500,985,STR,CP,28,2.127779221628347,13.15925999999763,effect_20-25
4501,986,STR,CP,0,0.0,13.15925999999763,effect_20-25
4502,988,STR,CP,1,0.07599211505815526,13.15925999999763,effect_20-25
4503,990,STR,CP,50,3.7996057529077625,13.15925999999763,effect_20-25
4504,992,STR,CP,0,0.0,13.15925999999763,effect_20-25
4505,996,STR,CP,1,0.07599211505815526,13.15925999999763,effect_20-25
4506,999,STR,CP,1,0.07599211505815526,13.15925999999763,effect_20-25
4507,1001,STR,CP,0,0.0,13.15925999999763,effect_20-25
4508,1002,STR,CP,0,0.0,13.15925999999763,effect_20-25
4509,1003,STR,CP,0,0.0,13.15925999999763,effect_20-25
4510,1004,STR,CP,0,0.0,13.15925999999763,effect_20-25
4511,1005,STR,CP,0,0.0,13.15925999999763,effect_20-25
4512,1008,STR,CP,0,0.0,13.15925999999763,effect_20-25
4513,1010,STR,CP,6,0.45595269034893154,13.15925999999763,effect_20-25
4514,1012,STR,CP,0,0.0,13.15925999999763,effect_20-25
4515,1013,STR,CP,7,0.5319448054070868,13.15925999999763,effect_20-25
4516,1018,STR,CP,2,0.15198423011631051,13.15925999999763,effect_20-25
4517,1020,STR,CP,11,0.8359132656397078,13.15925999999763,effect_20-25
4518,1026,STR,CP,2,0.15198423011631051,13.15925999999763,effect_20-25
4519,1027,STR,CP,0,0.0,13.15925999999763,effect_20-25
4520,1029,STR,CP,53,4.027582098082228,13.15925999999763,effect_20-25
4521,1030,STR,CP,0,0.0,13.15925999999763,effect_20-25
4522,1031,STR,CP,12,0.9119053806978631,13.15925999999763,effect_20-25
4523,1033,STR,CP,63,4.787503248663781,13.15925999999763,effect_20-25
4524,1034,STR,CP,0,0.0,13.15925999999763,effect_20-25
4525,1037,STR,CP,0,0.0,13.15925999999763,effect_20-25
4526,1038,STR,CP,0,0.0,13.15925999999763,effect_20-25
4527,1041,STR,CP,0,0.0,13.15925999999763,effect_20-25
4528,1042,STR,CP,0,0.0,13.15925999999763,effect_20-25
4529,1043,STR,CP,1,0.07599211505815526,13.15925999999763,effect_20-25
4530,1045,STR,CP,0,0.0,13.15925999999763,effect_20-25
4531,1052,STR,CP,81,6.155361319710575,13.15925999999763,effect_20-25
4532,1054,STR,CP,39,2.963692487268055,13.15925999999763,effect_20-25
4533,1057,STR,CP,40,3.03968460232621,13.15925999999763,effect_20-25
4534,1060,STR,CP,9,0.6839290355233972,13.15925999999763,effect_20-25
4535,1061,STR,CP,119,9.043061691920474,13.15925999999763,effect_20-25
4536,1063,STR,CP,26,1.9757949915120365,13.15925999999763,effect_20-25
4537,1065,STR,CP,55,4.179566328198539,13.15925999999763,effect_20-25
4538,1067,STR,CP,0,0.0,13.15925999999763,effect_20-25
4539,1068,STR,CP,20,1.519842301163105,13.15925999999763,effect_20-25
4540,1069,STR,CP,2,0.15198423011631051,13.15925999999763,effect_20-25
4541,1070,STR,CP,14,1.0638896108141735,13.15925999999763,effect_20-25
4542,1071,STR,CP,15,1.1398817258723288,13.15925999999763,effect_20-25
4543,1072,Other,ccb,39,2.963692487268055,13.15925999999763,effect_20-25
4544,1073,Other,ccb,39,2.963692487268055,13.15925999999763,effect_20-25
4545,1074,Other,ccb,0,0.0,13.15925999999763,effect_20-25
4546,1075,Other,ccb,12,0.9119053806978631,13.15925999999763,effect_20-25
4547,1076,Other,ccb,0,0.0,13.15925999999763,effect_20-25
4548,1077,Other,ccb,1,0.07599211505815526,13.15925999999763,effect_20-25
4549,1078,Other,ccb,31,2.355755566802813,13.15925999999763,effect_20-25
4550,1079,Other,ccb,0,0.0,13.15925999999763,effect_20-25
4551,1080,Other,ccb,0,0.0,13.15925999999763,effect_20-25
4552,1082,Other,scwm,53,4.027582098082228,13.15925999999763,effect_20-25
4553,1083,Other,scwm,0,0.0,13.15925999999763,effect_20-25
4554,1085,Other,scwm,0,0.0,13.15925999999763,effect_20-25
4555,1086,Other,scwm,0,0.0,13.15925999999763,effect_20-25
4556,1090,Somatosensory,SSp-ul6a,1,0.07599211505815526,13.15925999999763,effect_20-25
4557,1091,Somatosensory,SSp-ul6a,29,2.2037713366865024,13.15925999999763,effect_20-25
4558,1092,Somatosensory,SSp-ul6a,10,0.7599211505815525,13.15925999999763,effect_20-25
4559,1093,Somatosensory,SSp-ul6a,6,0.45595269034893154,13.15925999999763,effect_20-25
4560,1094,Somatosensory,SSp-ul6a,22,1.6718265312794156,13.15925999999763,effect_20-25
4561,1095,Somatosensory,SSp-ul6a,18,1.3678580710467945,13.15925999999763,effect_20-25
4562,1096,Somatosensory,SSp-ul6a,0,0.0,13.15925999999763,effect_20-25
4563,1098,Somatosensory,SSp-ul6a,32,2.4317476818609682,13.15925999999763,effect_20-25
4564,1099,Somatosensory,SSp-ul6a,21,1.5958344162212603,13.15925999999763,effect_20-25
4565,1100,Somatosensory,SSp-ul6a,1,0.07599211505815526,13.15925999999763,effect_20-25
4566,1101,Somatosensory,SSp-ul6a,19,1.4438501861049498,13.15925999999763,effect_20-25
4567,1102,Somatosensory,SSp-ul5,6,0.45595269034893154,13.15925999999763,effect_20-25
4568,1103,Somatosensory,SSp-ul5,10,0.7599211505815525,13.15925999999763,effect_20-25
4569,1106,Somatosensory,SSp-ul5,0,0.0,13.15925999999763,effect_20-25
4570,1107,Somatosensory,SSp-ul5,8,0.6079369204652421,13.15925999999763,effect_20-25
4571,1108,Somatosensory,SSp-ul5,1,0.07599211505815526,13.15925999999763,effect_20-25
4572,1111,Somatosensory,SSp-ll5,2,0.15198423011631051,13.15925999999763,effect_20-25
4573,1113,Somatosensory,SSp-ll5,0,0.0,13.15925999999763,effect_20-25
4574,1115,Somatosensory,SSp-ll5,16,1.2158738409304841,13.15925999999763,effect_20-25
4575,1117,Somatosensory,SSp-ll5,0,0.0,13.15925999999763,effect_20-25
4576,1118,Somatosensory,SSp-ll5,5,0.37996057529077626,13.15925999999763,effect_20-25
4577,1119,Somatosensory,SSp-ll5,4,0.30396846023262103,13.15925999999763,effect_20-25
4578,1122,Somatosensory,SSp-ll5,0,0.0,13.15925999999763,effect_20-25
4579,1123,Somatosensory,SSp-ll5,1,0.07599211505815526,13.15925999999763,effect_20-25
4580,1127,Somatosensory,SSp-ll4,3,0.22797634517446577,13.15925999999763,effect_20-25
4581,1128,STR,CP,13,0.9878974957560183,13.15925999999763,effect_20-25
4582,1130,STR,CP,0,0.0,13.15925999999763,effect_20-25
4583,1131,STR,CP,1,0.07599211505815526,13.15925999999763,effect_20-25
4584,1132,STR,CP,8,0.6079369204652421,13.15925999999763,effect_20-25
4585,1133,STR,CP,25,1.8998028764538812,13.15925999999763,effect_20-25
4586,1134,STR,CP,2,0.15198423011631051,13.15925999999763,effect_20-25
4587,1135,STR,CP,19,1.4438501861049498,13.15925999999763,effect_20-25
4588,1136,STR,CP,3,0.22797634517446577,13.15925999999763,effect_20-25
4589,1139,STR,CP,1,0.07599211505815526,13.15925999999763,effect_20-25
4590,1141,STR,CP,0,0.0,13.15925999999763,effect_20-25
4591,1142,STR,CP,0,0.0,13.15925999999763,effect_20-25
4592,1143,STR,CP,8,0.6079369204652421,13.15925999999763,effect_20-25
4593,1146,STR,CP,0,0.0,13.15925999999763,effect_20-25
4594,1147,STR,CP,25,1.8998028764538812,13.15925999999763,effect_20-25
4595,1152,Other,ccb,0,0.0,13.15925999999763,effect_20-25
4596,1153,Somatosensory,SSp-ul6a,0,0.0,13.15925999999763,effect_20-25
4597,1154,Somatosensory,SSp-ul6a,1,0.07599211505815526,13.15925999999763,effect_20-25
4598,1158,Somatosensory,SSp-ul5,10,0.7599211505815525,13.15925999999763,effect_20-25
4599,1160,Somatosensory,SSp-ll5,1,0.07599211505815526,13.15925999999763,effect_20-25
4600,1161,Somatosensory,SSp-ll4,1,0.07599211505815526,13.15925999999763,effect_20-25
4601,1163,STR,CP,4,0.30396846023262103,13.15925999999763,effect_20-25
4602,1164,Somatosensory,SSp-ul6a,8,0.6079369204652421,13.15925999999763,effect_20-25
4603,1166,Somatosensory,SSp-ul5,2,0.15198423011631051,13.15925999999763,effect_20-25
4604,1171,STR,CP,0,0.0,13.15925999999763,effect_20-25
4605,1172,STR,CP,0,0.0,13.15925999999763,effect_20-25
4606,1177,STR,CP,0,0.0,13.15925999999763,effect_20-25
4607,1179,STR,CP,13,0.9878974957560183,13.15925999999763,effect_20-25
4608,1180,Other,ccb,67,5.091471708896402,13.15925999999763,effect_20-25
4609,1181,Other,scwm,0,0.0,13.15925999999763,effect_20-25
4610,1182,Somatosensory,SSp-ul6a,0,0.0,13.15925999999763,effect_20-25
4611,1183,Somatosensory,SSp-ul6a,7,0.5319448054070868,13.15925999999763,effect_20-25
4612,1184,Somatosensory,SSp-ul5,54,4.103574213140384,13.15925999999763,effect_20-25
4613,1186,Somatosensory,SSp-ll5,25,1.8998028764538812,13.15925999999763,effect_20-25
4614,1187,Somatosensory,SSp-ll5,1,0.07599211505815526,13.15925999999763,effect_20-25
4615,1188,Somatosensory,SSp-ll5,1,0.07599211505815526,13.15925999999763,effect_20-25
4616,1189,Somatosensory,SSp-ll4,19,1.4438501861049498,13.15925999999763,effect_20-25
4617,1191,STR,CP,1,0.07599211505815526,13.15925999999763,effect_20-25
4618,1192,STR,CP,0,0.0,13.15925999999763,effect_20-25
4619,1196,STR,CP,0,0.0,13.15925999999763,effect_20-25
4620,1197,STR,CP,0,0.0,13.15925999999763,effect_20-25
4621,1199,Somatosensory,SSp-ul6a,0,0.0,13.15925999999763,effect_20-25
4622,1201,STR,CP,0,0.0,13.15925999999763,effect_20-25
4623,1202,Somatosensory,SSp-ll4,0,0.0,13.15925999999763,effect_20-25
4624,1203,STR,CP,0,0.0,13.15925999999763,effect_20-25
4625,1204,STR,LSr,66,5.015479593838247,13.15925999999763,effect_20-25
4626,1208,STR,LSr,0,0.0,13.15925999999763,effect_20-25
4627,1210,STR,LSr,2,0.15198423011631051,13.15925999999763,effect_20-25
4628,1211,STR,LSr,32,2.4317476818609682,13.15925999999763,effect_20-25
4629,1212,STR,LSr,11,0.8359132656397078,13.15925999999763,effect_20-25
4630,1214,STR,LSr,12,0.9119053806978631,13.15925999999763,effect_20-25
4631,1215,STR,LSr,277,21.049815871109004,13.15925999999763,effect_20-25
4632,1216,STR,LSr,372,28.269066801633755,13.15925999999763,effect_20-25
4633,1219,STR,LSr,406,30.852798713611033,13.15925999999763,effect_20-25
4634,1220,STR,LSr,3,0.22797634517446577,13.15925999999763,effect_20-25
4635,1221,STR,LSr,145,11.018856683432512,13.15925999999763,effect_20-25
4636,1222,STR,LSr,165,12.538698984595618,13.15925999999763,effect_20-25
4637,1223,STR,LSr,154,11.702785718955909,13.15925999999763,effect_20-25
4638,1224,STR,LSr,127,9.650998612385717,13.15925999999763,effect_20-25
4639,1227,STR,LSr,108,8.207148426280767,13.15925999999763,effect_20-25
4640,1229,STR,LSr,3,0.22797634517446577,13.15925999999763,effect_20-25
4641,1231,STR,LSr,99,7.52321939075737,13.15925999999763,effect_20-25
4642,1234,STR,LSr,130,9.878974957560184,13.15925999999763,effect_20-25
4643,1235,STR,LSr,130,9.878974957560184,13.15925999999763,effect_20-25
4644,1238,STR,LSr,17,1.2918659559886394,13.15925999999763,effect_20-25
4645,1239,STR,LSr,56,4.255558443256694,13.15925999999763,effect_20-25
4646,1241,STR,CP,250,18.998028764538812,13.15925999999763,effect_20-25
4647,1242,STR,CP,291,22.11370548192318,13.15925999999763,effect_20-25
4648,1244,Other,fa,4,0.30396846023262103,13.15925999999763,effect_20-25
4649,1249,Other,fa,314,23.86152412826075,13.15925999999763,effect_20-25
4650,1251,Other,fa,79,6.003377089594265,13.15925999999763,effect_20-25
4651,1252,Other,fa,56,4.255558443256694,13.15925999999763,effect_20-25
4652,1254,Other,fa,154,11.702785718955909,13.15925999999763,effect_20-25
4653,1255,Other,fa,0,0.0,13.15925999999763,effect_20-25
4654,1257,Other,fa,1,0.07599211505815526,13.15925999999763,effect_20-25
4655,1258,Other,fa,129,9.802982842502027,13.15925999999763,effect_20-25
4656,1260,Other,fa,43,3.267660947500676,13.15925999999763,effect_20-25
4657,1261,Other,fa,130,9.878974957560184,13.15925999999763,effect_20-25
4658,1263,Other,fa,99,7.52321939075737,13.15925999999763,effect_20-25
4659,1264,Other,fa,210,15.958344162212603,13.15925999999763,effect_20-25
4660,1266,Other,fa,130,9.878974957560184,13.15925999999763,effect_20-25
4661,1268,Other,fa,2,0.15198423011631051,13.15925999999763,effect_20-25
4662,1269,Other,fa,14,1.0638896108141735,13.15925999999763,effect_20-25
4663,1270,Other,fa,3,0.22797634517446577,13.15925999999763,effect_20-25
4664,1275,Other,fa,1,0.07599211505815526,13.15925999999763,effect_20-25
4665,1276,Other,fa,5,0.37996057529077626,13.15925999999763,effect_20-25
4666,1280,Other,fa,1,0.07599211505815526,13.15925999999763,effect_20-25
4667,1281,Other,fa,3,0.22797634517446577,13.15925999999763,effect_20-25
4668,1282,Other,fa,121,9.195045922036785,13.15925999999763,effect_20-25
4669,1284,Other,fa,65,4.939487478780092,13.15925999999763,effect_20-25
4670,1286,Other,fa,0,0.0,13.15925999999763,effect_20-25
4671,1287,Other,fa,61,4.635519018547471,13.15925999999763,effect_20-25
4672,1291,Other,fa,147,11.170840913548822,13.15925999999763,effect_20-25
4673,1292,Other,fa,120,9.11905380697863,13.15925999999763,effect_20-25
4674,1293,Other,fa,0,0.0,13.15925999999763,effect_20-25
4675,1294,Other,fa,40,3.03968460232621,13.15925999999763,effect_20-25
4676,1295,Other,fa,13,0.9878974957560183,13.15925999999763,effect_20-25
4677,1296,Other,fa,7,0.5319448054070868,13.15925999999763,effect_20-25
4678,1297,Other,fa,40,3.03968460232621,13.15925999999763,effect_20-25
4679,1300,Other,fa,106,8.055164196164457,13.15925999999763,effect_20-25
4680,1301,Other,fa,3,0.22797634517446577,13.15925999999763,effect_20-25
4681,1306,Other,fa,78,5.92738497453611,13.15925999999763,effect_20-25
4682,1309,Other,fa,72,5.471432284187178,13.15925999999763,effect_20-25
4683,1310,Other,fa,0,0.0,13.15925999999763,effect_20-25
4684,1312,Other,cing,115,8.739093231687853,13.15925999999763,effect_20-25
4685,1313,Other,cing,44,3.343653062558831,13.15925999999763,effect_20-25
4686,1315,Motor,MOs6b,35,2.6597240270354336,13.15925999999763,effect_20-25
4687,1316,Motor,MOs6a,2,0.15198423011631051,13.15925999999763,effect_20-25
4688,1317,Motor,MOs6a,31,2.355755566802813,13.15925999999763,effect_20-25
4689,1318,Motor,MOs6a,119,9.043061691920474,13.15925999999763,effect_20-25
4690,1321,Motor,MOs6a,148,11.246833028606977,13.15925999999763,effect_20-25
4691,1326,Motor,MOs6a,12,0.9119053806978631,13.15925999999763,effect_20-25
4692,1329,Motor,MOs6a,43,3.267660947500676,13.15925999999763,effect_20-25
4693,1333,Motor,MOs6a,25,1.8998028764538812,13.15925999999763,effect_20-25
4694,1334,Motor,MOs6a,78,5.92738497453611,13.15925999999763,effect_20-25
4695,1336,Motor,MOs6a,19,1.4438501861049498,13.15925999999763,effect_20-25
4696,1339,Motor,MOs6a,50,3.7996057529077625,13.15925999999763,effect_20-25
4697,1340,Motor,MOs6a,5,0.37996057529077626,13.15925999999763,effect_20-25
4698,1341,Motor,MOs6a,60,4.559526903489315,13.15925999999763,effect_20-25
4699,1342,Motor,MOs6a,141,10.71488822319989,13.15925999999763,effect_20-25
4700,1346,Motor,MOs5,0,0.0,13.15925999999763,effect_20-25
4701,1352,Motor,MOs5,2,0.15198423011631051,13.15925999999763,effect_20-25
4702,1355,Motor,MOs5,4,0.30396846023262103,13.15925999999763,effect_20-25
4703,1357,Motor,MOs5,4,0.30396846023262103,13.15925999999763,effect_20-25
4704,1359,Motor,MOs5,0,0.0,13.15925999999763,effect_20-25
4705,1361,Motor,MOs5,12,0.9119053806978631,13.15925999999763,effect_20-25
4706,1364,Motor,MOs5,42,3.1916688324425206,13.15925999999763,effect_20-25
4707,1366,STR,LSr,20,1.519842301163105,13.15925999999763,effect_20-25
4708,1367,STR,LSr,19,1.4438501861049498,13.15925999999763,effect_20-25
4709,1368,STR,LSr,59,4.48353478843116,13.15925999999763,effect_20-25
4710,1370,STR,LSr,7,0.5319448054070868,13.15925999999763,effect_20-25
4711,1372,STR,LSr,50,3.7996057529077625,13.15925999999763,effect_20-25
4712,1373,STR,LSr,78,5.92738497453611,13.15925999999763,effect_20-25
4713,1375,STR,LSr,49,3.723613637849607,13.15925999999763,effect_20-25
4714,1376,STR,LSr,4,0.30396846023262103,13.15925999999763,effect_20-25
4715,1377,Other,fa,1,0.07599211505815526,13.15925999999763,effect_20-25
4716,1378,Other,fa,0,0.0,13.15925999999763,effect_20-25
4717,1379,Other,fa,17,1.2918659559886394,13.15925999999763,effect_20-25
4718,1380,Other,fa,27,2.051787106570192,13.15925999999763,effect_20-25
4719,1381,Other,fa,4,0.30396846023262103,13.15925999999763,effect_20-25
4720,1383,Other,fa,2,0.15198423011631051,13.15925999999763,effect_20-25
4721,1386,Other,fa,0,0.0,13.15925999999763,effect_20-25
4722,1387,Other,fa,27,2.051787106570192,13.15925999999763,effect_20-25
4723,1388,Other,fa,2,0.15198423011631051,13.15925999999763,effect_20-25
4724,1390,Other,fa,60,4.559526903489315,13.15925999999763,effect_20-25
4725,1394,Motor,MOs6b,12,0.9119053806978631,13.15925999999763,effect_20-25
4726,1395,Motor,MOs6a,27,2.051787106570192,13.15925999999763,effect_20-25
4727,1396,Motor,MOs6a,7,0.5319448054070868,13.15925999999763,effect_20-25
4728,1400,Motor,MOs6a,20,1.519842301163105,13.15925999999763,effect_20-25
4729,1407,STR,LSr,2,0.15198423011631051,13.15925999999763,effect_20-25
4730,1409,STR,LSr,0,0.0,13.15925999999763,effect_20-25
4731,1410,Other,fa,0,0.0,13.15925999999763,effect_20-25
4732,1412,Other,fa,1,0.07599211505815526,13.15925999999763,effect_20-25
4733,1414,Other,fa,7,0.5319448054070868,13.15925999999763,effect_20-25
4734,1415,Other,fa,16,1.2158738409304841,13.15925999999763,effect_20-25
4735,1416,Other,fa,101,7.67520362087368,13.15925999999763,effect_20-25
4736,1417,Other,fa,42,3.1916688324425206,13.15925999999763,effect_20-25
4737,1418,Other,fa,13,0.9878974957560183,13.15925999999763,effect_20-25
4738,1424,Other,fa,4,0.30396846023262103,13.15925999999763,effect_20-25
4739,0,Thalamus,VPM,1065,31.741963173368497,33.55179999999291,effect_25-30
4740,2,Thalamus,VPM,0,0.0,33.55179999999291,effect_25-30
4741,3,Thalamus,VPM,239,7.123313801347484,33.55179999999291,effect_25-30
4742,8,Thalamus,VPM,37,1.1027724294973091,33.55179999999291,effect_25-30
4743,9,Thalamus,VPM,210,6.258978653903647,33.55179999999291,effect_25-30
4744,13,Thalamus,VPM,417,12.428543327037241,33.55179999999291,effect_25-30
4745,14,Thalamus,VPM,304,9.060616718031946,33.55179999999291,effect_25-30
4746,20,Thalamus,VPM,114,3.3977312692619797,33.55179999999291,effect_25-30
4747,25,Thalamus,VPM,34,1.013358448727257,33.55179999999291,effect_25-30
4748,40,Thalamus,VPM,624,18.598108000170836,33.55179999999291,effect_25-30
4749,51,Thalamus,VPM,517,15.409009352705645,33.55179999999291,effect_25-30
4750,54,Thalamus,VPM,233,6.944485839807379,33.55179999999291,effect_25-30
4751,59,Thalamus,VPM,90,2.682419423101563,33.55179999999291,effect_25-30
4752,62,Thalamus,VPM,180,5.364838846203126,33.55179999999291,effect_25-30
4753,63,Thalamus,VPM,132,3.9342151538822923,33.55179999999291,effect_25-30
4754,66,Thalamus,VPM,55,1.6392563141176217,33.55179999999291,effect_25-30
4755,67,Thalamus,VPM,486,14.48506488474844,33.55179999999291,effect_25-30
4756,68,Thalamus,VPM,15,0.4470699038502605,33.55179999999291,effect_25-30
4757,70,Thalamus,VPM,153,4.560113019272657,33.55179999999291,effect_25-30
4758,73,Thalamus,VPM,370,11.027724294973092,33.55179999999291,effect_25-30
4759,76,Thalamus,VPM,200,5.9609320513368065,33.55179999999291,effect_25-30
4760,77,Thalamus,VPM,448,13.352487794994447,33.55179999999291,effect_25-30
4761,80,Thalamus,PO,11,0.3278512628235244,33.55179999999291,effect_25-30
4762,86,Thalamus,PO,258,7.689602346224481,33.55179999999291,effect_25-30
4763,87,Thalamus,PO,64,1.907498256427778,33.55179999999291,effect_25-30
4764,88,Thalamus,PO,23,0.6855071859037327,33.55179999999291,effect_25-30
4765,89,Thalamus,PO,2,0.059609320513368064,33.55179999999291,effect_25-30
4766,90,Thalamus,PO,76,2.2651541795079866,33.55179999999291,effect_25-30
4767,91,Thalamus,PO,129,3.8448011731122405,33.55179999999291,effect_25-30
4768,93,Thalamus,PO,213,6.348392634673699,33.55179999999291,effect_25-30
4769,95,Thalamus,PO,141,4.202457096192449,33.55179999999291,effect_25-30
4770,98,Thalamus,PO,703,20.952676160448874,33.55179999999291,effect_25-30
4771,99,Thalamus,PO,0,0.0,33.55179999999291,effect_25-30
4772,100,Thalamus,PO,91,2.712224083358247,33.55179999999291,effect_25-30
4773,103,Thalamus,PO,374,11.146942935999828,33.55179999999291,effect_25-30
4774,104,Thalamus,PO,398,11.862254782160246,33.55179999999291,effect_25-30
4775,106,Thalamus,PO,480,14.306236923208337,33.55179999999291,effect_25-30
4776,108,Thalamus,PO,289,8.613546814181685,33.55179999999291,effect_25-30
4777,109,Thalamus,PO,270,8.047258269304688,33.55179999999291,effect_25-30
4778,111,Thalamus,PO,41,1.2219910705240453,33.55179999999291,effect_25-30
4779,112,Thalamus,PO,59,1.758474955144358,33.55179999999291,effect_25-30
4780,113,Thalamus,PO,223,6.646439237240539,33.55179999999291,effect_25-30
4781,114,Thalamus,PO,230,6.855071859037328,33.55179999999291,effect_25-30
4782,115,Thalamus,PO,507,15.110962750138805,33.55179999999291,effect_25-30
4783,117,Thalamus,PO,1,0.029804660256684032,33.55179999999291,effect_25-30
4784,118,Thalamus,PO,391,11.653622160363456,33.55179999999291,effect_25-30
4785,119,Thalamus,PO,648,19.313419846331254,33.55179999999291,effect_25-30
4786,122,Thalamus,PO,231,6.884876519294012,33.55179999999291,effect_25-30
4787,123,Thalamus,PO,166,4.947573602609549,33.55179999999291,effect_25-30
4788,124,Thalamus,PO,261,7.779016326994532,33.55179999999291,effect_25-30
4789,126,Thalamus,PO,191,5.692690109026651,33.55179999999291,effect_25-30
4790,128,Thalamus,PO,595,17.733772852727,33.55179999999291,effect_25-30
4791,130,Thalamus,PO,554,16.511781782202956,33.55179999999291,effect_25-30
4792,131,Thalamus,PO,38,1.1325770897539933,33.55179999999291,effect_25-30
4793,132,Thalamus,PO,233,6.944485839807379,33.55179999999291,effect_25-30
4794,133,Thalamus,PO,403,12.011278083443665,33.55179999999291,effect_25-30
4795,134,Thalamus,PO,645,19.224005865561203,33.55179999999291,effect_25-30
4796,135,Thalamus,PO,962,28.67208316693004,33.55179999999291,effect_25-30
4797,138,Thalamus,PO,134,3.9938244743956606,33.55179999999291,effect_25-30
4798,139,Thalamus,PO,300,8.94139807700521,33.55179999999291,effect_25-30
4799,140,Thalamus,PO,410,12.219910705240453,33.55179999999291,effect_25-30
4800,141,Thalamus,PO,253,7.540579044941061,33.55179999999291,effect_25-30
4801,142,Thalamus,PO,898,26.76458491050226,33.55179999999291,effect_25-30
4802,144,Thalamus,PO,1418,42.26300824397796,33.55179999999291,effect_25-30
4803,145,Thalamus,PO,559,16.660805083486373,33.55179999999291,effect_25-30
4804,146,Thalamus,PO,723,21.548769365582555,33.55179999999291,effect_25-30
4805,147,Thalamus,LD,652,19.43263848735799,33.55179999999291,effect_25-30
4806,148,Thalamus,LD,892,26.585756948962157,33.55179999999291,effect_25-30
4807,151,Thalamus,LD,560,16.69060974374306,33.55179999999291,effect_25-30
4808,153,Thalamus,LD,240,7.153118461604168,33.55179999999291,effect_25-30
4809,155,Thalamus,LD,276,8.226086230844793,33.55179999999291,effect_25-30
4810,156,Thalamus,LD,594,17.703968192470317,33.55179999999291,effect_25-30
4811,157,Thalamus,LD,327,9.746123903935679,33.55179999999291,effect_25-30
4812,160,Thalamus,LD,49,1.4604283525775177,33.55179999999291,effect_25-30
4813,161,Thalamus,LD,163,4.858159621839498,33.55179999999291,effect_25-30
4814,162,Thalamus,LD,650,19.37302916684462,33.55179999999291,effect_25-30
4815,163,Thalamus,LD,334,9.954756525732467,33.55179999999291,effect_25-30
4816,164,Thalamus,LD,600,17.88279615401042,33.55179999999291,effect_25-30
4817,165,Thalamus,LD,1153,34.36477327595669,33.55179999999291,effect_25-30
4818,166,Thalamus,LD,16,0.4768745641069445,33.55179999999291,effect_25-30
4819,172,Thalamus,LD,868,25.870445102801742,33.55179999999291,effect_25-30
4820,173,Thalamus,LD,651,19.402833827101304,33.55179999999291,effect_25-30
4821,174,Thalamus,LD,728,21.697792666865976,33.55179999999291,effect_25-30
4822,175,Thalamus,LD,346,10.312412448812676,33.55179999999291,effect_25-30
4823,176,Thalamus,LD,391,11.653622160363456,33.55179999999291,effect_25-30
4824,177,Thalamus,LD,921,27.450092096405996,33.55179999999291,effect_25-30
4825,184,Thalamus,LD,817,24.350407429710856,33.55179999999291,effect_25-30
4826,188,Thalamus,LD,974,29.02973909001025,33.55179999999291,effect_25-30
4827,189,Thalamus,LD,593,17.674163532213633,33.55179999999291,effect_25-30
4828,192,Thalamus,LD,708,21.101699461732295,33.55179999999291,effect_25-30
4829,194,Thalamus,LD,606,18.061624115550526,33.55179999999291,effect_25-30
4830,198,Thalamus,LD,990,29.506613654117192,33.55179999999291,effect_25-30
4831,204,Thalamus,LD,750,22.353495192513027,33.55179999999291,effect_25-30
4832,206,Thalamus,LD,855,25.48298451946485,33.55179999999291,effect_25-30
4833,207,Thalamus,LD,611,18.210647416833943,33.55179999999291,effect_25-30
4834,209,Thalamus,LD,425,12.666980609090714,33.55179999999291,effect_25-30
4835,210,Thalamus,LD,451,13.4419017757645,33.55179999999291,effect_25-30
4836,212,Thalamus,LD,420,12.517957307807293,33.55179999999291,effect_25-30
4837,214,Thalamus,LD,893,26.61556160921884,33.55179999999291,effect_25-30
4838,221,Thalamus,LD,454,13.531315756534552,33.55179999999291,effect_25-30
4839,222,Thalamus,LD,635,18.92595926299436,33.55179999999291,effect_25-30
4840,223,Thalamus,LD,7,0.20863262179678824,33.55179999999291,effect_25-30
4841,225,Thalamus,LD,441,13.14385517319766,33.55179999999291,effect_25-30
4842,227,Thalamus,LD,59,1.758474955144358,33.55179999999291,effect_25-30
4843,233,Other,CA3,877,26.138687045111897,33.55179999999291,effect_25-30
4844,240,Other,CA3,318,9.477881961625522,33.55179999999291,effect_25-30
4845,243,Other,CA3,217,6.467611275700436,33.55179999999291,effect_25-30
4846,244,Other,CA3,480,14.306236923208337,33.55179999999291,effect_25-30
4847,245,Other,CA3,0,0.0,33.55179999999291,effect_25-30
4848,247,Other,CA3,1,0.029804660256684032,33.55179999999291,effect_25-30
4849,249,Other,CA3,1,0.029804660256684032,33.55179999999291,effect_25-30
4850,250,Other,CA3,161,4.798550301326129,33.55179999999291,effect_25-30
4851,255,Other,CA3,2,0.059609320513368064,33.55179999999291,effect_25-30
4852,257,Other,CA3,4,0.11921864102673613,33.55179999999291,effect_25-30
4853,258,Other,CA3,2,0.059609320513368064,33.55179999999291,effect_25-30
4854,259,Other,CA3,982,29.26817637206372,33.55179999999291,effect_25-30
4855,261,Other,CA3,261,7.779016326994532,33.55179999999291,effect_25-30
4856,262,Other,CA3,123,3.665973211572136,33.55179999999291,effect_25-30
4857,266,Other,CA3,3,0.0894139807700521,33.55179999999291,effect_25-30
4858,267,Other,CA3,738,21.995839269432818,33.55179999999291,effect_25-30
4859,272,Other,CA3,5,0.14902330128342017,33.55179999999291,effect_25-30
4860,283,Other,CA3,29,0.864335147443837,33.55179999999291,effect_25-30
4861,285,Other,CA3,229,6.825267198780644,33.55179999999291,effect_25-30
4862,287,Other,CA3,128,3.814996512855556,33.55179999999291,effect_25-30
4863,288,Other,CA3,159,4.738940980812761,33.55179999999291,effect_25-30
4864,293,Other,CA2,241,7.182923121860852,33.55179999999291,effect_25-30
4865,297,Other,CA2,326,9.716319243678996,33.55179999999291,effect_25-30
4866,298,Other,CA2,0,0.0,33.55179999999291,effect_25-30
4867,305,Other,CA1,234,6.974290500064064,33.55179999999291,effect_25-30
4868,307,Other,CA1,388,11.564208179593406,33.55179999999291,effect_25-30
4869,310,Other,CA1,9,0.2682419423101563,33.55179999999291,effect_25-30
4870,312,Other,CA1,287,8.553937493668318,33.55179999999291,effect_25-30
4871,314,Other,CA1,80,2.3843728205347228,33.55179999999291,effect_25-30
4872,322,Other,alv,114,3.3977312692619797,33.55179999999291,effect_25-30
4873,327,Somatosensory,SSp-ll6b,208,6.199369333390279,33.55179999999291,effect_25-30
4874,328,Somatosensory,SSp-ll6a,411,12.249715365497138,33.55179999999291,effect_25-30
4875,329,Somatosensory,SSp-ll6a,404,12.041082743700349,33.55179999999291,effect_25-30
4876,330,Somatosensory,SSp-ll6a,126,3.755387192342188,33.55179999999291,effect_25-30
4877,331,Somatosensory,SSp-ll6a,508,15.140767410395489,33.55179999999291,effect_25-30
4878,332,Somatosensory,SSp-ll6a,187,5.573471467999914,33.55179999999291,effect_25-30
4879,333,Somatosensory,SSp-ll6a,66,1.9671075769411461,33.55179999999291,effect_25-30
4880,334,Somatosensory,SSp-ll6a,177,5.275424865433074,33.55179999999291,effect_25-30
4881,338,Somatosensory,SSp-ll6a,70,2.0863262179678825,33.55179999999291,effect_25-30
4882,341,Somatosensory,SSp-ll6a,101,3.010270685925087,33.55179999999291,effect_25-30
4883,342,Somatosensory,SSp-ll6a,7,0.20863262179678824,33.55179999999291,effect_25-30
4884,343,Somatosensory,SSp-ll6a,0,0.0,33.55179999999291,effect_25-30
4885,344,Somatosensory,SSp-ll6a,424,12.637175948834031,33.55179999999291,effect_25-30
4886,345,Somatosensory,SSp-ll6a,113,3.3679266090052957,33.55179999999291,effect_25-30
4887,346,Somatosensory,SSp-ll6a,159,4.738940980812761,33.55179999999291,effect_25-30
4888,347,Somatosensory,SSp-ll6a,324,9.656709923165627,33.55179999999291,effect_25-30
4889,348,Somatosensory,SSp-ll6a,66,1.9671075769411461,33.55179999999291,effect_25-30
4890,349,Somatosensory,SSp-ll6a,44,1.3114050512940976,33.55179999999291,effect_25-30
4891,350,Somatosensory,SSp-ll6a,314,9.358663320598787,33.55179999999291,effect_25-30
4892,353,Somatosensory,SSp-ll6a,138,4.113043115422396,33.55179999999291,effect_25-30
4893,356,Somatosensory,SSp-ll6a,162,4.828354961582813,33.55179999999291,effect_25-30
4894,357,Somatosensory,SSp-ll6a,53,1.5796469936042539,33.55179999999291,effect_25-30
4895,358,Somatosensory,SSp-ll6a,32,0.953749128213889,33.55179999999291,effect_25-30
4896,359,Somatosensory,SSp-ll6a,56,1.669060974374306,33.55179999999291,effect_25-30
4897,365,Somatosensory,SSp-ll5,35,1.0431631089839413,33.55179999999291,effect_25-30
4898,370,Somatosensory,SSp-ll5,199,5.931127391080123,33.55179999999291,effect_25-30
4899,371,Somatosensory,SSp-ll5,121,3.606363891058768,33.55179999999291,effect_25-30
4900,372,Somatosensory,SSp-ll5,8,0.23843728205347225,33.55179999999291,effect_25-30
4901,375,Somatosensory,SSp-ll5,19,0.5662885448769966,33.55179999999291,effect_25-30
4902,376,Somatosensory,SSp-ll5,138,4.113043115422396,33.55179999999291,effect_25-30
4903,377,Somatosensory,SSp-ll5,74,2.2055448589946183,33.55179999999291,effect_25-30
4904,378,Somatosensory,SSp-tr5,181,5.39464350645981,33.55179999999291,effect_25-30
4905,380,Somatosensory,SSp-tr5,237,7.063704480834116,33.55179999999291,effect_25-30
4906,381,Somatosensory,SSp-tr5,326,9.716319243678996,33.55179999999291,effect_25-30
4907,382,Somatosensory,SSp-tr5,532,15.856079256555907,33.55179999999291,effect_25-30
4908,386,Somatosensory,SSp-tr5,543,16.18393051937943,33.55179999999291,effect_25-30
4909,388,Somatosensory,SSp-tr5,199,5.931127391080123,33.55179999999291,effect_25-30
4910,389,Somatosensory,SSp-tr5,361,10.759482352662936,33.55179999999291,effect_25-30
4911,392,Somatosensory,SSp-tr5,0,0.0,33.55179999999291,effect_25-30
4912,394,Somatosensory,SSp-tr5,93,2.7718334038716153,33.55179999999291,effect_25-30
4913,395,Somatosensory,SSp-tr5,330,9.835537884705731,33.55179999999291,effect_25-30
4914,396,Somatosensory,SSp-tr5,389,11.59401283985009,33.55179999999291,effect_25-30
4915,397,Somatosensory,SSp-tr5,8,0.23843728205347225,33.55179999999291,effect_25-30
4916,398,Somatosensory,SSp-tr5,4,0.11921864102673613,33.55179999999291,effect_25-30
4917,400,Somatosensory,SSp-tr5,1,0.029804660256684032,33.55179999999291,effect_25-30
4918,401,Somatosensory,SSp-tr5,207,6.1695646731335945,33.55179999999291,effect_25-30
4919,402,Somatosensory,SSp-tr5,287,8.553937493668318,33.55179999999291,effect_25-30
4920,403,Somatosensory,SSp-tr5,317,9.448077301368839,33.55179999999291,effect_25-30
4921,404,Somatosensory,SSp-tr5,187,5.573471467999914,33.55179999999291,effect_25-30
4922,406,Somatosensory,SSp-tr5,0,0.0,33.55179999999291,effect_25-30
4923,407,Somatosensory,SSp-tr5,0,0.0,33.55179999999291,effect_25-30
4924,408,Somatosensory,SSp-tr5,361,10.759482352662936,33.55179999999291,effect_25-30
4925,410,Somatosensory,SSp-tr5,122,3.636168551315452,33.55179999999291,effect_25-30
4926,413,Somatosensory,SSp-tr5,41,1.2219910705240453,33.55179999999291,effect_25-30
4927,416,Somatosensory,SSp-tr5,46,1.3710143718074654,33.55179999999291,effect_25-30
4928,418,Somatosensory,SSp-tr5,104,3.0996846666951394,33.55179999999291,effect_25-30
4929,425,Somatosensory,SSp-tr4,18,0.5364838846203126,33.55179999999291,effect_25-30
4930,430,Somatosensory,SSp-tr4,1,0.029804660256684032,33.55179999999291,effect_25-30
4931,436,Somatosensory,SSp-tr4,288,8.583742153925002,33.55179999999291,effect_25-30
4932,438,Somatosensory,SSp-tr4,40,1.1921864102673614,33.55179999999291,effect_25-30
4933,439,Somatosensory,SSp-tr4,0,0.0,33.55179999999291,effect_25-30
4934,445,Somatosensory,SSp-tr2/3,2,0.059609320513368064,33.55179999999291,effect_25-30
4935,449,Somatosensory,SSp-tr2/3,2,0.059609320513368064,33.55179999999291,effect_25-30
4936,472,Thalamus,PO,190,5.662885448769966,33.55179999999291,effect_25-30
4937,473,Thalamus,PO,5,0.14902330128342017,33.55179999999291,effect_25-30
4938,475,Thalamus,PO,276,8.226086230844793,33.55179999999291,effect_25-30
4939,476,Thalamus,PO,4,0.11921864102673613,33.55179999999291,effect_25-30
4940,480,Thalamus,PO,53,1.5796469936042539,33.55179999999291,effect_25-30
4941,481,Thalamus,PO,3,0.0894139807700521,33.55179999999291,effect_25-30
4942,482,Thalamus,PO,138,4.113043115422396,33.55179999999291,effect_25-30
4943,483,Thalamus,PO,131,3.9044104936256083,33.55179999999291,effect_25-30
4944,485,Thalamus,LD,913,27.21165481435252,33.55179999999291,effect_25-30
4945,486,Thalamus,LD,348,10.372021769326043,33.55179999999291,effect_25-30
4946,487,Thalamus,LD,370,11.027724294973092,33.55179999999291,effect_25-30
4947,488,Thalamus,LD,457,13.620729737304604,33.55179999999291,effect_25-30
4948,489,Thalamus,LD,579,17.256898288620054,33.55179999999291,effect_25-30
4949,490,Thalamus,LD,443,13.203464493711026,33.55179999999291,effect_25-30
4950,494,Thalamus,LD,934,27.83755267974289,33.55179999999291,effect_25-30
4951,496,Thalamus,LD,439,13.08424585268429,33.55179999999291,effect_25-30
4952,497,Other,CA3,6,0.1788279615401042,33.55179999999291,effect_25-30
4953,501,Other,CA3,70,2.0863262179678825,33.55179999999291,effect_25-30
4954,504,Other,CA3,1,0.029804660256684032,33.55179999999291,effect_25-30
4955,507,Other,CA3,7,0.20863262179678824,33.55179999999291,effect_25-30
4956,509,Other,CA2,4,0.11921864102673613,33.55179999999291,effect_25-30
4957,514,Other,CA1,4,0.11921864102673613,33.55179999999291,effect_25-30
4958,515,Other,CA1,199,5.931127391080123,33.55179999999291,effect_25-30
4959,516,Other,CA1,354,10.550849730866148,33.55179999999291,effect_25-30
4960,518,Somatosensory,SSp-ll6a,1,0.029804660256684032,33.55179999999291,effect_25-30
4961,519,Somatosensory,SSp-ll6a,19,0.5662885448769966,33.55179999999291,effect_25-30
4962,520,Somatosensory,SSp-ll6a,132,3.9342151538822923,33.55179999999291,effect_25-30
4963,521,Somatosensory,SSp-ll5,0,0.0,33.55179999999291,effect_25-30
4964,522,Somatosensory,SSp-ll5,4,0.11921864102673613,33.55179999999291,effect_25-30
4965,523,Somatosensory,SSp-tr5,91,2.712224083358247,33.55179999999291,effect_25-30
4966,525,Somatosensory,SSp-tr5,31,0.9239444679572051,33.55179999999291,effect_25-30
4967,527,Somatosensory,SSp-tr5,6,0.1788279615401042,33.55179999999291,effect_25-30
4968,531,Somatosensory,SSp-tr5,12,0.3576559230802084,33.55179999999291,effect_25-30
4969,534,Somatosensory,SSp-tr2/3,8,0.23843728205347225,33.55179999999291,effect_25-30
4970,538,Somatosensory,SSp-tr2/3,57,1.6988656346309898,33.55179999999291,effect_25-30
4971,544,Somatosensory,SSp-tr5,24,0.7153118461604168,33.55179999999291,effect_25-30
4972,546,Somatosensory,SSp-tr2/3,0,0.0,33.55179999999291,effect_25-30
4973,547,Somatosensory,SSp-tr4,1,0.029804660256684032,33.55179999999291,effect_25-30
4974,549,Thalamus,VPM,60,1.788279615401042,33.55179999999291,effect_25-30
4975,551,Thalamus,PO,330,9.835537884705731,33.55179999999291,effect_25-30
4976,554,Other,CA3,6,0.1788279615401042,33.55179999999291,effect_25-30
4977,557,Somatosensory,SSp-ll6a,3,0.0894139807700521,33.55179999999291,effect_25-30
4978,558,Somatosensory,SSp-tr5,11,0.3278512628235244,33.55179999999291,effect_25-30
4979,560,Somatosensory,SSp-tr5,1,0.029804660256684032,33.55179999999291,effect_25-30
4980,561,Somatosensory,SSp-tr4,3,0.0894139807700521,33.55179999999291,effect_25-30
4981,563,Somatosensory,SSp-tr4,2,0.059609320513368064,33.55179999999291,effect_25-30
4982,565,Somatosensory,SSp-tr4,2,0.059609320513368064,33.55179999999291,effect_25-30
4983,567,STR,CP,96,2.861247384641667,33.55179999999291,effect_25-30
4984,571,STR,CP,406,12.100692064213717,33.55179999999291,effect_25-30
4985,572,STR,CP,288,8.583742153925002,33.55179999999291,effect_25-30
4986,573,STR,CP,11,0.3278512628235244,33.55179999999291,effect_25-30
4987,575,STR,CP,5,0.14902330128342017,33.55179999999291,effect_25-30
4988,576,STR,CP,177,5.275424865433074,33.55179999999291,effect_25-30
4989,577,STR,CP,44,1.3114050512940976,33.55179999999291,effect_25-30
4990,578,STR,CP,0,0.0,33.55179999999291,effect_25-30
4991,579,STR,CP,2,0.059609320513368064,33.55179999999291,effect_25-30
4992,580,STR,CP,0,0.0,33.55179999999291,effect_25-30
4993,581,STR,CP,13,0.38746058333689243,33.55179999999291,effect_25-30
4994,582,STR,CP,2,0.059609320513368064,33.55179999999291,effect_25-30
4995,584,STR,CP,127,3.785191852598872,33.55179999999291,effect_25-30
4996,585,STR,CP,87,2.5930054423315108,33.55179999999291,effect_25-30
4997,589,STR,CP,23,0.6855071859037327,33.55179999999291,effect_25-30
4998,592,STR,CP,1,0.029804660256684032,33.55179999999291,effect_25-30
4999,593,STR,CP,2,0.059609320513368064,33.55179999999291,effect_25-30
5000,596,STR,CP,18,0.5364838846203126,33.55179999999291,effect_25-30
5001,599,STR,CP,598,17.82318683349705,33.55179999999291,effect_25-30
5002,600,STR,CP,4,0.11921864102673613,33.55179999999291,effect_25-30
5003,603,STR,CP,5,0.14902330128342017,33.55179999999291,effect_25-30
5004,605,STR,CP,222,6.616634576983856,33.55179999999291,effect_25-30
5005,606,STR,CP,2,0.059609320513368064,33.55179999999291,effect_25-30
5006,608,STR,CP,210,6.258978653903647,33.55179999999291,effect_25-30
5007,615,STR,CP,323,9.626905262908943,33.55179999999291,effect_25-30
5008,619,STR,CP,1,0.029804660256684032,33.55179999999291,effect_25-30
5009,626,STR,CP,0,0.0,33.55179999999291,effect_25-30
5010,629,STR,CP,21,0.6258978653903647,33.55179999999291,effect_25-30
5011,630,STR,CP,26,0.7749211666737849,33.55179999999291,effect_25-30
5012,631,STR,CP,205,6.109955352620227,33.55179999999291,effect_25-30
5013,634,STR,CP,82,2.4439821410480906,33.55179999999291,effect_25-30
5014,635,STR,CP,149,4.440894378245921,33.55179999999291,effect_25-30
5015,636,STR,CP,25,0.7451165064171008,33.55179999999291,effect_25-30
5016,638,STR,CP,339,10.103779827015888,33.55179999999291,effect_25-30
5017,639,STR,CP,29,0.864335147443837,33.55179999999291,effect_25-30
5018,641,STR,CP,35,1.0431631089839413,33.55179999999291,effect_25-30
5019,642,STR,CP,59,1.758474955144358,33.55179999999291,effect_25-30
5020,643,STR,CP,125,3.7255825320855043,33.55179999999291,effect_25-30
5021,644,STR,CP,250,7.4511650641710085,33.55179999999291,effect_25-30
5022,645,STR,CP,0,0.0,33.55179999999291,effect_25-30
5023,647,STR,CP,275,8.19628157058811,33.55179999999291,effect_25-30
5024,649,STR,CP,0,0.0,33.55179999999291,effect_25-30
5025,652,STR,CP,1,0.029804660256684032,33.55179999999291,effect_25-30
5026,657,STR,CP,0,0.0,33.55179999999291,effect_25-30
5027,659,STR,CP,290,8.64335147443837,33.55179999999291,effect_25-30
5028,660,STR,CP,1,0.029804660256684032,33.55179999999291,effect_25-30
5029,661,STR,CP,2,0.059609320513368064,33.55179999999291,effect_25-30
5030,662,STR,CP,3,0.0894139807700521,33.55179999999291,effect_25-30
5031,665,STR,CP,0,0.0,33.55179999999291,effect_25-30
5032,671,STR,CP,142,4.232261756449133,33.55179999999291,effect_25-30
5033,674,STR,CP,0,0.0,33.55179999999291,effect_25-30
5034,683,STR,CP,344,10.252803128299307,33.55179999999291,effect_25-30
5035,686,STR,CP,0,0.0,33.55179999999291,effect_25-30
5036,687,STR,CP,295,8.79237477572179,33.55179999999291,effect_25-30
5037,688,STR,CP,38,1.1325770897539933,33.55179999999291,effect_25-30
5038,689,STR,CP,269,8.017453609048005,33.55179999999291,effect_25-30
5039,690,STR,CP,236,7.033899820577432,33.55179999999291,effect_25-30
5040,691,STR,CP,532,15.856079256555907,33.55179999999291,effect_25-30
5041,693,STR,CP,510,15.200376730908857,33.55179999999291,effect_25-30
5042,696,STR,CP,96,2.861247384641667,33.55179999999291,effect_25-30
5043,699,STR,CP,263,7.838625647507901,33.55179999999291,effect_25-30
5044,701,STR,CP,89,2.652614762844879,33.55179999999291,effect_25-30
5045,702,STR,CP,227,6.765657878267276,33.55179999999291,effect_25-30
5046,705,STR,CP,55,1.6392563141176217,33.55179999999291,effect_25-30
5047,706,STR,CP,264,7.8684303077645845,33.55179999999291,effect_25-30
5048,709,STR,CP,131,3.9044104936256083,33.55179999999291,effect_25-30
5049,710,STR,CP,24,0.7153118461604168,33.55179999999291,effect_25-30
5050,714,STR,CP,39,1.1623817500106772,33.55179999999291,effect_25-30
5051,716,STR,CP,321,9.567295942395575,33.55179999999291,effect_25-30
5052,719,STR,CP,86,2.563200782074827,33.55179999999291,effect_25-30
5053,722,STR,CP,305,9.09042137828863,33.55179999999291,effect_25-30
5054,724,STR,CP,81,2.4141774807914067,33.55179999999291,effect_25-30
5055,725,STR,CP,9,0.2682419423101563,33.55179999999291,effect_25-30
5056,726,STR,CP,4,0.11921864102673613,33.55179999999291,effect_25-30
5057,727,STR,CP,632,18.83654528222431,33.55179999999291,effect_25-30
5058,728,STR,CP,126,3.755387192342188,33.55179999999291,effect_25-30
5059,729,STR,CP,26,0.7749211666737849,33.55179999999291,effect_25-30
5060,730,STR,CP,3,0.0894139807700521,33.55179999999291,effect_25-30
5061,733,STR,CP,21,0.6258978653903647,33.55179999999291,effect_25-30
5062,736,STR,CP,266,7.928039628277953,33.55179999999291,effect_25-30
5063,737,STR,CP,0,0.0,33.55179999999291,effect_25-30
5064,739,STR,CP,0,0.0,33.55179999999291,effect_25-30
5065,742,STR,CP,22,0.6557025256470488,33.55179999999291,effect_25-30
5066,743,STR,CP,736,21.936229948919447,33.55179999999291,effect_25-30
5067,744,STR,CP,285,8.49432817315495,33.55179999999291,effect_25-30
5068,746,STR,CP,45,1.3412097115507815,33.55179999999291,effect_25-30
5069,747,STR,CP,16,0.4768745641069445,33.55179999999291,effect_25-30
5070,748,STR,CP,143,4.262066416705816,33.55179999999291,effect_25-30
5071,749,STR,CP,145,4.321675737219185,33.55179999999291,effect_25-30
5072,750,STR,CP,124,3.6957778718288203,33.55179999999291,effect_25-30
5073,751,STR,CP,345,10.28260778855599,33.55179999999291,effect_25-30
5074,753,STR,CP,224,6.676243897497224,33.55179999999291,effect_25-30
5075,754,STR,CP,113,3.3679266090052957,33.55179999999291,effect_25-30
5076,755,STR,CP,738,21.995839269432818,33.55179999999291,effect_25-30
5077,757,Other,ccb,20,0.5960932051336807,33.55179999999291,effect_25-30
5078,759,Other,ccb,40,1.1921864102673614,33.55179999999291,effect_25-30
5079,760,Other,ccb,8,0.23843728205347225,33.55179999999291,effect_25-30
5080,763,Other,ccb,450,13.412097115507814,33.55179999999291,effect_25-30
5081,766,Other,ccb,1,0.029804660256684032,33.55179999999291,effect_25-30
5082,767,Other,ccb,2,0.059609320513368064,33.55179999999291,effect_25-30
5083,768,Other,ccb,90,2.682419423101563,33.55179999999291,effect_25-30
5084,770,Other,ccb,0,0.0,33.55179999999291,effect_25-30
5085,771,Other,ccb,0,0.0,33.55179999999291,effect_25-30
5086,775,Other,ccb,22,0.6557025256470488,33.55179999999291,effect_25-30
5087,777,Other,ccb,363,10.819091673176304,33.55179999999291,effect_25-30
5088,780,Other,ccb,23,0.6855071859037327,33.55179999999291,effect_25-30
5089,781,Other,ccb,2,0.059609320513368064,33.55179999999291,effect_25-30
5090,782,Other,ccb,16,0.4768745641069445,33.55179999999291,effect_25-30
5091,783,Other,ccb,1,0.029804660256684032,33.55179999999291,effect_25-30
5092,785,Other,ccb,469,13.978385660384811,33.55179999999291,effect_25-30
5093,786,Other,ccb,58,1.728670294887674,33.55179999999291,effect_25-30
5094,787,Other,scwm,14,0.4172652435935765,33.55179999999291,effect_25-30
5095,789,Other,ccb,21,0.6258978653903647,33.55179999999291,effect_25-30
5096,791,Other,scwm,1,0.029804660256684032,33.55179999999291,effect_25-30
5097,793,Other,scwm,0,0.0,33.55179999999291,effect_25-30
5098,796,Other,scwm,6,0.1788279615401042,33.55179999999291,effect_25-30
5099,798,Other,scwm,1,0.029804660256684032,33.55179999999291,effect_25-30
5100,799,Other,scwm,1,0.029804660256684032,33.55179999999291,effect_25-30
5101,803,Somatosensory,SSp-ul6b,7,0.20863262179678824,33.55179999999291,effect_25-30
5102,805,Somatosensory,SSp-ul6b,0,0.0,33.55179999999291,effect_25-30
5103,807,Somatosensory,SSp-ul6a,5,0.14902330128342017,33.55179999999291,effect_25-30
5104,810,Somatosensory,SSp-ul6b,6,0.1788279615401042,33.55179999999291,effect_25-30
5105,811,Somatosensory,SSp-ul6a,23,0.6855071859037327,33.55179999999291,effect_25-30
5106,820,Somatosensory,SSp-ul6a,42,1.2517957307807295,33.55179999999291,effect_25-30
5107,824,Somatosensory,SSp-ul6a,0,0.0,33.55179999999291,effect_25-30
5108,825,Somatosensory,SSp-ul6a,1,0.029804660256684032,33.55179999999291,effect_25-30
5109,830,Somatosensory,SSp-ul6a,2,0.059609320513368064,33.55179999999291,effect_25-30
5110,832,Somatosensory,SSp-ul6a,16,0.4768745641069445,33.55179999999291,effect_25-30
5111,835,Somatosensory,SSp-ul6a,5,0.14902330128342017,33.55179999999291,effect_25-30
5112,837,Somatosensory,SSp-ul6a,5,0.14902330128342017,33.55179999999291,effect_25-30
5113,839,Somatosensory,SSp-ul6a,55,1.6392563141176217,33.55179999999291,effect_25-30
5114,841,Somatosensory,SSp-ul6a,387,11.53440351933672,33.55179999999291,effect_25-30
5115,842,Somatosensory,SSp-ul6a,41,1.2219910705240453,33.55179999999291,effect_25-30
5116,843,Somatosensory,SSp-ul6a,31,0.9239444679572051,33.55179999999291,effect_25-30
5117,845,Somatosensory,SSp-ul6a,20,0.5960932051336807,33.55179999999291,effect_25-30
5118,847,Somatosensory,SSp-ul6a,149,4.440894378245921,33.55179999999291,effect_25-30
5119,849,Somatosensory,SSp-ul6a,0,0.0,33.55179999999291,effect_25-30
5120,851,Somatosensory,SSp-ul6a,510,15.200376730908857,33.55179999999291,effect_25-30
5121,852,Somatosensory,SSp-ul6a,394,11.743036141133508,33.55179999999291,effect_25-30
5122,854,Somatosensory,SSp-ul6a,207,6.1695646731335945,33.55179999999291,effect_25-30
5123,855,Somatosensory,SSp-ul6a,619,18.449084698887418,33.55179999999291,effect_25-30
5124,856,Somatosensory,SSp-ul6a,1048,31.235283949004867,33.55179999999291,effect_25-30
5125,857,Somatosensory,SSp-ul6a,179,5.335034185946442,33.55179999999291,effect_25-30
5126,860,Somatosensory,SSp-ul6a,241,7.182923121860852,33.55179999999291,effect_25-30
5127,861,Somatosensory,SSp-ul6a,17,0.5066792243636286,33.55179999999291,effect_25-30
5128,862,Somatosensory,SSp-ul6a,242,7.212727782117536,33.55179999999291,effect_25-30
5129,863,Somatosensory,SSp-ul6a,246,7.331946423144272,33.55179999999291,effect_25-30
5130,865,Somatosensory,SSp-ul6a,239,7.123313801347484,33.55179999999291,effect_25-30
5131,867,Somatosensory,SSp-ul6a,108,3.2189033077218756,33.55179999999291,effect_25-30
5132,868,Somatosensory,SSp-ul6a,276,8.226086230844793,33.55179999999291,effect_25-30
5133,869,Somatosensory,SSp-ul6a,514,15.319595371935593,33.55179999999291,effect_25-30
5134,870,Somatosensory,SSp-ul6a,171,5.096596903892969,33.55179999999291,effect_25-30
5135,874,Somatosensory,SSp-ul6a,2,0.059609320513368064,33.55179999999291,effect_25-30
5136,875,Somatosensory,SSp-ul6a,0,0.0,33.55179999999291,effect_25-30
5137,876,Somatosensory,SSp-ul6a,268,7.987648948791321,33.55179999999291,effect_25-30
5138,877,Somatosensory,SSp-ul6a,169,5.036987583379601,33.55179999999291,effect_25-30
5139,878,Somatosensory,SSp-ul6a,179,5.335034185946442,33.55179999999291,effect_25-30
5140,879,Somatosensory,SSp-ul6a,226,6.7358532180105914,33.55179999999291,effect_25-30
5141,882,Somatosensory,SSp-ul6a,172,5.126401564149654,33.55179999999291,effect_25-30
5142,884,Somatosensory,SSp-ul6a,156,4.649527000042709,33.55179999999291,effect_25-30
5143,886,Somatosensory,SSp-ul6a,203,6.050346032106859,33.55179999999291,effect_25-30
5144,887,Somatosensory,SSp-ul6a,142,4.232261756449133,33.55179999999291,effect_25-30
5145,888,Somatosensory,SSp-ul6a,770,22.949588397646707,33.55179999999291,effect_25-30
5146,893,Somatosensory,SSp-ul6a,13,0.38746058333689243,33.55179999999291,effect_25-30
5147,894,Somatosensory,SSp-ul6a,112,3.338121948748612,33.55179999999291,effect_25-30
5148,899,Somatosensory,SSp-ul5,118,3.516949910288716,33.55179999999291,effect_25-30
5149,900,Somatosensory,SSp-ul5,13,0.38746058333689243,33.55179999999291,effect_25-30
5150,901,Somatosensory,SSp-ul5,7,0.20863262179678824,33.55179999999291,effect_25-30
5151,902,Somatosensory,SSp-ul5,117,3.487145250032032,33.55179999999291,effect_25-30
5152,906,Somatosensory,SSp-ul5,54,1.6094516538609378,33.55179999999291,effect_25-30
5153,909,Somatosensory,SSp-ul5,19,0.5662885448769966,33.55179999999291,effect_25-30
5154,910,Somatosensory,SSp-ul5,5,0.14902330128342017,33.55179999999291,effect_25-30
5155,914,Somatosensory,SSp-ul5,16,0.4768745641069445,33.55179999999291,effect_25-30
5156,915,Somatosensory,SSp-ul5,4,0.11921864102673613,33.55179999999291,effect_25-30
5157,916,Somatosensory,SSp-ll5,120,3.576559230802084,33.55179999999291,effect_25-30
5158,917,Somatosensory,SSp-ll5,100,2.9804660256684032,33.55179999999291,effect_25-30
5159,918,Somatosensory,SSp-ll5,0,0.0,33.55179999999291,effect_25-30
5160,924,Somatosensory,SSp-ll5,2,0.059609320513368064,33.55179999999291,effect_25-30
5161,925,Somatosensory,SSp-ll5,11,0.3278512628235244,33.55179999999291,effect_25-30
5162,934,Somatosensory,SSp-ll5,203,6.050346032106859,33.55179999999291,effect_25-30
5163,938,Somatosensory,SSp-ll5,1,0.029804660256684032,33.55179999999291,effect_25-30
5164,939,Somatosensory,SSp-ll5,297,8.851984096235158,33.55179999999291,effect_25-30
5165,940,Somatosensory,SSp-ll5,1355,40.385314647806865,33.55179999999291,effect_25-30
5166,949,Somatosensory,SSp-ll5,43,1.2816003910374134,33.55179999999291,effect_25-30
5167,950,Somatosensory,SSp-ll5,31,0.9239444679572051,33.55179999999291,effect_25-30
5168,953,Somatosensory,SSp-ll5,9,0.2682419423101563,33.55179999999291,effect_25-30
5169,960,Somatosensory,SSp-ll5,0,0.0,33.55179999999291,effect_25-30
5170,966,Somatosensory,SSp-ll5,74,2.2055448589946183,33.55179999999291,effect_25-30
5171,968,Somatosensory,SSp-ll5,9,0.2682419423101563,33.55179999999291,effect_25-30
5172,970,Somatosensory,SSp-ll4,9,0.2682419423101563,33.55179999999291,effect_25-30
5173,973,Somatosensory,SSp-ll4,2,0.059609320513368064,33.55179999999291,effect_25-30
5174,975,Somatosensory,SSp-ll4,13,0.38746058333689243,33.55179999999291,effect_25-30
5175,977,Somatosensory,SSp-ll4,0,0.0,33.55179999999291,effect_25-30
5176,983,STR,CP,21,0.6258978653903647,33.55179999999291,effect_25-30
5177,985,STR,CP,0,0.0,33.55179999999291,effect_25-30
5178,986,STR,CP,0,0.0,33.55179999999291,effect_25-30
5179,988,STR,CP,0,0.0,33.55179999999291,effect_25-30
5180,990,STR,CP,96,2.861247384641667,33.55179999999291,effect_25-30
5181,992,STR,CP,0,0.0,33.55179999999291,effect_25-30
5182,996,STR,CP,7,0.20863262179678824,33.55179999999291,effect_25-30
5183,999,STR,CP,0,0.0,33.55179999999291,effect_25-30
5184,1001,STR,CP,1,0.029804660256684032,33.55179999999291,effect_25-30
5185,1002,STR,CP,0,0.0,33.55179999999291,effect_25-30
5186,1003,STR,CP,3,0.0894139807700521,33.55179999999291,effect_25-30
5187,1004,STR,CP,35,1.0431631089839413,33.55179999999291,effect_25-30
5188,1005,STR,CP,0,0.0,33.55179999999291,effect_25-30
5189,1008,STR,CP,0,0.0,33.55179999999291,effect_25-30
5190,1010,STR,CP,0,0.0,33.55179999999291,effect_25-30
5191,1012,STR,CP,3,0.0894139807700521,33.55179999999291,effect_25-30
5192,1013,STR,CP,24,0.7153118461604168,33.55179999999291,effect_25-30
5193,1018,STR,CP,38,1.1325770897539933,33.55179999999291,effect_25-30
5194,1020,STR,CP,12,0.3576559230802084,33.55179999999291,effect_25-30
5195,1026,STR,CP,3,0.0894139807700521,33.55179999999291,effect_25-30
5196,1027,STR,CP,4,0.11921864102673613,33.55179999999291,effect_25-30
5197,1029,STR,CP,146,4.351480397475869,33.55179999999291,effect_25-30
5198,1030,STR,CP,0,0.0,33.55179999999291,effect_25-30
5199,1031,STR,CP,53,1.5796469936042539,33.55179999999291,effect_25-30
5200,1033,STR,CP,41,1.2219910705240453,33.55179999999291,effect_25-30
5201,1034,STR,CP,0,0.0,33.55179999999291,effect_25-30
5202,1037,STR,CP,0,0.0,33.55179999999291,effect_25-30
5203,1038,STR,CP,0,0.0,33.55179999999291,effect_25-30
5204,1041,STR,CP,0,0.0,33.55179999999291,effect_25-30
5205,1042,STR,CP,0,0.0,33.55179999999291,effect_25-30
5206,1043,STR,CP,0,0.0,33.55179999999291,effect_25-30
5207,1045,STR,CP,0,0.0,33.55179999999291,effect_25-30
5208,1052,STR,CP,82,2.4439821410480906,33.55179999999291,effect_25-30
5209,1054,STR,CP,50,1.4902330128342016,33.55179999999291,effect_25-30
5210,1057,STR,CP,130,3.8746058333689244,33.55179999999291,effect_25-30
5211,1060,STR,CP,11,0.3278512628235244,33.55179999999291,effect_25-30
5212,1061,STR,CP,653,19.462443147614675,33.55179999999291,effect_25-30
5213,1063,STR,CP,61,1.818084275657726,33.55179999999291,effect_25-30
5214,1065,STR,CP,107,3.1890986474651917,33.55179999999291,effect_25-30
5215,1067,STR,CP,0,0.0,33.55179999999291,effect_25-30
5216,1068,STR,CP,40,1.1921864102673614,33.55179999999291,effect_25-30
5217,1069,STR,CP,4,0.11921864102673613,33.55179999999291,effect_25-30
5218,1070,STR,CP,78,2.3247635000213545,33.55179999999291,effect_25-30
5219,1071,STR,CP,50,1.4902330128342016,33.55179999999291,effect_25-30
5220,1072,Other,ccb,56,1.669060974374306,33.55179999999291,effect_25-30
5221,1073,Other,ccb,129,3.8448011731122405,33.55179999999291,effect_25-30
5222,1074,Other,ccb,0,0.0,33.55179999999291,effect_25-30
5223,1075,Other,ccb,96,2.861247384641667,33.55179999999291,effect_25-30
5224,1076,Other,ccb,0,0.0,33.55179999999291,effect_25-30
5225,1077,Other,ccb,0,0.0,33.55179999999291,effect_25-30
5226,1078,Other,ccb,152,4.530308359015973,33.55179999999291,effect_25-30
5227,1079,Other,ccb,0,0.0,33.55179999999291,effect_25-30
5228,1080,Other,ccb,0,0.0,33.55179999999291,effect_25-30
5229,1082,Other,scwm,65,1.9373029166844622,33.55179999999291,effect_25-30
5230,1083,Other,scwm,2,0.059609320513368064,33.55179999999291,effect_25-30
5231,1085,Other,scwm,11,0.3278512628235244,33.55179999999291,effect_25-30
5232,1086,Other,scwm,1,0.029804660256684032,33.55179999999291,effect_25-30
5233,1090,Somatosensory,SSp-ul6a,7,0.20863262179678824,33.55179999999291,effect_25-30
5234,1091,Somatosensory,SSp-ul6a,105,3.1294893269518234,33.55179999999291,effect_25-30
5235,1092,Somatosensory,SSp-ul6a,26,0.7749211666737849,33.55179999999291,effect_25-30
5236,1093,Somatosensory,SSp-ul6a,13,0.38746058333689243,33.55179999999291,effect_25-30
5237,1094,Somatosensory,SSp-ul6a,79,2.354568160278039,33.55179999999291,effect_25-30
5238,1095,Somatosensory,SSp-ul6a,21,0.6258978653903647,33.55179999999291,effect_25-30
5239,1096,Somatosensory,SSp-ul6a,3,0.0894139807700521,33.55179999999291,effect_25-30
5240,1098,Somatosensory,SSp-ul6a,13,0.38746058333689243,33.55179999999291,effect_25-30
5241,1099,Somatosensory,SSp-ul6a,27,0.8047258269304689,33.55179999999291,effect_25-30
5242,1100,Somatosensory,SSp-ul6a,9,0.2682419423101563,33.55179999999291,effect_25-30
5243,1101,Somatosensory,SSp-ul6a,39,1.1623817500106772,33.55179999999291,effect_25-30
5244,1102,Somatosensory,SSp-ul5,3,0.0894139807700521,33.55179999999291,effect_25-30
5245,1103,Somatosensory,SSp-ul5,35,1.0431631089839413,33.55179999999291,effect_25-30
5246,1106,Somatosensory,SSp-ul5,0,0.0,33.55179999999291,effect_25-30
5247,1107,Somatosensory,SSp-ul5,72,2.1459355384812504,33.55179999999291,effect_25-30
5248,1108,Somatosensory,SSp-ul5,29,0.864335147443837,33.55179999999291,effect_25-30
5249,1111,Somatosensory,SSp-ll5,0,0.0,33.55179999999291,effect_25-30
5250,1113,Somatosensory,SSp-ll5,0,0.0,33.55179999999291,effect_25-30
5251,1115,Somatosensory,SSp-ll5,18,0.5364838846203126,33.55179999999291,effect_25-30
5252,1117,Somatosensory,SSp-ll5,6,0.1788279615401042,33.55179999999291,effect_25-30
5253,1118,Somatosensory,SSp-ll5,13,0.38746058333689243,33.55179999999291,effect_25-30
5254,1119,Somatosensory,SSp-ll5,5,0.14902330128342017,33.55179999999291,effect_25-30
5255,1122,Somatosensory,SSp-ll5,1,0.029804660256684032,33.55179999999291,effect_25-30
5256,1123,Somatosensory,SSp-ll5,2,0.059609320513368064,33.55179999999291,effect_25-30
5257,1127,Somatosensory,SSp-ll4,1,0.029804660256684032,33.55179999999291,effect_25-30
5258,1128,STR,CP,106,3.1592939872085077,33.55179999999291,effect_25-30
5259,1130,STR,CP,0,0.0,33.55179999999291,effect_25-30
5260,1131,STR,CP,1,0.029804660256684032,33.55179999999291,effect_25-30
5261,1132,STR,CP,11,0.3278512628235244,33.55179999999291,effect_25-30
5262,1133,STR,CP,24,0.7153118461604168,33.55179999999291,effect_25-30
5263,1134,STR,CP,1,0.029804660256684032,33.55179999999291,effect_25-30
5264,1135,STR,CP,5,0.14902330128342017,33.55179999999291,effect_25-30
5265,1136,STR,CP,9,0.2682419423101563,33.55179999999291,effect_25-30
5266,1139,STR,CP,9,0.2682419423101563,33.55179999999291,effect_25-30
5267,1141,STR,CP,7,0.20863262179678824,33.55179999999291,effect_25-30
5268,1142,STR,CP,1,0.029804660256684032,33.55179999999291,effect_25-30
5269,1143,STR,CP,21,0.6258978653903647,33.55179999999291,effect_25-30
5270,1146,STR,CP,0,0.0,33.55179999999291,effect_25-30
5271,1147,STR,CP,52,1.5498423333475697,33.55179999999291,effect_25-30
5272,1152,Other,ccb,2,0.059609320513368064,33.55179999999291,effect_25-30
5273,1153,Somatosensory,SSp-ul6a,8,0.23843728205347225,33.55179999999291,effect_25-30
5274,1154,Somatosensory,SSp-ul6a,3,0.0894139807700521,33.55179999999291,effect_25-30
5275,1158,Somatosensory,SSp-ul5,29,0.864335147443837,33.55179999999291,effect_25-30
5276,1160,Somatosensory,SSp-ll5,0,0.0,33.55179999999291,effect_25-30
5277,1161,Somatosensory,SSp-ll4,1,0.029804660256684032,33.55179999999291,effect_25-30
5278,1163,STR,CP,24,0.7153118461604168,33.55179999999291,effect_25-30
5279,1164,Somatosensory,SSp-ul6a,6,0.1788279615401042,33.55179999999291,effect_25-30
5280,1166,Somatosensory,SSp-ul5,8,0.23843728205347225,33.55179999999291,effect_25-30
5281,1171,STR,CP,3,0.0894139807700521,33.55179999999291,effect_25-30
5282,1172,STR,CP,0,0.0,33.55179999999291,effect_25-30
5283,1177,STR,CP,6,0.1788279615401042,33.55179999999291,effect_25-30
5284,1179,STR,CP,2,0.059609320513368064,33.55179999999291,effect_25-30
5285,1180,Other,ccb,126,3.755387192342188,33.55179999999291,effect_25-30
5286,1181,Other,scwm,0,0.0,33.55179999999291,effect_25-30
5287,1182,Somatosensory,SSp-ul6a,4,0.11921864102673613,33.55179999999291,effect_25-30
5288,1183,Somatosensory,SSp-ul6a,10,0.29804660256684035,33.55179999999291,effect_25-30
5289,1184,Somatosensory,SSp-ul5,110,3.2785126282352435,33.55179999999291,effect_25-30
5290,1186,Somatosensory,SSp-ll5,36,1.0729677692406252,33.55179999999291,effect_25-30
5291,1187,Somatosensory,SSp-ll5,0,0.0,33.55179999999291,effect_25-30
5292,1188,Somatosensory,SSp-ll5,2,0.059609320513368064,33.55179999999291,effect_25-30
5293,1189,Somatosensory,SSp-ll4,21,0.6258978653903647,33.55179999999291,effect_25-30
5294,1191,STR,CP,1,0.029804660256684032,33.55179999999291,effect_25-30
5295,1192,STR,CP,0,0.0,33.55179999999291,effect_25-30
5296,1196,STR,CP,0,0.0,33.55179999999291,effect_25-30
5297,1197,STR,CP,1,0.029804660256684032,33.55179999999291,effect_25-30
5298,1199,Somatosensory,SSp-ul6a,1,0.029804660256684032,33.55179999999291,effect_25-30
5299,1201,STR,CP,0,0.0,33.55179999999291,effect_25-30
5300,1202,Somatosensory,SSp-ll4,0,0.0,33.55179999999291,effect_25-30
5301,1203,STR,CP,0,0.0,33.55179999999291,effect_25-30
5302,1204,STR,LSr,192,5.722494769283334,33.55179999999291,effect_25-30
5303,1208,STR,LSr,4,0.11921864102673613,33.55179999999291,effect_25-30
5304,1210,STR,LSr,6,0.1788279615401042,33.55179999999291,effect_25-30
5305,1211,STR,LSr,78,2.3247635000213545,33.55179999999291,effect_25-30
5306,1212,STR,LSr,35,1.0431631089839413,33.55179999999291,effect_25-30
5307,1214,STR,LSr,45,1.3412097115507815,33.55179999999291,effect_25-30
5308,1215,STR,LSr,587,17.49533557067353,33.55179999999291,effect_25-30
5309,1216,STR,LSr,833,24.8272819938178,33.55179999999291,effect_25-30
5310,1219,STR,LSr,932,27.777943359229518,33.55179999999291,effect_25-30
5311,1220,STR,LSr,15,0.4470699038502605,33.55179999999291,effect_25-30
5312,1221,STR,LSr,345,10.28260778855599,33.55179999999291,effect_25-30
5313,1222,STR,LSr,401,11.951668762930298,33.55179999999291,effect_25-30
5314,1223,STR,LSr,330,9.835537884705731,33.55179999999291,effect_25-30
5315,1224,STR,LSr,294,8.762570115465106,33.55179999999291,effect_25-30
5316,1227,STR,LSr,224,6.676243897497224,33.55179999999291,effect_25-30
5317,1229,STR,LSr,5,0.14902330128342017,33.55179999999291,effect_25-30
5318,1231,STR,LSr,191,5.692690109026651,33.55179999999291,effect_25-30
5319,1234,STR,LSr,318,9.477881961625522,33.55179999999291,effect_25-30
5320,1235,STR,LSr,307,9.150030698801999,33.55179999999291,effect_25-30
5321,1238,STR,LSr,67,1.9969122371978303,33.55179999999291,effect_25-30
5322,1239,STR,LSr,130,3.8746058333689244,33.55179999999291,effect_25-30
5323,1241,STR,CP,808,24.082165487400697,33.55179999999291,effect_25-30
5324,1242,STR,CP,729,21.72759732712266,33.55179999999291,effect_25-30
5325,1244,Other,fa,22,0.6557025256470488,33.55179999999291,effect_25-30
5326,1249,Other,fa,656,19.551857128384725,33.55179999999291,effect_25-30
5327,1251,Other,fa,249,7.421360403914324,33.55179999999291,effect_25-30
5328,1252,Other,fa,103,3.0698800064384555,33.55179999999291,effect_25-30
5329,1254,Other,fa,322,9.597100602652258,33.55179999999291,effect_25-30
5330,1255,Other,fa,2,0.059609320513368064,33.55179999999291,effect_25-30
5331,1257,Other,fa,23,0.6855071859037327,33.55179999999291,effect_25-30
5332,1258,Other,fa,308,9.179835359058682,33.55179999999291,effect_25-30
5333,1260,Other,fa,94,2.801638064128299,33.55179999999291,effect_25-30
5334,1261,Other,fa,244,7.272337102630904,33.55179999999291,effect_25-30
5335,1263,Other,fa,337,10.04417050650252,33.55179999999291,effect_25-30
5336,1264,Other,fa,478,14.246627602694968,33.55179999999291,effect_25-30
5337,1266,Other,fa,378,11.266161577026564,33.55179999999291,effect_25-30
5338,1268,Other,fa,1,0.029804660256684032,33.55179999999291,effect_25-30
5339,1269,Other,fa,31,0.9239444679572051,33.55179999999291,effect_25-30
5340,1270,Other,fa,6,0.1788279615401042,33.55179999999291,effect_25-30
5341,1275,Other,fa,15,0.4470699038502605,33.55179999999291,effect_25-30
5342,1276,Other,fa,2,0.059609320513368064,33.55179999999291,effect_25-30
5343,1280,Other,fa,0,0.0,33.55179999999291,effect_25-30
5344,1281,Other,fa,8,0.23843728205347225,33.55179999999291,effect_25-30
5345,1282,Other,fa,294,8.762570115465106,33.55179999999291,effect_25-30
5346,1284,Other,fa,98,2.9208567051550354,33.55179999999291,effect_25-30
5347,1286,Other,fa,0,0.0,33.55179999999291,effect_25-30
5348,1287,Other,fa,172,5.126401564149654,33.55179999999291,effect_25-30
5349,1291,Other,fa,217,6.467611275700436,33.55179999999291,effect_25-30
5350,1292,Other,fa,361,10.759482352662936,33.55179999999291,effect_25-30
5351,1293,Other,fa,6,0.1788279615401042,33.55179999999291,effect_25-30
5352,1294,Other,fa,204,6.080150692363543,33.55179999999291,effect_25-30
5353,1295,Other,fa,166,4.947573602609549,33.55179999999291,effect_25-30
5354,1296,Other,fa,56,1.669060974374306,33.55179999999291,effect_25-30
5355,1297,Other,fa,87,2.5930054423315108,33.55179999999291,effect_25-30
5356,1300,Other,fa,201,5.990736711593491,33.55179999999291,effect_25-30
5357,1301,Other,fa,3,0.0894139807700521,33.55179999999291,effect_25-30
5358,1306,Other,fa,254,7.570383705197744,33.55179999999291,effect_25-30
5359,1309,Other,fa,169,5.036987583379601,33.55179999999291,effect_25-30
5360,1310,Other,fa,0,0.0,33.55179999999291,effect_25-30
5361,1312,Other,cing,260,7.749211666737849,33.55179999999291,effect_25-30
5362,1313,Other,cing,98,2.9208567051550354,33.55179999999291,effect_25-30
5363,1315,Motor,MOs6b,66,1.9671075769411461,33.55179999999291,effect_25-30
5364,1316,Motor,MOs6a,140,4.172652435935765,33.55179999999291,effect_25-30
5365,1317,Motor,MOs6a,68,2.026716897454514,33.55179999999291,effect_25-30
5366,1318,Motor,MOs6a,242,7.212727782117536,33.55179999999291,effect_25-30
5367,1321,Motor,MOs6a,419,12.48815264755061,33.55179999999291,effect_25-30
5368,1326,Motor,MOs6a,73,2.1757401987379343,33.55179999999291,effect_25-30
5369,1329,Motor,MOs6a,48,1.4306236923208335,33.55179999999291,effect_25-30
5370,1333,Motor,MOs6a,110,3.2785126282352435,33.55179999999291,effect_25-30
5371,1334,Motor,MOs6a,132,3.9342151538822923,33.55179999999291,effect_25-30
5372,1336,Motor,MOs6a,39,1.1623817500106772,33.55179999999291,effect_25-30
5373,1339,Motor,MOs6a,110,3.2785126282352435,33.55179999999291,effect_25-30
5374,1340,Motor,MOs6a,31,0.9239444679572051,33.55179999999291,effect_25-30
5375,1341,Motor,MOs6a,132,3.9342151538822923,33.55179999999291,effect_25-30
5376,1342,Motor,MOs6a,414,12.339129346267189,33.55179999999291,effect_25-30
5377,1346,Motor,MOs5,3,0.0894139807700521,33.55179999999291,effect_25-30
5378,1352,Motor,MOs5,7,0.20863262179678824,33.55179999999291,effect_25-30
5379,1355,Motor,MOs5,2,0.059609320513368064,33.55179999999291,effect_25-30
5380,1357,Motor,MOs5,7,0.20863262179678824,33.55179999999291,effect_25-30
5381,1359,Motor,MOs5,9,0.2682419423101563,33.55179999999291,effect_25-30
5382,1361,Motor,MOs5,24,0.7153118461604168,33.55179999999291,effect_25-30
5383,1364,Motor,MOs5,107,3.1890986474651917,33.55179999999291,effect_25-30
5384,1366,STR,LSr,59,1.758474955144358,33.55179999999291,effect_25-30
5385,1367,STR,LSr,58,1.728670294887674,33.55179999999291,effect_25-30
5386,1368,STR,LSr,97,2.8910520448983514,33.55179999999291,effect_25-30
5387,1370,STR,LSr,22,0.6557025256470488,33.55179999999291,effect_25-30
5388,1372,STR,LSr,90,2.682419423101563,33.55179999999291,effect_25-30
5389,1373,STR,LSr,234,6.974290500064064,33.55179999999291,effect_25-30
5390,1375,STR,LSr,148,4.4110897179892365,33.55179999999291,effect_25-30
5391,1376,STR,LSr,21,0.6258978653903647,33.55179999999291,effect_25-30
5392,1377,Other,fa,1,0.029804660256684032,33.55179999999291,effect_25-30
5393,1378,Other,fa,1,0.029804660256684032,33.55179999999291,effect_25-30
5394,1379,Other,fa,102,3.0400753461817716,33.55179999999291,effect_25-30
5395,1380,Other,fa,98,2.9208567051550354,33.55179999999291,effect_25-30
5396,1381,Other,fa,0,0.0,33.55179999999291,effect_25-30
5397,1383,Other,fa,2,0.059609320513368064,33.55179999999291,effect_25-30
5398,1386,Other,fa,2,0.059609320513368064,33.55179999999291,effect_25-30
5399,1387,Other,fa,70,2.0863262179678825,33.55179999999291,effect_25-30
5400,1388,Other,fa,3,0.0894139807700521,33.55179999999291,effect_25-30
5401,1390,Other,fa,91,2.712224083358247,33.55179999999291,effect_25-30
5402,1394,Motor,MOs6b,17,0.5066792243636286,33.55179999999291,effect_25-30
5403,1395,Motor,MOs6a,51,1.5200376730908858,33.55179999999291,effect_25-30
5404,1396,Motor,MOs6a,2,0.059609320513368064,33.55179999999291,effect_25-30
5405,1400,Motor,MOs6a,51,1.5200376730908858,33.55179999999291,effect_25-30
5406,1407,STR,LSr,9,0.2682419423101563,33.55179999999291,effect_25-30
5407,1409,STR,LSr,13,0.38746058333689243,33.55179999999291,effect_25-30
5408,1410,Other,fa,3,0.0894139807700521,33.55179999999291,effect_25-30
5409,1412,Other,fa,0,0.0,33.55179999999291,effect_25-30
5410,1414,Other,fa,1,0.029804660256684032,33.55179999999291,effect_25-30
5411,1415,Other,fa,16,0.4768745641069445,33.55179999999291,effect_25-30
5412,1416,Other,fa,322,9.597100602652258,33.55179999999291,effect_25-30
5413,1417,Other,fa,11,0.3278512628235244,33.55179999999291,effect_25-30
5414,1418,Other,fa,91,2.712224083358247,33.55179999999291,effect_25-30
5415,1424,Other,fa,7,0.20863262179678824,33.55179999999291,effect_25-30
5416,0,Thalamus,VPM,1538,27.23197749484754,56.47771999998895,effect_30-35
5417,2,Thalamus,VPM,0,0.0,56.47771999998895,effect_30-35
5418,3,Thalamus,VPM,356,6.3033706034887675,56.47771999998895,effect_30-35
5419,8,Thalamus,VPM,55,0.973835346044613,56.47771999998895,effect_30-35
5420,9,Thalamus,VPM,557,9.862296140851809,56.47771999998895,effect_30-35
5421,13,Thalamus,VPM,499,8.835342503204762,56.47771999998895,effect_30-35
5422,14,Thalamus,VPM,255,4.515054786206842,56.47771999998895,effect_30-35
5423,20,Thalamus,VPM,141,2.4965597053143718,56.47771999998895,effect_30-35
5424,25,Thalamus,VPM,37,0.6551255964300124,56.47771999998895,effect_30-35
5425,40,Thalamus,VPM,519,9.189464447220985,56.47771999998895,effect_30-35
5426,51,Thalamus,VPM,503,8.906166892008006,56.47771999998895,effect_30-35
5427,54,Thalamus,VPM,220,3.895341384178452,56.47771999998895,effect_30-35
5428,59,Thalamus,VPM,121,2.1424377612981487,56.47771999998895,effect_30-35
5429,62,Thalamus,VPM,291,5.1524742854360435,56.47771999998895,effect_30-35
5430,63,Thalamus,VPM,118,2.0893194696957154,56.47771999998895,effect_30-35
5431,66,Thalamus,VPM,72,1.2748389984584025,56.47771999998895,effect_30-35
5432,67,Thalamus,VPM,452,8.003155934766639,56.47771999998895,effect_30-35
5433,68,Thalamus,VPM,14,0.24788536081135604,56.47771999998895,effect_30-35
5434,70,Thalamus,VPM,113,2.0007889836916597,56.47771999998895,effect_30-35
5435,73,Thalamus,VPM,400,7.0824388803244585,56.47771999998895,effect_30-35
5436,76,Thalamus,VPM,218,3.85992918977683,56.47771999998895,effect_30-35
5437,77,Thalamus,VPM,574,10.163299793265598,56.47771999998895,effect_30-35
5438,80,Thalamus,PO,0,0.0,56.47771999998895,effect_30-35
5439,86,Thalamus,PO,198,3.505807245760607,56.47771999998895,effect_30-35
5440,87,Thalamus,PO,69,1.221720706855969,56.47771999998895,effect_30-35
5441,88,Thalamus,PO,18,0.31870974961460063,56.47771999998895,effect_30-35
5442,89,Thalamus,PO,0,0.0,56.47771999998895,effect_30-35
5443,90,Thalamus,PO,118,2.0893194696957154,56.47771999998895,effect_30-35
5444,91,Thalamus,PO,150,2.6559145801216717,56.47771999998895,effect_30-35
5445,93,Thalamus,PO,248,4.391112105801164,56.47771999998895,effect_30-35
5446,95,Thalamus,PO,180,3.187097496146006,56.47771999998895,effect_30-35
5447,98,Thalamus,PO,750,13.27957290060836,56.47771999998895,effect_30-35
5448,99,Thalamus,PO,0,0.0,56.47771999998895,effect_30-35
5449,100,Thalamus,PO,107,1.8945524004867926,56.47771999998895,effect_30-35
5450,103,Thalamus,PO,398,7.047026685922836,56.47771999998895,effect_30-35
5451,104,Thalamus,PO,498,8.81763640600395,56.47771999998895,effect_30-35
5452,106,Thalamus,PO,545,9.649822974442074,56.47771999998895,effect_30-35
5453,108,Thalamus,PO,339,6.002366951074978,56.47771999998895,effect_30-35
5454,109,Thalamus,PO,371,6.568962061500935,56.47771999998895,effect_30-35
5455,111,Thalamus,PO,60,1.0623658320486689,56.47771999998895,effect_30-35
5456,112,Thalamus,PO,73,1.2925450956592137,56.47771999998895,effect_30-35
5457,113,Thalamus,PO,188,3.3287462737524955,56.47771999998895,effect_30-35
5458,114,Thalamus,PO,223,3.9484596757808856,56.47771999998895,effect_30-35
5459,115,Thalamus,PO,582,10.304948570872087,56.47771999998895,effect_30-35
5460,117,Thalamus,PO,4,0.07082438880324458,56.47771999998895,effect_30-35
5461,118,Thalamus,PO,419,7.41885472713987,56.47771999998895,effect_30-35
5462,119,Thalamus,PO,944,16.714555757565723,56.47771999998895,effect_30-35
5463,122,Thalamus,PO,222,3.9307535785800742,56.47771999998895,effect_30-35
5464,123,Thalamus,PO,278,4.922295021825499,56.47771999998895,effect_30-35
5465,124,Thalamus,PO,271,4.798352341419821,56.47771999998895,effect_30-35
5466,126,Thalamus,PO,190,3.364158468154118,56.47771999998895,effect_30-35
5467,128,Thalamus,PO,650,11.508963180527244,56.47771999998895,effect_30-35
5468,130,Thalamus,PO,751,13.29727899780917,56.47771999998895,effect_30-35
5469,131,Thalamus,PO,34,0.6020073048275789,56.47771999998895,effect_30-35
5470,132,Thalamus,PO,263,4.656703563813331,56.47771999998895,effect_30-35
5471,133,Thalamus,PO,488,8.640575433995838,56.47771999998895,effect_30-35
5472,134,Thalamus,PO,1100,19.476706920892262,56.47771999998895,effect_30-35
5473,135,Thalamus,PO,1577,27.92251528567918,56.47771999998895,effect_30-35
5474,138,Thalamus,PO,177,3.133979204543573,56.47771999998895,effect_30-35
5475,139,Thalamus,PO,372,6.586668158701746,56.47771999998895,effect_30-35
5476,140,Thalamus,PO,523,9.260288836024229,56.47771999998895,effect_30-35
5477,141,Thalamus,PO,290,5.134768188235232,56.47771999998895,effect_30-35
5478,142,Thalamus,PO,1445,25.585310455172106,56.47771999998895,effect_30-35
5479,144,Thalamus,PO,2262,40.05119186823481,56.47771999998895,effect_30-35
5480,145,Thalamus,PO,918,16.254197230344634,56.47771999998895,effect_30-35
5481,146,Thalamus,PO,1170,20.716133724949042,56.47771999998895,effect_30-35
5482,147,Thalamus,LD,906,16.041724063934897,56.47771999998895,effect_30-35
5483,148,Thalamus,LD,1433,25.372837288762373,56.47771999998895,effect_30-35
5484,151,Thalamus,LD,661,11.703730249736168,56.47771999998895,effect_30-35
5485,153,Thalamus,LD,322,5.701363298661189,56.47771999998895,effect_30-35
5486,155,Thalamus,LD,442,7.826094962758527,56.47771999998895,effect_30-35
5487,156,Thalamus,LD,964,17.068677701581944,56.47771999998895,effect_30-35
5488,157,Thalamus,LD,631,11.172547333711833,56.47771999998895,effect_30-35
5489,160,Thalamus,LD,82,1.4518999704665139,56.47771999998895,effect_30-35
5490,161,Thalamus,LD,299,5.294123063042533,56.47771999998895,effect_30-35
5491,162,Thalamus,LD,1040,18.414341088843592,56.47771999998895,effect_30-35
5492,163,Thalamus,LD,637,11.2787839169167,56.47771999998895,effect_30-35
5493,164,Thalamus,LD,896,15.864663091926786,56.47771999998895,effect_30-35
5494,165,Thalamus,LD,1388,24.57606291472587,56.47771999998895,effect_30-35
5495,166,Thalamus,LD,40,0.7082438880324459,56.47771999998895,effect_30-35
5496,172,Thalamus,LD,1282,22.69921661143989,56.47771999998895,effect_30-35
5497,173,Thalamus,LD,1137,20.131832517322273,56.47771999998895,effect_30-35
5498,174,Thalamus,LD,1083,19.175703268478472,56.47771999998895,effect_30-35
5499,175,Thalamus,LD,745,13.191042414604304,56.47771999998895,effect_30-35
5500,176,Thalamus,LD,691,12.234913165760501,56.47771999998895,effect_30-35
5501,177,Thalamus,LD,1685,29.83477378336678,56.47771999998895,effect_30-35
5502,184,Thalamus,LD,1449,25.65613484397535,56.47771999998895,effect_30-35
5503,188,Thalamus,LD,1488,26.346672634806986,56.47771999998895,effect_30-35
5504,189,Thalamus,LD,943,16.69684966036491,56.47771999998895,effect_30-35
5505,192,Thalamus,LD,1136,20.114126420121462,56.47771999998895,effect_30-35
5506,194,Thalamus,LD,893,15.811544800324354,56.47771999998895,effect_30-35
5507,198,Thalamus,LD,1436,25.425955580364807,56.47771999998895,effect_30-35
5508,204,Thalamus,LD,1233,21.831617848600143,56.47771999998895,effect_30-35
5509,206,Thalamus,LD,1310,23.194987333062603,56.47771999998895,effect_30-35
5510,207,Thalamus,LD,990,17.529036228803033,56.47771999998895,effect_30-35
5511,209,Thalamus,LD,696,12.323443651764558,56.47771999998895,effect_30-35
5512,210,Thalamus,LD,727,12.872332664989703,56.47771999998895,effect_30-35
5513,212,Thalamus,LD,597,10.570540028884254,56.47771999998895,effect_30-35
5514,214,Thalamus,LD,1059,18.750756935659002,56.47771999998895,effect_30-35
5515,221,Thalamus,LD,680,12.04014609655158,56.47771999998895,effect_30-35
5516,222,Thalamus,LD,1130,20.007889836916593,56.47771999998895,effect_30-35
5517,223,Thalamus,LD,21,0.37182804121703406,56.47771999998895,effect_30-35
5518,225,Thalamus,LD,666,11.792260735740223,56.47771999998895,effect_30-35
5519,227,Thalamus,LD,180,3.187097496146006,56.47771999998895,effect_30-35
5520,233,Other,CA3,1443,25.549898260770483,56.47771999998895,effect_30-35
5521,240,Other,CA3,789,13.970110691439993,56.47771999998895,effect_30-35
5522,243,Other,CA3,607,10.747601000892365,56.47771999998895,effect_30-35
5523,244,Other,CA3,798,14.129465566247294,56.47771999998895,effect_30-35
5524,245,Other,CA3,2,0.03541219440162229,56.47771999998895,effect_30-35
5525,247,Other,CA3,4,0.07082438880324458,56.47771999998895,effect_30-35
5526,249,Other,CA3,1,0.017706097200811146,56.47771999998895,effect_30-35
5527,250,Other,CA3,99,1.7529036228803034,56.47771999998895,effect_30-35
5528,255,Other,CA3,8,0.14164877760648917,56.47771999998895,effect_30-35
5529,257,Other,CA3,27,0.47806462442190095,56.47771999998895,effect_30-35
5530,258,Other,CA3,2,0.03541219440162229,56.47771999998895,effect_30-35
5531,259,Other,CA3,1431,25.33742509436075,56.47771999998895,effect_30-35
5532,261,Other,CA3,436,7.71985837955366,56.47771999998895,effect_30-35
5533,262,Other,CA3,178,3.1516853017443838,56.47771999998895,effect_30-35
5534,266,Other,CA3,1,0.017706097200811146,56.47771999998895,effect_30-35
5535,267,Other,CA3,1244,22.026384917809064,56.47771999998895,effect_30-35
5536,272,Other,CA3,18,0.31870974961460063,56.47771999998895,effect_30-35
5537,283,Other,CA3,14,0.24788536081135604,56.47771999998895,effect_30-35
5538,285,Other,CA3,388,6.869965713914724,56.47771999998895,effect_30-35
5539,287,Other,CA3,242,4.284875522596297,56.47771999998895,effect_30-35
5540,288,Other,CA3,132,2.3372048305070714,56.47771999998895,effect_30-35
5541,293,Other,CA2,401,7.10014497752527,56.47771999998895,effect_30-35
5542,297,Other,CA2,463,8.19792300397556,56.47771999998895,effect_30-35
5543,298,Other,CA2,19,0.33641584681541176,56.47771999998895,effect_30-35
5544,305,Other,CA1,334,5.913836465070923,56.47771999998895,effect_30-35
5545,307,Other,CA1,630,11.154841236511022,56.47771999998895,effect_30-35
5546,310,Other,CA1,16,0.28329755521297834,56.47771999998895,effect_30-35
5547,312,Other,CA1,379,6.710610839107424,56.47771999998895,effect_30-35
5548,314,Other,CA1,87,1.5404304564705698,56.47771999998895,effect_30-35
5549,322,Other,alv,164,2.9037999409330277,56.47771999998895,effect_30-35
5550,327,Somatosensory,SSp-ll6b,312,5.5243023266530775,56.47771999998895,effect_30-35
5551,328,Somatosensory,SSp-ll6a,721,12.766096081784836,56.47771999998895,effect_30-35
5552,329,Somatosensory,SSp-ll6a,641,11.349608305719945,56.47771999998895,effect_30-35
5553,330,Somatosensory,SSp-ll6a,210,3.7182804121703406,56.47771999998895,effect_30-35
5554,331,Somatosensory,SSp-ll6a,633,11.207959528113456,56.47771999998895,effect_30-35
5555,332,Somatosensory,SSp-ll6a,333,5.896130367870112,56.47771999998895,effect_30-35
5556,333,Somatosensory,SSp-ll6a,54,0.9561292488438019,56.47771999998895,effect_30-35
5557,334,Somatosensory,SSp-ll6a,133,2.3549109277078824,56.47771999998895,effect_30-35
5558,338,Somatosensory,SSp-ll6a,95,1.682079234077059,56.47771999998895,effect_30-35
5559,341,Somatosensory,SSp-ll6a,91,1.6112548452738142,56.47771999998895,effect_30-35
5560,342,Somatosensory,SSp-ll6a,4,0.07082438880324458,56.47771999998895,effect_30-35
5561,343,Somatosensory,SSp-ll6a,0,0.0,56.47771999998895,effect_30-35
5562,344,Somatosensory,SSp-ll6a,762,13.492046067018093,56.47771999998895,effect_30-35
5563,345,Somatosensory,SSp-ll6a,81,1.434193873265703,56.47771999998895,effect_30-35
5564,346,Somatosensory,SSp-ll6a,91,1.6112548452738142,56.47771999998895,effect_30-35
5565,347,Somatosensory,SSp-ll6a,233,4.125520647788997,56.47771999998895,effect_30-35
5566,348,Somatosensory,SSp-ll6a,111,1.9653767892900371,56.47771999998895,effect_30-35
5567,349,Somatosensory,SSp-ll6a,74,1.310251192860025,56.47771999998895,effect_30-35
5568,350,Somatosensory,SSp-ll6a,484,8.569751045192595,56.47771999998895,effect_30-35
5569,353,Somatosensory,SSp-ll6a,172,3.045448718539517,56.47771999998895,effect_30-35
5570,356,Somatosensory,SSp-ll6a,152,2.691326774523294,56.47771999998895,effect_30-35
5571,357,Somatosensory,SSp-ll6a,167,2.9569182325354615,56.47771999998895,effect_30-35
5572,358,Somatosensory,SSp-ll6a,23,0.40724023561865635,56.47771999998895,effect_30-35
5573,359,Somatosensory,SSp-ll6a,73,1.2925450956592137,56.47771999998895,effect_30-35
5574,365,Somatosensory,SSp-ll5,18,0.31870974961460063,56.47771999998895,effect_30-35
5575,370,Somatosensory,SSp-ll5,203,3.5943377317646625,56.47771999998895,effect_30-35
5576,371,Somatosensory,SSp-ll5,163,2.886093843732217,56.47771999998895,effect_30-35
5577,372,Somatosensory,SSp-ll5,25,0.44265243002027865,56.47771999998895,effect_30-35
5578,375,Somatosensory,SSp-ll5,102,1.806021914482737,56.47771999998895,effect_30-35
5579,376,Somatosensory,SSp-ll5,226,4.001577967383319,56.47771999998895,effect_30-35
5580,377,Somatosensory,SSp-ll5,63,1.1154841236511022,56.47771999998895,effect_30-35
5581,378,Somatosensory,SSp-tr5,246,4.355699911399542,56.47771999998895,effect_30-35
5582,380,Somatosensory,SSp-tr5,358,6.33878279789039,56.47771999998895,effect_30-35
5583,381,Somatosensory,SSp-tr5,485,8.587457142393406,56.47771999998895,effect_30-35
5584,382,Somatosensory,SSp-tr5,445,7.87921325436096,56.47771999998895,effect_30-35
5585,386,Somatosensory,SSp-tr5,930,16.466670396754367,56.47771999998895,effect_30-35
5586,388,Somatosensory,SSp-tr5,443,7.843801059959338,56.47771999998895,effect_30-35
5587,389,Somatosensory,SSp-tr5,636,11.261077819715888,56.47771999998895,effect_30-35
5588,392,Somatosensory,SSp-tr5,1,0.017706097200811146,56.47771999998895,effect_30-35
5589,394,Somatosensory,SSp-tr5,76,1.345663387261647,56.47771999998895,effect_30-35
5590,395,Somatosensory,SSp-tr5,540,9.561292488438019,56.47771999998895,effect_30-35
5591,396,Somatosensory,SSp-tr5,641,11.349608305719945,56.47771999998895,effect_30-35
5592,397,Somatosensory,SSp-tr5,70,1.2394268040567802,56.47771999998895,effect_30-35
5593,398,Somatosensory,SSp-tr5,1,0.017706097200811146,56.47771999998895,effect_30-35
5594,400,Somatosensory,SSp-tr5,8,0.14164877760648917,56.47771999998895,effect_30-35
5595,401,Somatosensory,SSp-tr5,167,2.9569182325354615,56.47771999998895,effect_30-35
5596,402,Somatosensory,SSp-tr5,484,8.569751045192595,56.47771999998895,effect_30-35
5597,403,Somatosensory,SSp-tr5,540,9.561292488438019,56.47771999998895,effect_30-35
5598,404,Somatosensory,SSp-tr5,523,9.260288836024229,56.47771999998895,effect_30-35
5599,406,Somatosensory,SSp-tr5,0,0.0,56.47771999998895,effect_30-35
5600,407,Somatosensory,SSp-tr5,24,0.4249463328194675,56.47771999998895,effect_30-35
5601,408,Somatosensory,SSp-tr5,520,9.207170544421796,56.47771999998895,effect_30-35
5602,410,Somatosensory,SSp-tr5,195,3.4526889541581736,56.47771999998895,effect_30-35
5603,413,Somatosensory,SSp-tr5,7,0.12394268040567802,56.47771999998895,effect_30-35
5604,416,Somatosensory,SSp-tr5,53,0.9384231516429907,56.47771999998895,effect_30-35
5605,418,Somatosensory,SSp-tr5,201,3.55892553736304,56.47771999998895,effect_30-35
5606,425,Somatosensory,SSp-tr4,29,0.5134768188235233,56.47771999998895,effect_30-35
5607,430,Somatosensory,SSp-tr4,0,0.0,56.47771999998895,effect_30-35
5608,436,Somatosensory,SSp-tr4,163,2.886093843732217,56.47771999998895,effect_30-35
5609,438,Somatosensory,SSp-tr4,59,1.0446597348478577,56.47771999998895,effect_30-35
5610,439,Somatosensory,SSp-tr4,3,0.053118291602433435,56.47771999998895,effect_30-35
5611,445,Somatosensory,SSp-tr2/3,0,0.0,56.47771999998895,effect_30-35
5612,449,Somatosensory,SSp-tr2/3,4,0.07082438880324458,56.47771999998895,effect_30-35
5613,472,Thalamus,PO,257,4.550466980608465,56.47771999998895,effect_30-35
5614,473,Thalamus,PO,3,0.053118291602433435,56.47771999998895,effect_30-35
5615,475,Thalamus,PO,264,4.674409661014143,56.47771999998895,effect_30-35
5616,476,Thalamus,PO,2,0.03541219440162229,56.47771999998895,effect_30-35
5617,480,Thalamus,PO,66,1.1686024152535357,56.47771999998895,effect_30-35
5618,481,Thalamus,PO,2,0.03541219440162229,56.47771999998895,effect_30-35
5619,482,Thalamus,PO,110,1.947670692089226,56.47771999998895,effect_30-35
5620,483,Thalamus,PO,80,1.4164877760648917,56.47771999998895,effect_30-35
5621,485,Thalamus,LD,1536,27.19656530044592,56.47771999998895,effect_30-35
5622,486,Thalamus,LD,558,9.880002238052619,56.47771999998895,effect_30-35
5623,487,Thalamus,LD,551,9.75605955764694,56.47771999998895,effect_30-35
5624,488,Thalamus,LD,889,15.740720411521108,56.47771999998895,effect_30-35
5625,489,Thalamus,LD,865,15.315774078701642,56.47771999998895,effect_30-35
5626,490,Thalamus,LD,859,15.209537495496773,56.47771999998895,effect_30-35
5627,494,Thalamus,LD,1545,27.35592017525322,56.47771999998895,effect_30-35
5628,496,Thalamus,LD,679,12.022439999350768,56.47771999998895,effect_30-35
5629,497,Other,CA3,8,0.14164877760648917,56.47771999998895,effect_30-35
5630,501,Other,CA3,138,2.443441413711938,56.47771999998895,effect_30-35
5631,504,Other,CA3,3,0.053118291602433435,56.47771999998895,effect_30-35
5632,507,Other,CA3,28,0.4957707216227121,56.47771999998895,effect_30-35
5633,509,Other,CA2,6,0.10623658320486687,56.47771999998895,effect_30-35
5634,514,Other,CA1,4,0.07082438880324458,56.47771999998895,effect_30-35
5635,515,Other,CA1,408,7.224087657930948,56.47771999998895,effect_30-35
5636,516,Other,CA1,726,12.854626567788891,56.47771999998895,effect_30-35
5637,518,Somatosensory,SSp-ll6a,23,0.40724023561865635,56.47771999998895,effect_30-35
5638,519,Somatosensory,SSp-ll6a,19,0.33641584681541176,56.47771999998895,effect_30-35
5639,520,Somatosensory,SSp-ll6a,242,4.284875522596297,56.47771999998895,effect_30-35
5640,521,Somatosensory,SSp-ll5,1,0.017706097200811146,56.47771999998895,effect_30-35
5641,522,Somatosensory,SSp-ll5,11,0.19476706920892262,56.47771999998895,effect_30-35
5642,523,Somatosensory,SSp-tr5,175,3.0985670101419505,56.47771999998895,effect_30-35
5643,525,Somatosensory,SSp-tr5,27,0.47806462442190095,56.47771999998895,effect_30-35
5644,527,Somatosensory,SSp-tr5,6,0.10623658320486687,56.47771999998895,effect_30-35
5645,531,Somatosensory,SSp-tr5,13,0.2301792636105449,56.47771999998895,effect_30-35
5646,534,Somatosensory,SSp-tr2/3,4,0.07082438880324458,56.47771999998895,effect_30-35
5647,538,Somatosensory,SSp-tr2/3,78,1.3810755816632694,56.47771999998895,effect_30-35
5648,544,Somatosensory,SSp-tr5,39,0.6905377908316347,56.47771999998895,effect_30-35
5649,546,Somatosensory,SSp-tr2/3,1,0.017706097200811146,56.47771999998895,effect_30-35
5650,547,Somatosensory,SSp-tr4,3,0.053118291602433435,56.47771999998895,effect_30-35
5651,549,Thalamus,VPM,54,0.9561292488438019,56.47771999998895,effect_30-35
5652,551,Thalamus,PO,503,8.906166892008006,56.47771999998895,effect_30-35
5653,554,Other,CA3,32,0.5665951104259567,56.47771999998895,effect_30-35
5654,557,Somatosensory,SSp-ll6a,22,0.38953413841784523,56.47771999998895,effect_30-35
5655,558,Somatosensory,SSp-tr5,33,0.5843012076267678,56.47771999998895,effect_30-35
5656,560,Somatosensory,SSp-tr5,1,0.017706097200811146,56.47771999998895,effect_30-35
5657,561,Somatosensory,SSp-tr4,2,0.03541219440162229,56.47771999998895,effect_30-35
5658,563,Somatosensory,SSp-tr4,2,0.03541219440162229,56.47771999998895,effect_30-35
5659,565,Somatosensory,SSp-tr4,6,0.10623658320486687,56.47771999998895,effect_30-35
5660,567,STR,CP,72,1.2748389984584025,56.47771999998895,effect_30-35
5661,571,STR,CP,316,5.595126715456322,56.47771999998895,effect_30-35
5662,572,STR,CP,167,2.9569182325354615,56.47771999998895,effect_30-35
5663,573,STR,CP,3,0.053118291602433435,56.47771999998895,effect_30-35
5664,575,STR,CP,4,0.07082438880324458,56.47771999998895,effect_30-35
5665,576,STR,CP,147,2.6027962885192384,56.47771999998895,effect_30-35
5666,577,STR,CP,29,0.5134768188235233,56.47771999998895,effect_30-35
5667,578,STR,CP,0,0.0,56.47771999998895,effect_30-35
5668,579,STR,CP,4,0.07082438880324458,56.47771999998895,effect_30-35
5669,580,STR,CP,0,0.0,56.47771999998895,effect_30-35
5670,581,STR,CP,39,0.6905377908316347,56.47771999998895,effect_30-35
5671,582,STR,CP,0,0.0,56.47771999998895,effect_30-35
5672,584,STR,CP,97,1.717491428478681,56.47771999998895,effect_30-35
5673,585,STR,CP,64,1.1331902208519133,56.47771999998895,effect_30-35
5674,589,STR,CP,23,0.40724023561865635,56.47771999998895,effect_30-35
5675,592,STR,CP,3,0.053118291602433435,56.47771999998895,effect_30-35
5676,593,STR,CP,0,0.0,56.47771999998895,effect_30-35
5677,596,STR,CP,22,0.38953413841784523,56.47771999998895,effect_30-35
5678,599,STR,CP,574,10.163299793265598,56.47771999998895,effect_30-35
5679,600,STR,CP,8,0.14164877760648917,56.47771999998895,effect_30-35
5680,603,STR,CP,4,0.07082438880324458,56.47771999998895,effect_30-35
5681,605,STR,CP,118,2.0893194696957154,56.47771999998895,effect_30-35
5682,606,STR,CP,0,0.0,56.47771999998895,effect_30-35
5683,608,STR,CP,124,2.195556052900582,56.47771999998895,effect_30-35
5684,615,STR,CP,291,5.1524742854360435,56.47771999998895,effect_30-35
5685,619,STR,CP,0,0.0,56.47771999998895,effect_30-35
5686,626,STR,CP,1,0.017706097200811146,56.47771999998895,effect_30-35
5687,629,STR,CP,41,0.7259499852332569,56.47771999998895,effect_30-35
5688,630,STR,CP,11,0.19476706920892262,56.47771999998895,effect_30-35
5689,631,STR,CP,344,6.090897437079034,56.47771999998895,effect_30-35
5690,634,STR,CP,109,1.929964594888415,56.47771999998895,effect_30-35
5691,635,STR,CP,84,1.4873121648681362,56.47771999998895,effect_30-35
5692,636,STR,CP,62,1.097778026450291,56.47771999998895,effect_30-35
5693,638,STR,CP,572,10.127887598863975,56.47771999998895,effect_30-35
5694,639,STR,CP,48,0.849892665638935,56.47771999998895,effect_30-35
5695,641,STR,CP,21,0.37182804121703406,56.47771999998895,effect_30-35
5696,642,STR,CP,54,0.9561292488438019,56.47771999998895,effect_30-35
5697,643,STR,CP,202,3.5766316345638516,56.47771999998895,effect_30-35
5698,644,STR,CP,227,4.01928406458413,56.47771999998895,effect_30-35
5699,645,STR,CP,0,0.0,56.47771999998895,effect_30-35
5700,647,STR,CP,472,8.357277878782861,56.47771999998895,effect_30-35
5701,649,STR,CP,0,0.0,56.47771999998895,effect_30-35
5702,652,STR,CP,0,0.0,56.47771999998895,effect_30-35
5703,657,STR,CP,0,0.0,56.47771999998895,effect_30-35
5704,659,STR,CP,421,7.4542669215414925,56.47771999998895,effect_30-35
5705,660,STR,CP,3,0.053118291602433435,56.47771999998895,effect_30-35
5706,661,STR,CP,9,0.15935487480730032,56.47771999998895,effect_30-35
5707,662,STR,CP,1,0.017706097200811146,56.47771999998895,effect_30-35
5708,665,STR,CP,0,0.0,56.47771999998895,effect_30-35
5709,671,STR,CP,145,2.567384094117616,56.47771999998895,effect_30-35
5710,674,STR,CP,1,0.017706097200811146,56.47771999998895,effect_30-35
5711,683,STR,CP,320,5.665951104259567,56.47771999998895,effect_30-35
5712,686,STR,CP,0,0.0,56.47771999998895,effect_30-35
5713,687,STR,CP,499,8.835342503204762,56.47771999998895,effect_30-35
5714,688,STR,CP,46,0.8144804712373127,56.47771999998895,effect_30-35
5715,689,STR,CP,435,7.7021522823528485,56.47771999998895,effect_30-35
5716,690,STR,CP,236,4.178638939391431,56.47771999998895,effect_30-35
5717,691,STR,CP,649,11.491257083326433,56.47771999998895,effect_30-35
5718,693,STR,CP,568,10.057063210060731,56.47771999998895,effect_30-35
5719,696,STR,CP,105,1.8591402060851703,56.47771999998895,effect_30-35
5720,699,STR,CP,433,7.666740087951226,56.47771999998895,effect_30-35
5721,701,STR,CP,58,1.0269536376470465,56.47771999998895,effect_30-35
5722,702,STR,CP,201,3.55892553736304,56.47771999998895,effect_30-35
5723,705,STR,CP,81,1.434193873265703,56.47771999998895,effect_30-35
5724,706,STR,CP,408,7.224087657930948,56.47771999998895,effect_30-35
5725,709,STR,CP,122,2.1601438584989596,56.47771999998895,effect_30-35
5726,710,STR,CP,34,0.6020073048275789,56.47771999998895,effect_30-35
5727,714,STR,CP,28,0.4957707216227121,56.47771999998895,effect_30-35
5728,716,STR,CP,241,4.267169425395486,56.47771999998895,effect_30-35
5729,719,STR,CP,99,1.7529036228803034,56.47771999998895,effect_30-35
5730,722,STR,CP,224,3.9661657729816966,56.47771999998895,effect_30-35
5731,724,STR,CP,161,2.8506816493305944,56.47771999998895,effect_30-35
5732,725,STR,CP,9,0.15935487480730032,56.47771999998895,effect_30-35
5733,726,STR,CP,39,0.6905377908316347,56.47771999998895,effect_30-35
5734,727,STR,CP,882,15.61677773111543,56.47771999998895,effect_30-35
5735,728,STR,CP,249,4.408818203001975,56.47771999998895,effect_30-35
5736,729,STR,CP,41,0.7259499852332569,56.47771999998895,effect_30-35
5737,730,STR,CP,9,0.15935487480730032,56.47771999998895,effect_30-35
5738,733,STR,CP,11,0.19476706920892262,56.47771999998895,effect_30-35
5739,736,STR,CP,390,6.905377908316347,56.47771999998895,effect_30-35
5740,737,STR,CP,3,0.053118291602433435,56.47771999998895,effect_30-35
5741,739,STR,CP,2,0.03541219440162229,56.47771999998895,effect_30-35
5742,742,STR,CP,17,0.30100365241378946,56.47771999998895,effect_30-35
5743,743,STR,CP,1239,21.93785443180501,56.47771999998895,effect_30-35
5744,744,STR,CP,306,5.418065743448211,56.47771999998895,effect_30-35
5745,746,STR,CP,71,1.2571329012575914,56.47771999998895,effect_30-35
5746,747,STR,CP,9,0.15935487480730032,56.47771999998895,effect_30-35
5747,748,STR,CP,180,3.187097496146006,56.47771999998895,effect_30-35
5748,749,STR,CP,241,4.267169425395486,56.47771999998895,effect_30-35
5749,750,STR,CP,92,1.6289609424746254,56.47771999998895,effect_30-35
5750,751,STR,CP,556,9.844590043650998,56.47771999998895,effect_30-35
5751,753,STR,CP,217,3.8422230925760186,56.47771999998895,effect_30-35
5752,754,STR,CP,245,4.337993814198731,56.47771999998895,effect_30-35
5753,755,STR,CP,1197,21.194198349370943,56.47771999998895,effect_30-35
5754,757,Other,ccb,18,0.31870974961460063,56.47771999998895,effect_30-35
5755,759,Other,ccb,19,0.33641584681541176,56.47771999998895,effect_30-35
5756,760,Other,ccb,16,0.28329755521297834,56.47771999998895,effect_30-35
5757,763,Other,ccb,1163,20.592191044543362,56.47771999998895,effect_30-35
5758,766,Other,ccb,14,0.24788536081135604,56.47771999998895,effect_30-35
5759,767,Other,ccb,0,0.0,56.47771999998895,effect_30-35
5760,768,Other,ccb,118,2.0893194696957154,56.47771999998895,effect_30-35
5761,770,Other,ccb,0,0.0,56.47771999998895,effect_30-35
5762,771,Other,ccb,2,0.03541219440162229,56.47771999998895,effect_30-35
5763,775,Other,ccb,41,0.7259499852332569,56.47771999998895,effect_30-35
5764,777,Other,ccb,458,8.109392517971505,56.47771999998895,effect_30-35
5765,780,Other,ccb,19,0.33641584681541176,56.47771999998895,effect_30-35
5766,781,Other,ccb,4,0.07082438880324458,56.47771999998895,effect_30-35
5767,782,Other,ccb,9,0.15935487480730032,56.47771999998895,effect_30-35
5768,783,Other,ccb,5,0.08853048600405573,56.47771999998895,effect_30-35
5769,785,Other,ccb,1129,19.990183739715782,56.47771999998895,effect_30-35
5770,786,Other,ccb,54,0.9561292488438019,56.47771999998895,effect_30-35
5771,787,Other,scwm,4,0.07082438880324458,56.47771999998895,effect_30-35
5772,789,Other,ccb,25,0.44265243002027865,56.47771999998895,effect_30-35
5773,791,Other,scwm,2,0.03541219440162229,56.47771999998895,effect_30-35
5774,793,Other,scwm,1,0.017706097200811146,56.47771999998895,effect_30-35
5775,796,Other,scwm,10,0.17706097200811147,56.47771999998895,effect_30-35
5776,798,Other,scwm,1,0.017706097200811146,56.47771999998895,effect_30-35
5777,799,Other,scwm,2,0.03541219440162229,56.47771999998895,effect_30-35
5778,803,Somatosensory,SSp-ul6b,10,0.17706097200811147,56.47771999998895,effect_30-35
5779,805,Somatosensory,SSp-ul6b,2,0.03541219440162229,56.47771999998895,effect_30-35
5780,807,Somatosensory,SSp-ul6a,0,0.0,56.47771999998895,effect_30-35
5781,810,Somatosensory,SSp-ul6b,12,0.21247316640973374,56.47771999998895,effect_30-35
5782,811,Somatosensory,SSp-ul6a,26,0.4603585272210898,56.47771999998895,effect_30-35
5783,820,Somatosensory,SSp-ul6a,7,0.12394268040567802,56.47771999998895,effect_30-35
5784,824,Somatosensory,SSp-ul6a,2,0.03541219440162229,56.47771999998895,effect_30-35
5785,825,Somatosensory,SSp-ul6a,3,0.053118291602433435,56.47771999998895,effect_30-35
5786,830,Somatosensory,SSp-ul6a,1,0.017706097200811146,56.47771999998895,effect_30-35
5787,832,Somatosensory,SSp-ul6a,8,0.14164877760648917,56.47771999998895,effect_30-35
5788,835,Somatosensory,SSp-ul6a,10,0.17706097200811147,56.47771999998895,effect_30-35
5789,837,Somatosensory,SSp-ul6a,6,0.10623658320486687,56.47771999998895,effect_30-35
5790,839,Somatosensory,SSp-ul6a,58,1.0269536376470465,56.47771999998895,effect_30-35
5791,841,Somatosensory,SSp-ul6a,392,6.940790102717969,56.47771999998895,effect_30-35
5792,842,Somatosensory,SSp-ul6a,60,1.0623658320486689,56.47771999998895,effect_30-35
5793,843,Somatosensory,SSp-ul6a,10,0.17706097200811147,56.47771999998895,effect_30-35
5794,845,Somatosensory,SSp-ul6a,15,0.2655914580121672,56.47771999998895,effect_30-35
5795,847,Somatosensory,SSp-ul6a,189,3.3464523709533065,56.47771999998895,effect_30-35
5796,849,Somatosensory,SSp-ul6a,35,0.6197134020283901,56.47771999998895,effect_30-35
5797,851,Somatosensory,SSp-ul6a,984,17.422799645598168,56.47771999998895,effect_30-35
5798,852,Somatosensory,SSp-ul6a,560,9.915414432454241,56.47771999998895,effect_30-35
5799,854,Somatosensory,SSp-ul6a,275,4.8691767302230655,56.47771999998895,effect_30-35
5800,855,Somatosensory,SSp-ul6a,987,17.475917937200602,56.47771999998895,effect_30-35
5801,856,Somatosensory,SSp-ul6a,1450,25.673840941176163,56.47771999998895,effect_30-35
5802,857,Somatosensory,SSp-ul6a,444,7.8615071571601485,56.47771999998895,effect_30-35
5803,860,Somatosensory,SSp-ul6a,123,2.177849955699771,56.47771999998895,effect_30-35
5804,861,Somatosensory,SSp-ul6a,27,0.47806462442190095,56.47771999998895,effect_30-35
5805,862,Somatosensory,SSp-ul6a,351,6.214840117484712,56.47771999998895,effect_30-35
5806,863,Somatosensory,SSp-ul6a,450,7.967743740365016,56.47771999998895,effect_30-35
5807,865,Somatosensory,SSp-ul6a,313,5.542008423853889,56.47771999998895,effect_30-35
5808,867,Somatosensory,SSp-ul6a,429,7.595915699147982,56.47771999998895,effect_30-35
5809,868,Somatosensory,SSp-ul6a,458,8.109392517971505,56.47771999998895,effect_30-35
5810,869,Somatosensory,SSp-ul6a,886,15.687602119918676,56.47771999998895,effect_30-35
5811,870,Somatosensory,SSp-ul6a,142,2.5142658025151827,56.47771999998895,effect_30-35
5812,874,Somatosensory,SSp-ul6a,6,0.10623658320486687,56.47771999998895,effect_30-35
5813,875,Somatosensory,SSp-ul6a,0,0.0,56.47771999998895,effect_30-35
5814,876,Somatosensory,SSp-ul6a,603,10.676776612089121,56.47771999998895,effect_30-35
5815,877,Somatosensory,SSp-ul6a,162,2.868387746531406,56.47771999998895,effect_30-35
5816,878,Somatosensory,SSp-ul6a,180,3.187097496146006,56.47771999998895,effect_30-35
5817,879,Somatosensory,SSp-ul6a,443,7.843801059959338,56.47771999998895,effect_30-35
5818,882,Somatosensory,SSp-ul6a,337,5.966954756673356,56.47771999998895,effect_30-35
5819,884,Somatosensory,SSp-ul6a,180,3.187097496146006,56.47771999998895,effect_30-35
5820,886,Somatosensory,SSp-ul6a,236,4.178638939391431,56.47771999998895,effect_30-35
5821,887,Somatosensory,SSp-ul6a,216,3.8245169953752076,56.47771999998895,effect_30-35
5822,888,Somatosensory,SSp-ul6a,1133,20.061008128519028,56.47771999998895,effect_30-35
5823,893,Somatosensory,SSp-ul6a,8,0.14164877760648917,56.47771999998895,effect_30-35
5824,894,Somatosensory,SSp-ul6a,111,1.9653767892900371,56.47771999998895,effect_30-35
5825,899,Somatosensory,SSp-ul5,118,2.0893194696957154,56.47771999998895,effect_30-35
5826,900,Somatosensory,SSp-ul5,20,0.35412194401622293,56.47771999998895,effect_30-35
5827,901,Somatosensory,SSp-ul5,44,0.7790682768356905,56.47771999998895,effect_30-35
5828,902,Somatosensory,SSp-ul5,103,1.823728011683548,56.47771999998895,effect_30-35
5829,906,Somatosensory,SSp-ul5,42,0.7436560824340681,56.47771999998895,effect_30-35
5830,909,Somatosensory,SSp-ul5,11,0.19476706920892262,56.47771999998895,effect_30-35
5831,910,Somatosensory,SSp-ul5,27,0.47806462442190095,56.47771999998895,effect_30-35
5832,914,Somatosensory,SSp-ul5,15,0.2655914580121672,56.47771999998895,effect_30-35
5833,915,Somatosensory,SSp-ul5,10,0.17706097200811147,56.47771999998895,effect_30-35
5834,916,Somatosensory,SSp-ll5,182,3.2225096905476285,56.47771999998895,effect_30-35
5835,917,Somatosensory,SSp-ll5,83,1.469606067667325,56.47771999998895,effect_30-35
5836,918,Somatosensory,SSp-ll5,1,0.017706097200811146,56.47771999998895,effect_30-35
5837,924,Somatosensory,SSp-ll5,1,0.017706097200811146,56.47771999998895,effect_30-35
5838,925,Somatosensory,SSp-ll5,14,0.24788536081135604,56.47771999998895,effect_30-35
5839,934,Somatosensory,SSp-ll5,387,6.852259616713914,56.47771999998895,effect_30-35
5840,938,Somatosensory,SSp-ll5,1,0.017706097200811146,56.47771999998895,effect_30-35
5841,939,Somatosensory,SSp-ll5,313,5.542008423853889,56.47771999998895,effect_30-35
5842,940,Somatosensory,SSp-ll5,1723,30.507605476997604,56.47771999998895,effect_30-35
5843,949,Somatosensory,SSp-ll5,41,0.7259499852332569,56.47771999998895,effect_30-35
5844,950,Somatosensory,SSp-ll5,35,0.6197134020283901,56.47771999998895,effect_30-35
5845,953,Somatosensory,SSp-ll5,6,0.10623658320486687,56.47771999998895,effect_30-35
5846,960,Somatosensory,SSp-ll5,0,0.0,56.47771999998895,effect_30-35
5847,966,Somatosensory,SSp-ll5,103,1.823728011683548,56.47771999998895,effect_30-35
5848,968,Somatosensory,SSp-ll5,7,0.12394268040567802,56.47771999998895,effect_30-35
5849,970,Somatosensory,SSp-ll4,2,0.03541219440162229,56.47771999998895,effect_30-35
5850,973,Somatosensory,SSp-ll4,1,0.017706097200811146,56.47771999998895,effect_30-35
5851,975,Somatosensory,SSp-ll4,4,0.07082438880324458,56.47771999998895,effect_30-35
5852,977,Somatosensory,SSp-ll4,0,0.0,56.47771999998895,effect_30-35
5853,983,STR,CP,35,0.6197134020283901,56.47771999998895,effect_30-35
5854,985,STR,CP,0,0.0,56.47771999998895,effect_30-35
5855,986,STR,CP,0,0.0,56.47771999998895,effect_30-35
5856,988,STR,CP,0,0.0,56.47771999998895,effect_30-35
5857,990,STR,CP,54,0.9561292488438019,56.47771999998895,effect_30-35
5858,992,STR,CP,0,0.0,56.47771999998895,effect_30-35
5859,996,STR,CP,4,0.07082438880324458,56.47771999998895,effect_30-35
5860,999,STR,CP,2,0.03541219440162229,56.47771999998895,effect_30-35
5861,1001,STR,CP,0,0.0,56.47771999998895,effect_30-35
5862,1002,STR,CP,1,0.017706097200811146,56.47771999998895,effect_30-35
5863,1003,STR,CP,0,0.0,56.47771999998895,effect_30-35
5864,1004,STR,CP,7,0.12394268040567802,56.47771999998895,effect_30-35
5865,1005,STR,CP,1,0.017706097200811146,56.47771999998895,effect_30-35
5866,1008,STR,CP,2,0.03541219440162229,56.47771999998895,effect_30-35
5867,1010,STR,CP,0,0.0,56.47771999998895,effect_30-35
5868,1012,STR,CP,0,0.0,56.47771999998895,effect_30-35
5869,1013,STR,CP,46,0.8144804712373127,56.47771999998895,effect_30-35
5870,1018,STR,CP,24,0.4249463328194675,56.47771999998895,effect_30-35
5871,1020,STR,CP,14,0.24788536081135604,56.47771999998895,effect_30-35
5872,1026,STR,CP,2,0.03541219440162229,56.47771999998895,effect_30-35
5873,1027,STR,CP,0,0.0,56.47771999998895,effect_30-35
5874,1029,STR,CP,219,3.877635286977641,56.47771999998895,effect_30-35
5875,1030,STR,CP,0,0.0,56.47771999998895,effect_30-35
5876,1031,STR,CP,156,2.7621511633265388,56.47771999998895,effect_30-35
5877,1033,STR,CP,60,1.0623658320486689,56.47771999998895,effect_30-35
5878,1034,STR,CP,0,0.0,56.47771999998895,effect_30-35
5879,1037,STR,CP,0,0.0,56.47771999998895,effect_30-35
5880,1038,STR,CP,0,0.0,56.47771999998895,effect_30-35
5881,1041,STR,CP,0,0.0,56.47771999998895,effect_30-35
5882,1042,STR,CP,1,0.017706097200811146,56.47771999998895,effect_30-35
5883,1043,STR,CP,0,0.0,56.47771999998895,effect_30-35
5884,1045,STR,CP,0,0.0,56.47771999998895,effect_30-35
5885,1052,STR,CP,60,1.0623658320486689,56.47771999998895,effect_30-35
5886,1054,STR,CP,129,2.2840865389046376,56.47771999998895,effect_30-35
5887,1057,STR,CP,255,4.515054786206842,56.47771999998895,effect_30-35
5888,1060,STR,CP,11,0.19476706920892262,56.47771999998895,effect_30-35
5889,1061,STR,CP,1545,27.35592017525322,56.47771999998895,effect_30-35
5890,1063,STR,CP,139,2.4611475109127494,56.47771999998895,effect_30-35
5891,1065,STR,CP,112,1.9830828864908483,56.47771999998895,effect_30-35
5892,1067,STR,CP,3,0.053118291602433435,56.47771999998895,effect_30-35
5893,1068,STR,CP,32,0.5665951104259567,56.47771999998895,effect_30-35
5894,1069,STR,CP,7,0.12394268040567802,56.47771999998895,effect_30-35
5895,1070,STR,CP,78,1.3810755816632694,56.47771999998895,effect_30-35
5896,1071,STR,CP,60,1.0623658320486689,56.47771999998895,effect_30-35
5897,1072,Other,ccb,40,0.7082438880324459,56.47771999998895,effect_30-35
5898,1073,Other,ccb,136,2.4080292193103157,56.47771999998895,effect_30-35
5899,1074,Other,ccb,0,0.0,56.47771999998895,effect_30-35
5900,1075,Other,ccb,134,2.3726170249086938,56.47771999998895,effect_30-35
5901,1076,Other,ccb,0,0.0,56.47771999998895,effect_30-35
5902,1077,Other,ccb,1,0.017706097200811146,56.47771999998895,effect_30-35
5903,1078,Other,ccb,253,4.47964259180522,56.47771999998895,effect_30-35
5904,1079,Other,ccb,0,0.0,56.47771999998895,effect_30-35
5905,1080,Other,ccb,0,0.0,56.47771999998895,effect_30-35
5906,1082,Other,scwm,88,1.558136553671381,56.47771999998895,effect_30-35
5907,1083,Other,scwm,2,0.03541219440162229,56.47771999998895,effect_30-35
5908,1085,Other,scwm,3,0.053118291602433435,56.47771999998895,effect_30-35
5909,1086,Other,scwm,0,0.0,56.47771999998895,effect_30-35
5910,1090,Somatosensory,SSp-ul6a,22,0.38953413841784523,56.47771999998895,effect_30-35
5911,1091,Somatosensory,SSp-ul6a,78,1.3810755816632694,56.47771999998895,effect_30-35
5912,1092,Somatosensory,SSp-ul6a,15,0.2655914580121672,56.47771999998895,effect_30-35
5913,1093,Somatosensory,SSp-ul6a,25,0.44265243002027865,56.47771999998895,effect_30-35
5914,1094,Somatosensory,SSp-ul6a,66,1.1686024152535357,56.47771999998895,effect_30-35
5915,1095,Somatosensory,SSp-ul6a,53,0.9384231516429907,56.47771999998895,effect_30-35
5916,1096,Somatosensory,SSp-ul6a,17,0.30100365241378946,56.47771999998895,effect_30-35
5917,1098,Somatosensory,SSp-ul6a,48,0.849892665638935,56.47771999998895,effect_30-35
5918,1099,Somatosensory,SSp-ul6a,39,0.6905377908316347,56.47771999998895,effect_30-35
5919,1100,Somatosensory,SSp-ul6a,0,0.0,56.47771999998895,effect_30-35
5920,1101,Somatosensory,SSp-ul6a,86,1.5227243592697586,56.47771999998895,effect_30-35
5921,1102,Somatosensory,SSp-ul5,4,0.07082438880324458,56.47771999998895,effect_30-35
5922,1103,Somatosensory,SSp-ul5,47,0.8321865684381239,56.47771999998895,effect_30-35
5923,1106,Somatosensory,SSp-ul5,0,0.0,56.47771999998895,effect_30-35
5924,1107,Somatosensory,SSp-ul5,91,1.6112548452738142,56.47771999998895,effect_30-35
5925,1108,Somatosensory,SSp-ul5,49,0.8675987628397461,56.47771999998895,effect_30-35
5926,1111,Somatosensory,SSp-ll5,3,0.053118291602433435,56.47771999998895,effect_30-35
5927,1113,Somatosensory,SSp-ll5,0,0.0,56.47771999998895,effect_30-35
5928,1115,Somatosensory,SSp-ll5,18,0.31870974961460063,56.47771999998895,effect_30-35
5929,1117,Somatosensory,SSp-ll5,2,0.03541219440162229,56.47771999998895,effect_30-35
5930,1118,Somatosensory,SSp-ll5,35,0.6197134020283901,56.47771999998895,effect_30-35
5931,1119,Somatosensory,SSp-ll5,11,0.19476706920892262,56.47771999998895,effect_30-35
5932,1122,Somatosensory,SSp-ll5,1,0.017706097200811146,56.47771999998895,effect_30-35
5933,1123,Somatosensory,SSp-ll5,3,0.053118291602433435,56.47771999998895,effect_30-35
5934,1127,Somatosensory,SSp-ll4,8,0.14164877760648917,56.47771999998895,effect_30-35
5935,1128,STR,CP,18,0.31870974961460063,56.47771999998895,effect_30-35
5936,1130,STR,CP,0,0.0,56.47771999998895,effect_30-35
5937,1131,STR,CP,0,0.0,56.47771999998895,effect_30-35
5938,1132,STR,CP,1,0.017706097200811146,56.47771999998895,effect_30-35
5939,1133,STR,CP,33,0.5843012076267678,56.47771999998895,effect_30-35
5940,1134,STR,CP,0,0.0,56.47771999998895,effect_30-35
5941,1135,STR,CP,14,0.24788536081135604,56.47771999998895,effect_30-35
5942,1136,STR,CP,8,0.14164877760648917,56.47771999998895,effect_30-35
5943,1139,STR,CP,6,0.10623658320486687,56.47771999998895,effect_30-35
5944,1141,STR,CP,3,0.053118291602433435,56.47771999998895,effect_30-35
5945,1142,STR,CP,0,0.0,56.47771999998895,effect_30-35
5946,1143,STR,CP,73,1.2925450956592137,56.47771999998895,effect_30-35
5947,1146,STR,CP,0,0.0,56.47771999998895,effect_30-35
5948,1147,STR,CP,105,1.8591402060851703,56.47771999998895,effect_30-35
5949,1152,Other,ccb,6,0.10623658320486687,56.47771999998895,effect_30-35
5950,1153,Somatosensory,SSp-ul6a,10,0.17706097200811147,56.47771999998895,effect_30-35
5951,1154,Somatosensory,SSp-ul6a,4,0.07082438880324458,56.47771999998895,effect_30-35
5952,1158,Somatosensory,SSp-ul5,38,0.6728316936308235,56.47771999998895,effect_30-35
5953,1160,Somatosensory,SSp-ll5,8,0.14164877760648917,56.47771999998895,effect_30-35
5954,1161,Somatosensory,SSp-ll4,1,0.017706097200811146,56.47771999998895,effect_30-35
5955,1163,STR,CP,6,0.10623658320486687,56.47771999998895,effect_30-35
5956,1164,Somatosensory,SSp-ul6a,36,0.6374194992292013,56.47771999998895,effect_30-35
5957,1166,Somatosensory,SSp-ul5,7,0.12394268040567802,56.47771999998895,effect_30-35
5958,1171,STR,CP,1,0.017706097200811146,56.47771999998895,effect_30-35
5959,1172,STR,CP,0,0.0,56.47771999998895,effect_30-35
5960,1177,STR,CP,1,0.017706097200811146,56.47771999998895,effect_30-35
5961,1179,STR,CP,6,0.10623658320486687,56.47771999998895,effect_30-35
5962,1180,Other,ccb,171,3.0277426213387058,56.47771999998895,effect_30-35
5963,1181,Other,scwm,0,0.0,56.47771999998895,effect_30-35
5964,1182,Somatosensory,SSp-ul6a,1,0.017706097200811146,56.47771999998895,effect_30-35
5965,1183,Somatosensory,SSp-ul6a,3,0.053118291602433435,56.47771999998895,effect_30-35
5966,1184,Somatosensory,SSp-ul5,94,1.6643731368762478,56.47771999998895,effect_30-35
5967,1186,Somatosensory,SSp-ll5,12,0.21247316640973374,56.47771999998895,effect_30-35
5968,1187,Somatosensory,SSp-ll5,2,0.03541219440162229,56.47771999998895,effect_30-35
5969,1188,Somatosensory,SSp-ll5,1,0.017706097200811146,56.47771999998895,effect_30-35
5970,1189,Somatosensory,SSp-ll4,13,0.2301792636105449,56.47771999998895,effect_30-35
5971,1191,STR,CP,2,0.03541219440162229,56.47771999998895,effect_30-35
5972,1192,STR,CP,0,0.0,56.47771999998895,effect_30-35
5973,1196,STR,CP,0,0.0,56.47771999998895,effect_30-35
5974,1197,STR,CP,0,0.0,56.47771999998895,effect_30-35
5975,1199,Somatosensory,SSp-ul6a,1,0.017706097200811146,56.47771999998895,effect_30-35
5976,1201,STR,CP,0,0.0,56.47771999998895,effect_30-35
5977,1202,Somatosensory,SSp-ll4,0,0.0,56.47771999998895,effect_30-35
5978,1203,STR,CP,1,0.017706097200811146,56.47771999998895,effect_30-35
5979,1204,STR,LSr,296,5.2410047714401,56.47771999998895,effect_30-35
5980,1208,STR,LSr,0,0.0,56.47771999998895,effect_30-35
5981,1210,STR,LSr,19,0.33641584681541176,56.47771999998895,effect_30-35
5982,1211,STR,LSr,109,1.929964594888415,56.47771999998895,effect_30-35
5983,1212,STR,LSr,70,1.2394268040567802,56.47771999998895,effect_30-35
5984,1214,STR,LSr,81,1.434193873265703,56.47771999998895,effect_30-35
5985,1215,STR,LSr,948,16.785380146368965,56.47771999998895,effect_30-35
5986,1216,STR,LSr,1052,18.626814255253326,56.47771999998895,effect_30-35
5987,1219,STR,LSr,1570,27.7985726052735,56.47771999998895,effect_30-35
5988,1220,STR,LSr,33,0.5843012076267678,56.47771999998895,effect_30-35
5989,1221,STR,LSr,480,8.49892665638935,56.47771999998895,effect_30-35
5990,1222,STR,LSr,606,10.729894903691555,56.47771999998895,effect_30-35
5991,1223,STR,LSr,517,9.154052252819362,56.47771999998895,effect_30-35
5992,1224,STR,LSr,505,8.941579086409629,56.47771999998895,effect_30-35
5993,1227,STR,LSr,374,6.622080353103368,56.47771999998895,effect_30-35
5994,1229,STR,LSr,32,0.5665951104259567,56.47771999998895,effect_30-35
5995,1231,STR,LSr,233,4.125520647788997,56.47771999998895,effect_30-35
5996,1234,STR,LSr,561,9.933120529655053,56.47771999998895,effect_30-35
5997,1235,STR,LSr,456,8.073980323569883,56.47771999998895,effect_30-35
5998,1238,STR,LSr,107,1.8945524004867926,56.47771999998895,effect_30-35
5999,1239,STR,LSr,254,4.4973486890060315,56.47771999998895,effect_30-35
6000,1241,STR,CP,1293,22.893983680648812,56.47771999998895,effect_30-35
6001,1242,STR,CP,1079,19.104878879675226,56.47771999998895,effect_30-35
6002,1244,Other,fa,19,0.33641584681541176,56.47771999998895,effect_30-35
6003,1249,Other,fa,1264,22.38050686182529,56.47771999998895,effect_30-35
6004,1251,Other,fa,629,11.13713513931021,56.47771999998895,effect_30-35
6005,1252,Other,fa,274,4.851470633022254,56.47771999998895,effect_30-35
6006,1254,Other,fa,486,8.605163239594217,56.47771999998895,effect_30-35
6007,1255,Other,fa,13,0.2301792636105449,56.47771999998895,effect_30-35
6008,1257,Other,fa,118,2.0893194696957154,56.47771999998895,effect_30-35
6009,1258,Other,fa,473,8.374983975983673,56.47771999998895,effect_30-35
6010,1260,Other,fa,137,2.425735316511127,56.47771999998895,effect_30-35
6011,1261,Other,fa,551,9.75605955764694,56.47771999998895,effect_30-35
6012,1263,Other,fa,610,10.800719292494799,56.47771999998895,effect_30-35
6013,1264,Other,fa,1021,18.07792524202818,56.47771999998895,effect_30-35
6014,1266,Other,fa,810,14.341938732657027,56.47771999998895,effect_30-35
6015,1268,Other,fa,11,0.19476706920892262,56.47771999998895,effect_30-35
6016,1269,Other,fa,100,1.7706097200811146,56.47771999998895,effect_30-35
6017,1270,Other,fa,23,0.40724023561865635,56.47771999998895,effect_30-35
6018,1275,Other,fa,15,0.2655914580121672,56.47771999998895,effect_30-35
6019,1276,Other,fa,4,0.07082438880324458,56.47771999998895,effect_30-35
6020,1280,Other,fa,2,0.03541219440162229,56.47771999998895,effect_30-35
6021,1281,Other,fa,27,0.47806462442190095,56.47771999998895,effect_30-35
6022,1282,Other,fa,491,8.693693725598273,56.47771999998895,effect_30-35
6023,1284,Other,fa,307,5.435771840649021,56.47771999998895,effect_30-35
6024,1286,Other,fa,12,0.21247316640973374,56.47771999998895,effect_30-35
6025,1287,Other,fa,258,4.568173077809275,56.47771999998895,effect_30-35
6026,1291,Other,fa,346,6.126309631480656,56.47771999998895,effect_30-35
6027,1292,Other,fa,503,8.906166892008006,56.47771999998895,effect_30-35
6028,1293,Other,fa,18,0.31870974961460063,56.47771999998895,effect_30-35
6029,1294,Other,fa,239,4.231757230993864,56.47771999998895,effect_30-35
6030,1295,Other,fa,271,4.798352341419821,56.47771999998895,effect_30-35
6031,1296,Other,fa,169,2.992330426937084,56.47771999998895,effect_30-35
6032,1297,Other,fa,110,1.947670692089226,56.47771999998895,effect_30-35
6033,1300,Other,fa,457,8.091686420770694,56.47771999998895,effect_30-35
6034,1301,Other,fa,21,0.37182804121703406,56.47771999998895,effect_30-35
6035,1306,Other,fa,349,6.1794279230830895,56.47771999998895,effect_30-35
6036,1309,Other,fa,434,7.684446185152037,56.47771999998895,effect_30-35
6037,1310,Other,fa,1,0.017706097200811146,56.47771999998895,effect_30-35
6038,1312,Other,cing,466,8.251041295577995,56.47771999998895,effect_30-35
6039,1313,Other,cing,238,4.214051133793053,56.47771999998895,effect_30-35
6040,1315,Motor,MOs6b,122,2.1601438584989596,56.47771999998895,effect_30-35
6041,1316,Motor,MOs6a,383,6.781435227910669,56.47771999998895,effect_30-35
6042,1317,Motor,MOs6a,111,1.9653767892900371,56.47771999998895,effect_30-35
6043,1318,Motor,MOs6a,599,10.605952223285877,56.47771999998895,effect_30-35
6044,1321,Motor,MOs6a,503,8.906166892008006,56.47771999998895,effect_30-35
6045,1326,Motor,MOs6a,98,1.7351975256794923,56.47771999998895,effect_30-35
6046,1329,Motor,MOs6a,121,2.1424377612981487,56.47771999998895,effect_30-35
6047,1333,Motor,MOs6a,296,5.2410047714401,56.47771999998895,effect_30-35
6048,1334,Motor,MOs6a,284,5.0285316050303654,56.47771999998895,effect_30-35
6049,1336,Motor,MOs6a,72,1.2748389984584025,56.47771999998895,effect_30-35
6050,1339,Motor,MOs6a,279,4.940001119026309,56.47771999998895,effect_30-35
6051,1340,Motor,MOs6a,21,0.37182804121703406,56.47771999998895,effect_30-35
6052,1341,Motor,MOs6a,247,4.3734060086003534,56.47771999998895,effect_30-35
6053,1342,Motor,MOs6a,632,11.190253430912644,56.47771999998895,effect_30-35
6054,1346,Motor,MOs5,0,0.0,56.47771999998895,effect_30-35
6055,1352,Motor,MOs5,25,0.44265243002027865,56.47771999998895,effect_30-35
6056,1355,Motor,MOs5,3,0.053118291602433435,56.47771999998895,effect_30-35
6057,1357,Motor,MOs5,16,0.28329755521297834,56.47771999998895,effect_30-35
6058,1359,Motor,MOs5,35,0.6197134020283901,56.47771999998895,effect_30-35
6059,1361,Motor,MOs5,54,0.9561292488438019,56.47771999998895,effect_30-35
6060,1364,Motor,MOs5,186,3.293334079350873,56.47771999998895,effect_30-35
6061,1366,STR,LSr,111,1.9653767892900371,56.47771999998895,effect_30-35
6062,1367,STR,LSr,89,1.5758426508721919,56.47771999998895,effect_30-35
6063,1368,STR,LSr,192,3.39957066255574,56.47771999998895,effect_30-35
6064,1370,STR,LSr,40,0.7082438880324459,56.47771999998895,effect_30-35
6065,1372,STR,LSr,179,3.169391398945195,56.47771999998895,effect_30-35
6066,1373,STR,LSr,349,6.1794279230830895,56.47771999998895,effect_30-35
6067,1375,STR,LSr,213,3.771398703772774,56.47771999998895,effect_30-35
6068,1376,STR,LSr,41,0.7259499852332569,56.47771999998895,effect_30-35
6069,1377,Other,fa,3,0.053118291602433435,56.47771999998895,effect_30-35
6070,1378,Other,fa,0,0.0,56.47771999998895,effect_30-35
6071,1379,Other,fa,174,3.0808609129411395,56.47771999998895,effect_30-35
6072,1380,Other,fa,140,2.4788536081135604,56.47771999998895,effect_30-35
6073,1381,Other,fa,7,0.12394268040567802,56.47771999998895,effect_30-35
6074,1383,Other,fa,7,0.12394268040567802,56.47771999998895,effect_30-35
6075,1386,Other,fa,9,0.15935487480730032,56.47771999998895,effect_30-35
6076,1387,Other,fa,35,0.6197134020283901,56.47771999998895,effect_30-35
6077,1388,Other,fa,23,0.40724023561865635,56.47771999998895,effect_30-35
6078,1390,Other,fa,155,2.744445066125728,56.47771999998895,effect_30-35
6079,1394,Motor,MOs6b,22,0.38953413841784523,56.47771999998895,effect_30-35
6080,1395,Motor,MOs6a,56,0.9915414432454241,56.47771999998895,effect_30-35
6081,1396,Motor,MOs6a,2,0.03541219440162229,56.47771999998895,effect_30-35
6082,1400,Motor,MOs6a,56,0.9915414432454241,56.47771999998895,effect_30-35
6083,1407,STR,LSr,9,0.15935487480730032,56.47771999998895,effect_30-35
6084,1409,STR,LSr,31,0.5488890132251455,56.47771999998895,effect_30-35
6085,1410,Other,fa,12,0.21247316640973374,56.47771999998895,effect_30-35
6086,1412,Other,fa,15,0.2655914580121672,56.47771999998895,effect_30-35
6087,1414,Other,fa,28,0.4957707216227121,56.47771999998895,effect_30-35
6088,1415,Other,fa,41,0.7259499852332569,56.47771999998895,effect_30-35
6089,1416,Other,fa,475,8.410396170385294,56.47771999998895,effect_30-35
6090,1417,Other,fa,77,1.3633694844624582,56.47771999998895,effect_30-35
6091,1418,Other,fa,228,4.036990161784941,56.47771999998895,effect_30-35
6092,1424,Other,fa,22,0.38953413841784523,56.47771999998895,effect_30-35
6093,0,Thalamus,VPM,717,15.976167212761997,44.87934999999561,effect_35-39
6094,2,Thalamus,VPM,0,0.0,44.87934999999561,effect_35-39
6095,3,Thalamus,VPM,754,16.800599830435907,44.87934999999561,effect_35-39
6096,8,Thalamus,VPM,227,5.0580055192426405,44.87934999999561,effect_35-39
6097,9,Thalamus,VPM,430,9.581243935129232,44.87934999999561,effect_35-39
6098,13,Thalamus,VPM,665,14.817505155490554,44.87934999999561,effect_35-39
6099,14,Thalamus,VPM,525,11.698030385913595,44.87934999999561,effect_35-39
6100,20,Thalamus,VPM,129,2.874373180538769,44.87934999999561,effect_35-39
6101,25,Thalamus,VPM,99,2.205914301343707,44.87934999999561,effect_35-39
6102,40,Thalamus,VPM,1047,23.329214883907685,44.87934999999561,effect_35-39
6103,51,Thalamus,VPM,839,18.69456665482192,44.87934999999561,effect_35-39
6104,54,Thalamus,VPM,737,16.421806465558706,44.87934999999561,effect_35-39
6105,59,Thalamus,VPM,579,12.90125636846471,44.87934999999561,effect_35-39
6106,62,Thalamus,VPM,600,13.369177583901253,44.87934999999561,effect_35-39
6107,63,Thalamus,VPM,523,11.653466460633926,44.87934999999561,effect_35-39
6108,66,Thalamus,VPM,680,15.151734595088087,44.87934999999561,effect_35-39
6109,67,Thalamus,VPM,903,20.120612263771385,44.87934999999561,effect_35-39
6110,68,Thalamus,VPM,59,1.3146357957502899,44.87934999999561,effect_35-39
6111,70,Thalamus,VPM,446,9.937755337366598,44.87934999999561,effect_35-39
6112,73,Thalamus,VPM,741,16.510934316118046,44.87934999999561,effect_35-39
6113,76,Thalamus,VPM,490,10.918161693519357,44.87934999999561,effect_35-39
6114,77,Thalamus,VPM,936,20.855917030885955,44.87934999999561,effect_35-39
6115,80,Thalamus,PO,1,0.02228196263983542,44.87934999999561,effect_35-39
6116,86,Thalamus,PO,568,12.656154779426519,44.87934999999561,effect_35-39
6117,87,Thalamus,PO,332,7.39761159642536,44.87934999999561,effect_35-39
6118,88,Thalamus,PO,44,0.9804063561527585,44.87934999999561,effect_35-39
6119,89,Thalamus,PO,5,0.1114098131991771,44.87934999999561,effect_35-39
6120,90,Thalamus,PO,195,4.344982714767907,44.87934999999561,effect_35-39
6121,91,Thalamus,PO,202,4.500956453246755,44.87934999999561,effect_35-39
6122,93,Thalamus,PO,450,10.02688318792594,44.87934999999561,effect_35-39
6123,95,Thalamus,PO,339,7.5535853349042075,44.87934999999561,effect_35-39
6124,98,Thalamus,PO,1139,25.379155446772543,44.87934999999561,effect_35-39
6125,99,Thalamus,PO,0,0.0,44.87934999999561,effect_35-39
6126,100,Thalamus,PO,409,9.113322719692688,44.87934999999561,effect_35-39
6127,103,Thalamus,PO,537,11.96541393759162,44.87934999999561,effect_35-39
6128,104,Thalamus,PO,726,16.176704876520514,44.87934999999561,effect_35-39
6129,106,Thalamus,PO,829,18.471747028423565,44.87934999999561,effect_35-39
6130,108,Thalamus,PO,519,11.564338610074584,44.87934999999561,effect_35-39
6131,109,Thalamus,PO,437,9.737217673608079,44.87934999999561,effect_35-39
6132,111,Thalamus,PO,69,1.537455422148644,44.87934999999561,effect_35-39
6133,112,Thalamus,PO,172,3.8324975740516924,44.87934999999561,effect_35-39
6134,113,Thalamus,PO,576,12.834410480545202,44.87934999999561,effect_35-39
6135,114,Thalamus,PO,415,9.2470144955317,44.87934999999561,effect_35-39
6136,115,Thalamus,PO,895,19.9423565626527,44.87934999999561,effect_35-39
6137,117,Thalamus,PO,26,0.579331028635721,44.87934999999561,effect_35-39
6138,118,Thalamus,PO,700,15.597373847884795,44.87934999999561,effect_35-39
6139,119,Thalamus,PO,1271,28.32037451523082,44.87934999999561,effect_35-39
6140,122,Thalamus,PO,425,9.469834121930054,44.87934999999561,effect_35-39
6141,123,Thalamus,PO,499,11.118699357277874,44.87934999999561,effect_35-39
6142,124,Thalamus,PO,430,9.581243935129232,44.87934999999561,effect_35-39
6143,126,Thalamus,PO,351,7.820968886582233,44.87934999999561,effect_35-39
6144,128,Thalamus,PO,749,16.68919001723673,44.87934999999561,effect_35-39
6145,130,Thalamus,PO,771,17.17939319531311,44.87934999999561,effect_35-39
6146,131,Thalamus,PO,192,4.2781368268484,44.87934999999561,effect_35-39
6147,132,Thalamus,PO,328,7.308483745866018,44.87934999999561,effect_35-39
6148,133,Thalamus,PO,570,12.70071870470619,44.87934999999561,effect_35-39
6149,134,Thalamus,PO,871,19.407589459296652,44.87934999999561,effect_35-39
6150,135,Thalamus,PO,1283,28.587758066908844,44.87934999999561,effect_35-39
6151,138,Thalamus,PO,422,9.402988234010548,44.87934999999561,effect_35-39
6152,139,Thalamus,PO,565,12.589308891507013,44.87934999999561,effect_35-39
6153,140,Thalamus,PO,540,12.032259825511128,44.87934999999561,effect_35-39
6154,141,Thalamus,PO,397,8.845939168014661,44.87934999999561,effect_35-39
6155,142,Thalamus,PO,1278,28.476348253709666,44.87934999999561,effect_35-39
6156,144,Thalamus,PO,1771,39.46135583514853,44.87934999999561,effect_35-39
6157,145,Thalamus,PO,536,11.943131974951786,44.87934999999561,effect_35-39
6158,146,Thalamus,PO,758,16.88972768099525,44.87934999999561,effect_35-39
6159,147,Thalamus,LD,765,17.045701419474096,44.87934999999561,effect_35-39
6160,148,Thalamus,LD,1148,25.579693110531064,44.87934999999561,effect_35-39
6161,151,Thalamus,LD,588,13.101794032223227,44.87934999999561,effect_35-39
6162,153,Thalamus,LD,188,4.189008976289059,44.87934999999561,effect_35-39
6163,155,Thalamus,LD,240,5.347671033560501,44.87934999999561,effect_35-39
6164,156,Thalamus,LD,750,16.711471979876567,44.87934999999561,effect_35-39
6165,157,Thalamus,LD,577,12.856692443185038,44.87934999999561,effect_35-39
6166,160,Thalamus,LD,75,1.6711471979876567,44.87934999999561,effect_35-39
6167,161,Thalamus,LD,255,5.6819004731580325,44.87934999999561,effect_35-39
6168,162,Thalamus,LD,988,22.014579088157397,44.87934999999561,effect_35-39
6169,163,Thalamus,LD,550,12.25507945190948,44.87934999999561,effect_35-39
6170,164,Thalamus,LD,724,16.132140951240846,44.87934999999561,effect_35-39
6171,165,Thalamus,LD,1061,23.64116236086538,44.87934999999561,effect_35-39
6172,166,Thalamus,LD,35,0.7798686923942397,44.87934999999561,effect_35-39
6173,172,Thalamus,LD,832,18.53859291634307,44.87934999999561,effect_35-39
6174,173,Thalamus,LD,711,15.842475436922983,44.87934999999561,effect_35-39
6175,174,Thalamus,LD,932,20.76678918032661,44.87934999999561,effect_35-39
6176,175,Thalamus,LD,398,8.868221130654497,44.87934999999561,effect_35-39
6177,176,Thalamus,LD,670,14.928914968689732,44.87934999999561,effect_35-39
6178,177,Thalamus,LD,1017,22.660756004712624,44.87934999999561,effect_35-39
6179,184,Thalamus,LD,787,17.535904597550477,44.87934999999561,effect_35-39
6180,188,Thalamus,LD,1259,28.052990963552794,44.87934999999561,effect_35-39
6181,189,Thalamus,LD,614,13.681125060858948,44.87934999999561,effect_35-39
6182,192,Thalamus,LD,824,18.360337215224387,44.87934999999561,effect_35-39
6183,194,Thalamus,LD,634,14.126764313655658,44.87934999999561,effect_35-39
6184,198,Thalamus,LD,1205,26.84976498100168,44.87934999999561,effect_35-39
6185,204,Thalamus,LD,1093,24.354185165340116,44.87934999999561,effect_35-39
6186,206,Thalamus,LD,1274,28.387220403150327,44.87934999999561,effect_35-39
6187,207,Thalamus,LD,822,18.315773289944715,44.87934999999561,effect_35-39
6188,209,Thalamus,LD,823,18.338055252584553,44.87934999999561,effect_35-39
6189,210,Thalamus,LD,553,12.321925339828988,44.87934999999561,effect_35-39
6190,212,Thalamus,LD,565,12.589308891507013,44.87934999999561,effect_35-39
6191,214,Thalamus,LD,867,19.31846160873731,44.87934999999561,effect_35-39
6192,221,Thalamus,LD,498,11.09641739463804,44.87934999999561,effect_35-39
6193,222,Thalamus,LD,933,20.78907114296645,44.87934999999561,effect_35-39
6194,223,Thalamus,LD,9,0.20053766375851878,44.87934999999561,effect_35-39
6195,225,Thalamus,LD,482,10.739905992400672,44.87934999999561,effect_35-39
6196,227,Thalamus,LD,176,3.921625424611034,44.87934999999561,effect_35-39
6197,233,Other,CA3,1206,26.872046943641518,44.87934999999561,effect_35-39
6198,240,Other,CA3,430,9.581243935129232,44.87934999999561,effect_35-39
6199,243,Other,CA3,428,9.53668000984956,44.87934999999561,effect_35-39
6200,244,Other,CA3,516,11.497492722155076,44.87934999999561,effect_35-39
6201,245,Other,CA3,1,0.02228196263983542,44.87934999999561,effect_35-39
6202,247,Other,CA3,0,0.0,44.87934999999561,effect_35-39
6203,249,Other,CA3,1,0.02228196263983542,44.87934999999561,effect_35-39
6204,250,Other,CA3,65,1.4483275715893023,44.87934999999561,effect_35-39
6205,255,Other,CA3,1,0.02228196263983542,44.87934999999561,effect_35-39
6206,257,Other,CA3,3,0.06684588791950626,44.87934999999561,effect_35-39
6207,258,Other,CA3,1,0.02228196263983542,44.87934999999561,effect_35-39
6208,259,Other,CA3,1010,22.504782266233775,44.87934999999561,effect_35-39
6209,261,Other,CA3,368,8.199762251459434,44.87934999999561,effect_35-39
6210,262,Other,CA3,56,1.2477899078307835,44.87934999999561,effect_35-39
6211,266,Other,CA3,5,0.1114098131991771,44.87934999999561,effect_35-39
6212,267,Other,CA3,906,20.18745815169089,44.87934999999561,effect_35-39
6213,272,Other,CA3,13,0.2896655143178605,44.87934999999561,effect_35-39
6214,283,Other,CA3,6,0.1336917758390125,44.87934999999561,effect_35-39
6215,285,Other,CA3,375,8.355735989938283,44.87934999999561,effect_35-39
6216,287,Other,CA3,163,3.6319599102931734,44.87934999999561,effect_35-39
6217,288,Other,CA3,119,2.651553554140415,44.87934999999561,effect_35-39
6218,293,Other,CA2,261,5.815592248997045,44.87934999999561,effect_35-39
6219,297,Other,CA2,341,7.598149260183878,44.87934999999561,effect_35-39
6220,298,Other,CA2,2,0.04456392527967084,44.87934999999561,effect_35-39
6221,305,Other,CA1,284,6.328077389713259,44.87934999999561,effect_35-39
6222,307,Other,CA1,350,7.798686923942397,44.87934999999561,effect_35-39
6223,310,Other,CA1,17,0.37879336487720217,44.87934999999561,effect_35-39
6224,312,Other,CA1,182,4.055317200450046,44.87934999999561,effect_35-39
6225,314,Other,CA1,23,0.5124851407162146,44.87934999999561,effect_35-39
6226,322,Other,alv,165,3.6765238355728442,44.87934999999561,effect_35-39
6227,327,Somatosensory,SSp-ll6b,357,7.9546606624212455,44.87934999999561,effect_35-39
6228,328,Somatosensory,SSp-ll6a,677,15.084888707168579,44.87934999999561,effect_35-39
6229,329,Somatosensory,SSp-ll6a,585,13.034948144303721,44.87934999999561,effect_35-39
6230,330,Somatosensory,SSp-ll6a,217,4.835185892844287,44.87934999999561,effect_35-39
6231,331,Somatosensory,SSp-ll6a,479,10.673060104481166,44.87934999999561,effect_35-39
6232,332,Somatosensory,SSp-ll6a,155,3.4537042091744903,44.87934999999561,effect_35-39
6233,333,Somatosensory,SSp-ll6a,229,5.102569444522311,44.87934999999561,effect_35-39
6234,334,Somatosensory,SSp-ll6a,170,3.7879336487720217,44.87934999999561,effect_35-39
6235,338,Somatosensory,SSp-ll6a,48,1.0695342067121,44.87934999999561,effect_35-39
6236,341,Somatosensory,SSp-ll6a,110,2.451015890381896,44.87934999999561,effect_35-39
6237,342,Somatosensory,SSp-ll6a,12,0.267383551678025,44.87934999999561,effect_35-39
6238,343,Somatosensory,SSp-ll6a,1,0.02228196263983542,44.87934999999561,effect_35-39
6239,344,Somatosensory,SSp-ll6a,643,14.327301977414175,44.87934999999561,effect_35-39
6240,345,Somatosensory,SSp-ll6a,35,0.7798686923942397,44.87934999999561,effect_35-39
6241,346,Somatosensory,SSp-ll6a,94,2.0945044881445294,44.87934999999561,effect_35-39
6242,347,Somatosensory,SSp-ll6a,487,10.85131580559985,44.87934999999561,effect_35-39
6243,348,Somatosensory,SSp-ll6a,41,0.9135604682332522,44.87934999999561,effect_35-39
6244,349,Somatosensory,SSp-ll6a,71,1.5820193474283148,44.87934999999561,effect_35-39
6245,350,Somatosensory,SSp-ll6a,266,5.927002062196222,44.87934999999561,effect_35-39
6246,353,Somatosensory,SSp-ll6a,77,1.7157111232673274,44.87934999999561,effect_35-39
6247,356,Somatosensory,SSp-ll6a,76,1.693429160627492,44.87934999999561,effect_35-39
6248,357,Somatosensory,SSp-ll6a,103,2.2950421519030484,44.87934999999561,effect_35-39
6249,358,Somatosensory,SSp-ll6a,12,0.267383551678025,44.87934999999561,effect_35-39
6250,359,Somatosensory,SSp-ll6a,115,2.5624257035810736,44.87934999999561,effect_35-39
6251,365,Somatosensory,SSp-ll5,19,0.423357290156873,44.87934999999561,effect_35-39
6252,370,Somatosensory,SSp-ll5,82,1.8271209364665044,44.87934999999561,effect_35-39
6253,371,Somatosensory,SSp-ll5,87,1.9385307496656816,44.87934999999561,effect_35-39
6254,372,Somatosensory,SSp-ll5,7,0.15597373847884793,44.87934999999561,effect_35-39
6255,375,Somatosensory,SSp-ll5,19,0.423357290156873,44.87934999999561,effect_35-39
6256,376,Somatosensory,SSp-ll5,37,0.8244326176739105,44.87934999999561,effect_35-39
6257,377,Somatosensory,SSp-ll5,27,0.6016129912755563,44.87934999999561,effect_35-39
6258,378,Somatosensory,SSp-tr5,151,3.3645763586151487,44.87934999999561,effect_35-39
6259,380,Somatosensory,SSp-tr5,260,5.793310286357209,44.87934999999561,effect_35-39
6260,381,Somatosensory,SSp-tr5,338,7.5313033722643725,44.87934999999561,effect_35-39
6261,382,Somatosensory,SSp-tr5,206,4.590084303806097,44.87934999999561,effect_35-39
6262,386,Somatosensory,SSp-tr5,728,16.221268801800186,44.87934999999561,effect_35-39
6263,388,Somatosensory,SSp-tr5,372,8.288890102018776,44.87934999999561,effect_35-39
6264,389,Somatosensory,SSp-tr5,530,11.809440199112773,44.87934999999561,effect_35-39
6265,392,Somatosensory,SSp-tr5,3,0.06684588791950626,44.87934999999561,effect_35-39
6266,394,Somatosensory,SSp-tr5,74,1.648865235347821,44.87934999999561,effect_35-39
6267,395,Somatosensory,SSp-tr5,376,8.378017952578118,44.87934999999561,effect_35-39
6268,396,Somatosensory,SSp-tr5,520,11.586620572714418,44.87934999999561,effect_35-39
6269,397,Somatosensory,SSp-tr5,21,0.46792121543654386,44.87934999999561,effect_35-39
6270,398,Somatosensory,SSp-tr5,20,0.4456392527967084,44.87934999999561,effect_35-39
6271,400,Somatosensory,SSp-tr5,278,6.194385613874247,44.87934999999561,effect_35-39
6272,401,Somatosensory,SSp-tr5,129,2.874373180538769,44.87934999999561,effect_35-39
6273,402,Somatosensory,SSp-tr5,378,8.42258187785779,44.87934999999561,effect_35-39
6274,403,Somatosensory,SSp-tr5,353,7.865532811861904,44.87934999999561,effect_35-39
6275,404,Somatosensory,SSp-tr5,288,6.417205240272601,44.87934999999561,effect_35-39
6276,406,Somatosensory,SSp-tr5,0,0.0,44.87934999999561,effect_35-39
6277,407,Somatosensory,SSp-tr5,6,0.1336917758390125,44.87934999999561,effect_35-39
6278,408,Somatosensory,SSp-tr5,438,9.759499636247915,44.87934999999561,effect_35-39
6279,410,Somatosensory,SSp-tr5,239,5.325389070920665,44.87934999999561,effect_35-39
6280,413,Somatosensory,SSp-tr5,57,1.270071870470619,44.87934999999561,effect_35-39
6281,416,Somatosensory,SSp-tr5,60,1.3369177583901253,44.87934999999561,effect_35-39
6282,418,Somatosensory,SSp-tr5,130,2.8966551431786045,44.87934999999561,effect_35-39
6283,425,Somatosensory,SSp-tr4,44,0.9804063561527585,44.87934999999561,effect_35-39
6284,430,Somatosensory,SSp-tr4,2,0.04456392527967084,44.87934999999561,effect_35-39
6285,436,Somatosensory,SSp-tr4,429,9.558961972489396,44.87934999999561,effect_35-39
6286,438,Somatosensory,SSp-tr4,77,1.7157111232673274,44.87934999999561,effect_35-39
6287,439,Somatosensory,SSp-tr4,1,0.02228196263983542,44.87934999999561,effect_35-39
6288,445,Somatosensory,SSp-tr2/3,0,0.0,44.87934999999561,effect_35-39
6289,449,Somatosensory,SSp-tr2/3,2,0.04456392527967084,44.87934999999561,effect_35-39
6290,472,Thalamus,PO,663,14.772941230210884,44.87934999999561,effect_35-39
6291,473,Thalamus,PO,9,0.20053766375851878,44.87934999999561,effect_35-39
6292,475,Thalamus,PO,578,12.878974405824874,44.87934999999561,effect_35-39
6293,476,Thalamus,PO,7,0.15597373847884793,44.87934999999561,effect_35-39
6294,480,Thalamus,PO,206,4.590084303806097,44.87934999999561,effect_35-39
6295,481,Thalamus,PO,8,0.17825570111868336,44.87934999999561,effect_35-39
6296,482,Thalamus,PO,235,5.236261220361324,44.87934999999561,effect_35-39
6297,483,Thalamus,PO,189,4.211290938928895,44.87934999999561,effect_35-39
6298,485,Thalamus,LD,1191,26.537817504043986,44.87934999999561,effect_35-39
6299,486,Thalamus,LD,337,7.509021409624537,44.87934999999561,effect_35-39
6300,487,Thalamus,LD,421,9.380706271370713,44.87934999999561,effect_35-39
6301,488,Thalamus,LD,930,20.72222525504694,44.87934999999561,effect_35-39
6302,489,Thalamus,LD,716,15.95388525012216,44.87934999999561,effect_35-39
6303,490,Thalamus,LD,603,13.436023471820759,44.87934999999561,effect_35-39
6304,494,Thalamus,LD,1038,23.128677220149168,44.87934999999561,effect_35-39
6305,496,Thalamus,LD,425,9.469834121930054,44.87934999999561,effect_35-39
6306,497,Other,CA3,3,0.06684588791950626,44.87934999999561,effect_35-39
6307,501,Other,CA3,50,1.114098131991771,44.87934999999561,effect_35-39
6308,504,Other,CA3,5,0.1114098131991771,44.87934999999561,effect_35-39
6309,507,Other,CA3,48,1.0695342067121,44.87934999999561,effect_35-39
6310,509,Other,CA2,3,0.06684588791950626,44.87934999999561,effect_35-39
6311,514,Other,CA1,10,0.2228196263983542,44.87934999999561,effect_35-39
6312,515,Other,CA1,302,6.729152717230297,44.87934999999561,effect_35-39
6313,516,Other,CA1,366,8.155198326179764,44.87934999999561,effect_35-39
6314,518,Somatosensory,SSp-ll6a,43,0.9581243935129231,44.87934999999561,effect_35-39
6315,519,Somatosensory,SSp-ll6a,7,0.15597373847884793,44.87934999999561,effect_35-39
6316,520,Somatosensory,SSp-ll6a,183,4.077599163089882,44.87934999999561,effect_35-39
6317,521,Somatosensory,SSp-ll5,0,0.0,44.87934999999561,effect_35-39
6318,522,Somatosensory,SSp-ll5,9,0.20053766375851878,44.87934999999561,effect_35-39
6319,523,Somatosensory,SSp-tr5,102,2.272760189263213,44.87934999999561,effect_35-39
6320,525,Somatosensory,SSp-tr5,28,0.6238949539153917,44.87934999999561,effect_35-39
6321,527,Somatosensory,SSp-tr5,4,0.08912785055934168,44.87934999999561,effect_35-39
6322,531,Somatosensory,SSp-tr5,4,0.08912785055934168,44.87934999999561,effect_35-39
6323,534,Somatosensory,SSp-tr2/3,13,0.2896655143178605,44.87934999999561,effect_35-39
6324,538,Somatosensory,SSp-tr2/3,65,1.4483275715893023,44.87934999999561,effect_35-39
6325,544,Somatosensory,SSp-tr5,70,1.5597373847884795,44.87934999999561,effect_35-39
6326,546,Somatosensory,SSp-tr2/3,2,0.04456392527967084,44.87934999999561,effect_35-39
6327,547,Somatosensory,SSp-tr4,9,0.20053766375851878,44.87934999999561,effect_35-39
6328,549,Thalamus,VPM,231,5.147133369801982,44.87934999999561,effect_35-39
6329,551,Thalamus,PO,846,18.850540393300765,44.87934999999561,effect_35-39
6330,554,Other,CA3,0,0.0,44.87934999999561,effect_35-39
6331,557,Somatosensory,SSp-ll6a,19,0.423357290156873,44.87934999999561,effect_35-39
6332,558,Somatosensory,SSp-tr5,42,0.9358424308730877,44.87934999999561,effect_35-39
6333,560,Somatosensory,SSp-tr5,1,0.02228196263983542,44.87934999999561,effect_35-39
6334,561,Somatosensory,SSp-tr4,1,0.02228196263983542,44.87934999999561,effect_35-39
6335,563,Somatosensory,SSp-tr4,2,0.04456392527967084,44.87934999999561,effect_35-39
6336,565,Somatosensory,SSp-tr4,3,0.06684588791950626,44.87934999999561,effect_35-39
6337,567,STR,CP,66,1.4706095342291379,44.87934999999561,effect_35-39
6338,571,STR,CP,345,7.68727711074322,44.87934999999561,effect_35-39
6339,572,STR,CP,222,4.946595706043463,44.87934999999561,effect_35-39
6340,573,STR,CP,1,0.02228196263983542,44.87934999999561,effect_35-39
6341,575,STR,CP,3,0.06684588791950626,44.87934999999561,effect_35-39
6342,576,STR,CP,117,2.6069896288607444,44.87934999999561,effect_35-39
6343,577,STR,CP,92,2.0499405628648586,44.87934999999561,effect_35-39
6344,578,STR,CP,0,0.0,44.87934999999561,effect_35-39
6345,579,STR,CP,81,1.804838973826669,44.87934999999561,effect_35-39
6346,580,STR,CP,0,0.0,44.87934999999561,effect_35-39
6347,581,STR,CP,3,0.06684588791950626,44.87934999999561,effect_35-39
6348,582,STR,CP,0,0.0,44.87934999999561,effect_35-39
6349,584,STR,CP,275,6.12753972595474,44.87934999999561,effect_35-39
6350,585,STR,CP,236,5.2585431830011595,44.87934999999561,effect_35-39
6351,589,STR,CP,64,1.4260456089494669,44.87934999999561,effect_35-39
6352,592,STR,CP,17,0.37879336487720217,44.87934999999561,effect_35-39
6353,593,STR,CP,0,0.0,44.87934999999561,effect_35-39
6354,596,STR,CP,41,0.9135604682332522,44.87934999999561,effect_35-39
6355,599,STR,CP,507,11.29695505839656,44.87934999999561,effect_35-39
6356,600,STR,CP,0,0.0,44.87934999999561,effect_35-39
6357,603,STR,CP,0,0.0,44.87934999999561,effect_35-39
6358,605,STR,CP,52,1.158662057271442,44.87934999999561,effect_35-39
6359,606,STR,CP,3,0.06684588791950626,44.87934999999561,effect_35-39
6360,608,STR,CP,59,1.3146357957502899,44.87934999999561,effect_35-39
6361,615,STR,CP,111,2.4732978530217316,44.87934999999561,effect_35-39
6362,619,STR,CP,0,0.0,44.87934999999561,effect_35-39
6363,626,STR,CP,1,0.02228196263983542,44.87934999999561,effect_35-39
6364,629,STR,CP,26,0.579331028635721,44.87934999999561,effect_35-39
6365,630,STR,CP,9,0.20053766375851878,44.87934999999561,effect_35-39
6366,631,STR,CP,274,6.105257763314905,44.87934999999561,effect_35-39
6367,634,STR,CP,32,0.7130228044747334,44.87934999999561,effect_35-39
6368,635,STR,CP,63,1.4037636463096315,44.87934999999561,effect_35-39
6369,636,STR,CP,39,0.8689965429535814,44.87934999999561,effect_35-39
6370,638,STR,CP,431,9.603525897769066,44.87934999999561,effect_35-39
6371,639,STR,CP,16,0.3565114022373667,44.87934999999561,effect_35-39
6372,641,STR,CP,6,0.1336917758390125,44.87934999999561,effect_35-39
6373,642,STR,CP,101,2.2504782266233776,44.87934999999561,effect_35-39
6374,643,STR,CP,176,3.921625424611034,44.87934999999561,effect_35-39
6375,644,STR,CP,127,2.8298092552590983,44.87934999999561,effect_35-39
6376,645,STR,CP,0,0.0,44.87934999999561,effect_35-39
6377,647,STR,CP,283,6.305795427073424,44.87934999999561,effect_35-39
6378,649,STR,CP,0,0.0,44.87934999999561,effect_35-39
6379,652,STR,CP,0,0.0,44.87934999999561,effect_35-39
6380,657,STR,CP,0,0.0,44.87934999999561,effect_35-39
6381,659,STR,CP,114,2.540143740941238,44.87934999999561,effect_35-39
6382,660,STR,CP,1,0.02228196263983542,44.87934999999561,effect_35-39
6383,661,STR,CP,13,0.2896655143178605,44.87934999999561,effect_35-39
6384,662,STR,CP,0,0.0,44.87934999999561,effect_35-39
6385,665,STR,CP,0,0.0,44.87934999999561,effect_35-39
6386,671,STR,CP,24,0.53476710335605,44.87934999999561,effect_35-39
6387,674,STR,CP,0,0.0,44.87934999999561,effect_35-39
6388,683,STR,CP,292,6.506333090831943,44.87934999999561,effect_35-39
6389,686,STR,CP,6,0.1336917758390125,44.87934999999561,effect_35-39
6390,687,STR,CP,389,8.667683466895978,44.87934999999561,effect_35-39
6391,688,STR,CP,43,0.9581243935129231,44.87934999999561,effect_35-39
6392,689,STR,CP,372,8.288890102018776,44.87934999999561,effect_35-39
6393,690,STR,CP,237,5.2808251456409945,44.87934999999561,effect_35-39
6394,691,STR,CP,610,13.591997210299606,44.87934999999561,effect_35-39
6395,693,STR,CP,522,11.63118449799409,44.87934999999561,effect_35-39
6396,696,STR,CP,92,2.0499405628648586,44.87934999999561,effect_35-39
6397,699,STR,CP,346,7.709559073383056,44.87934999999561,effect_35-39
6398,701,STR,CP,43,0.9581243935129231,44.87934999999561,effect_35-39
6399,702,STR,CP,131,2.91893710581844,44.87934999999561,effect_35-39
6400,705,STR,CP,64,1.4260456089494669,44.87934999999561,effect_35-39
6401,706,STR,CP,335,7.464457484344866,44.87934999999561,effect_35-39
6402,709,STR,CP,4,0.08912785055934168,44.87934999999561,effect_35-39
6403,710,STR,CP,5,0.1114098131991771,44.87934999999561,effect_35-39
6404,714,STR,CP,1,0.02228196263983542,44.87934999999561,effect_35-39
6405,716,STR,CP,20,0.4456392527967084,44.87934999999561,effect_35-39
6406,719,STR,CP,5,0.1114098131991771,44.87934999999561,effect_35-39
6407,722,STR,CP,147,3.2754485080558067,44.87934999999561,effect_35-39
6408,724,STR,CP,6,0.1336917758390125,44.87934999999561,effect_35-39
6409,725,STR,CP,2,0.04456392527967084,44.87934999999561,effect_35-39
6410,726,STR,CP,2,0.04456392527967084,44.87934999999561,effect_35-39
6411,727,STR,CP,564,12.567026928867177,44.87934999999561,effect_35-39
6412,728,STR,CP,69,1.537455422148644,44.87934999999561,effect_35-39
6413,729,STR,CP,8,0.17825570111868336,44.87934999999561,effect_35-39
6414,730,STR,CP,0,0.0,44.87934999999561,effect_35-39
6415,733,STR,CP,0,0.0,44.87934999999561,effect_35-39
6416,736,STR,CP,183,4.077599163089882,44.87934999999561,effect_35-39
6417,737,STR,CP,0,0.0,44.87934999999561,effect_35-39
6418,739,STR,CP,0,0.0,44.87934999999561,effect_35-39
6419,742,STR,CP,11,0.24510158903818963,44.87934999999561,effect_35-39
6420,743,STR,CP,964,21.479811984801344,44.87934999999561,effect_35-39
6421,744,STR,CP,332,7.39761159642536,44.87934999999561,effect_35-39
6422,746,STR,CP,48,1.0695342067121,44.87934999999561,effect_35-39
6423,747,STR,CP,135,3.008064956377782,44.87934999999561,effect_35-39
6424,748,STR,CP,281,6.261231501793754,44.87934999999561,effect_35-39
6425,749,STR,CP,346,7.709559073383056,44.87934999999561,effect_35-39
6426,750,STR,CP,29,0.6461769165552272,44.87934999999561,effect_35-39
6427,751,STR,CP,666,14.83978711813039,44.87934999999561,effect_35-39
6428,753,STR,CP,108,2.4064519651022254,44.87934999999561,effect_35-39
6429,754,STR,CP,350,7.798686923942397,44.87934999999561,effect_35-39
6430,755,STR,CP,961,21.41296609688184,44.87934999999561,effect_35-39
6431,757,Other,ccb,139,3.0971928069371235,44.87934999999561,effect_35-39
6432,759,Other,ccb,15,0.3342294395975313,44.87934999999561,effect_35-39
6433,760,Other,ccb,6,0.1336917758390125,44.87934999999561,effect_35-39
6434,763,Other,ccb,531,11.831722161752609,44.87934999999561,effect_35-39
6435,766,Other,ccb,8,0.17825570111868336,44.87934999999561,effect_35-39
6436,767,Other,ccb,78,1.7379930859071628,44.87934999999561,effect_35-39
6437,768,Other,ccb,104,2.317324114542884,44.87934999999561,effect_35-39
6438,770,Other,ccb,0,0.0,44.87934999999561,effect_35-39
6439,771,Other,ccb,3,0.06684588791950626,44.87934999999561,effect_35-39
6440,775,Other,ccb,73,1.6265832727079856,44.87934999999561,effect_35-39
6441,777,Other,ccb,210,4.679212154365438,44.87934999999561,effect_35-39
6442,780,Other,ccb,234,5.213979257721489,44.87934999999561,effect_35-39
6443,781,Other,ccb,57,1.270071870470619,44.87934999999561,effect_35-39
6444,782,Other,ccb,35,0.7798686923942397,44.87934999999561,effect_35-39
6445,783,Other,ccb,20,0.4456392527967084,44.87934999999561,effect_35-39
6446,785,Other,ccb,689,15.352272258846606,44.87934999999561,effect_35-39
6447,786,Other,ccb,45,1.002688318792594,44.87934999999561,effect_35-39
6448,787,Other,scwm,8,0.17825570111868336,44.87934999999561,effect_35-39
6449,789,Other,ccb,74,1.648865235347821,44.87934999999561,effect_35-39
6450,791,Other,scwm,15,0.3342294395975313,44.87934999999561,effect_35-39
6451,793,Other,scwm,15,0.3342294395975313,44.87934999999561,effect_35-39
6452,796,Other,scwm,13,0.2896655143178605,44.87934999999561,effect_35-39
6453,798,Other,scwm,5,0.1114098131991771,44.87934999999561,effect_35-39
6454,799,Other,scwm,32,0.7130228044747334,44.87934999999561,effect_35-39
6455,803,Somatosensory,SSp-ul6b,18,0.40107532751703756,44.87934999999561,effect_35-39
6456,805,Somatosensory,SSp-ul6b,37,0.8244326176739105,44.87934999999561,effect_35-39
6457,807,Somatosensory,SSp-ul6a,26,0.579331028635721,44.87934999999561,effect_35-39
6458,810,Somatosensory,SSp-ul6b,14,0.31194747695769587,44.87934999999561,effect_35-39
6459,811,Somatosensory,SSp-ul6a,30,0.6684588791950626,44.87934999999561,effect_35-39
6460,820,Somatosensory,SSp-ul6a,28,0.6238949539153917,44.87934999999561,effect_35-39
6461,824,Somatosensory,SSp-ul6a,0,0.0,44.87934999999561,effect_35-39
6462,825,Somatosensory,SSp-ul6a,9,0.20053766375851878,44.87934999999561,effect_35-39
6463,830,Somatosensory,SSp-ul6a,8,0.17825570111868336,44.87934999999561,effect_35-39
6464,832,Somatosensory,SSp-ul6a,14,0.31194747695769587,44.87934999999561,effect_35-39
6465,835,Somatosensory,SSp-ul6a,5,0.1114098131991771,44.87934999999561,effect_35-39
6466,837,Somatosensory,SSp-ul6a,40,0.8912785055934168,44.87934999999561,effect_35-39
6467,839,Somatosensory,SSp-ul6a,105,2.339606077182719,44.87934999999561,effect_35-39
6468,841,Somatosensory,SSp-ul6a,400,8.912785055934169,44.87934999999561,effect_35-39
6469,842,Somatosensory,SSp-ul6a,102,2.272760189263213,44.87934999999561,effect_35-39
6470,843,Somatosensory,SSp-ul6a,89,1.9830946749453524,44.87934999999561,effect_35-39
6471,845,Somatosensory,SSp-ul6a,6,0.1336917758390125,44.87934999999561,effect_35-39
6472,847,Somatosensory,SSp-ul6a,146,3.2531665454159713,44.87934999999561,effect_35-39
6473,849,Somatosensory,SSp-ul6a,131,2.91893710581844,44.87934999999561,effect_35-39
6474,851,Somatosensory,SSp-ul6a,1029,22.928139556390647,44.87934999999561,effect_35-39
6475,852,Somatosensory,SSp-ul6a,356,7.93237869978141,44.87934999999561,effect_35-39
6476,854,Somatosensory,SSp-ul6a,188,4.189008976289059,44.87934999999561,effect_35-39
6477,855,Somatosensory,SSp-ul6a,655,14.594685529092201,44.87934999999561,effect_35-39
6478,856,Somatosensory,SSp-ul6a,1168,26.02533236332777,44.87934999999561,effect_35-39
6479,857,Somatosensory,SSp-ul6a,292,6.506333090831943,44.87934999999561,effect_35-39
6480,860,Somatosensory,SSp-ul6a,219,4.879749818123957,44.87934999999561,effect_35-39
6481,861,Somatosensory,SSp-ul6a,23,0.5124851407162146,44.87934999999561,effect_35-39
6482,862,Somatosensory,SSp-ul6a,235,5.236261220361324,44.87934999999561,effect_35-39
6483,863,Somatosensory,SSp-ul6a,261,5.815592248997045,44.87934999999561,effect_35-39
6484,865,Somatosensory,SSp-ul6a,191,4.255854864208565,44.87934999999561,effect_35-39
6485,867,Somatosensory,SSp-ul6a,499,11.118699357277874,44.87934999999561,effect_35-39
6486,868,Somatosensory,SSp-ul6a,260,5.793310286357209,44.87934999999561,effect_35-39
6487,869,Somatosensory,SSp-ul6a,966,21.524375910081016,44.87934999999561,effect_35-39
6488,870,Somatosensory,SSp-ul6a,85,1.8939668243860108,44.87934999999561,effect_35-39
6489,874,Somatosensory,SSp-ul6a,95,2.116786450784365,44.87934999999561,effect_35-39
6490,875,Somatosensory,SSp-ul6a,4,0.08912785055934168,44.87934999999561,effect_35-39
6491,876,Somatosensory,SSp-ul6a,329,7.3307657085058535,44.87934999999561,effect_35-39
6492,877,Somatosensory,SSp-ul6a,59,1.3146357957502899,44.87934999999561,effect_35-39
6493,878,Somatosensory,SSp-ul6a,225,5.01344159396297,44.87934999999561,effect_35-39
6494,879,Somatosensory,SSp-ul6a,271,6.038411875395399,44.87934999999561,effect_35-39
6495,882,Somatosensory,SSp-ul6a,304,6.773716642509968,44.87934999999561,effect_35-39
6496,884,Somatosensory,SSp-ul6a,259,5.771028323717374,44.87934999999561,effect_35-39
6497,886,Somatosensory,SSp-ul6a,327,7.286201783226183,44.87934999999561,effect_35-39
6498,887,Somatosensory,SSp-ul6a,56,1.2477899078307835,44.87934999999561,effect_35-39
6499,888,Somatosensory,SSp-ul6a,1033,23.01726740694999,44.87934999999561,effect_35-39
6500,893,Somatosensory,SSp-ul6a,13,0.2896655143178605,44.87934999999561,effect_35-39
6501,894,Somatosensory,SSp-ul6a,100,2.228196263983542,44.87934999999561,effect_35-39
6502,899,Somatosensory,SSp-ul5,166,3.69880579821268,44.87934999999561,effect_35-39
6503,900,Somatosensory,SSp-ul5,82,1.8271209364665044,44.87934999999561,effect_35-39
6504,901,Somatosensory,SSp-ul5,2,0.04456392527967084,44.87934999999561,effect_35-39
6505,902,Somatosensory,SSp-ul5,106,2.3618880398225546,44.87934999999561,effect_35-39
6506,906,Somatosensory,SSp-ul5,61,1.3591997210299607,44.87934999999561,effect_35-39
6507,909,Somatosensory,SSp-ul5,44,0.9804063561527585,44.87934999999561,effect_35-39
6508,910,Somatosensory,SSp-ul5,16,0.3565114022373667,44.87934999999561,effect_35-39
6509,914,Somatosensory,SSp-ul5,15,0.3342294395975313,44.87934999999561,effect_35-39
6510,915,Somatosensory,SSp-ul5,43,0.9581243935129231,44.87934999999561,effect_35-39
6511,916,Somatosensory,SSp-ll5,248,5.525926734679184,44.87934999999561,effect_35-39
6512,917,Somatosensory,SSp-ll5,253,5.637336547878362,44.87934999999561,effect_35-39
6513,918,Somatosensory,SSp-ll5,2,0.04456392527967084,44.87934999999561,effect_35-39
6514,924,Somatosensory,SSp-ll5,1,0.02228196263983542,44.87934999999561,effect_35-39
6515,925,Somatosensory,SSp-ll5,46,1.0249702814324293,44.87934999999561,effect_35-39
6516,934,Somatosensory,SSp-ll5,201,4.478674490606919,44.87934999999561,effect_35-39
6517,938,Somatosensory,SSp-ll5,0,0.0,44.87934999999561,effect_35-39
6518,939,Somatosensory,SSp-ll5,312,6.951972343628651,44.87934999999561,effect_35-39
6519,940,Somatosensory,SSp-ll5,1416,31.551259098006955,44.87934999999561,effect_35-39
6520,949,Somatosensory,SSp-ll5,36,0.8021506550340751,44.87934999999561,effect_35-39
6521,950,Somatosensory,SSp-ll5,62,1.381481683669796,44.87934999999561,effect_35-39
6522,953,Somatosensory,SSp-ll5,7,0.15597373847884793,44.87934999999561,effect_35-39
6523,960,Somatosensory,SSp-ll5,1,0.02228196263983542,44.87934999999561,effect_35-39
6524,966,Somatosensory,SSp-ll5,121,2.696117479420086,44.87934999999561,effect_35-39
6525,968,Somatosensory,SSp-ll5,3,0.06684588791950626,44.87934999999561,effect_35-39
6526,970,Somatosensory,SSp-ll4,1,0.02228196263983542,44.87934999999561,effect_35-39
6527,973,Somatosensory,SSp-ll4,2,0.04456392527967084,44.87934999999561,effect_35-39
6528,975,Somatosensory,SSp-ll4,0,0.0,44.87934999999561,effect_35-39
6529,977,Somatosensory,SSp-ll4,1,0.02228196263983542,44.87934999999561,effect_35-39
6530,983,STR,CP,113,2.5178617783014023,44.87934999999561,effect_35-39
6531,985,STR,CP,0,0.0,44.87934999999561,effect_35-39
6532,986,STR,CP,0,0.0,44.87934999999561,effect_35-39
6533,988,STR,CP,1,0.02228196263983542,44.87934999999561,effect_35-39
6534,990,STR,CP,136,3.0303469190176173,44.87934999999561,effect_35-39
6535,992,STR,CP,1,0.02228196263983542,44.87934999999561,effect_35-39
6536,996,STR,CP,3,0.06684588791950626,44.87934999999561,effect_35-39
6537,999,STR,CP,0,0.0,44.87934999999561,effect_35-39
6538,1001,STR,CP,0,0.0,44.87934999999561,effect_35-39
6539,1002,STR,CP,0,0.0,44.87934999999561,effect_35-39
6540,1003,STR,CP,5,0.1114098131991771,44.87934999999561,effect_35-39
6541,1004,STR,CP,10,0.2228196263983542,44.87934999999561,effect_35-39
6542,1005,STR,CP,0,0.0,44.87934999999561,effect_35-39
6543,1008,STR,CP,0,0.0,44.87934999999561,effect_35-39
6544,1010,STR,CP,0,0.0,44.87934999999561,effect_35-39
6545,1012,STR,CP,0,0.0,44.87934999999561,effect_35-39
6546,1013,STR,CP,24,0.53476710335605,44.87934999999561,effect_35-39
6547,1018,STR,CP,47,1.0472522440722647,44.87934999999561,effect_35-39
6548,1020,STR,CP,21,0.46792121543654386,44.87934999999561,effect_35-39
6549,1026,STR,CP,0,0.0,44.87934999999561,effect_35-39
6550,1027,STR,CP,0,0.0,44.87934999999561,effect_35-39
6551,1029,STR,CP,179,3.98847131253054,44.87934999999561,effect_35-39
6552,1030,STR,CP,0,0.0,44.87934999999561,effect_35-39
6553,1031,STR,CP,57,1.270071870470619,44.87934999999561,effect_35-39
6554,1033,STR,CP,15,0.3342294395975313,44.87934999999561,effect_35-39
6555,1034,STR,CP,0,0.0,44.87934999999561,effect_35-39
6556,1037,STR,CP,0,0.0,44.87934999999561,effect_35-39
6557,1038,STR,CP,0,0.0,44.87934999999561,effect_35-39
6558,1041,STR,CP,0,0.0,44.87934999999561,effect_35-39
6559,1042,STR,CP,0,0.0,44.87934999999561,effect_35-39
6560,1043,STR,CP,0,0.0,44.87934999999561,effect_35-39
6561,1045,STR,CP,5,0.1114098131991771,44.87934999999561,effect_35-39
6562,1052,STR,CP,52,1.158662057271442,44.87934999999561,effect_35-39
6563,1054,STR,CP,84,1.8716848617461754,44.87934999999561,effect_35-39
6564,1057,STR,CP,194,4.322700752128072,44.87934999999561,effect_35-39
6565,1060,STR,CP,1,0.02228196263983542,44.87934999999561,effect_35-39
6566,1061,STR,CP,1219,27.16171245795938,44.87934999999561,effect_35-39
6567,1063,STR,CP,18,0.40107532751703756,44.87934999999561,effect_35-39
6568,1065,STR,CP,10,0.2228196263983542,44.87934999999561,effect_35-39
6569,1067,STR,CP,1,0.02228196263983542,44.87934999999561,effect_35-39
6570,1068,STR,CP,15,0.3342294395975313,44.87934999999561,effect_35-39
6571,1069,STR,CP,4,0.08912785055934168,44.87934999999561,effect_35-39
6572,1070,STR,CP,20,0.4456392527967084,44.87934999999561,effect_35-39
6573,1071,STR,CP,33,0.7353047671145689,44.87934999999561,effect_35-39
6574,1072,Other,ccb,152,3.386858321254984,44.87934999999561,effect_35-39
6575,1073,Other,ccb,58,1.2923538331104545,44.87934999999561,effect_35-39
6576,1074,Other,ccb,0,0.0,44.87934999999561,effect_35-39
6577,1075,Other,ccb,56,1.2477899078307835,44.87934999999561,effect_35-39
6578,1076,Other,ccb,0,0.0,44.87934999999561,effect_35-39
6579,1077,Other,ccb,18,0.40107532751703756,44.87934999999561,effect_35-39
6580,1078,Other,ccb,333,7.419893559065195,44.87934999999561,effect_35-39
6581,1079,Other,ccb,7,0.15597373847884793,44.87934999999561,effect_35-39
6582,1080,Other,ccb,0,0.0,44.87934999999561,effect_35-39
6583,1082,Other,scwm,73,1.6265832727079856,44.87934999999561,effect_35-39
6584,1083,Other,scwm,102,2.272760189263213,44.87934999999561,effect_35-39
6585,1085,Other,scwm,9,0.20053766375851878,44.87934999999561,effect_35-39
6586,1086,Other,scwm,13,0.2896655143178605,44.87934999999561,effect_35-39
6587,1090,Somatosensory,SSp-ul6a,59,1.3146357957502899,44.87934999999561,effect_35-39
6588,1091,Somatosensory,SSp-ul6a,90,2.005376637585188,44.87934999999561,effect_35-39
6589,1092,Somatosensory,SSp-ul6a,34,0.7575867297544043,44.87934999999561,effect_35-39
6590,1093,Somatosensory,SSp-ul6a,60,1.3369177583901253,44.87934999999561,effect_35-39
6591,1094,Somatosensory,SSp-ul6a,60,1.3369177583901253,44.87934999999561,effect_35-39
6592,1095,Somatosensory,SSp-ul6a,284,6.328077389713259,44.87934999999561,effect_35-39
6593,1096,Somatosensory,SSp-ul6a,45,1.002688318792594,44.87934999999561,effect_35-39
6594,1098,Somatosensory,SSp-ul6a,19,0.423357290156873,44.87934999999561,effect_35-39
6595,1099,Somatosensory,SSp-ul6a,51,1.1363800946316065,44.87934999999561,effect_35-39
6596,1100,Somatosensory,SSp-ul6a,1,0.02228196263983542,44.87934999999561,effect_35-39
6597,1101,Somatosensory,SSp-ul6a,60,1.3369177583901253,44.87934999999561,effect_35-39
6598,1102,Somatosensory,SSp-ul5,2,0.04456392527967084,44.87934999999561,effect_35-39
6599,1103,Somatosensory,SSp-ul5,48,1.0695342067121,44.87934999999561,effect_35-39
6600,1106,Somatosensory,SSp-ul5,0,0.0,44.87934999999561,effect_35-39
6601,1107,Somatosensory,SSp-ul5,85,1.8939668243860108,44.87934999999561,effect_35-39
6602,1108,Somatosensory,SSp-ul5,73,1.6265832727079856,44.87934999999561,effect_35-39
6603,1111,Somatosensory,SSp-ll5,5,0.1114098131991771,44.87934999999561,effect_35-39
6604,1113,Somatosensory,SSp-ll5,0,0.0,44.87934999999561,effect_35-39
6605,1115,Somatosensory,SSp-ll5,15,0.3342294395975313,44.87934999999561,effect_35-39
6606,1117,Somatosensory,SSp-ll5,1,0.02228196263983542,44.87934999999561,effect_35-39
6607,1118,Somatosensory,SSp-ll5,32,0.7130228044747334,44.87934999999561,effect_35-39
6608,1119,Somatosensory,SSp-ll5,92,2.0499405628648586,44.87934999999561,effect_35-39
6609,1122,Somatosensory,SSp-ll5,0,0.0,44.87934999999561,effect_35-39
6610,1123,Somatosensory,SSp-ll5,3,0.06684588791950626,44.87934999999561,effect_35-39
6611,1127,Somatosensory,SSp-ll4,3,0.06684588791950626,44.87934999999561,effect_35-39
6612,1128,STR,CP,59,1.3146357957502899,44.87934999999561,effect_35-39
6613,1130,STR,CP,1,0.02228196263983542,44.87934999999561,effect_35-39
6614,1131,STR,CP,0,0.0,44.87934999999561,effect_35-39
6615,1132,STR,CP,9,0.20053766375851878,44.87934999999561,effect_35-39
6616,1133,STR,CP,7,0.15597373847884793,44.87934999999561,effect_35-39
6617,1134,STR,CP,0,0.0,44.87934999999561,effect_35-39
6618,1135,STR,CP,0,0.0,44.87934999999561,effect_35-39
6619,1136,STR,CP,0,0.0,44.87934999999561,effect_35-39
6620,1139,STR,CP,16,0.3565114022373667,44.87934999999561,effect_35-39
6621,1141,STR,CP,3,0.06684588791950626,44.87934999999561,effect_35-39
6622,1142,STR,CP,0,0.0,44.87934999999561,effect_35-39
6623,1143,STR,CP,40,0.8912785055934168,44.87934999999561,effect_35-39
6624,1146,STR,CP,0,0.0,44.87934999999561,effect_35-39
6625,1147,STR,CP,8,0.17825570111868336,44.87934999999561,effect_35-39
6626,1152,Other,ccb,3,0.06684588791950626,44.87934999999561,effect_35-39
6627,1153,Somatosensory,SSp-ul6a,2,0.04456392527967084,44.87934999999561,effect_35-39
6628,1154,Somatosensory,SSp-ul6a,1,0.02228196263983542,44.87934999999561,effect_35-39
6629,1158,Somatosensory,SSp-ul5,84,1.8716848617461754,44.87934999999561,effect_35-39
6630,1160,Somatosensory,SSp-ll5,3,0.06684588791950626,44.87934999999561,effect_35-39
6631,1161,Somatosensory,SSp-ll4,0,0.0,44.87934999999561,effect_35-39
6632,1163,STR,CP,0,0.0,44.87934999999561,effect_35-39
6633,1164,Somatosensory,SSp-ul6a,21,0.46792121543654386,44.87934999999561,effect_35-39
6634,1166,Somatosensory,SSp-ul5,9,0.20053766375851878,44.87934999999561,effect_35-39
6635,1171,STR,CP,0,0.0,44.87934999999561,effect_35-39
6636,1172,STR,CP,0,0.0,44.87934999999561,effect_35-39
6637,1177,STR,CP,0,0.0,44.87934999999561,effect_35-39
6638,1179,STR,CP,8,0.17825570111868336,44.87934999999561,effect_35-39
6639,1180,Other,ccb,159,3.542832059733832,44.87934999999561,effect_35-39
6640,1181,Other,scwm,2,0.04456392527967084,44.87934999999561,effect_35-39
6641,1182,Somatosensory,SSp-ul6a,3,0.06684588791950626,44.87934999999561,effect_35-39
6642,1183,Somatosensory,SSp-ul6a,28,0.6238949539153917,44.87934999999561,effect_35-39
6643,1184,Somatosensory,SSp-ul5,75,1.6711471979876567,44.87934999999561,effect_35-39
6644,1186,Somatosensory,SSp-ll5,3,0.06684588791950626,44.87934999999561,effect_35-39
6645,1187,Somatosensory,SSp-ll5,10,0.2228196263983542,44.87934999999561,effect_35-39
6646,1188,Somatosensory,SSp-ll5,1,0.02228196263983542,44.87934999999561,effect_35-39
6647,1189,Somatosensory,SSp-ll4,5,0.1114098131991771,44.87934999999561,effect_35-39
6648,1191,STR,CP,4,0.08912785055934168,44.87934999999561,effect_35-39
6649,1192,STR,CP,0,0.0,44.87934999999561,effect_35-39
6650,1196,STR,CP,0,0.0,44.87934999999561,effect_35-39
6651,1197,STR,CP,0,0.0,44.87934999999561,effect_35-39
6652,1199,Somatosensory,SSp-ul6a,0,0.0,44.87934999999561,effect_35-39
6653,1201,STR,CP,5,0.1114098131991771,44.87934999999561,effect_35-39
6654,1202,Somatosensory,SSp-ll4,0,0.0,44.87934999999561,effect_35-39
6655,1203,STR,CP,0,0.0,44.87934999999561,effect_35-39
6656,1204,STR,LSr,231,5.147133369801982,44.87934999999561,effect_35-39
6657,1208,STR,LSr,1,0.02228196263983542,44.87934999999561,effect_35-39
6658,1210,STR,LSr,12,0.267383551678025,44.87934999999561,effect_35-39
6659,1211,STR,LSr,137,3.0526288816574527,44.87934999999561,effect_35-39
6660,1212,STR,LSr,59,1.3146357957502899,44.87934999999561,effect_35-39
6661,1214,STR,LSr,60,1.3369177583901253,44.87934999999561,effect_35-39
6662,1215,STR,LSr,680,15.151734595088087,44.87934999999561,effect_35-39
6663,1216,STR,LSr,719,16.02073113804167,44.87934999999561,effect_35-39
6664,1219,STR,LSr,1287,28.676885917468187,44.87934999999561,effect_35-39
6665,1220,STR,LSr,19,0.423357290156873,44.87934999999561,effect_35-39
6666,1221,STR,LSr,343,7.642713185463549,44.87934999999561,effect_35-39
6667,1222,STR,LSr,494,11.007289544078699,44.87934999999561,effect_35-39
6668,1223,STR,LSr,361,8.043788512980587,44.87934999999561,effect_35-39
6669,1224,STR,LSr,414,9.224732532891863,44.87934999999561,effect_35-39
6670,1227,STR,LSr,208,4.634648229085768,44.87934999999561,effect_35-39
6671,1229,STR,LSr,28,0.6238949539153917,44.87934999999561,effect_35-39
6672,1231,STR,LSr,221,4.924313743403628,44.87934999999561,effect_35-39
6673,1234,STR,LSr,438,9.759499636247915,44.87934999999561,effect_35-39
6674,1235,STR,LSr,336,7.486739446984702,44.87934999999561,effect_35-39
6675,1238,STR,LSr,94,2.0945044881445294,44.87934999999561,effect_35-39
6676,1239,STR,LSr,190,4.23357290156873,44.87934999999561,effect_35-39
6677,1241,STR,CP,988,22.014579088157397,44.87934999999561,effect_35-39
6678,1242,STR,CP,806,17.95926188770735,44.87934999999561,effect_35-39
6679,1244,Other,fa,16,0.3565114022373667,44.87934999999561,effect_35-39
6680,1249,Other,fa,553,12.321925339828988,44.87934999999561,effect_35-39
6681,1251,Other,fa,436,9.714935710968243,44.87934999999561,effect_35-39
6682,1252,Other,fa,195,4.344982714767907,44.87934999999561,effect_35-39
6683,1254,Other,fa,245,5.4590808467596785,44.87934999999561,effect_35-39
6684,1255,Other,fa,2,0.04456392527967084,44.87934999999561,effect_35-39
6685,1257,Other,fa,69,1.537455422148644,44.87934999999561,effect_35-39
6686,1258,Other,fa,397,8.845939168014661,44.87934999999561,effect_35-39
6687,1260,Other,fa,53,1.1809440199112773,44.87934999999561,effect_35-39
6688,1261,Other,fa,276,6.149821688594576,44.87934999999561,effect_35-39
6689,1263,Other,fa,294,6.550897016111613,44.87934999999561,effect_35-39
6690,1264,Other,fa,443,9.870909449447092,44.87934999999561,effect_35-39
6691,1266,Other,fa,401,8.935067018574003,44.87934999999561,effect_35-39
6692,1268,Other,fa,22,0.49020317807637925,44.87934999999561,effect_35-39
6693,1269,Other,fa,60,1.3369177583901253,44.87934999999561,effect_35-39
6694,1270,Other,fa,6,0.1336917758390125,44.87934999999561,effect_35-39
6695,1275,Other,fa,57,1.270071870470619,44.87934999999561,effect_35-39
6696,1276,Other,fa,0,0.0,44.87934999999561,effect_35-39
6697,1280,Other,fa,0,0.0,44.87934999999561,effect_35-39
6698,1281,Other,fa,12,0.267383551678025,44.87934999999561,effect_35-39
6699,1282,Other,fa,304,6.773716642509968,44.87934999999561,effect_35-39
6700,1284,Other,fa,222,4.946595706043463,44.87934999999561,effect_35-39
6701,1286,Other,fa,4,0.08912785055934168,44.87934999999561,effect_35-39
6702,1287,Other,fa,284,6.328077389713259,44.87934999999561,effect_35-39
6703,1291,Other,fa,172,3.8324975740516924,44.87934999999561,effect_35-39
6704,1292,Other,fa,280,6.238949539153918,44.87934999999561,effect_35-39
6705,1293,Other,fa,30,0.6684588791950626,44.87934999999561,effect_35-39
6706,1294,Other,fa,217,4.835185892844287,44.87934999999561,effect_35-39
6707,1295,Other,fa,169,3.7656516861321863,44.87934999999561,effect_35-39
6708,1296,Other,fa,101,2.2504782266233776,44.87934999999561,effect_35-39
6709,1297,Other,fa,211,4.701494117005274,44.87934999999561,effect_35-39
6710,1300,Other,fa,280,6.238949539153918,44.87934999999561,effect_35-39
6711,1301,Other,fa,244,5.436798884119843,44.87934999999561,effect_35-39
6712,1306,Other,fa,462,10.294266739603964,44.87934999999561,effect_35-39
6713,1309,Other,fa,184,4.099881125729717,44.87934999999561,effect_35-39
6714,1310,Other,fa,2,0.04456392527967084,44.87934999999561,effect_35-39
6715,1312,Other,cing,335,7.464457484344866,44.87934999999561,effect_35-39
6716,1313,Other,cing,129,2.874373180538769,44.87934999999561,effect_35-39
6717,1315,Motor,MOs6b,111,2.4732978530217316,44.87934999999561,effect_35-39
6718,1316,Motor,MOs6a,425,9.469834121930054,44.87934999999561,effect_35-39
6719,1317,Motor,MOs6a,144,3.2086026201363005,44.87934999999561,effect_35-39
6720,1318,Motor,MOs6a,319,7.1079460821075,44.87934999999561,effect_35-39
6721,1321,Motor,MOs6a,523,11.653466460633926,44.87934999999561,effect_35-39
6722,1326,Motor,MOs6a,64,1.4260456089494669,44.87934999999561,effect_35-39
6723,1329,Motor,MOs6a,85,1.8939668243860108,44.87934999999561,effect_35-39
6724,1333,Motor,MOs6a,259,5.771028323717374,44.87934999999561,effect_35-39
6725,1334,Motor,MOs6a,315,7.018818231548158,44.87934999999561,effect_35-39
6726,1336,Motor,MOs6a,23,0.5124851407162146,44.87934999999561,effect_35-39
6727,1339,Motor,MOs6a,196,4.367264677407743,44.87934999999561,effect_35-39
6728,1340,Motor,MOs6a,6,0.1336917758390125,44.87934999999561,effect_35-39
6729,1341,Motor,MOs6a,129,2.874373180538769,44.87934999999561,effect_35-39
6730,1342,Motor,MOs6a,575,12.812128517905366,44.87934999999561,effect_35-39
6731,1346,Motor,MOs5,0,0.0,44.87934999999561,effect_35-39
6732,1352,Motor,MOs5,12,0.267383551678025,44.87934999999561,effect_35-39
6733,1355,Motor,MOs5,1,0.02228196263983542,44.87934999999561,effect_35-39
6734,1357,Motor,MOs5,14,0.31194747695769587,44.87934999999561,effect_35-39
6735,1359,Motor,MOs5,29,0.6461769165552272,44.87934999999561,effect_35-39
6736,1361,Motor,MOs5,40,0.8912785055934168,44.87934999999561,effect_35-39
6737,1364,Motor,MOs5,168,3.743369723492351,44.87934999999561,effect_35-39
6738,1366,STR,LSr,66,1.4706095342291379,44.87934999999561,effect_35-39
6739,1367,STR,LSr,84,1.8716848617461754,44.87934999999561,effect_35-39
6740,1368,STR,LSr,122,2.7183994420599213,44.87934999999561,effect_35-39
6741,1370,STR,LSr,18,0.40107532751703756,44.87934999999561,effect_35-39
6742,1372,STR,LSr,175,3.8993434619711986,44.87934999999561,effect_35-39
6743,1373,STR,LSr,290,6.461769165552272,44.87934999999561,effect_35-39
6744,1375,STR,LSr,154,3.431422246534655,44.87934999999561,effect_35-39
6745,1376,STR,LSr,55,1.225507945190948,44.87934999999561,effect_35-39
6746,1377,Other,fa,6,0.1336917758390125,44.87934999999561,effect_35-39
6747,1378,Other,fa,4,0.08912785055934168,44.87934999999561,effect_35-39
6748,1379,Other,fa,82,1.8271209364665044,44.87934999999561,effect_35-39
6749,1380,Other,fa,108,2.4064519651022254,44.87934999999561,effect_35-39
6750,1381,Other,fa,3,0.06684588791950626,44.87934999999561,effect_35-39
6751,1383,Other,fa,1,0.02228196263983542,44.87934999999561,effect_35-39
6752,1386,Other,fa,1,0.02228196263983542,44.87934999999561,effect_35-39
6753,1387,Other,fa,87,1.9385307496656816,44.87934999999561,effect_35-39
6754,1388,Other,fa,4,0.08912785055934168,44.87934999999561,effect_35-39
6755,1390,Other,fa,247,5.503644772039349,44.87934999999561,effect_35-39
6756,1394,Motor,MOs6b,40,0.8912785055934168,44.87934999999561,effect_35-39
6757,1395,Motor,MOs6a,54,1.2032259825511127,44.87934999999561,effect_35-39
6758,1396,Motor,MOs6a,2,0.04456392527967084,44.87934999999561,effect_35-39
6759,1400,Motor,MOs6a,79,1.7602750485469982,44.87934999999561,effect_35-39
6760,1407,STR,LSr,1,0.02228196263983542,44.87934999999561,effect_35-39
6761,1409,STR,LSr,6,0.1336917758390125,44.87934999999561,effect_35-39
6762,1410,Other,fa,9,0.20053766375851878,44.87934999999561,effect_35-39
6763,1412,Other,fa,0,0.0,44.87934999999561,effect_35-39
6764,1414,Other,fa,4,0.08912785055934168,44.87934999999561,effect_35-39
6765,1415,Other,fa,35,0.7798686923942397,44.87934999999561,effect_35-39
6766,1416,Other,fa,543,12.099105713430633,44.87934999999561,effect_35-39
6767,1417,Other,fa,47,1.0472522440722647,44.87934999999561,effect_35-39
6768,1418,Other,fa,291,6.484051128192108,44.87934999999561,effect_35-39
6769,1424,Other,fa,12,0.267383551678025,44.87934999999561,effect_35-39
