,amplitude_cutoff,electrode_group,electrodes,electrodes_index,id,isi_violations,location,presence_ratio,spike_times,spike_times_index,waveform_duration,x,y,z,spike_count,brain_area
4,0.0065556281759035,<HDF5 object reference>,1,5,4,0.0297629217438934,PCN,0.99,16.032076232312136,283017,0.535678391959799,277,173,197,100171,Other
7,0.0009729727883531,<HDF5 object reference>,3,8,7,0.0017943931735144,PCN,0.99,16.867741459658532,519522,0.5082077051926297,277,172,196,171740,Other
10,0.0002265988179101,<HDF5 object reference>,2,11,10,0.0016179211604875,PCN,0.99,17.38744056454715,757020,0.4944723618090452,277,172,197,127890,Other
11,9.752896123250282e-05,<HDF5 object reference>,2,12,11,0.0058399340782496,PCN,0.99,17.400907208019305,881663,0.5768844221105527,277,172,197,124643,Other
12,0.0005493620176063,<HDF5 object reference>,2,13,12,0.0094858271112263,PCN,0.99,17.505440361308445,1012570,0.5906197654941374,277,172,197,130907,Other
14,4.594956933292188e-05,<HDF5 object reference>,3,15,14,0.0016479614785964,PCN,0.99,17.627773483939507,1142593,0.5082077051926297,277,172,196,126719,Other
16,0.0085964134761873,<HDF5 object reference>,6,17,16,0.0606783745094652,PCN,0.99,17.837473122760287,1324676,0.5219430485762144,277,171,196,118922,Other
20,3.5863856070826456e-05,<HDF5 object reference>,6,21,20,0.0,PCN,0.99,18.259439062647687,1562545,0.4670016750418761,277,171,196,136308,Other
21,0.0057790561054442,<HDF5 object reference>,7,22,21,0.0439765462755792,PCN,0.99,18.284072353553483,1776597,0.5906197654941373,277,170,196,214052,Other
23,0.0733570282462664,<HDF5 object reference>,6,24,23,0.040141510780164,PCN,0.99,18.703604964298677,1985497,0.5494137353433836,277,171,196,156479,Other
25,0.0409590575506073,<HDF5 object reference>,9,26,25,0.0493458090752956,PCN,0.99,18.89417130274063,2140998,0.5631490787269681,277,169,196,114121,Other
26,0.0003528204306241,<HDF5 object reference>,9,27,26,0.0209086081585688,PCN,0.99,19.012471098985202,2309480,0.535678391959799,277,169,196,168482,Other
27,0.0021492983352007,<HDF5 object reference>,9,28,27,0.0541535676817453,PCN,0.99,19.394403774491195,2441850,0.4807370184254606,277,169,196,132370,Other
29,0.0229638956523178,<HDF5 object reference>,10,30,29,0.2535880052300606,PCN,0.99,19.406703753306147,2536637,0.5906197654941374,277,169,196,17267,Other
30,0.0009622044055974,<HDF5 object reference>,10,31,30,0.0225121763792729,PCN,0.99,19.509103576936297,2660254,0.5356783919597989,277,169,196,123617,Other
31,0.0006548978994902,<HDF5 object reference>,10,32,31,0.0223899163797121,PCN,0.99,19.648503336839042,2763390,0.5082077051926298,277,169,196,103136,Other
35,0.0897745007705117,<HDF5 object reference>,10,36,35,0.219495615561949,PCN,0.99,19.869136290161975,3051288,0.5768844221105527,277,169,196,21960,Other
36,0.0509440465935804,<HDF5 object reference>,12,37,36,0.0328661471212955,PCN,0.99,19.956136140316517,3111957,0.6730318257956448,277,168,196,60669,Other
37,2.245268475567412e-06,<HDF5 object reference>,14,38,37,0.0,PCN,0.99,19.99026941485988,3227305,0.5219430485762143,277,167,195,115348,Other
38,0.0015695815985717,<HDF5 object reference>,13,39,38,0.0521504133110571,PCN,0.99,20.213302364049127,3392401,0.5082077051926298,277,168,195,165096,Other
40,0.0021821792323669,<HDF5 object reference>,13,41,40,0.006627530929339,PCN,0.99,20.60110169611727,3657733,0.4944723618090451,277,168,195,240023,Other
43,1.9457706127529573e-05,<HDF5 object reference>,17,44,43,0.0005081838181606,PCN,0.99,20.979301044720046,4009167,0.5631490787269682,277,166,195,121975,Other
44,0.0256915074392741,<HDF5 object reference>,17,45,44,0.0329554015624032,PCN,0.99,21.055467580200173,4117865,0.5219430485762143,277,166,195,108698,Other
47,0.0020860251635441,<HDF5 object reference>,18,48,47,0.0333694136071041,CL,0.99,21.885299484260315,4489413,0.535678391959799,277,166,195,64743,Thalamus
48,0.0004592721495209,<HDF5 object reference>,18,49,48,0.0,CL,0.99,22.204865600517564,4509744,0.6318257956448912,277,166,195,20331,Thalamus
50,0.00022527389667,<HDF5 object reference>,17,51,50,0.0012963552059291,PCN,0.99,22.759464645295736,4695823,0.5906197654941373,277,166,195,93533,Other
51,0.0007032577759973,<HDF5 object reference>,19,52,51,0.0011052676206118,CL,0.99,23.173063932926937,4778531,0.5631490787269682,277,165,195,82708,Thalamus
52,0.0001295126636741,<HDF5 object reference>,20,53,52,0.0,CL,0.99,23.284230408124415,4868405,0.4807370184254606,277,164,195,89874,Thalamus
53,0.0005233305368923,<HDF5 object reference>,21,54,53,0.0099525738150607,MD,0.99,23.29239706072508,5113383,0.4944723618090452,277,164,195,244978,Thalamus
54,0.0065032894671755,<HDF5 object reference>,21,55,54,0.0321774541346662,MD,0.99,23.62829648218377,5231125,0.4807370184254606,277,164,195,117742,Thalamus
56,0.0066833676887331,<HDF5 object reference>,22,57,56,0.0622744888685977,MD,0.99,24.932894235190645,5429485,0.5219430485762144,277,164,194,63297,Thalamus
59,0.0001944483112629,<HDF5 object reference>,24,60,59,0.0105296165076,MD,0.99,25.420760061574413,5634725,0.5219430485762144,277,163,194,112097,Thalamus
60,2.115636344403442e-06,<HDF5 object reference>,23,61,60,0.0,MD,0.99,25.64355967783223,5757044,0.4944723618090452,277,163,194,122319,Thalamus
63,0.0009650011438442,<HDF5 object reference>,26,64,63,0.0489388275869866,CL,0.99,25.81602604744893,5943895,0.5768844221105528,277,162,195,131835,Thalamus
64,0.0071584790595626,<HDF5 object reference>,25,65,64,0.2731969735953262,MD,0.99,25.855859312174857,6201320,0.5219430485762143,277,162,194,257425,Thalamus
65,0.0001867946363876,<HDF5 object reference>,26,66,65,0.0007417399019063,CL,0.99,26.05065897665878,6344101,0.4944723618090452,277,162,195,142781,Thalamus
66,0.0003591935607449,<HDF5 object reference>,26,67,66,0.0157408122914536,CL,0.99,26.186192076554676,6415118,0.535678391959799,277,162,195,71017,Thalamus
68,0.0002497105667691,<HDF5 object reference>,27,69,68,0.0010352415037277,CL,0.99,26.323558506626227,6524155,0.4944723618090452,277,161,195,60429,Thalamus
69,0.0368336388635518,<HDF5 object reference>,27,70,69,0.0328728449923604,CL,0.99,26.404258367631655,6622440,0.5494137353433837,277,161,195,98285,Thalamus
70,0.0001530725085439,<HDF5 object reference>,28,71,70,0.0,CL,0.99,26.693791202283876,6699411,0.4807370184254607,277,161,195,76971,Thalamus
72,0.000593259948838,<HDF5 object reference>,30,73,72,0.009173472161898,CL,0.99,27.1426237625638,6767943,0.5494137353433836,277,160,194,67328,Thalamus
73,0.0030030865312555,<HDF5 object reference>,26,74,73,0.0183338576018053,CL,0.99,27.179023699869845,6882819,0.5356783919597989,277,162,195,114876,Thalamus
77,2.819872530658772e-06,<HDF5 object reference>,28,78,77,0.0,CL,0.99,27.594856316987773,7253594,0.5082077051926298,277,161,195,91771,Thalamus
78,0.000317189168721,<HDF5 object reference>,32,79,78,0.0028066890403419,CL,0.99,27.8874558130247,7305496,0.4807370184254607,277,159,194,51902,Thalamus
82,7.824660389448194e-05,<HDF5 object reference>,33,83,82,0.0005104108016193,CL,0.99,28.35642167196113,7458862,0.4532663316582916,277,159,194,149062,Thalamus
84,6.947831208694991e-05,<HDF5 object reference>,33,85,84,0.0,CL,0.99,28.493888101860477,7589345,0.4395309882747068,277,159,194,103871,Thalamus
85,0.0071545363468859,<HDF5 object reference>,34,86,85,0.0211059961789933,MD,0.99,28.757587647673688,7712005,0.5494137353433834,277,158,193,122660,Thalamus
86,2.1963535087767816e-05,<HDF5 object reference>,34,87,86,0.0,MD,0.99,29.74548594615254,7849449,0.4944723618090452,277,158,193,137444,Thalamus
87,0.0011825319180884,<HDF5 object reference>,38,88,87,0.0605266932902261,CL,0.99,29.81625249093338,7928084,0.5356783919597989,277,157,193,78635,Thalamus
88,0.0001249994172832,<HDF5 object reference>,38,89,88,0.0,CL,0.99,29.954285586523383,7991894,0.4944723618090452,277,157,193,63810,Thalamus
89,3.526114073842409e-05,<HDF5 object reference>,37,90,89,0.0,CL,0.99,30.230551777358926,8074340,0.4807370184254607,277,157,193,82446,Thalamus
90,0.0008764036751939,<HDF5 object reference>,37,91,90,0.0215181926248465,CL,0.99,30.266485048802053,8100849,0.4944723618090452,277,157,193,26509,Thalamus
91,0.0013516198289473,<HDF5 object reference>,37,92,91,0.020465211106686,CL,0.99,30.778050834365843,8242093,0.4395309882747068,277,157,193,141244,Thalamus
92,4.1768637875715136e-05,<HDF5 object reference>,38,93,92,0.0018188901234324,CL,0.99,30.94835054104766,8321056,0.5082077051926298,277,157,193,78963,Thalamus
94,0.000102265576124,<HDF5 object reference>,38,95,94,0.0,CL,0.99,31.04648370535989,8440573,0.4807370184254607,277,157,193,93711,Thalamus
95,0.0114519427171669,<HDF5 object reference>,38,96,95,0.0222657969934286,CL,0.99,31.087650301122665,8594747,0.4807370184254606,277,157,193,154174,Thalamus
96,0.0002002356759867,<HDF5 object reference>,39,97,96,0.0243892242951999,CL,0.99,31.429516378971243,8667343,0.5219430485762144,277,156,192,72596,Thalamus
97,0.004377107360869,<HDF5 object reference>,41,98,97,0.0258225482895174,CL,0.99,31.59718275685526,8770721,0.4807370184254607,277,155,192,103378,Thalamus
98,8.863888676174529e-05,<HDF5 object reference>,41,99,98,0.0034089288701691,CL,0.99,31.61344939550486,8837323,0.4944723618090452,277,155,192,66602,Thalamus
99,0.0029950199239013,<HDF5 object reference>,41,100,99,0.1046963455089225,CL,0.99,31.844382331087445,8921663,0.6318257956448912,277,155,192,84340,Thalamus
101,0.0004971414123521,<HDF5 object reference>,40,102,101,0.0,CL,0.99,32.2054150425908,8951929,0.5356783919597988,277,156,192,28841,Thalamus
102,0.0008512569468705,<HDF5 object reference>,41,103,102,0.0166479147890741,CL,0.99,32.322548174178166,8991798,0.5082077051926298,277,155,192,39869,Thalamus
107,9.076028645020833e-05,<HDF5 object reference>,42,108,107,0.0057129098436586,CL,0.99,32.77181406704511,9159757,0.5082077051926298,277,155,192,92749,Thalamus
108,0.0097126676139994,<HDF5 object reference>,40,109,108,0.0159545115537129,CL,0.99,32.9858803650115,9219374,0.5631490787269682,277,156,192,59617,Thalamus
109,0.0007957428423264,<HDF5 object reference>,44,110,109,0.0090419492610615,CL,0.99,33.201546660222164,9323635,0.6455611390284757,277,154,192,104261,Thalamus
110,3.023746601369676e-06,<HDF5 object reference>,43,111,110,0.0005082704377854,CL,0.99,33.26857987809984,9409877,0.5356783919597989,277,155,192,86242,Thalamus
111,0.0001920751985376,<HDF5 object reference>,45,112,111,0.0058777174632428,CL,0.99,33.59521264885245,9553339,0.5356783919597988,277,154,192,143462,Thalamus
112,2.469707306696717e-05,<HDF5 object reference>,45,113,112,0.0012510113388061,CL,0.99,34.100178445783854,9648552,0.5768844221105527,277,154,192,95213,Thalamus
113,0.0003796232242039,<HDF5 object reference>,45,114,113,0.0063933136442029,CL,0.99,34.39624460251662,9748812,0.4670016750418761,277,154,192,100260,Thalamus
114,2.7059815300980027e-06,<HDF5 object reference>,45,115,114,0.0210733081211028,CL,0.99,34.63577752328689,9844462,0.4944723618090451,277,154,192,95650,Thalamus
117,0.0002995813677652,<HDF5 object reference>,46,118,117,0.0055397907679799,CL,0.99,34.887477089768424,9917923,0.4944723618090452,277,153,192,45246,Thalamus
119,0.0021744216783547,<HDF5 object reference>,46,120,119,0.0409237653896572,CL,0.99,34.97624360354678,10067332,0.5631490787269682,277,153,192,53513,Thalamus
120,0.0002066989023029,<HDF5 object reference>,50,121,120,0.0485749596323283,CL,0.99,35.15874328921575,10129085,0.5082077051926299,277,152,191,61753,Thalamus
124,0.0001111589906429,<HDF5 object reference>,49,125,124,0.0125180465186484,CL,0.99,35.43177615228694,10340473,0.4944723618090452,277,152,191,93583,Thalamus
126,0.007195711932,<HDF5 object reference>,48,127,126,0.0578003878501515,CL,0.99,36.574040851557186,10405629,0.6043551088777219,277,152,192,32349,Thalamus
127,0.0005105070327634,<HDF5 object reference>,48,128,127,0.0,CL,0.99,36.6762406755318,10438298,0.5494137353433837,277,152,192,32669,Thalamus
128,0.001054634273061,<HDF5 object reference>,49,129,128,0.0907758100122526,CL,0.99,36.71267394611374,10486590,0.5082077051926297,277,152,191,48292,Thalamus
130,0.0238376720878609,<HDF5 object reference>,49,131,130,0.0,CL,0.86,37.0846733053952,10506875,0.5631490787269682,277,152,191,203,Thalamus
131,0.0009510380525583,<HDF5 object reference>,50,132,131,0.0143404023562424,CL,0.99,37.23183971858765,10591241,0.5219430485762144,277,152,191,84366,Thalamus
132,5.7958011648623584e-05,<HDF5 object reference>,50,133,132,0.0,CL,0.99,37.54953917139329,10595706,0.4807370184254607,277,152,191,4465,Thalamus
133,0.0001856519211801,<HDF5 object reference>,50,134,133,0.0068800471026253,CL,0.99,37.64510567345957,10673450,0.7554438860971525,277,152,191,77744,Thalamus
134,0.0060847953331722,<HDF5 object reference>,50,135,134,0.0901717874405295,CL,0.99,37.71863888014195,10729524,0.5906197654941373,277,152,191,56074,Thalamus
137,0.0002022532428332,<HDF5 object reference>,48,138,137,0.0039973450259844,CL,0.99,37.93190517948625,10891610,0.4807370184254607,277,152,192,61505,Thalamus
138,0.0029192482179237,<HDF5 object reference>,51,139,138,0.0157134504507375,CL,0.99,37.973171775076764,10938142,0.5082077051926298,277,151,191,46532,Thalamus
139,0.014217690499504,<HDF5 object reference>,52,140,139,0.0400767273352518,CL,0.99,38.26143794524398,11040005,0.5082077051926297,277,151,191,101863,Thalamus
140,0.0007594239788266,<HDF5 object reference>,52,141,140,0.009046124910354,CL,0.99,38.32280450621505,11138044,0.6455611390284757,277,151,191,98039,Thalamus
141,0.0292541863887707,<HDF5 object reference>,53,142,141,0.0544278281021387,CL,0.99,38.34707113108573,11257950,0.535678391959799,277,150,191,119906,Thalamus
142,0.0001862136049281,<HDF5 object reference>,53,143,142,0.0032571478327912,CL,0.99,39.074569878067564,11370941,0.4670016750418761,277,150,191,112991,Thalamus
143,0.0542088994605375,<HDF5 object reference>,53,144,143,0.1834643482313462,CL,0.99,39.17716970135325,11481294,0.4944723618090452,277,150,191,110353,Thalamus
145,0.0001983164650469,<HDF5 object reference>,54,146,145,0.0,CL,0.99,39.26003622529356,11543954,0.4807370184254607,277,150,191,59054,Thalamus
146,0.0019256386726153,<HDF5 object reference>,54,147,146,0.1296048857474428,CL,0.99,39.37270269790747,11619178,0.5356783919597989,277,150,191,75224,Thalamus
147,0.0058512109508588,<HDF5 object reference>,55,148,147,0.0120669055256515,CL,0.99,39.63873557303515,11732512,0.5631490787269682,277,149,191,113334,Thalamus
148,0.0007205926241554,<HDF5 object reference>,55,149,148,0.0,CL,0.99,39.7456687221906,11779660,0.6455611390284757,277,149,191,47148,Thalamus
150,0.0502355424251503,<HDF5 object reference>,58,151,150,0.0369681004457414,CL,0.99,40.4327342054799,11855491,0.6043551088777218,277,148,191,75674,Thalamus
151,0.0016477284093071,<HDF5 object reference>,56,152,151,0.0087573719075448,CL,0.99,40.46186748863511,11983568,0.5906197654941374,277,149,191,128077,Thalamus
152,0.0067333129781189,<HDF5 object reference>,56,153,152,0.1001566073972433,CL,0.99,40.79686691164392,12021440,0.4670016750418761,277,149,191,37872,Thalamus
155,2.765687004044754e-06,<HDF5 object reference>,57,156,155,0.0,CL,0.99,40.99119991026498,12166094,0.4944723618090452,277,149,191,93643,Thalamus
158,3.4182564395302363e-06,<HDF5 object reference>,58,159,158,0.0,CL,0.99,41.3863658963117,12323779,0.5631490787269682,277,148,191,75706,Thalamus
160,0.0256009471842154,<HDF5 object reference>,58,161,160,0.0356750148029281,CL,0.99,41.84706510281961,12468541,0.5906197654941373,277,148,191,20588,Thalamus
161,0.0051499847362113,<HDF5 object reference>,59,162,161,0.283935429987698,CL,0.89,41.885831702716075,12474861,0.5494137353433837,277,148,190,6320,Thalamus
162,0.0010447974519206,<HDF5 object reference>,60,163,162,0.0087792926957364,CL,0.99,42.0468314254158,12590398,0.535678391959799,277,147,190,115537,Thalamus
163,0.0058824180383997,<HDF5 object reference>,57,164,163,0.0571177476299306,CL,0.99,42.59196381983236,12708572,0.5356783919597989,277,149,191,118174,Thalamus
164,0.0743562200991782,<HDF5 object reference>,61,165,164,0.2816574395988538,CL,0.99,42.62933042214013,12790246,0.4807370184254606,277,147,190,81674,Thalamus
165,0.0001536097234618,<HDF5 object reference>,61,166,165,0.0310362866663434,CL,0.99,42.770263512735255,12878538,0.535678391959799,277,147,190,88292,Thalamus
168,0.0563816208365596,<HDF5 object reference>,61,169,168,0.2302468254032406,CL,0.99,43.32496255734122,13099931,0.5494137353433836,277,147,190,27482,Thalamus
169,0.0004030664550647,<HDF5 object reference>,62,170,169,0.0,CL,0.99,43.38002912916312,13145819,0.5906197654941373,277,147,190,45888,Thalamus
170,0.002597132329845,<HDF5 object reference>,62,171,170,0.0056871159629614,CL,0.99,44.09259456853226,13287034,0.5082077051926298,277,147,190,141215,Thalamus
171,0.0016958127676384,<HDF5 object reference>,62,172,171,0.0257720158439849,CL,0.99,44.37752741110728,13398695,0.4807370184254607,277,147,190,111661,Thalamus
172,0.0077763963079585,<HDF5 object reference>,62,173,172,0.0324466099125598,CL,0.99,44.53986046484391,13501663,0.4944723618090452,277,147,190,102968,Thalamus
175,8.523798485214559e-05,<HDF5 object reference>,63,176,175,0.0,CL,0.96,45.07115954975313,13586054,0.5631490787269681,277,146,190,3036,Thalamus
176,0.0038944699807129,<HDF5 object reference>,63,177,176,0.0,CL,0.91,45.0909261823744,13588195,0.5631490787269681,277,146,190,2141,Thalamus
178,0.0017734635498913,<HDF5 object reference>,64,179,178,0.0,CL,0.99,45.74335839198153,13626594,0.5219430485762144,277,146,190,11846,Thalamus
180,0.0001646318183481,<HDF5 object reference>,65,181,180,0.0,CL,0.99,46.84728982394233,13711950,0.5219430485762143,276,145,190,16822,Thalamus
182,0.0200607776717091,<HDF5 object reference>,66,183,182,0.0416592393025188,CL,0.99,47.131222668239786,13723824,0.535678391959799,276,145,190,9526,Thalamus
183,2.482445412356496e-06,<HDF5 object reference>,66,184,183,0.0,CL,0.99,47.13342266445056,13828069,0.5906197654941373,276,145,190,104245,Thalamus
184,4.0347556264679455e-06,<HDF5 object reference>,67,185,184,0.0,CL,0.99,47.52012199841329,13893515,0.4807370184254607,276,144,190,65446,Thalamus
185,0.044707291966669,<HDF5 object reference>,68,186,185,0.0187759498727099,CL,0.99,47.634621801202854,13979826,0.5082077051926297,276,144,189,86311,Thalamus
186,0.0367558929259531,<HDF5 object reference>,69,187,186,0.2637412764580861,CL,0.99,47.72635497653823,14129072,0.535678391959799,276,144,189,149246,Thalamus
187,0.0001426093744256,<HDF5 object reference>,70,188,187,0.0,CL,0.99,47.83278812655482,14179338,0.4807370184254607,276,143,189,50266,Thalamus
188,7.189202189440688e-06,<HDF5 object reference>,70,189,188,0.0145879413258198,CL,0.99,47.84572143761227,14215334,0.4944723618090452,276,143,189,35996,Thalamus
189,0.0248443510920655,<HDF5 object reference>,70,190,189,0.044845868061755,CL,0.99,48.04798775590257,14338856,0.5082077051926298,276,143,189,123522,Thalamus
191,0.0005638248133238,<HDF5 object reference>,71,192,191,0.0,CL,0.99,48.30882063998655,14424142,0.535678391959799,276,143,189,62772,Thalamus
192,0.0006557584689298,<HDF5 object reference>,71,193,192,0.0,CL,0.99,49.11975257659935,14484513,0.5494137353433837,276,143,189,60371,Thalamus
193,0.0171997501067671,<HDF5 object reference>,72,194,193,0.0300645876107618,CL,0.99,49.294718941910105,14509587,0.5082077051926298,276,142,189,25074,Thalamus
194,0.0004351676971006,<HDF5 object reference>,72,195,194,0.0032570835126832,CL,0.99,49.598518418656624,14557767,0.535678391959799,276,142,189,48180,Thalamus
195,6.904701297812996e-05,<HDF5 object reference>,73,196,195,0.0020530259137605,CL,0.99,49.61848505093349,14653719,0.5768844221105527,276,142,189,95952,Thalamus
197,0.0122969581311043,<HDF5 object reference>,73,198,197,0.2065255502572992,CL,0.99,50.10461754696934,14674532,0.5219430485762143,276,142,189,19606,Thalamus
198,0.0004688437214584,<HDF5 object reference>,73,199,198,0.0003509375458427,CL,0.99,51.279915522677584,14778321,0.5219430485762143,276,142,189,103789,Thalamus
199,0.0002725821765524,<HDF5 object reference>,74,200,199,0.0128253801754717,CL,0.99,51.28411551544366,14860658,0.4807370184254607,276,141,189,82337,Thalamus
200,0.0476747925922505,<HDF5 object reference>,74,201,200,0.0,CL,0.99,51.67228151354692,14863293,0.5768844221105528,276,141,189,2635,Thalamus
201,0.0021671503797955,<HDF5 object reference>,74,202,201,0.0113181287254275,CL,0.99,51.90274778326659,14974461,0.4944723618090452,276,141,189,111168,Thalamus
202,0.0007144794108085,<HDF5 object reference>,74,203,202,0.0167680212912342,CL,0.99,51.94711437351782,14989476,0.5768844221105528,276,141,189,15015,Thalamus
203,0.0257412730138522,<HDF5 object reference>,74,204,203,0.3424504104634549,CL,0.99,51.9642810106173,15016263,0.5494137353433837,276,141,189,26787,Thalamus
204,0.0001234738438189,<HDF5 object reference>,74,205,204,0.0029636365690153,CL,0.99,52.78857959087452,15066772,0.5082077051926298,276,141,189,50509,Thalamus
205,0.0038758857581082,<HDF5 object reference>,75,206,205,0.003542167827059,CL,0.99,52.876346106375195,15159173,0.5768844221105527,276,141,189,92401,Thalamus
206,0.0002013863936634,<HDF5 object reference>,77,207,206,0.00282145591917,CL,0.99,52.939879330281144,15210939,0.6455611390284756,276,140,189,51766,Thalamus
207,0.0001255328607332,<HDF5 object reference>,76,208,207,0.0005035417130981,CL,0.99,53.30657869869111,15297585,0.6180904522613065,276,141,189,86646,Thalamus
210,0.0003693730126874,<HDF5 object reference>,77,211,210,0.0,CL,0.99,54.28964367216139,15379203,0.6318257956448912,276,140,189,51594,Thalamus
212,3.170869942995891e-05,<HDF5 object reference>,78,213,212,0.0016917761975202,CL,0.99,54.55847654246645,15475299,0.5768844221105527,276,140,188,94542,Thalamus
214,0.0003139922154133,<HDF5 object reference>,78,215,214,0.0014922518477911,CL,0.99,54.84224272038426,15601636,0.5356783919597988,276,140,188,123288,Thalamus
216,0.0545237262842323,<HDF5 object reference>,77,217,216,0.114776995576211,CL,0.99,55.63114136161306,15719683,0.5631490787269681,276,140,189,42947,Thalamus
217,0.0041797973730908,<HDF5 object reference>,81,218,217,0.0627386948561045,CL,0.99,55.867940953757795,15789545,0.5494137353433837,276,138,188,69862,Thalamus
218,0.0006657009965236,<HDF5 object reference>,81,219,218,0.0199655933238217,CL,0.99,56.27240692378655,15841031,0.535678391959799,276,138,188,51486,Thalamus
220,0.0637673084520915,<HDF5 object reference>,82,221,220,0.2268019186731845,CL,0.99,56.522039827160995,16090031,0.5219430485762143,276,138,188,158226,Thalamus
221,0.0001520454560441,<HDF5 object reference>,82,222,221,0.0396935914256261,CL,0.99,56.6030396876497,16131435,0.5768844221105527,276,138,188,41404,Thalamus
222,0.0356327975191751,<HDF5 object reference>,82,223,222,0.1418380395025175,CL,0.99,56.62597298148353,16145094,0.5768844221105527,276,138,188,13659,Thalamus
223,0.003861560116412,<HDF5 object reference>,82,224,223,0.0638440547004487,CL,0.99,56.75947275154823,16194963,0.5494137353433837,276,138,188,49869,Thalamus
225,0.0022923089625098,<HDF5 object reference>,84,226,225,0.0209177175676225,LP,0.99,57.19240533921379,16441229,0.5906197654941373,275,138,188,141635,Thalamus
227,0.0235423432735765,<HDF5 object reference>,85,228,227,0.0184309205514454,LP,0.99,57.473938187644876,16509363,0.6455611390284757,275,137,188,45289,Thalamus
229,0.0001489857155645,<HDF5 object reference>,86,230,229,0.0009648661682889,LP,0.99,57.556271379170425,16573364,0.5906197654941373,275,137,188,62594,Thalamus
230,0.0006832334890505,<HDF5 object reference>,86,231,230,0.0099725490715763,LP,0.99,57.67360451041327,16724177,0.5906197654941373,275,137,188,150813,Thalamus
231,0.0008046092099234,<HDF5 object reference>,86,232,231,0.0030628919577555,LP,0.99,57.76577101833561,16840696,0.5906197654941374,275,137,188,116519,Thalamus
232,9.507120438735564e-05,<HDF5 object reference>,87,233,232,0.0,LP,0.99,57.81377093566226,16897140,0.6730318257956448,275,136,188,56444,Thalamus
233,0.0002901929070888,<HDF5 object reference>,88,234,233,0.0,LP,0.99,57.929470736384985,16960328,0.6318257956448912,275,136,187,63188,Thalamus
234,0.0079922846406372,<HDF5 object reference>,89,235,234,0.0247173454858726,LP,0.99,57.95320402884096,17028065,0.6318257956448912,275,136,187,67737,Thalamus
235,0.0026493107678308,<HDF5 object reference>,89,236,235,0.0252858446004559,LP,0.99,58.226003558980665,17110994,0.5494137353433834,275,136,187,82929,Thalamus
239,0.0002001494769864,<HDF5 object reference>,91,240,239,0.0,LP,0.99,58.56546964096293,17374141,0.6592964824120603,275,135,187,47434,Thalamus
245,0.0002241390889904,<HDF5 object reference>,93,246,245,0.0057967455014233,LP,0.99,59.30323503692853,17783533,0.6180904522613065,275,134,187,102149,Thalamus
246,1.7112131568385975e-05,<HDF5 object reference>,93,247,246,0.007194426142913,LP,0.99,59.656367762038485,17862940,0.5631490787269682,275,134,187,79407,Thalamus
248,0.0005782682482793,<HDF5 object reference>,94,249,248,0.0806152207217153,LP,0.99,59.73963428528987,17989426,0.6455611390284757,275,133,187,48422,Thalamus
250,3.5992768444619186e-05,<HDF5 object reference>,94,251,250,0.0017306599047022,LP,0.99,60.13806693237683,18156472,0.5356783919597988,275,133,187,104507,Thalamus
251,3.15434570954525e-06,<HDF5 object reference>,95,252,251,0.0011233398927404,LP,0.99,60.79413246905938,18238512,1.126298157453936,275,133,187,82040,Thalamus
252,0.0776659120964592,<HDF5 object reference>,97,253,252,0.0212243840114633,LP,0.99,61.736330846250155,18309132,0.6318257956448912,275,132,186,70620,Thalamus
254,0.0002351330125502,<HDF5 object reference>,98,255,254,0.0,LP,0.99,62.49999619760655,18414702,0.6455611390284757,275,132,186,48501,Thalamus
255,0.0005684476322141,<HDF5 object reference>,98,256,255,0.0182232808518442,LP,0.96,62.59362936966943,18429105,0.6730318257956448,275,132,186,14403,Thalamus
256,0.0002376811546722,<HDF5 object reference>,99,257,256,0.0009656373640318,LP,0.99,63.226628279414456,18491674,0.6867671691792293,275,131,186,62569,Thalamus
259,0.0122562394805952,<HDF5 object reference>,103,260,259,0.0170656126412041,LP,0.99,63.61792760545427,18651472,0.6730318257956448,275,130,186,72914,Thalamus
260,0.0004488213317374,<HDF5 object reference>,101,261,260,0.0161515384742621,LP,0.99,63.84292721792292,18691949,0.6318257956448909,275,130,186,40477,Thalamus
261,0.0006933136862628,<HDF5 object reference>,101,262,261,0.0044950777405875,LP,0.99,63.953393694325996,18831028,0.6180904522613065,275,130,186,139079,Thalamus
262,0.0003393744983657,<HDF5 object reference>,101,263,262,0.0,LP,0.99,64.11436008374983,18883002,0.6318257956448912,275,130,186,51974,Thalamus
265,4.194422403328619e-05,<HDF5 object reference>,103,266,265,0.0,LP,0.99,64.84982548367685,19251261,0.6043551088777219,275,130,186,136018,Thalamus
266,0.0284303892376108,<HDF5 object reference>,103,267,266,0.0162757118244461,LP,0.99,65.1098250358628,19374133,0.5494137353433837,275,130,186,122872,Thalamus
267,0.0832031745474926,<HDF5 object reference>,104,268,267,0.0300043094787255,LP,0.99,65.25072479318203,19425571,0.7005025125628142,274,129,186,51438,Thalamus
268,9.876735233441978e-05,<HDF5 object reference>,104,269,268,0.0,LP,0.99,65.29999137499368,19512557,0.6043551088777219,274,129,186,86986,Thalamus
269,0.0142908272301088,<HDF5 object reference>,105,270,269,0.1913827471267803,LP,0.99,65.40622452535479,19689275,0.6180904522613065,274,129,186,176718,Thalamus
270,0.0791999390554838,<HDF5 object reference>,105,271,270,0.3495182091323364,LP,0.99,65.50445768949476,19693926,0.6730318257956448,274,129,186,4651,Thalamus
275,0.0031343222095587,<HDF5 object reference>,105,276,275,0.0157253542791249,LP,0.99,65.70949066968655,19975500,0.6455611390284756,274,129,186,118081,Thalamus
276,6.525133949485564e-05,<HDF5 object reference>,107,277,276,0.0209158482489207,LP,0.99,65.78612387102953,19988944,0.6455611390284757,274,128,185,13444,Thalamus
277,0.0787691139888366,<HDF5 object reference>,107,278,277,0.0395993040229652,LP,0.99,65.88992369224843,20065878,0.6455611390284757,274,128,185,76934,Thalamus
279,3.215129048827462e-06,<HDF5 object reference>,108,280,279,0.0070022993402748,LP,0.99,66.27412303051705,20146556,0.6318257956448912,274,128,185,80489,Thalamus
281,0.0933034614964504,<HDF5 object reference>,108,282,281,0.088766161807611,LP,0.99,66.5670558593132,20192379,0.7142378559463987,274,128,185,35744,Thalamus
282,4.064088422981255e-05,<HDF5 object reference>,108,283,282,0.0024656882958308,LP,0.99,66.57505584553428,20260199,0.6455611390284757,274,128,185,67820,Thalamus
286,5.905005630602436e-05,<HDF5 object reference>,110,287,286,0.0,LP,0.99,67.07282165486669,20641499,0.6455611390284757,274,127,185,104951,Thalamus
287,0.0012602790726434,<HDF5 object reference>,111,288,287,0.0271978757320478,LP,0.99,67.11308825217958,20691518,0.6180904522613065,274,126,185,50019,Thalamus
288,0.0055619008901591,<HDF5 object reference>,112,289,288,0.226585932945424,LP,0.99,67.12022157322673,20824189,0.6730318257956448,274,126,185,132671,Thalamus
294,0.0001564259684976,<HDF5 object reference>,116,295,294,0.0007065830276431,LP,0.99,67.60725406771252,21433395,0.5768844221105527,274,124,185,73145,Thalamus
295,0.0059728373074096,<HDF5 object reference>,116,296,295,0.0215957597791387,LP,0.99,67.64282067312053,21470817,0.6730318257956448,274,124,185,37422,Thalamus
296,0.0082586703309605,<HDF5 object reference>,117,297,296,0.0593894791004047,LP,0.99,67.64585400122934,21531052,0.6592964824120603,274,124,184,60235,Thalamus
297,0.0002040426024786,<HDF5 object reference>,118,298,297,0.0007126692455981,LP,0.99,67.68108727387812,21603884,0.6043551088777218,274,123,184,72832,Thalamus
298,0.0065005065452153,<HDF5 object reference>,118,299,298,0.0445020880838229,LP,0.99,67.77148711817665,21701859,0.5906197654941373,274,123,184,97975,Thalamus
300,0.0012309277140735,<HDF5 object reference>,120,301,300,0.0712219343592738,LP,0.99,67.8823535938908,21787167,0.6318257956448909,274,122,184,14571,Thalamus
301,0.0015209602218655,<HDF5 object reference>,120,302,301,0.0085853090765847,LP,0.99,67.92258685792774,21850119,0.6318257956448912,274,122,184,62952,Thalamus
302,0.0030863641985366,<HDF5 object reference>,120,303,302,0.0754892723730118,LP,0.99,68.20445303911805,21935038,0.6180904522613065,274,122,184,84919,Thalamus
307,0.0005658123802749,<HDF5 object reference>,122,308,307,0.0054724413874156,LD,0.99,69.23415126560218,22298746,0.604355108877722,274,122,184,87171,Thalamus
308,0.0002293653439039,<HDF5 object reference>,122,309,308,0.0020530866631513,LD,0.99,69.48818416139824,22373069,0.6180904522613065,274,122,184,74323,Thalamus
309,0.0020411076044194,<HDF5 object reference>,123,310,309,0.0049422231473426,LD,0.99,69.6461172227132,22456040,0.6867671691792293,274,121,184,82971,Thalamus
310,0.0001961421786457,<HDF5 object reference>,124,311,310,0.0042043695076092,LD,0.99,69.76371702016348,22535375,0.5768844221105527,274,121,184,79335,Thalamus
311,0.0007454358136232,<HDF5 object reference>,124,312,311,0.0132860602747387,LD,0.99,69.97941664865004,22624633,0.6592964824120603,274,121,184,89258,Thalamus
313,0.0001372317997835,<HDF5 object reference>,125,314,313,0.0006783252131192,LD,0.99,70.02198324200151,22700558,0.6592964824120603,274,120,184,74653,Thalamus
315,0.0098477501516021,<HDF5 object reference>,126,316,315,0.0144467851430827,LD,0.99,70.59614891974547,23065290,0.5906197654941373,274,120,184,171957,Thalamus
316,0.0002012180109496,<HDF5 object reference>,126,317,316,0.0072759784138818,LD,0.99,70.78908192077785,23110878,0.604355108877722,274,120,184,45588,Thalamus
318,0.0001186548765785,<HDF5 object reference>,129,319,318,0.0,LD,0.99,70.93078167671916,23307045,0.5631490787269682,274,118,184,192203,Thalamus
319,4.076791940562333e-06,<HDF5 object reference>,126,320,319,0.0,LD,0.99,70.97624826507575,23370522,0.7417085427135679,274,120,184,63477,Thalamus
321,0.0001061891664866,<HDF5 object reference>,129,322,321,0.0002587547074266,LD,0.99,71.22074784395835,23492109,0.6455611390284757,274,118,184,120871,Thalamus
323,4.1873516935176124e-06,<HDF5 object reference>,130,324,323,0.0029693592188424,LD,0.99,71.62794714261264,23582418,0.7417085427135678,274,118,183,61801,Thalamus
324,9.908534611779288e-05,<HDF5 object reference>,130,325,324,0.000577696675694,LD,0.99,72.01334647881441,23663312,0.5631490787269682,274,118,183,80894,Thalamus
326,5.9553210754153365e-06,<HDF5 object reference>,128,327,326,0.0,LD,0.99,72.09077967877954,23713715,0.6318257956448912,274,119,184,43454,Thalamus
327,0.0440517400055719,<HDF5 object reference>,131,328,327,0.012882706475896,LD,0.99,72.19401283430773,23817914,0.7279731993299832,274,117,183,104199,Thalamus
329,9.592602387559116e-05,<HDF5 object reference>,132,330,329,0.0,LD,0.99,72.7215119257619,23896461,0.5631490787269682,274,117,183,75809,Thalamus
330,0.0008417875996435,<HDF5 object reference>,134,331,330,0.0,root,0.99,72.93321156113792,23947880,0.6180904522613064,274,116,183,51419,Other
331,0.0005404819995568,<HDF5 object reference>,133,332,331,0.0029331060285523,LD,0.99,73.00144477694877,24066949,0.6180904522613065,274,116,183,119069,Thalamus
332,0.0004858429210988,<HDF5 object reference>,133,333,332,0.0090682251911267,LD,0.99,73.20067776713023,24151133,0.5631490787269682,274,116,183,84184,Thalamus
335,0.0802931505084793,<HDF5 object reference>,134,336,335,0.0616893692977932,root,0.99,73.63657701635275,24375274,0.6730318257956448,274,116,183,109034,Other
337,0.0002324423790409,<HDF5 object reference>,135,338,337,0.0024315906422498,root,0.99,73.75141015190154,24569679,0.604355108877722,274,116,183,142165,Other
343,4.753000322423965e-05,<HDF5 object reference>,138,344,343,0.0,DG-mo,0.99,74.15524278968779,25154882,0.604355108877722,274,115,183,135369,Other
345,0.0010294089097766,<HDF5 object reference>,139,346,345,0.0011025491731243,DG-mo,0.99,74.19200939302895,25316396,0.6318257956448909,274,115,182,101421,Other
347,4.190890037062049e-05,<HDF5 object reference>,140,348,347,0.0,DG-mo,0.99,74.49564220339585,25453233,0.7142378559463987,274,114,182,98749,Other
348,0.0112614400525396,<HDF5 object reference>,141,349,348,0.0323678973995487,DG-mo,0.99,74.5308088094928,25652506,0.5219430485762143,274,114,182,199273,Other
349,0.0021120626885065,<HDF5 object reference>,141,350,349,0.0188045878956981,DG-mo,0.99,74.538342129851,25755728,0.6455611390284757,274,114,182,103222,Other
350,0.0006666744839761,<HDF5 object reference>,141,351,350,0.0125420307790832,DG-mo,0.99,74.71274182947111,25883307,0.604355108877722,274,114,182,127579,Other
353,0.0365081457372774,<HDF5 object reference>,142,354,353,0.0285474414294885,DG-mo,0.99,74.92310813381029,26147202,0.6455611390284758,274,113,182,130193,Other
354,0.0011486274185465,<HDF5 object reference>,144,355,354,0.0083468282689018,DG-mo,0.99,75.00490799292109,26273106,0.6318257956448909,274,112,182,125904,Other
355,0.0003580881148563,<HDF5 object reference>,144,356,355,0.0030787274516885,DG-mo,0.99,75.0254412908886,26378230,0.6043551088777218,274,112,182,105124,Other
356,0.0009193247915844,<HDF5 object reference>,144,357,356,0.0071188088815923,DG-mo,0.99,75.20897430811114,26470407,0.6730318257956448,274,112,182,92177,Other
358,0.0018078821855548,<HDF5 object reference>,145,359,358,0.0271219189642221,DG-mo,0.99,76.0571728472039,26573495,0.6592964824120603,274,112,182,96637,Other
360,0.0017571379901554,<HDF5 object reference>,146,361,360,0.0076642531726144,DG-mo,0.99,76.56960529794168,26722506,0.5906197654941374,274,111,182,104170,Other
365,0.0592307789018492,<HDF5 object reference>,149,366,365,0.0399186290420309,DG-mo,0.99,77.20797086511001,27047036,0.5356783919597988,274,110,181,129834,Other
366,0.0453960419230497,<HDF5 object reference>,151,367,366,0.0,DG-mo,0.71,77.41667050565312,27052808,0.5631490787269681,274,109,181,5772,Other
367,0.0420604176434376,<HDF5 object reference>,150,368,367,0.0840881747160436,DG-mo,0.99,77.43673713775772,27099743,0.6043551088777219,274,109,181,46935,Other
369,0.0035398498750492,<HDF5 object reference>,150,370,369,0.0085394806941263,DG-mo,0.99,77.86143640627068,27255490,0.5631490787269682,274,109,181,145771,Other
370,0.0001481687107798,<HDF5 object reference>,152,371,370,0.0006402405122537,DG-sg,0.99,77.90036967254674,27364160,0.6867671691792295,273,109,182,108670,Other
371,0.0002105051688705,<HDF5 object reference>,152,372,371,0.0016631657868149,DG-sg,0.99,77.94163626813727,27446737,0.5768844221105527,273,109,182,82577,Other
374,0.0410562978261369,<HDF5 object reference>,150,375,374,0.0287793958819172,DG-mo,0.99,78.56323519751722,27777623,0.5494137353433836,274,109,181,119107,Other
376,0.0002299211231782,<HDF5 object reference>,155,377,376,0.0004875337874432,DG-sg,0.99,78.75783486234562,27964828,0.6455611390284757,273,107,181,88057,Other
378,0.0565204338973716,<HDF5 object reference>,155,379,378,0.0837206376066909,DG-sg,0.99,78.85536802769127,28152739,0.604355108877722,273,107,181,89652,Other
380,0.0303025713572298,<HDF5 object reference>,158,381,380,0.0220511904947286,CA3,0.99,78.93806788525195,28302959,0.6043551088777218,274,106,181,78560,Other
381,0.0764834560077041,<HDF5 object reference>,157,382,381,0.0242025283582794,DG-sg,0.99,79.05496768390786,28463497,0.5494137353433836,273,106,181,160538,Other
382,0.0070497071559338,<HDF5 object reference>,157,383,382,0.0277968479632174,DG-sg,0.99,79.3572671632379,28745319,0.5082077051926298,273,106,181,281822,Other
383,0.0170313523575012,<HDF5 object reference>,157,384,383,0.0699942173649727,DG-sg,0.99,79.36460048394059,28835925,0.5631490787269682,273,106,181,90606,Other
384,0.0166899417534475,<HDF5 object reference>,157,385,384,0.0403901838900095,DG-sg,0.99,79.52373354318875,28902250,0.535678391959799,273,106,181,66325,Other
386,0.0108182085007627,<HDF5 object reference>,161,387,386,0.1194645954249711,CA3,0.99,79.61306672265778,29077351,0.5219430485762143,273,105,181,52167,Other
387,5.857458624062894e-05,<HDF5 object reference>,189,388,387,0.1939416445743644,DG-mo,0.99,79.7387665061569,29081769,0.5768844221105527,273,93,177,4418,Other
395,0.0005779516591698,<HDF5 object reference>,194,396,395,0.0117219864092064,DG-mo,0.99,80.59396503319314,30049654,0.6867671691792293,272,91,176,59562,Other
398,0.0003242968295719,<HDF5 object reference>,200,399,398,0.0227975528776898,DG-mo,0.99,81.00996431669066,30190185,0.7005025125628142,272,88,176,22304,Other
399,0.0450823858790854,<HDF5 object reference>,202,400,399,0.0479588115002371,DG-mo,0.99,81.07506420456491,30242710,0.7829145728643216,272,87,176,52525,Other
401,0.00107833477462,<HDF5 object reference>,204,402,401,0.0227787773029951,DG-mo,0.99,81.57949666908156,30309291,0.4395309882747068,272,86,175,48202,Other
403,0.0489249501528127,<HDF5 object reference>,205,404,403,0.0385080827824486,DG-mo,0.99,81.72402975347622,30397210,0.5631490787269681,272,86,175,84073,Other
406,0.0272644606609285,<HDF5 object reference>,207,407,406,0.3691107933379846,DG-mo,0.99,81.89309612894891,30481313,0.6455611390284757,272,85,175,15348,Other
409,0.000113528269936,<HDF5 object reference>,207,410,409,0.0,DG-mo,0.99,82.31142874176092,30540034,0.4120603015075377,272,85,175,37019,Other
411,0.0030991655387321,<HDF5 object reference>,210,412,411,0.3179514458028641,CA1,0.99,82.47626179119163,30573512,0.5219430485762143,271,84,175,10904,Other
413,0.0015346622006022,<HDF5 object reference>,211,414,413,0.0322817878871077,CA1,0.99,82.71712804299877,30689547,0.4532663316582914,271,84,175,115542,Other
415,0.0213778640895677,<HDF5 object reference>,218,416,415,0.0304771109043529,CA1,0.99,82.91066104299769,30721918,0.4257956448911224,271,81,174,31501,Other
420,0.0025998233732706,<HDF5 object reference>,217,421,420,0.0,CA1,0.99,84.39242515752613,31475698,0.6318257956448912,271,81,174,12125,Other
423,0.0003779660069569,<HDF5 object reference>,218,424,423,0.0,CA1,0.99,84.81062443723445,31508607,0.604355108877722,271,81,174,14649,Other
427,0.002116432346318,<HDF5 object reference>,217,428,427,0.0678074827327659,CA1,0.99,85.56192314322406,31685237,0.6043551088777218,271,81,174,16696,Other
428,0.0038218009213012,<HDF5 object reference>,219,429,428,0.0,CA1,0.99,85.62978969299978,31697999,0.6180904522613064,271,80,174,12762,Other
430,0.0020824099365633,<HDF5 object reference>,219,431,430,0.3977918462995857,CA1,0.99,85.79118941501059,31815876,0.5768844221105526,271,80,174,12331,Other
431,0.0050827709753525,<HDF5 object reference>,220,432,431,0.05068947244455,CA1,0.99,85.85892263168263,31828089,0.4395309882747068,271,80,174,12213,Other
433,0.0026171085487469,<HDF5 object reference>,222,434,433,0.0054641412804033,CA1,0.99,85.94108915682857,32024857,0.4807370184254606,271,79,174,26303,Other
435,0.000639131166002,<HDF5 object reference>,225,436,435,0.0112864944823209,CA1,0.99,86.01188903488536,32372387,0.5219430485762143,271,78,173,65987,Other
449,0.0271724928232956,<HDF5 object reference>,253,450,449,0.0027444886004745,CA1,0.99,89.8013491747196,33187323,0.6180904522613065,270,66,170,82989,Other
454,0.0573532459721813,<HDF5 object reference>,261,455,454,0.0390925646865775,ccb,0.99,90.75078087278528,33528199,0.4807370184254607,270,62,170,39335,Other
455,0.0933473779041586,<HDF5 object reference>,261,456,455,0.0,ccb,0.99,90.78954747268173,33531165,0.6455611390284757,270,62,170,2966,Other
457,0.0488596254507712,<HDF5 object reference>,268,458,457,0.0190448983167144,cing,0.99,91.07991363923196,33786827,0.4944723618090451,270,59,169,58090,Other
459,0.0100140605762902,<HDF5 object reference>,270,460,459,0.0,cing,0.99,92.32674482506725,33809620,0.6455611390284757,270,58,169,1877,Other
465,0.0017069485155544,<HDF5 object reference>,277,466,465,0.4951223151840589,SSp-tr6a,0.99,93.42190960546075,33885051,0.6180904522613065,270,56,168,16112,Somatosensory
467,0.0375992158764172,<HDF5 object reference>,277,468,467,0.3883629522620057,SSp-tr6a,0.99,93.66054252778116,33995046,0.6318257956448912,270,56,168,64395,Somatosensory
469,0.0001816017698323,<HDF5 object reference>,279,470,469,0.0,SSp-tr6a,0.96,93.89984211561999,34002409,0.6318257956448912,270,55,168,1425,Somatosensory
474,0.0905054707186394,<HDF5 object reference>,285,475,474,0.0,SSp-tr6a,0.75,95.05944011836931,34075374,0.6730318257956448,269,52,167,552,Somatosensory
476,0.0005665628260443,<HDF5 object reference>,285,477,476,0.0941221129086672,SSp-tr6a,0.99,95.87653871102754,34137805,0.673031825795645,269,52,167,41558,Somatosensory
477,0.0610535586725506,<HDF5 object reference>,287,478,477,0.1976653290947594,SSp-tr6a,0.99,96.03450510561845,34176675,0.934003350083752,269,51,167,38870,Somatosensory
478,0.0103667017028734,<HDF5 object reference>,284,479,478,0.0067722275797719,SSp-tr6a,0.99,96.03983842976587,34210088,0.8515912897822445,269,53,167,33413,Somatosensory
479,0.001533048464413,<HDF5 object reference>,289,480,479,0.4050513282578309,SSp-tr6a,0.99,96.05860506410954,34213143,0.7279731993299832,269,51,167,3055,Somatosensory
480,0.0070308161854398,<HDF5 object reference>,285,481,480,0.4487231566804648,SSp-tr6a,0.99,96.19973815436022,34233667,0.6867671691792293,269,52,167,20524,Somatosensory
483,0.0032162279224995,<HDF5 object reference>,285,484,483,0.1071620321676274,SSp-tr6a,0.99,96.5730708446785,34275953,0.8103852596314907,269,52,167,13281,Somatosensory
484,0.0007196368355305,<HDF5 object reference>,286,485,484,0.1223048785250935,SSp-tr6a,0.99,96.58973748263914,34313248,0.7966499162479063,269,52,167,37295,Somatosensory
485,0.0034054694276686,<HDF5 object reference>,286,486,485,0.3753710541940926,SSp-tr6a,0.99,96.78620381091913,34378288,0.6867671691792293,269,52,167,65040,Somatosensory
486,0.0003660444436441,<HDF5 object reference>,286,487,486,0.0103776159911657,SSp-tr6a,0.99,96.95577018553065,34503446,0.6592964824120603,269,52,167,125158,Somatosensory
487,0.0329393110540459,<HDF5 object reference>,291,488,487,0.1660297524363485,SSp-tr6a,0.99,97.65826897557153,34527777,0.4532663316582914,269,50,167,24331,Somatosensory
488,0.0207983603200242,<HDF5 object reference>,287,489,488,0.0448797796306958,SSp-tr6a,0.99,97.81986869723787,34591363,0.9889447236180902,269,51,167,63586,Somatosensory
489,0.0003219638239171,<HDF5 object reference>,287,490,489,0.0136073449324377,SSp-tr6a,0.99,97.96016845559052,34646645,0.8790619765494136,269,51,167,55282,Somatosensory
490,0.0239105388625556,<HDF5 object reference>,287,491,490,0.0712235255217315,SSp-tr6a,0.86,98.48533421773021,34694971,0.8103852596314908,269,51,167,48326,Somatosensory
493,0.0048499198476761,<HDF5 object reference>,286,494,493,0.0,SSp-tr6a,0.96,98.95173341442069,34758867,0.8515912897822446,269,52,167,1345,Somatosensory
496,9.29868925659623e-05,<HDF5 object reference>,289,497,496,0.0,SSp-tr6a,0.96,99.2525662296102,34825224,0.7829145728643216,269,51,167,2783,Somatosensory
498,0.0068845308531527,<HDF5 object reference>,289,499,498,0.0,SSp-tr6a,0.99,99.57239901207484,35009326,0.7691792294807369,269,51,167,6194,Somatosensory
499,0.0031321595640499,<HDF5 object reference>,287,500,499,0.17639891975273,SSp-tr6a,0.66,99.96296500604441,35030030,1.0576214405360134,269,51,167,20704,Somatosensory
500,0.0010210276176786,<HDF5 object reference>,289,501,500,0.0055271217553347,SSp-tr6a,0.99,99.97059832623039,35155454,0.5082077051926297,269,51,167,125424,Somatosensory
501,0.0011159963388013,<HDF5 object reference>,289,502,501,0.2894677480046366,SSp-tr6a,0.99,100.10553142715972,35174916,0.9202680067001676,269,51,167,19462,Somatosensory
502,0.0242234094803519,<HDF5 object reference>,286,503,502,0.1915144666698948,SSp-tr6a,0.99,100.1492313518925,35214902,0.7829145728643215,269,52,167,39986,Somatosensory
503,0.041294159141107,<HDF5 object reference>,290,504,503,0.455021088664314,SSp-tr6a,0.99,100.48179744575907,35237961,0.7691792294807371,269,50,167,23059,Somatosensory
504,0.0732306681161464,<HDF5 object reference>,290,505,504,0.210806135406918,SSp-tr6a,0.99,100.88409675285294,35258270,0.7691792294807369,269,50,167,20309,Somatosensory
507,0.0004140427299666,<HDF5 object reference>,290,508,507,0.0,SSp-tr6a,0.99,100.94752997693112,35668138,0.7829145728643216,269,50,167,39240,Somatosensory
508,0.0416677678198314,<HDF5 object reference>,286,509,508,0.0,SSp-tr6a,0.51,101.32296266363244,35668275,0.8653266331658291,269,52,167,137,Somatosensory
510,0.0040282322561803,<HDF5 object reference>,284,511,510,0.0404362929617935,SSp-tr6a,0.99,101.55902892370692,35714759,0.6730318257956448,269,53,167,13674,Somatosensory
511,0.0017050846198379,<HDF5 object reference>,288,512,511,0.0,SSp-tr6a,0.99,101.62376214554604,35727856,0.7142378559463985,269,51,167,13097,Somatosensory
514,0.0231219645140486,<HDF5 object reference>,301,515,514,0.1342285986945859,SSp-tr5,0.99,102.77536016207424,35818580,0.5906197654941373,269,46,166,16782,Somatosensory
521,0.0142629458375393,<HDF5 object reference>,314,522,521,0.0247464130295302,SSp-tr5,0.91,103.57589219264422,36127813,0.9065326633165828,268,40,164,39085,Somatosensory
522,0.0006419777798457,<HDF5 object reference>,314,523,522,0.0611754112081324,SSp-tr5,0.99,103.62555877911333,36135674,0.6592964824120603,268,40,164,7861,Somatosensory
527,0.0153844814355628,<HDF5 object reference>,315,528,527,0.0902517169356698,SSp-tr5,0.99,104.24659110965428,36303894,0.7279731993299832,268,39,164,6472,Somatosensory
528,0.0106188017403339,<HDF5 object reference>,315,529,528,0.0062863536122566,SSp-tr5,0.86,104.27112440337325,36563417,0.5082077051926298,268,39,164,259523,Somatosensory
533,0.0043325089950514,<HDF5 object reference>,317,534,533,0.0,SSp-tr5,0.8,105.2556894802445,36645933,0.7142378559463987,268,39,164,5361,Somatosensory
535,0.0137838130142839,<HDF5 object reference>,318,536,535,0.0034748726268601,SSp-tr5,0.99,105.98815496418561,36775308,0.7005025125628139,268,38,164,104303,Somatosensory
536,0.0091209862449049,<HDF5 object reference>,318,537,536,0.0,SSp-tr5,0.97,106.15325469759601,36788034,0.6730318257956448,268,38,164,12726,Somatosensory
537,0.0248705011230722,<HDF5 object reference>,320,538,537,0.0103116773996903,SSp-tr5,0.98,106.23088790557357,36815112,0.6592964824120603,268,37,164,27078,Somatosensory
539,0.0105374665874828,<HDF5 object reference>,321,540,539,0.0147643718752651,SSp-tr5,0.99,106.61832061331215,36945709,0.4257956448911223,268,37,163,112010,Somatosensory
540,0.0046648469516375,<HDF5 object reference>,323,541,540,0.0,SSp-tr5,0.86,106.67245385923553,36950803,0.6867671691792293,268,36,163,5094,Somatosensory
541,0.0269764756575445,<HDF5 object reference>,324,542,541,0.0021851583387004,SSp-tr5,0.99,106.69112049576084,37009625,0.6867671691792294,268,35,163,58822,Somatosensory
542,0.018787296541178,<HDF5 object reference>,325,543,542,0.0265283979999411,SSp-tr5,0.99,106.94695341599602,37117723,0.7005025125628139,268,35,163,108098,Somatosensory
543,0.0035264297908659,<HDF5 object reference>,326,544,543,0.1350885157079661,SSp-tr4,0.7,106.95238674055607,37135268,0.5768844221105527,268,35,163,17545,Somatosensory
544,0.0340190931412424,<HDF5 object reference>,327,545,544,0.0106113391754381,SSp-tr4,0.99,107.11578647671149,37227735,0.6592964824120603,268,35,163,92467,Somatosensory
545,0.0081020814634126,<HDF5 object reference>,328,546,545,0.0,SSp-tr4,0.99,107.31171949366816,37234746,0.5906197654941373,268,34,163,7011,Somatosensory
548,0.0728674010022614,<HDF5 object reference>,330,549,548,0.0298462831943608,SSp-tr4,0.99,107.45518592867693,37507005,0.4120603015075377,268,33,163,226210,Somatosensory
549,0.0064201987035029,<HDF5 object reference>,331,550,549,0.0,SSp-tr4,0.98,107.47821922481798,37512520,0.6318257956448912,268,33,162,5515,Somatosensory
550,0.053098266746724,<HDF5 object reference>,332,551,550,0.1420388859910593,SSp-tr4,0.99,107.67548557295501,37542156,0.7829145728643216,268,32,162,29636,Somatosensory
552,0.0173310141559766,<HDF5 object reference>,333,553,552,0.3228541461188807,SSp-tr4,0.99,108.17735142924961,37793520,0.604355108877722,268,32,162,19357,Somatosensory
557,0.0338982830639511,<HDF5 object reference>,335,558,557,0.4181712237138239,SSp-tr4,0.99,108.75695049336029,37895806,0.6592964824120603,268,31,162,9508,Somatosensory
558,0.0238956734640373,<HDF5 object reference>,337,559,558,0.0527290741857132,SSp-tr2/3,0.99,108.93948353195415,37960844,0.7554438860971525,268,31,162,65038,Somatosensory
560,0.007475417831177,<HDF5 object reference>,338,561,560,0.1236628667094978,SSp-tr2/3,0.99,109.44524938195136,38014212,0.8241206030150753,268,30,162,5529,Somatosensory
561,0.0037743524772281,<HDF5 object reference>,338,562,561,0.0,SSp-tr2/3,0.93,109.48091599102649,38017140,0.6455611390284757,268,30,162,2928,Somatosensory
564,0.019192249479739,<HDF5 object reference>,339,565,564,0.0220197562261496,SSp-tr2/3,0.99,109.61981576674245,38117402,0.6867671691792295,268,30,161,45389,Somatosensory
565,0.0525728808319578,<HDF5 object reference>,341,566,565,0.0921582811227697,SSp-tr2/3,0.99,110.02864843992612,38223612,0.5494137353433837,268,29,161,106210,Somatosensory
567,1.212436853500164e-05,<HDF5 object reference>,342,568,567,0.0,SSp-tr2/3,0.96,110.32984795357369,38284814,0.6043551088777218,268,28,161,21344,Somatosensory
570,0.0268708545700106,<HDF5 object reference>,345,571,570,0.0437650397996575,SSp-tr2/3,0.99,110.63278079775576,38439289,0.6043551088777218,267,27,161,71991,Somatosensory
571,0.0423233019941741,<HDF5 object reference>,345,572,571,0.0283476712937323,SSp-tr2/3,0.99,111.13381332206262,39002663,0.4120603015075376,267,27,161,563374,Somatosensory
572,0.0315185905167406,<HDF5 object reference>,349,573,572,0.0,SSp-tr2/3,0.95,111.27647975836315,39003789,0.7142378559463985,267,25,160,1126,Somatosensory
573,0.0007308134806954,<HDF5 object reference>,346,574,573,0.115506996651758,SSp-tr2/3,0.99,111.42247952261464,39018925,0.5768844221105527,267,27,161,15136,Somatosensory
575,0.0003111401793389,<HDF5 object reference>,346,576,575,0.0,SSp-tr2/3,0.99,112.22884488722825,39118351,0.6043551088777218,267,27,161,59991,Somatosensory
580,0.0018410305175183,<HDF5 object reference>,348,581,580,0.0,SSp-tr2/3,0.88,113.10101014559355,39310776,0.6318257956448912,267,26,160,6235,Somatosensory
581,0.0001325884765367,<HDF5 object reference>,348,582,581,0.0323722564774217,SSp-tr2/3,0.99,113.3071098128006,39360297,0.6043551088777218,267,26,160,49521,Somatosensory
582,0.0647864140857182,<HDF5 object reference>,349,583,582,0.0657686035162259,SSp-tr2/3,0.99,113.41380964051042,39496975,0.5631490787269682,267,25,160,136678,Somatosensory
585,0.0001370767022549,<HDF5 object reference>,350,586,585,8.689264139910826e-05,SSp-tr2/3,0.99,113.76010908133432,39851036,0.6318257956448912,267,25,160,208581,Somatosensory
586,0.0126369411928081,<HDF5 object reference>,351,587,586,0.1040710908789861,SSp-tr2/3,0.99,113.9934087046211,39857063,0.6318257956448912,267,24,160,6027,Somatosensory
587,0.0001693395231024,<HDF5 object reference>,352,588,587,0.0,SSp-tr2/3,0.99,115.21757339460642,39958909,0.5631490787269682,267,24,160,101846,Somatosensory
588,0.0005712638454991,<HDF5 object reference>,353,589,588,0.0,SSp-tr2/3,0.29,115.28400662066879,39959362,0.7554438860971525,267,24,160,453,Somatosensory
589,4.1494467803645565e-05,<HDF5 object reference>,354,590,589,0.0,SSp-tr2/3,0.99,115.4374730395304,40172855,0.7142378559463987,267,23,160,213493,Somatosensory
591,0.0024740469212464,<HDF5 object reference>,355,592,591,0.0602179428096625,SSp-tr2/3,0.99,115.72700590534966,40234103,0.6455611390284757,267,23,160,42668,Somatosensory
595,0.0070424055538602,<HDF5 object reference>,360,596,595,0.0,SSp-tr2/3,0.5,116.1762385132988,40320166,0.6867671691792294,267,20,159,4981,Somatosensory
596,0.0003827558750058,<HDF5 object reference>,357,597,596,0.0,SSp-tr2/3,0.55,116.24210507360951,40388902,0.6318257956448912,267,22,159,68736,Somatosensory
597,0.0120947596687704,<HDF5 object reference>,357,598,597,0.0463220647355238,SSp-tr2/3,0.99,117.82526918391183,40492302,0.5631490787269682,267,22,159,103400,Somatosensory
598,0.0004399867928503,<HDF5 object reference>,357,599,598,0.055557537112246,SSp-tr2/3,0.99,117.83893582851071,40659329,0.6180904522613064,267,22,159,167027,Somatosensory
600,0.002124956503219,<HDF5 object reference>,358,601,600,0.0051162356168496,SSp-tr2/3,0.99,118.39956825658051,40813069,0.6180904522613065,267,21,159,115326,Somatosensory
601,0.0217051265810911,<HDF5 object reference>,358,602,601,0.07036476754652,SSp-tr2/3,0.99,118.83590088535948,40885999,0.6180904522613064,267,21,159,72930,Somatosensory
606,0.0016589203830762,<HDF5 object reference>,362,607,606,0.0764138194843169,SSp-tr1,0.99,120.12766546619,41242871,1.5108877721943048,267,20,159,202026,Somatosensory
607,0.035166100146594,<HDF5 object reference>,360,608,607,0.0604381696758524,SSp-tr2/3,0.99,120.71776451334617,41282415,0.6592964824120603,267,20,159,39544,Somatosensory
611,0.0708755473842823,<HDF5 object reference>,366,612,611,0.0985455079961416,SSp-tr1,0.99,121.8983626070126,41395489,0.604355108877722,267,18,158,55743,Somatosensory
613,0.0459547195657335,<HDF5 object reference>,368,614,613,0.1534862739394149,SSp-tr1,0.98,122.43212841179776,41458262,0.6455611390284757,267,17,158,27632,Somatosensory
617,0.01234497028393,<HDF5 object reference>,3,618,617,0.097522261734735,PCN,0.99,123.13779393901325,41514620,0.7279731993299831,277,172,196,8805,Other
620,0.0511070606412197,<HDF5 object reference>,25,621,620,0.0409356566491086,MD,0.99,124.18172558669087,41809123,0.5082077051926299,277,162,194,122690,Thalamus
621,0.000855358755881,<HDF5 object reference>,34,622,621,0.0139931023799953,MD,0.99,124.21435886733065,41886217,0.5494137353433837,277,158,193,77094,Thalamus
623,0.0192800320714632,<HDF5 object reference>,37,624,623,0.0494321876968375,CL,0.99,124.5014250704662,42028532,0.5356783919597988,277,157,193,57345,Thalamus
625,0.0850911773392247,<HDF5 object reference>,41,626,625,0.0449742285280536,CL,0.99,124.73102469972744,42112732,0.5219430485762144,277,155,192,84028,Thalamus
627,0.0044067828758322,<HDF5 object reference>,45,628,627,0.0181633708087243,CL,0.99,125.5041567846701,42225289,0.5356783919597989,277,154,192,111749,Thalamus
632,0.0057701188327543,<HDF5 object reference>,58,633,632,0.4291456321283201,CL,0.99,126.42008863903135,42365815,0.7142378559463985,277,148,191,2968,Thalamus
633,0.0469665745839873,<HDF5 object reference>,58,634,633,0.0,CL,0.89,126.54075511085563,42368244,0.5631490787269681,277,148,191,2429,Thalamus
634,0.0377795695606613,<HDF5 object reference>,61,635,634,0.4902083790695373,CL,0.99,127.15285412248804,42371021,0.5219430485762144,277,147,190,2777,Thalamus
635,0.0370649284552229,<HDF5 object reference>,65,636,635,0.0595455811096007,CL,0.99,127.16522076918605,42416094,0.535678391959799,276,145,190,45073,Thalamus
636,0.010706584417468,<HDF5 object reference>,65,637,636,0.053343610509999,CL,0.99,127.33128716770224,42461428,0.5219430485762143,276,145,190,45334,Thalamus
637,0.0013463891786159,<HDF5 object reference>,66,638,637,0.1065472053408226,CL,0.99,127.42818701123628,42505603,0.5768844221105527,276,145,190,44175,Thalamus
638,0.0098281944662941,<HDF5 object reference>,66,639,638,0.0,CL,0.99,128.1537525063189,42512541,0.5768844221105527,276,145,190,6938,Thalamus
639,0.0325004472647965,<HDF5 object reference>,69,640,639,0.0453363789919406,CL,0.99,128.245552358088,42546708,0.4807370184254606,276,144,189,34167,Thalamus
640,0.0289152908246761,<HDF5 object reference>,70,641,640,0.0311732066963402,CL,0.99,128.34081887092606,42667341,0.5494137353433837,276,143,189,120633,Thalamus
641,0.0054687513172971,<HDF5 object reference>,70,642,641,0.1221647895899905,CL,0.99,129.76224990904842,42690277,0.6043551088777219,276,143,189,22936,Thalamus
642,0.035452978017914,<HDF5 object reference>,73,643,642,0.0274360825246551,CL,0.99,129.8142164918037,42797218,0.5219430485762144,276,142,189,106941,Thalamus
643,0.0289927631065808,<HDF5 object reference>,69,644,643,0.1361095343313044,CL,0.99,130.0095828430087,42830130,0.5631490787269681,276,144,189,32912,Thalamus
644,0.0029716532510278,<HDF5 object reference>,74,645,644,0.0398475145738589,CL,0.99,130.035249468231,42906203,0.604355108877722,276,141,189,76073,Thalamus
645,0.0002150335347509,<HDF5 object reference>,74,646,645,0.0339724429872481,CL,0.99,130.07168274273485,42963010,0.5082077051926298,276,141,189,56807,Thalamus
647,0.0535989693722439,<HDF5 object reference>,78,648,647,0.0277477542867054,CL,0.99,130.15134928076247,43167694,0.4807370184254607,276,140,188,129976,Thalamus
648,0.0596441604018187,<HDF5 object reference>,82,649,648,0.1461261933850527,CL,0.99,130.22448249600626,43238538,0.5906197654941374,276,138,188,70844,Thalamus
649,0.0070784130130001,<HDF5 object reference>,81,650,649,0.040193327652079,CL,0.99,130.28588239686272,43291657,0.6730318257956448,276,138,188,53119,Thalamus
650,0.0116212081220839,<HDF5 object reference>,81,651,650,0.0,CL,0.99,130.64931514335447,43297199,0.604355108877722,276,138,188,5542,Thalamus
651,0.0110474944388932,<HDF5 object reference>,82,652,651,0.0756909718554062,CL,0.99,130.75754830192173,43391751,0.5906197654941373,276,138,188,94552,Thalamus
652,0.0356997782996534,<HDF5 object reference>,89,653,652,0.0242253511908579,LP,0.99,131.078747783275,43490903,0.6043551088777219,275,136,187,99152,Thalamus
655,0.0010157714256943,<HDF5 object reference>,105,656,655,0.0320838400545038,LP,0.99,131.6183469119743,43613757,0.604355108877722,274,129,186,77519,Thalamus
656,0.0187341210655385,<HDF5 object reference>,105,657,656,0.0295837650412096,LP,0.99,131.7067467692334,43667970,0.6730318257956448,274,129,186,54213,Thalamus
657,0.0208665860769819,<HDF5 object reference>,106,658,657,0.0298941446508524,LP,0.99,132.17627934440384,43788563,0.7142378559463987,274,128,186,120593,Thalamus
658,0.0294407134102418,<HDF5 object reference>,110,659,658,0.0399040741304303,LP,0.99,132.23831257757095,43881921,0.6318257956448909,274,127,185,93358,Thalamus
659,0.0780957885457911,<HDF5 object reference>,117,660,659,0.0,LP,0.99,132.5591120595701,43885053,0.6730318257956448,274,124,184,3132,Thalamus
660,0.0012359348743142,<HDF5 object reference>,120,661,660,0.0293545321627584,LP,0.99,132.56694538025482,43995662,0.6318257956448909,274,122,184,110609,Thalamus
661,0.0004926355688934,<HDF5 object reference>,122,662,661,0.0211456457630074,LD,0.99,132.89361151944763,44049145,0.6180904522613064,274,122,184,53483,Thalamus
662,0.0456473842371681,<HDF5 object reference>,124,663,662,0.0084377673894778,LD,0.99,132.954678087509,44112645,0.6318257956448912,274,121,184,63500,Thalamus
664,0.0097795235407884,<HDF5 object reference>,130,665,664,0.0338032654976045,LD,0.99,133.52374383529468,44261705,0.6730318257956449,274,118,183,85913,Thalamus
666,0.0010703273636167,<HDF5 object reference>,131,667,666,0.0058342221708388,LD,0.99,134.16857601955314,44330043,0.6867671691792295,274,117,183,62352,Thalamus
667,0.0414953004346183,<HDF5 object reference>,134,668,667,0.0509277807921812,root,0.99,134.46727544077436,44480015,0.6455611390284757,274,116,183,149972,Other
668,0.0786945544010548,<HDF5 object reference>,136,669,668,0.0123887975489703,root,0.99,134.50904202651148,44542998,0.6730318257956448,274,115,183,62983,Other
669,0.0601158895299259,<HDF5 object reference>,145,670,669,0.1571907634626199,DG-mo,0.99,134.71487496101,44727144,0.5906197654941373,274,112,182,184146,Other
670,0.0001554731518933,<HDF5 object reference>,151,671,670,0.0022286418899634,DG-mo,0.99,134.80510811950188,44850701,0.5356783919597989,274,109,181,123557,Other
672,0.0167954414763574,<HDF5 object reference>,150,673,672,0.0261651339105993,DG-mo,0.99,135.42680691485927,44961920,0.5768844221105527,274,109,181,110819,Other
673,0.0385117370663097,<HDF5 object reference>,150,674,673,0.0243851124985384,DG-mo,0.99,136.51223814499286,45108715,0.5768844221105527,274,109,181,146795,Other
674,0.0862858729135382,<HDF5 object reference>,157,675,674,0.0,DG-sg,0.99,136.53150477432732,45110335,0.604355108877722,273,106,181,1620,Other
677,0.0122975289809861,<HDF5 object reference>,161,678,677,0.3277255999499112,CA3,0.99,137.53743615850482,45189518,0.5082077051926298,273,105,181,69272,Other
679,0.0007331522830009,<HDF5 object reference>,196,680,679,0.0,DG-mo,0.99,137.57410275412397,45228695,0.4670016750418761,272,90,176,39125,Other
680,0.0221187605633467,<HDF5 object reference>,206,681,680,0.0,DG-mo,0.99,137.62896931447776,45230835,0.4257956448911221,272,85,175,2140,Other
681,0.0296229733230765,<HDF5 object reference>,209,682,681,0.1127747329338584,CA1,0.99,137.674502559583,45283899,0.6592964824120604,271,85,175,53064,Other
686,0.0145402128589953,<HDF5 object reference>,212,687,686,0.318352826090422,CA1,0.99,138.30790133226978,45375619,0.4257956448911223,271,83,175,11429,Other
693,0.0860050547659078,<HDF5 object reference>,274,694,693,0.4105282344111125,SSp-tr6b,0.99,140.9590295286106,45419984,0.769179229480737,270,57,168,5256,Somatosensory
696,0.0005881420954797,<HDF5 object reference>,278,697,696,0.0,SSp-tr6a,0.86,141.4623285533868,45423537,0.6730318257956449,270,56,168,440,Somatosensory
699,0.0007023892851479,<HDF5 object reference>,280,700,699,0.0,SSp-tr6a,0.99,141.71752805889622,45430882,0.7417085427135678,270,55,168,2252,Somatosensory
703,0.0039242429561992,<HDF5 object reference>,285,704,703,0.2781085334246376,SSp-tr6a,0.99,142.06336072212247,45523707,0.6592964824120603,269,52,167,12228,Somatosensory
704,0.0105455528252787,<HDF5 object reference>,287,705,704,0.0582111400979149,SSp-tr6a,0.98,142.62795962812015,45547883,0.6455611390284757,269,51,167,24176,Somatosensory
705,0.0008241481592709,<HDF5 object reference>,287,706,705,0.0,SSp-tr6a,0.77,143.08992539965294,45548197,0.8927973199329983,269,51,167,314,Somatosensory
706,0.0369156385736291,<HDF5 object reference>,286,707,706,0.4569971255403278,SSp-tr6a,0.99,143.11859201077337,45569527,0.7417085427135678,269,52,167,21330,Somatosensory
708,0.013883067285258,<HDF5 object reference>,287,709,708,0.0775705173656225,SSp-tr6a,0.99,143.3117583031489,45634965,0.8241206030150754,269,51,167,46830,Somatosensory
709,0.00473565496198,<HDF5 object reference>,314,710,709,0.0292605767339098,SSp-tr5,0.98,143.55902449069708,45662807,0.7691792294807371,268,40,164,27842,Somatosensory
711,0.0123694172714103,<HDF5 object reference>,315,712,711,0.4811564304176853,SSp-tr5,0.96,144.02912357980355,45665677,0.9202680067001674,268,39,164,2803,Somatosensory
712,0.0268215249956923,<HDF5 object reference>,352,713,712,0.0843234207960115,SSp-tr2/3,0.99,144.03262357302174,45701107,0.6043551088777219,267,24,160,35430,Somatosensory
714,0.0582798252827622,<HDF5 object reference>,353,715,714,0.0,SSp-tr2/3,0.72,144.61252244937327,45709236,0.7142378559463987,267,24,160,456,Somatosensory
715,0.0141533211792629,<HDF5 object reference>,3,716,715,0.0,PCN,0.95,144.77668879794092,45709990,0.7691792294807371,277,172,196,754,Other
716,0.0403198863447806,<HDF5 object reference>,42,717,716,0.2602760930678613,CL,0.99,145.11372147821857,45716591,0.5356783919597989,277,155,192,6601,Thalamus
718,0.0565620801938129,<HDF5 object reference>,58,719,718,0.0,CL,0.45,145.37002098159653,45717892,0.5768844221105527,277,148,191,146,Thalamus
720,0.0275438966010841,<HDF5 object reference>,77,721,720,0.0227990605068585,CL,0.99,145.5120540397177,45763556,0.6180904522613064,276,140,189,40720,Thalamus
722,0.0042715577884151,<HDF5 object reference>,117,723,722,0.0479949551855898,LP,0.99,145.88718664617053,45831787,0.6730318257956448,274,124,184,67590,Thalamus
723,0.0003981269569401,<HDF5 object reference>,151,724,723,0.0,DG-mo,0.5,146.06475296877355,45832437,0.4807370184254606,274,109,181,650,Other
725,0.0004500565600192,<HDF5 object reference>,274,726,725,0.0,SSp-tr6b,0.94,146.37831902785493,45833051,0.6043551088777219,270,57,168,575,Somatosensory
726,0.0081532978761871,<HDF5 object reference>,278,727,726,0.0,SSp-tr6a,0.71,146.57131865388672,45833412,0.6592964824120603,270,56,168,361,Somatosensory
730,0.0001576980633827,<HDF5 object reference>,58,731,730,0.0,CL,0.98,147.18211747036457,45836057,0.6592964824120603,277,148,191,1641,Thalamus
735,0.0973796790821707,<HDF5 object reference>,129,736,735,0.019383699998235,LD,0.99,148.0647157601867,46033043,0.6730318257956449,274,118,184,121746,Thalamus
736,0.001368070331157,<HDF5 object reference>,148,737,736,0.0021823670261448,DG-mo,0.99,148.54658149316006,46105131,0.6318257956448912,274,110,181,72088,Other
738,0.0088032086140535,<HDF5 object reference>,280,739,738,0.2714246082455912,SSp-tr6a,0.99,148.55004815310951,46108887,0.7279731993299832,270,55,168,3732,Somatosensory
739,0.0148954777211401,<HDF5 object reference>,281,740,739,0.0,SSp-tr6a,0.89,148.55404814535888,46110396,0.7005025125628139,269,54,168,1509,Somatosensory
741,0.0338046369587297,<HDF5 object reference>,285,742,741,0.0,SSp-tr6a,0.84,149.37031323037905,46113827,0.8927973199329983,269,52,167,781,Somatosensory
742,0.0017677667088131,<HDF5 object reference>,289,743,742,0.0222219841450194,SSp-tr6a,0.99,149.90554552661266,46136418,0.8378559463986598,269,51,167,22591,Somatosensory
745,0.0713831286632553,<HDF5 object reference>,227,746,745,0.0,CA1,0.25,150.56191092146452,46137057,0.4120603015075377,271,77,173,94,Other
785,1.8146169413862996e-05,<HDF5 object reference>,409,786,785,0.1115281982334129,ZI,0.73,159.06422778017472,49015861,0.6455611390284757,315,173,146,14261,Other
795,0.0003974923219842,<HDF5 object reference>,414,796,795,0.004784274906088,TH,0.99,160.92869083414067,49699074,0.9202680067001676,315,171,146,175547,Thalamus
797,0.0210320400202848,<HDF5 object reference>,415,798,797,0.0169572339205473,TH,0.99,161.08555719685324,49796773,0.4120603015075377,315,171,146,47219,Thalamus
799,0.0034954880935352,<HDF5 object reference>,417,800,799,0.0109596201272795,TH,0.99,161.21982360335687,49934545,0.5631490787269681,316,170,145,108297,Thalamus
821,0.0131220224699684,<HDF5 object reference>,433,822,821,0.1338932542089092,MGm,0.99,165.66814859778071,52382058,0.4257956448911223,318,163,142,256817,Other
827,0.0067626283865126,<HDF5 object reference>,437,828,827,0.1310509268735123,TH,0.99,166.51808055871322,52784948,0.4807370184254607,319,162,142,72258,Thalamus
833,0.0019004205849379,<HDF5 object reference>,441,834,833,0.0380925740708867,MGm,0.99,168.11427798130373,53106495,0.4257956448911221,319,160,142,9962,Other
836,0.0680394686486067,<HDF5 object reference>,444,837,836,0.0928351000798431,TH,0.99,168.42274414988438,53185129,0.4670016750418761,319,159,141,59521,Thalamus
845,6.194674374891648e-06,<HDF5 object reference>,448,846,845,0.0606538691072636,MGv,0.99,171.76263875689483,53980960,0.4395309882747068,319,157,141,41775,Other
847,0.0013618426640661,<HDF5 object reference>,449,848,847,0.0345253375676683,MGv,0.99,172.06433826973506,54019592,0.4257956448911223,319,157,141,20928,Other
849,0.0035049998379635,<HDF5 object reference>,450,850,849,0.3908652638855133,MGv,0.99,172.81460372493422,54098009,0.4944723618090452,319,157,141,44960,Other
852,0.0036140702440356,<HDF5 object reference>,451,853,852,0.0,MGv,0.99,173.28090297199222,54120465,0.4395309882747068,319,156,141,3831,Other
855,0.0555392605348002,<HDF5 object reference>,449,856,855,0.2134259651682124,MGv,0.99,175.33253299252064,54228169,0.4807370184254606,319,157,141,36448,Other
858,0.0007446721734061,<HDF5 object reference>,454,859,858,0.0,MGv,0.99,176.0222318788511,54263852,0.4257956448911223,320,155,141,17667,Other
860,4.6213640375574e-06,<HDF5 object reference>,455,861,860,0.0048224070507826,MGv,0.99,176.09029843560944,54342396,0.4257956448911223,320,155,140,55997,Other
867,0.0556497072776301,<HDF5 object reference>,458,868,867,0.2560509439337406,MGv,0.99,177.8882621990708,54912538,0.4807370184254607,320,153,140,13854,Other
871,0.0927104183238216,<HDF5 object reference>,461,872,871,0.0470231522040729,MGv,0.99,178.68986090471455,55470157,0.5082077051926298,321,152,140,93180,Other
877,0.0003024291328779,<HDF5 object reference>,463,878,877,0.0214341944460065,MGv,0.99,180.01079210511585,56027673,0.4395309882747068,321,151,139,51435,Other
880,5.726829995438217e-05,<HDF5 object reference>,464,881,880,0.0,MGv,0.99,180.69785766236507,56248829,0.5082077051926298,321,151,139,68835,Other
884,0.0114630279710021,<HDF5 object reference>,465,885,884,0.0813172796166042,MGv,0.99,181.1843568768058,56664168,0.5219430485762143,321,151,139,125723,Other
886,3.373034250813321e-05,<HDF5 object reference>,466,887,886,0.0022781201822202,MGv,0.99,181.34132329001588,56868897,0.4532663316582916,321,150,139,40736,Other
887,6.169126585560605e-06,<HDF5 object reference>,467,888,887,0.0085935155697446,MGv,0.99,181.4071898503266,56910845,0.4944723618090452,321,150,139,41948,Other
892,0.0353545487824754,<HDF5 object reference>,471,893,892,0.0104372042926337,MGv,0.99,182.03735549945316,57388613,0.9202680067001674,322,148,138,251764,Other
894,0.016638839759503,<HDF5 object reference>,470,895,894,0.0549550223787947,MGv,0.99,182.3381216804671,57681631,0.4532663316582916,322,148,138,86988,Other
895,0.0086139290696716,<HDF5 object reference>,470,896,895,0.0212061955309677,MGv,0.99,182.58685461216677,57742816,0.4120603015075377,322,148,138,61185,Other
897,0.0009884255262633,<HDF5 object reference>,471,898,897,0.0029687091517596,MGv,0.99,182.79965426855523,58058473,0.5219430485762143,322,148,138,228494,Other
902,0.0001978187234666,<HDF5 object reference>,472,903,902,0.0277918360942708,MGv,0.99,183.2942868031963,58429242,0.5494137353433837,322,148,138,111867,Other
904,0.0118582751268667,<HDF5 object reference>,473,905,904,0.0362294847385349,MGv,0.99,183.39401997548862,58677123,0.4944723618090452,322,147,138,144461,Other
912,0.0040800680851501,<HDF5 object reference>,477,913,912,0.0263064143635338,MGv,0.99,184.56411808610957,59614797,0.4120603015075377,323,146,138,127431,Other
915,0.0336283189376889,<HDF5 object reference>,477,916,915,0.0629723091045422,MGv,0.99,184.78405106431308,59705447,0.4120603015075377,323,146,138,26840,Other
917,0.0367282352095254,<HDF5 object reference>,477,918,917,0.0720221060200645,MGv,0.99,184.870084258727,59922802,0.4807370184254607,323,146,138,151798,Other
919,0.0527887777160157,<HDF5 object reference>,480,920,919,0.0353836344959358,MGv,0.99,184.99908405042865,60063677,0.5219430485762143,323,144,137,140589,Other
920,3.4170502657163824e-05,<HDF5 object reference>,480,921,920,0.0001158166294218,MGv,0.99,185.1284171749254,60244345,0.4395309882747069,323,144,137,180668,Other
922,0.0002700814453621,<HDF5 object reference>,481,923,922,0.0303014153173988,MGv,0.99,185.3251835238698,60667563,0.4807370184254607,323,144,137,153149,Other
934,0.0084104270309152,<HDF5 object reference>,485,935,934,0.0314781502305051,MGd,0.99,186.06594899440879,61493810,0.4532663316582916,324,143,136,129666,Other
935,0.0042649548045913,<HDF5 object reference>,485,936,935,0.0108123084772995,MGd,0.99,186.15758217978032,61604432,0.4257956448911223,324,143,136,110622,Other
940,0.001571401312656,<HDF5 object reference>,487,941,940,0.010503575323514,MGd,0.99,186.68311466452664,61804324,0.4120603015075377,324,142,136,98578,Other
944,0.0168920744873794,<HDF5 object reference>,489,945,944,0.0041540037430245,MGd,0.99,187.14664724938535,63313140,0.604355108877722,325,141,135,667097,Other
945,0.0709851779000525,<HDF5 object reference>,490,946,945,0.0668178366368258,MGd,0.99,187.1887471814058,63366327,0.4395309882747069,325,141,135,53187,Other
946,0.0093298089963694,<HDF5 object reference>,490,947,946,0.0231137458665584,MGd,0.99,187.4903466944075,63474844,0.5082077051926298,325,141,135,108517,Other
948,0.0007974772695937,<HDF5 object reference>,490,949,948,0.0568999138992855,MGd,0.99,187.8275794832048,63640714,0.4395309882747068,325,141,135,24453,Other
950,1.148230781815374e-05,<HDF5 object reference>,491,951,950,0.0,MGd,0.99,187.8736127422074,63779428,0.5082077051926298,325,140,135,138302,Other
953,0.0488112437780696,<HDF5 object reference>,492,954,953,0.0657510641269719,MGd,0.99,188.5392116674525,63985194,0.5219430485762143,325,140,135,57247,Other
955,0.0018238833048615,<HDF5 object reference>,493,956,955,0.00576882540064,LGd-co,0.99,189.81940960029323,64188408,0.4120603015075377,325,139,135,127995,Other
956,9.933297837111195e-05,<HDF5 object reference>,493,957,956,0.0038042458800639,LGd-co,0.99,189.84907621905666,64382731,0.4944723618090452,325,139,135,194323,Other
957,0.0005562386748084,<HDF5 object reference>,493,958,957,0.0039935875498117,LGd-co,0.99,190.870941235699,64489311,0.4395309882747068,325,139,135,106580,Other
959,0.0030884821545667,<HDF5 object reference>,494,960,959,0.012567421254771,LGd-sh,0.99,191.56157345385574,64681185,0.5494137353433837,325,139,135,182728,Other
960,3.2709663822760413e-05,<HDF5 object reference>,494,961,960,0.0129383908429282,LGd-sh,0.99,191.58444008359925,64774809,0.4807370184254607,325,139,135,93624,Other
963,0.0002746613320621,<HDF5 object reference>,494,964,963,0.0011565964541134,LGd-sh,0.99,191.9947727543608,65116359,0.4944723618090451,325,139,135,80852,Other
966,0.0004944898886123,<HDF5 object reference>,497,967,966,0.0026281066747279,LGd-sh,0.99,192.41767207149746,65381980,0.4395309882747068,326,138,135,211167,Other
967,0.0079978187025846,<HDF5 object reference>,497,968,967,0.0201899170161392,LGd-sh,0.99,192.6145050870009,65505890,0.5219430485762143,326,138,135,123910,Other
968,0.0001128225263669,<HDF5 object reference>,497,969,968,0.0015864162629286,LGd-sh,0.99,192.77987148664738,65590441,0.4395309882747068,326,138,135,84551,Other
969,0.0001341972239759,<HDF5 object reference>,498,970,969,0.0026251611401847,LGd-sh,0.99,193.11467094604052,65876942,0.4257956448911223,326,137,134,286501,Other
970,0.022540915269901,<HDF5 object reference>,498,971,970,0.1438441174948269,LGd-sh,0.99,193.7646698964752,66002515,0.4532663316582913,326,137,134,125573,Other
971,0.0404274798831331,<HDF5 object reference>,498,972,971,0.0307939161356189,LGd-sh,0.99,193.8868696991569,66082413,0.4120603015075377,326,137,134,79898,Other
977,0.0001108573172895,<HDF5 object reference>,500,978,977,0.0029685872864784,LGd-sh,0.99,194.93933466638896,66758055,0.5219430485762143,326,136,134,71371,Other
978,0.0007047919348534,<HDF5 object reference>,500,979,978,0.0011634647340389,LGd-sh,0.99,195.42943387501668,66838668,0.4120603015075377,326,136,134,80613,Other
979,0.0041936571930309,<HDF5 object reference>,500,980,979,0.0045192018135168,LGd-sh,0.97,195.49996709445873,66896513,0.7142378559463985,326,136,134,57845,Other
980,0.0029473081211815,<HDF5 object reference>,501,981,980,0.0164973774888281,LGd-sh,0.99,195.51616706830035,66967515,0.4395309882747068,326,136,134,71002,Other
981,0.0016399766881034,<HDF5 object reference>,501,982,981,0.0255348447543513,LGd-sh,0.99,195.6131335783934,67030740,0.4257956448911223,326,136,134,63225,Other
985,0.028782218795379,<HDF5 object reference>,503,986,985,0.0697267086895056,LGd-sh,0.99,195.8960997881493,67470181,0.4807370184254607,326,135,134,124087,Other
987,0.0006734338645703,<HDF5 object reference>,504,988,987,0.0303403289025297,LGd-sh,0.99,196.51249879283841,67573200,0.4532663316582916,326,135,134,102912,Other
989,3.008763114146457e-05,<HDF5 object reference>,505,990,989,0.0052454051756257,LGd-sh,0.99,196.7331651031911,67849773,0.4670016750418761,327,134,133,173981,Other
991,0.069958480531741,<HDF5 object reference>,505,992,991,0.0663552524462766,LGd-sh,0.99,197.08419786970535,67921694,0.4807370184254607,327,134,133,19970,Other
1000,0.0116734081336227,<HDF5 object reference>,508,1001,1000,0.0505153171072521,LGd-sh,0.99,199.1995611206559,69323873,0.4670016750418761,327,133,133,77857,Other
1004,0.0001590900615163,<HDF5 object reference>,510,1005,1004,0.0030993678382466,TH,0.99,199.63012709207973,69705945,0.4395309882747068,327,133,133,120982,Thalamus
1008,0.0405980745768057,<HDF5 object reference>,513,1009,1008,0.2402472076029987,TH,0.99,200.25492608320525,70232447,0.4395309882747068,327,131,132,215670,Thalamus
1024,0.0662084293227108,<HDF5 object reference>,543,1025,1024,0.0,DG-sg,0.63,202.27932281437444,71199233,0.5768844221105526,331,119,128,154,Other
1025,0.0267511986303005,<HDF5 object reference>,545,1026,1025,0.2257649020781349,DG-sg,0.99,202.3671893391614,71205021,0.5082077051926299,331,118,128,5788,Other
1026,0.0001809381213452,<HDF5 object reference>,545,1027,1026,0.0055326649252711,DG-sg,0.99,202.67948883488563,71263471,0.4807370184254607,331,118,128,58450,Other
1028,0.0614784350430694,<HDF5 object reference>,553,1029,1028,0.0353823258325448,DG-po,0.99,203.15295473703816,71285906,1.0164154103852598,332,115,127,20673,Other
1031,0.0263272138823773,<HDF5 object reference>,557,1032,1031,0.2775640687154874,DG-po,0.99,203.5009208418375,71318274,0.5631490787269682,332,114,127,12240,Other
1033,0.0015882543278338,<HDF5 object reference>,558,1034,1033,0.0,DG-po,0.99,203.88902021516628,71378394,0.604355108877722,332,113,127,15706,Other
1035,0.0260275835920249,<HDF5 object reference>,560,1036,1035,0.00556240395617,DG-po,0.99,204.4462526487261,71543352,0.4257956448911223,333,113,127,162805,Other
1036,0.000640461116121,<HDF5 object reference>,561,1037,1036,0.0,DG-po,0.99,204.898085252477,71601111,0.6867671691792294,333,112,126,57759,Other
1037,0.0020108841525904,<HDF5 object reference>,561,1038,1037,0.0,DG-po,0.99,204.92891853602325,71614607,0.5631490787269682,333,112,126,13496,Other
1038,0.0133495536985868,<HDF5 object reference>,561,1039,1038,0.123498413672319,DG-po,0.99,205.02188505257516,71636035,0.6455611390284756,333,112,126,21428,Other
1040,0.0001768598585681,<HDF5 object reference>,561,1041,1040,0.0086457914658658,DG-po,0.99,205.50591760433218,71720535,0.6318257956448909,333,112,126,80986,Other
1042,0.0001088236005092,<HDF5 object reference>,567,1043,1042,0.0,DG-sg,0.32,205.57878415333988,71804775,0.6730318257956448,333,110,125,2378,Other
1044,0.0599753045236652,<HDF5 object reference>,569,1045,1044,0.182498620377703,DG-sg,0.99,206.10811663195028,71821463,0.5082077051926298,333,109,125,16410,Other
1048,0.0039847839980679,<HDF5 object reference>,565,1049,1048,0.0,DG-sg,0.99,206.97734856171877,71922338,0.6455611390284757,333,111,125,10083,Other
1050,0.0015621396933343,<HDF5 object reference>,569,1051,1050,0.0110420344522111,DG-sg,0.99,207.35898127882268,71952867,0.5768844221105527,333,109,125,18503,Other
1052,0.0007020165007471,<HDF5 object reference>,569,1053,1052,0.0,DG-sg,0.99,208.53867937394236,72163217,0.6180904522613065,333,109,125,13432,Other
1053,0.0284089621492994,<HDF5 object reference>,572,1054,1053,0.0104458325492876,DG-sg,0.99,208.80011228513516,72213549,0.4532663316582916,334,108,124,50332,Other
1054,0.0463980477047892,<HDF5 object reference>,572,1055,1054,0.0230225627899023,DG-sg,0.99,209.0656118564281,72283735,0.5631490787269682,334,108,124,70186,Other
1062,0.0047658737035338,<HDF5 object reference>,576,1063,1062,0.0,DG-mo,0.97,211.22570836848033,72695721,0.5631490787269682,334,106,124,735,Other
1064,0.001990634784701,<HDF5 object reference>,577,1065,1064,0.0,DG-mo,0.56,211.35040816712527,73064437,0.6318257956448912,334,106,124,130,Other
1066,0.0010693492645086,<HDF5 object reference>,578,1067,1066,0.0,DG-mo,0.81,211.83117405749036,73065442,0.6043551088777219,334,105,124,242,Other
1073,0.00137186469713,<HDF5 object reference>,624,1074,1073,0.0,CA1,0.99,213.70497103183575,73326294,0.5494137353433837,340,87,118,11228,Other
1077,0.0064573189764577,<HDF5 object reference>,634,1078,1077,0.0,CA1,0.98,215.19863528665513,73409667,0.6180904522613064,341,83,116,2212,Other
1078,0.0241633032384763,<HDF5 object reference>,638,1079,1078,0.4395408183010155,CA1,0.99,215.25456852967204,73437489,0.8241206030150753,342,81,116,27822,Other
1079,0.0560411585492893,<HDF5 object reference>,634,1080,1079,0.0556179235865232,CA1,0.99,215.45313487570994,73564411,0.7005025125628139,341,83,116,126922,Other
1080,0.0004084285058565,<HDF5 object reference>,631,1081,1080,0.0038337400336297,CA1,0.99,215.53963473603702,73681906,0.7691792294807371,341,84,117,117495,Other
1081,0.0088657741094226,<HDF5 object reference>,629,1082,1081,0.0,CA1,0.15,215.7165677836733,73681965,0.9202680067001674,340,85,117,59,Other
1084,0.000429615659344,<HDF5 object reference>,634,1085,1084,0.0733806418313963,CA1,0.99,216.356100084342,73703139,0.6455611390284757,341,83,116,18990,Other
1087,0.021488985675314,<HDF5 object reference>,634,1088,1087,0.0,CA1,0.99,216.75576610566054,73930841,0.4807370184254606,341,83,116,6547,Other
1088,0.0012545675159522,<HDF5 object reference>,634,1089,1088,0.0245001187054575,CA1,0.99,216.84456596227378,73983542,0.9202680067001676,341,83,116,52701,Other
1089,0.0003627212108711,<HDF5 object reference>,636,1090,1089,0.0099042371260493,CA1,0.99,217.13203216476347,74099124,0.9614740368509213,341,82,116,115582,Other
1091,0.000779167478349,<HDF5 object reference>,637,1092,1091,0.1845295467108787,CA1,0.99,217.56103147205036,74364457,0.8515912897822445,341,81,116,22631,Other
1092,3.607177513710249e-06,<HDF5 object reference>,637,1093,1092,0.0022035342141566,CA1,0.99,217.56823146042439,74436198,0.5768844221105527,341,81,116,71741,Other
1095,0.0032212238330735,<HDF5 object reference>,638,1096,1095,0.2195013532571789,CA1,0.99,220.17186058962966,74475505,0.6180904522613065,342,81,116,8300,Other
1096,0.0079081201028397,<HDF5 object reference>,638,1097,1096,0.3327564396703249,CA1,0.99,220.2504937959925,74481343,0.7005025125628139,342,81,116,5838,Other
1099,0.0093945601177729,<HDF5 object reference>,646,1100,1099,0.0,CA1,0.99,220.53289333999675,74781129,0.6867671691792294,343,78,115,7621,Other
1100,0.000446748390727,<HDF5 object reference>,640,1101,1100,0.0,CA1,0.99,220.5774932679804,74805309,0.7417085427135678,342,80,115,24180,Other
1101,0.022300925026567,<HDF5 object reference>,641,1102,1101,0.0622108088590413,CA1,0.99,220.5872932521562,74858751,0.6592964824120603,342,80,115,53442,Other
1104,0.0819664436314021,<HDF5 object reference>,642,1105,1104,0.3120947812793948,CA1,0.99,221.82689125055438,74946644,0.7142378559463985,342,79,115,56011,Other
1105,0.0234876877202729,<HDF5 object reference>,642,1106,1105,0.379993868918036,CA1,0.99,221.92635775661066,74975553,0.8790619765494136,342,79,115,28909,Other
1108,0.0093067747395582,<HDF5 object reference>,637,1109,1108,0.0,CA1,0.99,222.144057405087,75004364,0.7417085427135679,341,81,116,4823,Other
1109,0.0003240388282008,<HDF5 object reference>,644,1110,1109,0.0013782796274098,CA1,0.99,222.18779066780343,75078429,0.8103852596314908,342,78,115,74065,Other
1111,0.0002759109586088,<HDF5 object reference>,645,1112,1111,0.3277917601799736,CA1,0.99,222.28649050843097,75097785,0.7005025125628139,342,78,115,3396,Other
1112,0.0102507139630786,<HDF5 object reference>,645,1113,1112,0.0,CA1,0.99,222.29862382217243,75103762,0.7142378559463987,342,78,115,5977,Other
1116,0.0174681799074482,<HDF5 object reference>,649,1117,1116,0.0350188838982452,CA1,0.99,222.8162896529545,75538338,0.6867671691792294,343,76,114,10390,Other
1117,0.0009077908785867,<HDF5 object reference>,649,1118,1117,0.0,CA1,0.99,222.9620560842494,75547087,0.7142378559463987,343,76,114,8749,Other
1118,7.573383728741982e-05,<HDF5 object reference>,649,1119,1118,0.0,CA1,0.99,223.04978927591836,75550504,0.6318257956448909,343,76,114,3417,Other
1119,0.000761933957074,<HDF5 object reference>,650,1120,1119,0.0013934499755674,CA1,0.99,223.27435557997364,75602590,0.5631490787269682,343,76,114,52086,Other
1120,0.0005776395580605,<HDF5 object reference>,650,1121,1120,0.0,CA1,0.82,223.42205534148013,75603038,0.6455611390284757,343,76,114,448,Other
1122,0.0104994807085521,<HDF5 object reference>,649,1123,1122,0.0426697003601669,CA1,0.99,223.8189547005994,75746062,0.6180904522613064,343,76,114,130424,Other
1123,0.0013469943222585,<HDF5 object reference>,651,1124,1123,0.0,fp,0.99,223.92102120245738,75779728,0.7142378559463987,344,76,114,33666,Other
1126,0.0011809537392863,<HDF5 object reference>,653,1127,1126,0.0120512617958713,fp,0.99,225.16785252250915,76079349,0.5219430485762143,344,76,114,127718,Other
1127,0.0004024791563976,<HDF5 object reference>,653,1128,1127,0.0,fp,0.99,225.4045521403059,76172310,0.6180904522613065,344,76,114,92961,Other
1130,0.0025637971251626,<HDF5 object reference>,654,1131,1130,0.0075979349150281,fp,0.99,226.03645111996693,76375958,0.7005025125628142,344,75,114,113738,Other
1131,0.0017953763454983,<HDF5 object reference>,654,1132,1131,0.0731266392720488,fp,0.99,226.46195043290533,76390338,0.5906197654941373,344,75,114,14380,Other
1136,0.0034192311976261,<HDF5 object reference>,654,1137,1136,0.0075665545885998,fp,0.99,227.214749426054,76743085,0.7279731993299832,344,75,114,59138,Other
1138,8.18660016416544e-05,<HDF5 object reference>,656,1139,1138,0.0,fp,0.99,228.12764834506515,76901174,0.4395309882747068,345,75,113,69506,Other
1139,0.0014412251625794,<HDF5 object reference>,657,1140,1139,0.0137287571877932,fp,0.99,228.27281483983617,76917768,0.6730318257956448,345,74,113,16594,Other
1141,0.0224984348261526,<HDF5 object reference>,657,1142,1141,0.0308646040084754,fp,0.99,228.55524783873278,76991829,0.4120603015075377,345,74,113,46954,Other
1148,1.6286897980432637e-05,<HDF5 object reference>,672,1149,1148,0.0598963360499214,VISp6a,0.99,230.2308791879047,77666379,0.6180904522613065,346,68,112,15889,Other
1150,0.0343773088497373,<HDF5 object reference>,475,1151,1150,0.183670626886691,MGv,0.51,230.37137902153495,77828777,0.5219430485762142,322,146,138,58635,Other
1156,0.0162603064601216,<HDF5 object reference>,677,1157,1156,0.2373739017319535,VISp6a,0.99,231.21867801822478,78491857,0.6455611390284757,347,66,111,35245,Other
1158,0.0011326398157607,<HDF5 object reference>,674,1159,1158,0.0498533743195874,VISp6a,0.99,231.70787743895022,78540218,0.5219430485762143,346,67,112,12315,Other
1160,0.0718564458889112,<HDF5 object reference>,679,1161,1160,0.1449144478822766,VISp6a,0.99,231.76021071031428,78582992,0.6730318257956448,347,65,111,17693,Other
1162,0.0004329442696774,<HDF5 object reference>,680,1163,1162,0.0040973288559364,VISp6a,0.99,232.4326099141078,78832771,0.6592964824120603,347,64,111,30375,Other
1165,0.0052976981475478,<HDF5 object reference>,683,1166,1165,0.0453165826474265,VISp6a,0.99,233.64464181224065,79141262,0.7142378559463985,348,63,110,42840,Other
1169,0.0006661647224251,<HDF5 object reference>,685,1170,1169,0.0197415723516606,VISp6a,0.99,233.9954080635553,79363404,0.6730318257956449,348,62,110,19570,Other
1175,0.0017666152419352,<HDF5 object reference>,688,1176,1175,0.0208066294258585,VISp5,0.99,235.07737344903683,79942900,0.6592964824120603,348,61,109,72588,Other
1176,0.0001309628147829,<HDF5 object reference>,688,1177,1176,0.0,VISp5,0.75,235.09867342381494,79944876,0.7829145728643216,348,61,109,1976,Other
1177,0.0035111504773981,<HDF5 object reference>,689,1178,1177,0.0,VISp5,0.96,235.21167329000866,79947930,0.604355108877722,348,61,109,3054,Other
1179,0.0130139583088659,<HDF5 object reference>,691,1180,1179,0.0041835517853141,VISp5,0.99,235.51907292600825,80044361,0.604355108877722,348,60,109,67217,Other
1181,0.0016463292378258,<HDF5 object reference>,692,1182,1181,0.0,VISp5,0.99,235.7000727116814,80156193,0.8103852596314908,348,60,109,26357,Other
1183,0.0005736958951528,<HDF5 object reference>,693,1184,1183,0.0059924803787561,VISp5,0.99,236.20160545113595,80262512,0.5768844221105527,348,59,109,103559,Other
1184,0.0558961594162732,<HDF5 object reference>,693,1185,1184,0.0343134573609858,VISp5,0.99,236.84607135467272,80368519,0.6592964824120603,348,59,109,106007,Other
1190,0.0371688063699875,<HDF5 object reference>,695,1191,1190,0.0351962257364283,VISp5,0.99,239.13663530901928,80648358,0.6318257956448912,349,58,108,25386,Other
1194,0.049703416694504,<HDF5 object reference>,696,1195,1194,0.0072881130587905,VISp5,0.99,239.5387348328821,81304865,0.6592964824120603,349,58,108,72021,Other
1197,0.0028220780602536,<HDF5 object reference>,700,1198,1197,0.0257538622585795,VISp5,0.99,240.24073400162547,81474541,0.5494137353433837,349,56,108,151324,Other
1200,0.0002317821522358,<HDF5 object reference>,701,1201,1200,0.0045952556238056,VISp5,0.99,240.8928665627506,81655216,0.5494137353433837,349,56,108,103415,Other
1202,0.0009364725670338,<HDF5 object reference>,702,1203,1202,0.0474760795661713,VISp5,0.99,241.03649972600394,81880426,0.5356783919597988,350,56,108,82752,Other
1203,0.0280926095057631,<HDF5 object reference>,702,1204,1203,0.0782372950826164,VISp5,0.99,241.05043304283845,81915182,0.5906197654941374,350,56,108,34756,Other
1205,0.0003120211515603,<HDF5 object reference>,707,1206,1205,0.0068204959092582,VISp4,0.99,242.32783153023558,82269224,0.6180904522613065,350,54,107,91181,Other
1207,0.000326252936048,<HDF5 object reference>,705,1208,1207,0.0028265546957024,VISp5,0.99,242.58579789143715,82461125,0.535678391959799,350,54,107,126686,Other
1208,0.0464745430136993,<HDF5 object reference>,705,1209,1208,0.0,VISp5,0.99,242.6537644776227,82463900,0.5906197654941374,350,54,107,2775,Other
1210,0.0027231794942714,<HDF5 object reference>,707,1211,1210,0.0109650251005377,VISp4,0.99,242.7485976986614,82594425,0.6180904522613065,350,54,107,83038,Other
1214,0.0001598429838533,<HDF5 object reference>,709,1215,1214,0.0043263002708733,VISp4,0.99,243.5895300362235,82903783,0.5082077051926298,350,53,107,215202,Other
1215,0.0193686981168586,<HDF5 object reference>,709,1216,1215,0.009954762208647,VISp4,0.99,243.67756326531426,83033047,0.5768844221105526,350,53,107,129264,Other
1216,0.0090689863060136,<HDF5 object reference>,709,1217,1216,0.0472472148170442,VISp4,0.99,243.77479648351104,83210374,0.5631490787269682,350,53,107,177327,Other
1218,0.0523296194199767,<HDF5 object reference>,713,1219,1218,0.0428512893258343,VISp4,0.99,244.8107619234624,83363827,0.7142378559463987,351,51,106,80798,Other
1224,0.0869462525471696,<HDF5 object reference>,721,1225,1224,0.298927859928527,VISp4,0.99,245.76652745838066,83548306,0.6730318257956448,352,48,105,13306,Other
1225,0.0219783721421519,<HDF5 object reference>,722,1226,1225,0.0384671098144964,VISp2/3,0.99,245.82156072654757,83570473,0.6455611390284757,352,48,105,22167,Other
1227,0.0597625226056897,<HDF5 object reference>,723,1228,1227,0.2513102066859572,VISp2/3,0.99,246.37752673487952,83650553,0.6455611390284757,352,48,104,16455,Other
1230,1.972767784709272e-05,<HDF5 object reference>,726,1231,1230,0.0439233768087234,VISp2/3,0.99,246.8553928356917,83679125,0.6318257956448909,352,46,104,13120,Other
1232,0.0085265511039554,<HDF5 object reference>,727,1233,1232,0.0,VISp2/3,0.99,247.10049254546237,83684528,0.5494137353433834,352,46,104,2639,Other
1234,0.0046071522929931,<HDF5 object reference>,729,1235,1234,0.0,VISp2/3,0.99,248.32152443293808,83740935,0.5906197654941373,353,45,104,10177,Other
1237,0.000344067914559,<HDF5 object reference>,730,1238,1237,0.0568023094579493,VISp2/3,0.99,248.48989090023736,83761213,0.6180904522613065,353,45,104,8158,Other
1238,0.0330588149660767,<HDF5 object reference>,730,1239,1238,0.0,VISp2/3,0.89,248.64579071563207,83761671,0.6455611390284757,353,45,104,458,Other
1240,0.0010021523853065,<HDF5 object reference>,731,1241,1240,0.0,VISp2/3,0.99,250.79392150530435,83771597,0.6455611390284757,353,44,103,6209,Other
1241,0.0156072358162761,<HDF5 object reference>,728,1242,1241,0.0,VISp2/3,0.95,251.1276211101614,83772162,0.5631490787269682,352,45,104,565,Other
1247,0.0044566562660879,<HDF5 object reference>,734,1248,1247,0.1592666874425931,VISp2/3,0.99,251.92375350077236,83880321,0.6867671691792293,353,43,103,13780,Other
1248,0.0010748673135814,<HDF5 object reference>,735,1249,1248,0.0279110831005227,VISp2/3,0.99,252.68815259562626,83891959,0.7279731993299832,353,43,103,11638,Other
1249,0.0035431937027893,<HDF5 object reference>,736,1250,1249,0.0,VISp2/3,0.99,253.24188527326942,83895818,0.7966499162479062,353,42,103,3859,Other
1250,0.0002333476303075,<HDF5 object reference>,736,1251,1250,0.0,VISp2/3,0.9,253.31571851917477,83896927,0.7005025125628139,353,42,103,1109,Other
1253,0.0015456626120613,<HDF5 object reference>,737,1254,1253,0.240098843702732,VISp2/3,0.99,253.70688472265073,83946759,0.6867671691792295,354,42,103,3968,Other
1254,0.0796147201897462,<HDF5 object reference>,740,1255,1254,0.2648748482289727,VISp2/3,0.99,253.71408471412502,83964877,0.6592964824120603,354,40,102,18118,Other
1257,0.0117153231301351,<HDF5 object reference>,740,1258,1257,0.0555483987298395,VISp2/3,0.99,253.99435104892055,84066918,0.5906197654941373,354,40,102,54096,Other
1259,0.0045812039426192,<HDF5 object reference>,741,1260,1259,0.0,VISp2/3,0.98,254.1630841824523,84095359,0.7417085427135678,354,40,102,2417,Other
1263,0.000223088381044,<HDF5 object reference>,742,1264,1263,0.0,VISp1,0.85,254.8499167024883,84113605,0.6592964824120604,354,40,103,1160,Other
1264,0.0014677741493347,<HDF5 object reference>,743,1265,1264,0.0580869378745384,VISp1,0.99,254.99141653493442,84131644,0.7279731993299832,354,39,102,18039,Other
1265,0.0006281129175027,<HDF5 object reference>,744,1266,1265,0.0,VISp1,0.71,255.02584982749434,84132056,0.7691792294807371,354,39,102,412,Other
1266,0.0014280420989685,<HDF5 object reference>,745,1267,1266,0.0,VISp1,0.99,255.30498283029857,84173623,0.6730318257956448,354,38,102,41567,Other
1269,0.0834696290039139,<HDF5 object reference>,743,1270,1269,0.0,VISp1,0.63,256.3867815493108,84182271,0.7005025125628142,354,39,102,188,Other
1270,0.0004769257770904,<HDF5 object reference>,746,1271,1270,0.0,VISp1,0.99,256.5513813544036,84190320,0.7142378559463987,354,38,102,8049,Other
1272,0.0017252168134073,<HDF5 object reference>,746,1273,1272,0.0,VISp1,0.35,257.60484677363274,84210797,0.7005025125628142,354,38,102,150,Other
1274,0.0010250351977306,<HDF5 object reference>,749,1275,1274,0.0,VISp1,0.99,257.73464660718764,84500011,0.7142378559463987,354,37,102,19083,Other
1275,0.0020240363616405,<HDF5 object reference>,749,1276,1275,0.0770149590585876,VISp1,0.99,257.94081296314675,84512146,0.7279731993299832,354,37,102,12135,Other
1276,0.0442800616270467,<HDF5 object reference>,751,1277,1276,0.1720217973918939,VISp1,0.99,257.9436462922101,84605788,0.5219430485762143,355,36,101,93642,Other
1292,0.0777950061103841,<HDF5 object reference>,453,1293,1292,0.4358217382626079,MGv,0.99,261.390107764811,84961022,0.4257956448911223,320,155,141,46846,Other
1295,0.002807233738764,<HDF5 object reference>,465,1296,1295,0.0329996418466549,MGv,0.99,261.88534035179316,85132488,0.535678391959799,321,151,139,139962,Other
1298,0.011573350960584,<HDF5 object reference>,482,1299,1298,0.0345625283698831,MGd,0.99,262.46413947950117,85315521,0.4670016750418761,324,144,136,76853,Other
1299,0.0694696545877601,<HDF5 object reference>,483,1300,1299,0.0823963510795514,MGd,0.99,262.51687273336165,85379780,0.4257956448911224,324,144,136,64259,Other
1301,0.0004234382144086,<HDF5 object reference>,494,1302,1301,0.1254263275991706,LGd-sh,0.99,263.2736715928113,85456516,0.5082077051926299,325,139,135,5490,Other
1303,0.0537775751822563,<HDF5 object reference>,494,1304,1303,0.0695789227009432,LGd-sh,0.99,264.0228704637146,85581836,0.5219430485762144,325,139,135,115610,Other
1304,0.0687916505759579,<HDF5 object reference>,496,1305,1304,0.0339599005402783,LGd-sh,0.99,264.0675703963486,85689433,0.5082077051926298,325,138,135,107597,Other
1309,0.0007032133750301,<HDF5 object reference>,541,1310,1309,0.0,DG-sg,0.85,264.6962694488538,86022458,0.5768844221105527,330,120,129,368,Other
1312,0.0136562641306727,<HDF5 object reference>,555,1313,1312,0.0,DG-po,0.99,265.22880197962223,86029391,0.5082077051926298,332,115,127,3791,Other
1313,0.0202495413508003,<HDF5 object reference>,557,1314,1313,0.1413834448872476,DG-po,0.99,265.3747017597408,86048035,0.4257956448911223,332,114,127,18644,Other
1315,0.0441848576040743,<HDF5 object reference>,569,1316,1315,0.4185912996293445,DG-sg,0.99,265.8780343345157,86076077,0.5631490787269682,333,109,125,27543,Other
1316,0.020019838420184,<HDF5 object reference>,565,1317,1316,0.1764504215487765,DG-sg,0.99,266.0867006867071,86096777,0.6180904522613065,333,111,125,20700,Other
1317,0.0282274870522455,<HDF5 object reference>,565,1318,1317,0.3639986662432518,DG-sg,0.99,266.3733669213471,86106968,0.6180904522613065,333,111,125,10191,Other
1324,0.0285293959617672,<HDF5 object reference>,613,1325,1324,0.0203357050445382,CA1,0.99,267.5329985070321,86149462,0.5356783919597989,339,91,119,38564,Other
1325,0.0017105067217194,<HDF5 object reference>,624,1326,1325,0.0112159315928581,CA1,0.99,267.5971984102782,86167821,0.6730318257956448,340,87,118,18359,Other
1327,0.0007711881608524,<HDF5 object reference>,628,1328,1327,0.0,CA1,0.92,267.8999312873713,86174639,0.7005025125628142,340,85,117,1215,Other
1328,0.0305788802470105,<HDF5 object reference>,628,1329,1328,0.0,CA1,0.63,268.3205639867808,86175185,0.7005025125628142,340,85,117,546,Other
1329,0.099664137010423,<HDF5 object reference>,629,1330,1329,0.0,CA1,0.96,268.3713972435048,86175696,0.4807370184254607,340,85,117,511,Other
1330,0.0001922319657788,<HDF5 object reference>,638,1331,1330,0.009929243691632,CA1,0.99,268.430163821606,86240411,0.6592964824120603,342,81,116,64715,Other
1334,0.0085449670528675,<HDF5 object reference>,645,1335,1334,0.1342964576378195,CA1,0.99,269.07212952078413,86290573,0.6455611390284757,342,78,115,30013,Other
1335,0.0038080496030112,<HDF5 object reference>,645,1336,1335,0.0,CA1,0.99,269.10286280780014,86302201,0.7279731993299832,342,78,115,11628,Other
1336,0.0218394219144728,<HDF5 object reference>,649,1337,1336,0.1929693388712588,CA1,0.99,269.260462570286,86322484,0.5631490787269682,343,76,114,20283,Other
1337,0.0419119931260539,<HDF5 object reference>,645,1338,1337,0.0,CA1,0.99,269.32219581058285,86327656,0.6318257956448909,342,78,115,5172,Other
1338,0.0374089887738597,<HDF5 object reference>,650,1339,1338,0.1366226034641558,CA1,0.99,269.3360624563515,86345878,0.535678391959799,343,76,114,18222,Other
1343,0.009695373761365,<HDF5 object reference>,673,1344,1343,0.4412805314086664,VISp6a,0.57,270.2802277000931,86634032,0.4257956448911224,346,68,112,38967,Other
1346,3.0003251531620348e-05,<HDF5 object reference>,689,1347,1346,0.0488055659827595,VISp5,0.99,271.25875955870845,86649634,0.6180904522613065,348,61,109,8801,Other
1349,0.0149260360044923,<HDF5 object reference>,699,1350,1349,0.0659951525349762,VISp5,0.62,272.75662396798555,86744000,0.6318257956448912,349,57,108,18539,Other
1352,0.0071889687354345,<HDF5 object reference>,702,1353,1352,0.0630443212854272,VISp5,0.99,273.36258972141815,86784854,0.6592964824120603,350,56,108,40237,Other
1353,0.0287928280728206,<HDF5 object reference>,707,1354,1353,0.0,VISp4,0.53,273.8825556044588,86789622,0.6318257956448912,350,54,107,4768,Other
1354,0.0385661860627781,<HDF5 object reference>,709,1355,1354,0.0,VISp4,0.89,274.0282220515956,86791233,0.6730318257956449,350,53,107,1611,Other
1358,0.0232063673491757,<HDF5 object reference>,728,1359,1358,0.0,VISp2/3,0.99,276.0037524076624,86813386,0.6730318257956448,352,45,104,2341,Other
1359,0.000516531980062,<HDF5 object reference>,727,1360,1359,0.0,VISp2/3,0.74,276.3403519003827,86813887,0.5631490787269681,352,46,104,501,Other
1361,0.0078154043732748,<HDF5 object reference>,730,1362,1361,0.0297988090573649,VISp2/3,0.99,276.49325166995175,86854000,0.5219430485762143,353,45,104,29800,Other
1364,0.018277460672165,<HDF5 object reference>,730,1365,1364,0.0,VISp2/3,0.82,276.80538453287835,86856362,0.6867671691792293,353,45,104,671,Other
1365,0.038009384790203,<HDF5 object reference>,731,1366,1365,0.0,VISp2/3,0.99,277.0604174818586,86858946,0.7279731993299832,353,44,103,2584,Other
1368,0.0021071105267188,<HDF5 object reference>,732,1369,1368,0.0,VISp2/3,0.99,278.88471473251127,86868031,0.6455611390284758,353,44,103,3784,Other
1369,0.0004194206191427,<HDF5 object reference>,734,1370,1369,0.0,VISp2/3,0.84,278.96388127986825,86868648,0.7279731993299832,353,43,103,617,Other
1371,0.0004291584112953,<HDF5 object reference>,735,1372,1371,0.0,VISp2/3,0.89,279.1666809742345,86873239,0.6867671691792293,353,43,103,603,Other
1372,0.0265949811137588,<HDF5 object reference>,741,1373,1372,0.0,VISp2/3,0.83,279.4025472854336,86873588,0.6592964824120603,354,40,102,349,Other
1373,0.0346352807722773,<HDF5 object reference>,738,1374,1373,0.0,VISp2/3,0.94,280.34551253098374,86875161,0.6455611390284758,354,41,102,1573,Other
1374,0.0371165928761615,<HDF5 object reference>,744,1375,1374,0.0,VISp1,0.99,280.5823788406758,86877802,0.7417085427135678,354,39,102,2641,Other
1375,0.0743974967169697,<HDF5 object reference>,744,1376,1375,0.0,VISp1,0.7,280.60637880450616,86878062,0.7829145728643215,354,39,102,260,Other
1376,0.0321227494289084,<HDF5 object reference>,746,1377,1376,0.0,VISp1,0.77,280.6439787478403,86878525,0.7554438860971525,354,38,102,463,Other
1378,0.0102714218782855,<HDF5 object reference>,746,1379,1378,0.0,VISp1,0.56,280.80251184225284,86879354,0.7417085427135678,354,38,102,728,Other
1384,0.0041671882564228,<HDF5 object reference>,569,1385,1384,0.0926417247728136,DG-sg,0.99,282.1188765250631,86911632,0.5906197654941373,333,109,125,16901,Other
1387,0.0153920513309597,<HDF5 object reference>,629,1388,1387,0.0,CA1,0.9,282.6521423880597,86912607,0.7417085427135679,340,85,117,587,Other
1389,0.0274129824371862,<HDF5 object reference>,679,1390,1389,0.0,VISp6a,0.74,282.7980755014613,86913079,0.6592964824120603,347,65,111,408,Other
1392,0.0006235723421953,<HDF5 object reference>,726,1393,1392,0.0,VISp2/3,0.84,283.10260837584167,86914890,0.6180904522613065,352,46,104,415,Other
1393,0.0394842955821267,<HDF5 object reference>,728,1394,1393,0.0,VISp2/3,0.86,284.37987311757837,86915131,0.5631490787269681,352,45,104,241,Other
1394,0.0001343626801719,<HDF5 object reference>,730,1395,1394,0.0,VISp2/3,0.97,285.16133860652025,86917057,0.6180904522613064,353,45,104,1926,Other
1396,0.0017847070483521,<HDF5 object reference>,734,1397,1396,0.0,VISp2/3,0.34,286.8885026702262,86919952,0.7554438860971523,353,43,103,145,Other
1399,0.0038056253236921,<HDF5 object reference>,749,1400,1399,0.0,VISp1,0.39,287.8497345549139,86924614,0.7142378559463985,354,37,102,68,Other
1400,0.0371702606868431,<HDF5 object reference>,749,1401,1400,0.0,VISp1,0.81,287.91110112909666,86925248,0.7279731993299832,354,37,102,634,Other
1401,0.0440737016351467,<HDF5 object reference>,460,1402,1401,0.0675985789000492,MGv,0.78,287.9413010835832,86954211,0.4120603015075377,320,153,140,28963,Other
1405,0.0044006694243737,<HDF5 object reference>,631,1406,1405,0.2350370643891702,CA1,0.99,288.1084341650349,86994467,0.6592964824120603,341,84,117,8021,Other
1406,0.0035688531702593,<HDF5 object reference>,632,1407,1406,0.0,CA1,0.99,288.34606714023823,87001749,0.4807370184254607,341,83,116,7282,Other
1409,0.0006068945214129,<HDF5 object reference>,705,1410,1409,0.0050245993770299,VISp5,0.99,289.0758327070956,87093262,0.5906197654941373,350,54,107,77582,Other
1410,0.0528986894726252,<HDF5 object reference>,705,1411,1410,0.0,VISp5,0.85,289.2335991359969,87093589,0.5906197654941373,350,54,107,327,Other
1412,0.0379982259252668,<HDF5 object reference>,732,1413,1412,0.0,VISp2/3,0.29,289.9035647929771,87121070,0.7829145728643215,353,44,103,343,Other
1415,0.000756674040968,<HDF5 object reference>,638,1416,1415,0.0,CA1,0.76,290.3331308122568,87122467,0.7554438860971524,342,81,116,342,Other
1416,0.0023105582322419,<HDF5 object reference>,730,1417,1416,0.0,VISp2/3,0.49,290.37326408510637,87122579,0.9614740368509213,353,45,104,112,Other
1417,0.0005074167098257,<HDF5 object reference>,726,1418,1417,0.0,VISp2/3,0.88,290.581997103864,87123089,0.5494137353433837,352,46,104,510,Other
1419,0.05258597469126,<HDF5 object reference>,746,1420,1419,0.0,VISp1,0.78,291.40336253267384,87127323,0.7417085427135679,354,38,102,342,Other
1420,0.0133934865767714,<HDF5 object reference>,728,1421,1420,0.0,VISp2/3,0.98,291.55406230555843,87128379,0.6318257956448912,352,45,104,1056,Other
1422,0.0140656842264101,<HDF5 object reference>,639,1423,1422,0.0,CA1,0.91,291.79859527036297,87129576,0.6455611390284757,342,81,115,980,Other
1423,0.0440797667522503,<HDF5 object reference>,728,1424,1423,0.0,VISp2/3,0.83,291.92466174703833,87129930,0.604355108877722,352,45,104,354,Other
1424,0.0158880411688976,<HDF5 object reference>,728,1425,1424,0.0,VISp2/3,0.85,292.56122745435465,87130362,0.5906197654941373,352,45,104,432,Other
1429,6.281891540505048e-06,<HDF5 object reference>,782,1430,1429,0.0,RT,0.28,293.0649600285267,87353835,0.5219430485762143,248,182,156,41195,RT
1431,0.0054282403091322,<HDF5 object reference>,780,1432,1431,0.0191195510623661,RT,0.99,293.29082635479654,87427409,0.1922948073701842,248,182,156,24355,RT
1435,4.315506892947509e-05,<HDF5 object reference>,783,1436,1435,0.0,RT,0.99,293.65869246706245,87678822,0.7142378559463987,248,181,156,117179,RT
1436,0.0047402480870902,<HDF5 object reference>,783,1437,1436,0.0,RT,0.97,293.73339235448435,87680744,0.2197654941373534,248,181,156,1922,RT
1438,0.0005633640982731,<HDF5 object reference>,786,1439,1438,0.0046127330464327,RT,0.99,293.8511255103853,88174541,0.2060301507537688,249,180,155,485829,RT
1439,0.0252725642658725,<HDF5 object reference>,786,1440,1439,0.0188142305426784,RT,0.99,293.98225864609157,88227581,0.2884422110552764,249,180,155,53040,RT
1440,0.0022188694246583,<HDF5 object reference>,788,1441,1440,0.0,RT,0.7,294.0824584950832,88264441,0.1648241206030151,249,179,155,36860,RT
1441,0.0014568071814221,<HDF5 object reference>,788,1442,1441,0.0,RT,0.82,294.2709915442836,88310520,0.1510887772194304,249,179,155,46079,RT
1444,0.0001773000960817,<HDF5 object reference>,790,1445,1444,0.0,RT,0.99,294.90965724843505,88471539,0.2609715242881072,249,179,154,53182,RT
1445,0.01706560453167,<HDF5 object reference>,790,1446,1445,0.1433120385060148,RT,0.98,294.9162572384884,88476675,0.6318257956448912,249,179,154,5136,RT
1446,0.0079692115071594,<HDF5 object reference>,791,1447,1446,0.0087114598745165,RT,0.97,294.95585717880846,88572137,0.164824120603015,249,178,154,95462,RT
1449,0.000227615362883,<HDF5 object reference>,793,1450,1449,0.0020278124092236,RT,0.99,295.2403900833302,88649890,0.2884422110552763,249,177,154,43177,RT
1452,0.0004313551630809,<HDF5 object reference>,794,1453,1452,0.48385921153216,RT,0.99,295.9331890392323,88798065,0.2197654941373534,249,177,154,80774,RT
1454,0.0187827651891262,<HDF5 object reference>,795,1455,1454,0.0,RT,0.99,296.0402222112589,88829999,0.3845896147403685,249,177,153,9234,RT
1456,0.0015937045200504,<HDF5 object reference>,795,1457,1456,0.0,RT,0.72,296.29335516310266,88835191,0.3571189279731993,249,177,153,4826,RT
1457,0.0128035383797754,<HDF5 object reference>,796,1458,1457,0.0054211324603588,RT,0.99,296.4386216108423,88947227,0.4120603015075377,249,176,153,112036,RT
1458,0.0143021618863716,<HDF5 object reference>,796,1459,1458,0.0077219353630823,RT,0.99,296.6581546133236,89060050,0.2884422110552764,249,176,153,112823,RT
1462,0.0024151540987848,<HDF5 object reference>,798,1463,1462,0.0113899383533961,RT,0.99,297.1126539283604,89298963,0.2472361809045226,249,175,153,92895,RT
1464,0.0015587628315215,<HDF5 object reference>,800,1465,1464,0.0099438043693579,RT,0.99,297.5322199627108,89373295,0.1922948073701842,250,175,153,19498,RT
1465,0.0006339147851213,<HDF5 object reference>,800,1466,1465,0.0052454925975599,RT,0.99,297.57625322968283,89673441,0.1922948073701842,250,175,153,300146,RT
1467,0.0027333126911898,<HDF5 object reference>,802,1468,1467,0.0710853044994759,RT,0.92,297.65178644918217,89767222,0.4257956448911223,250,174,152,14585,RT
1468,0.0601685065543156,<HDF5 object reference>,804,1469,1468,0.0264524776001848,RT,0.99,298.0613524986033,89824554,0.2472361809045226,250,173,152,57332,RT
1469,0.0442208587408176,<HDF5 object reference>,809,1470,1469,0.0020021877049403,RT,0.99,298.2048522823388,89886005,0.3571189279731993,250,171,151,61451,RT
1470,0.0615557004076581,<HDF5 object reference>,806,1471,1470,0.0030014198639927,RT,0.99,298.49878517269406,90044720,0.2884422110552763,250,172,151,158715,RT
1472,0.0029271793266185,<HDF5 object reference>,807,1473,1472,0.1470747775507884,RT,0.99,299.4615170551211,90086530,0.1785594639865995,250,172,151,40561,RT
1474,0.0752162233603631,<HDF5 object reference>,808,1475,1474,0.2223003291253781,RT,0.99,299.8851497500094,90211361,0.2884422110552764,250,171,151,52328,RT
1475,0.0051531030145043,<HDF5 object reference>,810,1476,1475,0.0066181606126941,RT,0.99,299.93758300432205,90264804,0.1236180904522612,250,171,151,53443,RT
1477,0.0006191502702658,<HDF5 object reference>,811,1478,1477,0.0010753636692508,RT,0.99,300.2415825461729,90378927,0.2609715242881072,250,170,150,102695,RT
1478,0.0091065278282141,<HDF5 object reference>,811,1479,1478,0.052426276019562,RT,0.99,300.3142824366089,90390936,0.2197654941373534,250,170,150,12009,RT
1479,0.060757692601111,<HDF5 object reference>,806,1480,1479,0.0616108581660149,RT,0.99,300.5832153646409,90423233,0.233500837520938,250,172,151,32297,RT
1485,0.001039315317618,<HDF5 object reference>,818,1486,1485,0.0083234452050899,RT,0.99,301.3350808981921,90772065,0.3159128978224456,251,168,149,67393,RT
1486,0.0010719426487798,<HDF5 object reference>,818,1487,1486,0.0116202676742345,RT,0.99,301.42801409146836,90844212,0.6592964824120603,251,168,149,72147,RT
1487,0.0055341271871903,<HDF5 object reference>,819,1488,1487,0.0150769420318196,RT,0.99,301.4389474083244,90969900,0.1510887772194304,251,167,149,125688,RT
1490,0.0094027908417215,<HDF5 object reference>,820,1491,1490,0.0153300581348759,RT,0.99,302.3312460635661,91275013,0.2197654941373534,251,167,149,22208,RT
1491,0.0008197580860836,<HDF5 object reference>,821,1492,1491,0.0,RT,0.43,302.52894576561835,91284891,0.1922948073701842,251,166,149,9878,RT
1495,0.0010658370554655,<HDF5 object reference>,825,1496,1495,0.0193202828841041,RT,0.99,303.68751068624425,91613747,0.3021775544388609,251,165,148,171893,RT
1496,0.0635575911949888,<HDF5 object reference>,825,1497,1496,0.0438186921964495,RT,0.99,303.81951048731105,91712924,0.2884422110552764,251,165,148,99177,RT
1497,0.038685258958599,<HDF5 object reference>,825,1498,1497,0.0182283518505069,RT,0.84,303.8701104110533,91727325,0.1373534338358458,251,165,148,14401,RT
1498,6.769380053720345e-05,<HDF5 object reference>,826,1499,1498,0.001115042100619,RT,0.99,304.10984338309174,92081503,0.1922948073701842,251,164,148,354178,RT
1500,0.0474518222243955,<HDF5 object reference>,827,1501,1500,0.0205159699642784,RT,0.99,304.22317654562386,92542120,0.233500837520938,251,164,148,369766,RT
1501,0.0301478416861587,<HDF5 object reference>,829,1502,1501,0.2344213963345842,RT,0.99,304.4186762509917,92556031,0.2060301507537688,251,163,147,13911,RT
1502,0.0002824851974415,<HDF5 object reference>,830,1503,1502,0.0011692434896875,RT,0.99,304.45584286164564,92654517,0.1922948073701842,251,163,147,98486,RT
1506,0.01825478849787,<HDF5 object reference>,826,1507,1506,0.0090210548625602,RT,0.99,305.0824419173157,93091389,0.1785594639865997,251,164,148,155902,RT
1507,3.476216229882024e-05,<HDF5 object reference>,834,1508,1507,0.000209848167898,RT,0.99,305.46724133739525,93323863,0.2197654941373534,252,161,146,232474,RT
1508,0.0009608052571836,<HDF5 object reference>,834,1509,1508,0.0065074425016915,RT,0.97,305.8056074941197,93662158,0.1785594639865997,252,161,146,338295,RT
1510,0.0882746152718863,<HDF5 object reference>,835,1511,1510,0.0238225240844288,RT,0.99,306.16450695323243,93755664,0.2472361809045226,252,161,146,93429,RT
1511,0.0002815833346256,<HDF5 object reference>,836,1512,1511,0.0071157101671354,RT,0.99,306.22250686582237,94009208,0.3021775544388609,252,161,146,253544,RT
1512,0.0518963644518233,<HDF5 object reference>,836,1513,1512,0.0159571065065348,RT,0.99,306.7319727646872,94161579,0.3983249581239531,252,161,146,152371,RT
1513,0.0182358830291192,<HDF5 object reference>,837,1514,1513,0.0635736365506964,RT,0.99,306.8898391934378,94508804,0.1098827470686767,252,160,146,347225,RT
1517,0.0823032745593802,<HDF5 object reference>,840,1518,1517,0.0054511967194362,RT,0.99,308.143737303723,94909341,0.1510887772194304,252,159,145,191717,RT
1520,0.0091813095386993,<HDF5 object reference>,841,1521,1520,0.0093023504839132,RT,0.99,310.0030345016282,95014143,0.2884422110552764,252,159,145,45077,RT
1522,0.0028430596705455,<HDF5 object reference>,843,1523,1522,0.0067067224505224,RT,0.99,310.46756713487736,95319883,0.2884422110552764,252,158,145,132188,RT
1524,0.0014264477145824,<HDF5 object reference>,844,1525,1524,0.0042779833614323,RT,0.99,310.6125335830692,95499670,0.1922948073701842,252,157,144,173335,RT
1532,0.005961157759238,<HDF5 object reference>,844,1533,1532,0.0103988281562791,RT,0.99,312.1556645907929,96366356,0.1922948073701842,252,157,144,203580,RT
1533,0.0154709541013136,<HDF5 object reference>,848,1534,1533,0.0171638538984476,RT,0.99,312.2283311479458,96463674,0.3983249581239531,253,156,144,97318,RT
1534,0.0055478891162862,<HDF5 object reference>,850,1535,1534,0.0282724362404808,RT,0.98,312.24479778979605,96515387,0.1648241206030151,253,155,143,51713,RT
1535,4.01018019283634e-05,<HDF5 object reference>,849,1536,1535,4.388474034630266e-05,RT,0.99,312.3464976365271,96808888,0.2609715242881072,253,155,143,293501,RT
1539,0.0042824820516609,<HDF5 object reference>,851,1540,1539,0.0162371618720552,RT,0.98,313.4888625815675,97123233,0.1922948073701842,253,155,143,68238,RT
1542,0.0981980908247848,<HDF5 object reference>,854,1543,1542,0.0163441274057723,RT,0.99,313.7483288571998,97288827,0.2747068676716918,253,153,143,87366,RT
1546,0.0006396295231342,<HDF5 object reference>,855,1547,1546,0.0009834337456443,RT,0.99,314.81416058424793,97697655,0.4120603015075377,253,153,142,263046,RT
1548,8.692211768788028e-06,<HDF5 object reference>,856,1549,1548,0.0002611388548386,RT,0.99,315.11182680231013,97937533,0.3159128978224455,253,153,142,120318,RT
1549,3.1949041506862185e-05,<HDF5 object reference>,856,1550,1549,0.0,RT,0.99,315.8750256521145,98237636,0.1785594639865997,253,153,142,300103,RT
1552,0.028685588751026,<HDF5 object reference>,858,1553,1552,0.0065825168267939,RT,0.99,316.52485800610367,98933827,0.2060301507537689,253,152,142,199065,RT
1554,0.0002136773597362,<HDF5 object reference>,859,1555,1554,0.0,RT,0.71,317.0001572897934,98980761,0.2472361809045225,253,152,142,43556,RT
1555,0.0064761135169775,<HDF5 object reference>,859,1556,1555,0.0858284902417472,RT,0.99,317.2539902405822,99203876,0.4395309882747068,253,152,142,223115,RT
1556,0.0002046620656491,<HDF5 object reference>,859,1557,1556,0.0014634994201137,RT,0.89,317.425589981969,99291906,0.2472361809045225,253,152,142,88030,RT
1558,0.0259044745276599,<HDF5 object reference>,862,1559,1558,0.0249228463191475,RT,0.99,317.6205896880904,99520674,0.4532663316582913,254,150,141,225082,RT
1559,0.0498007059602867,<HDF5 object reference>,862,1560,1559,0.035990841413913,RT,0.99,317.6425229883687,99573928,0.4670016750418761,254,150,141,53254,RT
1560,0.0464466266447345,<HDF5 object reference>,862,1561,1560,0.0626031622781686,RT,0.99,317.69048958274624,99647238,0.4395309882747068,254,150,141,73310,RT
1563,0.0111716867146513,<HDF5 object reference>,864,1564,1563,0.0056572874847073,RT,0.91,318.4431884483748,100231193,0.2609715242881072,254,150,141,258501,RT
1566,0.0042428851747449,<HDF5 object reference>,865,1567,1566,0.0073202930402138,RT,0.99,319.9077193922203,100665889,0.3021775544388608,254,149,141,141917,RT
1568,0.0001013229086661,<HDF5 object reference>,866,1569,1568,0.0015307433555242,RT,0.99,321.04581694194013,100929171,0.1785594639865997,254,149,140,192469,RT
1569,0.000251375590473,<HDF5 object reference>,867,1570,1569,0.0295675462690935,RT,0.99,321.1130167972615,101101032,0.3159128978224456,254,148,140,171861,RT
1570,0.0150026398552372,<HDF5 object reference>,867,1571,1570,0.0180975289391142,RT,0.99,321.7028155274475,101241902,0.1098827470686767,254,148,140,140870,RT
1572,0.0310209704659088,<HDF5 object reference>,867,1573,1572,0.0307311790026863,RT,0.88,321.8818818085914,101355657,0.1510887772194304,254,148,140,45730,RT
1573,3.0091614080631963e-05,<HDF5 object reference>,868,1574,1573,0.0,RT,0.99,322.2415143676497,101935234,0.2060301507537689,254,148,140,579577,RT
1574,0.0592334550131968,<HDF5 object reference>,868,1575,1574,0.0104612995889449,RT,0.99,322.4478472567563,102039354,0.1648241206030151,254,148,140,104120,RT
1576,0.0710890528689549,<HDF5 object reference>,869,1577,1576,0.0635921709684512,int,0.99,322.7103466916051,102493353,0.5494137353433837,254,148,140,303665,Other
1577,0.0417376228659434,<HDF5 object reference>,869,1578,1577,0.0262628770749394,int,0.98,322.8574130416436,102547008,0.6592964824120603,254,148,140,53655,Other
1594,0.0474530727410395,<HDF5 object reference>,879,1595,1594,0.0403949442931944,fiber tracts,0.97,325.7357735113111,104825851,0.7966499162479062,255,144,137,41043,Other
1597,0.0081579279406994,<HDF5 object reference>,882,1598,1597,0.0051127110967317,fiber tracts,0.99,326.122372678978,105533465,0.4944723618090452,255,143,138,302797,Other
1613,0.0062295647649563,<HDF5 object reference>,893,1614,1613,0.0056978112123327,fiber tracts,0.99,328.8953333755672,107284655,0.4807370184254607,256,138,135,318610,Other
1622,0.0004350282957713,<HDF5 object reference>,901,1623,1622,0.0112359841237302,STR,0.99,330.4006968012444,108272250,0.2609715242881072,256,135,134,89861,STR
1626,0.0171859719639395,<HDF5 object reference>,903,1627,1626,0.0084356584868856,STR,0.96,331.17596179879547,108576802,0.5494137353433837,256,134,134,97010,STR
1628,0.0077883260911276,<HDF5 object reference>,904,1629,1628,0.0127595769917356,STR,0.99,331.3685280508744,108769580,0.1785594639865997,257,134,133,116744,STR
1630,0.0084835573249019,<HDF5 object reference>,906,1631,1630,0.0026534561180012,STR,0.99,331.7769271716068,109003956,0.6318257956448912,257,133,133,216829,STR
1633,0.0034225802670074,<HDF5 object reference>,908,1634,1633,0.0088319299546156,STR,0.95,332.575258786163,109326970,0.2884422110552764,257,132,133,146294,STR
1634,0.0016254302866205,<HDF5 object reference>,908,1635,1634,0.005500695458384,STR,0.99,332.60792538249973,109544734,0.2472361809045226,257,132,133,217764,STR
1635,0.0148721125399236,<HDF5 object reference>,909,1636,1635,0.0742192328121855,STR,0.97,332.8345248946397,109572375,0.2197654941373534,257,132,132,27641,STR
1637,0.0025419098765216,<HDF5 object reference>,915,1638,1637,0.0033978792962707,CP,0.99,333.36129042720046,109660404,0.1922948073701842,257,130,132,81703,STR
1638,0.0002847921819945,<HDF5 object reference>,916,1639,1638,0.0006119515952,CP,0.99,333.9970223918274,109868353,0.3296482412060301,258,129,131,207949,STR
1639,0.0037735843642967,<HDF5 object reference>,916,1640,1639,0.0,CP,0.99,334.68678757345623,109885461,0.4670016750418761,258,129,131,17108,STR
1644,0.0410920801461409,<HDF5 object reference>,930,1645,1644,0.0185246139655148,CP,0.99,336.3721839448628,110055840,0.6318257956448912,259,124,129,154520,STR
1645,0.0298366323971588,<HDF5 object reference>,930,1646,1645,0.0304135363206666,CP,0.99,336.45021711019376,110133082,0.4257956448911223,259,124,129,77242,STR
1649,0.0007475604812929,<HDF5 object reference>,933,1650,1649,0.0,CP,0.99,337.8101808489109,110245244,0.6867671691792295,259,122,128,14366,STR
1651,0.0005191784274154,<HDF5 object reference>,935,1652,1651,0.0028498957380407,CP,0.99,338.7244455472009,110292437,0.3159128978224455,259,122,128,36421,STR
1652,0.002251694288898,<HDF5 object reference>,935,1653,1652,0.0,CP,0.99,338.80144538142326,110315883,0.604355108877722,259,122,128,23446,STR
1653,0.0001588597434076,<HDF5 object reference>,936,1654,1653,0.0,CP,0.99,339.10074473704327,110317512,0.6730318257956449,259,121,128,1629,STR
1654,0.0047178037588884,<HDF5 object reference>,938,1655,1654,0.0,CP,0.99,339.20401118138125,110321505,0.604355108877722,259,120,127,3993,STR
1657,0.0006351765142379,<HDF5 object reference>,941,1658,1657,0.0310700752976897,CP,0.99,339.4871772384023,110392665,0.5082077051926298,259,119,127,22061,STR
1658,0.0004757031654615,<HDF5 object reference>,941,1659,1658,0.0,CP,0.73,339.5369104646619,110393209,0.5494137353433836,259,119,127,544,STR
1659,0.0031367814555367,<HDF5 object reference>,942,1660,1659,0.0977014564322359,CP,0.99,339.72157673374926,110431046,0.6730318257956448,259,119,126,37837,STR
1660,0.0012707528690836,<HDF5 object reference>,942,1661,1660,0.0797903319530147,CP,0.99,340.0067427864644,110460249,0.6867671691792294,259,119,126,29203,STR
1661,0.0035403720525144,<HDF5 object reference>,942,1662,1661,0.0876036294538756,CP,0.99,340.06320933156076,110471627,0.5356783919597988,259,119,126,11378,STR
1663,0.0025171152111139,<HDF5 object reference>,943,1664,1663,0.010857377574712,CP,0.99,340.698607963572,110612427,0.7554438860971523,259,118,126,111958,STR
1665,0.0628439934125513,<HDF5 object reference>,947,1666,1665,0.0,CP,0.65,340.9784073611747,110612920,0.5906197654941373,260,117,125,249,STR
1666,0.0008163746464179,<HDF5 object reference>,949,1667,1666,0.0247173834910694,CP,0.99,341.1199070565313,110668227,0.7691792294807371,260,116,125,55307,STR
1673,0.01014224330078,<HDF5 object reference>,956,1674,1673,0.0578612146181615,CP,0.84,342.3571043928931,111010764,0.233500837520938,260,113,124,8083,STR
1674,0.0262543641139928,<HDF5 object reference>,957,1675,1674,0.0870845977586942,CP,0.99,342.5624706174142,111042362,0.233500837520938,260,113,124,31598,STR
1677,0.0019235442156478,<HDF5 object reference>,966,1678,1677,0.0049332607671753,CP,0.99,342.7622701872534,111116808,0.7142378559463987,261,109,122,73240,STR
1680,0.0484706803028691,<HDF5 object reference>,967,1681,1680,0.1848383774818253,CP,0.99,343.4790353107524,111139785,0.7554438860971523,261,109,122,21212,STR
1681,0.0054188102397809,<HDF5 object reference>,969,1682,1681,0.0360135877089709,CP,0.99,343.6040350416328,111160276,0.3983249581239529,261,108,121,20491,STR
1682,8.793153992901588e-05,<HDF5 object reference>,969,1683,1682,0.436467769773477,CP,0.99,343.7593680405402,111163219,0.6867671691792293,261,108,121,2943,STR
1684,1.3783356698327554e-05,<HDF5 object reference>,970,1685,1684,0.0214487905346707,CP,0.99,344.181633798085,111272319,0.2747068676716918,261,107,121,18775,STR
1688,0.0205555453666727,<HDF5 object reference>,973,1689,1688,0.1785574166203431,CP,0.99,344.65366611515094,111354720,0.7279731993299832,261,106,121,35343,STR
1693,0.0011127139967405,<HDF5 object reference>,976,1694,1693,0.0249271444440521,CP,0.99,345.5474641908381,111601785,0.3433835845896147,262,105,120,103769,STR
1694,0.0099293973601097,<HDF5 object reference>,977,1695,1694,0.1941059713017732,CP,0.99,345.57596412947885,111650729,0.7554438860971523,262,105,120,48944,STR
1695,0.0035548319660089,<HDF5 object reference>,978,1696,1695,0.0,CP,0.99,345.7869303419434,111655790,0.7554438860971525,262,104,120,5061,STR
1696,0.0031810270285669,<HDF5 object reference>,982,1697,1696,0.1398576530641081,ccb,0.99,345.84049689328333,111688259,0.7691792294807371,262,104,118,32469,Other
1698,0.0338643101614772,<HDF5 object reference>,984,1699,1698,0.0,ccb,0.61,346.5869619528395,111762352,0.7417085427135678,262,103,118,300,Other
1700,0.00925394857604,<HDF5 object reference>,984,1701,1700,0.0,ccb,0.77,346.64186183464216,111778004,0.9477386934673364,262,103,118,457,Other
1702,0.0015719031064605,<HDF5 object reference>,987,1703,1702,0.0,ccb,0.85,347.01679436076023,111786297,0.7691792294807369,262,102,117,3153,Other
1709,0.0007559412939483,<HDF5 object reference>,990,1710,1709,0.0288576070018623,ccb,0.99,348.24382505234377,111855032,0.6730318257956448,262,100,117,25593,Other
1710,0.0438760888714192,<HDF5 object reference>,991,1711,1710,0.003651208407487,ccb,0.99,348.2817249707467,111975428,0.6180904522613065,262,100,116,120396,Other
1712,0.0374564259430155,<HDF5 object reference>,993,1713,1712,0.2188551534718016,ccb,0.99,348.4197246736387,112017651,0.7142378559463987,263,99,116,42180,Other
1713,0.0212199548740012,<HDF5 object reference>,994,1714,1713,0.0,ccb,0.99,348.4893245237929,112021819,0.4532663316582916,263,99,116,4168,Other
1723,0.0019743887066683,<HDF5 object reference>,1005,1724,1723,0.0048726301140707,scwm,0.99,350.1793542185574,112876065,0.7829145728643216,263,94,114,198916,Other
1732,0.0024536562957494,<HDF5 object reference>,1016,1733,1732,0.038545508839613,SSp-bfd6a,0.99,352.42968528078893,113144768,0.6455611390284758,264,90,112,17153,Somatosensory
1737,3.545451733266031e-05,<HDF5 object reference>,1022,1738,1737,0.0,SSp-bfd6a,0.99,353.39948455001,113403799,0.9202680067001674,264,88,111,7299,Somatosensory
1739,0.0064417727861166,<HDF5 object reference>,1024,1740,1739,0.2097385510527593,SSp-bfd6a,0.99,355.72108280060155,113484486,0.8103852596314908,264,87,111,39371,Somatosensory
1740,0.0828358077069221,<HDF5 object reference>,1024,1741,1740,0.0,SSp-bfd6a,0.85,356.0518158847155,113484832,0.5356783919597989,264,87,111,346,Somatosensory
1742,0.0025122263115346,<HDF5 object reference>,1021,1743,1742,0.0,SSp-bfd6a,0.96,356.3034156951259,113487307,0.7691792294807371,264,88,111,1878,Somatosensory
1745,7.977273077864836e-05,<HDF5 object reference>,1026,1746,1745,0.0155240544620534,SSp-bfd6a,0.99,357.0523484641113,113544660,0.7966499162479062,264,86,110,15605,Somatosensory
1748,0.0067125134950419,<HDF5 object reference>,1029,1749,1748,0.0,SSp-bfd6a,0.99,357.3312815872584,113908690,0.7142378559463987,265,85,110,15420,Somatosensory
1749,0.0029709397885985,<HDF5 object reference>,1030,1750,1749,0.0097447558663801,SSp-bfd6a,0.99,357.42534818304244,113998949,0.8515912897822444,265,85,110,90259,Somatosensory
1755,0.0592987858349566,<HDF5 object reference>,1034,1756,1755,0.0181529805229204,SSp-bfd6a,0.99,358.04608104863104,114275525,0.8103852596314908,265,83,109,138416,Somatosensory
1756,0.0022849528180425,<HDF5 object reference>,1032,1757,1756,0.0517181211354025,SSp-bfd6a,0.99,358.1292809859369,114322353,0.7554438860971523,265,84,109,46828,Somatosensory
1759,0.0008015313105855,<HDF5 object reference>,1037,1760,1759,0.00877496473187,SSp-bfd6a,0.99,358.8622137669788,114371858,0.6867671691792295,265,82,108,20756,Somatosensory
1761,0.0062614450514521,<HDF5 object reference>,1040,1762,1761,0.0,SSp-bfd6a,0.74,359.39558003173465,114454548,0.6180904522613065,265,81,108,769,Somatosensory
1763,0.0018851320184986,<HDF5 object reference>,1042,1764,1763,0.0108036583963136,SSp-bfd6a,0.99,359.82594637410466,114500744,0.7005025125628139,266,80,107,18706,Somatosensory
1764,0.0001890424979105,<HDF5 object reference>,1043,1765,1764,0.0,SSp-bfd6a,0.99,360.49751253472186,114698229,0.4395309882747068,266,79,107,197485,Somatosensory
1766,0.0029928503640048,<HDF5 object reference>,1045,1767,1766,0.2419097110210206,SSp-bfd6a,0.97,360.63851242847335,114780884,0.5906197654941373,266,79,107,6847,Somatosensory
1767,0.0955022057316584,<HDF5 object reference>,1046,1768,1767,0.1503731298788256,SSp-bfd6a,0.99,360.7706789955477,114800303,0.6455611390284756,266,78,107,19419,Somatosensory
1770,0.0004313560547606,<HDF5 object reference>,1047,1771,1770,0.0066929679538591,SSp-bfd6a,0.99,361.09904541477835,115041953,0.7691792294807371,266,78,106,106285,Somatosensory
1771,0.0189017491097783,<HDF5 object reference>,1049,1772,1771,0.0095580288690252,SSp-bfd6a,0.99,361.14964537664946,115128641,0.5082077051926298,266,77,106,86688,Somatosensory
1772,0.0107135876430945,<HDF5 object reference>,1049,1773,1772,0.329930474983966,SSp-bfd6a,0.99,361.208511998958,115151599,0.6043551088777218,266,77,106,22958,Somatosensory
1774,0.0016324835114574,<HDF5 object reference>,1050,1775,1774,0.0171026377475856,SSp-bfd5,0.99,361.46904513597013,115231585,0.4670016750418761,266,77,107,66489,Somatosensory
1778,0.0062308773211518,<HDF5 object reference>,1053,1779,1778,0.4563824654456957,SSp-bfd5,0.99,363.49197694495103,115330453,0.7142378559463987,267,76,106,22845,Somatosensory
1781,0.0002967723460524,<HDF5 object reference>,1054,1782,1781,0.0081185603607712,SSp-bfd5,0.99,363.7232767706582,115746145,0.5494137353433837,267,75,106,30518,Somatosensory
1782,0.0056583887687085,<HDF5 object reference>,1054,1783,1782,0.1540536190371458,SSp-bfd5,0.99,363.8161100340383,115761810,0.6867671691792293,267,75,106,15665,Somatosensory
1789,0.0786961097257426,<HDF5 object reference>,1061,1790,1789,0.207175307481858,SSp-bfd5,0.99,364.21404306751464,116110195,0.6318257956448912,267,72,104,12815,Somatosensory
1791,0.0017069024355464,<HDF5 object reference>,1065,1792,1791,0.0480888724493615,SSp-bfd5,0.99,364.7910092994164,116201288,0.5906197654941373,267,71,104,53198,Somatosensory
1792,0.0657320544236798,<HDF5 object reference>,1065,1793,1792,0.0803007985868251,SSp-bfd5,0.99,364.81837594546124,116293852,0.5631490787269682,267,71,104,92564,Somatosensory
1794,0.0001602665220921,<HDF5 object reference>,1066,1795,1794,0.0004942577452719,SSp-bfd5,0.99,365.12954237765274,116416325,0.5356783919597988,267,70,104,87456,Somatosensory
1795,4.702400821541994e-06,<HDF5 object reference>,1068,1796,1795,0.0049930061631069,SSp-bfd5,0.99,365.281342263266,116471357,0.5494137353433836,268,69,103,55032,Somatosensory
1796,0.0669134170421961,<HDF5 object reference>,1066,1797,1796,0.0054832009798958,SSp-bfd5,0.99,365.624608671269,116530070,0.5906197654941373,267,70,104,58713,Somatosensory
1798,0.0027199881628346,<HDF5 object reference>,1069,1799,1798,0.0049699721447106,SSp-bfd5,0.99,365.651375317766,116603265,0.6043551088777218,268,69,103,72969,Somatosensory
1799,0.0675040515455926,<HDF5 object reference>,1069,1800,1799,0.0,SSp-bfd5,0.99,365.6976419495691,116606332,0.5494137353433837,268,69,103,3067,Somatosensory
1801,0.0234285614556687,<HDF5 object reference>,1070,1802,1801,0.0266766557627294,SSp-bfd5,0.99,366.090708320046,116840202,0.5219430485762143,268,69,103,158822,Somatosensory
1802,0.0720483255247767,<HDF5 object reference>,1070,1803,1802,0.0607989559982282,SSp-bfd5,0.99,366.1278749587063,116884808,0.5768844221105528,268,69,103,44606,Somatosensory
1803,0.0002845442256428,<HDF5 object reference>,1073,1804,1803,0.0024604516092363,SSp-bfd5,0.99,366.40857474718877,117076836,0.5082077051926298,268,67,102,192028,Somatosensory
1805,0.0003133128588129,<HDF5 object reference>,1074,1806,1805,0.0098483212781007,SSp-bfd5,0.99,366.70567452331335,117260575,0.535678391959799,268,67,102,120775,Somatosensory
1806,0.0469305810175556,<HDF5 object reference>,1074,1807,1806,0.3157770084602525,SSp-bfd5,0.99,366.97940765037885,117264035,0.5219430485762144,268,67,102,3460,Somatosensory
1808,5.173206781312604e-05,<HDF5 object reference>,1077,1809,1808,0.0016590020068991,SSp-bfd4,0.99,367.78147371265965,117381233,0.535678391959799,268,66,101,116928,Somatosensory
1810,0.0768635532350717,<HDF5 object reference>,1074,1811,1810,0.1996891816046303,SSp-bfd5,0.99,368.0615068349779,117385649,0.5631490787269681,268,67,102,4351,Somatosensory
1812,0.000485439728611,<HDF5 object reference>,1079,1813,1812,0.0058907858480414,SSp-bfd4,0.99,369.4146058153687,117550538,0.5219430485762143,268,66,101,164174,Somatosensory
1813,0.0002002310977126,<HDF5 object reference>,1079,1814,1813,0.0150780356110388,SSp-bfd4,0.99,370.1461052641573,117642866,0.5219430485762143,268,66,101,92328,Somatosensory
1816,0.004272152598598,<HDF5 object reference>,1082,1817,1816,0.0220030965706392,SSp-bfd4,0.99,371.0653379048155,117939840,0.5219430485762143,268,64,100,133028,Somatosensory
1818,0.0497339345059257,<HDF5 object reference>,1082,1819,1818,0.1197204039715148,SSp-bfd4,0.99,371.3148043835002,118224355,0.5219430485762143,268,64,100,194496,Somatosensory
1819,0.0928194974788655,<HDF5 object reference>,1082,1820,1819,0.0263612221557514,SSp-bfd4,0.99,371.67343744659047,118332132,0.4944723618090452,268,64,100,107777,Somatosensory
1821,0.0027976353992687,<HDF5 object reference>,1083,1822,1821,0.0175138158421544,SSp-bfd4,0.99,372.04617049905596,118437231,0.5631490787269682,268,64,100,25447,Somatosensory
1822,0.0001516616679084,<HDF5 object reference>,1085,1823,1822,0.0,SSp-bfd4,0.99,372.63740338687387,118533132,0.5768844221105527,268,63,99,95901,Somatosensory
1825,0.0034912165259485,<HDF5 object reference>,1086,1826,1825,0.0753177401250971,SSp-bfd4,0.99,372.811769922149,118699339,0.5494137353433837,268,63,99,69415,Somatosensory
1826,0.0010806671125154,<HDF5 object reference>,1090,1827,1826,0.0159004964369155,SSp-bfd4,0.99,372.9375698273542,118721145,0.7005025125628142,269,61,98,21806,Somatosensory
1828,0.0021587507202105,<HDF5 object reference>,1089,1829,1828,0.0070435744001779,SSp-bfd4,0.99,373.4849360815606,118746000,0.7142378559463987,268,61,99,23167,Somatosensory
1829,0.0026148020673606,<HDF5 object reference>,1089,1830,1829,0.2994774950669917,SSp-bfd4,0.99,373.60856932173175,118807743,0.6730318257956448,268,61,99,61743,Somatosensory
1830,0.0011395771160752,<HDF5 object reference>,1090,1831,1830,0.0,SSp-bfd4,0.99,374.0471356579228,118836934,0.7005025125628142,269,61,98,29191,Somatosensory
1831,0.0164885315585261,<HDF5 object reference>,1090,1832,1831,0.030826630228089,SSp-bfd4,0.99,374.0673356427014,118878369,0.7005025125628142,269,61,98,41435,Somatosensory
1832,0.0018837137325619,<HDF5 object reference>,1091,1833,1832,0.0056854487234731,SSp-bfd4,0.99,374.0948022886709,118904155,0.7417085427135678,269,61,98,25786,Somatosensory
1833,0.0004808538985265,<HDF5 object reference>,1092,1834,1833,0.0098770217649628,SSp-bfd4,0.99,374.14456891783664,118947901,0.6455611390284757,269,60,98,43746,Somatosensory
1834,0.0010182732836072,<HDF5 object reference>,1093,1835,1834,0.0,SSp-bfd4,0.99,374.54586861544277,118965328,0.7279731993299832,269,60,98,17427,Somatosensory
1836,0.010273813632662,<HDF5 object reference>,1094,1837,1836,0.1185705382696166,SSp-bfd4,0.99,374.6599685294643,119018126,0.6318257956448912,269,59,98,13831,Somatosensory
1837,0.006775067464639,<HDF5 object reference>,1094,1838,1837,0.0222811328114285,SSp-bfd4,0.99,374.72996847671686,119040687,0.7005025125628142,269,59,98,22561,Somatosensory
1841,1.5932922177754114e-05,<HDF5 object reference>,1095,1842,1841,0.0143302475046556,SSp-bfd4,0.99,376.0034008504727,119263335,0.6592964824120604,269,59,97,16242,Somatosensory
1843,0.0157862225026462,<HDF5 object reference>,1098,1844,1843,0.0471285124418744,SSp-bfd2/3,0.99,376.3962338877921,119301145,0.6180904522613065,269,58,97,12666,Somatosensory
1845,0.0065535075121514,<HDF5 object reference>,1096,1846,1845,0.1372159719599589,SSp-bfd4,0.99,376.6262337144789,119448304,0.6455611390284757,269,58,97,12857,Somatosensory
1851,0.046143241105872,<HDF5 object reference>,1103,1852,1851,0.1418720039673418,SSp-bfd2/3,0.99,377.6644329321581,119754499,0.5494137353433837,270,56,96,5162,Somatosensory
1852,0.0350998940256631,<HDF5 object reference>,1105,1853,1852,0.3378310105453007,SSp-bfd2/3,0.99,377.6719329265066,119769459,0.5494137353433837,270,55,95,14960,Somatosensory
1854,0.0079966903849462,<HDF5 object reference>,1106,1855,1854,0.1364059439059125,SSp-bfd2/3,0.99,378.44843234138614,119794401,0.5494137353433837,270,55,95,7445,Somatosensory
1856,0.0035176177466303,<HDF5 object reference>,1109,1857,1856,0.0,SSp-bfd2/3,0.9,378.5346989430478,119972267,0.6180904522613065,270,54,95,2315,Somatosensory
1857,0.0196292028874658,<HDF5 object reference>,1110,1858,1857,0.1202764602525071,SSp-bfd2/3,0.99,378.67379883823094,119988124,0.5494137353433837,270,53,95,15857,Somatosensory
1859,0.0002793646013642,<HDF5 object reference>,1126,1860,1859,0.0014227594295366,SSp-bfd1,0.99,379.13213182619376,120062499,0.5494137353433837,271,47,92,72898,Somatosensory
1863,0.0784752665459518,<HDF5 object reference>,800,1864,1863,0.3351008119209093,RT,0.99,379.50403154595386,120092302,0.2197654941373534,250,175,153,4750,RT
1866,0.0005165567969866,<HDF5 object reference>,807,1867,1866,0.0631455932492157,RT,0.99,380.022897821636,120239907,0.2472361809045225,250,172,151,147220,RT
1868,0.0057947566940376,<HDF5 object reference>,822,1869,1868,0.0,RT,0.93,380.1705977103387,120243490,0.2197654941373534,251,166,148,1872,RT
1869,0.0581856184619658,<HDF5 object reference>,843,1870,1869,0.0,RT,0.99,380.19079769511734,120251354,0.233500837520938,252,158,145,7864,RT
1871,0.0281658290402027,<HDF5 object reference>,858,1872,1871,0.0379267665223827,RT,0.99,380.3018309447831,120524654,0.233500837520938,253,152,142,99337,RT
1876,0.057341757811539,<HDF5 object reference>,913,1877,1876,0.0516776884468398,CP,0.99,382.13269542426707,120861872,0.2884422110552764,257,131,132,72577,STR
1877,0.0225979320888711,<HDF5 object reference>,919,1878,1877,0.0505477762717122,CP,0.99,382.15609537388787,120900547,0.4670016750418761,258,128,131,38675,STR
1878,0.0100487251714831,<HDF5 object reference>,920,1879,1878,0.0562817177085049,CP,0.99,382.17586199799774,120918873,0.604355108877722,258,128,131,18326,STR
1879,0.0002133409085005,<HDF5 object reference>,925,1880,1879,0.0,CP,0.85,382.2674618007869,120920086,0.7005025125628139,258,126,130,1213,STR
1880,0.0722721994789733,<HDF5 object reference>,932,1881,1880,0.0,CP,0.64,382.4035615077695,120920295,0.6318257956448912,259,123,128,209,STR
1883,0.0034868390199421,<HDF5 object reference>,945,1884,1883,0.4464231686544512,CP,0.99,382.7277608097809,120923623,0.5906197654941374,260,118,126,2910,STR
1884,0.0280197947546352,<HDF5 object reference>,953,1885,1884,0.0569342388089469,CP,0.99,382.7485607649994,120945182,0.2197654941373534,260,114,124,21559,STR
1887,0.0024823913603436,<HDF5 object reference>,969,1888,1887,0.2764387306019536,CP,0.99,383.3011262420139,120953048,0.7005025125628142,261,108,121,3698,STR
1889,0.0359766695397381,<HDF5 object reference>,972,1890,1889,0.0063325570888072,CP,0.99,383.4958924893563,120977608,0.4395309882747069,261,107,121,24433,STR
1890,0.0009233364987535,<HDF5 object reference>,973,1891,1890,0.0,CP,0.98,383.6942920622097,120979409,0.6730318257956448,261,106,121,1801,STR
1891,0.0574098545889569,<HDF5 object reference>,976,1892,1891,0.1045943580563658,CP,0.99,383.9644581472192,121015978,0.370854271356784,262,105,120,36569,STR
1893,0.0135956535602463,<HDF5 object reference>,983,1894,1893,0.0,ccb,0.8,383.9817914432346,121016834,0.7691792294807369,262,103,118,756,Other
1900,0.0084302944833318,<HDF5 object reference>,991,1901,1900,0.0,ccb,0.92,386.71078556781544,121074447,0.6592964824120603,262,100,116,1478,Other
1902,0.0059466886308878,<HDF5 object reference>,993,1903,1902,0.0794716539742156,ccb,0.99,386.9991516136411,121081660,0.6180904522613065,263,99,116,6897,Other
1903,0.0014127073420295,<HDF5 object reference>,994,1904,1903,0.0180374672213996,ccb,0.99,387.38335078647515,121096137,0.4807370184254607,263,99,116,14477,Other
1906,0.057161426817826,<HDF5 object reference>,1040,1907,1906,0.2051045034436999,SSp-bfd6a,0.99,387.61991694382397,121103924,0.4807370184254607,265,81,108,7436,Somatosensory
1907,0.0009686348696763,<HDF5 object reference>,1045,1908,1907,0.1662643068719036,SSp-bfd6a,0.99,387.9029496677988,121112183,0.535678391959799,266,79,107,8259,Somatosensory
1908,0.0091558348344056,<HDF5 object reference>,1053,1909,1908,0.0,SSp-bfd5,0.97,387.9553828882454,121114734,0.7142378559463987,267,76,106,2551,Somatosensory
1911,0.0006882513883273,<HDF5 object reference>,1058,1912,1911,0.0,SSp-bfd5,0.65,388.75221450603095,121152657,0.6318257956448912,267,74,105,376,Somatosensory
1912,0.0276821827906105,<HDF5 object reference>,1068,1913,1912,0.1041748244539206,SSp-bfd5,0.99,388.8071143878336,121158681,0.5494137353433837,268,69,103,6024,Somatosensory
1913,0.0076911236221677,<HDF5 object reference>,1069,1914,1913,0.0221791084607367,SSp-bfd5,0.99,388.83281433250266,121287263,0.4944723618090452,268,69,103,128582,Somatosensory
1914,0.0251726841836428,<HDF5 object reference>,1070,1915,1914,0.0237372503051832,SSp-bfd5,0.99,388.9713473675797,121529352,0.4807370184254607,268,69,103,242089,Somatosensory
1916,0.001217815617011,<HDF5 object reference>,1074,1917,1916,0.0216319701429885,SSp-bfd5,0.99,389.318013287888,121596789,0.535678391959799,268,67,102,66098,Somatosensory
1917,0.0011583814507401,<HDF5 object reference>,1079,1918,1917,0.0287279677369008,SSp-bfd4,0.99,389.4002464441765,121631203,0.5219430485762143,268,66,101,34414,Somatosensory
1919,0.0690684072962227,<HDF5 object reference>,1081,1920,1919,0.0255278110276139,SSp-bfd4,0.99,389.80071224865577,121700713,0.5494137353433837,268,65,100,68839,Somatosensory
1920,0.0878661304459051,<HDF5 object reference>,1082,1921,1920,0.0742125204828082,SSp-bfd4,0.99,390.15657814915687,121811282,0.5219430485762143,268,64,100,110569,Somatosensory
1921,0.0003997899271768,<HDF5 object reference>,1083,1922,1921,0.0063255913039932,SSp-bfd4,0.99,390.1682114574441,121880427,0.5768844221105527,268,64,100,69145,Somatosensory
1922,0.019560434707168,<HDF5 object reference>,1083,1923,1922,0.0,SSp-bfd4,0.99,390.28551120490226,121881179,0.5631490787269682,268,64,100,752,Somatosensory
1926,8.928746746182383e-06,<HDF5 object reference>,1088,1927,1926,0.0044932131207622,SSp-bfd4,0.99,390.71367694974464,121914909,0.6455611390284756,268,62,99,29006,Somatosensory
1929,0.0004999412939598,<HDF5 object reference>,1089,1930,1929,0.0,SSp-bfd4,0.99,391.0576095426043,122006525,0.6730318257956448,268,61,99,18312,Somatosensory
1930,0.0008740281792085,<HDF5 object reference>,1090,1931,1930,0.0074387305674842,SSp-bfd4,0.99,391.0716761789861,122038406,0.6180904522613065,269,61,98,31881,Somatosensory
1931,0.0604232165653947,<HDF5 object reference>,1094,1932,1931,0.0618735681632777,SSp-bfd4,0.99,391.08350948684273,122076699,0.5906197654941373,269,59,98,38293,Somatosensory
1932,4.30085627407516e-05,<HDF5 object reference>,1097,1933,1932,0.2088347065444516,SSp-bfd4,0.99,391.12590939555736,122082716,0.5631490787269682,269,58,97,6017,Somatosensory
1934,0.0027686194806261,<HDF5 object reference>,1102,1935,1934,0.165695987871265,SSp-bfd2/3,0.99,392.16314049577215,122090139,0.5631490787269682,270,57,96,6755,Somatosensory
1939,0.000516531980062,<HDF5 object reference>,987,1940,1939,0.0,ccb,0.7,393.24743816132104,122095957,0.7691792294807371,262,102,117,501,Other
1941,0.0170011278299916,<HDF5 object reference>,1096,1942,1941,0.1995057280712668,SSp-bfd4,0.99,393.34767127885635,122110065,0.6455611390284758,269,58,97,8706,Somatosensory
1945,0.0636782136514835,<HDF5 object reference>,822,1946,1945,0.0,RT,0.68,393.8197369291839,122112978,0.233500837520938,251,166,148,462,RT
1949,0.0003456698872197,<HDF5 object reference>,956,1950,1949,0.0,CP,0.99,394.47173552545604,122236289,0.2884422110552764,260,113,124,122427,STR
1951,0.0022653704273471,<HDF5 object reference>,1046,1952,1951,0.0767767546610476,SSp-bfd6a,0.99,395.2016672872744,122250292,0.7691792294807371,266,78,107,7017,Somatosensory
1953,0.0286016140768781,<HDF5 object reference>,1109,1954,1953,0.0,SSp-bfd2/3,0.79,395.7081995300634,122250904,0.5906197654941373,270,54,95,437,Somatosensory
1957,0.0118455479081464,<HDF5 object reference>,1046,1958,1957,0.0,SSp-bfd6a,0.66,396.5305644262101,122252238,0.6592964824120603,266,78,107,591,Somatosensory
1958,0.0085589455963459,<HDF5 object reference>,1153,1959,1958,0.0153550272290368,TTd,0.99,396.71383069831154,122279415,0.6455611390284756,134,215,235,27177,Other
1962,0.0372495583631412,<HDF5 object reference>,1155,1963,1962,0.1805432709171564,TTd,0.99,397.5719288508593,122395179,0.6592964824120603,134,214,235,30696,Other
1965,0.0142495626199219,<HDF5 object reference>,1158,1966,1965,0.073781754242055,TTd,0.99,398.3753271211738,122447059,0.4807370184254607,134,213,234,35790,Other
1966,0.0424426017309583,<HDF5 object reference>,1158,1967,1966,0.0582028962122574,TTd,0.99,398.6708931514982,122483101,0.5906197654941374,134,213,234,36042,Other
1967,0.0358469228259058,<HDF5 object reference>,1158,1968,1967,0.1785071164739688,TTd,0.99,398.6968264289982,122505171,0.6867671691792293,134,213,234,22070,Other
1969,0.0597842161068361,<HDF5 object reference>,1161,1970,1969,0.2231857424708665,TTd,0.99,398.850426098304,122532660,0.5631490787269682,133,212,234,14839,Other
1970,0.0002111944383231,<HDF5 object reference>,1161,1971,1970,0.0,TTd,0.99,398.8655927323175,122583935,0.7005025125628142,133,212,234,51275,Other
1971,0.0040823615669971,<HDF5 object reference>,1161,1972,1971,0.1197320299936884,TTd,0.99,398.8822593631016,122618573,0.5768844221105527,133,212,234,34638,Other
1973,0.00092541877414,<HDF5 object reference>,1163,1974,1973,0.0214077060637517,TTd,0.99,398.95199254630205,122658695,0.6730318257956448,133,211,233,18793,Other
1974,0.0039267211825553,<HDF5 object reference>,1164,1975,1974,0.0,TTd,0.99,399.64695771673547,122663698,0.865326633165829,133,210,233,5003,Other
1976,0.0086617487062541,<HDF5 object reference>,1165,1977,1976,0.3200476374314953,TTd,0.99,399.84899061509975,122695374,0.6455611390284757,133,210,233,7685,Other
1984,0.0045497666743962,<HDF5 object reference>,1169,1985,1984,0.0614552156057164,TTd,0.99,401.64655341168304,123113702,0.6592964824120603,133,208,232,52613,Other
1985,0.0072707867532342,<HDF5 object reference>,1169,1986,1985,0.0207198250006741,TTd,0.99,401.7346865552691,123322522,0.5356783919597988,133,208,232,208820,Other
1987,0.0004810552364508,<HDF5 object reference>,1171,1988,1987,0.0106674937038587,TTd,0.99,401.8789195780743,123377822,0.6867671691792295,133,208,232,18825,Other
1990,0.0009417599519231,<HDF5 object reference>,1173,1991,1990,0.0036922125726537,TTd,0.99,402.43071839007274,123575119,0.4532663316582916,132,207,232,191988,Other
1991,0.0360981208941561,<HDF5 object reference>,1173,1992,1991,0.0349777625760074,TTd,0.99,402.4818516133182,123623881,0.6180904522613065,132,207,232,48762,Other
1993,0.0001311694728291,<HDF5 object reference>,1174,1994,1993,0.0020390348948556,TTd,0.99,402.67595119542926,123747806,0.6730318257956448,132,207,231,86116,Other
1994,0.0205718728790352,<HDF5 object reference>,1174,1995,1994,0.0665773658096725,TTd,0.99,402.7453510460141,123831716,0.7829145728643215,132,207,231,83910,Other
1995,0.000356099283671,<HDF5 object reference>,1175,1996,1995,0.0,TTd,0.99,402.8670507839992,123882218,0.7279731993299832,132,206,231,50502,Other
1996,0.0880181248775725,<HDF5 object reference>,1175,1997,1996,0.3171932079606594,TTd,0.99,403.0056504855994,123894177,0.6455611390284757,132,206,231,11959,Other
2002,0.0013035561546303,<HDF5 object reference>,1178,2003,2002,0.0560416409873933,TTd,0.99,403.9573484366304,123994466,0.6455611390284757,132,205,231,27240,Other
2006,0.0305442539328631,<HDF5 object reference>,1186,2007,2006,0.1290508776233716,TTd,0.99,404.5406471808107,124070769,0.7279731993299831,132,202,229,48106,Other
2007,0.001330260162768,<HDF5 object reference>,1182,2008,2007,0.0513262643885295,TTd,0.99,404.6086137011481,124082906,0.6318257956448912,132,203,230,12137,Other
2008,0.0068844740078091,<HDF5 object reference>,1185,2009,2008,0.014072334636587,TTd,0.99,404.8166799198562,124137266,0.5768844221105527,132,202,229,54360,Other
2009,0.020564093491745,<HDF5 object reference>,1186,2010,2009,0.1747590543180857,TTd,0.69,405.014812826617,124141917,0.7142378559463985,132,202,229,4651,Other
2011,0.0190174883384455,<HDF5 object reference>,1190,2012,2011,0.0182064600076859,TTd,0.99,405.3515787682396,124481633,0.6043551088777219,131,200,229,195462,Other
2013,0.0042293583343697,<HDF5 object reference>,1188,2014,2013,0.1763433294458272,TTd,0.99,405.44394523604484,124529850,0.7142378559463987,131,201,229,16041,Other
2014,0.0010820466483695,<HDF5 object reference>,1189,2015,2014,0.2790766618696964,TTd,0.99,405.6413114777896,124587223,0.6867671691792293,131,201,229,57373,Other
2017,0.0004408819028083,<HDF5 object reference>,1190,2018,2017,0.0010470942580291,TTd,0.99,406.237410194412,124839884,0.5082077051926298,131,200,229,60086,Other
2019,0.0025497732386717,<HDF5 object reference>,1192,2020,2019,0.1062175452687688,TTd,0.99,406.558476169836,124856953,0.7691792294807371,131,199,228,15784,Other
2021,0.0001464876876658,<HDF5 object reference>,1193,2022,2021,0.0004236964968896,TTd,0.99,407.76870689758925,124951495,0.4257956448911223,131,199,228,94458,Other
2024,0.0014207006639878,<HDF5 object reference>,1195,2025,2024,0.014367364711931,OLF,0.99,408.2048059586848,124982003,0.8378559463986598,131,198,228,16221,Other
2027,0.0417064081487853,<HDF5 object reference>,1198,2028,2027,0.1962790613334784,TTd,0.99,408.3929388869752,125039091,0.6592964824120603,130,197,228,27407,Other
2030,0.0004986175761292,<HDF5 object reference>,1199,2031,2030,0.0,TTd,0.83,409.9300022444037,125102830,0.6455611390284757,130,197,228,519,Other
2033,0.0775736209086617,<HDF5 object reference>,1201,2034,2033,0.1131476062795897,TTd,0.99,409.9451688784172,125267822,0.6455611390284757,130,196,227,100947,Other
2035,0.0003457006499011,<HDF5 object reference>,1202,2036,2035,0.0307037941774346,TTd,0.99,410.10716852963816,125477411,0.6180904522613065,130,195,227,134533,Other
2038,0.000391244127814,<HDF5 object reference>,1205,2039,2038,0.0001801852978875,TTd,0.99,410.99899994289285,125824497,0.7691792294807371,130,194,226,144846,Other
2041,0.0001432007028393,<HDF5 object reference>,1206,2042,2041,0.0017693596010857,TTd,0.99,411.5779320298077,126101304,0.6867671691792293,130,194,226,92446,Other
2043,0.0712090606970143,<HDF5 object reference>,1208,2044,2043,0.1344278060475064,TTd,0.99,411.69953176800817,126195497,0.6455611390284757,130,193,225,5303,Other
2045,0.0003210253446726,<HDF5 object reference>,1210,2046,2045,0.0341530520507352,TTd,0.99,411.78123159211157,126274649,0.7005025125628142,129,192,225,75134,Other
2046,0.0193288875109844,<HDF5 object reference>,1210,2047,2046,0.0126517597674198,TTd,0.99,411.85956475679666,126390606,0.7554438860971525,129,192,225,115957,Other
2047,0.0983379003675801,<HDF5 object reference>,1210,2048,2047,0.0795935225417605,TTd,0.99,413.2414286811094,126505307,0.6455611390284757,129,192,225,114701,Other
2048,0.0021841891717755,<HDF5 object reference>,1210,2049,2048,0.0,TTd,0.99,413.5065948625176,126511839,0.6592964824120603,129,192,225,6532,Other
2051,0.0003840268051108,<HDF5 object reference>,1213,2052,2051,0.0009957888636548,TTd,0.99,414.8329924351879,126821268,0.7279731993299832,129,191,224,204352,Other
2052,0.0073835990470177,<HDF5 object reference>,1213,2053,2052,0.0835583888851238,TTd,0.99,414.8618257157559,126942153,0.6455611390284757,129,191,224,120885,Other
2054,0.0010522064980483,<HDF5 object reference>,1213,2055,2054,0.0665127460204156,TTd,0.99,414.98309216050296,127275102,0.6455611390284756,129,191,224,7539,Other
2055,0.003604278231689,<HDF5 object reference>,1214,2056,2055,0.0325093013281668,TTd,0.99,415.1108585933549,127438998,0.6043551088777218,129,190,224,163896,Other
2057,0.0206472734397828,<HDF5 object reference>,1214,2058,2057,0.0561223106452961,TTd,0.99,415.28155828097164,127566105,0.769179229480737,129,190,224,41849,Other
2058,0.0065741623958433,<HDF5 object reference>,1214,2059,2058,0.0,TTd,0.9,415.40842471547063,127567212,0.6730318257956448,129,190,224,1107,Other
2060,0.0568531490424589,<HDF5 object reference>,1214,2061,2060,0.2597465021568366,TTd,0.99,415.4740245954217,127581497,0.6455611390284757,129,190,224,12065,Other
2063,0.0008487062261524,<HDF5 object reference>,1216,2064,2063,0.0,DP,0.99,416.19402327781216,127742006,0.6867671691792295,130,190,224,21231,Other
2065,0.0010676039472026,<HDF5 object reference>,1217,2066,2065,0.0,DP,0.99,416.4291561808484,127752876,0.5768844221105527,130,189,224,4689,Other
2066,0.0004484004207477,<HDF5 object reference>,1217,2067,2066,0.0069688369024059,DP,0.99,416.4541894683704,127793217,0.6180904522613065,130,189,224,40341,Other
2067,0.0060779503116259,<HDF5 object reference>,1217,2068,2067,0.1874214467478696,DP,0.99,416.5637559345286,127826220,0.6455611390284757,130,189,224,33003,Other
2068,0.0338900603709321,<HDF5 object reference>,1218,2069,2068,0.1013401892958994,DP,0.99,416.6878223741516,127844543,0.6592964824120603,130,189,224,18323,Other
2069,0.0003561800887729,<HDF5 object reference>,1218,2070,2069,0.0063128586515946,DP,0.99,416.7305556292824,127953983,0.7005025125628142,130,189,224,109440,Other
2072,0.0032504916666751,<HDF5 object reference>,1220,2073,2072,0.0054097068995576,DP,0.99,417.72202048155185,128025070,0.6455611390284757,129,188,223,26435,Other
2073,0.0065429493603771,<HDF5 object reference>,1221,2074,2073,0.0125735087370735,DP,0.99,417.7455871050912,128172201,0.6318257956448912,129,188,223,147131,Other
2074,0.0028349500456207,<HDF5 object reference>,1221,2075,2074,0.0404360983784812,DP,0.99,417.91515346144865,128181870,0.6455611390284757,129,188,223,9669,Other
2076,0.0007197565922664,<HDF5 object reference>,1221,2077,2076,0.0480049790194614,DP,0.99,418.07521983519115,128305732,0.7142378559463987,129,188,223,106859,Other
2078,0.0038822063304849,<HDF5 object reference>,1222,2079,2078,0.0293040560290392,DP,0.99,418.19048629091833,128521598,0.6867671691792293,129,187,223,166931,Other
2080,0.0523382967987437,<HDF5 object reference>,1222,2081,2080,0.2908959190852321,DP,0.99,418.41635254424597,128668528,0.6318257956448912,129,187,223,53104,Other
2081,0.0001747557214104,<HDF5 object reference>,1222,2082,2081,0.0809710257214592,DP,0.99,418.591885556351,128704685,0.6867671691792295,129,187,223,36157,Other
2082,0.0028025030484567,<HDF5 object reference>,1224,2083,2082,0.2158447254136007,DP,0.99,418.6940520360513,128708870,0.6867671691792295,129,186,223,4185,Other
2084,0.0331882855254798,<HDF5 object reference>,1224,2085,2084,0.0126860720662666,DP,0.99,418.78628520059635,128831561,0.4257956448911221,129,186,223,122064,Other
2085,0.000124440288548,<HDF5 object reference>,1225,2086,2085,0.0425530196579055,DP,0.99,418.7947185184966,128906375,0.7417085427135678,129,186,222,74814,Other
2086,0.0004878489584584,<HDF5 object reference>,1225,2087,2086,0.057407193542227,DP,0.99,418.8027518371288,128949315,0.7005025125628142,129,186,222,42940,Other
2087,0.0274989888443006,<HDF5 object reference>,1225,2088,2087,0.19922421315087,DP,0.99,419.0047848007385,129013926,0.6730318257956448,129,186,222,64611,Other
2089,0.0465615302247225,<HDF5 object reference>,1229,2090,2089,0.0852991428353831,DP,0.99,419.2442176959056,129064074,0.6592964824120603,129,184,222,24003,Other
2090,0.0062918132665987,<HDF5 object reference>,1226,2091,2090,0.0808225481970775,DP,0.99,419.26655098836864,129129315,0.7005025125628142,129,186,222,65241,Other
2092,0.0134086402015954,<HDF5 object reference>,1226,2093,2092,0.0334651970072085,DP,0.99,419.9059164849858,129265193,0.7554438860971523,129,186,222,132323,Other
2093,0.0002864274069743,<HDF5 object reference>,1227,2094,2093,0.0,DP,0.99,419.98061634828383,129347970,0.7691792294807371,129,185,222,82777,Other
2096,0.0001051829946658,<HDF5 object reference>,1229,2097,2096,0.0136008751362138,DP,0.99,420.68791505391545,129533052,0.7005025125628142,129,184,222,47155,Other
2097,0.04549889027947,<HDF5 object reference>,1229,2098,2097,0.0927308560420451,DP,0.99,421.3890137708931,129619189,0.8241206030150753,129,184,222,86137,Other
2100,0.0335262775081584,<HDF5 object reference>,1231,2101,2100,0.0153020308744421,DP,0.93,422.852644425758,129735743,0.8927973199329983,128,184,221,100643,Other
2101,4.513542776406145e-05,<HDF5 object reference>,1233,2102,2101,0.0154818490451488,DP,0.99,423.02117745067306,129798248,0.7554438860971523,128,183,221,62505,Other
2102,0.001715439065175,<HDF5 object reference>,1233,2103,2102,0.0,DP,0.99,423.16954384582675,129802588,0.6730318257956448,128,183,221,4340,Other
2105,0.0119158734747323,<HDF5 object reference>,1234,2106,2105,0.1793100661930664,DP,0.99,423.38601011635654,129839762,0.7142378559463987,128,182,221,12987,Other
2106,0.0836600651166797,<HDF5 object reference>,1234,2107,2106,0.3228073573506132,DP,0.99,423.4164433939965,129863960,0.7005025125628142,128,182,221,24198,Other
2107,9.891920110511585e-06,<HDF5 object reference>,1234,2108,2107,0.0,DP,0.99,423.8680092342901,129890121,0.7142378559463987,128,182,221,26161,Other
2109,0.000385995711651,<HDF5 object reference>,1237,2110,2109,0.178292559396178,DP,0.99,424.0830421741096,129930832,0.7005025125628142,128,181,220,15273,Other
2111,0.0004038198807266,<HDF5 object reference>,1238,2112,2111,0.0301000540710529,ORBm1,0.99,424.32477506506774,130068319,0.6730318257956448,128,181,221,27451,Other
2113,0.0003152909950038,<HDF5 object reference>,1241,2114,2113,0.0,ORBm1,0.99,425.2385733928016,130145829,0.6730318257956448,127,180,220,73682,Other
2114,0.0017601017526818,<HDF5 object reference>,1241,2115,2114,0.2178180339458454,ORBm1,0.99,425.42270638916847,130149995,0.6730318257956449,127,180,220,4166,Other
2115,2.3964766181156297e-05,<HDF5 object reference>,1241,2116,2115,0.0,ORBm1,0.99,425.46860630517085,130160802,0.7142378559463987,127,180,220,10807,Other
2116,0.0116224841483718,<HDF5 object reference>,1241,2117,2116,0.0590328520488824,ORBm1,0.99,425.5082062327023,130189655,0.5082077051926298,127,180,220,28853,Other
2117,0.0014798581500839,<HDF5 object reference>,1241,2118,2117,0.1454830206079972,ORBm1,0.99,426.1529050528928,130196864,0.6592964824120603,127,180,220,7209,Other
2120,0.012185764861523,<HDF5 object reference>,1242,2121,2120,0.0098521270352997,ORBm1,0.99,426.5773042762351,130312801,0.6455611390284757,127,179,220,39177,Other
2121,0.0880984677047229,<HDF5 object reference>,1242,2122,2121,0.1492566166913481,ORBm1,0.99,426.7276706677288,130337456,0.7142378559463987,127,179,220,24655,Other
2123,0.0379591336381673,<HDF5 object reference>,1243,2124,2123,0.0541110030800979,ORBm1,0.99,426.9611369071484,130441941,0.7966499162479062,127,179,220,67904,Other
2124,0.0005517751002369,<HDF5 object reference>,1244,2125,2124,0.0,ORBm1,0.77,426.99580351037457,130442410,0.6730318257956449,127,178,220,469,Other
2125,0.0036127680146579,<HDF5 object reference>,1245,2126,2125,0.1035587394089337,ORBm1,0.99,427.18863649082033,130491865,0.6730318257956448,127,178,219,49455,Other
2127,0.0001731259882132,<HDF5 object reference>,1245,2128,2127,0.0193870926001323,ORBm1,0.99,428.2285679210618,130729306,0.6867671691792293,127,178,219,55856,Other
2129,0.0001188711630735,<HDF5 object reference>,1246,2130,2129,0.0,ORBm1,0.99,428.24573455631327,130731896,0.6180904522613065,127,177,219,2177,Other
2130,4.508406306813551e-05,<HDF5 object reference>,1246,2131,2130,0.0,ORBm1,0.99,428.3047344483425,130737636,0.6730318257956448,127,177,219,5740,Other
2131,0.0009938429561697,<HDF5 object reference>,1246,2132,2131,0.2586278365077215,ORBm1,0.99,428.69030040941703,130744258,0.6867671691792295,127,177,219,6622,Other
2132,0.0036573504427263,<HDF5 object reference>,1246,2133,2132,0.0283183497382293,ORBm1,0.99,428.7868335660931,130774827,0.535678391959799,127,177,219,30569,Other
2134,0.0172694009362928,<HDF5 object reference>,1246,2135,2134,0.0,ORBm1,0.95,428.98459987084414,130795953,0.6318257956448912,127,177,219,1163,Other
2139,0.0627776465924047,<HDF5 object reference>,1249,2140,2139,0.0,ORBm2/3,0.84,430.93869629481514,130950242,0.6592964824120603,126,177,219,379,Other
2141,0.0026097983749129,<HDF5 object reference>,1250,2142,2141,0.0,ORBm2/3,0.98,431.5334952063232,130958460,0.6730318257956448,126,176,218,3060,Other
2142,0.0009214672470235,<HDF5 object reference>,1250,2143,2142,0.1978554465449629,ORBm2/3,0.99,431.56692847847313,130969167,0.7279731993299832,126,176,218,10707,Other
2143,0.0312641275723969,<HDF5 object reference>,1250,2144,2143,0.0124514862173001,ORBm2/3,0.99,431.6394616790695,131165529,0.4944723618090452,126,176,218,196362,Other
2145,0.0026557705545627,<HDF5 object reference>,1252,2146,2145,0.0,ORBm2/3,0.99,431.85976127591755,131468664,0.6867671691792293,126,176,218,3744,Other
2146,0.0144810501272533,<HDF5 object reference>,1251,2147,2146,0.0,ORBm2/3,0.67,432.3133271125512,131469169,0.6867671691792294,126,176,218,505,Other
2148,0.0003614797057215,<HDF5 object reference>,1253,2149,2148,0.0379856431493827,ORBm2/3,0.99,432.529193384179,131510578,0.5494137353433837,126,175,218,9976,Other
2150,0.045332840889406,<HDF5 object reference>,1253,2151,2150,0.0,ORBm2/3,0.39,432.57809329469137,131512934,0.6455611390284757,126,175,218,255,Other
2151,0.0035513438552399,<HDF5 object reference>,1253,2152,2151,0.1057841360654568,ORBm2/3,0.99,432.74085966349287,131518912,0.7417085427135678,126,175,218,5978,Other
2153,0.0013186120969124,<HDF5 object reference>,1254,2154,2153,0.0,ORBm2/3,0.99,433.0104591701213,131524782,0.6318257956448912,126,175,218,1713,Other
2154,0.0002937372554041,<HDF5 object reference>,1254,2155,2154,0.0,ORBm2/3,0.94,433.1385922689689,131525663,0.7005025125628142,126,175,218,881,Other
2156,0.0313285383397282,<HDF5 object reference>,1252,2157,2156,0.0,ORBm2/3,0.83,433.1653922199245,131526214,0.8103852596314908,126,176,218,443,Other
2160,0.0818228204828738,<HDF5 object reference>,1256,2161,2160,0.0,ORBm2/3,0.74,433.7283245230824,131673853,0.6455611390284756,126,174,217,212,Other
2163,0.003558425938943,<HDF5 object reference>,1257,2164,2163,0.0,ORBm2/3,0.98,434.12925712270237,131721447,0.6867671691792295,126,174,217,2846,Other
2164,0.0059337668975398,<HDF5 object reference>,1258,2165,2164,0.1553136867761858,ORBm2/3,0.99,434.70498940243607,131734500,0.4944723618090452,126,173,217,13053,Other
2167,0.0001106098860486,<HDF5 object reference>,1256,2168,2167,0.0,ORBm2/3,0.99,435.12198863932053,131738938,0.6867671691792293,126,174,217,2340,Other
2169,0.0565091147475886,<HDF5 object reference>,1259,2170,2169,0.0,ORBm2/3,0.76,435.5309545575727,131957278,0.6455611390284756,126,173,217,222,Other
2170,0.0016056527137147,<HDF5 object reference>,1260,2171,2170,0.0122374879486796,ORBm2/3,0.99,435.62442105319417,131974854,0.4532663316582916,126,172,217,17576,Other
2172,0.0011350110614522,<HDF5 object reference>,1261,2173,2172,0.0,ORBm2/3,0.49,436.31798645062463,131979920,0.7554438860971523,126,172,216,228,Other
2173,0.0027945695591269,<HDF5 object reference>,1262,2174,2173,0.277881157116614,ORBm2/3,0.99,436.38741965689405,131992153,0.7005025125628142,125,171,216,12233,Other
2175,0.0095218203570278,<HDF5 object reference>,1263,2176,2175,0.1280716352924539,ORBm2/3,0.99,436.8064855566631,132014585,0.6455611390284757,125,171,216,5433,Other
2177,0.0102894332047529,<HDF5 object reference>,1265,2178,2177,0.0,ORBm2/3,0.99,437.3955178120576,132019480,0.7554438860971524,125,170,216,1656,Other
2178,0.0039812695694018,<HDF5 object reference>,1265,2179,2178,0.0,ORBm2/3,0.35,437.4383177337331,132019545,0.7417085427135679,125,170,216,65,Other
2184,0.0002281597042534,<HDF5 object reference>,1269,2185,2184,0.088609735751094,ORBm5,0.99,438.19361635152404,132213873,0.7005025125628142,126,169,215,44779,Other
2188,0.0448002762815301,<HDF5 object reference>,1273,2189,2188,0.0,ORBm5,0.87,438.6418488645844,132250080,0.7142378559463985,125,167,214,356,Other
2189,0.0218240665442784,<HDF5 object reference>,1271,2190,2189,0.0,ORBm5,0.94,439.5028806222153,132251129,0.7279731993299832,125,168,215,1049,Other
2191,0.0090689674132297,<HDF5 object reference>,1273,2192,2191,0.0360608815466519,ORBm5,0.99,439.6405137036778,132398451,0.7554438860971525,125,167,214,116740,Other
2192,0.0371457918234302,<HDF5 object reference>,1273,2193,2192,0.0872836879533582,ORBm5,0.99,439.67744696942265,132450687,0.5219430485762143,125,167,214,52236,Other
2196,0.0431791125075745,<HDF5 object reference>,1275,2197,2196,0.0,ORBm5,0.99,440.92234469123906,132629798,0.7142378559463987,125,166,214,5183,Other
2197,0.0938098419484951,<HDF5 object reference>,1275,2198,2197,0.4550865602084704,ORBm5,0.99,441.01001119747457,132633874,0.7829145728643215,125,166,214,4076,Other
2203,0.0004532093205098,<HDF5 object reference>,1278,2204,2203,0.0,ORBm5,0.9,442.27064222383217,132924647,0.6730318257956448,125,165,213,571,Other
2205,0.0076398821589647,<HDF5 object reference>,1278,2206,2205,0.0,ORBm5,0.99,442.6392082160169,132957520,0.5906197654941373,125,165,213,1701,Other
2210,0.0207930270968645,<HDF5 object reference>,1279,2211,2210,0.0,ORBm5,0.79,443.1149406787519,133035551,0.7142378559463987,125,165,213,1059,Other
2211,0.002035853456122,<HDF5 object reference>,1280,2212,2211,0.0,ORBm5,0.99,443.14807395145084,133041140,0.7554438860971525,125,164,213,5589,Other
2212,0.0655076451552398,<HDF5 object reference>,1281,2213,2212,0.0823175355348447,ORBm5,0.99,443.33214028127304,133087102,0.5768844221105527,125,164,213,45962,Other
2213,0.0209635073500108,<HDF5 object reference>,1281,2214,2213,0.0,ORBm5,0.67,443.53783994402306,133087503,0.6867671691792293,125,164,213,401,Other
2214,0.0007486696653526,<HDF5 object reference>,1281,2215,2214,0.0556845249971091,ORBm5,0.99,443.6058398708224,133105927,0.6043551088777218,125,164,213,18424,Other
2215,0.0087958797295601,<HDF5 object reference>,1282,2216,2215,0.044513696175622,ORBm5,0.99,443.72290641146924,133135069,0.6867671691792293,125,164,213,29142,Other
2218,0.0013611200375529,<HDF5 object reference>,1284,2219,2218,0.0,ORBm5,0.99,444.7678719532506,133335470,0.6455611390284757,124,163,212,12916,Other
2220,0.0849699282343372,<HDF5 object reference>,1284,2221,2220,0.0494767876188943,ORBm5,0.99,445.31870469362315,133450904,0.4670016750418761,124,163,212,95354,Other
2222,0.0003598567605864,<HDF5 object reference>,1285,2223,2222,0.0,ORBm5,0.97,446.1442038049893,133456614,0.7279731993299832,124,163,212,721,Other
2224,0.0015018629286304,<HDF5 object reference>,1286,2225,2224,0.0168810471630809,ORBm5,0.99,446.9206029692105,133564789,0.4257956448911223,124,162,212,96982,Other
2225,0.0008053589063607,<HDF5 object reference>,1286,2226,2225,0.0,ORBm5,0.58,447.2879692404145,133565112,0.7005025125628142,124,162,212,323,Other
2226,0.0598992278200716,<HDF5 object reference>,1286,2227,2226,0.2504309210412422,ORBm5,0.99,447.41550243646077,133593926,0.4395309882747068,124,162,212,28814,Other
2229,0.0011875476567242,<HDF5 object reference>,1289,2230,2229,0.0719169603301951,ORBm5,0.99,447.5629022777877,133635405,0.6730318257956448,124,161,211,26141,Other
2232,0.0312908477626715,<HDF5 object reference>,1289,2233,2232,0.0,ORBm5,0.99,448.09470170531586,133664911,0.6730318257956448,124,161,211,1249,Other
2233,0.0101823282151718,<HDF5 object reference>,1293,2234,2233,0.0,ORBm5,0.97,448.7650676503465,133669221,0.7142378559463987,124,159,211,4310,Other
2234,0.0224015476358068,<HDF5 object reference>,1290,2235,2234,0.2485164722407168,ORBm5,0.99,448.80253427668106,133679540,0.7005025125628142,124,161,211,10319,Other
2236,0.0446499590576582,<HDF5 object reference>,1290,2237,2236,0.0,ORBm5,0.93,448.98303408237655,133706235,0.6455611390284757,124,161,211,763,Other
2239,0.0233703110694454,<HDF5 object reference>,1292,2240,2239,0.2501448470355448,ORBm5,0.99,449.6549333590899,133732545,0.6730318257956448,124,160,211,15550,Other
2240,0.0003163600513583,<HDF5 object reference>,1293,2241,2240,0.0,ORBm5,0.86,449.6713000081382,133733363,0.6455611390284757,124,159,211,818,Other
2243,0.0061425667556416,<HDF5 object reference>,1294,2244,2243,0.0,ORBm5,0.94,449.7548332515496,133794315,0.7554438860971523,124,159,211,1760,Other
2244,0.0070362306512604,<HDF5 object reference>,1295,2245,2244,0.1503708676717166,ORBm5,0.99,450.0179996349227,133799329,0.7554438860971523,124,159,210,5014,Other
2245,0.0032757281267226,<HDF5 object reference>,1296,2246,2245,0.0,ORBm5,0.38,450.15966614908814,133799408,0.6318257956448909,124,158,210,79,Other
2246,2.6496806003145623e-05,<HDF5 object reference>,1297,2247,2246,0.1182798622486512,ORBm5,0.99,450.18119945924127,133809200,0.5219430485762143,124,158,210,9792,Other
2249,0.0069863605293534,<HDF5 object reference>,1297,2250,2249,0.0,ORBm5,0.97,451.24849831031463,134080997,0.6180904522613065,124,158,210,2551,Other
2251,2.6703386854928183e-05,<HDF5 object reference>,1296,2252,2251,0.0805054298972716,ORBm5,0.99,451.5503313187305,134099436,0.6180904522613065,124,158,210,9691,Other
2252,0.0002952089947895,<HDF5 object reference>,1300,2253,2252,0.0,ORBm5,0.99,451.57316462748423,134103966,0.7279731993299832,123,157,209,4530,Other
2256,0.002919095710647,<HDF5 object reference>,1301,2257,2256,0.0477370877439942,ORBm5,0.99,451.8424643375883,134210804,0.6592964824120603,123,156,209,12585,Other
2265,0.024715217360983,<HDF5 object reference>,1344,2266,2265,0.2955127712682796,ORBm5,0.99,453.28319612000166,134408147,0.6730318257956448,120,139,201,8761,Other
2271,0.0003159737753493,<HDF5 object reference>,1350,2272,2271,0.0,ORBm5,0.99,454.10992856337344,134796840,0.6730318257956449,120,137,200,819,Other
2273,0.0003954524426289,<HDF5 object reference>,1350,2274,2273,0.0013540653471009,ORBm5,0.99,454.51549479345584,134887313,0.5494137353433837,120,137,200,52838,Other
2275,0.0009048914191989,<HDF5 object reference>,1354,2276,2275,0.0727508260425609,ORBm5,0.99,454.82086113140156,134910349,0.6318257956448909,119,135,200,19072,Other
2277,0.0150306497913305,<HDF5 object reference>,1354,2278,2277,0.433898460162225,ORBm5,0.99,455.25402733177316,134962450,0.6730318257956448,119,135,200,12523,Other
2278,7.007379420825341e-05,<HDF5 object reference>,1354,2279,2278,0.0,ORBm5,0.99,455.69356019195783,134966143,0.6592964824120603,119,135,200,3693,Other
2279,3.535280355342715e-05,<HDF5 object reference>,1354,2280,2279,0.0,ORBm5,0.99,455.8403933672281,134973463,0.6318257956448909,119,135,200,7320,Other
2285,0.0953395663421207,<HDF5 object reference>,1358,2286,2285,0.2780904595234123,ORBm6a,0.99,456.2901928830276,135063171,0.7279731993299832,119,135,198,3687,Other
2286,0.0456522661348253,<HDF5 object reference>,1356,2287,2286,0.0,ORBm5,0.58,456.3939261046941,135063412,0.6867671691792293,119,134,199,241,Other
2287,0.0229381890097669,<HDF5 object reference>,1359,2288,2287,0.0,ORBm6a,0.74,456.439259389227,135063898,0.6455611390284756,118,134,198,486,Other
2289,0.0005749825718286,<HDF5 object reference>,1361,2290,2289,0.0,ORBm6a,0.99,456.7315257412746,135084387,0.7829145728643216,118,133,198,4442,Other
2292,0.0011562008812771,<HDF5 object reference>,1362,2293,2292,0.0812430403755675,ORBm6a,0.99,456.91015888231277,135140770,0.7691792294807371,118,133,197,11815,Other
2294,0.0017418416156714,<HDF5 object reference>,1364,2295,2294,0.0,ORBm6a,0.99,457.2276252072331,135192391,0.6730318257956448,118,132,197,10418,Other
2297,5.300096710996312e-06,<HDF5 object reference>,1365,2298,2297,0.0126858642094673,ORBvl6a,0.99,458.1410575572741,135253941,0.7417085427135678,118,132,198,48826,Other
2299,0.0004761646229986,<HDF5 object reference>,1366,2300,2299,0.1371295463603171,ORBvl6a,0.99,458.3633573179727,135274561,0.7417085427135678,118,131,197,10501,Other
2300,0.0050201119088559,<HDF5 object reference>,1366,2301,2300,0.354206969957412,ORBvl6a,0.99,458.76769021604946,135305382,0.6730318257956448,118,131,197,30821,Other
2307,0.0055014224850805,<HDF5 object reference>,1369,2308,2307,0.3067522221093859,ORBm6a,0.99,459.7183225260454,135375348,0.6455611390284757,118,130,196,8599,Other
2311,0.0166905553765688,<HDF5 object reference>,1370,2312,2311,0.0,ORBm6a,0.99,460.2514886187691,135413103,0.7829145728643216,118,129,196,12447,Other
2318,0.00118779873562,<HDF5 object reference>,1374,2319,2318,0.0801996938171949,ORBm6a,0.99,461.46525397884074,135588952,0.535678391959799,117,129,196,21711,Other
2319,0.0014405896723292,<HDF5 object reference>,1374,2320,2319,0.193808567477215,ORBm6a,0.99,461.5129872607901,135600637,0.7966499162479062,117,129,196,11685,Other
2322,0.0015857062381583,<HDF5 object reference>,1376,2323,2322,0.0,ORBm6a,0.99,461.9419534656829,135664014,0.8103852596314908,117,128,195,3947,Other
2323,0.0014538838405065,<HDF5 object reference>,1377,2324,2323,0.0774155696810298,ORBm6a,0.99,461.97288676571713,135681131,0.8241206030150753,117,127,195,17117,Other
2324,0.0083293605060149,<HDF5 object reference>,1377,2325,2324,0.0179035316435826,ORBm6a,0.99,462.25795312551537,135701681,0.8378559463986601,117,127,195,20550,Other
2326,0.0041583278915997,<HDF5 object reference>,1378,2327,2326,0.0,ORBvl6a,0.99,462.7496192629129,135756410,0.6592964824120603,117,126,195,6012,Other
2329,0.0360847168212881,<HDF5 object reference>,1379,2330,2329,0.0629158884809363,ORBm6a,0.99,463.64721829666485,135824355,0.8927973199329983,117,126,195,26852,Other
2334,0.0033335594841503,<HDF5 object reference>,1382,2335,2334,0.1229814932403101,ORBvl6a,0.99,465.09905006712927,135958482,0.7142378559463987,117,124,194,9603,Other
2338,0.0007766779264146,<HDF5 object reference>,1381,2339,2338,0.0,ORBvl6a,0.97,465.29194985947635,136054966,0.769179229480737,117,125,194,21458,Other
2339,0.0010582613777141,<HDF5 object reference>,1385,2340,2339,0.2096468133817792,ORBm6a,0.99,465.381716429511,136077031,0.8241206030150753,117,124,193,22065,Other
2340,0.0306984471086151,<HDF5 object reference>,1385,2341,2340,0.0295900631198512,ORBm6a,0.99,465.4362830374378,136158538,0.7005025125628142,117,124,193,81507,Other
2341,0.0968993890035346,<HDF5 object reference>,1385,2342,2341,0.1898493026610188,ORBm6a,0.99,465.5068496281409,136211337,0.8103852596314908,117,124,193,52799,Other
2342,0.0018356737587616,<HDF5 object reference>,1387,2343,2342,0.0406918022245693,ORBvl6a,0.99,465.69794942242567,136224968,0.5219430485762143,117,123,193,13631,Other
2344,0.0471579425738646,<HDF5 object reference>,1388,2345,2344,0.2128336282182373,ORBvl6a,0.99,465.986649111646,136371484,0.7279731993299833,117,122,193,8429,Other
2346,0.000979713979549,<HDF5 object reference>,1390,2347,2346,0.0,ORBvl6a,0.99,466.4733485877234,136428350,0.6730318257956448,117,122,193,12711,Other
2348,0.0020207300137772,<HDF5 object reference>,1392,2349,2348,0.0,ORBvl6a,0.99,466.70848166794053,136508584,0.7554438860971523,116,121,193,3714,Other
2349,0.0176288813019592,<HDF5 object reference>,1393,2350,2349,0.2492604352102385,ORBvl6a,0.99,466.75691494913633,136519599,0.7417085427135678,116,120,193,11015,Other
2350,0.006695319495069,<HDF5 object reference>,1394,2351,2350,0.2186464311296806,ORBvl6a,0.99,466.9537480705826,136626907,0.7005025125628142,116,120,192,107308,Other
2352,0.052235605131644,<HDF5 object reference>,1397,2353,2352,0.055911369997792,ORBm6a,0.99,467.5254141218618,136733344,0.4807370184254607,116,119,191,63160,Other
2353,0.0688656163838701,<HDF5 object reference>,1397,2354,2353,0.1228420514155876,ORBm6a,0.99,467.7509472124131,136769721,0.7554438860971525,116,119,191,36377,Other
2355,0.0999291586604783,<HDF5 object reference>,1398,2356,2355,0.1770900238197048,ORBvl6a,0.99,467.88771373185324,136878818,0.7829145728643216,116,119,192,67589,Other
2356,0.0006694127802129,<HDF5 object reference>,1400,2357,2356,0.0642366586096048,ORBvl6a,0.99,468.032146909707,136889667,0.6180904522613065,116,118,191,10849,Other
2357,0.0771435804040295,<HDF5 object reference>,1401,2358,2357,0.0374134225701882,ORBvl6a,0.99,468.1949134011587,136962153,0.7829145728643216,116,117,191,72486,Other
2359,0.0011214401086266,<HDF5 object reference>,1402,2360,2359,0.1188428504070592,FRP6a,0.99,468.63894625649925,137036154,0.7554438860971523,116,117,190,36984,Other
2360,0.0124184858819142,<HDF5 object reference>,1402,2361,2360,0.0,FRP6a,0.98,468.73804614982015,137039644,0.6867671691792295,116,117,190,3490,Other
2361,0.0085407967716125,<HDF5 object reference>,1404,2362,2361,0.0869839617147749,ORBvl6a,0.99,468.9093792987166,137145944,0.7279731993299832,115,116,190,106300,Other
2362,0.004126350382345,<HDF5 object reference>,1406,2363,2362,0.1739492324566046,FRP6a,0.99,469.0245125081113,137158278,0.6730318257956448,115,116,190,12334,Other
2365,0.0782130188386541,<HDF5 object reference>,1406,2366,2365,0.0483213926229622,FRP6a,0.99,470.0213114350764,137393363,0.7279731993299832,115,116,190,159455,Other
2367,0.0002422126027207,<HDF5 object reference>,1406,2368,2367,0.0591226171145891,FRP6a,0.99,470.4037110234307,137485781,0.6867671691792293,115,116,190,82327,Other
2369,0.005011336095117,<HDF5 object reference>,1407,2370,2369,0.017252166010241,FRP6a,0.99,471.0474436637982,137663435,0.7417085427135678,115,115,189,101483,Other
2370,0.0021962241029319,<HDF5 object reference>,1408,2371,2370,0.2155723279087754,FRP6a,0.99,471.0689436406539,137690249,0.6867671691792295,115,115,189,26814,Other
2371,0.0898938947945471,<HDF5 object reference>,1409,2372,2371,0.0556789024551247,FRP6a,0.99,471.7082096191631,137779757,0.8241206030150753,115,114,189,89508,Other
2372,0.0551435262448602,<HDF5 object reference>,1410,2373,2372,0.3587893580702383,FRP6a,0.99,473.46504106130124,137902505,0.6867671691792293,115,114,189,122748,Other
2373,0.0025329519715067,<HDF5 object reference>,1410,2374,2373,0.0248781510468534,FRP6a,0.99,473.8644072980578,137919938,0.7005025125628142,115,114,189,17433,Other
2374,0.0317049400024717,<HDF5 object reference>,1410,2375,2374,0.0678709171672463,FRP6a,0.99,474.1780736270687,138011343,0.6455611390284757,115,114,189,91405,Other
2375,0.0020062332791585,<HDF5 object reference>,1411,2376,2375,0.0,FRP6a,0.99,474.1915736125363,138022128,0.7417085427135678,115,114,189,10785,Other
2376,0.0203183389110494,<HDF5 object reference>,1412,2377,2376,0.0,FRP6a,0.99,474.80603950306477,138030569,0.8515912897822446,115,113,188,8441,Other
2377,0.0615063684031259,<HDF5 object reference>,1414,2378,2377,0.0710548488470428,FRP6a,0.99,475.18360564135577,138136018,0.7279731993299832,115,112,188,105449,Other
2382,0.0014685611770407,<HDF5 object reference>,1414,2383,2382,0.0156703104747891,FRP6a,0.99,475.8313047349492,138360603,0.6867671691792294,115,112,188,15532,Other
2383,0.0005434156093463,<HDF5 object reference>,1415,2384,2383,0.0,FRP6a,0.99,476.00663782291696,138374162,0.6867671691792293,115,112,188,13559,Other
2385,0.0012250275803383,<HDF5 object reference>,1418,2386,2385,0.2320169542699869,FRP6a,0.99,476.29067075876736,138460784,0.6730318257956448,115,111,187,23188,Other
2386,0.0015428377124083,<HDF5 object reference>,1418,2387,2386,0.0366736144918768,FRP6a,0.99,476.76873675641633,138487646,0.6592964824120603,115,111,187,26862,Other
2388,0.0045779151339999,<HDF5 object reference>,1419,2389,2388,0.0,FRP6a,0.98,477.0841696483249,138520441,0.7554438860971523,114,110,187,10070,Other
2390,0.0004402275800588,<HDF5 object reference>,1420,2391,2390,0.0,FRP6a,0.99,477.4647691157043,138560163,0.7279731993299832,114,110,187,24105,Other
2391,0.000482290131212,<HDF5 object reference>,1421,2392,2391,0.0069627891709533,FRP6a,0.99,477.5427356732626,138606765,0.6867671691792293,114,110,187,46602,Other
2393,0.001332375803368,<HDF5 object reference>,1421,2394,2393,0.0060461462371905,FRP6a,0.99,477.5726022981332,138685765,0.7005025125628142,114,110,187,25005,Other
2394,0.0011046568205161,<HDF5 object reference>,1422,2395,2394,0.1489591939534031,FRP6a,0.99,477.84590191567077,138724131,0.6455611390284757,114,109,187,38366,Other
2396,0.000318343509244,<HDF5 object reference>,1422,2397,2396,0.0009964177281073,FRP6a,0.99,477.951568434465,138790487,0.6867671691792295,114,109,187,61595,Other
2402,0.0056205375071611,<HDF5 object reference>,1426,2403,2402,0.0828659897681957,MOs6a,0.99,478.7944339216043,138913165,0.6455611390284757,114,108,187,33089,Motor
2403,0.012005365688466,<HDF5 object reference>,1427,2404,2403,0.0859927107830764,MOs6a,0.99,478.81386722774215,138952947,0.6867671691792293,114,107,187,39782,Motor
2404,0.0003611664885996,<HDF5 object reference>,1427,2405,2404,0.0,MOs6a,0.99,478.83333386716674,138981289,0.7554438860971523,114,107,187,28342,Motor
2410,0.0005796957511897,<HDF5 object reference>,1430,2411,2410,0.0,MOs6a,0.99,480.01716554381596,139330997,0.6592964824120603,113,106,186,51965,Motor
2411,0.0016586413920839,<HDF5 object reference>,1432,2412,2411,0.0811366731647614,MOs6a,0.99,480.37916503722465,139355608,0.7005025125628139,113,105,185,24611,Motor
2412,0.0011075473963629,<HDF5 object reference>,1432,2413,2412,0.0,MOs6a,0.97,480.60023139452545,139373394,0.7279731993299832,113,105,185,17786,Motor
2414,0.0710750290178697,<HDF5 object reference>,1433,2415,2414,0.0656259263223918,MOs6a,0.99,483.0125946852697,139691293,0.7554438860971525,113,104,185,64847,Motor
2415,0.0196010139328638,<HDF5 object reference>,1433,2416,2415,0.1736869594501535,MOs6a,0.99,483.4673607155252,139701725,0.8241206030150753,113,104,185,10432,Motor
2416,0.0013275514802277,<HDF5 object reference>,1434,2417,2416,0.0208731360620675,MOs6a,0.99,483.7464936582328,139748344,0.6455611390284757,113,104,185,46619,Motor
2418,0.0007275869327147,<HDF5 object reference>,1434,2419,2418,0.0079044699248144,MOs6a,0.99,484.0464599051191,139856628,0.6318257956448912,113,104,185,53568,Motor
2419,0.0136617521799823,<HDF5 object reference>,1434,2420,2419,0.0,MOs6a,0.99,484.11979313582805,139860181,0.7005025125628142,113,104,185,3553,Motor
2421,0.053451219155738,<HDF5 object reference>,1435,2422,2421,0.2350339050634057,MOs5,0.99,484.4662926509278,139876452,0.7691792294807371,114,104,185,15006,Motor
2422,0.000348087881292,<HDF5 object reference>,1437,2423,2422,0.0253892057662166,MOs5,0.99,484.91232536007163,139918722,0.7005025125628142,113,103,184,42270,Motor
2423,0.0020412756690413,<HDF5 object reference>,1437,2424,2423,0.0998600453752576,MOs5,0.99,484.948791975706,139932480,0.8378559463986601,113,103,184,13758,Motor
2424,0.0037432303034163,<HDF5 object reference>,1437,2425,2424,0.0367555340197124,MOs5,0.99,485.11612507486916,139975507,0.7142378559463987,113,103,184,43027,Motor
2427,0.0394194150871251,<HDF5 object reference>,1438,2428,2427,0.188124829985279,MOs5,0.99,485.5740911006465,140093650,0.7554438860971523,113,103,184,69735,Motor
2428,0.0002202076091764,<HDF5 object reference>,1439,2429,2428,0.0,MOs5,0.99,485.7285908844356,140143641,0.7142378559463987,113,102,184,49991,Motor
2430,0.0048966322271484,<HDF5 object reference>,1440,2431,2430,0.0,MOs5,0.99,486.13869031053207,140158347,0.6867671691792295,113,102,184,11529,Motor
2431,0.0036563220053799,<HDF5 object reference>,1440,2432,2431,0.0989978338051674,MOs5,0.99,486.2628901367237,140170706,0.7829145728643216,113,102,184,12359,Motor
2433,0.0010016878643714,<HDF5 object reference>,1441,2434,2433,0.0397700927801874,MOs5,0.99,486.588323014638,140310852,0.7417085427135678,113,102,184,76147,Motor
2434,0.0004491552925918,<HDF5 object reference>,1442,2435,2434,0.0,MOs5,0.99,486.77015609350946,140332596,0.6318257956448912,113,101,183,21744,Motor
2436,0.0019992043690843,<HDF5 object reference>,1447,2437,2436,0.0339857985222391,MOs5,0.99,487.1164889421758,140380415,0.7417085427135678,113,99,183,27904,Motor
2439,0.0097849214287126,<HDF5 object reference>,1445,2440,2439,0.0426474075814349,MOs5,0.99,487.51495505121886,140738506,0.7691792294807371,113,100,183,54085,Motor
2440,0.0004439881682844,<HDF5 object reference>,1446,2441,2440,0.0,MOs5,0.99,487.8870878637801,140758039,0.6867671691792293,113,100,183,19533,Motor
2441,0.06825430445845,<HDF5 object reference>,1446,2442,2441,0.2342316570852573,MOs5,0.99,488.39778714909454,140811184,0.7417085427135678,113,100,183,53145,Motor
2442,0.0002375162395574,<HDF5 object reference>,1446,2443,2442,0.0293832265059938,MOs5,0.99,488.5650535816843,140843266,0.6318257956448912,113,100,183,32082,Motor
2443,0.0008064694660287,<HDF5 object reference>,1448,2444,2443,0.0044948922410162,MOs5,0.99,488.99018632007613,140884279,0.6318257956448912,113,99,182,41013,Motor
2445,0.0013127519311956,<HDF5 object reference>,1449,2446,2445,0.061988967328205,MOs5,0.99,489.0927528432086,140952118,0.7005025125628142,113,98,182,17462,Motor
2446,0.0004007167893791,<HDF5 object reference>,1450,2447,2446,0.1719628318342463,MOs5,0.99,489.51081892482296,140982504,0.6592964824120603,112,98,182,30386,Motor
2448,0.0019424792472721,<HDF5 object reference>,1450,2449,2448,0.014065045500652,MOs5,0.99,489.9866182589773,141047431,0.6867671691792295,112,98,182,36659,Motor
2450,0.0008497122204868,<HDF5 object reference>,1452,2451,2450,0.1100246837910026,MOs5,0.99,490.67611729407486,141112303,0.7005025125628142,112,97,182,17585,Motor
2454,0.0713104438366198,<HDF5 object reference>,1454,2455,2454,0.1200932460230546,MOs5,0.99,491.1052833601556,141339517,0.7417085427135678,112,96,181,52931,Motor
2455,0.0098846049882013,<HDF5 object reference>,1455,2456,2455,0.1556819336908803,MOs5,0.99,491.133783320272,141378318,0.7554438860971523,112,96,181,38801,Motor
2456,0.0016351209609485,<HDF5 object reference>,1457,2457,2456,0.0184525129831666,MOs5,0.99,491.41741625668226,141398560,0.6592964824120603,112,95,181,20242,Motor
2458,0.0042529311165172,<HDF5 object reference>,1459,2459,2458,0.140676997397137,MOs5,0.99,491.69658253267653,141444757,0.8790619765494138,112,94,180,23183,Motor
2459,0.0015761665067555,<HDF5 object reference>,1458,2460,2459,0.0418083155404547,MOs5,0.99,492.04084871756834,141454266,0.6592964824120603,112,95,180,9509,Motor
2461,0.0007822265548635,<HDF5 object reference>,1458,2462,2461,0.0157249337278079,MOs5,0.99,492.24228176901113,141522133,0.7142378559463987,112,95,180,31010,Motor
2463,0.0015339548246641,<HDF5 object reference>,1461,2464,2463,0.1462043438728706,MOs5,0.96,492.95081411080633,141580002,0.8241206030150753,112,93,180,16080,Motor
2464,0.0169375733981611,<HDF5 object reference>,1462,2465,2464,0.2772014024110794,MOs5,0.99,493.0099806946738,141591680,0.6455611390284757,112,93,180,11678,Motor
2465,0.0012126906989172,<HDF5 object reference>,1462,2466,2465,0.0536541333831847,MOs5,0.99,493.11578054661476,141626289,0.6867671691792294,112,93,180,34609,Motor
2468,0.0002834335613656,<HDF5 object reference>,1466,2469,2468,0.1686611681996008,MOs5,0.99,493.7245796946458,141714474,0.7554438860971523,111,91,179,15702,Motor
2470,0.0309488060563053,<HDF5 object reference>,1469,2471,2470,0.1757292371038602,MOs5,0.99,493.7577129816116,141796990,0.7279731993299832,111,90,178,16067,Motor
2471,0.0012525770401536,<HDF5 object reference>,1469,2472,2471,0.0,MOs5,0.98,493.83971286685886,141807145,0.6318257956448912,111,90,178,10155,Motor
2473,0.0005753543563499,<HDF5 object reference>,1470,2474,2473,0.3319023213988078,MOs5,0.98,493.99554598211535,141843106,0.7005025125628142,111,90,178,11691,Motor
2475,0.0311764296385596,<HDF5 object reference>,1470,2476,2475,0.3897700773370818,MOs5,0.97,494.2517122902964,141898878,0.8103852596314908,111,90,178,10329,Motor
2476,0.0447362794269372,<HDF5 object reference>,1471,2477,2476,0.0884967646557006,MOs5,0.99,494.44264535643316,141968047,1.0576214405360134,111,89,178,69169,Motor
2479,0.0041177771173495,<HDF5 object reference>,1474,2480,2479,0.0,MOs5,0.97,494.89157806151866,142070831,0.8927973199329983,111,88,177,24567,Motor
2480,0.0005726190543858,<HDF5 object reference>,1474,2481,2480,0.0022658611801164,MOs5,0.99,494.98907792507487,142111677,0.8790619765494136,111,88,177,40846,Motor
2481,0.037677836629549,<HDF5 object reference>,1474,2482,2481,0.1756488730601218,MOs5,0.99,495.0012445747152,142142450,0.7005025125628142,111,88,177,30773,Motor
2483,4.962921434516314e-05,<HDF5 object reference>,1477,2484,2483,0.0094791951275034,MOs5,0.99,495.7051769229477,142170718,1.0301507537688444,110,87,177,28242,Motor
2484,0.0271233403889609,<HDF5 object reference>,1474,2485,2484,0.3023295232236078,MOs5,0.99,495.753543521929,142202543,0.8103852596314908,111,88,177,31825,Motor
2485,0.0031419998462935,<HDF5 object reference>,1478,2486,2485,0.3411649251307598,MOs5,0.99,495.9517432445632,142223596,0.7829145728643216,110,87,177,21053,Motor
2486,0.032238093050492,<HDF5 object reference>,1476,2487,2486,0.2555723139868978,MOs5,0.97,496.1658762782333,142227442,0.9065326633165828,110,87,177,3846,Motor
2487,0.0004781681915224,<HDF5 object reference>,1480,2488,2487,0.1172164670888304,MOs5,0.97,497.35384128243163,142233121,0.8790619765494136,110,86,176,5679,Motor
2488,0.0643320903178586,<HDF5 object reference>,1478,2489,2488,0.1154235760211788,MOs5,0.99,497.5109410625822,142288311,0.8378559463986598,110,87,177,55190,Motor
2490,0.0339342187468182,<HDF5 object reference>,1486,2491,2490,0.2909002792872694,MOs2/3,0.99,497.63180756010524,142363614,0.7966499162479062,109,84,176,24714,Motor
2493,0.0098459797471168,<HDF5 object reference>,1490,2494,2493,0.3569859483394223,MOs2/3,0.99,498.10297356741023,142419343,0.8103852596314908,109,82,175,12176,Motor
2494,0.0147706600630577,<HDF5 object reference>,1493,2495,2494,0.0,MOs2/3,0.64,498.2104067503988,142419977,0.6730318257956448,109,81,174,634,Motor
2495,0.0003347768719418,<HDF5 object reference>,1494,2496,2495,0.0,MOs2/3,0.78,498.3334065782697,142420750,0.7005025125628139,109,81,174,773,Motor
2496,0.0277663086329143,<HDF5 object reference>,1494,2497,2496,0.4624918182631997,MOs2/3,0.97,498.872672490274,142423609,0.7417085427135678,109,81,174,2859,Motor
2497,0.0022843117130179,<HDF5 object reference>,1497,2498,2497,0.0414328997001602,MOs2/3,0.99,498.9205390899549,142475048,0.5356783919597988,109,80,174,51439,Motor
2504,0.0105987707417907,<HDF5 object reference>,1502,2505,2504,0.15914949513887,MOs2/3,0.99,500.1972039700243,142560601,0.5219430485762143,108,78,173,20096,Motor
2510,0.0158751659078845,<HDF5 object reference>,1156,2511,2510,0.1861691881486811,TTd,0.99,501.9535348455036,142690222,0.6318257956448909,134,214,235,15611,Other
2511,0.0044680282439178,<HDF5 object reference>,1156,2512,2511,0.034373980711915,TTd,0.99,502.4956007535895,142700709,0.7966499162479062,134,214,235,10487,Other
2513,0.0025942399482266,<HDF5 object reference>,1167,2514,2513,0.012786774956127,TTd,0.99,502.62486723935734,142801252,0.7966499162479062,133,209,233,98774,Other
2514,0.0157832244982567,<HDF5 object reference>,1171,2515,2514,0.0126592389676569,TTd,0.99,502.98126674060285,142843581,0.7691792294807371,133,208,232,42329,Other
2515,0.0746950334644299,<HDF5 object reference>,1173,2516,2515,0.0280788175252171,TTd,0.99,503.2111664188754,142906066,0.6730318257956448,132,207,232,62485,Other
2517,0.0142542802082343,<HDF5 object reference>,1181,2518,2517,0.0218812371907706,TTd,0.99,503.478732711103,142981756,0.7829145728643216,132,204,230,75507,Other
2519,0.0169629905473302,<HDF5 object reference>,1189,2520,2519,0.4924512098929594,TTd,0.99,503.5379326282571,143077551,0.6867671691792293,131,201,229,14661,Other
2522,0.0225697001977293,<HDF5 object reference>,1193,2523,2522,0.2179551814835675,TTd,0.99,504.0922985191301,143093709,0.4532663316582913,131,199,228,15016,Other
2524,0.0066048402382377,<HDF5 object reference>,1193,2525,2524,0.015347977440911,TTd,0.99,504.7465642702007,143212394,0.7142378559463987,131,199,228,118489,Other
2525,0.0097856596023568,<HDF5 object reference>,1200,2526,2525,0.0,TTd,0.97,505.0283638758431,143214611,0.6592964824120603,130,196,227,2217,Other
2528,0.0329753955379268,<HDF5 object reference>,1209,2529,2528,0.0432846921298746,TTd,0.99,505.4481632641516,143340927,0.6455611390284757,129,192,225,95305,Other
2529,0.0002686266540798,<HDF5 object reference>,1214,2530,2529,0.0565094251564344,TTd,0.99,505.7284959939394,143352494,0.604355108877722,129,190,224,11567,Other
2531,0.0085934994261881,<HDF5 object reference>,1218,2532,2531,0.2682690259049795,DP,0.99,506.09222854417055,143435044,0.6318257956448912,130,189,224,56183,Other
2532,0.0001433698182886,<HDF5 object reference>,1218,2533,2532,0.0,DP,0.98,506.20606163242564,143436849,0.7005025125628142,130,189,224,1805,Other
2534,0.0170201365513157,<HDF5 object reference>,1222,2535,2534,0.0641956541191214,DP,0.99,506.35146131938575,143471467,0.7554438860971525,129,187,223,26583,Other
2535,0.0960350740378404,<HDF5 object reference>,1222,2536,2535,0.0586859384976185,DP,0.99,506.3856612457546,143479493,0.7417085427135678,129,187,223,8026,Other
2543,0.0006405507970572,<HDF5 object reference>,1226,2544,2543,0.0,DP,0.71,507.6133919358311,143543753,0.6867671691792293,129,186,222,404,Other
2547,0.0050092143796168,<HDF5 object reference>,1234,2548,2547,0.0,DP,0.99,507.7923248839287,143618871,0.6867671691792293,128,182,221,4800,Other
2548,0.000273843938636,<HDF5 object reference>,1234,2549,2548,0.0,DP,0.99,507.8542914171838,143619816,0.6318257956448912,128,182,221,945,Other
2550,0.0002031259984388,<HDF5 object reference>,1241,2551,2550,0.0,ORBm1,0.98,508.0476243342788,143625933,0.6592964824120604,127,180,220,1274,Other
2551,0.0004065733565459,<HDF5 object reference>,1241,2552,2551,0.0,ORBm1,0.86,508.2274572804387,143626570,0.7417085427135678,127,180,220,637,Other
2552,0.0090186437108328,<HDF5 object reference>,1241,2553,2552,0.0,ORBm1,0.92,508.2280239458854,143627471,0.6180904522613064,127,180,220,901,Other
2553,0.0006032226620305,<HDF5 object reference>,1241,2554,2553,0.0,ORBm1,0.88,508.2436905788224,143627900,0.6455611390284757,127,180,220,429,Other
2555,0.0311332248721938,<HDF5 object reference>,1245,2556,2555,0.0,ORBm1,0.83,508.8485559432373,143629578,0.6455611390284757,127,178,219,336,Other
2556,0.001027422124891,<HDF5 object reference>,1246,2557,2556,0.0,ORBm1,0.77,509.07902211371913,143630118,0.7279731993299831,127,177,219,540,Other
2557,0.0018752356667471,<HDF5 object reference>,1246,2558,2557,0.0,ORBm1,0.67,509.340054885059,143630256,0.7142378559463987,127,177,219,138,Other
2559,0.0007679006587865,<HDF5 object reference>,1249,2560,2559,0.0,ORBm2/3,0.67,509.59545433519384,143636015,0.5494137353433836,126,177,219,337,Other
2561,0.00032067227015,<HDF5 object reference>,1250,2562,2561,0.0,ORBm2/3,0.96,509.7467540094515,143638204,0.5356783919597989,126,176,218,807,Other
2563,0.0004363954839984,<HDF5 object reference>,1253,2564,2563,0.0,ORBm2/3,0.9,509.81728719092956,143638944,0.7554438860971523,126,175,218,593,Other
2564,0.0003118399197034,<HDF5 object reference>,1253,2565,2564,0.0,ORBm2/3,0.88,510.2249863131691,143639774,0.6867671691792294,126,175,218,830,Other
2569,0.000337836190615,<HDF5 object reference>,1255,2570,2569,0.0,ORBm2/3,0.89,511.16698428508374,143654961,0.8103852596314908,126,174,217,766,Other
2570,0.0073528318349443,<HDF5 object reference>,1255,2571,2570,0.0,ORBm2/3,0.79,511.2248174939044,143655369,0.7005025125628142,126,174,217,408,Other
2572,0.0124038739393399,<HDF5 object reference>,1254,2573,2572,0.0,ORBm2/3,0.98,511.36648385556884,143656974,0.5219430485762143,126,175,218,1556,Other
2573,0.0075593423427245,<HDF5 object reference>,1252,2574,2573,0.0,ORBm2/3,0.99,511.3872504775258,143659121,0.7142378559463987,126,176,218,2147,Other
2575,0.0373874248288716,<HDF5 object reference>,1254,2576,2575,0.0,ORBm2/3,0.73,511.50538355652316,143660422,0.7554438860971524,126,175,218,416,Other
2576,0.0097584329989156,<HDF5 object reference>,1257,2577,2576,0.0,ORBm2/3,0.55,511.5295168378985,143660561,0.6867671691792295,126,174,217,139,Other
2578,0.0248501208153427,<HDF5 object reference>,1258,2579,2578,0.0,ORBm2/3,0.78,511.61734998213046,143665849,0.7417085427135678,126,173,217,433,Other
2580,0.0001242354882434,<HDF5 object reference>,1262,2581,2580,0.0,ORBm2/3,0.98,511.72404975240994,143668002,0.6455611390284757,125,171,216,2083,Other
2582,0.0046676822565614,<HDF5 object reference>,1263,2583,2582,0.0,ORBm2/3,0.99,511.9140160100866,143673477,0.7417085427135678,125,171,216,2084,Other
2583,0.0734283972857473,<HDF5 object reference>,1258,2584,2583,0.0,ORBm2/3,0.93,511.9468492727312,143674573,0.7966499162479062,126,173,217,1096,Other
2585,0.0028766697653427,<HDF5 object reference>,1265,2586,2585,0.2156385700047168,ORBm2/3,0.99,512.1343822023133,143680007,0.7417085427135678,125,170,216,4187,Other
2589,0.0250351937923313,<HDF5 object reference>,1269,2590,2589,0.3829305394396833,ORBm5,0.97,512.4545815129366,143699522,0.7829145728643216,126,169,215,3142,Other
2590,0.0298963678557595,<HDF5 object reference>,1270,2591,2590,0.0,ORBm5,0.81,512.5876478931165,143700049,0.6867671691792293,126,168,215,527,Other
2591,0.0023705238962047,<HDF5 object reference>,1273,2592,2591,0.0,ORBm5,0.96,512.6239478149641,143705006,0.6867671691792293,125,167,214,4957,Other
2592,0.0276817508430406,<HDF5 object reference>,1273,2593,2592,0.3100508504164223,ORBm5,0.99,512.6479144300316,143716587,0.7966499162479062,125,167,214,11581,Other
2593,0.0144095136087845,<HDF5 object reference>,1275,2594,2593,0.0,ORBm5,0.99,512.6769477008573,143720925,0.9477386934673366,125,166,214,4338,Other
2594,0.0036728504451828,<HDF5 object reference>,1278,2595,2594,0.0,ORBm5,0.94,512.6970809908445,143721742,0.6730318257956448,125,165,213,817,Other
2597,0.0001324373193506,<HDF5 object reference>,1278,2598,2597,0.0,ORBm5,0.95,512.9789137174029,143731700,0.6455611390284757,125,165,213,1954,Other
2598,0.0015663924484523,<HDF5 object reference>,1278,2599,2598,0.0,ORBm5,0.96,513.2450131445011,143733142,0.6867671691792295,125,165,213,1442,Other
2599,0.0510193393178584,<HDF5 object reference>,1278,2600,2599,0.0,ORBm5,0.99,513.3326462891636,143738676,0.5906197654941374,125,165,213,5534,Other
2600,0.0014315836806344,<HDF5 object reference>,1281,2601,2600,0.046305928091712,ORBm5,0.99,513.3469462583763,143751454,0.8241206030150754,125,164,213,12778,Other
2601,0.0099338407202037,<HDF5 object reference>,1281,2602,2601,0.0,ORBm5,0.98,513.3951794878653,143753409,0.6592964824120603,125,164,213,1955,Other
2602,0.0002423057322201,<HDF5 object reference>,1282,2603,2602,0.0,ORBm5,0.9,513.5864124094816,143754477,0.7005025125628142,125,164,213,1068,Other
2606,0.0003012602118871,<HDF5 object reference>,1286,2607,2606,0.0,ORBm5,0.82,514.0751113573316,143762370,0.7279731993299832,124,162,212,859,Other
2607,0.0003255126063032,<HDF5 object reference>,1286,2608,2607,0.0,ORBm5,0.8,514.0922113205161,143763165,0.5906197654941373,124,162,212,795,Other
2608,0.0008822232024701,<HDF5 object reference>,1288,2609,2608,0.0,ORBm5,0.96,514.86647632022,143765432,0.6455611390284757,124,161,212,2267,Other
2611,0.000183273740801,<HDF5 object reference>,1289,2612,2611,0.0,ORBm5,0.96,516.7992388257235,143768279,0.7554438860971525,124,161,211,1412,Other
2612,0.0008267812204827,<HDF5 object reference>,1289,2613,2612,0.0,ORBm5,0.66,516.8675720119381,143768592,0.7417085427135678,124,161,211,313,Other
2613,0.01075421344592,<HDF5 object reference>,1289,2614,2613,0.0,ORBm5,0.91,517.3289043520407,143769283,0.6592964824120603,124,161,211,691,Other
2614,0.0061072224544906,<HDF5 object reference>,1290,2615,2614,0.0,ORBm5,0.99,518.0857360559446,143773138,0.6318257956448912,124,161,211,3855,Other
2615,0.0412416077732823,<HDF5 object reference>,1290,2616,2615,0.0,ORBm5,0.89,518.1196026496978,143773717,0.6730318257956449,124,161,211,579,Other
2616,0.016840733034846,<HDF5 object reference>,1290,2617,2616,0.0,ORBm5,0.99,518.173769199746,143776234,0.6867671691792295,124,161,211,2517,Other
2617,0.0059065779638372,<HDF5 object reference>,1293,2618,2617,0.1597071706222855,ORBm5,0.99,518.2921356115743,143787113,0.7829145728643215,124,159,211,10879,Other
2618,0.0002957514537269,<HDF5 object reference>,1293,2619,2618,0.0,ORBm5,0.96,518.372502105215,143787988,0.6592964824120603,124,159,211,875,Other
2619,0.061932569282158,<HDF5 object reference>,1293,2620,2619,0.0,ORBm5,0.99,518.4206020016578,143788810,0.7966499162479063,124,159,211,822,Other
2620,7.020686978054633e-05,<HDF5 object reference>,1293,2621,2620,0.0,ORBm5,0.99,518.4464019461115,143792496,0.6730318257956448,124,159,211,3686,Other
2621,0.015369751591716,<HDF5 object reference>,1293,2622,2621,0.0,ORBm5,0.91,518.4611685809862,143793303,0.7142378559463987,124,159,211,807,Other
2622,0.0007070560710684,<HDF5 object reference>,1294,2623,2622,0.0,ORBm5,0.66,518.4922018475061,143793669,0.6455611390284757,124,159,211,366,Other
2623,0.011805164314351,<HDF5 object reference>,1295,2624,2623,0.0,ORBm5,0.95,518.5200017876539,143794761,0.6730318257956448,124,159,210,1092,Other
2627,0.0957230497489317,<HDF5 object reference>,1296,2628,2627,0.0,ORBm5,0.72,519.6880992727849,143805023,0.6318257956448912,124,158,210,701,Other
2628,0.0697101726686773,<HDF5 object reference>,1338,2629,2628,0.0748212608130305,ORBm5,0.99,519.8365656198093,143884494,0.5494137353433837,120,142,202,79471,Other
2629,0.0087241834957506,<HDF5 object reference>,1342,2630,2629,0.0,ORBm5,0.96,520.352997841284,143885603,0.6867671691792293,120,140,202,1109,Other
2630,0.0005601642535532,<HDF5 object reference>,1354,2631,2630,0.2526411062123204,ORBm5,0.99,520.397531078739,143892303,0.6867671691792295,119,135,200,6700,Other
2631,0.0424898571906806,<HDF5 object reference>,1357,2632,2631,0.0,ORBm5,0.96,520.6584971835557,143892877,0.6455611390284757,119,134,199,574,Other
2632,0.0387929791606037,<HDF5 object reference>,1358,2633,2632,0.3537647640024089,ORBm6a,0.99,520.6772638098186,143897500,0.7417085427135678,119,135,198,4623,Other
2633,0.017378597630911,<HDF5 object reference>,1358,2634,2633,0.2922920195126406,ORBm6a,0.99,520.6971971002363,143903729,0.6318257956448912,119,135,198,6229,Other
2634,0.089735261660105,<HDF5 object reference>,1354,2635,2634,0.0,ORBm5,0.71,520.8221301645935,143904377,0.6592964824120604,119,135,200,648,Other
2635,0.0926962200902183,<HDF5 object reference>,1358,2636,2635,0.0,ORBm6a,0.79,521.3299624045836,143904636,0.6867671691792293,119,135,198,259,Other
2636,0.0037009286798786,<HDF5 object reference>,1361,2637,2636,0.0,ORBm6a,0.97,521.4988620409492,143905644,0.7005025125628142,118,133,198,1008,Other
2638,0.0003891466496407,<HDF5 object reference>,1366,2639,2638,0.0,ORBvl6a,0.91,521.6867283031471,143906363,0.7279731993299832,118,131,197,665,Other
2640,0.032082726149621,<HDF5 object reference>,1370,2641,2640,0.4052809950330497,ORBm6a,0.99,521.8378279778353,143936657,0.7966499162479062,118,129,196,29453,Other
2641,0.0041602245793116,<HDF5 object reference>,1373,2642,2641,0.0,ORBvl6a,0.99,521.8661279169066,143939764,0.8103852596314908,118,128,196,3107,Other
2642,0.0001976948220099,<HDF5 object reference>,1374,2643,2642,0.0,ORBm6a,0.89,522.0833274492844,143941073,0.7554438860971525,117,129,196,1309,Other
2644,0.0002009181071514,<HDF5 object reference>,1377,2645,2644,0.0,ORBm6a,0.92,522.2905270031918,143955922,0.7966499162479062,117,127,195,1288,Other
2645,0.0008557220812175,<HDF5 object reference>,1379,2646,2645,0.1895570540597423,ORBm6a,0.99,522.5095931982173,143970044,0.769179229480737,117,126,195,14122,Other
2646,0.0026559611889617,<HDF5 object reference>,1382,2647,2646,0.0,ORBvl6a,0.99,522.71329275966,143974182,0.8241206030150753,117,124,194,4138,Other
2647,0.0063241317104717,<HDF5 object reference>,1382,2648,2647,0.0,ORBvl6a,0.82,522.7443593594415,143976757,0.7554438860971523,117,124,194,2575,Other
2648,0.012946616213352,<HDF5 object reference>,1385,2649,2648,0.2279650155806482,ORBm6a,0.99,522.9070590091554,143982516,0.7829145728643216,117,124,193,5759,Other
2649,0.0100394070251079,<HDF5 object reference>,1389,2650,2649,0.0594165514882811,ORBm6a,0.99,523.020925430672,144000352,0.8103852596314908,116,122,193,17836,Other
2650,0.0034261162142671,<HDF5 object reference>,1393,2651,2650,0.2147530244951848,ORBvl6a,0.99,523.2960915049168,144017651,0.7691792294807371,116,120,193,17299,Other
2651,0.0281232792844929,<HDF5 object reference>,1393,2652,2651,0.0658326502177696,ORBvl6a,0.99,523.4626911462342,144089939,0.6592964824120603,116,120,193,72288,Other
2652,0.000544805309497,<HDF5 object reference>,1400,2653,2652,0.0,ORBvl6a,0.8,523.7051572908806,144090414,0.6455611390284757,116,118,191,475,Other
2653,0.0700703671007939,<HDF5 object reference>,1402,2654,2653,0.0,FRP6a,0.99,523.7281905746241,144091951,0.7005025125628142,116,117,190,1537,Other
2654,0.0086240269366,<HDF5 object reference>,1400,2655,2654,0.0,ORBvl6a,0.53,524.0921231244247,144092333,0.6867671691792294,116,118,191,382,Other
2655,0.0001104963800218,<HDF5 object reference>,1406,2656,2655,0.0,FRP6a,0.98,524.1409230193605,144094675,0.5768844221105527,115,116,190,2342,Other
2656,0.0707523410911787,<HDF5 object reference>,1411,2657,2656,0.1519677483356278,FRP6a,0.99,524.3997557954368,144112658,0.7966499162479062,115,114,189,17983,Other
2657,0.0035343227267813,<HDF5 object reference>,1422,2658,2657,0.1250603738745624,FRP6a,0.99,524.8304548681583,144138446,0.7142378559463987,114,109,187,25788,Other
2659,8.543168180231797e-05,<HDF5 object reference>,1426,2660,2659,0.0196295296272942,MOs6a,0.99,525.657453087663,144169425,0.6318257956448912,114,108,187,27755,Motor
2660,0.0016612642137559,<HDF5 object reference>,1434,2661,2660,0.0,MOs6a,0.99,525.7870528086398,144176576,0.6867671691792293,113,104,185,7151,Motor
2661,8.355909654862404e-05,<HDF5 object reference>,1441,2662,2661,0.0,MOs5,0.99,525.8397193619174,144179673,0.7279731993299832,113,102,184,3097,Motor
2662,0.0325707764105159,<HDF5 object reference>,1442,2663,2662,0.1825515414705636,MOs5,0.99,525.9187191918338,144204179,0.7966499162479062,113,101,183,24506,Motor
2663,0.0053532212864683,<HDF5 object reference>,1461,2664,2663,0.1397862998724761,MOs5,0.99,525.9905190372515,144220624,0.8103852596314907,112,93,180,16445,Motor
2664,0.0006358292924105,<HDF5 object reference>,1461,2665,2664,0.0,MOs5,0.65,526.1192854266891,144221031,0.7005025125628142,112,93,180,407,Motor
2665,0.0111439576637079,<HDF5 object reference>,1462,2666,2665,0.2688609552671528,MOs5,0.99,526.2223185381961,144236030,0.7417085427135678,112,93,180,14999,Motor
2666,0.0007709806183761,<HDF5 object reference>,1466,2667,2666,0.2558839031369319,MOs5,0.98,526.4379847405418,144245445,0.7554438860971525,111,91,179,9415,Motor
2667,0.0115593875934825,<HDF5 object reference>,1470,2668,2667,0.0,MOs5,0.36,526.5429178479582,144246457,0.7417085427135678,111,90,178,1012,Motor
2671,0.0051921812095381,<HDF5 object reference>,1494,2672,2671,0.0,MOs2/3,0.93,527.1837831348665,144271260,0.8927973199329984,109,81,174,996,Motor
2672,0.0076859970374846,<HDF5 object reference>,1492,2673,2672,0.0,MOs2/3,0.99,527.4133159740246,144273482,0.8103852596314908,109,81,175,2222,Motor
2675,0.0047949252470199,<HDF5 object reference>,1506,2676,2675,0.398761285283467,MOs2/3,0.99,527.785448506171,144280442,0.6318257956448912,108,76,172,3079,Motor
2677,0.0882887884004034,<HDF5 object reference>,1190,2678,2677,0.0159216513457694,TTd,0.99,527.8971149324241,144324593,0.6455611390284757,131,200,229,43583,Other
2678,0.0884107191904107,<HDF5 object reference>,1224,2679,2678,0.4480681338883905,DP,0.99,528.044681281386,144331088,0.7417085427135679,129,186,223,6495,Other
2679,0.0060421619105078,<HDF5 object reference>,1225,2680,2679,0.0985030648647766,DP,0.99,528.427647123542,144349673,0.6455611390284756,129,186,222,18585,Other
2682,0.01138535270729,<HDF5 object reference>,1226,2683,2682,0.0,DP,0.98,529.2226120786797,144364165,0.5768844221105528,129,186,222,1173,Other
2684,0.0047096012743863,<HDF5 object reference>,1246,2685,2684,0.0,ORBm1,0.92,529.4906781682105,144365444,0.6180904522613064,127,177,219,678,Other
2688,0.0395569836696484,<HDF5 object reference>,1259,2689,2688,0.0,ORBm2/3,0.79,530.1427434310058,144368736,0.5768844221105527,126,173,217,423,Other
2689,0.099705387837035,<HDF5 object reference>,1259,2690,2689,0.0,ORBm2/3,0.93,530.3841762445436,144369494,0.6867671691792294,126,173,217,758,Other
2691,0.0097344599844299,<HDF5 object reference>,1257,2692,2691,0.0,ORBm2/3,0.99,530.6734756216932,144371672,0.5906197654941373,126,174,217,1431,Other
2693,0.0003432128939139,<HDF5 object reference>,1260,2694,2693,0.0,ORBm2/3,0.93,531.0746414246653,144372630,0.7279731993299832,126,172,217,754,Other
2694,0.0861110170841129,<HDF5 object reference>,1269,2695,2694,0.0,ORBm5,0.99,531.0782414169147,144375428,0.7279731993299831,126,169,215,2798,Other
2695,0.0018728614966281,<HDF5 object reference>,1270,2696,2695,0.0,ORBm5,0.97,531.1219079895689,144376567,0.5356783919597988,126,168,215,1139,Other
2696,0.0330412490195255,<HDF5 object reference>,1270,2697,2696,0.0,ORBm5,0.96,531.253574372763,144377459,0.6592964824120603,126,168,215,892,Other
2697,8.199699683494752e-05,<HDF5 object reference>,1270,2698,2697,0.0,ORBm5,0.99,531.3201075628529,144380615,0.7279731993299832,126,168,215,3156,Other
2698,0.0063342251795166,<HDF5 object reference>,1276,2699,2698,0.0,ORBm5,0.92,531.5320737731645,144381761,0.8103852596314908,125,166,214,1146,Other
2699,0.0431173806945827,<HDF5 object reference>,1278,2700,2699,0.0,ORBm5,0.7,531.5682403619659,144382148,0.7829145728643215,125,165,213,387,Other
2701,0.0088495575221243,<HDF5 object reference>,1281,2702,2701,0.0,ORBm5,0.66,532.0125060721456,144384314,0.7554438860971523,125,164,213,452,Other
2702,0.0066145539898615,<HDF5 object reference>,1278,2703,2702,0.0,ORBm5,0.88,532.0495059924862,144384885,0.6318257956448912,125,165,213,571,Other
2703,0.0003563764375139,<HDF5 object reference>,1281,2704,2703,0.0,ORBm5,0.99,532.6648046677718,144389689,0.6180904522613065,125,164,213,4804,Other
2704,0.0138273668594063,<HDF5 object reference>,1281,2705,2704,0.0599142718208207,ORBm5,0.99,532.6887379495778,144410705,0.4807370184254607,125,164,213,21016,Other
2707,0.019914519071296,<HDF5 object reference>,1290,2708,2707,0.0,ORBm5,0.78,533.3189032595228,144411697,0.6730318257956448,124,161,211,408,Other
2708,0.0619559990687446,<HDF5 object reference>,1292,2709,2708,0.0,ORBm5,0.87,533.3867364468139,144412121,0.7279731993299832,124,160,211,424,Other
2709,0.0486503328841224,<HDF5 object reference>,1293,2710,2709,0.0,ORBm5,0.94,533.5768027042752,144412966,0.7417085427135678,124,159,211,845,Other
2710,0.0001246543940323,<HDF5 object reference>,1298,2711,2710,0.0,ORBm5,0.95,533.6420692304256,144415042,0.7005025125628142,123,157,210,2076,Other
2711,0.0002629903678974,<HDF5 object reference>,1296,2712,2711,0.0,ORBm5,0.8,533.6662358450625,144416026,0.6455611390284757,124,158,210,984,Other
2712,0.0116198149975251,<HDF5 object reference>,1296,2713,2712,0.0,ORBm5,0.96,533.8735353987545,144416735,0.7005025125628142,124,158,210,709,Other
2713,0.0524368735773023,<HDF5 object reference>,1358,2714,2713,0.1415023271889064,ORBm6a,0.99,533.9375019277037,144439265,0.6455611390284757,119,135,198,22530,Other
2714,0.0191428535180862,<HDF5 object reference>,1361,2715,2714,0.0,ORBm6a,0.63,533.9636685380347,144440064,0.7554438860971523,118,133,198,799,Other
2715,0.011978323102355,<HDF5 object reference>,1385,2716,2715,0.0,ORBm6a,0.79,534.4871007444386,144440769,0.7966499162479062,117,124,193,705,Other
2716,0.0005529541068612,<HDF5 object reference>,1402,2717,2716,0.0,FRP6a,0.79,534.5258673276423,144441237,0.6180904522613064,116,117,190,468,Other
2717,0.0002032855632451,<HDF5 object reference>,1461,2718,2717,0.0,MOs5,0.69,534.8673999256691,144442510,0.8103852596314908,112,93,180,1273,Motor
2718,0.0003365762462339,<HDF5 object reference>,1463,2719,2718,0.0,MOs5,0.7,535.437298698699,144443279,0.7005025125628139,111,93,180,769,Motor
2719,0.048584510891506,<HDF5 object reference>,1470,2720,2719,0.0,MOs5,0.53,535.7141647692838,144444003,0.6592964824120603,111,90,178,724,Motor
2721,0.0570369171803194,<HDF5 object reference>,1490,2722,2721,0.0,MOs2/3,0.99,535.8375645036089,144449453,0.7691792294807371,109,82,175,1956,Motor
2722,0.0206963352810666,<HDF5 object reference>,1494,2723,2722,0.4709390185896013,MOs2/3,0.99,535.853064470238,144463333,0.7417085427135678,109,81,174,13880,Motor
2723,0.0146407503435496,<HDF5 object reference>,1222,2724,2723,0.0,DP,0.99,536.0677973412597,144465409,0.7554438860971523,129,187,223,2076,Other
2725,0.0245880770631947,<HDF5 object reference>,1230,2726,2725,0.4158913471241512,DP,0.99,536.471929931579,144471227,0.7829145728643216,129,184,221,5222,Other
2726,0.0050286368158328,<HDF5 object reference>,1256,2727,2726,0.3979853595027101,ORBm2/3,0.99,536.5048299067876,144474309,0.6730318257956449,126,174,217,3082,Other
2728,0.008455968963568,<HDF5 object reference>,1270,2729,2728,0.0,ORBm5,0.99,537.054062826254,144479512,0.7005025125628142,126,168,215,2899,Other
2732,0.0008189320316806,<HDF5 object reference>,1251,2733,2732,0.0,ORBm2/3,0.56,537.7582622956141,144500920,0.7966499162479059,126,176,218,316,Other
2734,0.046811470913815,<HDF5 object reference>,1258,2735,2734,0.0,ORBm2/3,0.81,538.5327617120008,144501253,0.8103852596314908,126,173,217,318,Other
2737,0.0592851188512884,<HDF5 object reference>,1270,2738,2737,0.0,ORBm5,0.91,539.149861246994,144504596,0.6592964824120603,126,168,215,532,Other
2738,0.0091762910523404,<HDF5 object reference>,1273,2739,2738,0.0,ORBm5,0.99,539.368927748586,144508537,0.7005025125628142,125,167,214,3941,Other
2739,0.0008374838900034,<HDF5 object reference>,1286,2740,2739,0.0,ORBm5,0.47,539.4061277205545,144508846,0.7554438860971525,124,162,212,309,Other
2742,0.0038624257016578,<HDF5 object reference>,1357,2743,2742,0.0,ORBm5,0.36,539.8787273644335,144652445,0.6730318257956448,119,134,199,67,Other
2743,0.0023937679653761,<HDF5 object reference>,1406,2744,2743,0.0955500841914013,FRP6a,0.99,540.1739938086063,144658735,0.6867671691792293,115,116,190,6290,Other
2746,0.0001061018950434,<HDF5 object reference>,1190,2747,2746,0.0,TTd,0.99,540.7338933867015,144664185,0.6318257956448912,131,200,229,2439,Other
2747,0.023141438763234,<HDF5 object reference>,1252,2748,2747,0.0,ORBm2/3,0.63,541.1922930412808,144664460,0.7005025125628139,126,176,218,275,Other
2748,0.0008402029935425,<HDF5 object reference>,1256,2749,2748,0.0,ORBm2/3,0.84,541.2285596806192,144664768,0.6592964824120604,126,174,217,308,Other
2749,0.0027386742620271,<HDF5 object reference>,1281,2750,2749,0.0,ORBm5,0.99,541.3824595646502,144668307,0.7142378559463987,125,164,213,3539,Other
2750,0.0006900867253629,<HDF5 object reference>,1281,2751,2750,0.0,ORBm5,0.86,541.4927261482269,144668682,0.5631490787269682,125,164,213,375,Other
