,amplitude_cutoff,electrode_group,electrodes,electrodes_index,id,isi_violations,location,presence_ratio,spike_times,spike_times_index,waveform_duration,x,y,z,spike_count,brain_area
0,0.0180492282728773,<HDF5 object reference>,30,1,0,0.0816631877422289,VAL,0.99,28.601629798622945,68192,0.4807370184254606,259,166,184,68192,Thalamus
1,0.0134505962473514,<HDF5 object reference>,30,2,1,0.1049289525070885,VAL,0.99,28.8189961611016,157736,0.5356783919597988,259,166,184,89544,Thalamus
2,0.0835936506459477,<HDF5 object reference>,30,3,2,0.186757341335332,VAL,0.99,28.934495999468197,208842,0.467001675041876,259,166,184,51106,Thalamus
3,8.709502618357323e-05,<HDF5 object reference>,31,4,3,0.0074629393036381,VAL,0.99,28.957395967421398,264255,0.4807370184254606,259,166,184,55413,Thalamus
5,0.0002166205179002,<HDF5 object reference>,31,6,5,0.0277989218009552,VAL,0.99,29.08796245137001,374399,0.5082077051926298,259,166,184,70328,Thalamus
6,0.0695919152085102,<HDF5 object reference>,31,7,6,0.0939138687515868,VAL,0.99,29.219762266926004,432247,0.6180904522613065,259,166,184,57848,Thalamus
10,7.855473531747548e-05,<HDF5 object reference>,33,11,10,0.0004218636592279,VAL,0.99,30.220827532676516,677868,0.4944723618090452,260,164,184,176182,Thalamus
11,9.003088493374595e-05,<HDF5 object reference>,34,12,11,0.0003056185232078,VAL,0.99,30.386027301491765,781365,0.4807370184254607,260,164,184,103497,Thalamus
12,0.0299567091873294,<HDF5 object reference>,34,13,12,0.020874413011843,VAL,0.99,30.50286047132579,828222,0.4807370184254606,260,164,184,46857,Thalamus
13,0.0294974976004211,<HDF5 object reference>,35,14,13,0.018276048703792,VAL,0.99,30.57309370637295,870545,0.4532663316582916,260,164,184,42323,Thalamus
17,3.256109039346836e-06,<HDF5 object reference>,37,18,17,0.0,VAL,0.99,31.42842584273277,1190808,0.4944723618090452,260,162,184,79476,Thalamus
18,0.0001562393967448,<HDF5 object reference>,36,19,18,0.0057203523143264,VAL,0.99,31.542525683058557,1448461,0.4532663316582914,260,164,184,257653,Thalamus
20,0.0252052071030884,<HDF5 object reference>,38,21,20,0.0277321079807929,VAL,0.99,31.659392186179275,1674585,0.4944723618090452,260,162,182,109191,Thalamus
24,0.0754156854486357,<HDF5 object reference>,39,25,24,0.0414367910078286,VAL,0.99,32.05435830012033,2019804,0.4532663316582916,260,162,182,79002,Thalamus
25,0.0040195812361269,<HDF5 object reference>,40,26,25,0.0166823845149672,VAL,0.99,32.195758102241854,2159888,0.4532663316582913,260,162,182,140084,Thalamus
26,0.0104960656522534,<HDF5 object reference>,40,27,26,0.0376178458919621,VAL,0.99,32.40049114906656,2250333,0.4395309882747069,260,162,182,90445,Thalamus
29,0.0708372946686942,<HDF5 object reference>,41,30,29,0.1312052225457054,VAL,0.99,33.430089708220194,2512653,0.5082077051926299,260,162,182,18010,Thalamus
31,5.216813244890968e-05,<HDF5 object reference>,43,32,31,0.0012942102273463,VAL,0.99,33.63005609504882,2855380,0.4807370184254607,260,160,183,207367,Thalamus
34,0.0106219085272376,<HDF5 object reference>,44,35,34,0.034286852948938,VAL,0.99,34.64305467743288,3042699,0.4807370184254607,260,159,183,78779,Thalamus
36,5.659292463727385e-05,<HDF5 object reference>,45,37,36,0.0,VAL,0.91,34.89038766464215,3264977,0.4944723618090452,260,159,183,146901,Thalamus
39,0.0001585964089481,<HDF5 object reference>,48,40,39,0.000148856885001,VAL,0.99,35.44342022404767,3533445,0.4395309882747068,260,158,182,209724,Thalamus
40,0.0053466685683099,<HDF5 object reference>,48,41,40,0.0148905013866535,VAL,0.99,35.62265330655768,3648297,0.4944723618090451,260,158,182,114852,Thalamus
41,0.0001166382335679,<HDF5 object reference>,49,42,41,0.0,VAL,0.99,35.850952987069306,3745371,0.4257956448911223,260,158,182,97074,Thalamus
42,0.0550542438335093,<HDF5 object reference>,50,43,42,0.0176409374929831,VAL,0.99,35.90981957135658,3801538,0.4395309882747068,260,158,182,56167,Thalamus
43,0.0418591168950751,<HDF5 object reference>,50,44,43,0.0275291124965212,VAL,0.99,35.96965282095775,3906701,0.4395309882747068,260,158,182,105163,Thalamus
44,0.0003212919931882,<HDF5 object reference>,50,45,44,0.007293524027007,VAL,0.99,36.1858525184024,3976967,0.4670016750418761,260,158,182,70266,Thalamus
46,0.0049299711917155,<HDF5 object reference>,54,47,46,0.0203435952068134,VAL,0.99,36.42741884701501,4143569,0.4257956448911221,260,156,182,108384,Thalamus
48,0.0006553648304506,<HDF5 object reference>,54,49,48,0.085554414620942,VAL,0.99,36.687185150158115,4460327,0.4532663316582916,260,156,182,265284,Thalamus
50,0.000969049688269,<HDF5 object reference>,55,51,50,0.0396881325326094,VAL,0.99,36.889018201041154,5022309,0.5082077051926298,260,156,182,342180,Thalamus
52,0.0001359381053713,<HDF5 object reference>,56,53,52,0.0,VAL,0.99,37.21885107279799,5208568,0.4395309882747068,260,155,182,101242,Thalamus
55,0.0248368851576146,<HDF5 object reference>,57,56,55,0.0615592055541234,VAL,0.99,37.752083659912095,5409521,0.4120603015075377,260,155,182,133074,Thalamus
56,2.8922327131722844e-06,<HDF5 object reference>,58,57,56,0.0118585005843873,VAL,0.99,37.84958352346831,5498996,0.4395309882747068,260,154,182,89475,Thalamus
58,7.154349212207367e-05,<HDF5 object reference>,59,59,58,0.0004182079894334,VAL,0.99,39.089081788882964,5873589,0.4670016750418761,260,154,182,306487,Thalamus
60,0.0061978940897017,<HDF5 object reference>,60,61,60,0.0045604982641994,VAL,0.99,39.24611490246017,5967851,0.4670016750418761,260,154,182,70886,Thalamus
61,0.0448633752479624,<HDF5 object reference>,64,62,61,0.0607131088891429,VAL,0.99,39.41588133155138,6151575,0.4944723618090452,260,152,182,183724,Thalamus
66,0.0179009450461959,<HDF5 object reference>,64,67,66,0.0035505929569912,VAL,0.99,39.91578063197961,7508662,0.4120603015075377,260,152,182,571306,Thalamus
77,0.0871598138196372,<HDF5 object reference>,71,78,77,0.0134442422253497,LD,0.99,42.024644347448834,9504625,0.5356783919597988,260,150,182,90989,Thalamus
79,0.0818488654188683,<HDF5 object reference>,72,80,79,0.0291290032641548,LD,0.99,42.08247759984884,9766747,0.4670016750418761,260,149,183,151786,Thalamus
85,0.0019162104422054,<HDF5 object reference>,77,86,85,0.001527223496342,LD,0.99,42.96364303339023,10983596,0.4395309882747068,260,146,183,494346,Thalamus
93,0.0250826655900023,<HDF5 object reference>,81,94,93,0.0306221811338835,LD,0.99,43.67144204287832,12219099,0.4257956448911221,260,144,183,99173,Thalamus
99,0.0003138004008583,<HDF5 object reference>,86,100,99,0.0003500431654861,LD,0.99,44.18957465112372,12749462,0.4807370184254607,259,142,183,136764,Thalamus
102,9.570766635258754e-05,<HDF5 object reference>,88,103,102,0.0,LD,0.99,44.686040623023295,12987136,0.4944723618090452,259,142,183,92517,Thalamus
106,0.000225991720458,<HDF5 object reference>,91,107,106,0.0115024750672276,LD,0.99,45.283473120294424,13417856,0.4395309882747068,259,140,183,253054,Thalamus
111,0.000568941059165,<HDF5 object reference>,97,112,111,0.0101854694614582,LD,0.99,46.0435053900193,13815673,0.4532663316582914,258,138,182,210604,Thalamus
115,0.000558911008587,<HDF5 object reference>,99,116,115,0.0489970862163715,LD,0.99,46.316171675109835,14357907,0.4807370184254606,258,136,182,329932,Thalamus
120,0.000669642626984,<HDF5 object reference>,102,121,120,0.0040288699509108,LD,0.99,46.91097084273278,14804527,0.4395309882747069,258,136,182,236784,Thalamus
124,0.0217114849217886,<HDF5 object reference>,103,125,124,0.0347628590208876,LD,0.99,47.24800370441377,14992286,0.4532663316582914,258,134,182,69978,Thalamus
126,0.0130770860594889,<HDF5 object reference>,103,127,126,0.0857357877219248,LD,0.99,47.31440361149205,15120380,0.5494137353433837,258,134,182,36557,Thalamus
128,0.0315788778006084,<HDF5 object reference>,103,129,128,0.0483703380704024,LD,0.99,47.36667020501552,15367359,0.5906197654941373,258,134,182,125845,Thalamus
131,0.0001844076408569,<HDF5 object reference>,107,132,131,0.001514213536276,LD,0.99,47.57726991029694,15664203,0.4807370184254606,257,134,182,80535,Thalamus
132,0.0006432347327382,<HDF5 object reference>,105,133,132,0.0024260444415393,LD,0.99,47.62866983836658,15774405,0.4944723618090452,257,135,182,110202,Thalamus
138,1.7490839648489334e-05,<HDF5 object reference>,109,139,138,0.0,LD,0.99,48.09153585728678,16122917,0.467001675041876,257,132,182,226097,Thalamus
140,0.0019794930613888,<HDF5 object reference>,113,141,140,0.0039188395048252,LD,0.99,48.20126903705672,16508678,0.5219430485762143,257,130,182,266470,Thalamus
146,0.0185320260859097,<HDF5 object reference>,115,147,146,0.0185472575152022,LD,0.99,49.23996758347559,16767670,0.4257956448911223,257,130,182,109555,Thalamus
148,0.0001783518015183,<HDF5 object reference>,113,149,148,0.000226064217658,LD,0.99,50.05623310783955,17060941,0.5219430485762143,257,130,182,208431,Thalamus
150,0.0001035229915627,<HDF5 object reference>,115,151,150,0.0004970613360345,LD,0.99,50.33726604788826,17504648,0.604355108877722,257,130,182,162309,Thalamus
158,0.0380426897929349,<HDF5 object reference>,119,159,158,0.034471275181879,LD,0.99,51.835263951551944,18077981,0.4670016750418761,257,128,182,71612,Thalamus
162,1.986485933203089e-06,<HDF5 object reference>,120,163,162,0.0007598672894789,LD,0.99,52.54896295278344,18476072,0.4257956448911223,257,128,181,131274,Thalamus
164,9.172568810733094e-05,<HDF5 object reference>,121,165,164,0.0,LD,0.81,53.23719532298691,18681543,0.4395309882747068,257,128,181,77060,Thalamus
169,0.0638883894119756,<HDF5 object reference>,125,170,169,0.0159092324733103,LD,0.99,54.376093729183566,18943362,0.5219430485762144,256,126,182,57379,Thalamus
170,9.480145476113392e-05,<HDF5 object reference>,126,171,170,0.0,LD,0.99,54.533526842201,19086108,0.5082077051926298,257,125,182,142746,Thalamus
174,0.0201893407488692,<HDF5 object reference>,128,175,174,0.0649317494776034,LD,0.99,54.98689287441573,19441326,0.4670016750418761,257,125,182,129572,Thalamus
177,0.0258861482225695,<HDF5 object reference>,129,178,177,0.0216606799555726,LD,0.99,55.96602483752692,19728525,0.4670016750418761,257,123,182,139087,Thalamus
178,0.0001775898720079,<HDF5 object reference>,130,179,178,0.0081743951031361,LD,0.95,56.074124686249256,19843485,0.5082077051926298,257,123,182,114960,Thalamus
180,0.0385004497455624,<HDF5 object reference>,131,181,180,0.0242912538389834,LD,0.99,57.00295671975145,19994612,0.4670016750418761,256,122,182,108281,Thalamus
185,0.0047059478791614,<HDF5 object reference>,133,186,185,0.0,LD,0.1,57.900755463349086,20263177,0.4395309882747068,256,122,182,55,Thalamus
188,0.0169039315783188,<HDF5 object reference>,134,189,188,0.0,LD,0.44,58.14865511643202,20294102,0.4257956448911223,256,121,182,4657,Thalamus
193,0.0414865000033281,<HDF5 object reference>,134,194,193,0.3794537803925135,LD,0.67,58.675187712922266,20860418,0.4395309882747069,256,121,182,14977,Thalamus
195,0.00094018065494,<HDF5 object reference>,139,196,195,0.0056868546849252,LD,0.84,58.99428726636624,21029999,0.5356783919597989,256,120,182,75872,Thalamus
197,0.0013077388971596,<HDF5 object reference>,139,198,197,0.0100524131626508,LD,0.93,59.53361984494387,21178903,0.4257956448911223,256,120,182,65066,Thalamus
200,0.0039218076340785,<HDF5 object reference>,140,201,200,0.0628183561171815,LD,0.93,59.78571949214923,21405169,0.4532663316582916,256,119,182,88708,Thalamus
204,0.0076004298523037,<HDF5 object reference>,142,205,204,0.0,LD,0.78,60.517785134344635,21599450,0.5768844221105527,256,119,182,4394,Thalamus
210,0.0057949922231129,<HDF5 object reference>,195,211,210,0.0,CA3,0.77,61.621016923787394,21802227,0.6455611390284757,256,98,177,1369,Other
212,0.0112062597006828,<HDF5 object reference>,195,213,212,0.0184850559899522,CA3,0.99,61.67091685395616,22028566,0.4395309882747069,256,98,177,209994,Other
213,0.0002443263336107,<HDF5 object reference>,195,214,213,0.021477577999573,CA3,0.99,61.72298344775952,22162108,0.4120603015075377,256,98,177,133542,Other
216,0.0004517291091327,<HDF5 object reference>,197,217,216,0.0184262976458214,CA3,0.99,62.40101583223711,22355364,0.6455611390284757,256,98,177,54957,Other
218,0.002242914111213,<HDF5 object reference>,199,219,218,0.0278720560835233,CA3,0.99,62.61558219863416,22473233,0.5219430485762144,256,96,176,112105,Other
220,0.0133392525077156,<HDF5 object reference>,199,221,220,0.2538733240795676,CA3,0.99,62.783381963810896,22498412,0.7554438860971525,256,96,176,23272,Other
221,0.0634868856363347,<HDF5 object reference>,199,222,221,0.2715308496522083,CA3,0.99,62.88334849058187,22546899,0.4257956448911223,256,96,176,48487,Other
224,0.0014053885314697,<HDF5 object reference>,200,225,224,0.1311916663832862,CA3,0.99,63.06958156329591,22628081,0.6730318257956448,256,96,176,14986,Other
225,0.001024689486064,<HDF5 object reference>,201,226,225,0.0565705730121226,CA3,0.99,63.1607481023818,22715811,1.0576214405360134,256,96,176,87730,Other
226,0.0037104505083783,<HDF5 object reference>,202,227,226,0.0370192161902457,CA3,0.99,63.23048133812868,22729110,0.7005025125628142,256,96,176,13299,Other
227,0.0030795278961734,<HDF5 object reference>,203,228,227,0.0859607890859882,CA3,0.99,63.26961461669791,22799202,0.7279731993299832,256,96,176,70092,Other
229,0.0062356159063063,<HDF5 object reference>,204,230,229,0.089510400426379,CA3,0.99,63.2991479087016,22883021,0.5219430485762143,256,94,176,81812,Other
233,0.0047886711787301,<HDF5 object reference>,207,234,233,0.0445004472019616,CA3,0.99,65.0044788555515,22923162,0.5768844221105527,256,94,176,8577,Other
235,0.0002251209616076,<HDF5 object reference>,208,236,235,0.0040310170591488,CA3,0.99,65.05871211298944,23558558,0.5906197654941373,256,94,176,624358,Other
237,0.0165251508848067,<HDF5 object reference>,209,238,237,0.0,CA3,0.88,65.16304530031626,23563958,0.5494137353433837,256,92,176,4960,Other
242,0.0019124953624636,<HDF5 object reference>,213,243,242,0.0,CA3,0.99,66.25871043368132,24172654,0.4670016750418759,256,92,176,8308,Other
248,0.0349807910608497,<HDF5 object reference>,222,249,248,0.0,CA3,0.78,68.20124104858797,24371060,0.6867671691792294,256,87,177,1067,Other
249,0.0207377253631135,<HDF5 object reference>,224,250,249,0.0,CA3,0.96,68.68357370693273,24371654,0.6318257956448912,256,87,177,594,Other
252,0.0042715415236622,<HDF5 object reference>,226,253,252,0.0744191246033201,CA3,0.99,69.15847304234654,24637489,0.7417085427135678,256,85,176,61507,Other
257,0.004313042033518,<HDF5 object reference>,229,258,257,0.0,CA3,0.23,69.52307253211676,24949333,0.7142378559463987,256,84,176,60,Other
260,0.0101315217435926,<HDF5 object reference>,232,261,260,0.0,CA3,0.56,69.8833386946178,25095925,0.6455611390284757,256,83,176,2017,Other
264,0.0016360941512847,<HDF5 object reference>,236,265,264,0.4775992064232524,CA2,0.99,70.13850500419827,25232569,0.7417085427135678,256,82,176,15266,Other
265,0.0003033792755112,<HDF5 object reference>,236,266,265,0.0,CA2,0.88,70.24930484914215,25233422,0.6180904522613064,256,82,176,853,Other
269,0.0011287915020455,<HDF5 object reference>,239,270,269,0.2186979991855579,CA2,0.8,70.5406044414901,25602153,0.6180904522613065,256,80,176,26867,Other
274,0.0013558793513186,<HDF5 object reference>,240,275,274,0.1465949746659757,CA2,0.99,70.817370720843,25759090,0.7417085427135678,256,80,176,8185,Other
275,0.0142616288490451,<HDF5 object reference>,240,276,275,0.2657179924578988,CA2,0.9,70.96823717638333,25762600,0.7005025125628139,256,80,176,3510,Other
276,0.0008292110689475,<HDF5 object reference>,242,277,276,0.0835627205133284,CA2,0.99,71.018570439279,25779160,0.7554438860971523,256,80,177,16560,Other
277,0.0133440201544818,<HDF5 object reference>,242,278,277,0.0,CA2,0.57,71.36800328360715,25779601,0.7279731993299832,256,80,177,441,Other
279,0.0024573344146954,<HDF5 object reference>,243,280,279,0.0,CA2,0.96,71.51013641803577,25805601,0.6455611390284756,256,80,177,9346,Other
281,0.0025097801069289,<HDF5 object reference>,243,282,281,0.0,CA2,0.99,71.72686944806739,25851147,0.6455611390284756,256,80,177,3886,Other
285,0.001342015621181,<HDF5 object reference>,242,286,285,0.1956876103109508,CA2,0.99,72.21243543522068,26147635,0.7554438860971525,256,80,177,26507,Other
286,0.0069806195380166,<HDF5 object reference>,244,287,286,0.0,CA2,0.98,72.4856683861849,26150759,0.6318257956448909,256,78,177,3124,Other
288,0.0099975525813825,<HDF5 object reference>,244,289,288,0.1036115152365656,CA2,0.86,72.85766786559937,26208510,0.7554438860971525,256,78,177,5621,Other
290,0.0013628261252779,<HDF5 object reference>,245,291,290,0.0,CA2,0.98,74.33676579571217,26235081,0.7279731993299832,256,78,177,6837,Other
294,0.0079156674936389,<HDF5 object reference>,246,295,294,0.0,CA1,0.77,75.01136485166111,26266468,0.7279731993299831,256,78,178,3222,Other
295,0.0018032702571667,<HDF5 object reference>,246,296,295,0.0,CA1,0.98,75.06776477273364,26274693,0.6730318257956448,256,78,178,8225,Other
296,0.0167972909277434,<HDF5 object reference>,246,297,296,0.0110348860298686,CA1,0.99,75.27763114570797,26388944,1.4284757118927975,256,78,178,114251,Other
300,0.0338443099340344,<HDF5 object reference>,247,301,300,0.4823803985290246,CA1,0.99,76.27049642293375,26539722,0.7417085427135678,256,78,178,19668,Other
301,0.0304876428327992,<HDF5 object reference>,247,302,301,0.0,CA1,0.99,76.35339630692155,26542739,0.7554438860971524,256,78,178,3017,Other
302,0.0003814825546201,<HDF5 object reference>,244,303,302,0.0,CA2,0.97,76.38722959290773,26545916,0.7142378559463987,256,78,177,3177,Other
303,0.0583320448926558,<HDF5 object reference>,247,304,303,0.3491007303231189,CA1,0.99,76.41956288099303,26585843,0.5768844221105527,256,78,178,39927,Other
304,0.0230775043680084,<HDF5 object reference>,249,305,304,0.0232110516348325,CA1,0.99,76.51476274776792,26621471,0.4807370184254607,256,76,178,35628,Other
305,0.0032484856228281,<HDF5 object reference>,247,306,305,0.1159823735983431,CA1,0.99,76.56786267345854,26639875,0.6180904522613064,256,78,178,18404,Other
309,0.0534026672553245,<HDF5 object reference>,256,310,309,0.0172227327058426,alv,0.99,77.55286129502645,26797991,0.4670016750418761,256,74,176,43598,Other
310,0.0179273100757259,<HDF5 object reference>,257,311,310,0.0068223269261821,alv,0.99,77.80282761188391,26933025,0.4257956448911221,256,74,176,135034,Other
318,0.0019312218035674,<HDF5 object reference>,278,319,318,0.0090348397809802,cing,0.99,79.38672539533712,27545587,0.4807370184254607,258,66,176,73723,Other
319,0.0007480638968475,<HDF5 object reference>,280,320,319,0.0556577251008573,cing,0.98,79.45129197164768,27573239,0.6867671691792293,258,66,176,27652,Other
320,0.00058100721367,<HDF5 object reference>,283,321,320,0.0,cing,0.98,79.99099121637886,27584994,0.5631490787269682,258,65,176,11755,Other
323,0.0125961097222792,<HDF5 object reference>,285,324,323,0.0399454822291853,SSp-ll6b,0.99,81.2146561706177,27774106,0.8927973199329983,258,64,176,103218,Somatosensory
326,0.0185185465240043,<HDF5 object reference>,289,327,326,0.2710975406143002,SSp-ll6a,0.93,82.23922140348176,27826034,0.7417085427135679,258,62,175,3475,Somatosensory
328,0.0478446657505108,<HDF5 object reference>,296,329,328,0.2648100413226716,SSp-ll6a,0.99,82.33708793319153,27857709,0.6318257956448912,259,60,174,31251,Somatosensory
332,0.0037737986884394,<HDF5 object reference>,302,333,332,0.0129225080029549,SSp-ll6a,0.99,83.02962029737748,27934703,0.6043551088777218,260,58,174,38987,Somatosensory
333,0.0022192714024655,<HDF5 object reference>,303,334,333,0.1393617337743417,SSp-ll6a,0.99,83.5614195531641,27965737,0.7142378559463987,260,56,174,31034,Somatosensory
339,0.0006295281887075,<HDF5 object reference>,307,340,339,0.0,SSp-tr6a,0.78,84.75528454910577,28167955,0.6180904522613065,260,54,173,24733,Somatosensory
343,0.0088016256698847,<HDF5 object reference>,308,344,343,0.0852731639813582,SSp-tr6a,0.97,84.98891755548715,28276833,0.6318257956448912,260,54,173,6196,Somatosensory
344,0.0036757237422033,<HDF5 object reference>,308,345,344,0.0113006970827694,SSp-tr6a,0.99,85.07131744017465,28342752,0.6867671691792294,260,54,173,65919,Somatosensory
345,0.0040690173198736,<HDF5 object reference>,309,346,345,0.0063934698208806,SSp-tr6a,0.99,85.23265054773434,28424339,0.7966499162479059,260,54,173,81587,Somatosensory
346,0.0165901504649234,<HDF5 object reference>,309,347,346,0.1963273901977305,SSp-tr6a,0.98,85.32968374527695,28437252,0.5631490787269682,260,54,173,12913,Somatosensory
347,0.0009327248221595,<HDF5 object reference>,310,348,347,0.1307215569641897,SSp-tr6a,0.99,85.4533169055949,28449510,0.7142378559463985,260,54,173,12258,Somatosensory
348,0.0103233355104156,<HDF5 object reference>,310,349,348,0.1315908950667015,SSp-tr6a,0.99,85.51668348358477,28469461,0.5631490787269682,260,54,173,19951,Somatosensory
349,0.0003059626311072,<HDF5 object reference>,311,350,349,0.0146962494836238,SSp-tr6a,0.97,85.99161615228526,28484386,0.5494137353433836,260,54,173,14925,Somatosensory
357,0.003713298029667,<HDF5 object reference>,315,358,357,0.1386231279368335,SSp-tr6a,0.95,86.6053152934591,28689853,0.5494137353433837,260,51,173,13745,Somatosensory
362,0.0018549339680447,<HDF5 object reference>,319,363,362,0.3377932438079026,SSp-tr6a,0.99,87.09734793822945,28922661,0.5768844221105527,260,50,172,29037,Somatosensory
364,0.0003683331065248,<HDF5 object reference>,320,365,364,0.0214612051910239,SSp-tr6a,0.99,87.24784772761623,29058415,0.6180904522613065,260,50,172,121640,Somatosensory
365,0.0079798467247722,<HDF5 object reference>,320,366,365,0.1813262930744261,SSp-tr6a,0.99,87.27281435934395,29082451,0.5768844221105527,260,50,172,24036,Somatosensory
366,0.0004534987805714,<HDF5 object reference>,320,367,366,0.0673194399928435,SSp-tr6a,0.99,87.37098088863388,29100901,0.535678391959799,260,50,172,18450,Somatosensory
367,0.0029027970483278,<HDF5 object reference>,320,368,367,0.0143604427213517,SSp-tr6a,0.99,87.41688082440035,29170091,0.5356783919597989,260,50,172,69190,Somatosensory
368,0.005666581420404,<HDF5 object reference>,321,369,368,0.0,SSp-tr5,0.58,87.43384746732346,29173685,0.6592964824120602,260,48,172,3594,Somatosensory
370,0.000220346500529,<HDF5 object reference>,321,371,370,0.0,SSp-tr5,0.8,87.57984726300765,29224047,0.6180904522613064,260,48,172,48661,Somatosensory
371,0.0011298339450173,<HDF5 object reference>,323,372,371,0.0,SSp-tr5,0.94,88.00321333720507,29229903,0.4807370184254607,260,48,172,5856,Somatosensory
372,0.0087411860269882,<HDF5 object reference>,322,373,372,0.1541076478083646,SSp-tr5,0.72,88.06331325309972,29237886,0.6180904522613064,260,48,172,7983,Somatosensory
374,0.0001708677218497,<HDF5 object reference>,323,375,374,0.0,SSp-tr5,0.93,88.64761243541662,29331670,0.4670016750418761,260,48,172,51102,Somatosensory
375,0.0024873937484128,<HDF5 object reference>,320,376,375,0.049235501029635,SSp-tr6a,0.99,88.68581238195864,29387572,0.5906197654941373,260,50,172,55902,Somatosensory
376,0.0035715925903728,<HDF5 object reference>,324,377,376,0.0,SSp-tr5,0.79,89.23121161871309,29391615,0.5906197654941373,260,48,172,4043,Somatosensory
377,0.0063958572431479,<HDF5 object reference>,324,378,377,0.0,SSp-tr5,0.79,89.31781149752302,29395140,0.6043551088777219,260,48,172,3525,Somatosensory
379,0.0241380034874104,<HDF5 object reference>,324,380,379,0.1150552258918297,SSp-tr5,0.99,89.64784436899998,29427729,0.6180904522613064,260,48,172,23855,Somatosensory
380,0.0231778653241331,<HDF5 object reference>,327,381,380,0.0058893903917957,SSp-tr5,0.99,89.67421099876852,29552485,0.5906197654941374,261,46,172,124756,Somatosensory
381,0.0003398627129537,<HDF5 object reference>,326,382,381,0.0,SSp-tr5,0.98,89.90244401270677,29572942,0.6318257956448912,261,46,172,20457,Somatosensory
383,3.527595694273284e-05,<HDF5 object reference>,327,384,383,0.0021891812348324,SSp-tr5,0.99,90.18441028478267,29754874,0.6455611390284757,261,46,172,122286,Somatosensory
385,0.0052705294106336,<HDF5 object reference>,328,386,385,0.0,SSp-tr5,0.92,90.31911009628034,29890653,0.5631490787269681,261,46,172,7814,Somatosensory
387,0.0463303697134978,<HDF5 object reference>,329,388,387,0.0,SSp-tr5,0.99,90.34364339528115,29918952,0.6180904522613065,261,45,172,4719,Somatosensory
390,0.0061602481724634,<HDF5 object reference>,332,391,390,0.0135838632085555,SSp-tr5,0.99,90.48777652691092,30051810,0.5768844221105527,261,44,172,53777,Somatosensory
392,0.0086572538681347,<HDF5 object reference>,331,393,392,0.0,SSp-tr5,0.97,90.60144303450978,30122867,0.5768844221105527,261,44,173,7314,Somatosensory
393,2.298042110035504e-05,<HDF5 object reference>,332,394,393,0.0,SSp-tr5,0.98,90.6479096361499,30134128,0.7142378559463987,261,44,172,11261,Somatosensory
396,0.0080863013639262,<HDF5 object reference>,332,397,396,0.1070108659879815,SSp-tr5,0.95,91.03934242170226,30306539,0.5219430485762144,261,44,172,5531,Somatosensory
397,0.0781586442377649,<HDF5 object reference>,333,398,397,0.0149770325936022,SSp-tr5,0.99,91.13480895477063,30372657,0.4807370184254607,261,42,171,66118,Somatosensory
400,0.0042240548147025,<HDF5 object reference>,335,401,400,0.0059922630269766,SSp-tr5,0.99,91.32437535615327,30495320,0.6043551088777219,261,42,171,33055,Somatosensory
401,2.81206581332908e-06,<HDF5 object reference>,335,402,401,0.0,SSp-tr5,0.8,91.38497527134821,30591805,0.6455611390284757,261,42,171,96485,Somatosensory
402,5.691654069901286e-05,<HDF5 object reference>,336,403,402,0.0793628599108768,SSp-tr5,0.99,91.48507513126592,30636763,0.5494137353433837,262,42,172,44958,Somatosensory
404,0.0005639222759625,<HDF5 object reference>,336,405,404,0.0010750398954624,SSp-tr5,0.96,91.58050833104761,30769348,0.5356783919597988,262,42,172,55183,Somatosensory
406,0.0016283096003322,<HDF5 object reference>,338,407,406,0.0301609864591932,SSp-tr5,0.99,91.65560822595091,30849143,0.5768844221105527,262,41,172,56104,Somatosensory
409,0.0020037594590677,<HDF5 object reference>,339,410,409,0.167509510482668,SSp-tr5,0.99,92.1510741992499,31084461,0.5768844221105527,262,41,172,65122,Somatosensory
411,0.0256012936026342,<HDF5 object reference>,339,412,411,0.1290932581830996,SSp-tr5,0.99,92.23617408015897,31311704,0.6180904522613065,262,41,172,67374,Somatosensory
412,0.0012787115671883,<HDF5 object reference>,336,413,412,0.0394744504719877,SSp-tr5,0.99,92.26230737692072,31353436,0.5494137353433837,262,42,172,41732,Somatosensory
414,0.0086260596681067,<HDF5 object reference>,340,415,414,0.0470954725116124,SSp-tr5,0.99,92.52850700439419,31482140,0.5356783919597988,262,41,172,121107,Somatosensory
417,0.0007089932109893,<HDF5 object reference>,342,418,417,0.0,SSp-tr5,0.83,92.97327304864396,31530822,0.5906197654941373,262,40,172,365,Somatosensory
420,4.385499662611093e-05,<HDF5 object reference>,342,421,420,0.0,SSp-tr5,0.85,93.4856389982927,31631459,0.5906197654941373,262,40,172,61119,Somatosensory
422,0.0094695974104443,<HDF5 object reference>,343,423,422,0.2115023603791581,SSp-tr5,0.99,94.05790486411598,31671143,0.6180904522613065,262,38,172,10409,Somatosensory
424,0.013770531200091,<HDF5 object reference>,346,425,424,0.1680140989750652,SSp-tr5,0.99,94.40863770662487,31693879,0.7142378559463987,260,37,172,14641,Somatosensory
426,0.0223902980541683,<HDF5 object reference>,346,427,426,0.4819485625012601,SSp-tr5,0.99,94.9602369347029,31819702,0.6867671691792293,260,37,172,12768,Somatosensory
427,0.0108310297326563,<HDF5 object reference>,347,428,427,0.2303143658589523,SSp-tr5,0.99,95.12783670015953,31838926,0.7005025125628142,260,37,172,19224,Somatosensory
430,0.0090393318141633,<HDF5 object reference>,348,431,430,0.3856613591867763,SSp-tr5,0.99,95.93836889921353,31909350,0.6592964824120603,260,37,172,17961,Somatosensory
432,0.0001290175401837,<HDF5 object reference>,349,433,432,0.0369924202853521,SSp-tr5,0.99,96.02560211047049,31965893,0.865326633165829,260,37,172,36434,Somatosensory
434,0.0775285573817911,<HDF5 object reference>,350,435,434,0.1195383402362334,SSp-tr5,0.99,96.57770133784881,32044750,0.7279731993299832,260,36,172,29137,Somatosensory
439,6.31484924380402e-05,<HDF5 object reference>,351,440,439,0.1949356575801453,SSp-tr5,0.99,97.63969985166112,32169489,0.6180904522613065,260,36,172,4098,Somatosensory
442,0.0702887159320068,<HDF5 object reference>,354,443,442,0.0,SSp-tr4,0.62,97.75459969086737,32203349,0.6043551088777218,260,34,172,169,Somatosensory
447,0.0087017927409706,<HDF5 object reference>,361,448,447,0.0,SSp-tr2/3,0.71,98.18599908715609,32364585,0.5768844221105527,260,29,173,341,Somatosensory
448,0.0001401291264296,<HDF5 object reference>,359,449,448,0.0080396272747397,SSp-tr2/3,0.99,98.76419827800947,32384764,0.5768844221105527,260,30,172,20179,Somatosensory
453,0.0020315464550272,<HDF5 object reference>,364,454,453,0.3315580485470978,SSp-tr2/3,0.99,99.81796347001037,32617323,0.5631490787269682,260,29,173,10885,Somatosensory
454,0.0057701895449501,<HDF5 object reference>,367,455,454,0.0,SSp-tr2/3,0.98,99.84496343222592,32619148,0.6318257956448912,260,28,172,1825,Somatosensory
456,0.0222198779623405,<HDF5 object reference>,368,457,456,0.0,SSp-tr2/3,0.79,99.97956324386354,32625704,0.6455611390284757,260,28,172,515,Somatosensory
461,0.0034567645990075,<HDF5 object reference>,30,462,461,0.163701981910748,VAL,0.99,101.5845943310756,32671957,0.4944723618090452,259,166,184,20975,Thalamus
462,0.0582720763168253,<HDF5 object reference>,32,463,462,0.0626432701256028,VAL,0.99,101.78332738629685,32719909,0.535678391959799,260,164,184,47952,Thalamus
470,0.0010738982892796,<HDF5 object reference>,87,471,470,0.1324812878308796,LD,0.97,102.58372614297787,33031090,0.4670016750418761,259,142,183,7030,Thalamus
472,0.0156620824931197,<HDF5 object reference>,134,473,472,0.0780280634591906,LD,0.68,102.8727922806487,33110998,0.4395309882747069,256,121,182,71250,Thalamus
473,0.0189072337312657,<HDF5 object reference>,134,474,473,0.055260185318731,LD,0.68,102.91652553394944,33184421,0.4807370184254606,256,121,182,73423,Thalamus
475,0.0004153812552345,<HDF5 object reference>,207,476,475,0.0,CA3,0.8,103.0675919241621,33185330,0.604355108877722,256,94,176,623,Other
484,0.088840253524974,<HDF5 object reference>,226,485,484,0.0,CA3,0.83,104.82248871267177,33207660,0.4257956448911223,256,85,176,448,Other
487,0.0003093823615936,<HDF5 object reference>,236,488,487,0.0142038418380601,CA2,0.99,105.43562092396296,33240609,0.7005025125628139,256,82,176,30363,Other
488,0.000327158687751,<HDF5 object reference>,236,489,488,0.0,CA2,0.65,105.61022060444263,33241400,0.8103852596314908,256,82,176,791,Other
494,0.0006760956196036,<HDF5 object reference>,283,495,494,0.0377042045903736,cing,0.99,106.58218549239737,33271941,0.6867671691792293,258,65,176,9318,Other
497,0.015560645637998,<HDF5 object reference>,305,498,497,0.0,SSp-ll6a,0.56,106.87655162036913,33279685,0.4944723618090452,260,56,174,523,Somatosensory
498,5.560432359498824e-05,<HDF5 object reference>,316,499,498,0.0,SSp-tr6a,0.93,107.03641799447767,33284339,0.6043551088777219,260,50,172,4654,Somatosensory
499,0.0150962861112954,<HDF5 object reference>,322,500,499,0.0637413100533387,SSp-tr5,0.77,107.24641761017487,33298672,0.6318257956448912,260,48,172,14333,Somatosensory
500,0.0322113515458112,<HDF5 object reference>,323,501,500,0.0,SSp-tr5,0.78,107.362184064987,33300553,0.5494137353433836,260,48,172,1881,Somatosensory
501,0.0002464595447724,<HDF5 object reference>,329,502,501,0.0,SSp-tr5,0.91,107.47418386002552,33301603,0.6455611390284757,261,45,172,1050,Somatosensory
502,0.0017514234401789,<HDF5 object reference>,332,503,502,0.1146310568963317,SSp-tr5,0.98,107.49455048942092,33306947,0.5494137353433837,261,44,172,5344,Somatosensory
503,0.0024251054417424,<HDF5 object reference>,331,504,503,0.0729104827457959,SSp-tr5,0.99,107.85544982896911,33356641,0.5494137353433837,261,44,173,49694,Somatosensory
504,0.0050960036929225,<HDF5 object reference>,335,505,504,0.1497862558897564,SSp-tr5,0.98,108.04131615549731,33365991,0.6180904522613065,261,42,171,9350,Somatosensory
506,0.0002184860325348,<HDF5 object reference>,340,507,506,0.0072667429459849,SSp-tr5,0.99,109.20124736613722,33408922,0.5631490787269682,262,41,172,42450,Somatosensory
508,0.0072632876943167,<HDF5 object reference>,354,509,508,0.0,SSp-tr4,0.78,109.9102460686578,33421297,0.5631490787269682,260,34,172,1116,Somatosensory
513,0.0681876074602366,<HDF5 object reference>,369,514,513,0.0,SSp-tr2/3,0.86,110.78704446410214,33431349,0.5631490787269682,260,26,172,1220,Somatosensory
519,0.0860778979783274,<HDF5 object reference>,220,520,519,0.0,CA3,0.72,112.96704047467315,33445461,0.6043551088777219,256,88,176,420,Other
521,0.092371325289068,<HDF5 object reference>,367,522,521,0.0,SSp-tr2/3,0.93,113.20114004626706,33446277,0.6318257956448912,260,28,172,796,Somatosensory
523,0.0231178750881521,<HDF5 object reference>,242,524,523,0.0,CA2,0.78,113.45693957814964,33447389,0.7966499162479062,256,80,177,650,Other
525,0.0026672332723424,<HDF5 object reference>,291,526,525,0.0,SSp-ll6a,0.65,113.54480608401914,33450311,0.5494137353433837,258,62,175,2748,Somatosensory
526,0.0117690525474259,<HDF5 object reference>,301,527,526,0.0,SSp-ll6a,0.7,113.70637245501666,33450684,0.6043551088777219,260,58,174,373,Somatosensory
528,0.0187167058415751,<HDF5 object reference>,367,529,528,0.0,SSp-tr2/3,0.83,113.7789723221577,33459095,0.5906197654941374,260,28,172,654,Somatosensory
531,0.0003481558218055,<HDF5 object reference>,414,532,531,0.0245563766102656,PO,0.99,113.90780541972433,33602165,0.4532663316582913,288,156,186,64286,Thalamus
536,0.0006448457515355,<HDF5 object reference>,416,537,536,0.0179099430866402,PO,0.99,114.43163779443569,33984559,0.4395309882747068,288,154,185,52362,Thalamus
537,0.0030544785744823,<HDF5 object reference>,416,538,537,0.1058550661453855,PO,0.99,114.49193768408588,34017459,0.5219430485762143,288,154,185,32900,Thalamus
539,0.0017910197890458,<HDF5 object reference>,416,540,539,0.0555491941307407,PO,0.99,114.6161041235259,34076496,0.4807370184254607,288,154,185,46696,Thalamus
540,7.593829509100598e-06,<HDF5 object reference>,417,541,540,0.0,PO,0.99,114.73843723298761,34110574,0.4944723618090451,288,154,185,34078,Thalamus
541,0.0007098459212734,<HDF5 object reference>,417,542,541,0.00262805007906,PO,0.99,114.9907701045476,34145868,0.4944723618090452,288,154,185,35294,Thalamus
542,0.0089447696548941,<HDF5 object reference>,417,543,542,0.0247884938497732,PO,0.99,115.0512699938318,34223810,0.4807370184254607,288,154,185,77942,Thalamus
544,0.0001713711417451,<HDF5 object reference>,419,545,544,0.0305981727164758,PO,0.99,115.14106982949659,34268585,0.5082077051926298,288,154,185,14628,Thalamus
545,0.0013571876457675,<HDF5 object reference>,419,546,545,0.0177887748722787,PO,0.99,115.1952030637652,34298919,0.5219430485762143,288,154,185,30334,Thalamus
546,0.010895910565131,<HDF5 object reference>,419,547,546,0.070129366567448,PO,0.99,115.38376938535237,34345258,0.4807370184254607,288,154,185,46339,Thalamus
547,0.0018752314778598,<HDF5 object reference>,419,548,547,0.044076955436206,PO,0.99,115.59290233596892,34390039,0.6043551088777218,288,154,185,44781,Thalamus
550,4.876553581932271e-05,<HDF5 object reference>,420,551,550,0.0100372632787655,PO,0.99,116.21040120593571,34476449,0.5082077051926298,288,154,185,44237,Thalamus
551,0.002520586015265,<HDF5 object reference>,420,552,551,0.0204803863291752,PO,0.99,116.24560114151924,34546842,0.4807370184254607,288,154,185,70393,Thalamus
554,0.0001114346000873,<HDF5 object reference>,418,555,554,0.0105749053547636,PO,0.99,117.11859954391764,34719464,0.4944723618090452,288,154,185,82526,Thalamus
557,0.0509303024101243,<HDF5 object reference>,423,558,557,0.0320603665195511,PO,0.99,117.90979809601112,34775630,0.6180904522613065,290,152,184,55347,Thalamus
558,6.748755404344879e-05,<HDF5 object reference>,423,559,558,0.0,PO,0.99,118.23423083562714,34847681,0.5082077051926298,290,152,184,72051,Thalamus
559,0.0253872686456418,<HDF5 object reference>,422,560,559,0.0328168074277666,PO,0.99,118.38719722236277,34919704,0.5219430485762143,290,152,184,72023,Thalamus
560,0.0002076252996206,<HDF5 object reference>,424,561,560,0.0010422625917537,PO,0.99,118.77896317209124,34975748,0.4944723618090452,290,152,184,56044,Thalamus
561,0.0036467304537365,<HDF5 object reference>,424,562,561,0.1090731280774757,PO,0.99,118.90366294388858,34996966,0.4670016750418761,290,152,184,21218,Thalamus
563,0.0024612567291222,<HDF5 object reference>,425,564,563,0.0145008686493812,PO,0.99,119.14232917379206,35046990,0.4670016750418761,290,152,184,49833,Thalamus
564,0.0006105076361587,<HDF5 object reference>,425,565,564,0.0053071022868325,PO,0.99,119.18156243532788,35082114,0.5219430485762143,290,152,184,35124,Thalamus
565,0.0143156442490185,<HDF5 object reference>,427,566,565,0.0188267016666213,PO,0.99,119.44642861728502,35166549,0.4807370184254606,290,150,184,84435,Thalamus
566,0.0253143938434423,<HDF5 object reference>,426,567,566,0.1323246657360835,PO,0.99,119.62809495149928,35190403,0.5768844221105527,290,150,184,23854,Thalamus
567,0.0004848932430709,<HDF5 object reference>,427,568,567,0.0,PO,0.99,119.93072773100958,35216722,0.535678391959799,290,150,184,26319,Thalamus
568,0.0586019335778178,<HDF5 object reference>,428,569,568,0.0486851042045685,PO,0.99,120.00606092648192,35278086,0.4120603015075376,290,150,184,61364,Thalamus
569,0.0001073303330279,<HDF5 object reference>,428,570,569,0.0,PO,0.99,120.31832702169643,35334799,0.4120603015075377,290,150,184,56713,Thalamus
570,0.0134189564513638,<HDF5 object reference>,428,571,570,0.0470458315251917,PO,0.99,120.44772678489271,35378144,0.4670016750418761,290,150,184,43345,Thalamus
571,0.0109023041615975,<HDF5 object reference>,428,572,571,0.0237727907628819,PO,0.99,120.49409336670776,35440239,0.4532663316582916,290,150,184,62095,Thalamus
574,0.0008139541743063,<HDF5 object reference>,429,575,574,0.0064691065934914,PO,0.99,121.19739207965941,35566104,0.5219430485762143,290,150,184,71137,Thalamus
575,0.0281090142844704,<HDF5 object reference>,429,576,575,0.0222704614445649,PO,0.99,121.56959139852847,35626725,0.4807370184254607,290,150,184,60621,Thalamus
576,9.042475044202302e-05,<HDF5 object reference>,431,577,576,0.0,PO,0.99,121.66365789305188,35654959,0.5768844221105527,290,150,184,28234,Thalamus
578,0.0003117409220807,<HDF5 object reference>,432,579,578,0.0071456520825986,PO,0.99,122.19289025788117,35712191,0.4944723618090452,290,148,182,47861,Thalamus
579,0.0016569654581504,<HDF5 object reference>,432,580,579,0.0079644781138947,PO,0.99,123.30048823095845,35757525,0.4670016750418761,290,148,182,45334,Thalamus
580,0.0231664922279024,<HDF5 object reference>,432,581,580,0.0615474039385643,PO,0.99,123.57128773539085,35823163,0.4807370184254607,290,148,182,65638,Thalamus
581,0.0016169839299343,<HDF5 object reference>,432,582,581,0.0997089919129222,PO,0.99,124.24198650800093,35864083,0.4944723618090452,290,148,182,40920,Thalamus
582,0.0595444165139289,<HDF5 object reference>,432,583,582,0.1233546998432083,PO,0.99,124.99741845888123,35917867,0.5631490787269681,290,148,182,53784,Thalamus
583,0.0056141062200597,<HDF5 object reference>,432,584,583,0.0238452857771148,PO,0.99,125.71811713999065,35961708,0.535678391959799,290,148,182,43841,Thalamus
587,0.0009378544602888,<HDF5 object reference>,435,588,587,0.2282310774403938,PO,0.99,126.05144986331955,36110884,0.5219430485762143,290,148,182,44812,Thalamus
588,0.0018088329599852,<HDF5 object reference>,436,589,588,0.0,Eth,0.98,126.10018310747023,36126384,0.5356783919597988,291,146,183,15500,Thalamus
589,0.0006094816935969,<HDF5 object reference>,436,590,589,0.0061881954764377,Eth,0.99,126.3762159356589,36191439,0.5219430485762143,291,146,183,65055,Thalamus
590,0.0013695820707282,<HDF5 object reference>,436,591,590,0.0419432802131089,Eth,0.99,126.44338247940968,36241415,0.4670016750418761,291,146,183,49976,Thalamus
595,0.000886097667558,<HDF5 object reference>,438,596,595,0.0023427911182775,Eth,0.99,128.86707804400646,36352085,0.5494137353433837,292,146,183,37381,Thalamus
596,0.0057641448854051,<HDF5 object reference>,438,597,596,0.0277050820688584,Eth,0.99,128.9433445711041,36428949,0.5082077051926298,292,146,183,76864,Thalamus
597,0.0034508459756338,<HDF5 object reference>,439,598,597,0.058002333788021,PO,0.99,129.12571090403733,36486655,0.5631490787269682,291,146,182,57706,Thalamus
598,7.029253886023346e-05,<HDF5 object reference>,439,599,598,0.0020464615307897,PO,0.99,129.23427737202556,36555930,0.5768844221105527,291,146,182,69275,Thalamus
599,0.0007501502577828,<HDF5 object reference>,439,600,599,0.0613907589255439,PO,0.99,129.36671046300415,36598510,0.5219430485762143,291,146,182,42580,Thalamus
604,0.0178032374636829,<HDF5 object reference>,440,605,604,0.0178964823274622,PO,0.99,132.27170514681552,36862831,0.4807370184254607,291,146,182,92722,Thalamus
605,0.0019621826030836,<HDF5 object reference>,440,606,605,0.0,PO,0.99,132.7767042226588,36875188,0.5082077051926298,291,146,182,12357,Thalamus
606,1.1078493172272078e-05,<HDF5 object reference>,441,607,606,0.0119993273608281,PO,0.99,133.04760372690822,36898547,0.5494137353433837,291,146,182,23359,Thalamus
608,0.0001600823663926,<HDF5 object reference>,443,609,608,0.0102023154514832,Eth,0.99,133.15860352377672,36936361,0.4807370184254607,292,144,182,35826,Thalamus
609,0.0509426314827192,<HDF5 object reference>,443,610,609,0.0676623861832162,Eth,0.99,133.33623658747368,36986035,0.5494137353433837,292,144,182,49674,Thalamus
615,0.0003772239657284,<HDF5 object reference>,445,616,615,0.0041650739775319,Eth,0.99,133.95013592662286,37174816,0.4395309882747068,292,144,182,62689,Thalamus
617,0.0001549052013923,<HDF5 object reference>,444,618,617,0.0,Eth,0.99,133.99096921599994,37313826,0.467001675041876,292,144,182,87527,Thalamus
619,7.659784989553004e-06,<HDF5 object reference>,447,620,619,0.0075198309814068,Eth,0.99,134.14386905140623,37371057,0.4944723618090452,293,142,182,55203,Thalamus
620,0.0430259016941781,<HDF5 object reference>,447,621,620,0.2179896878729712,Eth,0.99,134.2456022752257,37386558,0.4944723618090452,293,142,182,15501,Thalamus
621,0.0037335493867652,<HDF5 object reference>,448,622,621,0.0264406963319989,Eth,0.99,135.40350102877,37429653,0.4944723618090452,293,142,182,43095,Thalamus
622,0.0013797996332239,<HDF5 object reference>,448,623,622,0.0568679501293691,Eth,0.99,135.5730008463067,37489395,0.4532663316582916,293,142,182,59742,Thalamus
623,0.0003062370792856,<HDF5 object reference>,448,624,623,0.0019942815385104,Eth,0.99,137.08859921479427,37546693,0.4532663316582913,293,142,182,57298,Thalamus
626,0.0019982132758981,<HDF5 object reference>,449,627,626,0.0214292282355513,Eth,0.99,138.15779806382233,37650677,0.4944723618090452,293,142,182,57973,Thalamus
627,6.044625852823868e-06,<HDF5 object reference>,450,628,627,0.0089304711176418,Eth,0.99,138.18043137279133,37693489,0.4120603015075377,293,141,182,42812,Thalamus
628,0.0017133691877503,<HDF5 object reference>,450,629,628,0.0040631008521877,Eth,0.99,138.22659798976053,37721874,0.4807370184254607,293,141,182,28385,Thalamus
630,0.0010151414288059,<HDF5 object reference>,451,631,630,0.0,Eth,0.99,138.44779775164326,37773835,0.6730318257956448,293,141,182,15867,Thalamus
631,0.097275240669543,<HDF5 object reference>,451,632,631,0.1047680953265944,Eth,0.99,138.52519766832373,37824144,0.5219430485762143,293,141,182,50309,Thalamus
634,0.0001321199148049,<HDF5 object reference>,452,635,634,0.0919900327300624,Eth,0.99,138.83603066705135,37946320,0.535678391959799,293,141,182,50619,Thalamus
635,0.0172099885461823,<HDF5 object reference>,452,636,635,0.1996192054450095,Eth,0.99,139.01789713794224,37970278,0.5219430485762143,293,141,182,23958,Thalamus
636,0.0014581148186263,<HDF5 object reference>,452,637,636,0.0096369055196396,Eth,0.99,139.11333036854356,37988709,0.5631490787269682,293,141,182,18431,Thalamus
637,0.0177128007862187,<HDF5 object reference>,453,638,637,0.025648667593751,Eth,0.99,139.18533029103702,38040481,0.5219430485762143,292,140,182,51772,Thalamus
638,0.0001250252119771,<HDF5 object reference>,453,639,638,0.0032063588086543,Eth,0.99,139.4292633617811,38104387,0.4670016750418761,292,140,182,63906,Thalamus
639,0.0005202220264466,<HDF5 object reference>,454,640,639,0.0200994034382698,Eth,0.99,139.54906323281887,38176581,0.5356783919597988,292,140,182,72194,Thalamus
641,5.679918666732104e-06,<HDF5 object reference>,455,642,641,0.0044611567508132,Eth,0.99,139.6493297915505,38320051,0.4670016750418761,294,140,181,97671,Thalamus
642,0.0014639275834447,<HDF5 object reference>,455,643,642,0.0173053954283591,Eth,0.99,139.68032975817965,38339502,0.5494137353433837,294,140,181,19451,Thalamus
645,0.0005989022509732,<HDF5 object reference>,457,646,645,0.002672543544823,Eth,0.99,139.82439626976148,38531863,0.535678391959799,293,139,181,60620,Thalamus
646,0.0009948137275629,<HDF5 object reference>,458,647,646,0.0445804557213394,Eth,0.99,139.99529608579113,38578799,0.5219430485762143,293,139,181,46936,Thalamus
647,0.0012896632054655,<HDF5 object reference>,458,648,647,0.0,Eth,0.99,140.05936268349134,38592210,0.535678391959799,293,139,181,13411,Thalamus
648,0.0224047987180846,<HDF5 object reference>,458,649,648,0.0,Eth,0.85,140.10186263774096,38605410,0.5494137353433836,293,139,181,13200,Thalamus
649,2.538218786761795e-05,<HDF5 object reference>,458,650,649,0.0313302345493361,Eth,0.95,140.37449567759006,38615632,0.5906197654941373,293,139,181,10222,Thalamus
652,0.0044623859349325,<HDF5 object reference>,460,653,652,0.1298589611668714,Eth,0.99,140.79609522374628,38740033,0.5219430485762144,293,138,181,40790,Thalamus
653,0.0001475531626287,<HDF5 object reference>,460,654,653,0.0112348779075792,Eth,0.99,140.9557950518325,38808313,0.5082077051926298,293,138,181,68280,Thalamus
654,0.0020206293814703,<HDF5 object reference>,460,655,654,0.0758391566192451,Eth,0.99,140.99752834024076,38859627,0.5082077051926298,293,138,181,51314,Thalamus
657,0.0003472537763691,<HDF5 object reference>,463,658,657,0.0018139991830901,Eth,0.99,141.24589473954578,39084765,0.5631490787269683,294,137,180,73580,Thalamus
658,0.0009203204572762,<HDF5 object reference>,461,659,658,0.0008592931435492,Eth,0.99,141.2535947312569,39146488,0.4395309882747068,293,138,181,61723,Thalamus
659,9.641467178950276e-05,<HDF5 object reference>,462,660,659,0.000675431047428,Eth,0.99,141.3246946547192,39244944,0.5768844221105527,293,138,181,98456,Thalamus
660,0.0010088113299123,<HDF5 object reference>,463,661,660,0.0620585010625048,Eth,0.99,141.42319454868596,39291450,0.5906197654941373,294,137,180,46506,Thalamus
661,0.0007683645221059,<HDF5 object reference>,463,662,661,0.0748544701575315,Eth,0.99,141.42862787617042,39330011,0.5494137353433837,294,137,180,38561,Thalamus
662,0.0014032543630666,<HDF5 object reference>,463,663,662,0.0197549466383291,Eth,0.99,141.4639945047656,39381503,0.4670016750418761,294,137,180,51492,Thalamus
663,0.0284096629302117,<HDF5 object reference>,463,664,663,0.0433761884060091,Eth,0.99,141.55946106866435,39435056,0.5494137353433837,294,137,180,53553,Thalamus
666,0.0254766202726009,<HDF5 object reference>,464,667,666,0.1021813694079539,Eth,0.99,142.4485267782689,39571372,0.4670016750418761,295,137,180,54585,Thalamus
668,0.000196215299851,<HDF5 object reference>,465,669,668,0.007192007059617,Eth,0.99,143.0038261804998,39637908,0.5631490787269682,294,136,180,21335,Thalamus
670,0.0070327486408822,<HDF5 object reference>,467,671,670,0.0201792630460099,Eth,0.99,143.73589205911165,39722349,0.5082077051926298,294,136,180,31199,Thalamus
672,0.0848305197595674,<HDF5 object reference>,468,673,672,0.167423932448278,Eth,0.99,144.04772505676277,39831214,0.4944723618090452,294,135,180,61431,Thalamus
676,0.0076177093360934,<HDF5 object reference>,470,677,676,0.1881978169966136,Eth,0.99,145.0469239811444,39928988,0.5219430485762143,294,135,180,18652,Thalamus
678,0.0002156462391115,<HDF5 object reference>,472,679,678,0.0354345936744919,Eth,0.99,145.41639025008774,40019164,0.5356783919597988,295,134,179,35964,Thalamus
681,3.0769633580021445e-05,<HDF5 object reference>,473,682,681,0.0019146914388675,Eth,0.99,145.6172233672281,40268606,0.6043551088777219,296,133,180,109400,Thalamus
682,0.0004232761098774,<HDF5 object reference>,473,683,682,0.0216429219584166,Eth,0.99,145.67268997418603,40289908,0.4807370184254607,296,133,180,21302,Thalamus
685,0.0003300923071523,<HDF5 object reference>,474,686,685,0.0021463688436759,Eth,0.99,146.07215621083498,40362664,0.5631490787269682,296,133,180,39054,Thalamus
687,7.231794154122198e-06,<HDF5 object reference>,475,688,687,0.0076697089525663,Eth,0.99,146.27548932528413,40426236,0.6455611390284757,296,132,180,35784,Thalamus
688,0.0868752828390494,<HDF5 object reference>,475,689,688,0.0597186024145391,Eth,0.99,146.33815592449142,40477532,0.5219430485762144,296,132,180,51296,Thalamus
689,0.0634687411662913,<HDF5 object reference>,475,690,689,0.1523183304649851,Eth,0.99,146.84718870986077,40567427,0.5082077051926298,296,132,180,89895,Thalamus
690,0.002316785709283,<HDF5 object reference>,475,691,690,0.0425840858849592,Eth,0.99,147.26332159523508,40599040,0.5768844221105527,296,132,180,31613,Thalamus
691,0.0009055859827173,<HDF5 object reference>,475,692,691,0.1044204943597253,Eth,0.99,147.3337881860458,40629708,0.535678391959799,296,132,180,30668,Thalamus
692,0.0002628288453321,<HDF5 object reference>,476,693,692,0.179420664582226,Eth,0.99,147.7996210179191,40658992,0.6867671691792294,296,132,180,29284,Thalamus
693,0.0122304708356622,<HDF5 object reference>,476,694,693,0.1557325456375221,Eth,0.96,147.9680875032348,40665476,0.6318257956448912,296,132,180,6484,Thalamus
694,0.0001549899461172,<HDF5 object reference>,476,695,694,0.0363216455743022,Eth,0.97,147.9714874995748,40696963,0.5768844221105527,296,132,180,31487,Thalamus
695,0.0516603162336066,<HDF5 object reference>,476,696,695,0.2062262524235733,Eth,0.99,148.03255410050446,40792002,0.7005025125628142,296,132,180,95039,Thalamus
696,0.0004275830996785,<HDF5 object reference>,477,697,696,0.0650505796494957,Eth,0.99,148.22732055750876,40810771,0.5494137353433837,296,132,180,18769,Thalamus
697,0.0010669303752966,<HDF5 object reference>,477,698,697,0.0072027257543612,Eth,0.99,148.24212054157687,40858442,0.5219430485762143,296,132,180,47671,Thalamus
698,0.0003328003206455,<HDF5 object reference>,478,699,698,0.003783020009623,Eth,0.99,148.32255378832537,40887859,0.5631490787269682,295,132,178,29417,Thalamus
699,0.0006531665503102,<HDF5 object reference>,478,700,699,0.016846276845951,Eth,0.99,148.35195375667686,40919030,0.535678391959799,295,132,178,31171,Thalamus
702,7.786123056557689e-05,<HDF5 object reference>,479,703,702,0.0,Eth,0.99,148.72905335073642,41059124,0.6318257956448912,295,132,178,27863,Thalamus
704,0.02124967367891,<HDF5 object reference>,479,705,704,0.0633997127007787,Eth,0.99,148.95145311132737,41117656,0.6043551088777219,295,132,178,35203,Thalamus
706,0.0002803056890721,<HDF5 object reference>,480,707,706,0.0528561745509281,Eth,0.99,149.0608529935605,41286137,0.5494137353433837,295,132,178,64418,Thalamus
708,0.0029133899453855,<HDF5 object reference>,482,709,708,0.1946287088972761,LP,0.99,149.22918614568644,41344147,0.6455611390284757,296,130,178,15884,Thalamus
711,0.008979869944802,<HDF5 object reference>,484,712,711,0.3024132723489131,LP,0.99,149.7710522290447,41472875,0.5631490787269682,296,130,178,83883,Thalamus
714,0.0037860713874113,<HDF5 object reference>,483,715,714,0.006850206621227,LP,0.99,150.09348521528514,41591879,0.535678391959799,296,130,178,37864,Thalamus
716,0.0051936122083544,<HDF5 object reference>,486,717,716,0.057354363182892,LP,0.99,150.5317514101667,41607752,0.6180904522613065,296,128,177,15110,Thalamus
717,0.0002316171325397,<HDF5 object reference>,486,718,717,0.0125824920491104,LP,0.99,150.57448469749846,41623882,0.4670016750418761,296,128,177,16130,Thalamus
719,0.0317834981809,<HDF5 object reference>,487,720,719,0.4574965534963324,LP,0.99,150.7883178006446,41681385,0.604355108877722,296,128,177,18725,Thalamus
722,8.81001659049804e-05,<HDF5 object reference>,488,723,722,0.0261056486305276,LP,0.99,151.21825067116347,41766012,0.5494137353433836,296,128,177,35412,Thalamus
724,0.0005058334079766,<HDF5 object reference>,489,725,724,0.0,LP,0.99,151.92614990912358,41792105,0.5631490787269682,296,128,177,24068,Thalamus
725,0.0026578076461256,<HDF5 object reference>,489,726,725,0.0032521653184791,LP,0.99,152.09844972364616,41836974,0.6592964824120604,296,128,177,44869,Thalamus
726,0.0008527190875554,<HDF5 object reference>,489,727,726,0.0064077156231972,LP,0.99,152.14204967671165,41859577,0.6180904522613065,296,128,177,22603,Thalamus
729,0.0001928712140259,<HDF5 object reference>,491,730,729,0.0,LP,0.99,152.58558253259042,41940549,0.6318257956448912,298,126,178,43418,Thalamus
730,0.0004396498934791,<HDF5 object reference>,492,731,730,0.0,LP,0.99,152.69061575285752,41981792,0.5082077051926298,298,126,178,41243,Thalamus
731,0.0019612776766578,<HDF5 object reference>,492,732,731,0.0704798026467051,LP,0.99,152.76788233634818,42098252,0.6180904522613065,298,126,178,116460,Thalamus
732,0.0014823183701779,<HDF5 object reference>,493,733,732,0.0203208118744411,LP,0.99,152.81218228866015,42123637,0.6455611390284757,297,126,176,25385,Thalamus
733,0.0012612070890246,<HDF5 object reference>,494,734,733,0.0125156735364115,LP,0.99,152.82878227079058,42139810,0.5906197654941373,297,126,176,16173,Thalamus
737,0.0004082165002604,<HDF5 object reference>,495,738,737,0.0016347969779195,LP,0.99,153.62058141843406,42307463,0.6180904522613064,297,126,176,63285,Thalamus
738,0.0106569235401611,<HDF5 object reference>,496,739,738,0.1678475793957643,LP,0.99,153.71874797942633,42336084,0.6180904522613065,298,124,176,28621,Thalamus
739,0.0054298806376264,<HDF5 object reference>,496,740,739,0.0397503837024306,LP,0.99,153.7621479327071,42374586,0.5494137353433837,298,124,176,38502,Thalamus
740,0.0007526017132725,<HDF5 object reference>,496,741,740,0.0253278925200373,LP,0.99,153.84711450790888,42413969,0.6043551088777219,298,124,176,39383,Thalamus
741,7.680487014850256e-05,<HDF5 object reference>,497,742,741,0.0080332256562331,LP,0.99,153.9351144131787,42489502,0.5631490787269682,298,124,176,75533,Thalamus
742,0.0012812698249304,<HDF5 object reference>,498,743,742,0.0,LP,0.99,153.940314407581,42519202,0.5768844221105527,298,124,176,29700,Thalamus
745,0.037220904789618,<HDF5 object reference>,500,746,745,0.2429570065495297,LP,0.99,154.09991423577486,42660937,0.5631490787269682,298,124,176,90064,Thalamus
746,0.0052669356721437,<HDF5 object reference>,500,747,746,0.0481937312076255,LP,0.99,154.15114751395654,42738252,0.5768844221105527,298,124,176,77315,Thalamus
749,0.0001118565646392,<HDF5 object reference>,503,750,749,0.0,LP,0.99,154.4257138850578,42805764,0.5768844221105527,298,122,175,36351,Thalamus
751,0.0001260249734159,<HDF5 object reference>,505,752,751,0.0,LP,0.99,154.61148035175046,42866955,0.5768844221105527,299,122,175,60335,Thalamus
753,0.0004819722669989,<HDF5 object reference>,506,754,753,0.0049556606668882,LP,0.99,155.04091322280757,42947620,0.5494137353433837,299,122,175,51404,Thalamus
754,0.0199237466627726,<HDF5 object reference>,506,755,754,0.2424400394143754,LP,0.99,155.06107986776524,42969972,0.7005025125628142,299,122,175,22352,Thalamus
755,0.0150446964418494,<HDF5 object reference>,506,756,755,0.2153406676318004,LP,0.99,155.11321314497812,43068533,0.6180904522613065,299,122,175,98561,Thalamus
758,0.0179265186652158,<HDF5 object reference>,507,759,758,0.2719376177411135,LP,0.99,155.60327928409802,43196880,0.7142378559463987,300,121,175,29029,Thalamus
761,5.882054747636362e-05,<HDF5 object reference>,508,762,761,0.0,LP,0.99,155.83091237238872,43300361,0.5768844221105527,300,121,175,45510,Thalamus
762,0.00245150405638,<HDF5 object reference>,508,763,762,0.362935147994096,LP,0.99,156.19824531029522,43350707,0.5906197654941373,300,121,175,50346,Thalamus
763,0.0478476112158753,<HDF5 object reference>,508,764,763,0.0704825308327682,LP,0.99,156.23667860225586,43414639,0.6455611390284758,300,121,175,63932,Thalamus
764,0.0233697200767208,<HDF5 object reference>,508,765,764,0.0910282913557501,LP,0.99,156.37634511857422,43456187,0.6455611390284756,300,121,175,41548,Thalamus
765,4.412018310961075e-06,<HDF5 object reference>,511,766,765,0.0009515686592468,LP,0.99,156.4437450460195,43514841,0.5906197654941374,300,120,174,58654,Thalamus
766,0.0001312022452059,<HDF5 object reference>,511,767,766,0.0018809292534403,LP,0.99,156.53321161637712,43608127,0.5906197654941373,300,120,174,93286,Thalamus
767,0.0274518050690175,<HDF5 object reference>,511,768,767,0.0695456256840841,LP,0.99,156.60844486872332,43643111,0.6730318257956448,300,120,174,34984,Thalamus
768,0.0493568475217591,<HDF5 object reference>,512,769,768,0.232577286423886,LP,0.99,156.64561149538082,43780857,0.5631490787269682,300,118,173,137746,Thalamus
769,0.0032417996065762,<HDF5 object reference>,515,770,769,0.0215339319044141,LP,0.99,156.6633448096246,43842506,0.5768844221105526,301,117,173,61649,Thalamus
770,0.0014377124483344,<HDF5 object reference>,513,771,770,0.0404067458491378,LP,0.99,156.66544480736397,43860508,0.6180904522613065,300,118,173,18002,Thalamus
773,0.0071933858286755,<HDF5 object reference>,515,774,773,0.1033274231766395,LP,0.99,156.90581121528083,43930510,0.6867671691792293,301,117,173,27575,Thalamus
774,2.8621267702220145e-05,<HDF5 object reference>,516,775,774,0.0,LP,0.99,156.9285445241422,44056711,0.604355108877722,301,117,172,126201,Thalamus
775,0.0057751813205494,<HDF5 object reference>,517,776,775,0.0955685878356343,LP,0.99,157.02801108373504,44123954,0.6455611390284756,302,116,172,67243,Thalamus
778,0.0281886883561042,<HDF5 object reference>,520,779,778,0.157867007796002,LP,0.99,157.2589775017708,44262783,0.5768844221105527,302,116,172,62272,Thalamus
781,0.0208100945377993,<HDF5 object reference>,523,782,781,0.0040021848341425,LP,0.99,157.50557723631096,44816874,0.5219430485762143,302,114,172,447664,Thalamus
784,0.0652608585845351,<HDF5 object reference>,524,785,784,0.1525214192512474,LP,0.99,157.68771037358147,44940562,0.5906197654941373,303,114,171,65355,Thalamus
787,0.0052664453369083,<HDF5 object reference>,526,788,787,0.166488308651108,LP,0.99,157.95867674855805,45064412,0.6318257956448912,303,114,171,17174,Thalamus
788,0.0153470556383664,<HDF5 object reference>,527,789,788,0.2412715830060582,LP,0.99,158.00131003599748,45132333,0.5356783919597988,303,114,171,67921,Thalamus
790,0.0178173865148623,<HDF5 object reference>,526,791,790,0.0261575782998421,LP,0.99,158.16157653014034,45208307,0.5768844221105526,303,114,171,15821,Thalamus
806,0.002121081901427,<HDF5 object reference>,580,807,806,0.0351253629666424,DG-po,0.98,160.59817390719024,45601847,0.5768844221105527,310,93,166,21587,Other
808,4.936304069019457e-05,<HDF5 object reference>,580,809,808,0.0,DG-po,0.99,160.78754037000755,45719989,0.6455611390284757,310,93,166,43730,Other
810,0.019625177308986,<HDF5 object reference>,580,811,810,0.217201102006169,DG-po,0.99,160.83514031876712,45756339,0.4532663316582913,310,93,166,15036,Other
813,0.0030347509196161,<HDF5 object reference>,582,814,813,0.0,DG-po,0.99,160.93090688234292,45779125,0.5494137353433836,310,93,166,15274,Other
814,0.0006475584303213,<HDF5 object reference>,583,815,814,0.0,DG-sg,0.98,160.98634015600342,45789814,0.6318257956448912,310,92,164,10689,Other
816,0.0011185305345927,<HDF5 object reference>,584,817,816,0.0510803968167748,DG-sg,0.99,161.19793992822034,45808361,0.7005025125628142,310,92,164,13866,Other
817,4.3610131784814246e-05,<HDF5 object reference>,585,818,817,0.1859389230082868,DG-sg,0.99,161.2161399086284,45814295,0.604355108877722,310,92,164,5934,Other
818,0.0331669505649212,<HDF5 object reference>,587,819,818,0.4666093746731584,DG-sg,0.99,161.23533988796,45824890,0.6180904522613065,310,90,164,10595,Other
820,0.0042015681965021,<HDF5 object reference>,588,821,820,0.0,DG-sg,0.99,161.3607730862669,45888071,0.6318257956448909,310,90,164,5987,Other
821,0.0500677496991748,<HDF5 object reference>,588,822,821,0.0,DG-sg,0.96,161.47777296031882,45890052,0.6180904522613065,310,90,164,1981,Other
823,0.0005309944291667,<HDF5 object reference>,592,824,823,0.0379125502781119,DG-sg,0.99,161.6660727576177,45995708,0.4395309882747068,310,90,164,71376,Other
824,0.0761109219832093,<HDF5 object reference>,590,825,824,0.0007284900137734,DG-sg,0.86,161.70630604764068,46255336,0.5906197654941373,310,90,164,259628,Other
826,0.0006455928985652,<HDF5 object reference>,592,827,826,0.0,DG-sg,0.8,161.86717254113765,46266952,0.5768844221105527,310,90,164,10095,Other
827,0.0094434283331236,<HDF5 object reference>,592,828,827,0.1688741018506295,DG-sg,0.99,162.04750568034584,46282204,0.6043551088777218,310,90,164,15252,Other
830,0.0238920313617888,<HDF5 object reference>,593,831,830,0.0596701777841264,DG-mo,0.99,162.32377204961708,46359188,0.6455611390284757,310,88,164,20950,Other
831,0.007552510142717,<HDF5 object reference>,593,832,831,0.0356878655382823,DG-mo,0.99,162.35573868187228,46445917,0.4257956448911223,310,88,164,86729,Other
832,0.0157765334518535,<HDF5 object reference>,594,833,832,0.0680777344406965,DG-mo,0.99,162.39857196909642,46459786,0.4670016750418761,310,88,164,13869,Other
838,6.777960241254062e-05,<HDF5 object reference>,600,839,838,0.224576108127515,DG-mo,0.98,163.33937095634445,46746169,0.7005025125628139,311,86,162,3818,Other
844,0.019987690537897,<HDF5 object reference>,603,845,844,0.068524260912194,DG-mo,0.99,164.0175035596811,46970758,0.4532663316582913,311,85,162,87429,Other
854,0.0008116861302633,<HDF5 object reference>,648,855,854,0.3666001099882324,CA1,0.95,165.0303024694226,47264669,0.6318257956448912,317,67,152,18421,Other
856,0.0018898444210632,<HDF5 object reference>,656,857,856,0.1478646277338375,CA1,0.99,165.40350206768042,47325187,0.7005025125628139,318,64,150,58391,Other
859,0.0008490291463213,<HDF5 object reference>,655,860,859,0.0842694250555731,CA1,0.99,166.69623400941273,47441616,0.7417085427135678,318,64,150,52887,Other
860,0.0785456080406953,<HDF5 object reference>,655,861,860,0.1552452382067816,CA1,0.99,166.7317339711977,47477775,0.7005025125628142,318,64,150,36159,Other
861,0.0002548969990394,<HDF5 object reference>,656,862,861,0.1515008205663719,CA1,0.99,166.8635338293177,47536390,0.7829145728643216,318,64,150,58615,Other
862,0.0096014624841853,<HDF5 object reference>,656,863,862,0.3952066447418769,CA1,0.99,166.883600474383,47605644,0.7279731993299832,318,64,150,69254,Other
863,0.0192577664798499,<HDF5 object reference>,656,864,863,0.4861714291362666,CA1,0.99,167.0786002644695,47659328,0.8103852596314908,318,64,150,53684,Other
864,0.0060845086273238,<HDF5 object reference>,656,865,864,0.0650608692959482,CA1,0.99,167.10206690587478,47722376,0.7554438860971523,318,64,150,63048,Other
867,0.063147097677004,<HDF5 object reference>,659,868,867,0.0,CA1,0.73,167.43189988414926,47771427,0.7966499162479062,318,62,150,202,Other
868,0.0008013293471579,<HDF5 object reference>,660,869,868,0.0389934466647962,CA1,0.99,167.50189980879568,47798915,0.8241206030150753,318,62,150,27488,Other
869,0.0803364149589617,<HDF5 object reference>,659,870,869,0.3094224954126567,CA1,0.99,167.51899979038788,47843635,0.7279731993299833,318,62,150,44720,Other
871,0.0138426219531206,<HDF5 object reference>,659,872,871,0.4618401149338701,CA1,0.99,167.64683298611126,47930371,0.7691792294807369,318,62,150,39129,Other
872,0.0068380367787831,<HDF5 object reference>,659,873,872,0.0843449929176174,CA1,0.98,167.67499962245708,47949061,0.8653266331658291,318,62,150,18690,Other
876,0.0517713219956478,<HDF5 object reference>,661,877,876,0.0,CA1,0.95,167.89683271699136,48040002,0.865326633165829,319,62,150,1510,Other
881,0.0004765652191446,<HDF5 object reference>,660,882,881,0.0097947165564173,CA1,0.88,168.31513226669995,48375233,0.9202680067001676,318,62,150,87677,Other
886,0.0013581365874975,<HDF5 object reference>,663,887,886,0.2455093327853366,CA1,0.79,168.68219853822686,48509535,0.9065326633165828,319,61,149,22510,Other
890,0.0083719643816346,<HDF5 object reference>,660,891,890,0.4096224798308636,CA1,0.97,169.46736435967765,48559971,0.6867671691792293,318,62,150,2827,Other
892,0.0063789126657759,<HDF5 object reference>,666,893,892,0.0,CA1,0.78,169.7542307175382,48587271,0.7279731993299832,319,59,148,1733,Other
897,0.0162993050524659,<HDF5 object reference>,671,898,897,0.2696054806339598,fp,0.95,170.9094961405839,48730904,0.4670016750418761,320,58,147,17071,Other
902,0.0423255439954495,<HDF5 object reference>,687,903,902,0.1505838465717012,scwm,0.95,171.60369539329182,48861821,0.8515912897822446,322,52,146,11421,Other
904,0.0355820882774449,<HDF5 object reference>,688,905,904,0.0272987645980101,scwm,0.99,172.02859493589563,48955309,1.0164154103852598,322,52,146,74272,Other
906,0.0025025360442464,<HDF5 object reference>,689,907,906,0.3295072051042772,VISp6a,0.8,172.12786149570377,49002677,0.8378559463986599,322,50,146,12996,Other
908,0.003891292002142,<HDF5 object reference>,689,909,908,0.0,VISp6a,0.78,172.99022723405034,49053246,0.8515912897822445,322,50,146,3796,Other
909,0.0049998352580851,<HDF5 object reference>,692,910,909,0.2907404396851691,VISp6a,0.92,173.10269377964894,49059058,0.6180904522613065,322,50,146,5812,Other
915,0.0044797464672834,<HDF5 object reference>,696,916,915,0.2820272886966339,VISp6a,0.81,175.15679156845226,49136046,0.6592964824120603,322,48,146,3407,Other
918,0.0166848846890538,<HDF5 object reference>,702,919,918,0.1963290037943438,VISp6a,0.99,175.38665798767215,49211006,0.6730318257956449,323,45,146,19153,Other
919,0.0089007490487608,<HDF5 object reference>,703,920,919,0.0,VISp6a,0.53,175.41545795666954,49214328,0.5356783919597988,323,45,146,3322,Other
924,0.0758281504056196,<HDF5 object reference>,707,925,924,0.3428142772811832,VISp5,0.99,175.9729573565322,49673265,0.535678391959799,324,44,145,29153,Other
925,0.0004154856882742,<HDF5 object reference>,711,926,925,0.2632476306896434,VISp5,0.99,176.02765729764874,49847029,0.5219430485762144,325,42,145,173764,Other
926,0.0056177119148716,<HDF5 object reference>,708,927,926,0.1893169737825461,VISp5,0.99,176.07262391590973,50002843,0.5219430485762144,324,44,145,155814,Other
927,0.0040990124741073,<HDF5 object reference>,708,928,927,0.0221667572070936,VISp5,0.99,176.29619034191143,50118132,0.5631490787269682,324,44,145,115289,Other
928,0.0009814628636354,<HDF5 object reference>,708,929,928,0.2853133530934026,VISp5,0.99,176.37499025708485,50132897,0.5768844221105526,324,44,145,14765,Other
929,0.026899882698175,<HDF5 object reference>,708,930,929,0.0,VISp5,0.99,176.5005234552841,50134647,0.6455611390284758,324,44,145,1750,Other
930,0.0005166121797875,<HDF5 object reference>,708,931,930,0.000913306469689,VISp5,0.85,176.70952323029988,50219316,0.5631490787269681,324,44,145,84669,Other
931,0.0010674405526365,<HDF5 object reference>,709,932,931,0.0,VISp5,0.79,176.88732303890183,50260573,0.6730318257956448,324,42,145,41257,Other
933,0.0003256275132977,<HDF5 object reference>,710,934,933,0.0051129420431444,VISp5,0.99,177.2710226258566,50395481,0.5494137353433837,325,42,145,80017,Other
935,0.0003859165585672,<HDF5 object reference>,711,936,935,0.0450195246970556,VISp5,0.99,177.55248898953016,50474892,0.5082077051926298,325,42,145,77219,Other
938,0.0007330305416034,<HDF5 object reference>,712,939,938,0.0199328077830659,VISp5,0.94,178.01428849241188,50643037,0.604355108877722,325,42,145,42504,Other
939,0.0035800105744269,<HDF5 object reference>,714,940,939,0.0142817795256798,VISp5,0.99,178.26112156003418,50715646,0.5494137353433837,324,41,144,72609,Other
940,0.0192902758104829,<HDF5 object reference>,715,941,940,0.3847316741903404,VISp5,0.99,178.35605479117373,50760825,0.5631490787269681,324,41,144,45179,Other
941,0.0006558739622235,<HDF5 object reference>,715,942,941,0.0267527290552916,VISp5,0.99,178.66482112545938,50794012,0.5219430485762143,324,41,144,33187,Other
943,0.0569681160588542,<HDF5 object reference>,715,944,943,0.2979898612813541,VISp5,0.99,178.78548766223085,50888315,0.6043551088777218,324,41,144,81996,Other
944,0.0234231850317538,<HDF5 object reference>,716,945,944,0.3543725412868616,VISp5,0.99,178.99465410373386,50938626,0.6592964824120603,324,40,144,50311,Other
947,0.0004230293755156,<HDF5 object reference>,719,948,947,0.0,VISp5,0.79,179.96911972140708,51098179,0.5219430485762144,325,38,144,66009,Other
951,0.0095511520688228,<HDF5 object reference>,720,952,951,0.2520536708975525,VISp5,0.99,180.8674187544055,51208389,0.6867671691792295,325,38,144,25988,Other
957,0.0934080845325906,<HDF5 object reference>,723,958,957,0.4322828560632408,VISp5,0.99,182.00465086353037,51535099,0.6592964824120603,324,37,143,31617,Other
967,3.9569192968056376e-05,<HDF5 object reference>,730,968,967,0.0765384922615051,VISp4,0.98,182.6815168015639,51777169,0.6730318257956448,324,34,142,6540,Other
974,0.0026389897743959,<HDF5 object reference>,733,975,974,0.0,VISp4,0.79,183.85411553928395,51887416,0.7142378559463987,324,33,142,4624,Other
979,0.0005778087893431,<HDF5 object reference>,736,980,979,0.0,VISp4,0.67,184.29438173201257,51913532,0.7142378559463985,324,32,142,457,Other
980,0.0390096415647862,<HDF5 object reference>,737,981,980,0.0,VISp4,0.91,184.63381469995284,51914426,0.7005025125628139,324,32,142,894,Other
981,0.0005238512591317,<HDF5 object reference>,738,982,981,0.0,VISp2/3,0.86,184.65928133920517,51914920,0.6180904522613065,324,31,142,494,Other
982,0.0030707873116531,<HDF5 object reference>,739,983,982,0.0,VISp2/3,0.95,184.69571463331877,51919777,0.6180904522613065,324,31,142,4857,Other
987,0.016079310651497,<HDF5 object reference>,742,988,987,0.0,VISp2/3,0.75,185.38458055843455,51962576,0.7279731993299833,325,29,141,1381,Other
988,0.0002681684165917,<HDF5 object reference>,743,989,988,0.0,VISp2/3,0.92,185.5246470743223,51963541,0.6867671691792294,324,30,141,965,Other
989,0.0651247741866716,<HDF5 object reference>,743,990,989,0.0,VISp2/3,0.67,185.56821369409033,51964009,0.7005025125628142,324,30,141,468,Other
993,0.0105774576059053,<HDF5 object reference>,745,994,993,0.0,VISp2/3,0.88,185.9044133321779,52008617,0.6180904522613065,324,28,141,765,Other
1004,0.0696997270066192,<HDF5 object reference>,424,1005,1004,0.0232871082391153,PO,0.99,186.8596456372221,52243150,0.4532663316582913,290,152,184,60457,Thalamus
1009,0.0478373310289215,<HDF5 object reference>,432,1010,1009,0.0800268310975114,PO,0.99,187.63151147299004,52369556,0.5494137353433837,290,148,182,41450,Thalamus
1011,0.0878457133981361,<HDF5 object reference>,436,1012,1011,0.2229672447735561,Eth,0.99,187.85481123261218,52403016,0.5082077051926298,291,146,183,30654,Thalamus
1012,0.0733698189268566,<HDF5 object reference>,437,1013,1012,0.0218320743897511,Eth,0.99,187.94157780587628,52472286,0.4532663316582914,291,146,183,69270,Thalamus
1013,0.0643430752317036,<HDF5 object reference>,437,1014,1013,0.1346845390458598,Eth,0.99,187.9865110908398,52516106,0.5631490787269682,291,146,183,43820,Thalamus
1014,0.021842358676349,<HDF5 object reference>,439,1015,1014,0.0086601687931189,PO,0.99,188.02071105402422,52571098,0.5219430485762143,291,146,182,54992,Thalamus
1015,0.0331190796983718,<HDF5 object reference>,440,1016,1015,0.0,PO,0.55,188.09341097576413,52571659,0.4944723618090452,291,146,182,561,Thalamus
1019,0.0756790789528691,<HDF5 object reference>,444,1020,1019,0.1716919219644755,Eth,0.99,188.62787706708835,52616843,0.5356783919597988,292,144,182,9764,Thalamus
1020,0.0067684227137145,<HDF5 object reference>,444,1021,1020,0.4322535217004168,Eth,0.99,188.6619770303804,52619595,0.4944723618090452,292,144,182,2752,Thalamus
1021,0.0591254488049561,<HDF5 object reference>,447,1022,1021,0.081430740786502,Eth,0.99,188.75304359901565,52670319,0.5494137353433837,293,142,182,50724,Thalamus
1022,0.0181382630280591,<HDF5 object reference>,452,1023,1022,0.2923167763990412,Eth,0.99,189.27247637318962,52677012,0.5494137353433837,293,141,182,6693,Thalamus
1023,0.0029857660643766,<HDF5 object reference>,455,1024,1023,0.1076931417380222,Eth,0.99,189.3173763248557,52715998,0.5219430485762143,294,140,181,38986,Thalamus
1026,0.001418087223695,<HDF5 object reference>,475,1027,1026,0.0714008410874065,Eth,0.99,189.43757619546284,52785989,0.4807370184254607,296,132,180,16586,Thalamus
1027,0.0003797855262812,<HDF5 object reference>,476,1028,1027,0.0304382814837629,Eth,0.99,189.49677613173526,52818784,0.4944723618090452,296,132,180,32795,Thalamus
1029,0.0519123163188977,<HDF5 object reference>,485,1030,1029,0.0529811478037111,LP,0.99,190.03664221724648,52849397,0.5631490787269681,296,130,178,27230,Thalamus
1030,0.0354699417495882,<HDF5 object reference>,488,1031,1030,0.3591710438773899,LP,0.99,190.08260883443097,52897607,0.6180904522613065,296,128,177,48210,Thalamus
1031,0.005484949797825,<HDF5 object reference>,488,1032,1031,0.0751369445185652,LP,0.99,190.45894176264918,52943812,0.604355108877722,296,128,177,46205,Thalamus
1033,0.0595700474920262,<HDF5 object reference>,496,1034,1033,0.0,LP,0.99,191.44530736751227,52948166,0.6180904522613065,298,124,176,3702,Thalamus
1035,0.0019949554670874,<HDF5 object reference>,504,1036,1035,0.067304878959463,LP,0.99,191.60937385756452,53010407,0.6318257956448912,298,122,175,18452,Thalamus
1036,0.0145355075958015,<HDF5 object reference>,504,1037,1036,0.0640255804561574,LP,0.99,191.64414048680558,53037162,0.6043551088777219,298,122,175,26755,Thalamus
1037,0.0559321855983047,<HDF5 object reference>,504,1038,1037,0.0923706346615253,LP,0.99,191.68587377521385,53065085,0.6455611390284757,298,122,175,27923,Thalamus
1038,0.0338994368156844,<HDF5 object reference>,508,1039,1038,0.1389522315771413,LP,0.99,192.06237336991927,53114822,0.604355108877722,300,121,175,49737,Thalamus
1039,0.0582079607975488,<HDF5 object reference>,511,1040,1039,0.0489606758229491,LP,0.99,192.1190733088829,53122999,0.7005025125628142,300,120,174,8177,Thalamus
1040,0.0013492020908431,<HDF5 object reference>,514,1041,1040,0.0109025544150809,LP,0.99,192.31830642774563,53263774,0.5219430485762143,300,118,173,140775,Thalamus
1041,0.0116751051324878,<HDF5 object reference>,515,1042,1041,0.1427456162265116,LP,0.99,192.5412061877983,53317101,0.6180904522613065,301,117,173,53327,Thalamus
1042,0.0128311859112439,<HDF5 object reference>,528,1043,1042,0.0,LP,0.99,192.85120585408964,53321041,0.5631490787269682,303,113,171,3940,Thalamus
1045,0.0128688137409776,<HDF5 object reference>,574,1046,1045,0.0,DG-sg,0.9,193.15460552748576,53324021,0.6592964824120603,310,96,166,808,Other
1046,0.0254012458670925,<HDF5 object reference>,578,1047,1046,0.0,DG-sg,0.78,194.22700437306906,53324432,0.6318257956448912,310,94,166,411,Other
1047,0.041721962413515,<HDF5 object reference>,580,1048,1047,0.0256649151395424,DG-po,0.99,194.46073745479325,53335726,0.6730318257956449,310,93,166,11294,Other
1049,0.0512910881875017,<HDF5 object reference>,659,1050,1049,0.0,CA1,0.65,194.98663688867265,53356877,0.7829145728643216,318,62,150,231,Other
1051,0.0118468043132871,<HDF5 object reference>,660,1052,1051,0.0,CA1,0.82,195.35306960336075,53359423,0.8378559463986601,318,62,150,1837,Other
1055,0.0494017929541563,<HDF5 object reference>,688,1056,1055,0.1816686589287303,scwm,0.98,195.84826837729491,53377833,0.604355108877722,322,52,146,4245,Other
1056,0.0016930842446286,<HDF5 object reference>,692,1057,1056,0.0798877802968681,VISp6a,0.98,196.3346005065154,53386886,0.4807370184254607,322,50,146,9053,Other
1057,0.0437867441801323,<HDF5 object reference>,690,1058,1057,0.1936195335286292,VISp6a,0.99,197.04046542552652,53405275,0.6455611390284756,322,50,146,18389,Other
1058,0.0005186022485192,<HDF5 object reference>,696,1059,1058,0.0,VISp6a,0.34,197.45723106032045,53405774,0.5906197654941373,322,48,146,499,Other
1060,0.0096725481480529,<HDF5 object reference>,708,1061,1060,0.0641457143413494,VISp5,0.99,197.82136349209597,53469973,0.5768844221105527,324,44,145,63093,Other
1063,2.435141827525065e-05,<HDF5 object reference>,724,1064,1063,0.4058280618309151,VISp5,0.96,198.07026287584435,53497708,0.5631490787269682,324,36,143,10627,Other
1066,0.0739669031302378,<HDF5 object reference>,734,1067,1066,0.0,VISp4,0.68,198.90296081416216,53499838,0.6455611390284756,325,32,142,335,Other
1068,0.0294675801170401,<HDF5 object reference>,735,1069,1068,0.0,VISp4,0.99,199.27449322761598,53505444,0.6318257956448912,325,32,142,2864,Other
1071,0.0003962978897566,<HDF5 object reference>,736,1072,1071,0.0,VISp4,0.79,199.92012496242552,53519095,0.6180904522613064,324,32,142,653,Other
1072,0.0024068635701828,<HDF5 object reference>,738,1073,1072,0.4578387988956221,VISp2/3,0.99,200.0202580478387,53521769,0.7279731993299832,324,31,142,2674,Other
1073,0.0002248327732502,<HDF5 object reference>,740,1074,1073,0.0,VISp2/3,0.9,200.05652462471272,53522920,0.7005025125628142,324,31,142,1151,Other
1074,0.0331218777748214,<HDF5 object reference>,741,1075,1074,0.0,VISp2/3,0.86,200.14692440089132,53523989,0.7005025125628139,324,30,142,1069,Other
1076,0.0243896183079601,<HDF5 object reference>,743,1077,1076,0.0,VISp2/3,0.78,200.28142406788274,53524968,0.6867671691792295,324,30,141,834,Other
1077,0.0001323019028686,<HDF5 object reference>,743,1078,1077,0.0,VISp2/3,0.97,200.54089009213578,53526924,0.6867671691792293,324,30,141,1956,Other
1078,0.0001332556755978,<HDF5 object reference>,743,1079,1078,0.0,VISp2/3,0.95,200.6425565070859,53528866,0.6730318257956448,324,30,141,1942,Other
1080,0.0005238512591317,<HDF5 object reference>,744,1081,1080,0.0,VISp2/3,0.65,201.963986568682,53529583,0.6455611390284757,324,28,141,494,Other
1081,0.0240972076550548,<HDF5 object reference>,744,1082,1081,0.0,VISp2/3,0.69,202.1595527511451,53529832,0.6592964824120602,324,28,141,249,Other
1082,0.0638105546065515,<HDF5 object reference>,745,1083,1082,0.0,VISp2/3,0.75,202.29795240848048,53530469,0.7279731993299832,324,28,141,637,Other
1087,0.0002390809924136,<HDF5 object reference>,432,1088,1087,0.0103125540889705,PO,0.99,202.92898417943817,53561598,0.5906197654941373,290,148,182,17817,Thalamus
1089,0.0165096317588784,<HDF5 object reference>,452,1090,1089,0.0763890382429917,Eth,0.99,203.61004915985166,53571563,0.5356783919597988,293,141,182,9258,Thalamus
1091,0.0002739643108006,<HDF5 object reference>,496,1092,1091,0.0721134575050365,LP,0.99,205.5347777277371,53653674,0.5082077051926298,298,124,176,57171,Thalamus
1092,0.0582791798099223,<HDF5 object reference>,526,1093,1092,0.0,LP,0.98,206.14610954747002,53656009,0.6318257956448909,303,114,171,2335,Thalamus
1093,0.0259430940782418,<HDF5 object reference>,576,1094,1093,0.0,DG-sg,0.5,206.24687596464844,53656252,0.769179229480737,310,94,166,243,Other
1094,0.046764890255593,<HDF5 object reference>,657,1095,1094,0.0,CA1,0.99,206.38117563213504,53657575,0.6867671691792293,318,64,150,1323,Other
1095,0.0004688089166867,<HDF5 object reference>,659,1096,1095,0.0,CA1,0.59,206.7591080297431,53658127,0.8378559463986598,318,62,150,552,Other
1097,0.0007248810140366,<HDF5 object reference>,697,1098,1097,0.0,VISp6a,0.21,207.22247354916007,53658610,0.8515912897822446,322,48,146,357,Other
1100,0.0053331468568854,<HDF5 object reference>,715,1101,1100,0.0352644285075577,VISp5,0.99,209.72760068003294,53724884,0.5356783919597988,324,41,144,63911,Other
1101,0.0515099069951028,<HDF5 object reference>,738,1102,1101,0.0,VISp2/3,0.82,209.750133957576,53725365,0.7279731993299832,324,31,142,481,Other
1102,0.0008512582960891,<HDF5 object reference>,740,1103,1102,0.0,VISp2/3,0.61,209.80976714326312,53725669,0.6867671691792293,324,31,142,304,Other
1104,0.0021386985290172,<HDF5 object reference>,744,1105,1104,0.0,VISp2/3,0.37,210.11543305312958,53730407,0.7142378559463985,324,28,141,121,Other
1105,0.0003267456085998,<HDF5 object reference>,751,1106,1105,0.0,VISp2/3,0.71,211.76356230584904,53731199,0.7005025125628142,324,26,140,792,Other
1106,0.0002684465995965,<HDF5 object reference>,748,1107,1106,0.0,VISp2/3,0.74,211.88199534595324,53732163,0.6730318257956448,324,26,140,964,Other
1110,0.0003259225718023,<HDF5 object reference>,740,1111,1110,0.0,VISp2/3,0.91,213.71342414484016,53737514,0.6730318257956448,324,31,142,794,Other
1111,0.0003666786684016,<HDF5 object reference>,444,1112,1111,0.0074171388768194,Eth,0.99,214.00782341593512,53813262,0.4807370184254607,292,144,182,75748,Thalamus
1114,0.0012996875650771,<HDF5 object reference>,591,1115,1114,0.0182461198018929,DG-sg,0.99,214.3409892577143,53866148,0.4395309882747068,310,90,164,35439,Other
1121,0.0061125829894088,<HDF5 object reference>,798,1122,1121,0.0351060217428442,VAL,0.99,219.02757765415978,53993756,0.5082077051926298,249,180,168,111366,Thalamus
1124,0.0196912308998757,<HDF5 object reference>,798,1125,1124,0.0432719285715456,VAL,0.99,219.2345104751468,54186115,0.5082077051926298,249,180,168,108288,Thalamus
1128,0.0946970954411384,<HDF5 object reference>,799,1129,1128,0.0342587937739511,VAL,0.99,219.69017601362822,54298461,0.4670016750418761,249,180,168,58652,Thalamus
1130,0.0753150910786275,<HDF5 object reference>,799,1131,1130,0.0527951420715925,VAL,0.97,219.9928419309224,54438258,0.4807370184254607,249,180,168,96121,Thalamus
1131,0.0689218188328543,<HDF5 object reference>,800,1132,1131,0.0803078522389951,VAL,0.99,220.05357511388604,54491676,0.5219430485762143,248,180,167,53418,Thalamus
1133,0.0105758589967102,<HDF5 object reference>,801,1134,1133,0.0833491243916887,VAL,0.99,220.0834417066058,54639841,0.4807370184254607,248,180,167,120713,Thalamus
1139,0.0480005237553243,<HDF5 object reference>,806,1140,1139,0.1029632814779405,VAL,0.99,225.44919508816895,55184269,0.4257956448911223,250,177,166,33832,Thalamus
1142,0.0009784913462223,<HDF5 object reference>,806,1143,1142,0.0198238108530091,VAL,0.99,225.92532724264362,55774902,0.6592964824120603,250,177,166,207210,Thalamus
1143,0.0001429566999337,<HDF5 object reference>,807,1144,1143,0.0059610376002556,VAL,0.99,226.04426028150988,55836904,0.4944723618090452,250,176,166,62002,Thalamus
1144,0.0056582999241411,<HDF5 object reference>,807,1145,1144,0.007273766618444,VAL,0.99,226.14452669992625,56035916,0.4532663316582916,250,176,166,199012,Thalamus
1147,0.0005788757927239,<HDF5 object reference>,810,1148,1147,0.0,VPL,0.99,226.33192661048514,56237155,0.4670016750418761,249,174,164,93073,Thalamus
1149,0.0003501461073129,<HDF5 object reference>,810,1150,1149,0.0127786173104113,VPL,0.99,226.71782648586097,56418655,0.5906197654941373,249,174,164,152685,Thalamus
1150,0.0001213141485708,<HDF5 object reference>,811,1151,1150,0.0,VPL,0.99,228.51445923898194,56536262,0.4670016750418761,249,174,164,117607,Thalamus
1155,0.002390976719521,<HDF5 object reference>,812,1156,1155,0.0116377673792409,VPL,0.99,231.12399172958158,57274727,0.5356783919597988,249,174,164,237783,Thalamus
1156,8.844059717215157e-05,<HDF5 object reference>,810,1157,1156,0.0001028366907902,VPL,0.99,231.19349170713696,57527051,0.4120603015075376,249,174,164,252324,Thalamus
1159,0.0014656084939512,<HDF5 object reference>,815,1160,1159,0.0968170673896143,VPL,0.99,231.4298249641478,57758406,0.4807370184254607,250,173,164,65272,Thalamus
1160,0.0001637184697591,<HDF5 object reference>,816,1161,1160,0.0136682556685509,VPL,0.99,231.6377248970077,58012708,0.4257956448911223,250,172,163,254302,Thalamus
1164,0.0001221255119567,<HDF5 object reference>,822,1165,1164,0.0,VPL,0.99,234.3062907018762,58349685,0.4395309882747069,250,170,162,202243,Thalamus
1165,0.0010594279617556,<HDF5 object reference>,822,1166,1165,0.0226206278106338,VPL,0.99,234.4137906671597,58575708,0.4944723618090453,250,170,162,226023,Thalamus
1167,8.958442338862031e-05,<HDF5 object reference>,819,1168,1167,0.0021326950593612,VPL,0.99,234.87475718495983,58700439,0.4807370184254607,250,170,162,67860,Thalamus
1168,8.636714066580489e-05,<HDF5 object reference>,823,1169,1168,0.0,VPL,0.99,234.95469049247916,58799633,0.4532663316582913,250,170,162,99194,Thalamus
1169,0.0059884738560971,<HDF5 object reference>,823,1170,1169,0.0388752181574652,VPL,0.99,234.999357144721,58855452,0.5082077051926298,250,170,162,55819,Thalamus
1170,0.0001176040469201,<HDF5 object reference>,824,1171,1170,0.0001324671016422,VPL,0.99,235.15212376205255,59012656,0.4944723618090452,250,170,162,157204,Thalamus
1171,0.0687778598351557,<HDF5 object reference>,824,1172,1171,0.0345360087470562,VPL,0.99,235.19852374706792,59110985,0.5082077051926298,250,170,162,98329,Thalamus
1172,0.0102924753360589,<HDF5 object reference>,824,1173,1172,0.0043429625589871,VPL,0.99,236.38212336483116,59374326,0.4257956448911223,250,170,162,263341,Thalamus
1173,4.336909614920564e-05,<HDF5 object reference>,822,1174,1173,0.0,VPL,0.99,236.5113899897519,59476574,0.4257956448911224,250,170,162,102248,Thalamus
1175,3.243662080528849e-05,<HDF5 object reference>,828,1176,1175,0.0001922466980762,VPL,0.99,237.9997228424366,59732093,0.4395309882747068,250,168,161,226021,Thalamus
1176,0.0735266001633253,<HDF5 object reference>,828,1177,1176,0.068071359800292,VPL,0.99,239.41945571727524,59934395,0.5082077051926297,250,168,161,202302,Thalamus
1180,0.010829027363406,<HDF5 object reference>,831,1181,1180,0.0081703661688036,VPL,0.99,242.00048821707878,60395547,0.535678391959799,251,167,159,63299,Thalamus
1181,0.0395267841485639,<HDF5 object reference>,832,1182,1181,0.0220230436164304,VPL,0.99,242.56168803584248,60533485,0.4807370184254606,251,167,159,137938,Thalamus
1189,0.0043731157256727,<HDF5 object reference>,836,1190,1189,0.0428494852400196,VPL,0.99,244.92382060633852,61686619,0.4395309882747069,251,166,158,48666,Thalamus
1190,0.0001156982034435,<HDF5 object reference>,836,1191,1190,0.002300895189265,VPL,0.99,245.1486872003858,61770963,0.4120603015075376,251,166,158,84344,Thalamus
1192,0.0059586498602652,<HDF5 object reference>,837,1193,1192,0.0076358561083223,VPL,0.99,245.3096538150692,62029509,0.5082077051926298,251,166,158,169483,Thalamus
1195,0.0009989215982186,<HDF5 object reference>,839,1196,1195,0.0129001808202388,VPL,0.99,245.55235373669063,62297727,0.4532663316582916,251,164,157,74719,Thalamus
1196,0.000648362755878,<HDF5 object reference>,843,1197,1196,0.0031373789613678,VPL,0.99,245.55668706862457,62399876,0.4532663316582916,251,164,157,102149,Thalamus
1197,4.664315156874768e-05,<HDF5 object reference>,840,1198,1197,0.0,VPL,0.99,245.64962037194562,62473844,0.5494137353433837,251,164,157,73968,Thalamus
1200,0.002559673369104,<HDF5 object reference>,840,1201,1200,0.0108568350275812,VPL,0.99,246.32252015463644,62835421,0.4670016750418761,251,164,157,111188,Thalamus
1201,0.0004369203308276,<HDF5 object reference>,843,1202,1201,0.0006297435644558,VPL,0.99,246.4568534445876,62960302,0.4807370184254607,251,164,157,124881,Thalamus
1202,0.0259244613970843,<HDF5 object reference>,843,1203,1202,0.0,VPL,0.96,246.60568672985607,62963775,0.4807370184254606,251,164,157,3473,Thalamus
1204,0.0247109310547478,<HDF5 object reference>,844,1205,1204,0.0748240440771686,VPL,0.99,247.77418635249575,63098354,0.4807370184254607,251,162,156,132290,Thalamus
1205,0.0057454317611055,<HDF5 object reference>,846,1206,1205,0.086519821317507,VPL,0.99,248.03308626888548,63171654,0.4532663316582916,251,161,156,73300,Thalamus
1207,0.0003688093991731,<HDF5 object reference>,845,1208,1207,0.0003549677721454,VPL,0.99,248.48928612155834,63765679,0.4807370184254607,251,162,156,135812,Thalamus
1208,0.0001216465435,<HDF5 object reference>,846,1209,1208,0.0,VPL,0.99,248.53421944038072,63836888,0.4257956448911223,251,161,156,71209,Thalamus
1209,0.0051534220152207,<HDF5 object reference>,847,1210,1209,0.009858511475588,VPL,0.99,249.86355234441353,63953570,0.5219430485762143,251,161,156,116682,Thalamus
1213,0.0341687806077501,<HDF5 object reference>,849,1214,1213,0.031960751051813,VPL,0.99,251.27038522341817,64166565,0.4257956448911223,252,160,155,60724,Thalamus
1214,0.0025162173821438,<HDF5 object reference>,850,1215,1214,0.0065057879744106,VPL,0.99,252.15295160506503,64283125,0.4807370184254607,252,160,155,116560,Thalamus
1216,0.00012402996908,<HDF5 object reference>,851,1217,1216,0.0040133182807866,VPL,0.99,252.7236180874382,64667920,0.4120603015075377,252,160,155,153803,Thalamus
1217,0.0036657511891897,<HDF5 object reference>,852,1218,1217,0.0093687562978396,VPL,0.99,252.75045141210586,64773663,0.4944723618090452,253,159,155,105743,Thalamus
1218,0.01432888944821,<HDF5 object reference>,852,1219,1218,0.1101442503261867,VPL,0.99,252.82895138675474,64788087,0.4257956448911221,253,159,155,14424,Thalamus
1219,0.0231683746650906,<HDF5 object reference>,851,1220,1219,0.0472419500606927,VPL,0.99,252.87818470418847,64835177,0.4670016750418761,252,160,155,47090,Thalamus
1220,0.0012404732530087,<HDF5 object reference>,853,1221,1220,0.0031528775070327,VPL,0.99,252.91755135814188,65025810,0.5219430485762143,253,159,155,190633,Thalamus
1222,0.0167848972870777,<HDF5 object reference>,854,1223,1222,0.005358495640012,VPL,0.99,254.3888175496715,65279782,0.5494137353433836,253,159,154,216891,Thalamus
1223,0.0024167334756354,<HDF5 object reference>,855,1224,1223,0.0066649639701223,VPL,0.99,254.54931749783896,65401171,0.5219430485762143,252,158,154,121389,Thalamus
1224,0.0644821501015323,<HDF5 object reference>,855,1225,1224,0.004787749292505,VPL,0.99,255.81445042260478,65475131,0.5494137353433836,252,158,154,73960,Thalamus
1225,0.0011675804569718,<HDF5 object reference>,856,1226,1225,0.0171259370653699,VPL,0.99,257.15638326156807,65692862,0.4670016750418761,252,158,154,217731,Thalamus
1227,0.0166264295881667,<HDF5 object reference>,856,1228,1227,0.0433481152635356,VPL,0.99,257.68311546086727,65977662,0.4532663316582916,252,158,154,97160,Thalamus
1228,0.0007574036304147,<HDF5 object reference>,856,1229,1228,0.0085129521742013,VPL,0.99,258.03548136890373,66107740,0.4257956448911221,252,158,154,130078,Thalamus
1229,0.0001079175346532,<HDF5 object reference>,858,1230,1229,0.0038078176641915,VPL,0.99,258.10078122831567,66308756,0.4257956448911223,252,156,154,201016,Thalamus
1232,0.0056722484648638,<HDF5 object reference>,858,1233,1232,0.0167316377952874,VPL,0.99,258.60198014925373,66533699,0.4395309882747068,252,156,154,128200,Thalamus
1233,6.58566262980428e-05,<HDF5 object reference>,855,1234,1233,0.0,VPL,0.99,258.64064673267274,66591959,0.4532663316582916,252,158,154,58260,Thalamus
1235,5.144371448063461e-05,<HDF5 object reference>,859,1236,1235,0.0,VPL,0.99,258.72527988379414,66759622,0.4944723618090452,253,156,154,91687,Thalamus
1238,0.0286793265400681,<HDF5 object reference>,861,1239,1238,0.0080609946694096,VPL,0.99,259.0234125752593,67065761,0.5356783919597988,252,156,154,149453,Thalamus
1239,0.0004690070924456,<HDF5 object reference>,861,1240,1239,0.0020335198831379,VPL,0.99,259.04661252531065,67105884,0.4120603015075377,252,156,154,40123,Thalamus
1240,0.0209188481178805,<HDF5 object reference>,862,1241,1240,0.0092902980008821,VPL,0.99,259.4590116374313,67151865,0.4807370184254607,252,156,154,45981,Thalamus
1242,0.0121077747128345,<HDF5 object reference>,863,1243,1242,0.0399396104534227,em,0.99,259.5129115213869,67410913,0.4944723618090452,252,154,154,98346,Thalamus
1243,0.0001002294272205,<HDF5 object reference>,864,1244,1243,0.0001004190664424,RT,0.99,259.5244114966279,67591468,0.4532663316582916,252,154,152,180555,RT
1244,0.0419837103269037,<HDF5 object reference>,865,1245,1244,0.0745156471185598,RT,0.99,259.5396781304261,67625909,0.5219430485762144,252,154,152,34441,RT
1245,0.0656078696063433,<HDF5 object reference>,865,1246,1245,0.0051018743485169,RT,0.99,259.5793113784306,67963867,0.4395309882747068,252,154,152,337958,RT
1246,0.0705868886376819,<HDF5 object reference>,866,1247,1246,0.0042486334359229,RT,0.99,259.65624454612976,68063951,0.2472361809045225,252,154,152,100084,RT
1247,0.0050231075884667,<HDF5 object reference>,866,1248,1247,0.0222437586905041,RT,0.99,259.7046111086651,68187072,0.4670016750418761,252,154,152,123121,RT
1252,2.8896490649446653e-06,<HDF5 object reference>,868,1253,1252,0.0,em,0.99,260.15374347503376,68414740,0.4670016750418761,254,152,152,89555,Thalamus
1258,0.0037172721263422,<HDF5 object reference>,872,1259,1258,0.0383806629714256,em,0.99,260.6651757072732,68654295,0.4670016750418761,254,152,152,44292,Thalamus
1261,0.0019436905785393,<HDF5 object reference>,872,1262,1261,0.0098840020546604,em,0.96,260.8032754099499,68806320,0.4120603015075377,254,152,152,83399,Thalamus
1262,0.0097199959578138,<HDF5 object reference>,873,1263,1262,0.0314199110291216,RT,0.99,260.84887531177503,68857357,0.4944723618090452,254,152,150,51037,RT
1263,0.0716871030134108,<HDF5 object reference>,874,1264,1263,0.0148430729729743,RT,0.99,260.8856085660231,68901910,0.2472361809045226,254,150,150,44553,RT
1264,0.0209755868794096,<HDF5 object reference>,875,1265,1264,0.4193555694036438,RT,0.99,260.9013751987448,68910292,0.233500837520938,254,150,150,8382,RT
1266,0.0130110882917015,<HDF5 object reference>,876,1267,1266,0.0417737041642844,RT,0.99,261.04660821939706,69011731,0.2197654941373534,254,150,150,98974,RT
1271,0.0016641064891521,<HDF5 object reference>,880,1272,1271,0.065584468614982,RT,0.99,261.44250736704146,69244410,0.2609715242881071,254,149,150,15798,RT
1273,0.0021432807580075,<HDF5 object reference>,880,1274,1273,0.0186681729044778,RT,0.99,261.4969072499206,69433745,0.1922948073701842,254,149,150,66212,RT
1281,0.0050766770208529,<HDF5 object reference>,885,1282,1281,0.2165900784841295,RT,0.57,262.59923820997784,69668476,0.5906197654941373,255,148,149,15551,RT
1282,0.0108966074209962,<HDF5 object reference>,885,1283,1282,0.0,RT,0.33,262.6320048060993,69670667,0.1648241206030151,255,148,149,2191,RT
1287,0.0103835312800881,<HDF5 object reference>,886,1288,1287,0.1290581505935005,RT,0.82,263.1510036887147,69757507,0.5494137353433837,255,146,148,47780,RT
1288,0.0267623205620685,<HDF5 object reference>,886,1289,1288,0.4500630156487616,RT,0.21,263.3938031659768,69760204,0.6730318257956448,255,146,148,2697,RT
1289,0.064101398139621,<HDF5 object reference>,886,1290,1289,0.0,RT,0.74,263.6957358492607,69761089,0.4532663316582914,255,146,148,885,RT
1291,0.0010263123006178,<HDF5 object reference>,890,1292,1291,0.0059093842442092,RT,0.99,264.5367673718856,69915550,0.3983249581239531,256,146,148,94147,RT
1292,0.0069304581101832,<HDF5 object reference>,890,1293,1292,0.0408894739658994,RT,0.78,264.63300049803274,70047964,0.3021775544388608,256,146,148,132414,RT
1300,2.5569763963563613e-05,<HDF5 object reference>,1037,1301,1300,0.0,SSp-bfd6a,0.99,267.57292750181654,70565920,0.535678391959799,268,78,114,15415,Somatosensory
1301,0.0065032054195431,<HDF5 object reference>,1040,1302,1301,0.0185700384032566,SSp-bfd6a,0.99,268.24129272951865,70584697,0.8241206030150754,269,76,113,18777,Somatosensory
1304,0.0387408632961336,<HDF5 object reference>,1038,1305,1304,0.0,SSp-bfd6a,0.8,268.8382247776803,70605184,0.7554438860971523,268,78,114,800,Somatosensory
1305,0.0122473287428223,<HDF5 object reference>,1039,1306,1305,0.2851441835159325,SSp-bfd6a,0.99,269.9205557807967,70643668,0.8790619765494136,269,77,113,38484,Somatosensory
1306,0.0112810671763275,<HDF5 object reference>,1039,1307,1306,0.4849216033285892,SSp-bfd6a,0.99,270.0614221441835,70653731,0.4257956448911223,269,77,113,10063,Somatosensory
1307,4.8020508816310345e-05,<HDF5 object reference>,1040,1308,1307,0.0,SSp-bfd6a,0.99,270.21545514588973,70659120,0.8241206030150753,269,76,113,5389,Somatosensory
1309,0.0039332556608147,<HDF5 object reference>,1041,1310,1309,0.0,SSp-bfd6a,0.96,270.3608214995882,70682497,0.9202680067001676,269,76,113,4646,Somatosensory
1312,0.0054883075231166,<HDF5 object reference>,1044,1313,1312,0.0739827955339638,SSp-bfd5,0.99,271.10228656990915,70695082,0.8653266331658291,268,73,111,6652,Somatosensory
1313,0.0232648629473087,<HDF5 object reference>,1044,1314,1313,0.0071498802823259,SSp-bfd5,0.99,271.5683522331544,70806268,1.0850921273031824,268,73,111,111186,Somatosensory
1314,5.044186999250496e-05,<HDF5 object reference>,1045,1315,1314,0.0046102266510571,SSp-bfd5,0.99,271.7705851310881,70859563,0.4807370184254606,268,72,111,53295,Somatosensory
1320,0.0001635793438755,<HDF5 object reference>,1046,1321,1320,0.0,SSp-bfd5,0.32,272.0849177876754,71195652,0.6592964824120603,268,72,111,1582,Somatosensory
1323,0.0016863915266652,<HDF5 object reference>,1052,1324,1323,0.0,SSp-bfd5,0.95,272.29728399712576,71221547,0.4944723618090452,270,68,108,2997,Somatosensory
1327,0.0003747892090735,<HDF5 object reference>,1055,1328,1327,0.0279800881648418,SSp-bfd5,0.99,272.4909169135749,71258825,0.5356783919597988,270,66,108,18735,Somatosensory
1329,0.0518076361745712,<HDF5 object reference>,1056,1330,1329,0.2552144780177442,SSp-bfd5,0.99,272.5410834722349,71316324,0.7279731993299832,270,66,108,14326,Somatosensory
1330,0.0530318074172837,<HDF5 object reference>,1056,1331,1330,0.079839955420366,SSp-bfd5,0.99,272.7307497305574,71359279,0.4120603015075377,270,66,108,42955,Somatosensory
1331,0.037631511101238,<HDF5 object reference>,1056,1332,1331,0.0908405437239245,SSp-bfd5,0.99,273.00068248273595,71388069,0.8927973199329984,270,66,108,28790,Somatosensory
1334,0.0039149625163158,<HDF5 object reference>,1059,1335,1334,0.1427995817042389,SSp-bfd4,0.99,273.19904872232775,71432171,0.6730318257956448,270,63,106,4788,Somatosensory
1335,5.168414659698284e-05,<HDF5 object reference>,1059,1336,1335,0.2611620275487378,SSp-bfd4,0.99,273.2572485970257,71437178,0.6318257956448912,270,63,106,5007,Somatosensory
1340,0.0001966693732511,<HDF5 object reference>,1063,1341,1340,0.0573101692809534,SSp-bfd4,0.99,273.46881480819843,71542232,0.7417085427135678,270,61,106,21377,Somatosensory
1342,0.0101041166647298,<HDF5 object reference>,1064,1343,1342,0.0,SSp-bfd4,0.99,273.67958102109355,71554094,0.6592964824120603,270,60,105,4250,Somatosensory
1345,0.003071357788766,<HDF5 object reference>,1066,1346,1345,0.0,SSp-bfd4,0.99,273.9543137629379,71593037,0.5219430485762143,270,59,105,7334,Somatosensory
1353,0.0309025971378658,<HDF5 object reference>,1068,1354,1353,0.2143538685979856,SSp-bfd4,0.99,275.09004465108643,71775580,0.7554438860971525,270,57,104,16113,Somatosensory
1361,0.0162670378949443,<HDF5 object reference>,1075,1362,1361,0.4207985351701901,SSp-bfd4,0.99,276.6553412810631,71873055,0.5768844221105527,270,54,103,24792,Somatosensory
1362,0.0016788870851058,<HDF5 object reference>,1074,1363,1362,0.2098726095790016,SSp-bfd4,0.99,276.67390790775653,71898344,0.7966499162479062,271,55,103,25289,Somatosensory
1365,0.0008986780279018,<HDF5 object reference>,1077,1366,1365,0.0041580608501713,SSp-bfd2/3,0.99,276.7551743994596,71977795,0.5906197654941373,270,53,102,56118,Somatosensory
1368,0.0621284474916159,<HDF5 object reference>,1078,1369,1368,0.0129541425679458,SSp-bfd2/3,0.99,277.06844039167663,72081770,0.5906197654941373,272,53,101,76239,Somatosensory
1369,0.0049708414692174,<HDF5 object reference>,1079,1370,1369,0.0452570855376507,SSp-bfd2/3,0.99,277.10960696971324,72090275,0.535678391959799,272,53,101,8505,Somatosensory
1374,0.0234819415366497,<HDF5 object reference>,1082,1375,1374,0.0907981536499776,SSp-bfd2/3,0.99,277.8400720637167,72260810,0.4395309882747068,271,51,100,68725,Somatosensory
1377,0.0090859062821765,<HDF5 object reference>,1083,1378,1377,0.017357586341996,SSp-bfd2/3,0.99,279.00853621472515,72543701,0.535678391959799,272,50,100,170425,Somatosensory
1378,0.0141518769782228,<HDF5 object reference>,1083,1379,1378,0.0466104544846177,SSp-bfd2/3,0.99,279.0710360801653,72655826,0.4670016750418761,272,50,100,112125,Somatosensory
1379,0.0001820910364282,<HDF5 object reference>,1084,1380,1379,0.0011429680950038,SSp-bfd2/3,0.99,279.29213560414655,72731512,0.4807370184254607,272,51,100,75686,Somatosensory
1380,0.0494817685920579,<HDF5 object reference>,1084,1381,1380,0.0752987271365522,SSp-bfd2/3,0.99,279.8834343311032,72747663,0.5082077051926298,272,51,100,16151,Somatosensory
1382,0.0471270260897808,<HDF5 object reference>,1085,1383,1382,0.0263882773640222,SSp-bfd2/3,0.99,280.5882328136992,72835670,0.5494137353433834,272,50,99,84091,Somatosensory
1383,0.0002845300794837,<HDF5 object reference>,1083,1384,1383,0.0085325105337439,SSp-bfd2/3,0.99,281.01159856887574,72879469,0.5494137353433837,272,50,100,43799,Somatosensory
1386,0.000636742137591,<HDF5 object reference>,1087,1387,1386,0.0303847508382079,SSp-bfd2/3,0.99,281.87166338385606,73086347,0.4944723618090452,271,49,99,127972,Somatosensory
1389,0.0650945918150554,<HDF5 object reference>,816,1390,1389,0.0307284504716674,VPL,0.99,282.7246282141223,73299895,0.4670016750418761,250,172,163,206690,Thalamus
1390,0.0994890385414625,<HDF5 object reference>,816,1391,1390,0.0464115445270126,VPL,0.99,282.80849470022764,73377780,0.4670016750418761,250,172,163,77885,Thalamus
1391,0.0004501189566916,<HDF5 object reference>,823,1392,1391,0.0,VPL,0.99,282.8339279788041,73388959,0.4120603015075376,250,170,162,11179,Thalamus
1397,0.0575905919896056,<HDF5 object reference>,843,1398,1397,0.0,VPL,0.95,283.5182265055358,73452074,0.5494137353433837,251,164,157,3017,Thalamus
1399,0.0011493753953722,<HDF5 object reference>,848,1400,1399,0.0030793865579648,VPL,0.99,284.4896577474151,73617040,0.467001675041876,251,161,156,126279,Thalamus
1403,0.0338525510443603,<HDF5 object reference>,858,1404,1403,0.0559728411756195,VPL,0.99,286.4631534985548,73689690,0.4807370184254606,252,156,154,67108,Thalamus
1406,0.026125684673105,<HDF5 object reference>,875,1407,1406,0.0418325750539717,RT,0.99,286.6514197598915,73813093,0.2197654941373534,254,150,150,117692,RT
1409,0.0058889997901059,<HDF5 object reference>,885,1410,1409,0.0876755295746461,RT,0.63,287.126185404406,74046930,0.5082077051926298,255,148,149,61410,RT
1412,0.0058024125131332,<HDF5 object reference>,885,1413,1412,0.1484917618194201,RT,0.9,287.57628443536015,74076149,0.5494137353433837,255,148,149,28172,RT
1413,0.0386312173992824,<HDF5 object reference>,885,1414,1413,0.0,RT,0.46,287.8449171903375,74077779,0.5494137353433837,255,148,149,1630,RT
1414,0.0602649771771045,<HDF5 object reference>,885,1415,1414,0.0,RT,0.18,287.88505043726553,74078726,0.5494137353433837,255,148,149,947,RT
1415,0.028041301384074,<HDF5 object reference>,885,1416,1415,0.2371987117684465,RT,0.8,288.25258317402495,74096151,0.4807370184254607,255,148,149,17425,RT
1416,0.0083131753830136,<HDF5 object reference>,885,1417,1416,0.0,RT,0.39,288.82198262237165,74096803,0.4532663316582913,255,148,149,652,RT
1417,0.0309322804801366,<HDF5 object reference>,886,1418,1417,0.0125713132769349,RT,0.99,288.89534921795826,74219700,0.2197654941373534,255,146,148,122897,RT
1418,0.0031249297972617,<HDF5 object reference>,1039,1419,1418,0.1284874191554327,SSp-bfd6a,0.99,289.13948231476724,74235662,0.7279731993299832,269,77,113,15962,Somatosensory
1419,0.0112295380036418,<HDF5 object reference>,1040,1420,1419,0.1543222912842569,SSp-bfd6a,0.99,289.16791562055346,74274471,0.8241206030150753,269,76,113,38809,Somatosensory
1422,0.078040612734714,<HDF5 object reference>,1053,1423,1422,0.0,SSp-bfd5,0.47,289.72638174615935,74275670,0.7554438860971524,270,66,108,535,Somatosensory
1424,0.0156136108107857,<HDF5 object reference>,1064,1425,1424,0.0,SSp-bfd4,0.88,290.5110809859164,74278610,0.7417085427135678,270,60,105,1159,Somatosensory
1425,0.0480182733055353,<HDF5 object reference>,1068,1426,1425,0.0,SSp-bfd4,0.62,290.7901473822142,74279331,0.5219430485762144,270,57,104,721,Somatosensory
1426,0.0005259807357949,<HDF5 object reference>,1072,1427,1426,0.0,SSp-bfd4,0.85,291.706613160978,74279823,0.5631490787269682,270,56,104,492,Somatosensory
1427,0.0001090069595666,<HDF5 object reference>,1075,1428,1427,0.0,SSp-bfd4,0.99,291.78031308957503,74282197,0.5219430485762143,270,54,103,2374,Somatosensory
1429,0.012862364193263,<HDF5 object reference>,1078,1430,1429,0.0,SSp-bfd2/3,0.93,292.4255124644842,74284512,0.5082077051926298,272,53,101,636,Somatosensory
1430,0.0001362131632076,<HDF5 object reference>,1083,1431,1430,0.014601265028418,SSp-bfd2/3,0.99,292.4783790799319,74360862,0.5356783919597988,272,50,100,76350,Somatosensory
1433,0.0075050094804079,<HDF5 object reference>,1044,1434,1433,0.0488053481611647,SSp-bfd5,0.99,293.14417843488314,74369557,0.6867671691792293,268,73,111,8190,Somatosensory
1434,0.0223680838085672,<HDF5 object reference>,1044,1435,1434,0.3281127025023055,SSp-bfd5,0.98,293.2345450139996,74375028,0.7966499162479062,268,73,111,5471,Somatosensory
1435,0.0032190720781716,<HDF5 object reference>,1059,1436,1435,0.1253766852516858,SSp-bfd4,0.99,293.50511141853246,74386454,0.7829145728643216,270,63,106,11426,Somatosensory
1436,0.03836588363486,<HDF5 object reference>,1068,1437,1436,0.0,SSp-bfd4,0.95,293.6771112518932,74388242,0.5494137353433836,270,57,104,1788,Somatosensory
1438,0.0093619829070979,<HDF5 object reference>,844,1439,1438,0.0493338134438492,VPL,0.99,293.7036445595202,74442544,0.4944723618090452,251,162,156,53417,Thalamus
1440,0.0045329501223396,<HDF5 object reference>,1031,1441,1440,0.010255363489875,SSp-bfd6a,0.99,293.90007770254255,74588845,0.4807370184254607,268,82,116,145149,Somatosensory
1441,0.0051149927966964,<HDF5 object reference>,1039,1442,1441,0.0,SSp-bfd6a,0.99,293.9470776570074,74595451,0.8515912897822445,269,77,113,6606,Somatosensory
1442,0.0022959840883972,<HDF5 object reference>,1040,1443,1442,0.0,SSp-bfd6a,0.99,294.0665775412319,74601753,0.6867671691792294,269,76,113,6302,Somatosensory
1443,0.0097251252241518,<HDF5 object reference>,1055,1444,1443,0.0,SSp-bfd5,0.93,294.1421774679881,74602492,0.6043551088777218,270,66,108,739,Somatosensory
1444,0.0011029787688902,<HDF5 object reference>,1067,1445,1444,0.0,SSp-bfd4,0.99,294.35374392968214,74606437,0.6730318257956448,270,58,105,3945,Somatosensory
1445,0.026732540167413,<HDF5 object reference>,1068,1446,1445,0.0,SSp-bfd4,0.64,294.43591051674304,74607015,0.5631490787269682,270,57,104,578,Somatosensory
1448,0.0007289648507354,<HDF5 object reference>,1068,1449,1448,0.0,SSp-bfd4,0.46,295.040643264191,74614618,0.5631490787269682,270,57,104,355,Somatosensory
1450,0.0006252518064316,<HDF5 object reference>,1182,1451,1450,0.0,AON,0.99,296.044642291483,74628823,0.7142378559463987,144,204,246,13875,Other
1453,0.0594616825297467,<HDF5 object reference>,1185,1454,1453,0.4228471633257885,TTd,0.99,296.8048748882774,74702418,0.6730318257956448,144,202,246,49618,Other
1455,0.0046168984121035,<HDF5 object reference>,1184,1456,1455,0.0,TTd,0.99,297.6429074096967,74711911,0.467001675041876,144,202,246,7133,Other
1456,0.0012945337409082,<HDF5 object reference>,1187,1457,1456,0.004058804478687,TTd,0.96,298.13574026555705,74740311,0.6318257956448909,144,202,246,28400,Other
1457,0.0010572670888098,<HDF5 object reference>,1187,1458,1457,0.0070711401699739,TTd,0.99,298.54453986949824,74770740,0.7005025125628142,144,202,246,30429,Other
1458,0.0958943226785407,<HDF5 object reference>,1187,1459,1458,0.3447125834952086,TTd,0.99,299.3348391038298,74796909,0.6592964824120603,144,202,246,26169,Other
1461,0.0020899056749008,<HDF5 object reference>,1191,1462,1461,0.0067014944440429,TTd,0.78,300.6259045196689,74972321,0.5494137353433837,144,201,244,44204,Other
1462,0.0105574634193587,<HDF5 object reference>,1191,1463,1462,0.1946226241945354,TTd,0.91,300.8631709564639,74983172,0.5768844221105527,144,201,244,10851,Other
1463,0.0006603944088524,<HDF5 object reference>,1192,1464,1463,0.0089116554856994,TTd,0.99,301.0603707654101,75016369,0.6318257956448912,144,200,244,33197,Other
1465,0.001032385420109,<HDF5 object reference>,1195,1466,1465,0.0106834455831877,TTd,0.99,301.5670036079005,75238975,0.6455611390284757,144,199,243,159478,Other
1466,0.0073641217308074,<HDF5 object reference>,1192,1467,1466,0.0,TTd,0.99,302.5212693500425,75241593,0.5219430485762143,144,200,244,2618,Other
1468,0.0002916890425552,<HDF5 object reference>,1197,1469,1468,0.0,TTd,0.99,303.93816797730346,75288115,0.5906197654941373,142,198,244,46431,Other
1469,0.0017062054328803,<HDF5 object reference>,1197,1470,1469,0.0245483055584616,TTd,0.99,304.0418345435345,75337109,0.6043551088777218,142,198,244,48994,Other
1472,0.0004310800842549,<HDF5 object reference>,1201,1473,1472,0.0,TTd,0.99,306.35549896864535,75406722,0.6043551088777219,142,197,242,6700,Other
1477,5.389057101438516e-05,<HDF5 object reference>,1205,1478,1477,0.0,TTd,0.99,306.6021987296343,75779937,0.5906197654941374,142,196,243,4802,Other
1478,0.0009315649480067,<HDF5 object reference>,1206,1479,1478,0.0,TTd,0.99,306.7772652266907,75800581,0.6730318257956449,142,195,243,20644,Other
1480,0.0002750232418239,<HDF5 object reference>,1209,1481,1480,0.0,TTd,0.99,306.91343176143465,76060343,0.5768844221105526,142,194,242,7175,Other
1482,0.077273774222368,<HDF5 object reference>,1207,1483,1482,0.0396919220095399,TTd,0.99,307.0016316759836,76167890,0.5082077051926298,142,195,241,83235,Other
1488,0.061021863583247,<HDF5 object reference>,1215,1489,1488,0.0898551936452954,TTd,0.99,310.7555947056848,76521879,0.6592964824120603,140,192,241,69611,Other
1489,0.0164359065120757,<HDF5 object reference>,1211,1490,1489,0.0,TTd,0.98,311.46022735634637,76523628,0.5906197654941373,140,193,242,1749,Other
1490,0.0010653302863945,<HDF5 object reference>,1211,1491,1490,0.009095123048968,TTd,0.99,311.4846939993089,76542600,0.6180904522613065,140,193,242,18972,Other
1492,0.0011346987096936,<HDF5 object reference>,1212,1493,1492,0.0645022251787491,TTd,0.99,311.9450602199573,76576272,0.5356783919597988,140,193,242,20150,Other
1495,0.074000531843148,<HDF5 object reference>,1215,1496,1495,0.3941320137873383,TTd,0.99,312.27035990479607,76809610,0.6180904522613064,140,192,241,24959,Other
1496,0.0073617053647618,<HDF5 object reference>,1215,1497,1496,0.0690243085373916,TTd,0.99,312.56519295248523,76885677,0.5631490787269682,140,192,241,76067,Other
1501,0.0065826527997539,<HDF5 object reference>,1217,1502,1501,0.0,TTd,0.99,313.35692551876144,77200257,0.4532663316582916,140,192,240,11758,Other
1502,0.0041538622599618,<HDF5 object reference>,1217,1503,1502,0.3315253224576341,TTd,0.99,313.44459210049376,77204701,0.5494137353433837,140,192,240,4444,Other
1503,0.0075812597175832,<HDF5 object reference>,1219,1504,1503,0.0,DP,0.98,313.4583254205218,77208577,0.6180904522613065,140,190,240,3876,Other
1507,0.0701545375585543,<HDF5 object reference>,1222,1508,1507,0.0870434490567264,DP,0.99,313.628058589412,77456346,0.5631490787269682,140,190,240,18399,Other
1509,4.177710721887253e-06,<HDF5 object reference>,1219,1510,1509,0.0,DP,0.99,313.9311582957588,77541168,0.6180904522613064,140,190,240,62105,Other
1512,0.0015538092856793,<HDF5 object reference>,1223,1513,1512,0.0137749936627359,DP,0.99,314.37915786172175,77574499,0.5768844221105526,138,190,240,15416,Other
1513,0.0018622751429938,<HDF5 object reference>,1223,1514,1513,0.2003826618320048,DP,0.99,314.4162578257781,77583537,0.5906197654941373,138,190,240,9038,Other
1514,0.0818591788919399,<HDF5 object reference>,1223,1515,1514,0.0728568625870815,DP,0.99,314.5381577076773,77619007,0.604355108877722,138,190,240,35470,Other
1516,0.0729960903636309,<HDF5 object reference>,1224,1517,1516,0.2089764844211368,DP,0.99,314.6133909681222,77708604,0.5906197654941373,138,190,240,60674,Other
1519,0.0008696554106629,<HDF5 object reference>,1227,1520,1519,0.0518241522106977,DP,0.99,315.03132389654803,77871558,0.6455611390284757,138,188,238,17772,Other
1520,0.0193939211104454,<HDF5 object reference>,1222,1521,1520,0.4661686493883709,DP,0.99,315.20779039224806,77876858,0.5219430485762143,140,190,240,5300,Other
1524,0.0018799865025601,<HDF5 object reference>,1227,1525,1524,0.2309213888129974,DP,0.99,315.88818973305433,78002447,0.604355108877722,138,188,238,14088,Other
1525,0.006435051339245,<HDF5 object reference>,1227,1526,1525,0.0,DP,0.97,316.00995628174945,78003575,0.5219430485762143,138,188,238,1128,Other
1528,0.0006029211202174,<HDF5 object reference>,1228,1529,1528,0.0069133221036947,DP,0.99,316.42388921405063,78144681,0.6180904522613065,138,187,238,102067,Other
1533,0.0003980888746827,<HDF5 object reference>,1231,1534,1533,0.0,DP,0.97,316.5812890615564,78230931,0.6180904522613065,137,186,236,14488,Other
1536,0.0362982318331813,<HDF5 object reference>,1231,1537,1536,0.151584486703394,DP,0.99,316.7267222539892,78351893,0.6318257956448912,137,186,236,63720,Other
1537,8.454182359067693e-05,<HDF5 object reference>,1231,1538,1537,0.0,DP,0.99,316.7512888968549,78354954,0.535678391959799,137,186,236,3061,Other
1539,0.0077088546843414,<HDF5 object reference>,1232,1540,1539,0.143597880092193,DP,0.99,316.9228220640011,78491523,0.5768844221105527,137,186,236,90593,Other
1541,0.0021690312757881,<HDF5 object reference>,1233,1542,1541,0.025797190984727,DP,0.99,317.0781219135414,78568509,0.5906197654941373,137,186,236,11265,Other
1544,0.0642339265269154,<HDF5 object reference>,1234,1545,1544,0.0112540852272971,DP,0.99,317.53568813690254,78689559,0.5768844221105527,137,185,236,48240,Other
1547,0.0067047921628299,<HDF5 object reference>,1236,1548,1547,0.0,DP,0.99,318.01745433681793,78699208,0.5494137353433837,137,185,236,2931,Other
1548,0.0053715076572395,<HDF5 object reference>,1236,1549,1548,0.0302180251635037,DP,0.99,318.1022542546609,78755259,0.6455611390284757,137,185,236,56051,Other
1549,0.0005845949512189,<HDF5 object reference>,1237,1550,1549,0.1799264115316357,DP,0.99,318.167454191493,78772322,0.6318257956448912,136,184,236,17063,Other
1551,0.001282795875375,<HDF5 object reference>,1237,1552,1551,0.0,DP,0.91,318.240220787661,78783396,0.5768844221105527,136,184,236,9253,Other
1555,0.0025774334660722,<HDF5 object reference>,1239,1556,1555,0.0,DP,0.97,318.5022538671278,78800957,0.535678391959799,136,184,235,1890,Other
1560,0.0561930263512076,<HDF5 object reference>,1241,1561,1560,0.2347670855338998,DP,0.99,318.9711534128422,78915019,0.5768844221105527,136,183,236,17515,Other
1561,0.0042796169732724,<HDF5 object reference>,1242,1562,1561,0.2666407575657986,DP,0.99,319.0617199826149,78933560,0.7005025125628142,135,182,236,18541,Other
1564,0.0001816017698323,<HDF5 object reference>,1242,1565,1564,0.0,DP,0.97,319.3064528153924,78969936,0.6180904522613065,135,182,236,1425,Other
1566,0.0095014103900041,<HDF5 object reference>,1242,1567,1566,0.0,DP,0.95,319.4035859500578,78997609,0.6180904522613065,135,182,236,1773,Other
1567,0.0086628652261872,<HDF5 object reference>,1241,1568,1567,0.0423993289953179,DP,0.87,319.4497191890341,79026752,0.7142378559463987,136,183,236,29143,Other
1568,0.0104807346964586,<HDF5 object reference>,1243,1569,1568,0.0,DP,0.99,319.4759858019773,79029239,0.604355108877722,136,182,234,2487,Other
1571,0.0001847269815405,<HDF5 object reference>,1244,1572,1571,0.0,DP,0.95,319.67018540477784,79083974,0.604355108877722,134,182,234,1402,Other
1572,0.0708472870808803,<HDF5 object reference>,1245,1573,1572,0.1804797977351364,DP,0.99,319.7217852992398,79097442,2.03283082077052,134,182,234,13468,Other
1573,0.0011208856002729,<HDF5 object reference>,1245,1574,1573,0.0,DP,0.99,319.7481852452436,79109123,0.6180904522613065,134,182,234,11681,Other
1574,0.0041306127433174,<HDF5 object reference>,1246,1575,1574,0.0,DP,0.94,319.8195184326781,79110117,0.6318257956448912,134,182,234,994,Other
1576,0.0176528694565994,<HDF5 object reference>,1249,1577,1576,0.0,DP,0.76,319.93905152152854,79142808,0.5768844221105527,134,180,233,757,Other
1578,0.0587871965223446,<HDF5 object reference>,1247,1579,1578,0.0,DP,0.95,320.0640179325995,79149825,0.535678391959799,134,182,234,975,Other
1584,0.0149593805080679,<HDF5 object reference>,1253,1585,1584,0.0700718936684375,ORBm1,0.99,320.3313173858878,79420083,0.5356783919597988,134,178,232,36168,Other
1586,0.0012206722736371,<HDF5 object reference>,1307,1587,1586,0.0,ILA1,0.55,320.5039170328671,79420348,0.6455611390284757,128,158,226,212,Other
1587,0.017542253468344,<HDF5 object reference>,1307,1588,1587,0.0,ILA1,0.89,320.55658359181405,79422627,0.535678391959799,128,158,226,2279,Other
1590,0.0167912744429183,<HDF5 object reference>,1311,1591,1590,0.493096895096068,ILA1,0.99,320.79984976092464,79444191,0.5631490787269682,128,158,226,15673,Other
1592,0.000263794619787,<HDF5 object reference>,1312,1593,1592,0.0,ILA1,0.92,321.0098159981442,79461320,0.6318257956448912,128,157,226,981,Other
1595,0.0327549732347666,<HDF5 object reference>,1314,1596,1595,0.1840498304787112,ORBm1,0.99,321.1781823204486,79526528,0.5082077051926298,126,157,226,39111,Other
1596,0.0030652864120952,<HDF5 object reference>,1314,1597,1596,0.0,ORBm1,0.97,321.31931536512036,79528429,0.6730318257956448,126,157,226,1901,Other
1598,0.0956008422015913,<HDF5 object reference>,1316,1599,1598,0.0831035777961148,ILA2/3,0.99,321.7523144795006,79556285,0.5494137353433837,126,156,224,27358,Other
1599,0.0068541526513643,<HDF5 object reference>,1316,1600,1599,0.4147894259483117,ILA2/3,0.99,321.89058086336894,79560258,0.6867671691792293,126,156,224,3973,Other
1601,0.0195177098499586,<HDF5 object reference>,1318,1602,1601,0.1864097292940958,ILA2/3,0.92,322.2215135198406,79585783,0.7142378559463985,126,155,224,12572,Other
1602,0.0121319767092965,<HDF5 object reference>,1321,1603,1602,0.322782078717682,ORBm2/3,0.96,322.250180127875,79625940,0.4807370184254607,125,155,224,40157,Other
1604,0.0451309534611037,<HDF5 object reference>,1319,1605,1604,0.3199039585644257,ILA2/3,0.99,322.4326130880754,79648619,0.4807370184254607,126,155,224,4524,Other
1605,0.012624125841176,<HDF5 object reference>,1320,1606,1605,0.0,ILA2/3,0.75,322.4623130273297,79649254,0.6455611390284757,126,155,224,635,Other
1610,0.0007379062980394,<HDF5 object reference>,1323,1611,1610,0.4002236466734112,ORBm2/3,0.99,322.94864536596,79885610,0.6867671691792293,124,154,223,2860,Other
1612,0.0081714802378853,<HDF5 object reference>,1324,1613,1612,0.0,ORBm2/3,0.99,323.0182118903412,79888357,0.604355108877722,124,154,223,1800,Other
1614,0.0017702609229585,<HDF5 object reference>,1325,1615,1614,0.0038839481281893,ORBm2/3,0.99,323.0523451538612,80088107,0.8378559463986598,124,154,223,116129,Other
1615,0.0006872922217426,<HDF5 object reference>,1326,1616,1615,0.0,ORBm2/3,0.99,323.19547819444233,80103145,0.7005025125628142,124,153,224,15038,Other
1616,0.0032733561541797,<HDF5 object reference>,1326,1617,1616,0.4259040347181759,ORBm2/3,0.99,323.22934479184113,80107947,0.5494137353433837,124,153,224,4802,Other
1619,0.003249280647414,<HDF5 object reference>,1328,1620,1619,0.0,ORBm2/3,0.96,323.6627105721381,80157020,0.6592964824120603,123,153,222,2820,Other
1620,0.0134453461465672,<HDF5 object reference>,1328,1621,1620,0.4740964697966574,ORBm2/3,0.99,323.73211043019353,80167531,0.6867671691792293,123,153,222,10511,Other
1622,0.000145383439332,<HDF5 object reference>,1330,1623,1622,0.0,ORBm2/3,0.99,323.8337435556551,80169351,0.6318257956448912,124,153,222,1780,Other
1623,0.0121351058403063,<HDF5 object reference>,1330,1624,1623,0.0,ORBm2/3,0.97,324.0083098652786,80170795,0.6455611390284757,124,153,222,1444,Other
1627,0.0047407183610047,<HDF5 object reference>,1332,1628,1627,0.0,ORBm2/3,0.99,324.23110940958327,80233059,0.6318257956448912,123,152,222,7720,Other
1631,0.0045656219935496,<HDF5 object reference>,1335,1632,1631,0.0,ORBm2/3,0.99,324.7933082597093,80286975,0.6867671691792293,123,151,221,5982,Other
1633,0.0014660522393628,<HDF5 object reference>,1335,1634,1633,0.3107815335210393,ORBm2/3,0.99,325.1394742183574,80346202,0.6867671691792295,123,151,221,55084,Other
1636,0.0014672312981487,<HDF5 object reference>,1334,1637,1636,0.3116569017632132,ORBm2/3,0.99,325.3928737000756,80395135,0.6592964824120603,122,152,222,3241,Other
1637,0.0130236184319014,<HDF5 object reference>,1336,1638,1637,0.3835227124582365,ORBm2/3,0.99,325.54510672204435,80439827,0.7279731993299832,123,151,221,44692,Other
1642,0.0017402093966694,<HDF5 object reference>,1339,1643,1642,0.139209811410329,ORBm2/3,0.99,325.9547725508152,80502383,0.6455611390284757,122,151,221,6858,Other
1643,0.0086004817841368,<HDF5 object reference>,1339,1644,1643,0.2278562225921452,ORBm2/3,0.99,325.9851724886378,80522440,0.8515912897822446,122,151,221,20057,Other
1645,0.0022444823493019,<HDF5 object reference>,1338,1646,1645,0.0,ORBm2/3,0.99,326.32273846487556,80556118,0.8927973199329984,122,151,221,4292,Other
1646,0.0009080010107447,<HDF5 object reference>,1340,1647,1646,0.0506047730262852,ORBm2/3,0.99,326.4089049553046,80570049,0.7417085427135678,122,150,221,13931,Other
1647,5.216337875652105e-05,<HDF5 object reference>,1340,1648,1647,0.0,ORBm2/3,0.99,326.4415382218926,80575010,0.7005025125628139,122,150,221,4961,Other
1652,0.0001001092928476,<HDF5 object reference>,1342,1653,1652,0.0,ORBm2/3,0.99,327.00153707651833,80668302,0.6455611390284757,122,150,220,2585,Other
1653,0.0024865994534269,<HDF5 object reference>,1342,1654,1653,0.0,ORBm2/3,0.99,327.0811035804464,80687977,0.7142378559463985,122,150,220,19675,Other
1654,0.0222885463255843,<HDF5 object reference>,1343,1655,1654,0.0311387963032484,ORBm2/3,0.99,327.28150317056605,80797453,0.7142378559463987,122,149,220,109476,Other
1656,6.097608906952943e-05,<HDF5 object reference>,1342,1657,1656,0.0,ORBm2/3,0.99,327.51860268562274,80836045,0.6592964824120604,122,150,220,4244,Other
1657,0.0077759071869078,<HDF5 object reference>,1344,1658,1657,0.0,ORBm2/3,0.9,327.59563586139893,80837487,0.6867671691792295,122,149,220,1442,Other
1658,0.001034946139958,<HDF5 object reference>,1342,1659,1658,0.0,ORBm2/3,0.95,327.6167358182429,80851032,0.7966499162479059,122,150,220,13545,Other
1660,0.0002370557963316,<HDF5 object reference>,1345,1661,1660,0.0,ORBm2/3,0.99,327.84203535743427,80916266,0.7829145728643216,122,149,220,65170,Other
1670,0.0063072978376101,<HDF5 object reference>,1346,1671,1670,0.0133371527194548,ORBm2/3,0.99,328.8331999968567,81163422,0.7966499162479059,122,149,220,15667,Other
1673,0.0438849979678879,<HDF5 object reference>,1351,1674,1673,0.3501810014996996,ORBm2/3,0.99,328.98443302087077,81210423,0.535678391959799,121,148,220,40907,Other
1675,0.0102498607716075,<HDF5 object reference>,1352,1676,1675,0.0237188590638519,ORBm2/3,0.99,329.06819951620855,81276786,0.7554438860971525,121,148,220,37151,Other
1678,0.000616744917572,<HDF5 object reference>,1353,1679,1678,0.0,ORBm5,0.99,329.65586498091403,81296513,0.4532663316582913,121,147,219,6868,Other
1679,3.229130546681731e-05,<HDF5 object reference>,1353,1680,1679,0.0,ORBm5,0.9,329.700431556428,81304527,0.535678391959799,121,147,219,8014,Other
1680,0.0014616478719005,<HDF5 object reference>,1354,1681,1680,0.0,ORBm5,0.92,329.75459811230695,81319406,0.6592964824120602,121,147,218,14879,Other
1681,0.0012183881965004,<HDF5 object reference>,1355,1682,1681,0.0587801414724478,ORBm5,0.99,329.7927980341761,81329960,0.8241206030150753,120,147,218,10554,Other
1683,0.0017971008472993,<HDF5 object reference>,1357,1684,1683,0.0,ORBm5,0.33,329.8667645495579,81370701,0.4395309882747068,120,146,218,144,Other
1685,0.0420610395762898,<HDF5 object reference>,1356,1686,1685,0.2047543860065654,ORBm5,0.99,330.1149307086465,81421132,0.7279731993299832,120,147,218,42505,Other
1686,0.0545948371180277,<HDF5 object reference>,1357,1687,1686,0.4049886711242337,ORBm5,0.99,330.15333063010655,81431770,0.7142378559463987,120,146,218,10638,Other
1688,0.0003400558764929,<HDF5 object reference>,1357,1689,1688,0.0,ORBm5,0.29,330.20486385803815,81458169,0.4257956448911223,120,146,218,761,Other
1690,0.0024681261009917,<HDF5 object reference>,1357,1691,1690,0.3687212687090327,ORBm5,0.99,330.37319684707745,81473842,0.7554438860971523,120,146,218,14290,Other
1692,0.0188429594110386,<HDF5 object reference>,1359,1693,1692,0.0676878299586097,ORBm5,0.99,330.9488956695918,81556865,0.5906197654941374,120,146,218,81102,Other
1693,0.0067219566822662,<HDF5 object reference>,1359,1694,1693,0.0809991171806612,ORBm5,0.99,331.0203288568218,81577950,0.4395309882747068,120,146,218,21085,Other
1694,0.0025527701083014,<HDF5 object reference>,1359,1695,1694,0.0723338606091802,ORBm5,0.99,331.03062883575507,81613548,0.7279731993299832,120,146,218,35598,Other
1695,0.0005977897966724,<HDF5 object reference>,1359,1696,1695,0.0511846333703081,ORBm5,0.99,331.0446288071207,81624858,0.6180904522613065,120,146,218,11310,Other
1699,0.0192699250382292,<HDF5 object reference>,1360,1700,1699,0.0,ORBm5,0.97,331.1211953171847,81684332,0.7005025125628142,120,145,218,1165,Other
1700,0.0036089048072189,<HDF5 object reference>,1360,1701,1700,0.0,ORBm5,0.99,331.2149951253345,81694614,0.6455611390284757,120,145,218,10282,Other
1701,0.0040988740558205,<HDF5 object reference>,1360,1702,1701,0.0,ORBm5,0.83,331.49512788570803,81697144,0.7005025125628142,120,145,218,2530,Other
1704,0.060418780436224,<HDF5 object reference>,1361,1705,1704,0.2922030488247757,ORBm5,0.99,331.7867939558256,81758133,0.4395309882747068,120,145,218,19802,Other
1706,0.0040004086517117,<HDF5 object reference>,1362,1707,1706,0.1475673373483868,ORBm5,0.99,331.921893679504,81800064,0.7142378559463985,119,145,217,21584,Other
1707,0.024004700752972,<HDF5 object reference>,1363,1708,1707,0.2197265729544786,ORBm5,0.99,332.32609285278926,81817326,0.7005025125628142,119,144,217,17262,Other
1708,0.0103109716560389,<HDF5 object reference>,1363,1709,1708,0.3096645536846292,ORBm5,0.99,332.3997927020498,81850484,0.6867671691792293,119,144,217,33158,Other
1710,0.0011063100329248,<HDF5 object reference>,1364,1711,1710,0.2741941980728795,ORBm5,0.99,332.5472257338361,81889108,0.6180904522613065,119,144,217,11460,Other
1712,0.0027060329456379,<HDF5 object reference>,1365,1713,1712,0.0,ORBm5,0.83,332.89062503147625,81928870,0.4120603015075377,120,144,216,3198,Other
1713,0.0068826962593576,<HDF5 object reference>,1367,1714,1713,0.475682295294256,ORBm5,0.94,333.0184914366158,81932580,0.535678391959799,120,144,216,3710,Other
1714,0.0002367149529253,<HDF5 object reference>,1366,1715,1714,0.0,ORBm5,0.99,333.2972575331179,81974712,0.7554438860971523,120,144,216,42132,Other
1715,0.0099959854006333,<HDF5 object reference>,1366,1716,1715,0.0097197748744314,ORBm5,0.99,333.36059073691484,82000666,0.7279731993299832,120,144,216,25954,Other
1716,0.0034371562864137,<HDF5 object reference>,1366,1717,1716,0.0,ORBm5,0.98,333.401357320201,82004997,0.6730318257956448,120,144,216,4331,Other
1719,0.0044181884657145,<HDF5 object reference>,1367,1720,1719,0.1946295683905965,ORBm5,0.99,333.54265703119853,82046204,0.6318257956448912,120,144,216,5800,Other
1720,0.0065435898991679,<HDF5 object reference>,1367,1721,1720,0.1501279542971186,ORBm5,0.99,333.63002351917316,82116869,0.6867671691792295,120,144,216,70665,Other
1723,0.0032498348579138,<HDF5 object reference>,1367,1724,1723,0.3838219130375486,ORBm5,0.99,333.72165666508783,82193861,0.6455611390284757,120,144,216,60208,Other
1724,0.0264708199886681,<HDF5 object reference>,1368,1725,1724,0.3402232463220108,ORBm5,0.99,333.86485637219926,82202068,0.6730318257956448,120,143,216,8207,Other
1726,0.0021324034991747,<HDF5 object reference>,1370,1727,1726,0.0279802939887444,ORBm5,0.99,334.1747890716225,82235452,0.6592964824120603,119,142,216,15297,Other
1727,0.037804948869291,<HDF5 object reference>,1370,1728,1727,0.1372747538264266,ORBm5,0.99,334.20922233452893,82253724,0.4807370184254607,119,142,216,18272,Other
1728,0.0020935106598867,<HDF5 object reference>,1371,1729,1728,0.0154133943875934,ORBm5,0.99,334.27925552462233,82325120,0.7005025125628142,118,142,214,71396,Other
1730,0.0223593048078273,<HDF5 object reference>,1371,1731,1730,0.3251280359681758,ORBm5,0.99,334.4748884578246,82440189,0.6867671691792293,118,142,214,21754,Other
1731,0.0005976543280212,<HDF5 object reference>,1372,1732,1731,0.0,ORBm5,0.99,334.51275504704216,82465669,0.6455611390284757,118,142,214,25480,Other
1733,0.0307317351171394,<HDF5 object reference>,1372,1734,1733,0.0,ORBm5,0.91,334.6627547402455,82496091,0.6730318257956448,118,142,214,1604,Other
1737,0.0400925531992471,<HDF5 object reference>,1374,1738,1737,0.0603124113107944,ORBm5,0.99,334.92178754377505,82611359,0.4257956448911223,119,141,215,16474,Other
1739,0.0027374197283866,<HDF5 object reference>,1375,1740,1739,0.0666458105758332,ORBm5,0.99,335.27512015443176,82633494,0.7417085427135678,119,141,215,18543,Other
1740,0.0003157178370725,<HDF5 object reference>,1375,1741,1740,0.0014538952442432,ORBm5,0.99,335.30755342142885,82739599,0.6592964824120603,119,141,215,106105,Other
1741,0.04633554262127,<HDF5 object reference>,1375,1742,1741,0.034417659732177,ORBm5,0.99,335.3639199728081,82797297,0.8515912897822446,119,141,215,57698,Other
1743,0.0660213536044325,<HDF5 object reference>,1376,1744,1743,0.1565216667926136,ORBm5,0.99,335.4472198024337,82848325,0.7142378559463985,118,140,214,31353,Other
1746,0.0003970333223532,<HDF5 object reference>,1376,1747,1746,0.0267870316881829,ORBm5,0.99,335.5369862854996,82951341,0.6455611390284757,118,140,214,15634,Other
1747,0.0004122071849772,<HDF5 object reference>,1376,1748,1747,0.0373711590278036,ORBm5,0.99,335.59128617443923,83011997,0.7829145728643216,118,140,214,60656,Other
1748,0.0119322319676101,<HDF5 object reference>,1376,1749,1748,0.0,ORBm5,0.8,335.59878615909935,83012946,0.6867671691792295,118,140,214,949,Other
1749,0.0010695466908757,<HDF5 object reference>,1379,1750,1749,0.0,ORBm5,0.99,335.7159192528586,83036022,0.604355108877722,118,140,214,23076,Other
1750,0.004599598454907,<HDF5 object reference>,1377,1751,1750,0.0,ORBm5,0.96,335.75545250533395,83043619,0.6867671691792293,118,140,214,7597,Other
1751,0.066561426447696,<HDF5 object reference>,1379,1752,1751,0.1852821806015687,ORBm5,0.99,335.8591522932352,83058180,0.6867671691792295,118,140,214,14561,Other
1752,0.0650190311039213,<HDF5 object reference>,1377,1753,1752,0.0548218879823129,ORBm5,0.99,335.8793522519199,83125547,0.6318257956448909,118,140,214,67367,Other
1753,0.0251176595889389,<HDF5 object reference>,1379,1754,1753,0.214910923995546,ORBm5,0.99,335.9102188554546,83192354,0.6730318257956448,118,140,214,66807,Other
1754,0.0001505703341382,<HDF5 object reference>,1379,1755,1754,0.0483721682155657,ORBm5,0.99,335.93171881148044,83235885,0.6730318257956448,118,140,214,43531,Other
1755,0.0098542062180844,<HDF5 object reference>,1380,1756,1755,0.1743255340167224,ORBm5,0.99,336.0085853209308,83269452,0.6867671691792293,118,140,214,33567,Other
1756,0.0012531701828987,<HDF5 object reference>,1380,1757,1756,0.0122688327586015,ORBm5,0.99,336.05578522439214,83292553,0.6867671691792293,118,140,214,23101,Other
1757,0.0250924335495955,<HDF5 object reference>,1380,1758,1757,0.3262442895649496,ORBm5,0.99,336.1177850975829,83316258,0.6592964824120603,118,140,214,23705,Other
1759,0.0005900368303354,<HDF5 object reference>,1381,1760,1759,0.0,ORBm5,0.99,336.1709849887723,83323186,0.7966499162479062,118,140,214,6831,Other
1763,0.0001054103959311,<HDF5 object reference>,1384,1764,1763,0.0,ORBm5,0.76,336.382484556189,83365767,0.6730318257956448,118,138,213,2455,Other
1764,0.0957299381074921,<HDF5 object reference>,1388,1765,1764,0.0,ORBm5,0.56,336.40958450076107,83366415,0.6318257956448912,118,137,213,648,Other
1768,0.0019351064721874,<HDF5 object reference>,1389,1769,1768,0.043505674707791,ORBm5,0.99,336.65785065964513,83417841,0.6455611390284756,118,137,213,17349,Other
1770,0.0926978174549758,<HDF5 object reference>,1387,1771,1770,0.3141393787155659,ORBm5,0.99,336.74521714761977,83500879,0.6730318257956448,117,138,213,80251,Other
1771,0.0003279086390501,<HDF5 object reference>,1387,1772,1771,0.0,ORBm5,0.99,336.7874170613077,83517740,0.7142378559463987,117,138,213,16861,Other
1775,0.0034732391733107,<HDF5 object reference>,1389,1776,1775,0.1820858753232587,ORBm5,0.98,336.9744833453648,83683768,0.7142378559463987,118,137,213,24724,Other
1777,0.0013297192809903,<HDF5 object reference>,1390,1778,1777,0.035911788123276,ORBm5,0.99,337.09281643666964,83750675,0.6180904522613065,116,136,212,23387,Other
1780,0.0001349007109124,<HDF5 object reference>,1392,1781,1780,0.2499358656080985,ORBm5,0.99,337.28798270415973,83865744,0.6455611390284757,116,136,212,44325,Other
1781,0.0490561919411588,<HDF5 object reference>,1393,1782,1781,0.1154247810229035,ORBm5,0.99,337.34881591307,83882585,0.6867671691792295,116,135,212,16841,Other
1783,0.002830823235077,<HDF5 object reference>,1394,1784,1783,0.2886533582156692,ORBm5,0.99,337.3982824785619,83905405,0.6867671691792295,116,135,212,20206,Other
1785,0.0050359782728218,<HDF5 object reference>,1395,1786,1785,0.0,ORBm5,0.85,337.44584904793993,83933910,0.4257956448911223,116,134,211,3097,Other
1788,0.008099066438705,<HDF5 object reference>,1396,1789,1788,0.3526624157847526,ORBm5,0.99,337.612648706782,83952276,0.7279731993299832,116,134,211,7463,Other
1789,0.0916650234725221,<HDF5 object reference>,1396,1790,1789,0.4502106996262716,ORBm5,0.99,337.64541530643066,83978834,0.7142378559463987,116,134,211,26558,Other
1791,0.0007268606391009,<HDF5 object reference>,1397,1792,1791,0.0,ORBm5,0.72,337.79754832860397,84011688,0.7554438860971525,116,134,212,3331,Other
1796,0.0331437451539296,<HDF5 object reference>,1399,1797,1796,0.2015004175603817,ORBm5,0.99,338.40498041954714,84157719,0.4532663316582916,116,132,211,22077,Other
1797,0.009402782873257,<HDF5 object reference>,1399,1798,1797,0.0641357499264407,ORBm5,0.99,338.5701134151314,84217919,0.7417085427135678,116,132,211,60200,Other
1798,0.0280141089358253,<HDF5 object reference>,1399,1799,1798,0.3406523767252689,ORBm5,0.99,338.7324464164426,84221019,0.6730318257956448,116,132,211,3100,Other
1799,0.007240186008606,<HDF5 object reference>,1400,1800,1799,0.3306251947611483,ORBm5,0.99,338.7814129829572,84233993,0.6180904522613064,116,132,211,12974,Other
1802,0.0098717431624502,<HDF5 object reference>,1401,1803,1802,0.0,ORBm5,0.6,339.02587914961344,84353183,0.6455611390284756,116,132,211,757,Other
1803,0.0096764613580299,<HDF5 object reference>,1401,1804,1803,0.0379140094515847,ORBm5,0.99,339.13384559545466,84400564,0.7142378559463987,116,132,211,47381,Other
1804,0.0033773251133841,<HDF5 object reference>,1403,1805,1804,0.0,ORBm5,0.99,339.19584546864536,84414150,0.535678391959799,116,132,211,13586,Other
1805,0.0881078272324484,<HDF5 object reference>,1402,1806,1805,0.1206687674243896,ORBm5,0.99,339.2263120729982,84430621,0.6867671691792295,116,132,211,16471,Other
1806,0.036040587218132,<HDF5 object reference>,1403,1807,1806,0.1854024941006055,ORBm5,0.99,339.26457866139765,84470485,0.6318257956448912,116,132,211,39864,Other
1808,3.510216104392301e-05,<HDF5 object reference>,1404,1809,1808,0.0593163056416253,ORBm5,0.99,339.3342785188395,84522666,0.5356783919597988,115,132,210,7429,Other
1813,0.0280847361352396,<HDF5 object reference>,1405,1814,1813,0.2917376916152743,ORBm5,0.99,339.77134429156877,84666566,0.6867671691792295,115,130,210,56253,Other
1814,0.0108296064759987,<HDF5 object reference>,1405,1815,1814,0.0,ORBm5,0.66,339.79317758024615,84667495,0.7554438860971525,115,130,210,929,Other
1815,0.0007481773974536,<HDF5 object reference>,1406,1816,1815,0.0,ORBm5,0.74,340.0093104715196,84690256,0.6592964824120603,115,130,210,22761,Other
1816,0.0009098791645528,<HDF5 object reference>,1406,1817,1816,0.0,ORBm5,0.98,340.0664770212626,84700580,0.6867671691792295,115,130,210,10324,Other
1817,0.0007845603204961,<HDF5 object reference>,1406,1818,1817,0.064612841963167,ORBm5,0.68,340.1309435560749,84707698,0.7142378559463987,115,130,210,7118,Other
1819,0.0016717591608459,<HDF5 object reference>,1407,1820,1819,0.0,ORBm5,0.98,340.2238766993306,84746300,0.5082077051926298,115,130,210,5996,Other
1820,0.044000400960269,<HDF5 object reference>,1407,1821,1820,0.2225801240206364,ORBm5,0.99,340.25307663960757,84810816,0.6318257956448912,115,130,210,64516,Other
1823,0.0009134871701267,<HDF5 object reference>,1410,1824,1823,0.002707543663882,ORBm5,0.99,340.4166096384643,84882045,0.6180904522613065,115,130,210,34772,Other
1825,0.0987318146593149,<HDF5 object reference>,1411,1826,1825,0.135092744925844,ORBm5,0.99,340.51694276658475,84971190,0.6043551088777218,114,128,210,69791,Other
1826,0.0400293150847164,<HDF5 object reference>,1411,1827,1826,0.313664221377374,ORBm5,0.99,340.5446093766645,84999722,0.6455611390284757,114,128,210,28532,Other
1828,0.0017828472196038,<HDF5 object reference>,1412,1829,1828,0.2524576691862673,ORBm5,0.98,340.82224214215125,85050045,0.6180904522613065,114,128,210,7202,Other
1829,0.0016255569754015,<HDF5 object reference>,1412,1830,1829,0.4735978573378976,ORBm5,0.96,340.86314205849806,85063451,0.5906197654941373,114,128,210,13406,Other
1832,0.0134460330723567,<HDF5 object reference>,1412,1833,1832,0.3331094446031592,ORBm5,0.99,341.1490414737436,85164359,0.6318257956448912,114,128,210,30394,Other
1833,0.0132355302592031,<HDF5 object reference>,1413,1834,1833,0.0,ORBm5,0.94,341.1822747391044,85167884,0.7829145728643216,114,127,208,3525,Other
1834,0.0020568075570998,<HDF5 object reference>,1414,1835,1834,0.0100025254201861,ORBm5,0.99,341.35284105690914,85185975,0.7142378559463985,114,127,208,18091,Other
1836,0.0162406334422539,<HDF5 object reference>,1415,1837,1836,0.0339756639742094,ORBm5,0.99,341.83714006636495,85277692,0.6730318257956448,114,126,208,35392,Other
1837,0.0600458797907276,<HDF5 object reference>,1415,1838,1837,0.4006407564041208,ORBm5,0.99,341.90813992114784,85303099,0.535678391959799,114,126,208,25407,Other
1838,0.0005657528024634,<HDF5 object reference>,1417,1839,1838,0.1438792127741885,ORBm5,0.98,341.9672064670048,85307869,0.6730318257956449,114,126,208,4770,Other
1839,0.050720646010316,<HDF5 object reference>,1416,1840,1839,0.4589939875179921,ORBm5,0.99,342.0899395493103,85348809,0.6592964824120603,114,126,208,40940,Other
1844,0.0262037803372527,<HDF5 object reference>,1420,1845,1844,0.2853485900935681,ORBm5,0.99,342.66710503549155,85545891,0.6867671691792293,113,125,208,45820,Other
1847,0.0004891479620754,<HDF5 object reference>,1421,1848,1847,0.0127155906965424,ORBm5,0.99,342.85043799385113,85661996,0.6455611390284757,112,124,208,42452,Other
1848,0.0022764691929343,<HDF5 object reference>,1421,1849,1848,0.0068024142880785,ORBm5,0.99,342.91967118558074,85720037,0.6455611390284757,112,124,208,58041,Other
1850,0.0002985050453344,<HDF5 object reference>,1422,1851,1850,0.0,ORBm5,0.99,343.2456371855442,85820390,0.6455611390284757,112,124,208,35383,Other
1852,0.0007847988087784,<HDF5 object reference>,1423,1853,1852,0.0015250759166696,ORBm5,0.99,343.3695702653953,85866988,0.6455611390284757,112,124,208,46331,Other
1855,0.0172635293877232,<HDF5 object reference>,1424,1856,1855,0.0,ORBm5,0.82,343.5003033313383,85915487,0.6867671691792293,112,124,208,1224,Other
1857,0.0109086587026926,<HDF5 object reference>,1426,1858,1857,0.0951657408252589,ORBm5,0.99,343.7629361275047,86031277,0.7005025125628139,112,124,206,21147,Other
1861,0.0475757190282316,<HDF5 object reference>,1429,1862,1861,0.0,ORBm5,0.83,344.2543684557039,86285883,0.8103852596314907,112,122,206,1217,Other
1862,0.0002049104360928,<HDF5 object reference>,1430,1863,1862,0.0037724917209295,ORBm5,0.99,344.29893503121787,86315341,0.6730318257956448,111,122,206,29458,Other
1865,0.0066636125000404,<HDF5 object reference>,1432,1866,1865,0.0,ORBm5,0.46,344.574501134265,86352492,0.5768844221105527,110,121,206,406,Other
1866,0.0004807510282528,<HDF5 object reference>,1433,1867,1866,0.0300757451587131,ORBm5,0.99,344.58123445382654,86362925,0.6455611390284757,110,121,206,10433,Other
1868,0.0419566304181727,<HDF5 object reference>,1434,1869,1868,0.0,ORBm5,0.74,344.8638672090868,86421086,0.6867671691792294,110,121,206,599,Other
1871,0.0002658121470612,<HDF5 object reference>,1435,1872,1871,0.0,ORBm5,0.99,345.1449666341498,86573458,0.7005025125628142,110,120,206,53349,Other
1872,0.0364454042296828,<HDF5 object reference>,1435,1873,1872,0.1144747693401372,ORBm5,0.99,345.3793328214637,86586557,0.5494137353433837,110,120,206,13099,Other
1873,0.0207121087500598,<HDF5 object reference>,1436,1874,1873,0.0729659592444885,ORBm5,0.98,345.4366660375325,86614975,0.6730318257956448,110,120,206,28418,Other
1876,0.0143842337078155,<HDF5 object reference>,1436,1877,1876,0.0,ORBm5,0.74,345.57163242815034,86627419,0.7279731993299831,110,120,206,5407,Other
1877,0.0031636148036162,<HDF5 object reference>,1439,1878,1877,0.0128369862613662,ORBm5,0.99,345.67323222034673,86650003,0.5768844221105528,109,119,204,22584,Other
1879,0.0002982331164181,<HDF5 object reference>,1440,1880,1879,0.3387374504740443,ORBm5,0.95,346.70283011449436,86677470,0.6455611390284757,109,119,204,12435,Other
1880,0.0013423053964173,<HDF5 object reference>,1440,1881,1880,0.0,ORBm5,0.97,346.8179632123442,86692987,0.5494137353433837,109,119,204,15517,Other
1882,0.0040209857224994,<HDF5 object reference>,1441,1883,1882,0.0,PL5,0.99,347.26536229727196,86710746,0.6318257956448912,109,118,205,9219,Other
1883,0.0067525267837234,<HDF5 object reference>,1443,1884,1883,0.0,PL5,0.99,347.66759480791296,86722274,0.6455611390284757,109,118,205,11528,Other
1884,0.0579240123476012,<HDF5 object reference>,1441,1885,1884,0.0,PL5,0.69,347.86076107949367,86726717,0.5768844221105527,109,118,205,4443,Other
1885,0.0638047772308454,<HDF5 object reference>,1442,1886,1885,0.1895064024219079,PL5,0.99,347.90242766093905,86752673,0.5768844221105527,109,118,205,25956,Other
1887,0.0315962022404354,<HDF5 object reference>,1443,1888,1887,0.4608273796819453,PL5,0.99,348.1267605354409,86883061,0.6592964824120603,109,118,205,12214,Other
1889,0.0419915416616315,<HDF5 object reference>,1443,1890,1889,0.0629762443007761,PL5,0.99,348.1981603894057,86936228,0.5631490787269682,109,118,205,30589,Other
1891,0.000447202129111,<HDF5 object reference>,1444,1892,1891,0.0,PL5,0.96,348.50579309353316,86974442,0.5082077051926298,109,117,203,24418,Other
1893,0.0003687505186897,<HDF5 object reference>,1445,1894,1893,0.0,PL5,0.99,349.74862388488555,87042738,0.6730318257956448,109,117,203,62430,Other
1894,0.0144193926981308,<HDF5 object reference>,1449,1895,1894,0.0,PL5,0.99,349.78622380798186,87044773,0.6730318257956449,108,116,204,2035,Other
1899,0.0003359060644264,<HDF5 object reference>,1449,1900,1899,0.0008190379604827,PL5,0.99,350.76905537357067,87267603,0.5906197654941373,108,116,204,109503,Other
1900,5.130949520098542e-06,<HDF5 object reference>,1451,1901,1900,0.006401333259053,PL5,0.99,350.84285524646,87318170,0.5082077051926298,107,115,202,50567,Other
1901,0.0408048890664322,<HDF5 object reference>,1451,1902,1901,0.1730723498815381,PL5,0.99,350.9723216901375,87384128,0.6455611390284757,107,115,202,65958,Other
1902,0.0006938472832512,<HDF5 object reference>,1452,1903,1902,0.4976843607522958,PL5,0.99,351.45115419874395,87406041,0.5494137353433837,107,114,203,21913,Other
1903,0.0003704509673238,<HDF5 object reference>,1452,1904,1903,0.013263397848876,PL5,0.99,351.76618698947414,87437462,0.7279731993299832,107,114,203,31421,Other
1905,0.0003366773901295,<HDF5 object reference>,1451,1906,1905,0.0,PL5,0.99,352.09378642522665,87499400,0.5768844221105527,107,115,202,12424,Other
1906,0.0005501870841491,<HDF5 object reference>,1454,1907,1906,0.0,PL5,0.99,352.2339528504748,87507996,0.6318257956448912,106,113,203,8596,Other
1907,0.0172472899825451,<HDF5 object reference>,1456,1908,1907,0.0379222685867532,PL5,0.99,352.3979525680066,87563743,0.5906197654941373,106,112,202,55747,Other
1908,0.0005037742593071,<HDF5 object reference>,1456,1909,1908,0.1088330322376981,PL5,0.97,352.5797189216043,87574712,0.5219430485762143,106,112,202,10969,Other
1909,0.0046268186848819,<HDF5 object reference>,1457,1910,1909,0.01820830642058,PL5,0.99,352.8727850835025,87644385,0.7829145728643216,106,111,201,69673,Other
1911,0.0059772385977241,<HDF5 object reference>,1459,1912,1911,0.2113122291734982,PL5,0.96,353.2864177044073,87686446,0.5494137353433837,105,112,202,3936,Other
1913,0.010396575263364,<HDF5 object reference>,1460,1914,1913,0.3641267599357219,PL5,0.99,354.2108827788028,87744450,0.6730318257956448,105,110,201,40116,Other
1915,0.0003128997477507,<HDF5 object reference>,1461,1916,1915,0.0,PL5,0.99,354.5565488501045,87883910,0.7417085427135678,105,110,201,100088,Other
1916,0.0082584340726947,<HDF5 object reference>,1461,1917,1916,0.1419045277201187,PL5,0.99,354.7243818943672,87894650,0.6730318257956449,105,110,201,10740,Other
1918,0.0022697764699661,<HDF5 object reference>,1464,1919,1918,0.181870518907213,PL5,0.99,354.8333150400773,87952413,0.6455611390284757,104,110,200,6000,Other
1919,0.003278394421895,<HDF5 object reference>,1464,1920,1919,0.1869826116374696,PL5,0.99,354.88881494448594,87968069,0.6180904522613064,104,110,200,15656,Other
1921,0.0003096669558003,<HDF5 object reference>,1465,1922,1921,0.0012316667818714,PL5,0.99,355.459480628255,88085665,0.6730318257956448,104,110,200,51555,Other
1922,0.0027651702361993,<HDF5 object reference>,1466,1923,1922,0.0,PL5,0.99,355.53911382443044,88094615,0.6592964824120603,104,108,200,8950,Other
1925,0.0018413371352031,<HDF5 object reference>,1472,1926,1925,0.0,PL5,0.99,356.2353792918702,88121524,0.5631490787269682,104,106,200,19323,Other
1926,0.0431107511470675,<HDF5 object reference>,1469,1927,1926,0.2800038925609702,PL5,0.99,356.2381126204957,88145702,0.6867671691792294,104,108,200,24178,Other
1928,0.0028876616201646,<HDF5 object reference>,1471,1929,1928,0.1860369190634836,PL5,0.99,356.4421456024087,88237773,0.7005025125628139,104,108,200,9380,Other
1930,0.0091659718011384,<HDF5 object reference>,1472,1931,1930,0.1053094078402147,PL5,0.95,356.63374527240313,88292091,0.6867671691792293,104,106,200,11151,Other
1931,7.626953198087134e-05,<HDF5 object reference>,1474,1932,1931,0.2843590742794895,PL5,0.98,356.7830783485296,88295484,0.7417085427135678,102,106,200,3393,Other
1932,0.0056395879606978,<HDF5 object reference>,1475,1933,1932,0.0127998651288792,PL5,0.99,356.83731158845325,88403950,0.5768844221105527,102,105,199,108466,Other
1933,0.0792836589715146,<HDF5 object reference>,1475,1934,1933,0.1957768260228694,PL5,0.99,356.86344487677536,88422689,0.6592964824120603,102,105,199,18739,Other
1934,2.1376385429628755e-05,<HDF5 object reference>,1474,1935,1934,0.0,PL5,0.96,356.9128781249663,88434795,0.535678391959799,102,106,200,12106,Other
1937,2.828842610527975e-05,<HDF5 object reference>,1476,1938,1937,0.0,PL5,0.99,357.09321114769944,88505792,0.6592964824120603,102,105,199,9148,Other
1940,6.323026100657856e-05,<HDF5 object reference>,1479,1941,1940,0.0,PL5,0.99,357.4115439327458,88617555,0.5082077051926298,102,104,199,44650,Other
1941,0.0030260711768351,<HDF5 object reference>,1480,1942,1941,0.4895282618720104,PL5,0.95,357.48554380529066,88622727,0.7005025125628142,101,103,200,5172,Other
1942,0.0118254730873168,<HDF5 object reference>,1480,1943,1942,0.0,PL5,0.88,357.52524373691267,88627972,0.7829145728643215,101,103,200,5245,Other
1944,0.0011954402590114,<HDF5 object reference>,1482,1945,1944,0.0,PL5,0.99,358.0209095498593,88685691,0.6867671691792295,101,102,198,9886,Other
1945,0.0002382809037167,<HDF5 object reference>,1483,1946,1945,0.0,PL5,0.99,358.29284241482355,88704202,0.6867671691792295,101,101,198,18511,Other
1946,0.0862496776765983,<HDF5 object reference>,1483,1947,1946,0.3398479598656129,PL5,0.99,358.3224756971174,88722824,0.6318257956448912,101,101,198,18622,Other
1948,0.001093499599532,<HDF5 object reference>,1484,1949,1948,0.0,PL5,0.99,358.5654086120303,88764426,0.7142378559463987,101,101,198,3725,Other
1949,0.0244637993350031,<HDF5 object reference>,1485,1950,1949,0.1564089738472605,PL5,0.99,358.5976752231219,88814958,0.8103852596314908,101,101,198,50532,Other
1950,0.0001466003617079,<HDF5 object reference>,1487,1951,1950,0.024216072901995,PL5,0.99,358.6312418319744,88845720,0.8790619765494136,100,100,198,30762,Other
1952,0.0414845449152304,<HDF5 object reference>,1488,1953,1952,0.1921131775376502,PL5,0.99,359.23127413183,88880716,0.8378559463986598,100,100,198,13691,Other
1953,0.0013219614326583,<HDF5 object reference>,1488,1954,1953,0.0,PL5,0.98,359.59654016937327,88892281,0.8103852596314908,100,100,198,11565,Other
1954,0.042844156875253,<HDF5 object reference>,1489,1955,1954,0.2492057272914281,PL5,0.99,359.64044009376136,88921502,0.7966499162479062,100,100,198,29221,Other
1955,2.123430885460819e-05,<HDF5 object reference>,1488,1956,1955,0.0,PL5,0.95,359.91913961373757,88933689,0.8927973199329983,100,100,198,12187,Other
1957,0.0003930330985069,<HDF5 object reference>,1491,1958,1957,0.0,PL5,0.98,360.1260059241039,88997621,0.7417085427135678,100,100,198,17017,Other
1958,0.0067929806688323,<HDF5 object reference>,1491,1959,1958,0.1455833510326359,PL5,0.91,360.24923904518414,89002363,0.6592964824120603,100,100,198,4742,Other
1959,0.0008225916341684,<HDF5 object reference>,1493,1960,1959,0.0,PL5,0.6,360.4917052942341,89012481,0.9202680067001676,100,98,197,10118,Other
1960,0.0028074147383941,<HDF5 object reference>,1494,1961,1960,0.1058161986686978,PL5,0.96,360.56583849988266,89042434,0.8378559463986598,99,97,197,29953,Other
1961,0.0012278781314351,<HDF5 object reference>,1495,1962,1961,0.1771155991866293,PL5,0.97,361.4667369482019,89071274,0.7417085427135678,99,97,197,28840,Other
1962,0.0163631698974033,<HDF5 object reference>,1497,1963,1962,0.0485067371510297,MOs5,0.99,362.4354019464688,89094510,0.8241206030150753,99,96,197,23236,Motor
1963,0.0789578995018675,<HDF5 object reference>,1496,1964,1963,0.2925870891861951,MOs5,0.99,362.8337345937258,89134088,0.8103852596314908,99,96,197,39578,Motor
1966,0.0014229666593523,<HDF5 object reference>,1500,1967,1966,0.0200403425805501,MOs5,0.99,364.83886447348306,89259662,0.7279731993299832,98,94,196,12781,Motor
1967,0.0083415611339415,<HDF5 object reference>,1500,1968,1967,0.1022765961382009,MOs5,0.99,365.4187968079582,89275664,0.7554438860971523,98,94,196,16002,Motor
1968,0.0019626909680046,<HDF5 object reference>,1503,1969,1968,0.0172374629446223,MOs5,0.99,365.9392625781901,89289445,0.7829145728643215,98,94,196,13781,Motor
1969,0.0003608940893286,<HDF5 object reference>,1503,1970,1969,0.0172063960700748,MOs5,0.99,366.81689439991646,89325939,0.8927973199329983,98,94,196,36494,Motor
1971,0.0365553924261883,<HDF5 object reference>,1505,1972,1971,0.3666071701245768,MOs5,0.99,367.0581273177574,89360256,0.7279731993299832,98,93,195,11953,Motor
1972,3.202344190274722e-05,<HDF5 object reference>,1506,1973,1972,0.0041659221451153,MOs5,0.99,367.1963270797262,89416321,0.8515912897822444,98,93,195,56065,Motor
1974,0.0484167597064872,<HDF5 object reference>,1507,1975,1974,0.0487571093425202,MOs5,0.99,367.30052690025553,89573432,0.5082077051926299,98,93,195,80702,Motor
1977,0.0820222975288604,<HDF5 object reference>,1509,1978,1977,0.0891077237532826,MOs5,0.99,367.45525996708125,89697092,0.8378559463986598,96,92,195,31495,Motor
1979,0.0127357573774051,<HDF5 object reference>,1511,1980,1979,0.0,MOs2/3,0.96,367.7528261212288,89708827,0.7417085427135678,96,90,194,2436,Motor
1980,0.0009658421222152,<HDF5 object reference>,1511,1981,1980,0.0555143368356317,MOs2/3,0.99,368.0595589262547,89719687,0.6180904522613065,96,90,194,10860,Motor
1981,0.0372138328638737,<HDF5 object reference>,1512,1982,1981,0.0,MOs2/3,0.97,368.90182414222875,89721721,0.6867671691792294,96,90,194,2034,Motor
1983,0.0151060278963066,<HDF5 object reference>,1514,1984,1983,0.0,MOs2/3,0.93,369.90815574228645,89737190,0.7829145728643216,96,90,194,1499,Motor
1984,0.0152320208174338,<HDF5 object reference>,1515,1985,1984,0.0044234786545398,MOs2/3,0.82,370.7989875412776,89784309,0.6180904522613065,96,90,194,47119,Motor
1985,0.0396994551400835,<HDF5 object reference>,1515,1986,1985,0.1531413987523198,MOs2/3,0.97,370.8437207975637,89810869,0.7554438860971523,96,90,194,26560,Motor
1986,0.0024603982746999,<HDF5 object reference>,1516,1987,1986,0.1717898852589251,MOs2/3,0.99,371.06838707727184,89818430,0.7417085427135678,96,90,194,7561,Motor
1987,0.0344758926398346,<HDF5 object reference>,1517,1988,1987,0.0,MOs2/3,0.88,371.25508675570586,89819562,0.535678391959799,96,88,194,1132,Motor
1991,0.0397338425280834,<HDF5 object reference>,1521,1992,1991,0.0,MOs2/3,0.55,372.09588530753945,89845573,0.6592964824120604,94,87,194,293,Motor
1992,0.0124509240507101,<HDF5 object reference>,1184,1993,1992,0.0376830139968027,TTd,0.99,372.1672518512865,89893099,0.7142378559463987,144,202,246,47526,Other
1995,0.0045805978690838,<HDF5 object reference>,1216,1996,1995,0.0622915907205285,TTd,0.99,372.32635157725787,89981223,0.5768844221105527,140,192,241,67619,Other
1996,0.0519210431459387,<HDF5 object reference>,1219,1997,1996,0.1307897787943198,DP,0.99,372.4975846156645,89986226,0.4807370184254606,140,190,240,5003,Other
1997,0.0136292686594176,<HDF5 object reference>,1219,1998,1997,0.2900951366530706,DP,0.99,372.84601734886763,89996849,0.535678391959799,140,190,240,10623,Other
1998,0.0664498303175086,<HDF5 object reference>,1225,1999,1998,0.0,DP,0.78,373.1187835457299,89997331,0.5219430485762145,138,188,238,482,Other
1999,0.0001713791536497,<HDF5 object reference>,1227,2000,1999,0.0,DP,0.98,373.18345010101683,89998841,0.5631490787269682,138,188,238,1510,Other
2000,0.0009247697565531,<HDF5 object reference>,1227,2001,2000,0.4023310075596567,DP,0.97,373.3104832155521,90004546,0.5219430485762143,138,188,238,5705,Other
2001,0.0099928141909337,<HDF5 object reference>,1228,2002,2001,0.0,DP,0.97,373.5483828058009,90006368,0.5356783919597988,138,187,238,1822,Other
2002,0.0256444464751611,<HDF5 object reference>,1231,2003,2002,0.0,DP,0.99,373.84888228822956,90011861,0.5219430485762144,137,186,236,5493,Other
2003,0.0004946347259469,<HDF5 object reference>,1231,2004,2003,0.08202463562935,DP,0.99,373.97121541085994,90024498,0.5768844221105526,137,186,236,12637,Other
2004,0.0883535805194996,<HDF5 object reference>,1233,2005,2004,0.0,DP,0.99,374.0065486833363,90026640,0.6592964824120604,137,186,236,2142,Other
2006,0.0303196131385353,<HDF5 object reference>,1239,2007,2006,0.0,DP,0.94,374.11558182887416,90031092,0.4944723618090451,136,184,235,853,Other
2009,0.0003903205460197,<HDF5 object reference>,1232,2010,2009,0.0,DP,0.79,374.30138150885836,90038965,0.5631490787269682,137,186,236,663,Other
2011,0.0002580084965215,<HDF5 object reference>,1241,2012,2011,0.0,DP,0.89,374.3596814084443,90040703,0.5768844221105527,136,183,236,1003,Other
2012,0.0323949195292818,<HDF5 object reference>,1245,2013,2012,0.0,DP,0.84,374.5244811245982,90041107,0.5906197654941374,134,182,234,404,Other
2013,0.0003564497548362,<HDF5 object reference>,1243,2014,2013,0.0,DP,0.97,374.54241442704375,90041833,0.5631490787269682,136,182,234,726,Other
2014,0.0950227753566364,<HDF5 object reference>,1247,2015,2014,0.0,DP,0.69,374.5981476643838,90042055,0.5768844221105526,134,182,234,222,Other
2016,0.0106233827438442,<HDF5 object reference>,1247,2017,2016,0.0,DP,0.97,374.8216472794347,90046606,0.6180904522613065,134,182,234,2366,Other
2018,0.0048807539996198,<HDF5 object reference>,1300,2019,2018,0.0607634873733162,ORBm1,0.98,374.9267804316898,90055767,0.5631490787269682,128,162,226,7340,Other
2020,0.0128244439784117,<HDF5 object reference>,1307,2021,2020,0.0,ILA1,0.78,375.0223802670315,90068324,0.6455611390284757,128,158,226,921,Other
2021,0.0704961098683006,<HDF5 object reference>,1307,2022,2021,0.0,ILA1,0.47,375.0565135415747,90068572,0.7554438860971525,128,158,226,248,Other
2023,0.0836682735187202,<HDF5 object reference>,1312,2024,2023,0.0,ILA1,0.55,375.19191330836617,90070219,0.6592964824120603,128,157,226,658,Other
2025,0.0391626562826268,<HDF5 object reference>,1319,2026,2025,0.2630132683534826,ILA2/3,0.99,375.40794626961076,90077656,0.5906197654941373,126,155,224,3528,Other
2027,0.0011059082137226,<HDF5 object reference>,1323,2028,2027,0.0,ORBm2/3,0.58,376.1913449203082,90077935,0.7279731993299831,124,154,223,234,Other
2030,0.0014457124134697,<HDF5 object reference>,1326,2031,2030,0.0,ORBm2/3,0.65,376.3207780307098,90085926,0.5906197654941373,124,153,224,179,Other
2031,0.0388727858206654,<HDF5 object reference>,1330,2032,2031,0.0,ORBm2/3,0.85,376.52377768106925,90086406,0.6043551088777218,124,153,222,480,Other
2032,0.042628674101546,<HDF5 object reference>,1330,2033,2032,0.0,ORBm2/3,0.89,377.1327432988716,90086798,0.6318257956448912,124,153,222,392,Other
2033,0.0099902941651792,<HDF5 object reference>,1333,2034,2033,0.0,ORBm2/3,0.78,377.2329431262904,90087180,0.6730318257956448,123,152,222,382,Other
2034,0.0024814647642318,<HDF5 object reference>,1333,2035,2034,0.0,ORBm2/3,0.99,377.3761762129233,90090173,0.7142378559463985,123,152,222,2993,Other
2036,0.0016588523813301,<HDF5 object reference>,1343,2037,2036,0.0,ORBm2/3,0.89,377.54420925684155,90102627,0.7829145728643216,122,149,220,6122,Other
2037,0.0062969213977989,<HDF5 object reference>,1344,2038,2037,0.0,ORBm2/3,0.9,377.63164243958255,90104252,0.5768844221105526,122,149,220,1625,Other
2038,0.0034917954260775,<HDF5 object reference>,1351,2039,2038,0.4336154576179619,ORBm2/3,0.99,377.65280906979245,90113365,0.5768844221105527,121,148,220,9113,Other
2039,0.0007089932109892,<HDF5 object reference>,1359,2040,2039,0.0,ORBm5,0.59,377.67617569621314,90113730,0.7417085427135678,120,146,218,365,Other
2040,0.0004446435086101,<HDF5 object reference>,1356,2041,2040,0.0,ORBm5,0.97,377.6919090024479,90114312,0.7417085427135678,120,147,218,582,Other
2041,0.0006265920629807,<HDF5 object reference>,1357,2042,2041,0.0,ORBm5,0.57,377.92150860699235,90114725,0.4257956448911223,120,146,218,413,Other
2042,0.0052250356182677,<HDF5 object reference>,1357,2043,2042,0.1359573512753906,ORBm5,0.87,377.94410856806684,90119632,0.5082077051926298,120,146,218,4907,Other
2043,0.0105340484158915,<HDF5 object reference>,1358,2044,2043,0.1120757297288567,ORBm5,0.98,377.9745085157069,90128993,0.5906197654941373,120,146,218,9361,Other
2045,2.527173066514714e-05,<HDF5 object reference>,1359,2046,2045,0.0,ORBm5,0.99,378.06180836534423,90158425,0.5768844221105527,120,146,218,10240,Other
2046,0.0475238895774189,<HDF5 object reference>,1363,2047,2046,0.0471276851223596,ORBm5,0.99,378.1570082013749,90195698,0.5494137353433837,119,144,217,37273,Other
2047,0.0265720006049297,<HDF5 object reference>,1365,2048,2047,0.0,ORBm5,0.74,378.1928081397141,90196681,0.4120603015075377,120,144,216,983,Other
2048,0.042189414803985,<HDF5 object reference>,1367,2049,2048,0.0,ORBm5,0.27,378.30474128025713,90196805,0.7417085427135679,120,144,216,124,Other
2049,0.0076390852561332,<HDF5 object reference>,1367,2050,2049,0.3361542037787998,ORBm5,0.99,378.3074079423308,90247221,0.6867671691792293,120,144,216,50416,Other
2050,7.797002772253611e-05,<HDF5 object reference>,1368,2051,2050,0.0,ORBm5,0.99,378.51504091804327,90250540,0.6592964824120603,120,143,216,3319,Other
2051,0.0372462308255361,<HDF5 object reference>,1368,2052,2051,0.0,ORBm5,0.95,378.71004058218165,90251543,0.6318257956448912,120,143,216,1003,Other
2052,0.0039453250409379,<HDF5 object reference>,1374,2053,2052,0.0,ORBm5,0.91,378.74440718965633,90257052,0.6592964824120603,119,141,215,5509,Other
2053,0.0380753793297931,<HDF5 object reference>,1377,2054,2053,0.0,ORBm5,0.83,378.7689071474583,90257474,0.6730318257956449,118,140,214,422,Other
2055,0.07904573527833,<HDF5 object reference>,1381,2056,2055,0.3842868913920154,ORBm5,0.99,378.888573608015,90273351,0.6592964824120603,118,140,214,12383,Other
2057,0.0077650884769971,<HDF5 object reference>,1388,2058,2057,0.4871692696291208,ORBm5,0.97,378.94760683967127,90279118,0.6867671691792293,118,137,213,3666,Other
2058,0.0045889252430851,<HDF5 object reference>,1388,2059,2058,0.0,ORBm5,0.94,378.9636734786652,90284921,0.6180904522613065,118,137,213,5803,Other
2064,0.000278860476305,<HDF5 object reference>,1398,2065,2064,0.0,ORBm5,0.62,379.30410622564733,90365649,0.6592964824120602,116,134,212,928,Other
2066,0.0043648295410206,<HDF5 object reference>,1403,2067,2066,0.0,ORBm5,0.98,379.40240605633863,90371917,0.6318257956448909,116,132,211,5584,Other
2067,0.006515349250549,<HDF5 object reference>,1424,2068,2067,0.0,ORBm5,0.96,379.4618392873059,90380302,0.6730318257956448,112,124,208,8385,Other
2069,0.0145066409111569,<HDF5 object reference>,1426,2070,2069,0.3618420628346649,ORBm5,0.98,379.5941390594367,90391932,0.7417085427135678,112,124,206,10845,Other
2070,0.0008931379264667,<HDF5 object reference>,1432,2071,2070,0.1518143190788557,ORBm5,0.96,379.61977234862,90405863,0.6043551088777218,110,121,206,13931,Other
2071,0.000845694516376,<HDF5 object reference>,1432,2072,2071,0.0,ORBm5,0.36,379.79527204634456,90406169,0.5219430485762143,110,121,206,306,Other
2074,0.063540824503215,<HDF5 object reference>,1441,2075,2074,0.0,PL5,0.44,380.08717154358555,90428314,0.6318257956448912,109,118,205,518,Other
2076,0.0002587825220111,<HDF5 object reference>,1446,2077,2076,0.0,ORBm5,0.64,380.6848371808507,90466418,0.6455611390284756,108,117,203,1000,Other
2078,0.0002947409134522,<HDF5 object reference>,1447,2079,2078,0.0,PL5,0.4,380.98127000361694,90467382,0.7417085427135678,108,116,204,878,Other
2079,0.0737054482726329,<HDF5 object reference>,1451,2080,2079,0.1162450088189599,PL5,0.99,381.00803664011346,90516308,0.6592964824120603,107,115,202,48926,Other
2081,0.0198124467944412,<HDF5 object reference>,1459,2082,2081,0.2357634838512754,PL5,0.99,381.4965027809558,90544987,0.6730318257956448,105,112,202,26349,Other
2083,0.0028082786144089,<HDF5 object reference>,1466,2084,2083,0.0449710592901217,PL5,0.99,381.63320263380103,90570466,0.7005025125628139,104,108,200,8532,Other
2085,0.0002580084965215,<HDF5 object reference>,1472,2086,2085,0.0,PL5,0.77,381.8692023797518,90601221,0.9065326633165828,104,106,200,1003,Other
2086,0.0094294447404682,<HDF5 object reference>,1474,2087,2086,0.0,PL5,0.75,382.0544021803878,90602043,0.6455611390284756,102,106,200,822,Other
2087,0.0053461208025711,<HDF5 object reference>,1475,2088,2087,0.1877214201298192,PL5,0.97,382.1956020283889,90606219,0.6867671691792293,102,105,199,4176,Other
2089,0.0551824439972889,<HDF5 object reference>,1480,2090,2089,0.0,PL5,0.85,382.7076348105288,90607768,0.7966499162479062,101,103,200,1274,Other
2092,8.114848604926937e-05,<HDF5 object reference>,1493,2093,2092,0.0,PL5,0.79,383.0912010642938,90655329,0.9202680067001674,100,98,197,3189,Other
2093,0.0063744524161719,<HDF5 object reference>,1499,2094,2093,0.0,MOs5,0.99,383.2726008690204,90659821,0.7554438860971524,98,94,196,4492,Motor
2094,0.0009410273527675,<HDF5 object reference>,1505,2095,2094,0.0,MOs5,0.39,383.9912667620571,90660096,0.8241206030150754,98,93,195,275,Motor
2095,0.0018565726210252,<HDF5 object reference>,1507,2096,2095,0.0,MOs5,0.99,384.0993999789871,90662784,0.5631490787269681,98,93,195,2688,Motor
2096,0.0019849103773904,<HDF5 object reference>,1511,2097,2096,0.0,MOs2/3,0.99,384.46169958897855,90667266,0.7005025125628139,96,90,194,4482,Motor
2097,0.008412521721523,<HDF5 object reference>,1511,2098,2097,0.0,MOs2/3,0.93,384.69836600087837,90667907,0.7829145728643215,96,90,194,641,Motor
2100,0.0003816851357096,<HDF5 object reference>,1514,2101,2100,0.0,MOs2/3,0.74,384.9501990631183,90682073,0.769179229480737,96,90,194,678,Motor
2101,0.0023547405617527,<HDF5 object reference>,1516,2102,2101,0.0643955343526028,MOs2/3,0.99,385.144032187794,90689203,0.7554438860971525,96,90,194,7130,Motor
2102,7.613489909122575e-05,<HDF5 object reference>,1521,2103,2102,0.0,MOs2/3,0.66,385.2638320588317,90692602,0.769179229480737,94,87,194,3399,Motor
2103,0.0080664472949878,<HDF5 object reference>,1196,2104,2103,0.0,TTd,0.9,385.7440648752037,90694402,0.5082077051926298,143,198,243,1800,Other
2104,0.0154660344153987,<HDF5 object reference>,1219,2105,2104,0.0402098910420501,DP,0.99,386.14636444213596,90703425,0.5356783919597988,140,190,240,9023,Other
2106,0.0013324368363606,<HDF5 object reference>,1227,2107,2106,0.1793868481982916,DP,0.99,386.561663995074,90716376,0.5631490787269682,138,188,238,10464,Other
2108,0.0350543593277801,<HDF5 object reference>,1239,2109,2108,0.2957530344923013,DP,0.99,387.35032981275714,90726303,0.5906197654941373,136,184,235,3327,Other
2109,0.004536684246677,<HDF5 object reference>,1239,2110,2109,0.0,DP,0.97,387.38456310923897,90727906,0.5356783919597989,136,184,235,1603,Other
2111,0.0294619841794889,<HDF5 object reference>,1236,2112,2111,0.11801002569755,DP,0.99,387.4462630428202,90742722,0.5631490787269682,137,185,236,13935,Other
2112,0.0004837056486188,<HDF5 object reference>,1243,2113,2112,0.0,DP,0.81,387.4934296587129,90743257,0.5906197654941373,136,182,234,535,Other
2113,0.0004107659079541,<HDF5 object reference>,1307,2114,2113,0.0,ILA1,0.85,387.59139621992045,90743887,0.6730318257956448,128,158,226,630,Other
2116,0.0002665113511957,<HDF5 object reference>,1323,2117,2116,0.0,ORBm2/3,0.97,387.8600292640755,90750039,0.5494137353433837,124,154,223,971,Other
2117,5.353382747436255e-05,<HDF5 object reference>,1356,2118,2117,0.0,ORBm5,0.99,387.8983292228463,90754873,0.7142378559463987,120,147,218,4834,Other
2118,0.000342304923295,<HDF5 object reference>,1368,2119,2118,0.0,ORBm5,0.95,388.03846240532897,90755629,0.6180904522613065,120,143,216,756,Other
2119,0.0063095008947401,<HDF5 object reference>,1378,2120,2119,0.0,ORBm5,0.98,388.05876238347645,90761930,0.8378559463986601,118,140,214,6301,Other
2120,0.0001652506526252,<HDF5 object reference>,1392,2121,2120,0.0,ORBm5,0.94,388.1078623306213,90763496,0.6455611390284757,116,136,212,1566,Other
2121,0.0211238961047004,<HDF5 object reference>,1395,2122,2121,0.1094643460726073,ORBm5,0.99,388.1519622831486,90791912,0.6318257956448912,116,134,211,28416,Other
2122,0.0006046320607735,<HDF5 object reference>,1400,2123,2122,0.0,ORBm5,0.33,388.20716222372687,90792340,0.5768844221105527,116,132,211,428,Other
2125,0.0128633071215284,<HDF5 object reference>,1461,2126,2125,0.0,PL5,0.99,388.4778619323239,90810618,0.6867671691792295,105,110,201,2319,Other
2126,0.0138120314603789,<HDF5 object reference>,1485,2127,2126,0.0,PL5,0.95,388.5335285390665,90810980,0.8103852596314908,101,101,198,362,Other
2127,0.0051198077004293,<HDF5 object reference>,1505,2128,2127,0.0,MOs5,0.86,388.65422840913544,90812634,0.7279731993299831,98,93,195,1654,Motor
2128,0.070131829776247,<HDF5 object reference>,1319,2129,2128,0.0,ILA2/3,0.66,388.77079495032046,90812952,0.7554438860971524,126,155,224,318,Other
2129,0.0323567970632371,<HDF5 object reference>,1320,2130,2129,0.0,ILA2/3,0.72,389.1662278579779,90813378,0.6180904522613065,126,155,224,426,Other
2130,9.232341134894008e-05,<HDF5 object reference>,1356,2131,2130,0.4166665296725216,ORBm5,0.99,389.20002782159287,90816181,0.7142378559463987,120,147,218,2803,Other
2131,0.0146855703899653,<HDF5 object reference>,1487,2132,2131,0.0,PL5,0.76,389.5918940664231,90816935,0.7005025125628142,100,100,198,754,Other
2132,0.0154617283558266,<HDF5 object reference>,1212,2133,2132,0.0,TTd,0.97,390.03259359201854,90820265,0.6043551088777218,140,193,242,3330,Other
2134,0.0014764343401528,<HDF5 object reference>,1248,2135,2134,0.008555970183143,DP,0.99,390.8082260903984,90855120,0.5768844221105527,134,180,234,33880,Other
2135,0.0932483129714226,<HDF5 object reference>,1300,2136,2135,0.0,ORBm1,0.7,390.9332926224334,90855436,0.5768844221105528,128,162,226,316,Other
2136,0.0002371975453813,<HDF5 object reference>,1311,2137,2136,0.0,ILA1,0.79,391.2056256626054,90856527,0.6730318257956448,128,158,226,1091,Other
2137,0.0270641078330165,<HDF5 object reference>,1315,2138,2137,0.0,ILA1,0.8,391.5180919929081,90857404,0.604355108877722,126,156,226,877,Other
2141,6.496890089874478e-05,<HDF5 object reference>,1372,2142,2141,0.0143899521207511,ORBm5,0.99,392.1472246489923,90874861,0.6318257956448912,118,142,214,15083,Other
2142,0.0317846600378594,<HDF5 object reference>,1380,2143,2142,0.2943123589579597,ORBm5,0.99,392.89639050919635,90894308,0.6592964824120603,118,140,214,19447,Other
2143,0.0513855384776236,<HDF5 object reference>,1381,2144,2143,0.0712761254078954,ORBm5,0.99,392.98479041403556,90934402,0.604355108877722,118,140,214,40094,Other
2144,0.000280526001046,<HDF5 object reference>,1396,2145,2144,0.0657906080656949,ORBm5,0.99,393.31859005470665,90955564,0.6592964824120603,116,134,211,21162,Other
2145,0.0299703351236778,<HDF5 object reference>,1433,2146,2145,0.0,ORBm5,0.83,393.40998995631645,90955994,0.6455611390284757,110,121,206,430,Other
2146,0.0143789559357304,<HDF5 object reference>,1488,2147,2146,0.0,PL5,0.88,393.54022314945627,90956409,0.934003350083752,100,100,198,415,Other
2148,0.0021805676336572,<HDF5 object reference>,1245,2149,2148,0.0755647161136459,DP,0.98,394.58688868940766,90967969,0.6180904522613064,134,182,234,6582,Other
2149,0.0129727585210964,<HDF5 object reference>,1516,2150,2149,0.0,MOs2/3,0.86,396.00588716188315,90968692,0.7417085427135678,96,90,194,723,Motor
2150,0.0015285044624272,<HDF5 object reference>,1488,2151,2150,0.0,PL5,0.99,396.21115360758444,90976391,0.7829145728643216,100,100,198,7699,Other
