,amplitude_cutoff,electrode_group,electrodes,electrodes_index,id,isi_violations,location,presence_ratio,spike_times,spike_times_index,waveform_duration,x,y,z,spike_count,brain_area
0,0.0242829225542261,<HDF5 object reference>,30,1,0,0.0354687654356968,VAL,0.99,19.453553509965957,70121,0.4807370184254607,255,174,193,70121,Thalamus
2,0.0444490124913848,<HDF5 object reference>,32,3,2,0.1814057861790336,VAL,0.99,19.88775201435078,350355,0.4257956448911223,255,173,193,37867,Thalamus
4,2.096273973228776e-06,<HDF5 object reference>,34,5,4,0.0,VAL,0.99,21.458913269085656,542403,0.4944723618090452,255,172,193,136204,Thalamus
5,0.0007772601634627,<HDF5 object reference>,34,6,5,0.0044297559389595,VAL,0.99,21.49454647967889,635541,0.4670016750418761,255,172,193,93138,Thalamus
7,0.0001300893924888,<HDF5 object reference>,36,8,7,0.000309634068598,VAL,0.99,21.93411163224465,801809,0.4257956448911223,255,171,193,138177,Thalamus
14,0.013178206770328,<HDF5 object reference>,41,15,14,0.089302871955195,VAL,0.99,28.524088932787492,1281121,0.4532663316582914,255,169,193,28185,Thalamus
16,0.0113875679706529,<HDF5 object reference>,42,17,16,0.0488384379574727,VAL,0.99,30.740181299363087,1404797,0.4807370184254607,255,169,193,66470,Thalamus
17,0.00012848921244,<HDF5 object reference>,43,18,17,0.0006187396348809,VAL,0.99,31.336712577919002,1473915,0.4944723618090452,255,168,193,69118,Thalamus
20,0.0001967157013653,<HDF5 object reference>,45,21,20,0.0016632244739404,VAL,0.99,39.03055274282593,1612020,0.4395309882747068,255,167,192,42157,Thalamus
21,0.0293629835777487,<HDF5 object reference>,46,22,21,0.1497354127046432,VAL,0.99,39.619884046182506,1641825,0.4670016750418761,255,167,192,29805,Thalamus
22,0.0849545477056407,<HDF5 object reference>,46,23,22,0.4478803964588101,VAL,0.99,41.48691094846225,1670084,0.4807370184254607,255,167,192,28259,Thalamus
23,0.0002605499549603,<HDF5 object reference>,47,24,23,0.0044642572064967,VAL,0.99,44.766066319938716,1738164,0.4532663316582916,255,167,192,68080,Thalamus
26,1.6292603681415165e-05,<HDF5 object reference>,49,27,26,0.0,VAL,0.99,44.97846558832043,1839648,0.4532663316582913,255,166,192,15896,Thalamus
27,0.006669813024505,<HDF5 object reference>,49,28,27,0.0800812856622772,VAL,0.99,45.1539316505868,1892960,0.4807370184254607,255,166,192,53312,Thalamus
30,0.0001769235769872,<HDF5 object reference>,52,31,30,0.0010956747817235,VAL,0.99,46.82815921697204,2227841,0.4532663316582916,255,164,192,116142,Thalamus
33,0.0056375210271846,<HDF5 object reference>,53,34,33,0.3529606717980157,VAL,0.99,49.53918321206788,2313591,0.4257956448911223,255,164,192,14756,Thalamus
34,0.000722657465509,<HDF5 object reference>,53,35,34,0.0571012355495802,VAL,0.99,49.54531652427477,2373356,0.4532663316582913,255,164,192,59765,Thalamus
37,0.0696522234035882,<HDF5 object reference>,55,38,37,0.0284960362196826,TH,0.99,52.86220509911095,2546246,0.4807370184254607,255,163,191,112955,Thalamus
38,0.0017065322178718,<HDF5 object reference>,59,39,38,0.0423929865143581,TH,0.99,52.94693814057774,2569864,0.4807370184254607,255,161,191,23618,Thalamus
39,0.0206610673218224,<HDF5 object reference>,56,40,39,0.0151132813659142,TH,0.99,53.18857064159761,2652601,0.4120603015075377,255,163,191,82737,Thalamus
41,0.0250804246953228,<HDF5 object reference>,57,42,41,0.2138124826452314,TH,0.99,53.51033619992916,2805259,0.4395309882747068,255,162,191,130561,Thalamus
42,0.0008708411477261,<HDF5 object reference>,59,43,42,0.0769990224747946,TH,0.99,53.88856823042613,2882397,0.4670016750418761,255,161,191,77138,Thalamus
43,3.252303309217092e-06,<HDF5 object reference>,60,44,43,0.0023343849080707,TH,0.99,55.4464628641918,2961966,0.4944723618090451,255,161,191,79569,Thalamus
47,0.000655472014497,<HDF5 object reference>,63,48,47,0.0323670460206839,AV,0.99,55.60639564662989,3223240,0.4807370184254607,255,160,191,115865,Thalamus
49,0.0131306284182011,<HDF5 object reference>,63,50,49,0.1132439547244801,AV,0.99,56.4798593046138,3348802,0.4532663316582913,255,160,191,49004,Thalamus
50,0.0063475943688061,<HDF5 object reference>,64,51,50,0.0419180873012281,AV,0.99,57.09762384336426,3472788,0.5082077051926297,255,159,191,123986,Thalamus
51,0.0008789761251683,<HDF5 object reference>,64,52,51,0.00499510213802,AV,0.99,57.16195695509941,3589452,0.4532663316582914,255,159,191,116664,Thalamus
53,0.0016271220885442,<HDF5 object reference>,62,54,53,0.014152275587581,AV,0.99,57.52265571265718,3787819,0.4395309882747068,255,160,191,66228,Thalamus
54,0.0033938785523668,<HDF5 object reference>,66,55,54,0.0245466817462066,AV,0.99,57.87238784132336,3865414,0.4395309882747068,255,158,191,77595,Thalamus
55,0.0017945594514367,<HDF5 object reference>,67,56,55,0.0177448340516423,AV,0.99,62.20887290411605,3906228,0.4257956448911223,256,158,191,40814,Thalamus
57,0.0056764550961949,<HDF5 object reference>,68,58,57,0.0048824151448873,AV,0.99,63.21803609467719,4124692,0.4395309882747068,256,157,191,187388,Thalamus
58,0.0001892486093496,<HDF5 object reference>,68,59,58,0.0002538298716497,AV,0.99,63.9361002879412,4232605,0.4670016750418761,256,157,191,107913,Thalamus
59,0.0006320398576606,<HDF5 object reference>,70,60,59,0.010575328106687,AV,0.99,66.72855733587073,4403919,0.4807370184254606,256,157,190,171314,Thalamus
60,0.0898125583229378,<HDF5 object reference>,69,61,60,0.0219172656010507,AV,0.99,67.71688726485962,4494621,0.4532663316582916,256,157,191,90702,Thalamus
61,0.0330501000911844,<HDF5 object reference>,70,62,61,0.0052624012013616,AV,0.99,68.04398613815363,4655364,0.4807370184254606,256,157,190,160743,Thalamus
62,0.0002251095361876,<HDF5 object reference>,71,63,62,0.0011791209426512,AV,0.99,68.88298324819237,4813695,0.4807370184254607,256,156,190,158331,Thalamus
68,0.0369320303457756,<HDF5 object reference>,73,69,68,0.0119414142122002,AV,0.99,72.21610510044574,5261982,0.4257956448911223,256,155,190,96986,Thalamus
69,5.567988486141462e-05,<HDF5 object reference>,74,70,69,0.0002286852161409,AV,0.99,72.8062364010467,5375673,0.4120603015075376,256,155,190,113691,Thalamus
70,0.0424292271603352,<HDF5 object reference>,76,71,70,0.0623557545968979,AV,0.99,73.04010226215247,5442426,0.4120603015075377,256,154,190,66753,Thalamus
73,0.0056765991267733,<HDF5 object reference>,78,74,73,0.0470192647970836,AV,0.99,76.70968962210269,5829584,0.4670016750418761,256,153,190,95804,Thalamus
75,9.350124079406891e-05,<HDF5 object reference>,79,76,75,0.0003899984794871,AV,0.99,76.89032233323897,5937002,0.4532663316582914,256,153,190,87059,Thalamus
79,0.0181133325771123,<HDF5 object reference>,82,80,79,0.0139035122109365,AV,0.99,78.62068303960457,6164167,0.4120603015075376,256,152,190,93363,Thalamus
85,0.0001425798705638,<HDF5 object reference>,87,86,85,0.0016722388257777,AV,0.99,82.82036857360909,6540514,0.4395309882747068,256,149,189,188023,Thalamus
87,0.0087322722363965,<HDF5 object reference>,87,88,87,0.0064531516687845,AV,0.99,83.38916661436004,6625914,0.4807370184254607,256,149,189,56625,Thalamus
89,0.0112032644051914,<HDF5 object reference>,88,90,89,0.0185983986974826,AV,0.99,83.74516538810711,6857643,0.4807370184254607,256,149,189,129182,Thalamus
92,0.0003971322680654,<HDF5 object reference>,90,93,92,0.0038940167323459,AV,0.99,85.32035996228238,7110732,0.4120603015075377,256,148,189,113598,Thalamus
94,0.0004457671246621,<HDF5 object reference>,91,95,94,0.0051471201451298,AV,0.99,85.45709282463356,7207418,0.4395309882747069,256,148,189,67781,Thalamus
95,0.0583438243347158,<HDF5 object reference>,91,96,95,0.0505431918364099,AV,0.99,85.62439224836358,7369824,0.5494137353433837,256,148,189,162406,Thalamus
99,3.7974021531108062e-06,<HDF5 object reference>,95,100,99,0.0,AV,0.99,86.37735632141346,7565464,0.4807370184254607,256,146,189,68159,Thalamus
100,0.0208479198321291,<HDF5 object reference>,96,101,100,0.05146896437327,LD,0.99,86.69952187836716,7683841,0.4944723618090452,256,146,189,118377,Thalamus
103,0.0105331311970215,<HDF5 object reference>,96,104,103,0.0254930089988814,LD,0.99,90.43814233386328,7887264,0.4120603015075376,256,146,189,101585,Thalamus
104,0.0116588914770897,<HDF5 object reference>,99,105,104,0.0073734635198755,LD,0.99,90.51267541046427,8033027,0.4395309882747068,256,145,189,145763,Thalamus
106,0.091492785334708,<HDF5 object reference>,99,107,106,0.0600126642129731,LD,0.99,90.99640707756329,8159983,0.4120603015075377,256,145,189,84218,Thalamus
109,0.0531684894800204,<HDF5 object reference>,103,110,109,0.136084407303987,LD,0.99,92.8846672400375,8288225,0.4944723618090452,256,143,189,35494,Thalamus
111,0.0341281744456015,<HDF5 object reference>,103,112,111,0.0467874926104113,LD,0.99,97.05971952555896,8425048,0.4395309882747068,256,143,189,96041,Thalamus
114,0.0749365299497475,<HDF5 object reference>,107,115,114,0.0529829712400503,LD,0.99,97.66485077449195,8688116,0.4944723618090452,256,141,189,133614,Thalamus
116,0.0001284859870678,<HDF5 object reference>,107,117,116,0.0031667372623887,LD,0.99,102.2384699099039,8890432,0.4395309882747068,256,141,189,86414,Thalamus
117,0.0675922886442666,<HDF5 object reference>,108,118,117,0.1707060105571427,LD,0.99,103.51246689292235,8991422,0.6180904522613065,256,141,188,100990,Thalamus
123,0.0030730448717233,<HDF5 object reference>,113,124,123,0.0276627408227034,LD,0.99,110.13398454568744,9442664,0.4532663316582913,256,138,188,107426,Thalamus
124,0.0057072641481395,<HDF5 object reference>,113,125,124,0.0343596815221211,LD,0.99,110.29188417176171,9509548,0.6043551088777218,256,138,188,66884,Thalamus
132,0.0879198359665595,<HDF5 object reference>,146,133,132,0.0,LD,0.9,116.1067704013959,9891330,0.6318257956448909,257,124,186,419,Thalamus
133,0.0023961344630656,<HDF5 object reference>,146,134,133,0.0,LD,0.41,116.7082356437189,9891438,0.5906197654941374,257,124,186,108,Thalamus
134,0.025899311171254,<HDF5 object reference>,147,135,134,0.0696485459494671,LD,0.99,116.79480210538553,10086768,0.4670016750418761,257,123,186,195330,Thalamus
136,9.728666241019128e-05,<HDF5 object reference>,149,137,136,0.0,LD,0.98,118.62239777741419,10314815,0.6180904522613065,257,122,186,2660,Thalamus
142,0.007812619023523,<HDF5 object reference>,155,143,142,0.0,LD,0.87,120.64242632707146,10387555,0.5768844221105528,257,120,186,1251,Thalamus
146,0.0180927951213483,<HDF5 object reference>,155,147,146,0.3292143837995629,LD,0.99,123.2795534153635,10638407,0.6180904522613065,257,120,186,23596,Thalamus
147,0.0215328135550628,<HDF5 object reference>,155,148,147,0.2022677837354504,LD,0.99,124.03898495026954,10661023,0.6318257956448912,257,120,186,22616,Thalamus
148,0.0044617676208809,<HDF5 object reference>,153,149,148,0.0,LD,0.25,124.04918492611475,10661081,0.5906197654941374,257,120,186,58,Thalamus
150,0.001888289926131,<HDF5 object reference>,156,151,150,0.0309335645348769,LD,0.99,125.54224805702427,10857731,0.7829145728643216,257,119,185,47891,Thalamus
155,0.0009542181460226,<HDF5 object reference>,159,156,155,0.0567834723740719,LD,0.99,126.95517804436561,10942089,0.5631490787269682,257,118,185,19090,Thalamus
157,0.0254263678605191,<HDF5 object reference>,160,158,157,0.1871066092214312,LD,0.99,127.30971053812239,11020593,0.5082077051926298,257,117,185,44266,Thalamus
160,0.0531991070589441,<HDF5 object reference>,164,161,160,0.0391847680929012,root,0.99,130.07407065844427,11241536,0.6318257956448912,257,116,185,104224,Other
163,0.0001308020883178,<HDF5 object reference>,171,164,163,0.0,alv,0.99,131.3508343015776,11610525,0.4120603015075377,257,113,185,43703,Other
167,3.73058864500065e-05,<HDF5 object reference>,184,168,167,0.0005811566032519,CA3,0.99,133.69075772857371,12261157,0.4395309882747068,257,108,184,225527,Other
171,0.0914387765764449,<HDF5 object reference>,192,172,171,0.2405466773915168,CA3,0.99,133.97082309892994,12733959,0.6043551088777218,257,104,184,45436,Other
177,0.0008512582960891,<HDF5 object reference>,199,178,177,0.0,CA3,0.63,140.52955940783264,12816281,0.6730318257956449,257,101,183,304,Other
189,0.0003864288680958,<HDF5 object reference>,205,190,189,0.0,CA3,0.95,150.53694642097886,13099829,0.6730318257956449,257,98,183,10282,Other
192,1.6161786285979143e-05,<HDF5 object reference>,207,193,192,0.0115291980506149,CA3,0.99,150.8300450643426,13127005,0.6592964824120603,257,97,183,16012,Other
197,0.0007423024977806,<HDF5 object reference>,208,198,197,0.3275027411450612,CA3,0.99,151.7531074585231,13583423,0.6730318257956448,258,97,183,12746,Other
198,0.003025937378593,<HDF5 object reference>,208,199,198,0.3700578357186809,CA3,0.99,151.89294014462692,13598903,0.6455611390284757,258,97,183,15480,Other
199,0.0021867879859763,<HDF5 object reference>,208,200,199,0.0613663542675493,CA3,0.99,152.46547082794498,13610925,0.6592964824120603,258,97,183,12022,Other
200,9.190046592957963e-06,<HDF5 object reference>,208,201,200,0.2124861670648324,CA3,0.99,152.91030210233248,13639084,0.604355108877722,258,97,183,28159,Other
204,0.0014581238004223,<HDF5 object reference>,208,205,204,0.1122539407184876,CA3,0.99,153.23216727921414,13707730,0.6318257956448912,258,97,183,10263,Other
205,0.0006102239990048,<HDF5 object reference>,209,206,205,0.2423204037845389,CA3,0.99,153.3510667288762,13738774,0.6592964824120603,258,97,183,31044,Other
206,0.008450276531564,<HDF5 object reference>,209,207,206,0.4830308679387738,CA3,0.99,153.38269991579216,13762758,0.7417085427135678,258,97,183,23984,Other
208,3.659255118934786e-05,<HDF5 object reference>,210,209,208,0.0,CA3,0.99,154.24922923830826,13770044,0.6730318257956448,258,96,183,7072,Other
210,0.0440613825110915,<HDF5 object reference>,210,211,210,0.0060845398889656,CA3,0.99,156.54761859998428,13890356,0.6455611390284756,258,96,183,116630,Other
211,0.001769826225365,<HDF5 object reference>,210,212,211,0.0412901891521602,CA3,0.99,156.84375056264133,13898817,0.6180904522613064,258,96,183,8461,Other
217,0.0005745378688876,<HDF5 object reference>,210,218,217,0.4777097262333202,CA3,0.99,160.74029919374473,14147801,0.6318257956448912,258,96,183,14926,Other
221,0.0011699676034265,<HDF5 object reference>,214,222,221,0.0273605508966851,CA3,0.99,161.628028418135,14505989,0.6592964824120603,258,94,182,10394,Other
222,0.0020013158774829,<HDF5 object reference>,215,223,222,0.0,CA3,0.99,161.65319496831574,14515677,0.604355108877722,258,94,182,9688,Other
225,0.003841167052856,<HDF5 object reference>,215,226,225,0.3628027490660869,CA3,0.99,161.9502269268071,14673291,0.5631490787269682,258,94,182,21550,Other
227,0.0124913065149571,<HDF5 object reference>,214,228,227,0.3993664116144737,CA3,0.99,164.32218501916557,14695311,0.5219430485762145,258,94,182,6664,Other
229,0.004226812950108,<HDF5 object reference>,227,230,229,0.0187735729917807,CA3,0.99,164.90131654467285,14834291,0.4807370184254607,258,89,181,39680,Other
235,0.0227363174445139,<HDF5 object reference>,253,236,235,0.0142427786470124,CA1,0.99,169.44216903654322,15541374,0.5906197654941373,259,78,180,82757,Other
236,0.0451269758771756,<HDF5 object reference>,254,237,236,0.0765437070973,CA1,0.99,169.61836848651626,15662353,0.6592964824120603,259,77,180,120979,Other
237,0.0083197167782414,<HDF5 object reference>,255,238,237,0.3073183604819846,CA1,0.99,169.6300351167642,15691938,0.7279731993299832,259,77,180,29585,Other
242,0.0032770006336072,<HDF5 object reference>,271,243,242,0.0442027365461562,alv,0.98,169.8442011148869,15849393,0.5768844221105526,259,69,179,16355,Other
243,0.0486197039085732,<HDF5 object reference>,271,244,243,0.0118150315363575,alv,0.99,170.03393385594757,15961237,0.4807370184254606,259,69,179,111844,Other
244,0.0351350055559849,<HDF5 object reference>,272,245,244,0.1557223950560529,alv,0.99,170.17606674559664,16014240,0.5219430485762143,259,69,179,53003,Other
260,0.0259271596035986,<HDF5 object reference>,293,261,260,0.1091573142784061,SSp-ll6a,0.99,175.44648362671404,16935878,0.5768844221105527,259,60,178,11636,Somatosensory
261,0.005423390788245,<HDF5 object reference>,295,262,261,0.2235040820658452,SSp-ll6a,0.99,176.13878146562627,16955462,0.6318257956448909,259,59,177,19584,Somatosensory
262,0.054208677295241,<HDF5 object reference>,294,263,262,0.2225627172124672,SSp-ll6a,0.99,176.15858140381846,16970488,0.5768844221105527,259,60,178,15026,Somatosensory
264,0.0324608713223363,<HDF5 object reference>,299,265,264,0.2996496107144849,SSp-ll6a,0.99,176.65944650697676,17025803,0.5356783919597989,259,58,177,27200,Somatosensory
265,0.0036207235331915,<HDF5 object reference>,296,266,265,0.015896472221811,SSp-ll6a,0.99,176.6689798105508,17139892,0.5768844221105526,259,59,177,114089,Somatosensory
266,0.0023957239394283,<HDF5 object reference>,296,267,266,0.0591517311653702,SSp-ll6a,0.99,176.85701255691816,17207696,0.5494137353433837,259,59,177,67804,Somatosensory
267,0.0055220107135706,<HDF5 object reference>,296,268,267,0.0279974138096778,SSp-ll6a,0.99,176.94711227566148,17225493,0.6318257956448912,259,59,177,17797,Somatosensory
268,0.0315386275532255,<HDF5 object reference>,297,269,268,0.0619401102075688,SSp-ll6a,0.99,177.02274537289733,17240940,0.5494137353433837,259,59,177,15447,Somatosensory
271,0.0013187770393592,<HDF5 object reference>,298,272,271,0.0446707298678324,SSp-ll6a,0.99,177.2386780321719,17354152,0.5494137353433837,259,58,177,21522,Somatosensory
274,0.0008341587054718,<HDF5 object reference>,303,275,274,0.0039023865081434,SSp-ll6a,0.99,177.57001033121313,17389168,0.4395309882747069,259,56,177,27522,Somatosensory
276,0.0044720598433675,<HDF5 object reference>,304,277,276,0.0174001515020485,SSp-tr6a,0.99,178.7874065309701,17483005,0.5219430485762144,260,56,177,34484,Somatosensory
277,0.0008773188528881,<HDF5 object reference>,302,278,277,0.0037951547478183,SSp-ll6a,0.99,179.3769046907834,17635865,0.5219430485762143,259,56,177,152860,Somatosensory
278,0.0007745756600951,<HDF5 object reference>,303,279,278,0.0328943402627707,SSp-ll6a,0.99,179.66807044854247,17793635,0.4807370184254607,259,56,177,157770,Somatosensory
279,0.0204691167202876,<HDF5 object reference>,303,280,279,0.1361423882277174,SSp-ll6a,0.98,179.72573693519652,17813405,0.5906197654941373,259,56,177,19770,Somatosensory
281,0.004344390317193,<HDF5 object reference>,305,282,281,0.0525438451699805,SSp-tr6a,0.99,180.55950099917223,17877892,0.5631490787269682,260,56,177,49752,Somatosensory
282,0.0003041862931038,<HDF5 object reference>,307,283,282,0.0241802689866387,SSp-tr6a,0.99,180.78033364315093,17914562,0.4807370184254607,260,55,177,36670,Somatosensory
283,0.0004889339885657,<HDF5 object reference>,307,284,283,0.0002687435394812,SSp-tr6a,0.99,180.78966694734925,18124314,0.5631490787269682,260,55,177,209752,Somatosensory
284,0.0035372829568257,<HDF5 object reference>,307,285,284,0.0272591483910252,SSp-tr6a,0.99,180.82880015852373,18309132,0.5082077051926298,260,55,177,184818,Somatosensory
285,5.353292645391229e-05,<HDF5 object reference>,308,286,285,0.0019407067915418,SSp-tr6a,0.99,181.13926585603582,18348159,0.4944723618090452,260,54,177,39027,Somatosensory
286,0.000389129381675,<HDF5 object reference>,308,287,286,0.0062027287718288,SSp-tr6a,0.99,181.8017971212012,18435479,0.4532663316582913,260,54,177,87320,Somatosensory
288,0.0006849989962847,<HDF5 object reference>,310,289,288,0.0020212402672937,SSp-tr6a,0.99,182.51146157256818,18680358,0.5631490787269682,260,53,177,143087,Somatosensory
289,0.0007494237214334,<HDF5 object reference>,311,290,289,0.006595843501157,SSp-tr6a,0.99,182.70546096697663,18762347,0.4532663316582916,260,53,177,81989,Somatosensory
290,0.011443128879808,<HDF5 object reference>,311,291,290,0.0918540573484196,SSp-tr6a,0.99,182.93402692014823,18803254,0.4944723618090452,260,53,177,40907,Somatosensory
292,0.000308375951149,<HDF5 object reference>,313,293,292,0.029479626773631,SSp-tr6a,0.99,183.27392585911437,18873688,0.4944723618090452,260,52,176,58388,Somatosensory
293,0.0002935941645216,<HDF5 object reference>,314,294,293,0.0,SSp-tr6a,0.4,183.30625909151578,18900748,0.7142378559463985,260,51,176,27060,Somatosensory
295,0.000555509841449,<HDF5 object reference>,316,296,295,0.014468350459376,SSp-tr6a,0.99,184.3986223482442,18973368,0.5219430485762143,260,50,176,67042,Somatosensory
297,0.0369684308242622,<HDF5 object reference>,315,298,297,0.020272904925399,SSp-tr6a,0.99,184.96658724194273,19015245,0.6043551088777219,260,51,176,12075,Somatosensory
298,7.973047472377465e-05,<HDF5 object reference>,317,299,298,0.0002321146379889,SSp-tr6a,0.99,185.6343851573343,19128093,0.4944723618090452,260,50,176,112848,Somatosensory
299,0.0012645251724865,<HDF5 object reference>,319,300,299,0.0187958390563842,SSp-tr6a,0.99,185.6542184287558,19161272,0.7142378559463985,260,49,176,33179,Somatosensory
300,0.0010739629396582,<HDF5 object reference>,318,301,300,0.0151199956742582,SSp-tr6a,0.99,186.15481686607987,19203219,0.4670016750418761,260,49,176,41947,Somatosensory
301,0.0771801876981775,<HDF5 object reference>,316,302,301,0.1056084170658191,SSp-tr6a,0.94,186.5252490430663,19216178,0.535678391959799,260,50,176,12959,Somatosensory
302,0.0007237549483056,<HDF5 object reference>,320,303,302,0.0131837553841876,SSp-tr6a,0.99,186.95324770701896,19270166,0.4807370184254607,260,48,176,53988,Somatosensory
304,0.0497754514995201,<HDF5 object reference>,319,305,304,0.0214040613422321,SSp-tr6a,0.99,187.89881142199914,19330766,0.4670016750418761,260,49,176,42371,Somatosensory
305,0.0439783244683724,<HDF5 object reference>,323,306,305,0.3002011975480121,SSp-tr5,0.99,187.91657803320527,19336201,0.6455611390284757,259,47,176,5435,Somatosensory
315,0.009401250162534,<HDF5 object reference>,59,316,315,0.0406411302246419,TH,0.99,192.61246337445598,19751161,0.4670016750418761,255,161,191,78627,Thalamus
318,0.0275421653756038,<HDF5 object reference>,63,319,318,0.0707593308930549,AV,0.99,193.44922742906687,20015643,0.4807370184254607,255,160,191,99501,Thalamus
320,0.0003892714060245,<HDF5 object reference>,152,321,320,0.0,LD,0.8,193.53196050413933,20018994,0.5494137353433837,257,121,186,697,Thalamus
321,0.0003249526074275,<HDF5 object reference>,155,322,321,0.0,LD,0.93,193.57352704105125,20019791,0.6180904522613064,257,120,186,797,Thalamus
323,0.0291587814873746,<HDF5 object reference>,152,324,323,0.0,LD,0.86,193.83282623161884,20020905,0.5631490787269681,257,121,186,668,Thalamus
324,0.0001772483027473,<HDF5 object reference>,156,325,324,0.0,LD,0.88,194.08989209582467,20022365,0.5356783919597988,257,119,185,1460,Thalamus
326,0.0087406694592363,<HDF5 object reference>,153,327,326,0.2499343286455639,LD,0.97,196.09841915930846,20033875,0.5631490787269682,257,120,186,3439,Thalamus
328,7.425610387692541e-05,<HDF5 object reference>,194,329,328,0.0,CA3,0.99,199.14444298412607,20037399,0.5631490787269681,257,103,184,3485,Other
329,0.0108376993525491,<HDF5 object reference>,199,330,329,0.0,CA3,0.44,199.17910954257707,20038815,0.5219430485762143,257,101,183,1416,Other
330,0.0003606028428565,<HDF5 object reference>,198,331,330,0.0496708683403026,CA3,0.99,199.27517590936148,20057711,0.4807370184254607,257,101,183,18896,Other
334,0.0034749397613668,<HDF5 object reference>,208,335,334,0.0,CA3,0.96,202.95813107925756,20377217,0.6867671691792295,258,97,183,2165,Other
340,0.0077556165080685,<HDF5 object reference>,215,341,340,0.0,CA3,0.76,206.02768816394672,20403545,1.0576214405360134,258,94,182,807,Other
342,0.0051474356964463,<HDF5 object reference>,215,343,342,0.0526335768946692,CA3,0.99,206.48782006092512,20415548,0.6180904522613065,258,94,182,7494,Other
350,0.0016087595317123,<HDF5 object reference>,299,351,350,0.0287708237528566,SSp-ll6a,0.99,209.09731191509445,20729546,0.5356783919597988,259,58,177,75171,Somatosensory
351,0.0034179625009665,<HDF5 object reference>,311,352,351,0.0473057677371934,SSp-tr6a,0.99,209.13491179772208,20750460,0.4944723618090452,260,53,177,20914,Somatosensory
357,5.067212101255119e-05,<HDF5 object reference>,319,358,357,0.2266671282882629,SSp-tr6a,0.99,212.7047673206718,20844972,0.4944723618090452,260,49,176,5107,Somatosensory
359,0.0366858686837906,<HDF5 object reference>,323,360,359,0.1021994754469641,SSp-tr5,0.99,213.104832738488,20851520,0.6455611390284757,259,47,176,5378,Somatosensory
361,0.0007070560710685,<HDF5 object reference>,155,362,361,0.0,LD,0.81,214.5815947952711,20860580,0.6180904522613065,257,120,186,366,Thalamus
362,0.000842939811111,<HDF5 object reference>,155,363,362,0.0,LD,0.71,216.6703882748606,20860887,0.5219430485762143,257,120,186,307,Thalamus
365,0.0846352033318272,<HDF5 object reference>,208,366,365,0.0,CA3,0.77,218.68271532648228,20863645,0.6318257956448909,258,97,183,272,Other
366,0.0101221056334727,<HDF5 object reference>,298,367,366,0.0,SSp-ll6a,0.99,219.0345808947599,20878558,0.5494137353433837,259,58,177,14913,Somatosensory
367,0.0129535887500033,<HDF5 object reference>,146,368,367,0.0,LD,0.86,219.2753468098479,20879838,0.6318257956448909,257,124,186,1280,Thalamus
368,0.0067985074898824,<HDF5 object reference>,200,369,368,0.4852884462798689,CA3,0.94,219.9095781633547,20882306,0.6730318257956448,257,101,183,2468,Other
369,2.6283010563792675e-05,<HDF5 object reference>,279,370,369,0.0,ccb,0.99,220.1830773095955,20892152,0.5631490787269682,259,66,178,9846,Other
372,0.0005206891790967,<HDF5 object reference>,155,373,372,0.0,LD,0.73,220.30907691627314,20975639,0.5219430485762143,257,120,186,497,Thalamus
374,0.0350397084681355,<HDF5 object reference>,414,375,374,0.0199020146799336,FF,0.99,220.55197615803505,21020886,0.7005025125628139,314,181,159,24374,Other
376,0.0080102664883123,<HDF5 object reference>,415,377,376,0.0277920529804901,FF,0.99,221.46457330925747,21122121,0.5494137353433837,314,180,159,30939,Other
377,0.0880618111458199,<HDF5 object reference>,416,378,377,0.0,FF,0.99,221.66133936169615,21124113,0.4944723618090452,314,180,159,1992,Other
379,0.0032426187960777,<HDF5 object reference>,418,380,379,0.0277949321459511,FF,0.99,228.24794943092107,21415731,0.5082077051926298,315,179,158,66032,Other
380,0.0036072736039646,<HDF5 object reference>,419,381,380,0.1045372554412692,FF,0.99,228.72471425007265,21449362,0.5494137353433837,315,178,158,33631,Other
381,0.002733153239345,<HDF5 object reference>,419,382,381,0.0053121609859814,FF,0.99,229.46297805588745,21523957,0.4807370184254607,315,178,158,74595,Other
382,7.256347290029793e-05,<HDF5 object reference>,419,383,382,0.0,FF,0.99,229.6000775246122,21585428,0.5494137353433837,315,178,158,61471,Other
386,0.095631348554364,<HDF5 object reference>,421,387,386,0.0092590878107744,HY,0.99,231.03603862677474,21909225,0.6180904522613065,315,177,158,218832,Thalamus
387,0.0088271718463396,<HDF5 object reference>,421,388,387,0.2814055136613405,HY,0.99,231.10150503975197,21941635,0.5494137353433837,315,177,158,32410,Thalamus
390,0.0090116782241354,<HDF5 object reference>,423,391,390,0.0282805400947382,MB,0.99,233.8547610372547,22184078,0.4670016750418761,315,177,158,38253,Other
392,0.0007725356764263,<HDF5 object reference>,423,393,392,0.0086033207774377,MB,0.99,233.91906078808623,22257891,0.4807370184254607,315,177,158,71789,Other
393,0.0001455022445331,<HDF5 object reference>,424,394,393,0.0039342894128531,MB,0.99,233.93266073538496,22325032,0.4395309882747068,316,176,157,67141,Other
395,0.0002293534946707,<HDF5 object reference>,427,396,395,0.0127349207102909,TH,0.99,234.02629370588045,22481134,0.4257956448911221,316,175,157,91411,Thalamus
398,0.0172350025531809,<HDF5 object reference>,429,399,398,0.0330265459355197,TH,0.99,234.37399235851066,22743198,0.4395309882747069,317,174,157,61311,Thalamus
399,0.0002972219912092,<HDF5 object reference>,427,400,399,0.0038288633091596,TH,0.99,234.40612556732435,22770983,0.4257956448911223,316,175,157,27785,Thalamus
400,9.8465272893432e-05,<HDF5 object reference>,430,401,400,0.0105011332549864,TH,0.99,234.62279139438755,22905203,0.4395309882747068,317,174,156,134220,Thalamus
402,1.3604380297081722e-05,<HDF5 object reference>,431,403,402,0.0,TH,0.99,234.6571579278802,23066216,0.4120603015075377,317,173,156,19022,Thalamus
410,0.001537999420174,<HDF5 object reference>,435,411,410,0.0,MGm,0.99,235.55378778667614,23508637,0.4807370184254606,316,172,155,27210,Other
412,0.0016847172576482,<HDF5 object reference>,435,413,412,0.0204265730513871,MGm,0.99,235.65665405472492,23616271,0.4944723618090452,316,172,155,72177,Other
416,0.0057112017969368,<HDF5 object reference>,435,417,416,0.1656624737622636,MGm,0.99,235.91418639009265,23798619,0.4395309882747069,316,172,155,53098,Other
420,0.0001349093309461,<HDF5 object reference>,438,421,420,0.00573027778075,MGm,0.99,236.10205232875856,24138431,0.4120603015075376,317,171,155,71822,Other
424,0.029331796522071,<HDF5 object reference>,443,425,424,0.0709658638672923,MGm,0.99,237.42208054684016,24342494,0.4395309882747068,317,169,154,108380,Other
427,0.0002260793861417,<HDF5 object reference>,442,428,427,0.002671673327156,MGm,0.99,238.92220806701758,24733784,0.4257956448911223,317,169,154,74377,Other
429,0.0092214365521165,<HDF5 object reference>,443,430,429,0.0401683693434398,MGm,0.99,240.09317019607968,24853565,0.4807370184254607,317,169,154,91189,Other
437,9.499569550543738e-05,<HDF5 object reference>,447,438,437,0.0031588068304227,MGm,0.99,243.85522228438873,25061595,0.4120603015075377,318,167,154,68402,Other
451,0.0009400774387253,<HDF5 object reference>,455,452,451,0.0169005889095967,MGm,0.99,247.25324245002744,26064977,0.4395309882747068,319,164,152,41821,Other
457,0.0006926609534252,<HDF5 object reference>,456,458,457,0.0028810017751413,MGm,0.99,254.38168149322397,26299488,0.4395309882747068,319,164,152,71624,Other
459,5.057709860220367e-05,<HDF5 object reference>,459,460,459,0.0002384964123194,MGm,0.99,257.5524373235135,26492397,0.535678391959799,319,163,152,111328,Other
461,0.0222313186837749,<HDF5 object reference>,460,462,461,0.2260194094384174,MGm,0.99,260.38822847126346,26555105,0.4120603015075377,320,162,152,43996,Other
467,1.089727562711342e-05,<HDF5 object reference>,463,468,467,0.0317739123566181,MGm,0.99,261.64025789624213,26802312,0.4257956448911223,320,161,151,40921,Other
469,0.0022404448366046,<HDF5 object reference>,464,470,469,0.0488769048645084,MGm,0.99,261.76169085050844,26855589,0.4120603015075376,320,161,151,23330,Other
472,0.0478648098707684,<HDF5 object reference>,465,473,472,0.0326577806179678,MGm,0.99,263.34995255923246,26968842,0.4120603015075376,320,160,151,82939,Other
478,0.0003782607860312,<HDF5 object reference>,467,479,478,0.0137042112694046,MGm,0.99,265.0782804973902,27211865,0.4532663316582913,320,159,150,58746,Other
480,0.0155983761816572,<HDF5 object reference>,468,481,480,0.1186251111822739,MGm,0.99,266.2811434091812,27257804,0.4120603015075377,321,159,150,22324,Other
492,2.0986968600498604e-05,<HDF5 object reference>,473,493,492,0.0010075188251649,MGm,0.99,273.9371195101662,27638657,0.4670016750418761,321,157,150,108330,Other
495,0.0079183107957071,<HDF5 object reference>,475,496,495,0.0772426755693468,MGm,0.99,274.42675131505723,27717333,0.4257956448911221,321,156,149,72933,Other
496,0.031037499529721,<HDF5 object reference>,475,497,496,0.1625341438502968,MGm,0.99,274.46501786227043,27814111,0.4395309882747068,321,156,149,96778,Other
504,0.061411265015774,<HDF5 object reference>,479,505,504,0.1367008192754802,MGm,0.99,275.5217478968988,28167387,0.4395309882747068,322,155,149,59912,Other
517,0.0010202349262341,<HDF5 object reference>,486,518,517,0.0,MGm,0.99,280.4809657494599,28678988,0.4395309882747068,323,152,148,16838,Other
519,0.000656067978835,<HDF5 object reference>,487,520,519,0.0723736059443194,MGm,0.99,280.7491649122452,28729541,0.4120603015075376,323,151,147,31954,Other
525,0.0239221171500487,<HDF5 object reference>,489,526,525,0.0668103364982386,MGm,0.99,289.7214022245186,28949712,0.4120603015075377,323,151,147,68482,Other
528,1.4444938739448127e-06,<HDF5 object reference>,490,529,528,0.0,MGm,0.99,294.66398466757084,29174025,0.5631490787269682,323,150,147,179151,Other
531,0.0055027345942427,<HDF5 object reference>,491,532,531,0.1916076904527044,MGm,0.99,295.31498235510924,29283131,0.4120603015075377,323,150,147,40247,Other
533,0.0064586087798255,<HDF5 object reference>,492,534,533,0.1076757350047252,MGm,0.99,295.8939136319738,29346408,0.4257956448911223,324,149,147,38502,Other
539,0.0002073345036686,<HDF5 object reference>,495,540,539,0.0009955727230286,MGm,0.99,296.16437933789734,29621840,0.4120603015075377,324,148,146,54489,Other
547,0.0001988886159242,<HDF5 object reference>,500,548,547,0.0,MGm,0.99,300.7390630877924,30003617,0.4670016750418761,325,146,145,85205,Other
549,0.0977903676263324,<HDF5 object reference>,501,550,549,0.0706025105620952,MGm,0.99,301.1820948473967,30088020,0.4670016750418761,325,146,145,84116,Other
551,0.00019382686138,<HDF5 object reference>,502,552,551,0.0,MGm,0.99,301.3132943813522,30219785,0.4532663316582913,325,145,145,63712,Other
552,0.0007727342349614,<HDF5 object reference>,503,553,552,0.0410416308361052,MGm,0.99,301.4267273117512,30369688,0.4670016750418761,325,145,145,149903,Other
557,0.0001125387003217,<HDF5 object reference>,506,558,557,0.0,MGd,0.99,301.660193149105,30722848,0.4120603015075377,326,144,145,103792,Other
562,0.0001726784000627,<HDF5 object reference>,508,563,562,0.0355752766791264,MGd,0.99,301.9750586973122,31069685,0.4532663316582916,326,143,145,88845,Other
563,0.0018836642983098,<HDF5 object reference>,508,564,563,0.0255057178741532,MGd,0.99,301.98319200175456,31131527,0.4532663316582913,326,143,145,61842,Other
564,0.001765705205135,<HDF5 object reference>,508,565,564,0.1492337949400732,MGd,0.99,302.0054919225412,31169291,0.4257956448911223,326,143,145,37764,Other
566,0.0001125621309518,<HDF5 object reference>,509,567,566,0.0016771069891551,MGd,0.99,303.25945413490706,31311103,0.5219430485762143,326,143,145,93875,Other
567,0.0002646759430621,<HDF5 object reference>,509,568,567,0.0217147540957626,MGd,0.99,303.8141854977342,31399960,0.4395309882747068,326,143,145,88857,Other
570,0.0469575882072314,<HDF5 object reference>,511,571,570,0.2764454136087707,MGd,0.99,304.6046493565301,31718765,0.4944723618090452,327,142,144,183117,Other
572,0.0007497065183651,<HDF5 object reference>,512,573,572,0.0017664401168051,MGd,0.99,304.916881580758,31849877,0.4807370184254607,327,142,144,57851,Other
573,0.0784301433483522,<HDF5 object reference>,512,574,573,0.0188336660528404,MGd,0.99,304.9781480297952,31907287,0.5631490787269682,327,142,144,57410,Other
575,0.0008155493495434,<HDF5 object reference>,514,576,575,0.0062857383715052,MGd,0.99,305.12528084048614,31956848,0.5082077051926298,327,141,144,48490,Other
593,0.0005589099717042,<HDF5 object reference>,560,594,593,0.0,root,0.99,312.6037876088094,32652321,0.5631490787269682,333,123,137,15229,Other
595,0.0013807711024485,<HDF5 object reference>,562,596,595,0.0,DG-mo,0.99,314.79047984128266,32695969,0.5219430485762144,333,123,136,28418,Other
596,0.010647472408351,<HDF5 object reference>,563,597,596,0.2287304236442888,DG-mo,0.99,314.95124593687905,32708422,0.4807370184254607,333,122,136,12453,Other
598,0.0002129227667689,<HDF5 object reference>,564,599,598,0.0,DG-mo,0.99,316.1480083524289,32811995,0.5494137353433836,333,122,136,27519,Other
600,0.0797328416962687,<HDF5 object reference>,565,601,600,0.0951195115704543,DG-mo,0.99,316.4372073251418,32858575,0.934003350083752,334,122,136,26147,Other
605,0.0082755201852421,<HDF5 object reference>,572,606,605,0.0402606759725734,DG-mo,0.99,317.1407048261913,33126202,0.5356783919597989,334,119,135,17140,Other
608,0.000417569512149,<HDF5 object reference>,572,609,608,0.0,DG-mo,0.99,319.7403305673142,33293644,0.535678391959799,334,119,135,23054,Other
609,0.0093857633232302,<HDF5 object reference>,572,610,609,0.0161756108871411,DG-mo,0.99,322.8250886007025,33317058,0.5631490787269682,334,119,135,23414,Other
613,0.0008750556648891,<HDF5 object reference>,575,614,613,0.0,DG-mo,0.99,323.8209191470158,33391438,0.5356783919597988,335,117,134,20284,Other
618,0.0311952809368223,<HDF5 object reference>,579,619,618,0.0,DG-sg,0.87,324.42135079992767,33558754,0.535678391959799,335,116,134,495,Other
620,0.0438413572979647,<HDF5 object reference>,578,621,620,0.0,DG-sg,0.85,324.49388393026334,33560436,0.5631490787269682,335,116,134,365,Other
623,0.0020450110774587,<HDF5 object reference>,580,624,623,0.0,DG-sg,0.99,324.7679164966647,33587936,0.5631490787269682,335,115,134,2986,Other
633,0.001560388781316,<HDF5 object reference>,631,634,633,0.0,CA1,0.99,325.6857805945152,34051706,0.5906197654941374,342,95,126,20188,Other
634,5.567740866583695e-05,<HDF5 object reference>,634,635,634,0.0,CA1,0.98,325.7123138535902,34056366,0.4807370184254607,342,94,125,4660,Other
635,0.0369714933899674,<HDF5 object reference>,635,636,635,0.0,CA1,0.99,326.31831215758945,34059759,0.5356783919597989,342,94,125,3393,Other
636,0.0210167290761782,<HDF5 object reference>,634,637,636,0.2592527229692681,CA1,0.99,326.39657860521265,34125495,0.5219430485762143,342,94,125,65736,Other
637,0.0422964792762092,<HDF5 object reference>,636,638,637,0.038335799375141,CA1,0.99,327.5819086211759,34260391,1.071356783919598,342,93,125,134896,Other
640,0.0043702642122873,<HDF5 object reference>,636,641,640,0.0,CA1,0.93,327.97480752157406,34314223,0.7691792294807369,342,93,125,4110,Other
641,0.007148575974756,<HDF5 object reference>,641,642,641,0.2725427069598386,CA1,0.99,327.9930741371181,34341579,0.6867671691792294,343,91,124,27356,Other
642,1.7205140749357087e-05,<HDF5 object reference>,638,643,642,0.0,CA1,0.99,328.3603397759225,34356620,0.6318257956448912,343,92,125,15041,Other
643,0.0048328089029127,<HDF5 object reference>,644,644,643,0.0458833354592488,CA1,0.99,328.692838845361,34395115,0.5219430485762145,343,90,124,38495,Other
644,0.0009684403977614,<HDF5 object reference>,640,645,644,0.0444524795033467,CA1,0.99,328.7629719824135,34411424,0.5631490787269681,343,92,125,16309,Other
646,0.0005380094012704,<HDF5 object reference>,645,647,646,0.0,CA1,0.85,328.86173837266375,34428609,0.6867671691792295,344,90,124,481,Other
647,0.0048315163792181,<HDF5 object reference>,639,648,647,0.0969212965960792,CA1,0.99,329.0290379044444,34439654,0.4807370184254607,343,92,125,11045,Other
648,0.0008126119293975,<HDF5 object reference>,643,649,648,0.063496691002115,CA1,0.99,329.1230376413684,34465183,0.7142378559463987,343,90,124,25529,Other
649,0.0025587303117198,<HDF5 object reference>,640,650,649,0.0,CA1,0.9,329.17397083215553,34478936,0.6867671691792294,343,92,125,13753,Other
653,0.0017772653354015,<HDF5 object reference>,641,654,653,0.0520316693631592,CA1,0.99,332.7220275689148,34597754,0.7005025125628142,343,91,124,32854,Other
654,6.429379428847667e-05,<HDF5 object reference>,641,655,654,0.0,CA1,0.99,332.8509272081648,34601779,0.7279731993299832,343,91,124,4025,Other
655,0.0122095626081147,<HDF5 object reference>,639,656,655,0.0,CA1,0.82,333.11722646287603,34603794,0.673031825795645,343,92,125,2015,Other
656,0.0001077362706124,<HDF5 object reference>,638,657,656,0.0,CA1,0.96,333.1669596570216,34606196,0.5219430485762143,343,92,125,2402,Other
657,5.398552981928231e-05,<HDF5 object reference>,642,658,657,0.0008112125178203,CA1,0.77,333.1992262333842,34666560,0.5906197654941374,343,91,124,60364,Other
660,0.0018647178520469,<HDF5 object reference>,643,661,660,0.0969444159601662,CA1,0.99,335.5272863845345,34732204,0.5494137353433837,343,90,124,21386,Other
662,0.0006520117291631,<HDF5 object reference>,644,663,662,0.012798967538063,CA1,0.99,336.64824991397285,34775828,0.6455611390284757,343,90,124,15197,Other
666,0.0006165452831347,<HDF5 object reference>,647,667,666,0.109093353487758,CA1,0.99,339.3104424633238,34973089,0.5494137353433837,344,89,123,30795,Other
669,0.0185559886477327,<HDF5 object reference>,649,670,669,0.0,CA1,0.58,341.5035029922961,35044296,0.7279731993299832,344,88,123,566,Other
670,0.0017950604468851,<HDF5 object reference>,649,671,670,0.0,CA1,0.99,341.5297695854507,35046536,0.7829145728643215,344,88,123,2240,Other
671,0.027814092825658,<HDF5 object reference>,650,672,671,0.1532711882281419,CA1,0.99,341.61090269171774,35067597,0.6455611390284757,344,87,123,21061,Other
672,0.0020194240425931,<HDF5 object reference>,656,673,672,0.0130240524793875,CA1,0.99,341.74146899296994,35136634,0.5219430485762143,345,85,122,69037,Other
675,0.0052549184122696,<HDF5 object reference>,651,676,675,0.0620529614689009,CA1,0.99,342.52393346976186,35249080,0.5082077051926298,344,87,123,33100,Other
677,0.000203161662286,<HDF5 object reference>,651,678,677,0.0051259153163983,CA1,0.99,344.6750274495188,35533592,0.4670016750418761,344,87,123,83186,Other
678,0.0595886961694547,<HDF5 object reference>,651,679,678,0.0721341677892996,CA1,0.99,344.76869385404234,35619714,0.4944723618090452,344,87,123,86122,Other
680,0.0033035541736579,<HDF5 object reference>,652,681,680,0.0138286908136596,CA1,0.99,346.2310230947709,35740051,0.5494137353433834,344,87,123,58481,Other
681,0.0326413540099591,<HDF5 object reference>,652,682,681,0.1621913538026537,CA1,0.99,346.35498941449436,35750508,0.4807370184254607,344,87,123,10457,Other
683,0.0012943461630081,<HDF5 object reference>,653,684,683,0.1005372615155852,CA1,0.98,346.6447552701965,35793585,0.6180904522613064,345,86,122,14346,Other
684,0.0012024862403374,<HDF5 object reference>,653,685,684,0.0,CA1,0.99,346.76178827599085,35796580,0.4395309882747068,345,86,122,2995,Other
685,0.0107899536830449,<HDF5 object reference>,655,686,685,0.0706344165572446,CA1,0.99,346.94162110602804,35809518,0.4670016750418761,345,85,122,12938,Other
688,4.17101499982637e-05,<HDF5 object reference>,655,689,688,0.0,CA1,0.99,347.2353202840554,35858969,0.5494137353433837,345,85,122,21142,Other
689,0.0142339789496591,<HDF5 object reference>,655,690,689,0.2398771424388086,CA1,0.94,347.26452020233387,35878196,0.4257956448911224,345,85,122,19227,Other
693,0.0096056516860109,<HDF5 object reference>,657,694,693,0.1063402084391072,ProS,0.99,347.7508188413352,36618960,0.4944723618090451,344,85,122,71904,Other
694,0.0123774666712613,<HDF5 object reference>,657,695,694,0.0,ProS,0.96,348.33468387394527,36620828,0.6180904522613065,344,85,122,1868,Other
698,0.0215662141772602,<HDF5 object reference>,659,699,698,0.1115313648597134,ProS,0.66,351.26563939077084,37107559,0.4944723618090452,345,84,122,42139,Other
701,0.0081262625495986,<HDF5 object reference>,659,702,701,0.1727711046240008,ProS,0.66,352.5958675693265,37150280,0.5082077051926298,345,84,122,27750,Other
707,0.0346832961250497,<HDF5 object reference>,681,708,707,0.0,alv,0.99,355.4477565179492,38524325,0.7691792294807371,348,76,119,2800,Other
710,3.8417832840125256e-05,<HDF5 object reference>,682,711,710,0.0,alv,0.97,355.7555219919915,38582066,0.6592964824120603,348,75,119,6736,Other
711,0.0018758213337779,<HDF5 object reference>,683,712,711,0.3903332713720665,fp,0.99,355.9350546296165,38591988,0.7417085427135678,348,75,118,9922,Other
714,3.3421480306223495e-05,<HDF5 object reference>,684,715,714,0.0,fp,0.98,356.33945306252895,38623571,0.5631490787269682,348,75,118,7743,Other
716,0.0139953372717183,<HDF5 object reference>,685,717,716,0.2921709445142981,fp,0.99,356.6918850301504,38715780,0.5631490787269682,348,74,118,76072,Other
717,2.0695979047593957e-05,<HDF5 object reference>,685,718,717,0.434970207134112,fp,0.99,356.8155512175972,38728284,0.4807370184254607,348,74,118,12504,Other
722,0.0108831780982228,<HDF5 object reference>,689,723,722,0.0,fp,0.77,357.7942140918397,38902694,0.7142378559463985,349,72,117,1228,Other
724,0.0120559872870479,<HDF5 object reference>,691,725,724,0.227477048198227,or,0.99,357.87644710651125,38936173,0.5768844221105527,349,72,117,24713,Other
727,0.002391684278279,<HDF5 object reference>,695,728,727,0.0304723809918161,or,0.97,358.08797962013324,38976111,0.6730318257956448,350,70,116,9849,Other
729,0.0030565121269483,<HDF5 object reference>,697,730,729,0.0689613861935845,VISp6b,0.97,358.21491246158814,38992878,0.7691792294807369,349,70,117,6547,Other
739,0.0431204565748308,<HDF5 object reference>,706,740,739,0.0250894432437648,VISp6a,0.99,362.667961872208,39268369,0.5494137353433837,351,66,114,43417,Other
740,0.0001215231430383,<HDF5 object reference>,706,741,740,0.0,VISp6a,0.99,362.6915617807559,39375704,0.5219430485762143,351,66,114,107335,Other
742,0.0001741718813121,<HDF5 object reference>,708,743,742,0.0,VISp6a,0.99,362.8566944741822,39543837,0.5768844221105527,351,65,114,155442,Other
743,0.0001496951477408,<HDF5 object reference>,711,744,743,0.0,VISp6a,0.99,362.88522769694623,39603360,0.5082077051926298,351,64,114,59523,Other
745,0.0056424640845915,<HDF5 object reference>,711,746,745,0.0195459598368236,VISp6a,0.99,363.04256042059825,39727252,0.4807370184254607,351,64,114,122975,Other
746,0.0033224933424615,<HDF5 object reference>,715,747,746,0.0297451741533041,VISp6a,0.99,363.0650936666128,39757158,0.5082077051926298,352,62,113,29906,Other
747,0.0002775397181618,<HDF5 object reference>,713,748,747,0.0023342536996806,VISp6a,0.99,363.20465979244574,39851308,0.4670016750418761,352,63,113,94150,Other
749,0.0192362024092098,<HDF5 object reference>,712,750,749,0.0620462981168656,VISp6a,0.99,363.30529273581556,39874291,0.5219430485762143,352,63,113,22892,Other
750,0.0886790926433298,<HDF5 object reference>,712,751,750,0.0208128031641423,VISp6a,0.99,363.35512587604006,39911977,0.4670016750418761,352,63,113,37686,Other
751,0.0165842565956071,<HDF5 object reference>,715,752,751,0.004104584810677,VISp6a,0.99,363.41352564973465,40034953,0.5494137353433837,352,62,113,122976,Other
752,2.7726703504444653e-05,<HDF5 object reference>,715,753,752,0.0001772539837194,VISp6a,0.99,363.4837587109073,40164089,0.4532663316582913,352,62,113,129136,Other
753,2.6227969258356987e-05,<HDF5 object reference>,716,754,753,0.0007914652173262,VISp5,0.99,363.5743916930281,40250515,0.5768844221105527,352,62,113,86426,Other
755,0.0019592566439765,<HDF5 object reference>,716,756,755,0.0205874085049089,VISp5,0.98,363.6457914163464,40315944,0.5494137353433837,352,62,113,63405,Other
757,0.0001508630047266,<HDF5 object reference>,718,758,757,0.0070416981078411,VISp5,0.99,363.7163911427649,40377577,0.5082077051926298,353,61,113,61465,Other
758,0.0016677172296095,<HDF5 object reference>,718,759,758,0.0453404581671029,VISp5,0.99,363.86245724340966,40410868,0.4944723618090452,353,61,113,33291,Other
759,0.0009949744828649,<HDF5 object reference>,715,760,759,0.0094003183949987,VISp6a,0.99,363.97435680978674,40464066,0.5494137353433834,352,62,113,53198,Other
761,0.0388172729323733,<HDF5 object reference>,719,762,761,0.0,VISp5,0.93,364.0141233223539,40516779,0.535678391959799,353,61,113,337,Other
762,0.0961424444214879,<HDF5 object reference>,719,763,762,0.0287733065181859,VISp5,0.99,364.02845660014424,40571361,0.4395309882747068,353,61,113,54582,Other
763,0.0606753474440531,<HDF5 object reference>,719,764,763,0.2608691675927801,VISp5,0.99,364.0646564598659,40627486,0.5082077051926298,353,61,113,56125,Other
764,0.0043396639031244,<HDF5 object reference>,720,765,764,0.0641487819506179,VISp5,0.99,366.108015208297,40648952,0.604355108877722,353,60,112,21466,Other
765,0.0175943236301031,<HDF5 object reference>,720,766,765,0.1032335263299876,VISp5,0.99,366.7525127107997,40654303,0.6455611390284757,353,60,112,5351,Other
766,0.0011688418192814,<HDF5 object reference>,722,767,766,0.0,VISp5,0.97,366.96684521357145,40659808,0.5631490787269682,353,60,112,5505,Other
767,0.0066662762921136,<HDF5 object reference>,723,768,767,0.1654272653855591,VISp5,0.99,367.0313116304238,40675049,0.5494137353433836,353,59,112,15241,Other
769,0.0424064364175778,<HDF5 object reference>,723,770,769,0.0474347286327428,VISp5,0.99,367.23917749158784,40726583,0.5906197654941373,353,59,112,7894,Other
770,0.0208027462228274,<HDF5 object reference>,724,771,770,0.0178494516561529,VISp5,0.98,367.28771063684997,40814806,0.7279731993299832,353,59,112,88223,Other
771,0.034928799028201,<HDF5 object reference>,724,772,771,0.3910822882988767,VISp5,0.99,367.43654339344033,40822582,0.5356783919597988,353,59,112,7776,Other
774,0.0885405801638822,<HDF5 object reference>,727,775,774,0.428940058107387,VISp5,0.99,368.03724106567205,40868004,0.604355108877722,354,58,111,26382,Other
779,0.0673187706366106,<HDF5 object reference>,730,780,779,0.0393121868782031,VISp5,0.99,371.6593603629025,40906131,0.604355108877722,354,56,111,12263,Other
784,0.0011611026752993,<HDF5 object reference>,733,785,784,0.0543311438440445,VISp5,0.96,373.1967210721306,40957207,0.4670016750418761,355,55,110,7376,Other
791,0.0487467880661082,<HDF5 object reference>,740,792,791,0.0,VISp4,0.56,374.2354503802758,41012701,0.5906197654941373,355,53,110,267,Other
793,0.0049312297535146,<HDF5 object reference>,742,794,793,0.0,VISp4,0.98,375.9301104799518,41019982,0.4944723618090452,355,52,109,2237,Other
795,0.0002293526423881,<HDF5 object reference>,743,796,795,0.0,VISp4,0.96,376.69454085103496,41022424,0.6180904522613064,355,51,109,1137,Other
796,7.724851403316211e-05,<HDF5 object reference>,744,797,796,0.0,VISp4,0.96,376.85687355531155,41025774,0.6592964824120603,355,51,109,3350,Other
797,0.0045870956412669,<HDF5 object reference>,745,798,797,0.0,VISp4,0.98,377.13820579845213,41029441,0.5906197654941373,355,50,109,3667,Other
799,0.0005935378945208,<HDF5 object reference>,742,800,799,0.0,VISp4,0.9,377.4997043976061,41069812,0.6592964824120604,355,52,109,436,Other
800,0.0932810587437758,<HDF5 object reference>,747,801,800,0.0,VISp4,0.91,377.5348042615903,41071061,0.7005025125628139,355,50,109,1249,Other
802,0.0003382778065504,<HDF5 object reference>,748,803,802,0.0,VISp4,0.85,377.8280697918214,41072943,0.6043551088777218,356,49,108,765,Other
804,0.0991554303010388,<HDF5 object reference>,755,805,804,0.0,VISp2/3,0.67,378.4226674876912,41090416,0.5494137353433836,357,47,108,194,Other
805,9.38302595737598e-05,<HDF5 object reference>,764,806,805,0.0032923127682104,VISp2/3,0.99,379.41693030148224,41230958,0.4670016750418761,358,43,106,140542,Other
807,0.0007367190481438,<HDF5 object reference>,416,808,807,0.0872468444173653,FF,0.99,380.6490267694823,41295292,0.5082077051926298,314,180,159,64027,Other
809,0.0125018622230562,<HDF5 object reference>,423,810,809,0.0405824327135271,MB,0.99,380.725359889183,41379248,0.4257956448911223,315,177,158,70377,Other
813,0.0028817562454465,<HDF5 object reference>,455,814,813,0.0111612546525414,MGm,0.99,382.34555535475977,41537769,0.5219430485762143,319,164,152,117352,Other
819,0.0077977797897313,<HDF5 object reference>,500,820,819,0.0149708096707659,MGm,0.99,382.813587378217,42067311,0.4257956448911223,325,146,145,84309,Other
821,0.0500532471194971,<HDF5 object reference>,504,822,821,0.0144406634665082,MGd,0.99,383.30011934989864,42120249,0.4532663316582916,326,145,146,51585,Other
823,0.0002590928077796,<HDF5 object reference>,508,824,823,0.0156855960181251,MGd,0.99,383.3767191355197,42172750,0.4670016750418761,326,143,145,51364,Other
824,0.0029676948286541,<HDF5 object reference>,513,825,824,0.028297966359154,MGd,0.99,383.40338572755485,42218457,0.5082077051926298,327,141,144,45707,Other
829,0.0001157863633159,<HDF5 object reference>,578,830,829,0.0,DG-sg,0.97,384.07945050212646,42360968,0.6043551088777218,335,116,134,2235,Other
830,0.001549595940186,<HDF5 object reference>,576,831,830,0.0,DG-mo,0.61,384.2298167479648,42361135,0.6318257956448912,335,117,134,167,Other
831,0.0001812202535091,<HDF5 object reference>,576,832,831,0.0,DG-mo,0.98,384.8346817218025,42362563,0.5906197654941373,335,117,134,1428,Other
837,0.0041316469272792,<HDF5 object reference>,636,838,837,0.1017827773518059,CA1,0.99,387.33307472957745,42430846,0.4532663316582914,342,93,125,5389,Other
838,2.219213806801228e-05,<HDF5 object reference>,634,839,838,0.1304278466518495,CA1,0.98,387.36150798333495,42442507,0.4807370184254607,342,94,125,11661,Other
840,0.0107524952574451,<HDF5 object reference>,643,841,840,0.0,CA1,0.92,387.45760771438165,42452786,0.7005025125628142,343,90,124,1651,Other
843,0.0915959878284711,<HDF5 object reference>,651,844,843,0.0,CA1,0.92,387.6262405757641,42456504,0.5356783919597988,344,87,123,816,Other
844,0.0100131139953365,<HDF5 object reference>,659,845,844,0.4805712168534111,ProS,0.94,387.6910403944095,42484998,0.4944723618090452,345,84,122,28494,Other
845,0.0013013845609987,<HDF5 object reference>,659,846,845,0.2365671221337948,ProS,0.94,387.75237355609045,42494996,0.4807370184254606,345,84,122,9998,Other
847,0.0142012476096872,<HDF5 object reference>,660,848,847,0.0347975404118448,ProS,0.99,387.92990639256453,42567222,0.6730318257956448,345,84,121,71987,Other
848,0.002789514344741,<HDF5 object reference>,681,849,848,0.0276024841706983,alv,0.99,388.54237134513227,42607301,0.8515912897822445,348,76,119,40079,Other
853,0.0004066269837592,<HDF5 object reference>,688,854,853,0.0,fp,0.97,390.2707331746517,42620680,0.6043551088777218,349,73,117,6543,Other
855,0.0271764475494704,<HDF5 object reference>,696,856,855,0.0,or,0.48,390.41823276184624,42621199,0.5219430485762144,350,70,116,221,Other
857,7.511829376229328e-05,<HDF5 object reference>,700,858,857,0.4981294376015094,VISp6a,0.99,390.4732659411588,42626674,0.5906197654941374,350,68,115,3445,Other
862,0.0010732168029656,<HDF5 object reference>,707,863,862,0.1459417938759608,VISp6a,0.99,390.9004314123222,42666476,0.6318257956448912,351,65,114,15590,Other
867,0.0168821581474803,<HDF5 object reference>,711,868,867,0.0369443126093216,VISp6a,0.99,394.1085224338731,42731352,0.5082077051926298,351,64,114,28286,Other
868,0.0004769501067171,<HDF5 object reference>,711,869,868,0.0221577915908832,VISp6a,0.99,394.4140882453561,42802551,0.4944723618090452,351,64,114,71199,Other
869,0.0006809698338417,<HDF5 object reference>,715,870,869,0.0131057150771075,VISp6a,0.99,394.4738547447549,42896339,0.4944723618090453,352,62,113,93788,Other
871,0.025213056445438,<HDF5 object reference>,712,872,871,0.0896161512749233,VISp6a,0.99,394.78582053832633,42919987,0.4532663316582916,352,63,113,21489,Other
873,0.0112422232910438,<HDF5 object reference>,719,874,873,0.0253134081864664,VISp5,0.99,394.92988680179633,43020015,0.5219430485762143,353,61,113,63010,Other
874,0.0085381225885533,<HDF5 object reference>,720,875,874,0.0,VISp5,0.97,395.0270865297645,43024745,0.6318257956448912,353,60,112,4730,Other
875,0.015017116166245,<HDF5 object reference>,720,876,875,0.0,VISp5,0.98,395.04315315146573,43026269,0.5906197654941373,353,60,112,1524,Other
876,0.0060541374474303,<HDF5 object reference>,720,877,876,0.0217991190675041,VISp5,0.99,395.08325303923857,43042737,0.6592964824120603,353,60,112,16468,Other
877,0.0048107252355498,<HDF5 object reference>,723,878,877,0.1521777127998484,VISp5,0.99,395.42798540777324,43075718,0.4944723618090452,353,59,112,32981,Other
879,0.0001253184125961,<HDF5 object reference>,724,880,879,0.0,VISp5,0.93,395.6581514302768,43082559,0.6180904522613064,353,59,112,2065,Other
880,0.0184560362512071,<HDF5 object reference>,728,881,880,0.2966021569987179,VISp5,0.98,395.7033179705364,43089618,0.5906197654941373,354,57,111,7059,Other
881,0.090387674967781,<HDF5 object reference>,728,882,881,0.3710772320990834,VISp5,0.99,396.41418264771386,43095929,0.4807370184254607,354,57,111,6311,Other
882,0.0001325730133253,<HDF5 object reference>,730,883,882,0.0,VISp5,0.9,398.5923432183865,43097881,0.5494137353433837,354,56,111,1952,Other
883,0.0052336654820703,<HDF5 object reference>,730,884,883,0.0,VISp5,0.93,398.8400758583932,43099648,0.6455611390284757,354,56,111,1767,Other
884,0.0265836354588457,<HDF5 object reference>,738,885,884,0.0,VISp4,0.9,398.87187576939516,43100616,0.5631490787269682,354,53,110,968,Other
886,0.0206629832810134,<HDF5 object reference>,740,887,886,0.3375092775854968,VISp4,0.99,398.9069090046813,43111274,0.5494137353433837,355,53,110,7249,Other
889,0.0074280349831843,<HDF5 object reference>,743,890,889,0.0,VISp4,0.95,399.34247445233575,43119838,0.5906197654941373,355,51,109,2420,Other
895,0.0059880957669958,<HDF5 object reference>,748,896,895,0.0,VISp4,0.82,405.7280232478372,43153208,0.5768844221105527,356,49,108,689,Other
896,0.0004582690316605,<HDF5 object reference>,755,897,896,0.0822318100526115,VISp2/3,0.99,406.1825553090767,43165199,0.6318257956448912,357,47,108,11991,Other
897,0.0391090143279414,<HDF5 object reference>,751,898,897,0.2868670053032606,VISp4,0.99,406.2198218714458,43168409,0.5494137353433836,356,48,108,3210,Other
899,0.03999814960589,<HDF5 object reference>,571,900,899,0.1249101893361502,DG-mo,0.99,406.2771217110814,43194493,0.6180904522613065,334,119,135,25741,Other
905,0.0537468482749066,<HDF5 object reference>,696,906,905,0.0,or,0.67,408.344582591568,43213985,0.5219430485762143,350,70,116,330,Other
906,0.0053434820702739,<HDF5 object reference>,697,907,906,0.0,VISp6b,0.99,408.56791529986253,43216543,0.7279731993299832,349,70,117,2558,Other
907,0.0101465111633188,<HDF5 object reference>,711,908,907,0.0,VISp6a,0.94,408.6350817785511,43217192,0.4670016750418761,351,64,114,649,Other
910,0.0098815855474622,<HDF5 object reference>,724,911,910,0.0,VISp5,0.95,409.1734802717412,43223971,0.6043551088777218,353,59,112,3457,Other
911,0.0688207074942889,<HDF5 object reference>,744,912,911,0.0,VISp4,0.99,409.18908022808176,43225572,0.6730318257956449,355,51,109,1601,Other
913,0.0002361154397911,<HDF5 object reference>,748,914,913,0.0,VISp4,0.83,409.26321335393953,43227220,0.5219430485762143,356,49,108,1096,Other
916,0.0002436746911592,<HDF5 object reference>,696,917,916,0.0,or,0.87,411.8955723447376,43229145,0.5631490787269682,350,70,116,1062,Other
919,0.0399334008886144,<HDF5 object reference>,696,920,919,0.0,or,0.67,412.3394043403717,43233078,0.6180904522613065,350,70,116,440,Other
920,0.0005892950053768,<HDF5 object reference>,468,921,920,0.0014658092733392,MGm,0.99,412.40100415471125,43296585,0.4120603015075377,321,159,150,63507,Other
924,0.0003053621514965,<HDF5 object reference>,565,925,924,0.0204488811376286,DG-mo,0.99,413.6254004644094,43351402,0.5219430485762143,334,122,136,17004,Other
925,0.0069618940676109,<HDF5 object reference>,638,926,925,0.0,CA1,0.99,415.3537619218349,43354141,0.7005025125628142,343,92,125,2739,Other
926,0.0040145462894756,<HDF5 object reference>,660,927,926,0.0266137628595718,ProS,0.99,415.64876103271445,43440406,0.6043551088777219,345,84,121,86265,Other
927,0.0034216455209672,<HDF5 object reference>,682,928,927,0.0,alv,0.95,416.0014266364552,43442658,0.5906197654941373,348,75,119,2252,Other
928,0.0001999864930534,<HDF5 object reference>,733,929,928,0.0,VISp5,0.87,416.7085911717445,43443952,0.5356783919597989,355,55,110,1294,Other
929,0.0017054502855583,<HDF5 object reference>,740,930,929,0.3271242289589514,VISp4,0.97,416.76975765405683,43446958,0.6180904522613064,355,53,110,3006,Other
931,0.008392348925321,<HDF5 object reference>,750,932,931,0.0,VISp4,0.97,416.7836242789298,43460048,0.5631490787269682,356,48,108,1756,Other
933,0.0039307503006499,<HDF5 object reference>,696,934,933,0.0535810517283324,or,0.99,417.114256615745,43471458,0.4670016750418761,350,70,116,10504,Other
934,0.0880855961716207,<HDF5 object reference>,696,935,934,0.0,or,0.62,417.5496219702306,43471779,0.6867671691792294,350,70,116,321,Other
940,0.009889497245103,<HDF5 object reference>,801,941,940,0.0,PAL,0.99,418.2137533018876,43700008,0.4395309882747068,243,181,159,72930,Other
947,0.0031683952957277,<HDF5 object reference>,809,948,947,0.0081014380049325,RT,0.99,418.67141858916176,44118009,0.3845896147403684,243,178,158,116189,RT
948,0.0707064008204519,<HDF5 object reference>,813,949,948,0.1198607487292426,RT,0.56,418.7529850099892,44122975,0.3571189279731993,244,176,157,4966,RT
949,4.13982175589224e-05,<HDF5 object reference>,811,950,949,0.0147107728058369,RT,0.99,419.38814976228406,44339813,0.2197654941373534,243,177,157,216838,RT
950,0.0880739807657851,<HDF5 object reference>,815,951,950,0.0895783883642703,RT,0.99,419.42674964594494,44402213,0.3159128978224456,244,176,157,62400,RT
953,0.0520803323409051,<HDF5 object reference>,823,954,953,0.0134097804773172,RT,0.99,419.5350826527651,44909308,0.233500837520938,245,172,155,142406,RT
955,0.0042192064134985,<HDF5 object reference>,821,956,955,0.0083637125547438,RT,0.99,419.6312156963557,45193725,0.1922948073701842,244,173,155,163892,RT
958,0.0834884536150823,<HDF5 object reference>,827,959,958,0.0321539525084357,RT,0.61,419.8657149895803,45322301,0.1510887772194304,245,171,154,19177,RT
960,0.0004047610802585,<HDF5 object reference>,827,961,960,0.0050883633269598,RT,0.99,420.2723470973339,45603724,0.1510887772194304,245,171,154,267308,RT
962,0.0268225798771397,<HDF5 object reference>,828,963,962,0.0405320862245117,RT,0.99,421.19634431242787,45997873,0.1785594639865997,245,170,154,101763,RT
965,0.0001993007712337,<HDF5 object reference>,839,966,965,0.0013326881712091,RT,0.99,423.02317213974476,46579663,0.3021775544388609,246,166,152,270544,RT
968,0.01674579411459,<HDF5 object reference>,844,969,968,0.0318289060845246,RT,0.99,423.52057064059727,47504646,0.1785594639865997,247,164,151,373629,RT
974,0.0183427562307151,<HDF5 object reference>,852,975,974,0.0186235107338735,RT,0.99,424.0478357180993,48768448,0.1648241206030151,248,161,149,420685,RT
978,0.0180190590561907,<HDF5 object reference>,860,979,978,0.0049675710961987,RT,0.99,426.08336291640114,49586136,0.1785594639865997,249,158,148,349267,RT
986,0.0163217810610361,<HDF5 object reference>,950,987,986,0.0,CP,0.88,426.3533621026299,49879947,0.5768844221105526,258,124,130,916,STR
997,0.010498113319905,<HDF5 object reference>,1006,998,997,0.0040495361455173,CP,0.99,429.68445206280245,50205087,0.164824120603015,264,103,119,123809,STR
1000,0.0011511585460673,<HDF5 object reference>,1019,1001,1000,0.0449359136747872,ccb,0.99,430.6424491754215,50330441,0.8103852596314908,265,98,117,11470,Other
1002,0.0038683195047595,<HDF5 object reference>,1024,1003,1002,0.0608945162119024,ccb,0.99,430.83341526652083,50371000,0.7829145728643215,266,96,116,17066,Other
1003,0.0338039969855472,<HDF5 object reference>,1021,1004,1003,0.3079121177011153,ccb,0.99,431.10758110685805,50382593,0.7829145728643216,265,97,117,11593,Other
1004,0.0008568957682486,<HDF5 object reference>,1022,1005,1004,0.0,ccb,0.74,431.2080808039543,50382895,0.7142378559463985,266,97,117,302,Other
1006,0.0703800265320681,<HDF5 object reference>,1023,1007,1006,0.1384715283888942,ccb,0.99,431.85467885512287,50417044,0.7417085427135678,266,96,117,29585,Other
1008,0.0556639349354307,<HDF5 object reference>,1024,1009,1008,0.275249727599076,ccb,0.99,432.2942441969499,50439671,0.6730318257956448,266,96,116,5676,Other
1009,0.0175782334020238,<HDF5 object reference>,1025,1010,1009,0.0805554832989502,ccb,0.99,432.32497743765396,50471147,0.6180904522613065,266,95,116,31476,Other
1012,0.0020864342804521,<HDF5 object reference>,1029,1013,1012,0.0,scwm,0.99,432.48897694336324,50740273,0.5356783919597988,267,95,115,2736,Other
1014,0.0052610874963907,<HDF5 object reference>,1029,1015,1014,0.0,scwm,0.96,432.62024321439645,50749669,0.6730318257956448,267,95,115,1678,Other
1016,0.0104386160849906,<HDF5 object reference>,1030,1017,1016,0.2369880360933948,scwm,0.99,432.7918760304325,50785090,0.6592964824120603,267,94,115,31191,Other
1017,0.001618511298487,<HDF5 object reference>,1031,1018,1017,0.0,scwm,0.99,432.818209284398,50789421,0.5631490787269682,267,94,115,4331,Other
1019,0.0079994948354524,<HDF5 object reference>,1031,1020,1019,0.0,scwm,0.99,432.9841421176136,50936200,0.5082077051926298,267,94,115,3168,Other
1020,1.78464547579018e-05,<HDF5 object reference>,1031,1021,1020,0.0421595510472717,scwm,0.99,433.0012420660748,50950703,0.5906197654941373,267,94,115,14503,Other
1022,0.0019464884382191,<HDF5 object reference>,1032,1023,1022,0.2783908557791741,or,0.99,433.1519749451027,50973684,0.6043551088777218,267,93,115,13034,Other
1023,0.0044978581825304,<HDF5 object reference>,1034,1024,1023,0.0,scwm,0.92,433.7209065636894,50975462,0.7005025125628139,267,92,115,1778,Other
1025,0.0254499479825267,<HDF5 object reference>,1036,1026,1025,0.0912829278390084,scwm,0.99,433.8907393851506,51006343,0.5356783919597988,267,91,114,11381,Other
1028,0.0309156866949308,<HDF5 object reference>,1037,1029,1028,0.0,scwm,0.86,435.81696691287914,51141225,0.5082077051926298,267,91,114,506,Other
1029,4.112881786571597e-05,<HDF5 object reference>,1039,1030,1029,0.0,SSp-bfd6b,0.99,435.94176653673594,51147517,0.5631490787269683,268,91,114,6292,Somatosensory
1034,0.0007656287633464,<HDF5 object reference>,1040,1035,1034,0.0,SSp-bfd6b,0.59,435.99796636735095,51286707,0.4944723618090452,268,90,114,338,Somatosensory
1035,0.0666837802023551,<HDF5 object reference>,1041,1036,1035,0.0,SSp-bfd6b,0.77,436.0031330184455,51287230,0.5219430485762143,268,90,113,523,Somatosensory
1037,0.0240889220483043,<HDF5 object reference>,1044,1038,1037,0.1134597022218684,SSp-bfd6a,0.99,436.18283247683553,51332997,0.7005025125628142,268,89,112,26522,Somatosensory
1038,0.0115979198580597,<HDF5 object reference>,1047,1039,1038,0.0,SSp-bfd6a,0.99,436.57586462557913,51335515,0.6043551088777218,268,88,112,2518,Somatosensory
1039,4.186064736510668e-05,<HDF5 object reference>,1045,1040,1039,0.0,SSp-bfd6a,0.99,437.2800291699103,51341697,0.5631490787269682,268,88,112,6182,Somatosensory
1040,0.0099632031683095,<HDF5 object reference>,1047,1041,1040,0.3258222984944529,SSp-bfd6a,0.99,437.6336947706371,51349666,0.5082077051926298,268,88,112,7969,Somatosensory
1042,0.0164662692037665,<HDF5 object reference>,1047,1043,1042,0.0,SSp-bfd6a,0.93,437.79856094040093,51360973,0.535678391959799,268,88,112,1877,Somatosensory
1043,0.0042855673087919,<HDF5 object reference>,1047,1044,1043,0.0161766863504161,SSp-bfd6a,0.99,437.8222942022028,51452654,0.4807370184254607,268,88,112,91681,Somatosensory
1044,0.0155407482525043,<HDF5 object reference>,1047,1045,1044,0.3768632817923335,SSp-bfd6a,0.99,437.85382744049565,51464536,0.5356783919597989,268,88,112,11882,Somatosensory
1045,0.000805509546084,<HDF5 object reference>,1048,1046,1045,0.2570938392369449,SSp-bfd6a,0.99,437.86746073273855,51470409,0.5219430485762143,268,87,112,5873,Somatosensory
1047,0.0899343722956012,<HDF5 object reference>,1051,1048,1047,0.1251343061844212,SSp-bfd6a,0.99,438.0639601404939,51617631,0.6730318257956448,268,86,111,34709,Somatosensory
1048,0.0066962821661957,<HDF5 object reference>,1051,1049,1048,0.1338118887591061,SSp-bfd6a,0.99,438.1356265911596,51622331,0.4807370184254607,268,86,111,4700,Somatosensory
1049,0.0067521098276971,<HDF5 object reference>,1052,1050,1049,0.1191240319691449,SSp-bfd6a,0.99,438.8776910212614,51680637,0.5494137353433837,268,86,111,58306,Somatosensory
1055,0.0023311862617994,<HDF5 object reference>,1055,1056,1055,0.0,SSp-bfd6a,0.61,440.1403205490588,51848406,0.535678391959799,269,84,110,534,Somatosensory
1058,0.0034514565984371,<HDF5 object reference>,1057,1059,1058,0.402486979029242,SSp-bfd6a,0.95,441.33908360268157,51881056,0.5494137353433834,269,84,110,2710,Somatosensory
1062,0.0020290479159858,<HDF5 object reference>,1059,1063,1062,0.0520209346085723,SSp-bfd6a,0.98,443.83764222008017,51934349,0.5631490787269682,269,83,110,7538,Somatosensory
1064,0.0002612921403892,<HDF5 object reference>,1060,1065,1064,0.0,SSp-bfd6a,0.95,444.4851401291379,51965026,0.4807370184254607,269,83,109,3586,Somatosensory
1066,0.0005477707671757,<HDF5 object reference>,1063,1067,1066,0.0282860964567425,SSp-bfd6a,0.99,444.72507268766543,52027526,0.4807370184254606,270,81,109,25040,Somatosensory
1072,0.0673898585018547,<HDF5 object reference>,1067,1073,1072,0.1714238064918078,SSp-bfd6a,0.99,446.5740000503225,52487733,0.5082077051926297,270,80,108,8305,Somatosensory
1075,0.0007248443941176,<HDF5 object reference>,1070,1076,1075,0.0,SSp-bfd6a,0.99,446.82863256138006,52572848,0.4257956448911223,270,79,107,70267,Somatosensory
1077,0.0003541496111666,<HDF5 object reference>,1071,1078,1077,0.0023000973082547,SSp-bfd6a,0.99,446.9222322591218,52723754,0.4670016750418761,270,78,107,138842,Somatosensory
1078,3.799779715973407e-05,<HDF5 object reference>,1071,1079,1078,0.0020087270472092,SSp-bfd6a,0.99,447.0596318154223,52832254,0.4807370184254607,270,78,107,108500,Somatosensory
1080,0.0292438295171963,<HDF5 object reference>,1072,1081,1080,0.0,SSp-bfd6a,0.73,447.25539784990855,52878800,0.7142378559463985,270,78,107,423,Somatosensory
1081,0.0005325685025922,<HDF5 object reference>,1073,1082,1081,0.0158795491008436,SSp-bfd6a,0.99,447.6370966173021,52957176,0.4807370184254607,271,78,107,78376,Somatosensory
1084,0.0002026748491664,<HDF5 object reference>,1075,1085,1084,0.0045348358333486,SSp-bfd6a,0.99,450.19365502816447,53087015,0.4532663316582916,271,77,106,127654,Somatosensory
1085,0.0009256276915177,<HDF5 object reference>,1075,1086,1085,0.0,SSp-bfd6a,0.99,450.4172209728775,53115088,0.5219430485762143,271,77,106,28073,Somatosensory
1088,0.0001816533256602,<HDF5 object reference>,1075,1089,1088,0.0016323225705482,SSp-bfd6a,0.99,451.0423856207219,53357167,0.4807370184254607,271,77,106,73706,Somatosensory
1091,0.0007485535224681,<HDF5 object reference>,1076,1092,1091,0.0092219453709715,SSp-bfd6a,0.99,451.88201624266554,53530824,0.4395309882747068,271,76,106,140971,Somatosensory
1095,4.474719055551601e-05,<HDF5 object reference>,1078,1096,1095,0.0,SSp-bfd5,0.99,452.1426154011218,53788359,0.4395309882747068,271,76,106,60800,Somatosensory
1096,0.0059836061452305,<HDF5 object reference>,1081,1097,1096,0.0160099754982063,SSp-bfd5,0.99,452.28254828257485,53824309,0.4944723618090452,271,75,105,35950,Somatosensory
1097,0.0002162399257265,<HDF5 object reference>,1082,1098,1097,0.0028919061373878,SSp-bfd5,0.99,452.79157997211,53879684,0.4532663316582916,271,75,105,55375,Somatosensory
1098,0.0056282003308791,<HDF5 object reference>,1082,1099,1098,0.0058740895725349,SSp-bfd5,0.99,453.1158122584114,54010486,0.4944723618090452,271,75,105,130802,Somatosensory
1099,0.0010916068253993,<HDF5 object reference>,1083,1100,1099,0.0,SSp-bfd5,0.99,453.32101159576837,54035334,0.5768844221105527,272,74,105,24848,Somatosensory
1100,0.0083522607666457,<HDF5 object reference>,1083,1101,1100,0.0706562191212955,SSp-bfd5,0.99,454.37947484437683,54067674,0.5631490787269682,272,74,105,32340,Somatosensory
1101,0.0080763481629902,<HDF5 object reference>,1084,1102,1101,0.0826061372627996,SSp-bfd5,0.99,454.9585396410899,54092338,0.5494137353433837,272,74,104,24664,Somatosensory
1102,0.0212812261673699,<HDF5 object reference>,1085,1103,1102,0.0940555072259188,SSp-bfd5,0.99,456.01500289615683,54125974,0.6455611390284757,272,73,104,33636,Somatosensory
1103,0.0615261602370308,<HDF5 object reference>,1086,1104,1103,0.0775707271875895,SSp-bfd5,0.99,457.010933013368,54132147,0.4257956448911223,272,73,104,6173,Somatosensory
1106,0.0053819650245261,<HDF5 object reference>,1087,1107,1106,0.0117534727195055,SSp-bfd5,0.99,457.9854298664595,54321775,0.5631490787269682,272,73,104,31717,Somatosensory
1107,0.0129737863460895,<HDF5 object reference>,1088,1108,1107,0.2327304171280198,SSp-bfd5,0.99,458.00742979541593,54373420,0.6592964824120603,272,72,104,51645,Somatosensory
1109,0.0336122439574906,<HDF5 object reference>,1089,1110,1109,0.0839998775337937,SSp-bfd5,0.99,458.1158294453648,54502454,0.5906197654941373,272,72,103,26529,Somatosensory
1114,0.0150788590587381,<HDF5 object reference>,1093,1115,1114,0.0775114804433852,SSp-bfd5,0.99,458.7560607112218,54759913,0.5631490787269681,273,70,103,28965,Somatosensory
1130,0.0011103862435839,<HDF5 object reference>,1111,1131,1130,0.0633987832094831,SSp-bfd4,0.99,462.8016809801756,55418496,0.5219430485762143,275,63,100,19313,Somatosensory
1133,0.0180615395055992,<HDF5 object reference>,1115,1134,1133,0.2865287227899556,SSp-bfd4,0.99,463.01488029169855,55475505,0.5494137353433836,275,62,99,15735,Somatosensory
1134,0.0298462432366483,<HDF5 object reference>,1115,1135,1134,0.212288158597767,SSp-bfd4,0.99,463.07378010149546,55489957,0.5219430485762143,275,62,99,14452,Somatosensory
1135,0.0042082755082621,<HDF5 object reference>,1116,1136,1135,0.2255658116883379,SSp-bfd4,0.99,463.48164545105686,55493577,0.5219430485762143,276,61,99,3620,Somatosensory
1136,0.0003564611368944,<HDF5 object reference>,1117,1137,1136,0.0204104385256796,SSp-bfd4,0.99,463.50957869418636,55510596,0.5494137353433837,276,61,99,17019,Somatosensory
1138,0.0095694839775797,<HDF5 object reference>,1120,1139,1138,0.3929103928167341,SSp-bfd4,0.99,463.63624495181415,55523764,0.5356783919597988,276,60,98,12865,Somatosensory
1140,0.0031551914658484,<HDF5 object reference>,1121,1141,1140,0.0698762116370211,SSp-bfd4,0.99,463.8084110625108,55551678,0.4670016750418761,276,59,98,13008,Somatosensory
1143,0.0519096541915767,<HDF5 object reference>,813,1144,1143,0.1090961742386831,RT,0.81,464.5147421149141,55691106,0.3983249581239531,244,176,157,80471,RT
1145,0.0663802942680417,<HDF5 object reference>,827,1146,1145,0.4545797189832611,RT,0.96,465.8068379423944,55694343,0.1785594639865997,245,171,154,2550,RT
1150,0.0046118990395851,<HDF5 object reference>,1023,1151,1150,0.0,ccb,0.97,466.667435163298,55706938,0.7279731993299832,266,96,117,1501,Other
1151,0.0262263951914894,<HDF5 object reference>,1024,1152,1151,0.0255966813232099,ccb,0.99,468.5317958094503,55768670,0.769179229480737,266,96,116,61732,Other
1152,0.0046012353154799,<HDF5 object reference>,1024,1153,1152,0.1168532489088275,ccb,0.99,468.7432284600116,55778729,0.6043551088777218,266,96,116,10059,Other
1153,0.0205174643980719,<HDF5 object reference>,1026,1154,1153,0.1362943776288825,ccb,0.99,469.44995951112315,55783386,0.5494137353433836,266,95,116,4657,Other
1154,0.0090498274006864,<HDF5 object reference>,1035,1155,1154,0.2287670325251269,scwm,0.99,469.5163926299264,55802064,0.5906197654941374,267,92,114,18678,Other
1156,0.0042104669822402,<HDF5 object reference>,1037,1157,1156,0.0772200688761668,scwm,0.99,469.63575891112765,55808882,0.7829145728643216,267,91,114,6187,Other
1159,0.0007913838593611,<HDF5 object reference>,1044,1160,1159,0.0,SSp-bfd6a,0.72,471.1169207947303,55822570,0.5494137353433837,268,89,112,327,Somatosensory
1160,0.0003084416233743,<HDF5 object reference>,1047,1161,1160,0.0,SSp-bfd6a,0.91,471.5226861510731,55823409,0.4807370184254607,268,88,112,839,Somatosensory
1164,0.0041476837714203,<HDF5 object reference>,1055,1165,1164,0.0,SSp-bfd6a,0.98,472.1000842865016,55830840,0.7279731993299832,269,84,110,3238,Somatosensory
1166,9.853174019385228e-05,<HDF5 object reference>,1061,1167,1166,0.0085061052682668,SSp-bfd6a,0.99,474.0537781560291,55891121,0.5219430485762144,269,82,109,52726,Somatosensory
1167,0.0008496372508803,<HDF5 object reference>,1067,1168,1167,0.0105431076467584,SSp-bfd6a,0.99,474.10161134004517,56107502,0.4670016750418761,270,80,108,216381,Somatosensory
1168,0.0216300269637631,<HDF5 object reference>,1068,1169,1168,0.012772672612526,SSp-bfd6a,0.99,474.41911034893207,56262641,0.4532663316582916,270,79,108,155139,Somatosensory
1172,0.0200690425783048,<HDF5 object reference>,1077,1173,1172,0.138320159381714,SSp-bfd6a,0.99,476.0518052522696,56279321,0.4944723618090452,271,76,106,15332,Somatosensory
1174,0.0072454648820803,<HDF5 object reference>,1083,1175,1174,0.179388653436182,SSp-bfd5,0.99,480.39285836779305,56364998,0.5494137353433837,272,74,105,68408,Somatosensory
1176,0.0621865503221837,<HDF5 object reference>,1088,1177,1176,0.0683884200113731,SSp-bfd5,0.99,480.45309151310107,56397468,0.5768844221105526,272,72,104,28657,Somatosensory
1177,0.0599844480040346,<HDF5 object reference>,1084,1178,1177,0.1006859613451756,SSp-bfd5,0.99,480.4563581695705,56424012,0.6592964824120604,272,74,104,26544,Somatosensory
1179,0.0811560821994722,<HDF5 object reference>,1090,1180,1179,0.0,SSp-bfd5,0.7,481.1054228101002,56427354,0.5219430485762143,272,71,103,354,Somatosensory
1180,0.002906576031896,<HDF5 object reference>,1114,1181,1180,0.0853198142291214,SSp-bfd4,0.99,481.6994542890896,56433240,0.5219430485762143,275,62,99,5886,Somatosensory
1181,0.00644960648879,<HDF5 object reference>,1115,1182,1181,0.2247372878274179,SSp-bfd4,0.99,481.77272072704585,56444120,0.5631490787269682,275,62,99,10880,Somatosensory
1182,0.0110337656780032,<HDF5 object reference>,1115,1183,1182,0.0,SSp-bfd4,0.98,482.20055272484785,56447747,0.5219430485762143,275,62,99,3627,Somatosensory
1183,0.0048976757514687,<HDF5 object reference>,1116,1184,1183,0.2314087683054591,SSp-bfd4,0.99,482.5099850922491,56459050,0.5356783919597988,276,61,99,11303,Somatosensory
1184,0.00552429322456,<HDF5 object reference>,1118,1185,1184,0.1727828037620084,SSp-bfd4,0.99,482.55565161636196,56466214,0.5082077051926298,276,61,98,7164,Somatosensory
1186,0.0079516484787631,<HDF5 object reference>,1120,1187,1186,0.2257016419002272,SSp-bfd4,0.99,483.42561556732676,56478129,0.5219430485762143,276,60,98,11444,Somatosensory
1189,0.0546086774650135,<HDF5 object reference>,1022,1190,1189,0.0,ccb,0.99,484.74884477003377,56484232,0.7417085427135679,266,97,117,5282,Other
1191,0.0068359387351079,<HDF5 object reference>,1044,1192,1191,0.2564548161823921,SSp-bfd6a,0.99,486.9253046426072,56487720,0.7005025125628142,268,89,112,3395,Somatosensory
1195,0.0002407279274521,<HDF5 object reference>,1032,1196,1195,0.0,or,0.9,487.3179034170608,56638557,0.4257956448911223,267,93,115,1075,Other
1196,0.0057183753027027,<HDF5 object reference>,1037,1197,1196,0.0,scwm,0.94,487.41116979258476,56640694,0.4944723618090452,267,91,114,2137,Other
1197,0.000871321622933,<HDF5 object reference>,1037,1198,1197,0.0,scwm,0.93,487.45296966210117,56640991,0.6043551088777218,267,91,114,297,Other
1198,9.461883802965805e-05,<HDF5 object reference>,1040,1199,1198,0.0,SSp-bfd6b,0.83,487.4816695725108,56643726,0.4670016750418761,268,90,114,2735,Somatosensory
1199,0.0023412768125403,<HDF5 object reference>,1041,1200,1199,0.0,SSp-bfd6b,0.92,487.53603606946564,56645545,0.5356783919597989,268,90,113,1819,Somatosensory
1203,0.0796394257774243,<HDF5 object reference>,1070,1204,1203,0.0,SSp-bfd6a,0.93,488.12983421585005,56657733,0.4532663316582914,270,79,107,633,Somatosensory
1208,0.0448997288319537,<HDF5 object reference>,1189,1209,1208,0.0694827192385079,STR,0.99,491.90602242800367,56727887,0.5494137353433837,206,192,217,29169,STR
1211,0.0012859931100226,<HDF5 object reference>,1191,1212,1211,0.0,STR,0.99,492.64905344187224,56745590,0.3983249581239531,205,191,217,8135,STR
1212,0.0598277001007693,<HDF5 object reference>,1191,1213,1212,0.039592439204696,STR,0.99,492.68105334198054,56866248,0.5768844221105527,205,191,217,120658,STR
1215,1.769574138478473e-05,<HDF5 object reference>,1192,1216,1215,0.0,STR,0.99,492.89838599688267,56930500,0.5631490787269682,205,191,216,14624,STR
1219,0.0018102194930111,<HDF5 object reference>,1195,1220,1219,0.0,LSv,0.99,493.21251834961237,57231525,0.5768844221105527,204,190,217,34728,STR
1221,0.0066424697237828,<HDF5 object reference>,1196,1222,1221,0.2308921773576288,LSv,0.99,493.8961828821342,57253237,0.5082077051926298,204,190,216,3578,STR
1223,0.0196302764607365,<HDF5 object reference>,1198,1224,1223,0.0212839048608805,LSv,0.99,494.04418242013503,57354825,0.5082077051926298,204,189,216,101376,STR
1225,0.0002608024489515,<HDF5 object reference>,1199,1226,1225,0.0010905502387078,LSv,0.99,494.1076155554539,57535998,0.3983249581239531,204,188,216,147254,STR
1226,0.0056699311746789,<HDF5 object reference>,1200,1227,1226,0.1616077424823861,LSv,0.99,494.14791542965276,57553105,0.5082077051926298,204,188,215,17107,STR
1227,0.0561577649991052,<HDF5 object reference>,1203,1228,1227,0.0065030517969074,LSv,0.99,494.20384858838366,57700814,0.4944723618090452,203,186,215,147709,STR
1232,0.0035087568029504,<HDF5 object reference>,1205,1233,1232,0.0814185158670035,LSv,0.99,495.8099769079855,57849506,0.5494137353433837,203,186,214,54562,STR
1233,0.0426071493196763,<HDF5 object reference>,1206,1234,1233,0.0170773135476662,LSv,0.99,495.87997668947236,57926220,0.5631490787269682,203,185,214,76714,STR
1235,0.0008139495822118,<HDF5 object reference>,1207,1236,1235,0.0435537759428562,LSv,0.99,496.36837516487515,58050552,0.6455611390284757,203,185,214,27323,STR
1237,6.118789759877682e-06,<HDF5 object reference>,1208,1238,1237,0.0,LSv,0.99,498.5361683978359,58119971,0.6180904522613065,202,184,214,42360,STR
1240,0.0064442175608211,<HDF5 object reference>,1210,1241,1240,0.1812323445251824,LSv,0.99,499.2625994635234,58153123,0.5631490787269682,202,183,213,6995,STR
1242,0.0340533060555462,<HDF5 object reference>,1213,1243,1242,0.0052703289444987,LSr,0.99,499.52116532304416,58268170,0.8790619765494136,202,183,213,100476,STR
1244,0.0121428654771571,<HDF5 object reference>,1212,1245,1244,0.0219066860841942,LSr,0.99,499.5718651647783,58322639,0.6043551088777218,202,183,213,46464,STR
1246,0.0001155886466323,<HDF5 object reference>,1213,1247,1246,0.0404753807932104,LSr,0.99,499.7857644970646,58353276,0.6180904522613065,202,183,213,28343,STR
1250,0.0021886269247096,<HDF5 object reference>,1215,1251,1250,0.004644342580092,LSr,0.99,499.938364020706,58396930,0.6180904522613065,202,182,212,25228,STR
1253,0.0011583132835739,<HDF5 object reference>,1217,1254,1253,0.0,LSr,0.99,500.08916354996626,58411883,0.4944723618090452,202,181,212,14353,STR
1255,4.5562709652109175e-06,<HDF5 object reference>,1217,1256,1255,0.0009163029772376,LSr,0.99,500.16312998573744,58472322,0.4807370184254606,202,181,212,56797,STR
1256,0.0004353177841104,<HDF5 object reference>,1217,1257,1256,0.0,LSr,0.99,500.2538630358361,58493434,0.5356783919597989,202,181,212,21112,STR
1257,7.040184325061437e-05,<HDF5 object reference>,1217,1258,1257,0.0,LSr,0.99,500.4568957353774,58563066,0.4257956448911224,202,181,212,69632,STR
1258,0.0021632176531298,<HDF5 object reference>,1219,1259,1258,0.0492645938157475,LSr,0.99,501.3215263696574,58570812,0.5494137353433837,202,180,212,7746,STR
1261,0.0017432945625105,<HDF5 object reference>,1220,1262,1261,0.002486421085698,LSr,0.99,502.23622351431527,58638729,0.6180904522613065,201,180,211,48761,STR
1263,0.095093457232697,<HDF5 object reference>,1221,1264,1263,0.2405120582603985,LSr,0.99,502.3001899813026,58679769,0.5219430485762143,201,180,211,24540,STR
1264,1.1148652507802126e-05,<HDF5 object reference>,1222,1265,1264,0.0109722264849195,LSr,0.99,503.2457870295025,58702981,0.5082077051926298,201,179,211,23212,STR
1268,0.0013795191166948,<HDF5 object reference>,1225,1269,1268,0.0,LSr,0.99,503.3935199084503,58794663,0.7279731993299832,201,178,210,17344,STR
1272,0.0096265391469764,<HDF5 object reference>,1227,1273,1272,0.0,LSr,0.99,503.7576188502525,58838184,0.6043551088777218,201,177,210,11608,STR
1273,0.0360000871594646,<HDF5 object reference>,1227,1274,1273,0.1539419186484645,LSr,0.99,503.8217853304291,58850578,0.4395309882747068,201,177,210,12394,STR
1275,0.0948399324340463,<HDF5 object reference>,1228,1276,1275,0.0413595643157877,LSr,0.99,503.8971851112912,58967687,0.7554438860971523,200,177,210,57957,STR
1276,0.0017597220184336,<HDF5 object reference>,1228,1277,1276,0.0293949321575296,LSr,0.99,503.9113184035483,58990110,0.7005025125628142,200,177,210,22423,STR
1277,0.0003295205335966,<HDF5 object reference>,1229,1278,1277,0.0,LSr,0.99,504.6260496596247,59038843,0.5082077051926298,200,177,210,48733,STR
1280,0.001842736476542,<HDF5 object reference>,1232,1281,1280,0.0442730529419531,LSr,0.99,504.90284885515024,59113102,0.6043551088777218,200,175,209,8171,STR
1281,0.0049035670451317,<HDF5 object reference>,1233,1282,1281,0.0046591605127683,LSr,0.99,504.98524861566796,59148723,0.5494137353433837,200,175,209,35621,STR
1282,0.0257261730933714,<HDF5 object reference>,1235,1283,1282,0.0398168500845208,LSr,0.99,505.0050818913589,59188207,0.5906197654941373,200,174,209,39484,STR
1284,0.0385747161277115,<HDF5 object reference>,1234,1285,1284,0.0228692016603239,LSr,0.99,505.04994842762784,59255817,0.6043551088777219,200,175,209,49556,STR
1285,0.0002192347218359,<HDF5 object reference>,1235,1286,1285,0.033391893404154,LSr,0.99,505.2017146532092,59300939,0.4807370184254607,200,174,209,45122,STR
1286,0.0005514884008257,<HDF5 object reference>,1235,1287,1286,0.0,LSr,0.99,505.75754637110276,59349929,0.3433835845896147,200,174,209,48990,STR
1288,0.0081457016998411,<HDF5 object reference>,1235,1289,1288,0.0227702119519371,LSr,0.99,505.7959462594994,59382460,0.5356783919597989,200,174,209,32226,STR
1290,0.0033417841041149,<HDF5 object reference>,1236,1291,1290,0.0205880212788231,LSr,0.99,505.82324618015633,59453875,0.6318257956448912,199,174,208,31702,STR
1292,0.0174215124450826,<HDF5 object reference>,1239,1293,1292,0.0616848522648028,LSr,0.99,505.8496794366655,59519391,0.5082077051926298,199,173,208,43781,STR
1298,0.0854543694211576,<HDF5 object reference>,1244,1299,1298,0.4489763414332192,LSr,0.99,506.2148783752707,59590729,0.5219430485762143,198,171,207,8510,STR
1301,0.0075465184447676,<HDF5 object reference>,1244,1302,1301,0.0162901366221161,LSr,0.99,506.3493113178953,59708307,0.6455611390284756,198,171,207,71279,STR
1302,0.001106208211491,<HDF5 object reference>,1244,1303,1302,0.0,LSr,0.99,506.38414454999116,59742789,0.5219430485762143,198,171,207,34482,STR
1304,0.0005726329173144,<HDF5 object reference>,1244,1305,1304,0.0018007105659458,LSr,0.99,506.73611019372356,59865028,0.5768844221105527,198,171,207,121547,STR
1305,0.0001673161040443,<HDF5 object reference>,1245,1306,1305,0.0,LSr,0.99,507.4010749277721,59875144,0.5906197654941373,198,171,207,10116,STR
1307,4.0830312718693104e-05,<HDF5 object reference>,1247,1308,1307,0.0,LSr,0.99,510.08666712250965,59920632,0.5906197654941373,198,170,206,6338,STR
1308,0.0098970959043357,<HDF5 object reference>,1248,1309,1308,0.0,LSr,0.73,512.6978262002424,59923733,0.4395309882747069,198,169,206,3101,STR
1310,0.011316854798493,<HDF5 object reference>,1247,1311,1310,0.0,LSr,0.97,514.5538874725512,60044062,0.4532663316582913,198,170,206,3308,STR
1311,0.0403406907217758,<HDF5 object reference>,1248,1312,1311,0.0448853644201729,LSr,0.99,514.5725540849662,60183443,0.6867671691792294,198,169,206,139381,STR
1312,0.0005169867486574,<HDF5 object reference>,1248,1313,1312,0.0,LSr,0.99,514.6087206465203,60202779,0.5219430485762143,198,169,206,19336,STR
1313,0.030279630393715,<HDF5 object reference>,1248,1314,1313,0.0472041431633812,LSr,0.99,514.6785537768943,60234432,0.5082077051926298,198,169,206,31653,STR
1314,0.0419934725991806,<HDF5 object reference>,1249,1315,1314,0.2954759182789073,LSr,0.99,514.7215203186854,60238905,0.5219430485762143,198,169,206,4473,STR
1315,0.0010362461592033,<HDF5 object reference>,1249,1316,1315,0.0,LSr,0.99,514.8699532206211,60242041,0.3571189279731993,198,169,206,3136,STR
1316,0.0003489555174072,<HDF5 object reference>,1249,1317,1316,0.0019843935245012,LSr,0.99,514.9081197763626,60319231,0.535678391959799,198,169,206,77190,STR
1317,0.0035212873769648,<HDF5 object reference>,1250,1318,1317,0.0,LSr,0.99,514.9368863594236,60336546,0.4532663316582913,198,169,206,17315,STR
1318,0.0032126151232393,<HDF5 object reference>,1251,1319,1318,0.0,LSr,0.99,515.09941922038,60345663,0.3845896147403684,198,168,205,9117,STR
1319,0.000151134175678,<HDF5 object reference>,1252,1320,1319,0.0004491940631752,LSr,0.99,515.3713517633831,60426783,0.5631490787269682,197,168,205,81120,STR
1320,0.0027233725025898,<HDF5 object reference>,1251,1321,1320,0.0041164468051639,LSr,0.99,515.4938180741202,60519610,0.5356783919597988,198,168,205,92827,STR
1321,0.0027447628648693,<HDF5 object reference>,1254,1322,1321,0.0,LSr,0.99,515.6720508894472,60531539,0.4120603015075377,197,167,205,11929,STR
1322,2.910612102250527e-05,<HDF5 object reference>,1254,1323,1322,0.0373928589402337,LSr,0.99,515.9771833359598,60540430,0.5356783919597989,197,167,205,8891,STR
1323,0.0110137512525818,<HDF5 object reference>,1255,1324,1323,0.0115931597733275,LSr,0.99,516.0365164968504,60611840,0.7279731993299832,197,167,205,71410,STR
1324,5.282353990836397e-05,<HDF5 object reference>,1254,1325,1324,0.0,LSr,0.99,516.0595164300046,60616739,0.5494137353433836,197,167,205,4899,STR
1327,0.0672906935576654,<HDF5 object reference>,1257,1328,1327,0.0,LSr,0.99,516.2095826605267,60656843,0.5356783919597989,197,166,204,1363,STR
1328,0.0154573973524941,<HDF5 object reference>,1257,1329,1328,0.0475028190480955,LSr,0.99,516.3239823280416,60680508,0.4944723618090452,197,166,204,23665,STR
1329,0.0011193195124484,<HDF5 object reference>,1258,1330,1329,0.0015049081237957,LSr,0.99,516.3301156435494,60724827,0.6318257956448912,197,166,204,44319,STR
1330,0.0098267521608247,<HDF5 object reference>,1258,1331,1330,0.0632729163021968,LSr,0.99,516.351682247536,60747496,0.4532663316582913,197,166,204,22669,STR
1332,0.0021307664998492,<HDF5 object reference>,1260,1333,1332,0.0,LSr,0.99,519.8579720570417,60783940,0.6180904522613065,196,165,204,7563,STR
1333,0.0028587767589569,<HDF5 object reference>,1261,1334,1333,0.0290686068192913,LSr,0.99,519.9624384200929,60794024,0.535678391959799,196,165,204,10084,STR
1337,0.0433042583552644,<HDF5 object reference>,1264,1338,1337,0.1703688532806319,LSr,0.99,520.5143368160847,60945655,0.5494137353433837,196,164,203,37948,STR
1338,0.0006848145322639,<HDF5 object reference>,1264,1339,1338,0.0017618048971943,LSr,0.99,520.5394034098991,61003582,0.6318257956448912,196,164,203,57927,STR
1339,0.0020270776165399,<HDF5 object reference>,1265,1340,1339,0.0693130064928882,LSr,0.99,521.30760117725,61031288,0.5631490787269682,196,163,203,27706,STR
1343,0.0022632633752343,<HDF5 object reference>,1268,1344,1343,0.2420062217351039,LSr,0.99,523.9971266938893,61143562,0.4944723618090452,195,162,202,9885,STR
1344,3.497805578316918e-06,<HDF5 object reference>,1268,1345,1344,0.0016116569923761,LSr,0.99,524.0112933193828,61217739,0.4120603015075376,195,162,202,74177,STR
1345,0.003786832812705,<HDF5 object reference>,1269,1346,1345,0.0,LSr,0.99,524.0394265709513,61224457,0.4944723618090452,195,162,202,6718,STR
1349,0.0043859963821722,<HDF5 object reference>,1274,1350,1349,0.0,LSr,0.99,524.7728577726791,61301900,0.6180904522613065,195,160,201,5317,STR
1351,0.0008981248825219,<HDF5 object reference>,1296,1352,1351,0.0,STR,0.99,525.6250552958975,61322888,0.6455611390284757,192,152,197,13716,STR
1354,1.4294217963494723e-05,<HDF5 object reference>,1298,1355,1354,0.0,STR,0.99,525.8996878310534,61451738,0.7142378559463985,192,151,196,18104,STR
1356,0.0026871923252556,<HDF5 object reference>,1302,1357,1356,0.0,STR,0.98,526.1219205185015,61474030,0.5768844221105526,191,149,195,3881,STR
1357,0.0229294514841728,<HDF5 object reference>,1302,1358,1357,0.0,STR,0.57,526.1378871387636,61475655,0.6043551088777219,191,149,195,1625,STR
1360,0.0126152449930385,<HDF5 object reference>,1304,1361,1360,0.3340708963170459,VL,0.99,526.6987188421255,61533552,0.5768844221105527,190,149,195,32175,Other
1361,0.0017247168484253,<HDF5 object reference>,1306,1362,1361,0.0,VL,0.9,526.7571186723953,61536618,0.5906197654941373,190,148,194,3066,Other
1362,0.0125143547879501,<HDF5 object reference>,1306,1363,1362,0.1588767024711239,VL,0.99,527.4132834320196,61542718,0.6455611390284756,190,148,194,6100,Other
1364,0.0025071560923934,<HDF5 object reference>,1307,1365,1364,0.0915131773730097,VL,0.98,527.6327494608419,61635261,0.604355108877722,190,148,194,17050,Other
1369,0.0035795554463965,<HDF5 object reference>,1310,1370,1369,0.0,CP,0.83,528.9467123086768,61742766,0.6180904522613065,190,147,194,2030,STR
1372,0.0049694318140145,<HDF5 object reference>,1311,1373,1372,0.1420920392805952,CP,0.88,529.3487444735651,61750394,0.6043551088777218,190,147,194,4561,STR
1373,0.0409383831742476,<HDF5 object reference>,1311,1374,1373,0.3692960588538773,CP,0.99,529.4513775086114,61764254,0.5906197654941373,190,147,194,13860,STR
1375,0.0003096029350393,<HDF5 object reference>,1311,1376,1375,0.0432752123285618,CP,0.98,529.6531769221123,61799630,0.5768844221105527,190,147,194,24794,STR
1376,0.0006567889345691,<HDF5 object reference>,1312,1377,1376,0.0871012683162991,CP,0.99,529.821076434138,61821427,0.6730318257956449,190,146,194,21797,STR
1378,0.0038352958710634,<HDF5 object reference>,1314,1379,1378,0.1612305289972044,CP,0.99,530.0689423804203,61856996,0.6180904522613064,190,145,193,17127,STR
1380,0.0656063366440228,<HDF5 object reference>,1315,1381,1380,0.0647769320705307,CP,0.99,530.2507418520479,61902151,0.8103852596314908,189,145,193,29445,STR
1381,0.0664916417871629,<HDF5 object reference>,1316,1382,1381,0.3525894161354734,CP,0.99,530.27724177503,61907166,0.6867671691792293,189,145,193,5015,STR
1383,0.0001276405263354,<HDF5 object reference>,1317,1384,1383,0.0057135651564526,CP,0.99,530.6364073978368,61960433,0.9065326633165828,189,144,193,50860,STR
1384,0.0016332118492066,<HDF5 object reference>,1318,1385,1384,0.0474586891592514,CP,0.96,531.000439673166,61968325,0.6318257956448912,189,144,192,7892,STR
1385,0.0090262123178575,<HDF5 object reference>,1318,1386,1385,0.0126697893829951,CP,0.99,531.140905931589,62066128,0.3296482412060302,189,144,192,97803,STR
1387,0.0030310068385136,<HDF5 object reference>,1319,1388,1387,0.0,CP,0.97,531.2311390026738,62092871,0.6867671691792295,189,144,192,3946,STR
1388,0.0031440438838185,<HDF5 object reference>,1320,1389,1388,0.0425694386372793,CP,0.92,531.246672290862,62107304,0.6867671691792295,189,143,192,14433,STR
1393,0.0597372894020768,<HDF5 object reference>,1322,1394,1393,0.4962783514139577,CP,0.99,531.4007051765224,62213256,0.7279731993299832,189,142,192,34080,STR
1398,0.0005640363573539,<HDF5 object reference>,1324,1399,1398,0.0,CP,0.56,531.558571384375,62253080,0.6180904522613065,188,142,191,460,STR
1400,0.000158207294226,<HDF5 object reference>,1325,1401,1400,0.0,CP,0.83,532.9818339145471,62254820,0.6180904522613064,188,141,191,1636,STR
1401,0.000578693328262,<HDF5 object reference>,1326,1402,1401,0.039633700605521,CP,0.99,532.9898338912965,62280728,0.6592964824120603,188,141,191,25908,STR
1402,0.0002502003972886,<HDF5 object reference>,1327,1403,1402,0.0096059719570524,CP,0.99,533.1268334931281,62381498,0.3433835845896147,188,141,191,100770,STR
1404,0.005900251197859,<HDF5 object reference>,1327,1405,1404,0.2359904163623149,CP,0.99,533.6920651837021,62426489,0.535678391959799,188,141,191,11738,STR
1410,0.0007760552641672,<HDF5 object reference>,1331,1411,1410,0.0020861359112892,CP,0.99,534.3788298436065,62542813,0.3021775544388608,187,139,190,65198,STR
1420,0.0002446466384912,<HDF5 object reference>,1333,1421,1420,0.1087197760194165,CP,0.99,536.0730912214061,62639404,0.6180904522613065,187,138,189,35747,STR
1427,0.0077000244543364,<HDF5 object reference>,1334,1428,1427,0.0,CP,0.63,536.4046235198164,62681662,0.6180904522613065,187,138,189,896,STR
1428,0.0117168870477606,<HDF5 object reference>,1337,1429,1428,0.0,CP,0.92,536.4204234704947,62683320,0.5768844221105527,187,137,189,1658,STR
1431,0.0007109409945359,<HDF5 object reference>,1340,1432,1431,0.0,CP,0.53,536.4980565614858,62733804,0.3983249581239531,186,136,188,364,STR
1432,0.002632259065922,<HDF5 object reference>,1341,1433,1432,0.0,CP,0.58,536.5245564787626,62734326,0.5631490787269682,186,135,188,522,STR
1433,0.0004583409978133,<HDF5 object reference>,1340,1434,1433,0.0044199951420138,CP,0.99,536.6319228102708,62802746,0.3433835845896147,186,136,188,68420,STR
1440,0.0219228782864826,<HDF5 object reference>,1344,1441,1440,0.0,CP,0.78,539.0550152462586,62850079,0.5494137353433837,186,134,187,510,STR
1441,0.0179274827273955,<HDF5 object reference>,1345,1442,1441,0.0,CP,0.71,539.0574485719959,62850792,0.6592964824120603,186,134,187,713,STR
1442,0.0004994654174406,<HDF5 object reference>,1346,1443,1442,0.0282867752146368,CP,0.99,539.3923475265634,62873650,0.6592964824120602,185,133,187,22858,STR
1443,0.0008600056959367,<HDF5 object reference>,1346,1444,1443,0.1136447923673687,CP,0.98,539.7431464314969,62878750,0.6318257956448912,185,133,187,5100,STR
1447,0.0222792852296243,<HDF5 object reference>,1347,1448,1447,0.1148129251994065,CP,0.99,540.9608092970636,63013364,0.3433835845896147,185,133,187,49973,STR
1467,0.027145972676701,<HDF5 object reference>,1390,1468,1467,0.0285903068561779,ccg,0.99,548.5495522744383,63302759,0.4532663316582916,180,117,178,10168,Other
1472,0.0012707278352938,<HDF5 object reference>,1402,1473,1472,0.0007055479551913,ccg,0.99,551.1978773406652,63513180,0.7417085427135679,179,112,176,91537,Other
1473,0.0053565209720346,<HDF5 object reference>,1404,1474,1473,0.0,ccg,0.97,551.4065100227233,63520944,0.5906197654941373,179,112,175,7764,Other
1478,0.0127041682791919,<HDF5 object reference>,1408,1479,1478,0.2603955105371625,ccg,0.99,552.6676060860406,63698399,0.7005025125628142,178,110,175,15803,Other
1481,0.000216012121879,<HDF5 object reference>,1409,1482,1481,0.0,ccg,0.72,553.7704026435114,63788092,0.7142378559463987,178,110,174,1198,Other
1485,0.0010406013483325,<HDF5 object reference>,1410,1486,1485,0.0006689719985029,ccg,0.99,556.106295351705,64076197,0.8515912897822446,178,109,174,210204,Other
1488,0.0083154013223151,<HDF5 object reference>,1412,1489,1488,0.0329416219639833,ccg,0.99,557.2381918183364,64208574,0.7142378559463985,178,109,174,89365,Other
1494,0.0748858995879024,<HDF5 object reference>,1414,1495,1494,0.1146963408556925,ccg,0.99,559.487984795302,64365762,0.5768844221105527,177,108,173,12435,Other
1497,0.0175454646465419,<HDF5 object reference>,1418,1498,1497,0.2562202494343647,cing,0.99,559.7228173955735,64418802,0.5768844221105526,176,106,174,5883,Other
1498,0.0040224764019689,<HDF5 object reference>,1419,1499,1498,0.0,cing,0.99,559.901283505134,64427173,0.7142378559463987,176,106,173,8371,Other
1499,0.0125497680803114,<HDF5 object reference>,1419,1500,1499,0.1046394097613663,cing,0.99,559.9234834358339,64499072,0.7005025125628142,176,106,173,71899,Other
1501,0.0145619889312095,<HDF5 object reference>,1420,1502,1501,0.1413621893448873,cing,0.99,559.9895165630359,64516607,0.5631490787269681,176,105,173,10225,Other
1503,0.0019022670975966,<HDF5 object reference>,1421,1504,1503,0.0,cing,0.99,560.1314827865357,64709848,0.6318257956448912,176,105,173,7292,Other
1504,0.0229185613739977,<HDF5 object reference>,1421,1505,1504,0.0,cing,0.72,560.1924825961164,64711130,0.5082077051926298,176,105,173,1282,Other
1505,0.0040976530388022,<HDF5 object reference>,1423,1506,1505,0.1137228240526125,MOs6b,0.99,560.265515701467,64731523,0.5631490787269682,176,105,172,20393,Motor
1506,0.0001242144978991,<HDF5 object reference>,1423,1507,1506,0.0,MOs6b,0.94,560.3977486220174,64733608,0.5906197654941373,176,105,172,2085,Motor
1508,6.98027238048987e-05,<HDF5 object reference>,1420,1509,1508,0.0,cing,0.99,560.7143476337105,64743392,0.5768844221105527,176,105,173,3717,Other
1509,0.0004466025962164,<HDF5 object reference>,1427,1510,1509,0.0192158356785507,MOs6a,0.99,560.7233476056159,64797454,0.5219430485762144,176,103,171,54062,Motor
1510,0.0593039809055324,<HDF5 object reference>,1428,1511,1510,0.2388737920428609,MOs6a,0.99,560.8008806969192,64806761,0.6455611390284757,176,103,171,9307,Motor
1513,0.0068064562285248,<HDF5 object reference>,1431,1514,1513,0.0536119581571731,MOs6a,0.99,562.2218429278591,64956253,0.5906197654941373,175,101,170,12861,Motor
1514,0.0013184233783676,<HDF5 object reference>,1427,1515,1514,0.021483503651207,MOs6a,0.99,562.4112090033939,65059182,0.5219430485762143,176,103,171,102929,Motor
1515,0.0001443293485839,<HDF5 object reference>,1428,1516,1515,0.0,MOs6a,0.97,562.433908932533,65060975,0.4670016750418761,176,103,171,1793,Motor
1516,0.018376975743094,<HDF5 object reference>,1428,1517,1516,0.0,MOs6a,0.99,562.5959750932882,65067798,0.7005025125628139,176,103,171,6823,Motor
1521,0.0124051611993072,<HDF5 object reference>,1431,1522,1521,0.1057842345535424,MOs6a,0.99,562.7616745760347,65117407,0.5082077051926298,175,101,170,35852,Motor
1524,0.0244473807107114,<HDF5 object reference>,1432,1525,1524,0.197542952738378,MOs6a,0.99,562.8985074822256,65249890,0.6592964824120603,175,101,170,6700,Motor
1525,0.012062780218997,<HDF5 object reference>,1432,1526,1525,0.0,MOs6a,0.92,562.9467073317632,65251788,0.5219430485762143,175,101,170,1898,Motor
1527,0.0001532577952015,<HDF5 object reference>,1433,1528,1527,0.0129210652082127,MOp6a,0.99,563.005907146963,65305937,0.5631490787269682,174,101,171,21390,Motor
1528,0.0012160578480184,<HDF5 object reference>,1434,1529,1528,0.128643877743918,MOp6a,0.99,563.0307737360051,65325701,0.5768844221105527,174,101,170,19764,Motor
1529,0.0015815945903948,<HDF5 object reference>,1431,1530,1529,0.3111200990991324,MOs6a,0.99,563.0709069440572,65357585,0.5356783919597989,175,101,170,31884,Motor
1530,0.0020095152580541,<HDF5 object reference>,1435,1531,1530,0.0,MOp6a,0.95,563.0817402435729,65361499,0.5219430485762143,174,100,170,3914,Motor
1535,0.0101232096015357,<HDF5 object reference>,1436,1536,1535,0.4359597969769316,MOs6a,0.99,563.4405724567628,65541686,0.4944723618090452,174,100,170,51620,Motor
1536,0.0004688089166867,<HDF5 object reference>,1437,1537,1536,0.0,MOs6a,0.76,563.6064052724264,65542238,0.5082077051926297,174,99,169,552,Motor
1537,0.0885324995287776,<HDF5 object reference>,1437,1538,1537,0.2607555905298852,MOs6a,0.99,566.3202311270182,65557667,0.5219430485762143,174,99,169,15429,Motor
1538,0.0014938829140817,<HDF5 object reference>,1439,1539,1538,0.0,MOp6a,0.99,566.3434310770721,65570193,0.5494137353433837,174,98,169,12526,Motor
1541,0.002906951156536,<HDF5 object reference>,1440,1542,1541,0.0401294893298593,MOp6a,0.99,567.1542626648009,65668710,0.4807370184254607,174,98,169,52906,Motor
1542,0.0004124434422069,<HDF5 object reference>,1440,1543,1542,0.002344794825675,MOp6a,0.99,567.1944292449946,65718922,0.4670016750418761,174,98,169,50212,Motor
1544,0.0017369799087732,<HDF5 object reference>,1439,1545,1544,0.0235057570588726,MOp6a,0.99,567.6357616282023,65826825,0.8241206030150755,174,98,169,105792,Motor
1547,0.0017833903646018,<HDF5 object reference>,1444,1548,1547,0.0,MOp6a,0.98,567.9300609946179,65867895,0.4807370184254607,174,97,168,6067,Motor
1548,0.0267458846808721,<HDF5 object reference>,1444,1549,1548,0.0,MOp6a,0.99,567.9484609550053,65873655,0.5082077051926297,174,97,168,5760,Motor
1549,0.0059751611074352,<HDF5 object reference>,1445,1550,1549,0.0298162410202008,MOp6a,0.99,568.4891931242196,65887736,0.5219430485762143,173,96,168,14081,Motor
1550,0.0040097231735004,<HDF5 object reference>,1446,1551,1550,0.0,MOp6a,0.98,569.037991942734,65890123,0.5082077051926297,173,96,168,2387,Motor
1552,0.0024484626685022,<HDF5 object reference>,1447,1553,1552,0.0303448098704745,MOp6a,0.99,569.4373910828848,65974387,0.4532663316582913,173,95,167,32734,Motor
1555,0.0042804362681475,<HDF5 object reference>,1448,1556,1555,0.1325116313321985,MOp6a,0.99,569.9801232477932,66025562,0.5494137353433837,173,95,167,4723,Motor
1558,4.241641075415619e-05,<HDF5 object reference>,1449,1559,1558,0.0,MOp6a,0.99,571.012387692142,66164736,0.6043551088777218,173,95,167,6101,Motor
1560,0.0020505555657013,<HDF5 object reference>,1450,1561,1560,0.0228264249384358,MOp6a,0.99,571.0618542523143,66201195,0.5219430485762143,173,94,167,19710,Motor
1561,0.0004119892234804,<HDF5 object reference>,1456,1562,1561,0.0032141061649238,MOp6a,0.99,571.1249874497308,66281430,0.4670016750418761,172,92,166,80235,Motor
1562,2.2993911859210283e-05,<HDF5 object reference>,1452,1563,1562,0.0229819666885087,MOp6a,0.99,571.1349874282023,66292771,0.4807370184254607,173,94,166,11341,Motor
1564,0.000267523053665,<HDF5 object reference>,1454,1565,1564,0.0,MOp6a,0.94,571.2286538932185,66364520,0.5768844221105527,172,93,166,54199,Motor
1565,0.000179803547197,<HDF5 object reference>,1455,1566,1565,0.0006737952177361,MOp6a,0.99,571.2533205067815,66430754,0.4670016750418761,172,92,166,66234,Motor
1568,0.0130756056701076,<HDF5 object reference>,1456,1569,1568,0.4306864032756199,MOp6a,0.99,571.3906868777179,66774371,0.5494137353433837,172,92,166,5858,Motor
1569,0.0002898260316784,<HDF5 object reference>,1456,1570,1569,0.0315028795619103,MOp6a,0.99,571.4380201091495,66834083,0.4532663316582916,172,92,166,59712,Motor
1573,0.0181299927625885,<HDF5 object reference>,1460,1574,1573,0.0099519389479898,MOp6a,0.99,573.2236829315392,66959406,0.7279731993299832,172,91,165,92809,Motor
1574,0.0003105352653134,<HDF5 object reference>,1460,1575,1574,0.0006600320850673,MOp6a,0.99,573.271082829494,67026327,0.6318257956448912,172,91,165,66921,Motor
1576,0.0004053369602187,<HDF5 object reference>,1462,1577,1576,0.0010631882900152,MOp6a,0.99,573.6567153326157,67403049,0.4670016750418761,171,90,164,117903,Motor
1577,0.0158266028903913,<HDF5 object reference>,1463,1578,1577,0.1102948421512678,MOp6a,0.99,573.7914150426265,67540991,0.4807370184254607,171,89,164,137942,Motor
1579,0.0210380698150505,<HDF5 object reference>,1467,1580,1579,0.1991027079757724,MOp5,0.99,574.0146478953714,67577201,0.5494137353433836,170,88,164,35939,Motor
1583,0.0003064219417635,<HDF5 object reference>,1466,1584,1583,0.0059631581162547,MOp5,0.99,575.0616123080731,67987678,0.4944723618090452,171,89,164,127898,Motor
1584,0.0001204139057315,<HDF5 object reference>,1468,1585,1584,0.0678320615599538,MOp5,0.99,575.1669454146394,68021338,0.5631490787269682,170,88,164,33660,Motor
1585,0.0003203845641087,<HDF5 object reference>,1467,1586,1585,0.0100993694618462,MOp5,0.99,575.2690785280947,68116591,0.5082077051926297,170,88,164,95253,Motor
1587,0.0001842364779719,<HDF5 object reference>,1468,1588,1587,0.0,MOp5,0.99,575.3494450217438,68169335,0.5494137353433837,170,88,164,50771,Motor
1588,0.0102652300119419,<HDF5 object reference>,1468,1589,1588,0.0610195862097949,MOp5,0.99,575.580511190958,68247461,0.5219430485762143,170,88,164,78126,Motor
1590,0.0012955491120378,<HDF5 object reference>,1469,1591,1590,0.039632941659285,MOp5,0.99,576.2621097235736,68307423,0.5082077051926298,170,88,163,59207,Motor
1592,0.0001285952422469,<HDF5 object reference>,1471,1593,1592,0.0012286789871259,MOp5,0.99,577.1518078081808,68406170,0.4944723618090451,170,87,163,98097,Motor
1593,0.0672717829010848,<HDF5 object reference>,1471,1594,1593,0.0069682479865577,MOp5,0.99,578.0212392697524,68567030,0.5219430485762143,170,87,163,160860,Motor
1594,5.352061452946618e-05,<HDF5 object reference>,1471,1595,1594,0.0,MOp5,0.99,578.6708045379978,68611571,0.7142378559463987,170,87,163,44541,Motor
1596,0.0001416170108583,<HDF5 object reference>,1472,1597,1596,0.0,MOp5,0.99,579.6418691141012,68738741,0.5219430485762143,170,86,163,110376,Motor
1598,5.9760934046936026e-05,<HDF5 object reference>,1475,1599,1598,0.0013508107472949,MOp5,0.99,579.8188020665231,68819881,0.4807370184254607,169,85,162,81023,Motor
1599,0.0389068964750306,<HDF5 object reference>,1471,1600,1599,0.0390436182752552,MOp5,0.99,581.6884980413347,68920226,0.5631490787269682,170,87,163,100345,Motor
1600,0.063857047896285,<HDF5 object reference>,1476,1601,1600,0.0,MOp5,0.85,582.9888285752421,68920399,0.5768844221105527,169,85,162,173,Motor
1601,0.0096388406826445,<HDF5 object reference>,1478,1602,1601,0.0342828582125122,MOp5,0.99,583.9364265351991,68936482,0.5768844221105526,169,84,162,16083,Motor
1602,0.0367229126956873,<HDF5 object reference>,1474,1603,1602,0.0293775085959932,MOp5,0.99,583.9631264777179,69005250,0.5494137353433837,170,86,163,68768,Motor
1604,0.0004054344270076,<HDF5 object reference>,1478,1605,1604,0.0,MOp5,0.99,584.3719255976318,69059562,0.6318257956448912,169,84,162,34803,Motor
1608,0.0080469168763367,<HDF5 object reference>,1476,1609,1608,0.0601639670102566,MOp5,0.99,585.0419241552206,69168954,0.6318257956448909,169,85,162,21028,Motor
1609,0.0027039306756694,<HDF5 object reference>,1480,1610,1609,0.0166965816395733,MOp5,0.99,585.1213573175457,69198706,0.6455611390284757,169,83,161,29752,Motor
1610,0.0215194790565731,<HDF5 object reference>,1483,1611,1610,0.1935690039414524,MOp5,0.99,585.528723107212,69216182,0.6455611390284756,168,82,161,17476,Motor
1611,0.018183015120411,<HDF5 object reference>,1483,1612,1611,0.0902163384976634,MOp5,0.99,585.7042227293864,69254580,0.6180904522613065,168,82,161,38398,Motor
1617,0.0010139828178734,<HDF5 object reference>,1490,1618,1617,0.0,MOp5,0.99,587.3955857547901,69527620,0.5082077051926298,168,80,159,6633,Motor
1618,0.009071185741373,<HDF5 object reference>,1491,1619,1618,0.0,MOp5,0.99,587.633518575888,69530745,0.5219430485762143,167,79,159,3125,Motor
1620,0.0020380937610521,<HDF5 object reference>,1491,1621,1620,0.1449434916782269,MOp5,0.99,588.0797176152852,69557774,0.5356783919597988,167,79,159,16898,Motor
1621,0.0029019492604495,<HDF5 object reference>,1491,1622,1621,0.2160770270094042,MOp5,0.96,588.3461837082884,69579021,0.7554438860971523,167,79,159,21247,Motor
1622,0.002095659085343,<HDF5 object reference>,1494,1623,1622,0.0,MOp5,0.99,588.4525168127018,69587173,0.6318257956448912,167,78,159,8152,Motor
1625,0.0093444516576889,<HDF5 object reference>,1501,1626,1625,0.0,MOp5,0.79,588.9591490553282,69607509,0.6180904522613064,166,76,157,440,Motor
1626,0.0010040611142911,<HDF5 object reference>,1496,1627,1626,0.0,MOp5,0.99,589.0140156038751,69620520,0.5768844221105526,167,78,158,13011,Motor
1628,0.0014771513786858,<HDF5 object reference>,1497,1629,1628,0.2035222963505882,MOp5,0.99,589.4541813229279,69652509,0.604355108877722,167,77,158,3811,Motor
1629,0.0016266033639642,<HDF5 object reference>,1497,1630,1629,0.1920770899207564,MOp5,0.99,589.504814547255,69681602,0.7005025125628142,167,77,158,29093,Motor
1633,1.9786109183505427e-05,<HDF5 object reference>,1501,1634,1633,0.0691195343159901,MOp5,0.99,592.9700737537136,69885183,0.6730318257956449,166,76,157,13079,Motor
1645,0.02469154852835,<HDF5 object reference>,1507,1646,1645,0.1469694343074261,MOp2/3,0.99,594.2850709227125,70250478,0.5219430485762143,165,74,157,29748,Motor
1648,0.0181768952842655,<HDF5 object reference>,1508,1649,1648,0.1460719040737272,MOp2/3,0.99,595.4517684109795,70407969,0.6592964824120603,165,73,156,25447,Motor
1650,0.0002411766281557,<HDF5 object reference>,1511,1651,1650,0.0,MOp2/3,0.84,595.9831339336921,70414831,0.6180904522613065,165,72,156,1073,Motor
1657,0.0458408175564853,<HDF5 object reference>,1192,1658,1657,0.2227009239541241,STR,0.99,597.7839627347744,70517723,0.5768844221105527,205,191,216,8924,STR
1659,0.0026878571477503,<HDF5 object reference>,1193,1660,1659,0.1042054655809833,STR,0.99,598.082461963621,70543004,0.4944723618090452,205,190,216,19928,STR
1660,0.0680105548561159,<HDF5 object reference>,1196,1661,1660,0.0,LSv,0.94,598.1269951819056,70543625,0.4120603015075376,204,190,216,621,STR
1661,0.0521371612338295,<HDF5 object reference>,1212,1662,1661,0.0195510763816527,LSr,0.99,598.1592284319664,70561014,0.5631490787269682,202,183,213,17389,STR
1667,0.0422372682129975,<HDF5 object reference>,1216,1668,1667,0.17345695016298,LSr,0.99,598.7282602952428,70612063,0.4670016750418761,202,181,212,5838,STR
1669,0.0073206556245378,<HDF5 object reference>,1220,1670,1669,0.103236669055134,LSr,0.99,598.7605268785508,70636647,0.604355108877722,201,180,211,20724,STR
1670,0.0142521933120549,<HDF5 object reference>,1223,1671,1670,0.0,LSr,0.99,598.7691935228278,70662170,0.5494137353433834,201,179,211,25523,STR
1671,0.023305054281711,<HDF5 object reference>,1225,1672,1671,0.0,LSr,0.93,598.7865268113817,70663339,0.2747068676716918,201,178,210,1169,STR
1672,0.0345115510106046,<HDF5 object reference>,1227,1673,1672,0.1594286572505285,LSr,0.99,598.7994601113027,70670797,0.5494137353433837,201,177,210,7458,STR
1673,0.0081806676462266,<HDF5 object reference>,1227,1674,1673,0.0,LSr,0.99,598.8105600826266,70673464,0.3159128978224456,201,177,210,2667,STR
1675,0.0068111177277527,<HDF5 object reference>,1235,1676,1675,0.0,LSr,0.99,598.8403933388877,70719118,0.4944723618090451,200,174,209,3669,STR
1678,0.0082056393073778,<HDF5 object reference>,1239,1679,1678,0.0700533481721565,LSr,0.99,598.9879596243263,70743055,0.5768844221105527,199,173,208,22502,STR
1681,0.0216938699902784,<HDF5 object reference>,1247,1682,1681,0.1747719686813382,LSr,0.99,599.2695922300801,70827837,0.5494137353433834,198,170,206,19723,STR
1683,0.0101195831516128,<HDF5 object reference>,1255,1684,1683,0.023275137436166,LSr,0.99,599.7538576456784,70871885,0.4807370184254607,197,167,205,43646,STR
1685,0.0122733877206169,<HDF5 object reference>,1274,1686,1685,0.0,LSr,0.93,600.606122110575,70876446,0.6455611390284756,195,160,201,893,STR
1686,0.0047975271819205,<HDF5 object reference>,1302,1687,1686,0.0,STR,0.77,601.12015411594,70877662,0.6867671691792293,191,149,195,1216,STR
1688,0.0185747989148416,<HDF5 object reference>,1306,1689,1688,0.2805417222392781,VL,0.99,601.2311204959321,70905846,0.6867671691792293,190,148,194,27923,Other
1690,0.0440452195281523,<HDF5 object reference>,1316,1691,1690,0.3311817988978271,CP,0.99,601.3931534106639,70910222,0.6455611390284757,189,145,193,4225,STR
1692,0.040318652037769,<HDF5 object reference>,1321,1693,1692,0.0,CP,0.63,602.2808177841072,70915363,0.5631490787269681,189,143,192,738,STR
1700,0.0641284909545729,<HDF5 object reference>,1332,1701,1700,0.0,CP,0.47,604.3439791207301,70933675,0.5219430485762143,187,139,190,96,STR
1703,0.0004120740796355,<HDF5 object reference>,1337,1704,1703,0.0,CP,0.72,604.4587454909052,70953265,0.6592964824120603,187,137,189,628,STR
1719,0.0516819757635808,<HDF5 object reference>,1416,1720,1719,0.0,ccg,0.72,609.62153215318,71070307,0.6180904522613065,177,107,173,551,Other
1720,0.0098403692277903,<HDF5 object reference>,1418,1721,1720,0.0,cing,0.98,609.6545654011742,71072526,0.6592964824120603,176,106,174,2219,Other
1721,0.0032565925883487,<HDF5 object reference>,1420,1722,1721,0.0783011503045289,cing,0.99,609.7059319351387,71087576,0.5356783919597988,176,105,173,15050,Other
1723,0.0170641693417967,<HDF5 object reference>,1423,1724,1723,0.0,MOs6b,0.99,610.2268972559252,71091663,0.5219430485762143,176,105,172,3774,Motor
1726,0.0159627517474437,<HDF5 object reference>,1429,1727,1726,0.1193442053850016,MOs6a,0.99,610.780029160278,71148906,0.4944723618090451,175,102,171,47475,Motor
1727,0.0002998638725505,<HDF5 object reference>,1428,1728,1727,0.0,MOs6a,0.74,610.8301623640955,71149769,0.5631490787269682,176,103,171,863,Motor
1730,0.0006686886873671,<HDF5 object reference>,1430,1731,1730,0.0,MOs6a,0.83,610.9010955141777,71152044,0.4944723618090452,175,102,170,387,Motor
1731,4.793156547714182e-05,<HDF5 object reference>,1432,1732,1731,0.0,MOs6a,0.99,610.9630953540051,71157443,0.6592964824120603,175,101,170,5399,Motor
1732,0.0039063520067923,<HDF5 object reference>,1433,1733,1732,0.3889865956568563,MOp6a,0.99,611.2518946079109,71163608,0.5356783919597988,174,101,171,6165,Motor
1733,0.0047865657175794,<HDF5 object reference>,1435,1734,1733,0.0713669553169315,MOp6a,0.99,611.882992977509,71217453,0.5494137353433837,174,100,170,53845,Motor
1734,0.0539678413871899,<HDF5 object reference>,1436,1735,1734,0.129546256338622,MOs6a,0.99,611.9095929087898,71236560,0.6318257956448909,174,100,170,19107,Motor
1735,0.0392712232539668,<HDF5 object reference>,1436,1736,1735,0.0600097586881355,MOs6a,0.99,611.9280928609965,71282044,0.5356783919597988,174,100,170,45484,Motor
1736,0.0037641049999078,<HDF5 object reference>,1434,1737,1736,0.0,MOp6a,0.98,611.9432261552339,71284814,0.4807370184254607,174,101,170,2770,Motor
1737,0.0179841160381975,<HDF5 object reference>,1442,1738,1737,0.0679864252479414,MOp6a,0.99,611.9590927809102,71294139,0.5631490787269682,174,97,168,9325,Motor
1738,0.009220367393886,<HDF5 object reference>,1444,1739,1738,0.0314020864595901,MOp6a,0.99,611.9885260382046,71348158,0.5219430485762143,174,97,168,54019,Motor
1739,0.0223334738358599,<HDF5 object reference>,1448,1740,1739,0.0265124295538172,MOp6a,0.99,612.0572591939703,71395379,0.4532663316582916,173,95,167,47221,Motor
1741,0.0663014231143953,<HDF5 object reference>,1458,1742,1741,0.1436213302331809,MOp6a,0.77,612.1828255362444,71423840,0.5768844221105527,172,91,165,26453,Motor
1742,0.0500816934847854,<HDF5 object reference>,1463,1743,1742,0.0,MOp6a,0.41,612.2324587413535,71423945,0.4257956448911221,171,89,164,105,Motor
1743,5.41839451446964e-05,<HDF5 object reference>,1464,1744,1743,0.0,MOp6a,0.99,612.6297243817102,71428721,0.5219430485762143,171,89,164,4776,Motor
1744,0.0008886154966013,<HDF5 object reference>,1464,1745,1744,0.0273846657519892,MOp6a,0.99,613.155156357624,71446716,0.4944723618090452,171,89,164,17995,Motor
1745,0.0015888787001215,<HDF5 object reference>,1464,1746,1745,0.0,MOp6a,0.75,613.5824219204777,71446879,1.5246231155778895,171,89,164,163,Motor
1747,0.0542626870599302,<HDF5 object reference>,1468,1748,1747,0.0560674590469989,MOp5,0.99,614.8265520396815,71510809,0.5631490787269682,170,88,164,63714,Motor
1748,0.033994379708571,<HDF5 object reference>,1468,1749,1748,0.058713018213503,MOp5,0.99,614.9042851721963,71573474,0.4944723618090452,170,88,164,62665,Motor
1749,0.0282393415649147,<HDF5 object reference>,1468,1750,1749,0.0458945078112969,MOp5,0.99,614.9538183775637,71615175,0.5219430485762143,170,88,164,41701,Motor
1750,0.0335877604217412,<HDF5 object reference>,1466,1751,1750,0.0381808302873696,MOp5,0.99,615.4274504872992,71686113,0.5631490787269682,171,89,164,70938,Motor
1751,0.0170624684276445,<HDF5 object reference>,1472,1752,1751,0.012991426608514,MOp5,0.99,615.4889169951712,71701197,0.5494137353433834,170,86,163,15084,Motor
1752,0.0015949621698909,<HDF5 object reference>,1476,1753,1752,0.0127753956516035,MOp5,0.99,615.4904503245432,71716408,0.5906197654941373,169,85,162,15211,Motor
1754,0.0067502070836837,<HDF5 object reference>,1478,1755,1754,0.0349004914477829,MOp5,0.99,615.649149914553,71729593,0.5768844221105527,169,84,162,13015,Motor
1756,0.0021956925075836,<HDF5 object reference>,1479,1757,1756,0.0539981465497679,MOp5,0.99,616.2105484642162,71758991,0.7142378559463987,169,84,162,16544,Motor
1758,0.000308939728509,<HDF5 object reference>,1480,1759,1758,0.0587584146735133,MOp5,0.99,616.3518147659306,71781659,0.6318257956448912,169,83,161,22429,Motor
1759,0.0009257357456342,<HDF5 object reference>,1483,1760,1759,0.0669730074655048,MOp5,0.99,616.4084812862029,71823676,0.6730318257956448,168,82,161,42017,Motor
1763,0.0046576700297894,<HDF5 object reference>,1493,1764,1763,0.0,MOp5,0.99,616.4862144187177,71896634,0.5494137353433837,167,79,159,4239,Motor
1765,0.0010071888407826,<HDF5 object reference>,1497,1766,1765,0.0,MOp5,0.99,616.5260143158973,71902338,0.5906197654941373,167,77,158,3295,Motor
1766,0.00270758954723,<HDF5 object reference>,1503,1767,1766,0.0,MOp5,0.91,616.5373142867046,71903832,0.6043551088777218,166,75,157,1494,Motor
1768,0.0088086756244834,<HDF5 object reference>,1508,1769,1768,0.410453528270905,MOp2/3,0.99,616.569180871046,71914254,0.6180904522613065,165,73,156,10041,Motor
1770,0.0001205883140778,<HDF5 object reference>,1511,1771,1770,0.0,MOp2/3,0.98,616.678747254655,71918948,0.6867671691792293,165,72,156,2146,Motor
1771,0.0005292076114746,<HDF5 object reference>,1235,1772,1771,0.0,LSr,0.99,616.7856803117337,71919437,0.4944723618090452,200,174,209,489,STR
1772,0.0201436850501439,<HDF5 object reference>,1235,1773,1772,0.0148679696668943,LSr,0.99,616.8228802156301,71947637,0.5082077051926298,200,174,209,28200,STR
1775,0.0260237664477628,<HDF5 object reference>,1246,1776,1775,0.3491244047693528,LSr,0.99,616.908846660208,71967398,0.5494137353433836,198,170,206,8230,STR
1777,0.0150846664671821,<HDF5 object reference>,1323,1778,1777,0.0,CP,0.63,616.9256466168065,71968599,0.7005025125628139,188,142,191,509,STR
1781,0.017056154034008,<HDF5 object reference>,1416,1782,1781,0.0,ccg,0.84,618.8782415724038,71973990,0.6455611390284757,177,107,173,1444,Other
1783,0.0187220328238066,<HDF5 object reference>,1423,1784,1783,0.0,MOs6b,0.99,621.1577690167255,71980485,0.6318257956448912,176,105,172,3951,Motor
1786,0.0143574337433996,<HDF5 object reference>,1442,1787,1786,0.0,MOp6a,0.97,621.8460339053045,71986609,0.4807370184254606,174,97,168,1369,Motor
1787,0.0318816715576303,<HDF5 object reference>,1476,1788,1787,0.1271678468045902,MOp5,0.99,622.0715999892357,72026657,0.6180904522613064,169,85,162,40048,Motor
1789,0.0002865808660144,<HDF5 object reference>,1275,1790,1789,0.0,LSr,0.97,622.2463662044051,72027794,0.6180904522613064,195,159,201,903,STR
1791,0.0011491021128754,<HDF5 object reference>,1214,1792,1791,0.0,LSr,0.99,623.117997285936,72035132,0.5631490787269682,202,182,213,3821,STR
1792,0.0051968280567518,<HDF5 object reference>,1241,1793,1792,0.0,LSr,0.99,623.1614638403097,72039351,0.6455611390284757,199,172,207,4219,STR
1793,0.0392355509268287,<HDF5 object reference>,1303,1794,1793,0.0,STR,0.53,623.1647304985371,72039660,0.6867671691792295,191,149,195,309,STR
1794,0.0296972422850742,<HDF5 object reference>,1320,1795,1794,0.0,CP,0.73,623.2317636586946,72040144,0.6592964824120603,189,143,192,484,STR
1795,0.0851663522268491,<HDF5 object reference>,1324,1796,1795,0.0,CP,0.58,623.2490636140013,72040849,0.5906197654941374,188,142,191,705,STR
1796,0.0013620132737427,<HDF5 object reference>,1324,1797,1796,0.0,CP,0.36,623.2883301792253,72041039,0.6318257956448909,188,142,191,190,STR
1797,2.7946276675064383e-05,<HDF5 object reference>,1325,1798,1797,0.0,CP,0.94,623.3334967292071,72050299,0.6318257956448912,188,141,191,9260,STR
1801,4.742212241361854e-05,<HDF5 object reference>,1428,1802,1801,0.0,MOs6a,0.99,623.6672958668587,72081521,0.5631490787269682,176,103,171,5457,Motor
1802,0.0004467264396589,<HDF5 object reference>,1462,1803,1802,0.0063973812474462,MOp6a,0.99,626.759521211628,72164772,0.4807370184254607,171,90,164,83251,Motor
1803,3.740172308297336e-05,<HDF5 object reference>,1512,1804,1803,0.0,MOp2/3,0.99,626.9091874916415,72171691,0.6867671691792293,165,72,156,6919,Motor
1807,0.0112262339978235,<HDF5 object reference>,1492,1808,1807,0.4354193615825905,MOp5,0.99,627.3274864216462,72179306,0.4944723618090452,167,79,159,5211,Motor
1808,0.0008456945163761,<HDF5 object reference>,1320,1809,1808,0.0,CP,0.34,627.4292528363601,72179612,0.604355108877722,189,143,192,306,STR
